time,symbol,weight
2025-02-24,HDFCBANK.NS,1.2244675159454346
2025-02-25,HDFCBANK.NS,-1.494273066520691
2025-02-27,HDFCBANK.NS,-0.024746250361204147
2025-02-28,HDFCBANK.NS,0.5875142216682434
2025-03-03,HDFCBANK.NS,0.10447854548692703
2025-03-04,HDFCBANK.NS,2.342573881149292
2025-03-05,HDFCBANK.NS,1.7487419843673706
2025-03-06,HDFCBANK.NS,2.2135159969329834
2025-03-07,HDFCBANK.NS,1.6849921941757202
2025-03-10,HDFCBANK.NS,0.4710516035556793
2025-03-11,HDFCBANK.NS,0.31228768825531006
2025-03-12,HDFCBANK.NS,0.8501805663108826
2025-03-13,HDFCBANK.NS,-4.1743035316467285
2025-03-17,HDFCBANK.NS,0.3221737742424011
2025-03-18,HDFCBANK.NS,2.1920111179351807
2025-03-19,HDFCBANK.NS,1.4980049133300781
2025-03-20,HDFCBANK.NS,-6.393540859222412
2025-03-21,HDFCBANK.NS,1.9694405794143677
2025-03-24,HDFCBANK.NS,4.227231025695801
2025-03-25,HDFCBANK.NS,4.547465801239014
2025-03-26,HDFCBANK.NS,5.0327653884887695
2025-03-27,HDFCBANK.NS,4.006534576416016
2025-03-28,HDFCBANK.NS,4.25886344909668
2025-04-01,HDFCBANK.NS,4.635619163513184
2025-04-02,HDFCBANK.NS,2.244649648666382
2025-04-03,HDFCBANK.NS,-6.415078163146973
2025-04-04,HDFCBANK.NS,-5.659852027893066
2025-04-07,HDFCBANK.NS,2.253788709640503
2025-04-08,HDFCBANK.NS,-0.11843669414520264
2025-04-09,HDFCBANK.NS,-4.427043914794922
2025-04-11,HDFCBANK.NS,-4.874927520751953
2025-04-15,HDFCBANK.NS,-6.086890697479248
2025-04-16,HDFCBANK.NS,-5.5152668952941895
2025-04-17,HDFCBANK.NS,4.226874351501465
2025-04-21,HDFCBANK.NS,-2.075411319732666
2025-04-22,HDFCBANK.NS,-4.646411418914795
2025-04-23,HDFCBANK.NS,5.088064193725586
2025-04-24,HDFCBANK.NS,5.696010112762451
2025-04-25,HDFCBANK.NS,5.604101657867432
2025-04-28,HDFCBANK.NS,-1.4708385467529297
2025-04-29,HDFCBANK.NS,-3.6692070960998535
2025-04-30,HDFCBANK.NS,-1.2949435710906982
2025-05-02,HDFCBANK.NS,1.4688798189163208
2025-05-05,HDFCBANK.NS,-4.610963821411133
2025-05-06,HDFCBANK.NS,-6.003845691680908
2025-05-07,HDFCBANK.NS,-5.005185127258301
2025-05-08,HDFCBANK.NS,-3.9343276023864746
2025-05-09,HDFCBANK.NS,-0.5111300945281982
2025-05-12,HDFCBANK.NS,-0.9177790284156799
2025-05-13,HDFCBANK.NS,-5.446846961975098
2025-05-14,HDFCBANK.NS,1.8884834051132202
2025-05-15,HDFCBANK.NS,3.8679795265197754
2025-05-16,HDFCBANK.NS,-5.260108470916748
2025-05-19,HDFCBANK.NS,-4.490843296051025
2025-05-20,HDFCBANK.NS,1.9413352012634277
2025-05-21,HDFCBANK.NS,3.463430166244507
2025-05-22,HDFCBANK.NS,2.038365602493286
2025-05-23,HDFCBANK.NS,-2.862135648727417
2025-05-26,HDFCBANK.NS,-5.372806072235107
2025-05-27,HDFCBANK.NS,1.6038774251937866
2025-05-28,HDFCBANK.NS,3.556572437286377
2025-05-29,HDFCBANK.NS,-4.858752250671387
2025-05-30,HDFCBANK.NS,-5.569791316986084
2025-06-02,HDFCBANK.NS,-2.0026321411132812
2025-06-03,HDFCBANK.NS,2.6126670837402344
2025-06-04,HDFCBANK.NS,3.0976834297180176
2025-06-05,HDFCBANK.NS,-6.31599235534668
2025-06-06,HDFCBANK.NS,-5.958400726318359
2025-06-09,HDFCBANK.NS,-2.745859146118164
2025-06-10,HDFCBANK.NS,6.025693416595459
2025-06-11,HDFCBANK.NS,5.93936014175415
2025-06-12,HDFCBANK.NS,-4.835661888122559
2025-06-13,HDFCBANK.NS,-4.149799823760986
2025-06-16,HDFCBANK.NS,2.0823256969451904
2025-06-17,HDFCBANK.NS,-2.7456865310668945
2025-06-18,HDFCBANK.NS,-6.89666223526001
2025-06-19,HDFCBANK.NS,-6.022087574005127
2025-06-20,HDFCBANK.NS,-5.544955253601074
2025-06-23,HDFCBANK.NS,-6.450932025909424
2025-06-24,HDFCBANK.NS,-0.4547337293624878
2025-06-25,HDFCBANK.NS,-5.304464340209961
2025-06-26,HDFCBANK.NS,-6.144996643066406
2025-06-27,HDFCBANK.NS,-1.5377095937728882
2025-02-24,RELIANCE.NS,1.759401798248291
2025-02-25,RELIANCE.NS,1.7560534477233887
2025-02-27,RELIANCE.NS,1.4315656423568726
2025-02-28,RELIANCE.NS,1.154763102531433
2025-03-03,RELIANCE.NS,1.233710527420044
2025-03-04,RELIANCE.NS,1.2803831100463867
2025-03-05,RELIANCE.NS,0.9612395167350769
2025-03-06,RELIANCE.NS,0.5243039131164551
2025-03-07,RELIANCE.NS,-0.07144366949796677
2025-03-10,RELIANCE.NS,0.9668283462524414
2025-03-11,RELIANCE.NS,2.1321873664855957
2025-03-12,RELIANCE.NS,2.2086181640625
2025-03-13,RELIANCE.NS,1.8191970586776733
2025-03-17,RELIANCE.NS,2.1159701347351074
2025-03-18,RELIANCE.NS,2.0412752628326416
2025-03-19,RELIANCE.NS,1.4088082313537598
2025-03-20,RELIANCE.NS,0.6077601313591003
2025-03-21,RELIANCE.NS,-0.26298195123672485
2025-03-24,RELIANCE.NS,1.6445326805114746
2025-03-25,RELIANCE.NS,3.577744483947754
2025-03-26,RELIANCE.NS,4.761469841003418
2025-03-27,RELIANCE.NS,-2.3902275562286377
2025-03-28,RELIANCE.NS,3.551971197128296
2025-04-01,RELIANCE.NS,4.235955238342285
2025-04-02,RELIANCE.NS,3.5172572135925293
2025-04-03,RELIANCE.NS,2.5397536754608154
2025-04-04,RELIANCE.NS,1.9074831008911133
2025-04-07,RELIANCE.NS,2.091282844543457
2025-04-08,RELIANCE.NS,1.9040296077728271
2025-04-09,RELIANCE.NS,0.26486384868621826
2025-04-11,RELIANCE.NS,1.232978105545044
2025-04-15,RELIANCE.NS,1.393005132675171
2025-04-16,RELIANCE.NS,2.1685752868652344
2025-04-17,RELIANCE.NS,2.8111212253570557
2025-04-21,RELIANCE.NS,3.1516008377075195
2025-04-22,RELIANCE.NS,2.5539166927337646
2025-04-23,RELIANCE.NS,2.5541162490844727
2025-04-24,RELIANCE.NS,2.3492140769958496
2025-04-25,RELIANCE.NS,1.5298165082931519
2025-04-28,RELIANCE.NS,1.7427815198898315
2025-04-29,RELIANCE.NS,1.9129704236984253
2025-04-30,RELIANCE.NS,2.065659284591675
2025-05-02,RELIANCE.NS,3.3369367122650146
2025-05-05,RELIANCE.NS,-1.1027629375457764
2025-05-06,RELIANCE.NS,-0.8191542625427246
2025-05-07,RELIANCE.NS,4.916855812072754
2025-05-08,RELIANCE.NS,3.09505033493042
2025-05-09,RELIANCE.NS,3.3587629795074463
2025-05-12,RELIANCE.NS,4.031664848327637
2025-05-13,RELIANCE.NS,-1.1567530632019043
2025-05-14,RELIANCE.NS,4.769898891448975
2025-05-15,RELIANCE.NS,5.305558204650879
2025-05-16,RELIANCE.NS,-0.7262799739837646
2025-05-19,RELIANCE.NS,1.1524279117584229
2025-05-20,RELIANCE.NS,5.019629955291748
2025-05-21,RELIANCE.NS,4.911993026733398
2025-05-22,RELIANCE.NS,4.410466194152832
2025-05-23,RELIANCE.NS,4.575512409210205
2025-05-26,RELIANCE.NS,1.3564800024032593
2025-05-27,RELIANCE.NS,3.0425596237182617
2025-05-28,RELIANCE.NS,4.265629291534424
2025-05-29,RELIANCE.NS,3.2166213989257812
2025-05-30,RELIANCE.NS,0.19276753067970276
2025-06-02,RELIANCE.NS,2.1460888385772705
2025-06-03,RELIANCE.NS,2.758258104324341
2025-06-04,RELIANCE.NS,2.609989881515503
2025-06-05,RELIANCE.NS,-0.31983426213264465
2025-06-06,RELIANCE.NS,-3.9316353797912598
2025-06-09,RELIANCE.NS,4.060384273529053
2025-06-10,RELIANCE.NS,4.037269115447998
2025-06-11,RELIANCE.NS,5.044198513031006
2025-06-12,RELIANCE.NS,2.1985960006713867
2025-06-13,RELIANCE.NS,3.462672710418701
2025-06-16,RELIANCE.NS,2.9838058948516846
2025-06-17,RELIANCE.NS,2.388521194458008
2025-06-18,RELIANCE.NS,-2.0329020023345947
2025-06-19,RELIANCE.NS,-1.054932951927185
2025-06-20,RELIANCE.NS,-3.230698823928833
2025-06-23,RELIANCE.NS,-5.253577709197998
2025-06-24,RELIANCE.NS,-3.5234241485595703
2025-06-25,RELIANCE.NS,-1.3721686601638794
2025-06-26,RELIANCE.NS,-5.044806957244873
2025-06-27,RELIANCE.NS,-3.8261775970458984
2025-02-24,INFY.NS,0.9776448011398315
2025-02-25,INFY.NS,1.326762080192566
2025-02-27,INFY.NS,1.1073153018951416
2025-02-28,INFY.NS,1.130746603012085
2025-03-03,INFY.NS,1.227036952972412
2025-03-04,INFY.NS,0.8265235424041748
2025-03-05,INFY.NS,0.9371334314346313
2025-03-06,INFY.NS,0.827608585357666
2025-03-07,INFY.NS,0.6865128874778748
2025-03-10,INFY.NS,0.7686167359352112
2025-03-11,INFY.NS,0.8124071359634399
2025-03-12,INFY.NS,0.46221861243247986
2025-03-13,INFY.NS,0.6463033556938171
2025-03-17,INFY.NS,0.6642559766769409
2025-03-18,INFY.NS,0.2746860384941101
2025-03-19,INFY.NS,0.38806071877479553
2025-03-20,INFY.NS,0.5531173944473267
2025-03-21,INFY.NS,0.26087963581085205
2025-03-24,INFY.NS,0.5760611295700073
2025-03-25,INFY.NS,0.4529145359992981
2025-03-26,INFY.NS,0.2336382418870926
2025-03-27,INFY.NS,0.6370509266853333
2025-03-28,INFY.NS,0.39571115374565125
2025-04-01,INFY.NS,0.369345486164093
2025-04-02,INFY.NS,0.5080387592315674
2025-04-03,INFY.NS,0.11612950265407562
2025-04-04,INFY.NS,0.31237635016441345
2025-04-07,INFY.NS,0.5208789706230164
2025-04-08,INFY.NS,0.23973976075649261
2025-04-09,INFY.NS,-0.17027391493320465
2025-04-11,INFY.NS,0.35840725898742676
2025-04-15,INFY.NS,0.4994693100452423
2025-04-16,INFY.NS,0.2999287247657776
2025-04-17,INFY.NS,0.36675381660461426
2025-04-21,INFY.NS,0.2393355369567871
2025-04-22,INFY.NS,0.3947431147098541
2025-04-23,INFY.NS,0.666784942150116
2025-04-24,INFY.NS,0.14071816205978394
2025-04-25,INFY.NS,0.270302414894104
2025-04-28,INFY.NS,0.5611882209777832
2025-04-29,INFY.NS,0.6172569394111633
2025-04-30,INFY.NS,0.4918094873428345
2025-05-02,INFY.NS,0.749985933303833
2025-05-05,INFY.NS,0.6807159185409546
2025-05-06,INFY.NS,0.6181194186210632
2025-05-07,INFY.NS,0.6692010164260864
2025-05-08,INFY.NS,0.5106529593467712
2025-05-09,INFY.NS,0.39407020807266235
2025-05-12,INFY.NS,0.272254079580307
2025-05-13,INFY.NS,-0.9373898506164551
2025-05-14,INFY.NS,1.349544644355774
2025-05-15,INFY.NS,1.6393115520477295
2025-05-16,INFY.NS,1.0972912311553955
2025-05-19,INFY.NS,1.8720965385437012
2025-05-20,INFY.NS,2.037755250930786
2025-05-21,INFY.NS,1.7904871702194214
2025-05-22,INFY.NS,1.7349538803100586
2025-05-23,INFY.NS,2.0852253437042236
2025-05-26,INFY.NS,2.0951850414276123
2025-05-27,INFY.NS,2.2609472274780273
2025-05-28,INFY.NS,2.8906004428863525
2025-05-29,INFY.NS,2.1521852016448975
2025-05-30,INFY.NS,2.5858147144317627
2025-06-02,INFY.NS,2.4495997428894043
2025-06-03,INFY.NS,2.1087379455566406
2025-06-04,INFY.NS,1.9323352575302124
2025-06-05,INFY.NS,1.9043391942977905
2025-06-06,INFY.NS,2.066255569458008
2025-06-09,INFY.NS,2.079277276992798
2025-06-10,INFY.NS,2.965769052505493
2025-06-11,INFY.NS,4.009693145751953
2025-06-12,INFY.NS,4.058585166931152
2025-06-13,INFY.NS,3.6612071990966797
2025-06-16,INFY.NS,3.5884978771209717
2025-06-17,INFY.NS,2.9328300952911377
2025-06-18,INFY.NS,2.021751880645752
2025-06-19,INFY.NS,3.05260968208313
2025-06-20,INFY.NS,3.6400132179260254
2025-06-23,INFY.NS,3.784869432449341
2025-06-24,INFY.NS,4.153316974639893
2025-06-25,INFY.NS,3.717926502227783
2025-06-26,INFY.NS,-0.386039137840271
2025-06-27,INFY.NS,0.46330881118774414
2025-02-26,QQQ,-2.6850953102111816
2025-02-27,QQQ,-0.9967246651649475
2025-02-28,QQQ,-0.8822669386863708
2025-03-03,QQQ,-0.9414595365524292
2025-03-04,QQQ,1.1651383638381958
2025-03-05,QQQ,0.2426624894142151
2025-03-06,QQQ,0.12044508755207062
2025-03-07,QQQ,2.0940237045288086
2025-03-10,QQQ,1.6645879745483398
2025-03-11,QQQ,1.0221272706985474
2025-03-12,QQQ,1.1741795539855957
2025-03-13,QQQ,0.8770171403884888
2025-03-14,QQQ,0.901633620262146
2025-03-17,QQQ,0.4839937388896942
2025-03-18,QQQ,0.5668329000473022
2025-03-19,QQQ,0.4472680389881134
2025-03-20,QQQ,0.5688813328742981
2025-03-21,QQQ,0.5526867508888245
2025-03-24,QQQ,0.4671751856803894
2025-03-25,QQQ,0.18785740435123444
2025-03-26,QQQ,0.15724940598011017
2025-03-27,QQQ,1.3554749488830566
2025-03-28,QQQ,0.758305013179779
2025-03-31,QQQ,0.637912929058075
2025-04-01,QQQ,0.2576585114002228
2025-04-02,QQQ,-1.6617960929870605
2025-04-03,QQQ,-0.22228652238845825
2025-04-04,QQQ,0.8914991021156311
2025-04-07,QQQ,0.17974847555160522
2025-04-08,QQQ,-1.5980039834976196
2025-04-09,QQQ,-0.03800372779369354
2025-04-10,QQQ,0.13879455626010895
2025-04-11,QQQ,0.972515344619751
2025-04-14,QQQ,1.0580452680587769
2025-04-15,QQQ,0.37935078144073486
2025-04-16,QQQ,1.0003769397735596
2025-04-17,QQQ,1.2082751989364624
2025-04-21,QQQ,0.779604434967041
2025-04-22,QQQ,0.24124930799007416
2025-04-23,QQQ,0.30321577191352844
2025-04-24,QQQ,0.3883855640888214
2025-04-25,QQQ,0.7032641768455505
2025-04-28,QQQ,1.3528046607971191
2025-04-29,QQQ,0.42194604873657227
2025-04-30,QQQ,1.6097724437713623
2025-05-01,QQQ,1.916134238243103
2025-05-02,QQQ,1.9473791122436523
2025-05-05,QQQ,1.7855525016784668
2025-05-06,QQQ,1.8730725049972534
2025-05-07,QQQ,1.805856466293335
2025-05-08,QQQ,2.3143887519836426
2025-05-09,QQQ,2.917261838912964
2025-05-12,QQQ,2.420715808868408
2025-05-13,QQQ,-2.3053388595581055
2025-05-14,QQQ,-1.8931001424789429
2025-05-15,QQQ,2.6752638816833496
2025-05-16,QQQ,3.2346551418304443
2025-05-19,QQQ,3.8379900455474854
2025-05-20,QQQ,3.6058199405670166
2025-05-21,QQQ,3.797473192214966
2025-05-22,QQQ,4.023996353149414
2025-05-23,QQQ,3.8930602073669434
2025-05-27,QQQ,2.9420313835144043
2025-05-28,QQQ,1.2542263269424438
2025-05-29,QQQ,3.689741611480713
2025-05-30,QQQ,3.3867993354797363
2025-06-02,QQQ,1.5403727293014526
2025-06-03,QQQ,-0.2662304639816284
2025-06-04,QQQ,2.4712061882019043
2025-06-05,QQQ,4.1156907081604
2025-06-06,QQQ,4.305907726287842
2025-06-09,QQQ,1.6622583866119385
2025-06-10,QQQ,-0.18578599393367767
2025-06-11,QQQ,3.5764431953430176
2025-06-12,QQQ,4.337002277374268
2025-06-13,QQQ,1.6492044925689697
2025-06-16,QQQ,-0.4388480484485626
2025-06-17,QQQ,-3.207537889480591
2025-06-18,QQQ,3.097898483276367
2025-06-20,QQQ,3.774815797805786
2025-06-23,QQQ,-3.1976184844970703
2025-06-24,QQQ,-4.362473487854004
2025-06-25,QQQ,-3.967813014984131
2025-06-26,QQQ,-1.6386624574661255
2025-06-27,QQQ,-0.3983139395713806
2025-02-26,EEM,-5.837870121002197
2025-02-27,EEM,-7.403130054473877
2025-02-28,EEM,-0.15138603746891022
2025-03-03,EEM,5.615248680114746
2025-03-04,EEM,-5.34895658493042
2025-03-05,EEM,-7.513564586639404
2025-03-06,EEM,-7.831182956695557
2025-03-07,EEM,1.991026520729065
2025-03-10,EEM,4.88205099105835
2025-03-11,EEM,4.584348678588867
2025-03-12,EEM,-3.5232903957366943
2025-03-13,EEM,2.642509698867798
2025-03-14,EEM,3.579559326171875
2025-03-17,EEM,-1.8825767040252686
2025-03-18,EEM,-5.464548110961914
2025-03-19,EEM,3.824026584625244
2025-03-20,EEM,4.682279109954834
2025-03-21,EEM,5.482508659362793
2025-03-24,EEM,0.2544574439525604
2025-03-25,EEM,-6.644598960876465
2025-03-26,EEM,-3.065678596496582
2025-03-27,EEM,3.3868114948272705
2025-03-28,EEM,-6.189927101135254
2025-03-31,EEM,0.10991343855857849
2025-04-01,EEM,2.1504580974578857
2025-04-02,EEM,-7.505546569824219
2025-04-03,EEM,-5.760113716125488
2025-04-04,EEM,1.6742428541183472
2025-04-07,EEM,1.3322252035140991
2025-04-08,EEM,0.6785082817077637
2025-04-09,EEM,-0.4741794168949127
2025-04-10,EEM,-0.24704121053218842
2025-04-11,EEM,1.6402196884155273
2025-04-14,EEM,1.5942919254302979
2025-04-15,EEM,0.12232095748186111
2025-04-16,EEM,1.354986310005188
2025-04-17,EEM,1.630373239517212
2025-04-21,EEM,1.209322214126587
2025-04-22,EEM,0.5444981455802917
2025-04-23,EEM,-0.06599792093038559
2025-04-24,EEM,0.4872598648071289
2025-04-25,EEM,1.3152086734771729
2025-04-28,EEM,1.8611111640930176
2025-04-29,EEM,-1.1094385385513306
2025-04-30,EEM,0.916650116443634
2025-05-01,EEM,0.3251243829727173
2025-05-02,EEM,-2.3072686195373535
2025-05-05,EEM,-2.7412383556365967
2025-05-06,EEM,-1.1958541870117188
2025-05-07,EEM,0.7526004910469055
2025-05-08,EEM,2.5774409770965576
2025-05-09,EEM,-1.431639552116394
2025-05-12,EEM,-4.561588287353516
2025-05-13,EEM,-4.888347625732422
2025-05-14,EEM,-2.4109697341918945
2025-05-15,EEM,-1.4572052955627441
2025-05-16,EEM,-2.5740444660186768
2025-05-19,EEM,-0.4566945731639862
2025-05-20,EEM,1.6545898914337158
2025-05-21,EEM,0.8505645394325256
2025-05-22,EEM,0.4958445727825165
2025-05-23,EEM,-1.845969319343567
2025-05-27,EEM,-2.2820472717285156
2025-05-28,EEM,2.4663960933685303
2025-05-29,EEM,3.0296952724456787
2025-05-30,EEM,-3.1601104736328125
2025-06-02,EEM,2.6127102375030518
2025-06-03,EEM,-4.924117088317871
2025-06-04,EEM,-5.66825532913208
2025-06-05,EEM,-5.142549991607666
2025-06-06,EEM,-3.8001480102539062
2025-06-09,EEM,-2.740200996398926
2025-06-10,EEM,-2.7022817134857178
2025-06-11,EEM,-1.760056734085083
2025-06-12,EEM,3.7725017070770264
2025-06-13,EEM,6.084173679351807
2025-06-16,EEM,3.829488754272461
2025-06-17,EEM,-5.494350433349609
2025-06-18,EEM,-2.2781386375427246
2025-06-20,EEM,1.3897435665130615
2025-06-23,EEM,-5.75285530090332
2025-06-24,EEM,-6.286478042602539
2025-06-25,EEM,-6.337512969970703
2025-06-26,EEM,-5.597623825073242
2025-06-27,EEM,-3.649060010910034
2025-02-26,TSLA,0.16683001816272736
2025-02-27,TSLA,0.0027111328672617674
2025-02-28,TSLA,-0.11521241068840027
2025-03-03,TSLA,0.01440733578056097
2025-03-04,TSLA,0.08423770219087601
2025-03-05,TSLA,0.01631225273013115
2025-03-06,TSLA,0.014185672625899315
2025-03-07,TSLA,0.18024969100952148
2025-03-10,TSLA,0.1965806782245636
2025-03-11,TSLA,0.2055964320898056
2025-03-12,TSLA,0.1455364227294922
2025-03-13,TSLA,0.009049871005117893
2025-03-14,TSLA,0.1667906492948532
2025-03-17,TSLA,0.18361923098564148
2025-03-18,TSLA,0.16866882145404816
2025-03-19,TSLA,0.10482842475175858
2025-03-20,TSLA,-0.0010555051267147064
2025-03-21,TSLA,0.08613411337137222
2025-03-24,TSLA,0.0368490107357502
2025-03-25,TSLA,-0.22694554924964905
2025-03-26,TSLA,0.04827633500099182
2025-03-27,TSLA,0.38282400369644165
2025-03-28,TSLA,0.22834938764572144
2025-03-31,TSLA,0.17561112344264984
2025-04-01,TSLA,0.22368337213993073
2025-04-02,TSLA,-0.08253873139619827
2025-04-03,TSLA,-0.05749955773353577
2025-04-04,TSLA,0.2054595798254013
2025-04-07,TSLA,0.1313140094280243
2025-04-08,TSLA,0.050839170813560486
2025-04-09,TSLA,-0.05071135610342026
2025-04-10,TSLA,-1.300085425376892
2025-04-11,TSLA,0.20962932705879211
2025-04-14,TSLA,0.49221935868263245
2025-04-15,TSLA,0.20323382318019867
2025-04-16,TSLA,0.3078325390815735
2025-04-17,TSLA,0.548336386680603
2025-04-21,TSLA,0.4669044017791748
2025-04-22,TSLA,0.32384195923805237
2025-04-23,TSLA,0.026847925037145615
2025-04-24,TSLA,-0.062412332743406296
2025-04-25,TSLA,0.3822489082813263
2025-04-28,TSLA,0.6262728571891785
2025-04-29,TSLA,0.4425872564315796
2025-04-30,TSLA,0.7263656854629517
2025-05-01,TSLA,0.7597164511680603
2025-05-02,TSLA,0.7008367776870728
2025-05-05,TSLA,0.5459111928939819
2025-05-06,TSLA,0.5354728102684021
2025-05-07,TSLA,0.4616584777832031
2025-05-08,TSLA,0.5284639596939087
2025-05-09,TSLA,0.3609350323677063
2025-05-12,TSLA,-0.05772527679800987
2025-05-13,TSLA,0.15727242827415466
2025-05-14,TSLA,-0.8061791062355042
2025-05-15,TSLA,-0.36847826838493347
2025-05-16,TSLA,0.856490433216095
2025-05-19,TSLA,1.5922902822494507
2025-05-20,TSLA,1.6088950634002686
2025-05-21,TSLA,1.4416086673736572
2025-05-22,TSLA,1.342270016670227
2025-05-23,TSLA,1.1447968482971191
2025-05-27,TSLA,0.608464777469635
2025-05-28,TSLA,-0.4102380573749542
2025-05-29,TSLA,0.362392395734787
2025-05-30,TSLA,0.6214897632598877
2025-06-02,TSLA,0.45478275418281555
2025-06-03,TSLA,0.6142655611038208
2025-06-04,TSLA,0.25685179233551025
2025-06-05,TSLA,0.6685337424278259
2025-06-06,TSLA,0.6137831211090088
2025-06-09,TSLA,-0.0810982957482338
2025-06-10,TSLA,-1.040448546409607
2025-06-11,TSLA,0.22690990567207336
2025-06-12,TSLA,0.7036944627761841
2025-06-13,TSLA,0.7715573310852051
2025-06-16,TSLA,0.8157094717025757
2025-06-17,TSLA,0.5437595248222351
2025-06-18,TSLA,0.6662963032722473
2025-06-20,TSLA,0.571649432182312
2025-06-23,TSLA,0.16995099186897278
2025-06-24,TSLA,-0.2732808291912079
2025-06-25,TSLA,0.47711771726608276
2025-06-26,TSLA,0.5431183576583862
2025-06-27,TSLA,0.37117472290992737
2025-02-26,DX-Y.NYB,2.4310238361358643
2025-02-27,DX-Y.NYB,0.8124325275421143
2025-02-28,DX-Y.NYB,-1.3093907833099365
2025-03-03,DX-Y.NYB,0.7870886325836182
2025-03-04,DX-Y.NYB,2.300501585006714
2025-03-05,DX-Y.NYB,3.3714282512664795
2025-03-06,DX-Y.NYB,2.53883695602417
2025-03-07,DX-Y.NYB,0.18737389147281647
2025-03-10,DX-Y.NYB,-0.3986811637878418
2025-03-11,DX-Y.NYB,0.8916707634925842
2025-03-12,DX-Y.NYB,0.09587875008583069
2025-03-13,DX-Y.NYB,-3.2063186168670654
2025-03-14,DX-Y.NYB,-0.6885014176368713
2025-03-17,DX-Y.NYB,2.8232004642486572
2025-03-18,DX-Y.NYB,1.6195474863052368
2025-03-19,DX-Y.NYB,-0.6149492263793945
2025-03-20,DX-Y.NYB,1.2270786762237549
2025-03-21,DX-Y.NYB,1.8440935611724854
2025-03-24,DX-Y.NYB,0.985031008720398
2025-03-25,DX-Y.NYB,2.725213050842285
2025-03-26,DX-Y.NYB,1.2596702575683594
2025-03-27,DX-Y.NYB,0.9884161949157715
2025-03-28,DX-Y.NYB,3.765235424041748
2025-03-31,DX-Y.NYB,3.0170936584472656
2025-04-01,DX-Y.NYB,-1.4922345876693726
2025-04-02,DX-Y.NYB,-0.17430374026298523
2025-04-03,DX-Y.NYB,2.7965126037597656
2025-04-04,DX-Y.NYB,2.9420411586761475
2025-04-07,DX-Y.NYB,-10.87028980255127
2025-04-08,DX-Y.NYB,-15.604127883911133
2025-04-09,DX-Y.NYB,1.0625921487808228
2025-04-10,DX-Y.NYB,2.5023558139801025
2025-04-11,DX-Y.NYB,2.735524892807007
2025-04-14,DX-Y.NYB,-2.276597023010254
2025-04-15,DX-Y.NYB,-2.2529377937316895
2025-04-16,DX-Y.NYB,2.984261989593506
2025-04-17,DX-Y.NYB,3.291565179824829
2025-04-21,DX-Y.NYB,-1.1050951480865479
2025-04-22,DX-Y.NYB,0.10905642807483673
2025-04-23,DX-Y.NYB,3.421875
2025-04-24,DX-Y.NYB,1.696524739265442
2025-04-25,DX-Y.NYB,2.5082480907440186
2025-04-28,DX-Y.NYB,1.8762991428375244
2025-04-29,DX-Y.NYB,0.12724003195762634
2025-04-30,DX-Y.NYB,1.8224968910217285
2025-05-01,DX-Y.NYB,1.9651020765304565
2025-05-02,DX-Y.NYB,0.8851117491722107
2025-05-05,DX-Y.NYB,1.5974069833755493
2025-05-06,DX-Y.NYB,1.6871522665023804
2025-05-07,DX-Y.NYB,1.3683890104293823
2025-05-08,DX-Y.NYB,-0.4687487781047821
2025-05-09,DX-Y.NYB,-8.073538780212402
2025-05-12,DX-Y.NYB,-0.16993756592273712
2025-05-13,DX-Y.NYB,-0.25424081087112427
2025-05-14,DX-Y.NYB,-1.8455090522766113
2025-05-15,DX-Y.NYB,-2.910093069076538
2025-05-16,DX-Y.NYB,-8.86259651184082
2025-05-19,DX-Y.NYB,1.6369779109954834
2025-05-20,DX-Y.NYB,3.216907262802124
2025-05-21,DX-Y.NYB,-5.494858264923096
2025-05-22,DX-Y.NYB,-5.342444896697998
2025-05-23,DX-Y.NYB,-0.45454683899879456
2025-05-26,DX-Y.NYB,4.517590045928955
2025-05-27,DX-Y.NYB,1.161147952079773
2025-05-28,DX-Y.NYB,-11.450556755065918
2025-05-29,DX-Y.NYB,-12.81815242767334
2025-05-30,DX-Y.NYB,5.01256799697876
2025-06-02,DX-Y.NYB,3.924673318862915
2025-06-03,DX-Y.NYB,3.922684907913208
2025-06-04,DX-Y.NYB,1.1839497089385986
2025-06-05,DX-Y.NYB,2.375073194503784
2025-06-06,DX-Y.NYB,3.09057879447937
2025-06-09,DX-Y.NYB,1.3144981861114502
2025-06-10,DX-Y.NYB,-0.4512096345424652
2025-06-11,DX-Y.NYB,1.6150802373886108
2025-06-12,DX-Y.NYB,2.8088786602020264
2025-06-13,DX-Y.NYB,1.8850435018539429
2025-06-16,DX-Y.NYB,-1.1728379726409912
2025-06-17,DX-Y.NYB,-0.0525631457567215
2025-06-18,DX-Y.NYB,-0.44907674193382263
2025-06-20,DX-Y.NYB,1.3039394617080688
2025-06-23,DX-Y.NYB,2.0519542694091797
2025-06-24,DX-Y.NYB,2.5712714195251465
2025-06-25,DX-Y.NYB,2.613191843032837
2025-06-26,DX-Y.NYB,1.4268547296524048
2025-06-27,DX-Y.NYB,0.7247965335845947
2025-02-26,GLD,6.58052396774292
2025-02-27,GLD,1.7268145084381104
2025-02-28,GLD,3.2606053352355957
2025-03-03,GLD,2.9663052558898926
2025-03-04,GLD,-8.089038848876953
2025-03-05,GLD,-7.837227821350098
2025-03-06,GLD,4.1947455406188965
2025-03-07,GLD,4.047628879547119
2025-03-10,GLD,2.806222677230835
2025-03-11,GLD,5.287988662719727
2025-03-12,GLD,-2.095592498779297
2025-03-13,GLD,1.109701156616211
2025-03-14,GLD,5.262761116027832
2025-03-17,GLD,2.0719075202941895
2025-03-18,GLD,5.379370212554932
2025-03-19,GLD,5.215431213378906
2025-03-20,GLD,2.5905873775482178
2025-03-21,GLD,5.09320592880249
2025-03-24,GLD,3.900621175765991
2025-03-25,GLD,-4.345105171203613
2025-03-26,GLD,-7.526187419891357
2025-03-27,GLD,-2.4740560054779053
2025-03-28,GLD,-6.116384029388428
2025-03-31,GLD,-7.633327960968018
2025-04-01,GLD,-8.16970443725586
2025-04-02,GLD,-6.329372882843018
2025-04-03,GLD,-4.284281253814697
2025-04-04,GLD,-1.7348220348358154
2025-04-07,GLD,6.385260581970215
2025-04-08,GLD,3.40621280670166
2025-04-09,GLD,-5.646789073944092
2025-04-10,GLD,-7.634121894836426
2025-04-11,GLD,-6.870363235473633
2025-04-14,GLD,2.827439546585083
2025-04-15,GLD,0.3427119255065918
2025-04-16,GLD,-6.066189765930176
2025-04-17,GLD,-5.4741997718811035
2025-04-21,GLD,7.129428386688232
2025-04-22,GLD,6.599580764770508
2025-04-23,GLD,3.137064218521118
2025-04-24,GLD,1.2991019487380981
2025-04-25,GLD,0.5513215065002441
2025-04-28,GLD,3.7899792194366455
2025-04-29,GLD,-5.0462141036987305
2025-04-30,GLD,-6.670593738555908
2025-05-01,GLD,-5.921240329742432
2025-05-02,GLD,-2.2102928161621094
2025-05-05,GLD,-5.033848762512207
2025-05-06,GLD,-6.087893486022949
2025-05-07,GLD,-5.355924606323242
2025-05-08,GLD,2.83420729637146
2025-05-09,GLD,4.740769863128662
2025-05-12,GLD,1.2406483888626099
2025-05-13,GLD,2.542635679244995
2025-05-14,GLD,1.757392168045044
2025-05-15,GLD,0.926888108253479
2025-05-16,GLD,-0.9505433440208435
2025-05-19,GLD,-3.051027536392212
2025-05-20,GLD,-1.7698360681533813
2025-05-21,GLD,0.029489142820239067
2025-05-22,GLD,0.3724125027656555
2025-05-23,GLD,0.06484968960285187
2025-05-27,GLD,0.9258143305778503
2025-05-28,GLD,2.5742578506469727
2025-05-29,GLD,1.8164043426513672
2025-05-30,GLD,1.3892866373062134
2025-06-02,GLD,1.5146567821502686
2025-06-03,GLD,0.438955157995224
2025-06-04,GLD,-1.2197920083999634
2025-06-05,GLD,2.6255509853363037
2025-06-06,GLD,1.6112359762191772
2025-06-09,GLD,-2.077094078063965
2025-06-10,GLD,-3.461761474609375
2025-06-11,GLD,-4.485093593597412
2025-06-12,GLD,-5.339004039764404
2025-06-13,GLD,-5.755009174346924
2025-06-16,GLD,-4.412970542907715
2025-06-17,GLD,5.74080753326416
2025-06-18,GLD,2.5465030670166016
2025-06-20,GLD,-4.015892505645752
2025-06-23,GLD,2.818612575531006
2025-06-24,GLD,-0.42406684160232544
2025-06-25,GLD,2.3383705615997314
2025-06-26,GLD,0.9164372086524963
2025-06-27,GLD,-3.783580780029297
2025-02-26,XOM,3.335686683654785
2025-02-27,XOM,3.6083428859710693
2025-02-28,XOM,-3.3029861450195312
2025-03-03,XOM,-4.296310901641846
2025-03-04,XOM,2.702502489089966
2025-03-05,XOM,2.068382501602173
2025-03-06,XOM,1.4741400480270386
2025-03-07,XOM,-4.041548252105713
2025-03-10,XOM,-3.695730209350586
2025-03-11,XOM,2.386326313018799
2025-03-12,XOM,3.6748790740966797
2025-03-13,XOM,3.381289482116699
2025-03-14,XOM,3.7277870178222656
2025-03-17,XOM,3.598288059234619
2025-03-18,XOM,3.8438479900360107
2025-03-19,XOM,2.966224193572998
2025-03-20,XOM,3.6191632747650146
2025-03-21,XOM,3.9139089584350586
2025-03-24,XOM,4.399096488952637
2025-03-25,XOM,4.562976837158203
2025-03-26,XOM,4.2770514488220215
2025-03-27,XOM,-5.1233720779418945
2025-03-28,XOM,-2.7588071823120117
2025-03-31,XOM,5.61543607711792
2025-04-01,XOM,5.178870677947998
2025-04-02,XOM,-3.3982574939727783
2025-04-03,XOM,0.5002552270889282
2025-04-04,XOM,3.404486894607544
2025-04-07,XOM,2.6230249404907227
2025-04-08,XOM,-1.0159543752670288
2025-04-09,XOM,0.2989988923072815
2025-04-10,XOM,1.0247780084609985
2025-04-11,XOM,1.5683388710021973
2025-04-14,XOM,1.173337697982788
2025-04-15,XOM,0.5635575652122498
2025-04-16,XOM,1.6503056287765503
2025-04-17,XOM,1.7135801315307617
2025-04-21,XOM,1.3455485105514526
2025-04-22,XOM,0.9862891435623169
2025-04-23,XOM,1.0225895643234253
2025-04-24,XOM,1.231501579284668
2025-04-25,XOM,1.04823637008667
2025-04-28,XOM,1.1449133157730103
2025-04-29,XOM,0.8784850239753723
2025-04-30,XOM,1.3590342998504639
2025-05-01,XOM,1.2523777484893799
2025-05-02,XOM,0.9072487354278564
2025-05-05,XOM,0.36015644669532776
2025-05-06,XOM,0.8382799625396729
2025-05-07,XOM,-0.7423337697982788
2025-05-08,XOM,-2.4191699028015137
2025-05-09,XOM,-1.2108043432235718
2025-05-12,XOM,-0.48167502880096436
2025-05-13,XOM,2.5887091159820557
2025-05-14,XOM,3.493223190307617
2025-05-15,XOM,3.962545394897461
2025-05-16,XOM,3.4255900382995605
2025-05-19,XOM,2.715562582015991
2025-05-20,XOM,2.2826757431030273
2025-05-21,XOM,1.4274452924728394
2025-05-22,XOM,1.1392333507537842
2025-05-23,XOM,0.04116208851337433
2025-05-27,XOM,-0.5800582766532898
2025-05-28,XOM,0.03088950552046299
2025-05-29,XOM,0.6013029217720032
2025-05-30,XOM,-2.337224006652832
2025-06-02,XOM,0.2995334565639496
2025-06-03,XOM,1.719541072845459
2025-06-04,XOM,1.4488860368728638
2025-06-05,XOM,1.4833356142044067
2025-06-06,XOM,1.4157861471176147
2025-06-09,XOM,0.9173462986946106
2025-06-10,XOM,1.2046849727630615
2025-06-11,XOM,1.7048757076263428
2025-06-12,XOM,1.9289659261703491
2025-06-13,XOM,2.2840073108673096
2025-06-16,XOM,2.8099076747894287
2025-06-17,XOM,2.5342931747436523
2025-06-18,XOM,2.4473299980163574
2025-06-20,XOM,2.4747426509857178
2025-06-23,XOM,-0.8495561480522156
2025-06-24,XOM,1.3206582069396973
2025-06-25,XOM,2.5288493633270264
2025-06-26,XOM,1.1364222764968872
2025-06-27,XOM,-3.4341683387756348
2025-02-26,TLT,8.271782875061035
2025-02-27,TLT,8.896068572998047
2025-02-28,TLT,3.8464126586914062
2025-03-03,TLT,4.6274237632751465
2025-03-04,TLT,6.8801093101501465
2025-03-05,TLT,6.81656551361084
2025-03-06,TLT,-1.9018596410751343
2025-03-07,TLT,-3.2328438758850098
2025-03-10,TLT,-3.8249294757843018
2025-03-11,TLT,-7.382683277130127
2025-03-12,TLT,0.2988198697566986
2025-03-13,TLT,5.219236373901367
2025-03-14,TLT,-9.197280883789062
2025-03-17,TLT,-6.081395149230957
2025-03-18,TLT,5.170349597930908
2025-03-19,TLT,1.9944570064544678
2025-03-20,TLT,1.4003905057907104
2025-03-21,TLT,3.9789958000183105
2025-03-24,TLT,3.234822988510132
2025-03-25,TLT,3.314985513687134
2025-03-26,TLT,2.0128390789031982
2025-03-27,TLT,-0.37862664461135864
2025-03-28,TLT,0.8367099761962891
2025-03-31,TLT,-1.7406858205795288
2025-04-01,TLT,-6.5064802169799805
2025-04-02,TLT,4.13344669342041
2025-04-03,TLT,6.515428066253662
2025-04-04,TLT,8.015368461608887
2025-04-07,TLT,4.591285705566406
2025-04-08,TLT,3.369291305541992
2025-04-09,TLT,2.3191332817077637
2025-04-10,TLT,-0.1028485894203186
2025-04-11,TLT,-1.0056864023208618
2025-04-14,TLT,-1.670900583267212
2025-04-15,TLT,-1.9409360885620117
2025-04-16,TLT,-1.9968794584274292
2025-04-17,TLT,-8.492414474487305
2025-04-21,TLT,0.23363807797431946
2025-04-22,TLT,3.1886982917785645
2025-04-23,TLT,1.9395827054977417
2025-04-24,TLT,-1.2709267139434814
2025-04-25,TLT,1.8403923511505127
2025-04-28,TLT,2.0714948177337646
2025-04-29,TLT,1.1444858312606812
2025-04-30,TLT,2.258598804473877
2025-05-01,TLT,2.5758490562438965
2025-05-02,TLT,2.4798355102539062
2025-05-05,TLT,2.163240909576416
2025-05-06,TLT,0.6827096343040466
2025-05-07,TLT,-0.8684060573577881
2025-05-08,TLT,0.12089947611093521
2025-05-09,TLT,0.6260339617729187
2025-05-12,TLT,-1.4300436973571777
2025-05-13,TLT,-0.7788411378860474
2025-05-14,TLT,0.32115688920021057
2025-05-15,TLT,-0.18721532821655273
2025-05-16,TLT,-0.23059684038162231
2025-05-19,TLT,1.3281233310699463
2025-05-20,TLT,1.60330069065094
2025-05-21,TLT,2.016021728515625
2025-05-22,TLT,2.0755505561828613
2025-05-23,TLT,0.9862053394317627
2025-05-27,TLT,0.6214276552200317
2025-05-28,TLT,1.169191837310791
2025-05-29,TLT,1.1859124898910522
2025-05-30,TLT,1.1213451623916626
2025-06-02,TLT,1.1922029256820679
2025-06-03,TLT,2.4575610160827637
2025-06-04,TLT,2.123056173324585
2025-06-05,TLT,-2.06318998336792
2025-06-06,TLT,0.8237558007240295
2025-06-09,TLT,2.4110476970672607
2025-06-10,TLT,1.5191611051559448
2025-06-11,TLT,-4.531644344329834
2025-06-12,TLT,-6.325015544891357
2025-06-13,TLT,-3.711118698120117
2025-06-16,TLT,3.4278533458709717
2025-06-17,TLT,4.991893768310547
2025-06-18,TLT,-9.167705535888672
2025-06-20,TLT,-1.3482379913330078
2025-06-23,TLT,5.483055114746094
2025-06-24,TLT,-5.0950188636779785
2025-06-25,TLT,-8.659783363342285
2025-06-26,TLT,0.3446172773838043
2025-06-27,TLT,8.183267593383789
2025-02-25,USDINR=X,-18.756084442138672
2025-02-26,USDINR=X,-31.60663604736328
2025-02-27,USDINR=X,-28.41986083984375
2025-02-28,USDINR=X,8.665678024291992
2025-03-03,USDINR=X,17.761262893676758
2025-03-04,USDINR=X,7.23670768737793
2025-03-05,USDINR=X,13.41028118133545
2025-03-06,USDINR=X,15.971095085144043
2025-03-07,USDINR=X,12.949787139892578
2025-03-10,USDINR=X,-15.69656753540039
2025-03-11,USDINR=X,-27.86647605895996
2025-03-12,USDINR=X,-7.063712120056152
2025-03-13,USDINR=X,10.023138046264648
2025-03-14,USDINR=X,-7.527270317077637
2025-03-17,USDINR=X,-15.541216850280762
2025-03-18,USDINR=X,-11.092398643493652
2025-03-19,USDINR=X,-11.703060150146484
2025-03-20,USDINR=X,2.019238233566284
2025-03-21,USDINR=X,-0.8383864164352417
2025-03-24,USDINR=X,-4.035905838012695
2025-03-25,USDINR=X,5.569863796234131
2025-03-26,USDINR=X,3.810202121734619
2025-03-27,USDINR=X,-0.8485021591186523
2025-03-28,USDINR=X,-0.5735284090042114
2025-03-31,USDINR=X,8.444668769836426
2025-04-01,USDINR=X,5.867407321929932
2025-04-02,USDINR=X,6.1978373527526855
2025-04-03,USDINR=X,4.190920352935791
2025-04-04,USDINR=X,2.4883859157562256
2025-04-07,USDINR=X,4.732391357421875
2025-04-08,USDINR=X,1.7063162326812744
2025-04-09,USDINR=X,-10.701156616210938
2025-04-10,USDINR=X,-1.8493359088897705
2025-04-11,USDINR=X,8.29642391204834
2025-04-14,USDINR=X,7.890244483947754
2025-04-15,USDINR=X,-0.45342564582824707
2025-04-16,USDINR=X,3.3766205310821533
2025-04-17,USDINR=X,6.02412748336792
2025-04-22,USDINR=X,3.7259604930877686
2025-04-23,USDINR=X,-1.543262004852295
2025-04-24,USDINR=X,-19.181333541870117
2025-04-25,USDINR=X,-17.156143188476562
2025-04-28,USDINR=X,1.22882878780365
2025-04-29,USDINR=X,-6.3846235275268555
2025-04-30,USDINR=X,-12.67721176147461
2025-05-01,USDINR=X,4.388552188873291
2025-05-02,USDINR=X,6.934679985046387
2025-05-05,USDINR=X,4.910818099975586
2025-05-06,USDINR=X,5.411647796630859
2025-05-07,USDINR=X,4.971514701843262
2025-05-08,USDINR=X,0.04651133343577385
2025-05-09,USDINR=X,4.4738287925720215
2025-05-12,USDINR=X,2.7294933795928955
2025-05-13,USDINR=X,5.786694049835205
2025-05-14,USDINR=X,7.6642608642578125
2025-05-15,USDINR=X,1.7155722379684448
2025-05-16,USDINR=X,-3.3414714336395264
2025-05-19,USDINR=X,3.9346888065338135
2025-05-20,USDINR=X,5.3190436363220215
2025-05-21,USDINR=X,0.536494791507721
2025-05-22,USDINR=X,-10.329615592956543
2025-05-23,USDINR=X,-11.558236122131348
2025-05-26,USDINR=X,4.834875583648682
2025-05-27,USDINR=X,11.801244735717773
2025-05-28,USDINR=X,-19.057992935180664
2025-05-29,USDINR=X,-23.27159309387207
2025-05-30,USDINR=X,5.2573676109313965
2025-06-02,USDINR=X,10.00355052947998
2025-06-03,USDINR=X,0.1352655589580536
2025-06-04,USDINR=X,4.067724704742432
2025-06-05,USDINR=X,-23.08118438720703
2025-06-06,USDINR=X,-11.537482261657715
2025-06-09,USDINR=X,17.441709518432617
2025-06-10,USDINR=X,21.90883445739746
2025-06-11,USDINR=X,7.181369304656982
2025-06-12,USDINR=X,12.709781646728516
2025-06-13,USDINR=X,13.347530364990234
2025-06-16,USDINR=X,-0.8912498950958252
2025-06-17,USDINR=X,-18.859336853027344
2025-06-18,USDINR=X,0.41564446687698364
2025-06-19,USDINR=X,-13.98373031616211
2025-06-20,USDINR=X,-7.139480113983154
2025-06-23,USDINR=X,6.598439693450928
2025-06-24,USDINR=X,0.9400294423103333
2025-06-25,USDINR=X,19.716331481933594
2025-06-26,USDINR=X,17.474098205566406
2025-06-27,USDINR=X,-16.74618911743164
2025-02-26,IWM,-0.8773484826087952
2025-02-27,IWM,1.0307340621948242
2025-02-28,IWM,0.24718672037124634
2025-03-03,IWM,-0.16509218513965607
2025-03-04,IWM,0.9150236248970032
2025-03-05,IWM,0.6834713816642761
2025-03-06,IWM,0.9067013263702393
2025-03-07,IWM,0.8209636807441711
2025-03-10,IWM,0.24380211532115936
2025-03-11,IWM,0.46649956703186035
2025-03-12,IWM,1.034811019897461
2025-03-13,IWM,0.4952191412448883
2025-03-14,IWM,0.3678363263607025
2025-03-17,IWM,0.1260601133108139
2025-03-18,IWM,0.058873336762189865
2025-03-19,IWM,0.17405228316783905
2025-03-20,IWM,0.3911535441875458
2025-03-21,IWM,0.4852909445762634
2025-03-24,IWM,0.6405114531517029
2025-03-25,IWM,-0.3331747353076935
2025-03-26,IWM,0.48733335733413696
2025-03-27,IWM,1.1922941207885742
2025-03-28,IWM,0.1113787442445755
2025-03-31,IWM,0.24541768431663513
2025-04-01,IWM,-0.16514359414577484
2025-04-02,IWM,-3.356783866882324
2025-04-03,IWM,-1.374782681465149
2025-04-04,IWM,0.7127786874771118
2025-04-07,IWM,-0.25383615493774414
2025-04-08,IWM,-1.7688590288162231
2025-04-09,IWM,0.12543697655200958
2025-04-10,IWM,-0.12644676864147186
2025-04-11,IWM,0.9359742999076843
2025-04-14,IWM,0.9788816571235657
2025-04-15,IWM,-0.10108382999897003
2025-04-16,IWM,0.8352675437927246
2025-04-17,IWM,1.1560783386230469
2025-04-21,IWM,0.743051290512085
2025-04-22,IWM,0.08637718856334686
2025-04-23,IWM,0.47308167815208435
2025-04-24,IWM,0.2174827605485916
2025-04-25,IWM,0.7726812958717346
2025-04-28,IWM,1.2274596691131592
2025-04-29,IWM,0.0974871888756752
2025-04-30,IWM,1.0315593481063843
2025-05-01,IWM,1.5161947011947632
2025-05-02,IWM,1.2063149213790894
2025-05-05,IWM,1.1161309480667114
2025-05-06,IWM,1.4752439260482788
2025-05-07,IWM,0.5061262249946594
2025-05-08,IWM,0.09857184439897537
2025-05-09,IWM,-1.5102185010910034
2025-05-12,IWM,-2.649425983428955
2025-05-13,IWM,-3.3872506618499756
2025-05-14,IWM,-1.0182273387908936
2025-05-15,IWM,1.9719082117080688
2025-05-16,IWM,-0.900635838508606
2025-05-19,IWM,2.768587112426758
2025-05-20,IWM,4.189959526062012
2025-05-21,IWM,1.6947541236877441
2025-05-22,IWM,4.026568412780762
2025-05-23,IWM,3.314556121826172
2025-05-27,IWM,-2.6972172260284424
2025-05-28,IWM,-3.279315948486328
2025-05-29,IWM,3.6246566772460938
2025-05-30,IWM,-0.6604572534561157
2025-06-02,IWM,-2.038548231124878
2025-06-03,IWM,-1.2162001132965088
2025-06-04,IWM,-2.025369167327881
2025-06-05,IWM,3.7026798725128174
2025-06-06,IWM,4.241558074951172
2025-06-09,IWM,-3.3101067543029785
2025-06-10,IWM,1.2452573776245117
2025-06-11,IWM,4.2428364753723145
2025-06-12,IWM,4.637922286987305
2025-06-13,IWM,3.202399492263794
2025-06-16,IWM,2.844463586807251
2025-06-17,IWM,-3.889019727706909
2025-06-18,IWM,0.9043576717376709
2025-06-20,IWM,1.0009183883666992
2025-06-23,IWM,-4.9648003578186035
2025-06-24,IWM,-4.781186103820801
2025-06-25,IWM,-4.178129196166992
2025-06-26,IWM,0.7593982219696045
2025-06-27,IWM,-2.4566495418548584
2025-02-26,JPM,-2.067492723464966
2025-02-27,JPM,-1.2751214504241943
2025-02-28,JPM,0.1927737295627594
2025-03-03,JPM,-2.068272352218628
2025-03-04,JPM,0.058295369148254395
2025-03-05,JPM,1.7168811559677124
2025-03-06,JPM,1.536795973777771
2025-03-07,JPM,0.7054687738418579
2025-03-10,JPM,0.6053726673126221
2025-03-11,JPM,0.9877668619155884
2025-03-12,JPM,0.7313640117645264
2025-03-13,JPM,0.31397148966789246
2025-03-14,JPM,0.35436370968818665
2025-03-17,JPM,0.4447534382343292
2025-03-18,JPM,0.5882925391197205
2025-03-19,JPM,0.1487940400838852
2025-03-20,JPM,0.23118072748184204
2025-03-21,JPM,0.7971700429916382
2025-03-24,JPM,0.5490297675132751
2025-03-25,JPM,0.30062752962112427
2025-03-26,JPM,0.6197114586830139
2025-03-27,JPM,0.9867746233940125
2025-03-28,JPM,0.8873887062072754
2025-03-31,JPM,0.8774392008781433
2025-04-01,JPM,0.2312314361333847
2025-04-02,JPM,-0.3763903081417084
2025-04-03,JPM,-0.03498755022883415
2025-04-04,JPM,0.6693561673164368
2025-04-07,JPM,-0.05662831664085388
2025-04-08,JPM,-2.6730387210845947
2025-04-09,JPM,-1.5705971717834473
2025-04-10,JPM,-0.15813270211219788
2025-04-11,JPM,1.122644066810608
2025-04-14,JPM,1.0745352506637573
2025-04-15,JPM,1.1528240442276
2025-04-16,JPM,1.585623025894165
2025-04-17,JPM,1.5202547311782837
2025-04-21,JPM,1.2115387916564941
2025-04-22,JPM,0.6177983283996582
2025-04-23,JPM,0.7873221039772034
2025-04-24,JPM,1.0398378372192383
2025-04-25,JPM,1.2442073822021484
2025-04-28,JPM,1.8092710971832275
2025-04-29,JPM,1.1618276834487915
2025-04-30,JPM,2.2355360984802246
2025-05-01,JPM,2.11425518989563
2025-05-02,JPM,2.3926103115081787
2025-05-05,JPM,2.6013550758361816
2025-05-06,JPM,3.031268358230591
2025-05-07,JPM,3.185957670211792
2025-05-08,JPM,3.5994129180908203
2025-05-09,JPM,1.8801854848861694
2025-05-12,JPM,-0.5262669324874878
2025-05-13,JPM,-1.9186086654663086
2025-05-14,JPM,-0.5217196941375732
2025-05-15,JPM,2.006438970565796
2025-05-16,JPM,2.0907392501831055
2025-05-19,JPM,3.773252248764038
2025-05-20,JPM,4.121561527252197
2025-05-21,JPM,2.1680703163146973
2025-05-22,JPM,3.40340518951416
2025-05-23,JPM,3.5982491970062256
2025-05-27,JPM,1.3133350610733032
2025-05-28,JPM,-0.5785093903541565
2025-05-29,JPM,3.3182408809661865
2025-05-30,JPM,2.0954430103302
2025-06-02,JPM,1.5657086372375488
2025-06-03,JPM,0.5309607982635498
2025-06-04,JPM,0.059443455189466476
2025-06-05,JPM,2.754701614379883
2025-06-06,JPM,3.0856845378875732
2025-06-09,JPM,-3.0415143966674805
2025-06-10,JPM,-1.8045499324798584
2025-06-11,JPM,3.492077112197876
2025-06-12,JPM,4.087197303771973
2025-06-13,JPM,3.4118900299072266
2025-06-16,JPM,1.7986547946929932
2025-06-17,JPM,-3.7633278369903564
2025-06-18,JPM,2.18227481842041
2025-06-20,JPM,4.023622035980225
2025-06-23,JPM,-4.098022937774658
2025-06-24,JPM,-3.476850986480713
2025-06-25,JPM,-1.0416914224624634
2025-06-26,JPM,-2.6704273223876953
2025-06-27,JPM,-2.1271557807922363
2025-02-26,UNH,0.5840197801589966
2025-02-27,UNH,1.0399224758148193
2025-02-28,UNH,0.7656983137130737
2025-03-03,UNH,0.7093841433525085
2025-03-04,UNH,0.8425275087356567
2025-03-05,UNH,0.20594047009944916
2025-03-06,UNH,0.5088081359863281
2025-03-07,UNH,0.8473525047302246
2025-03-10,UNH,0.18276777863502502
2025-03-11,UNH,0.5889909863471985
2025-03-12,UNH,0.8060342073440552
2025-03-13,UNH,0.6423272490501404
2025-03-14,UNH,0.646497905254364
2025-03-17,UNH,0.6286680102348328
2025-03-18,UNH,0.5674574375152588
2025-03-19,UNH,0.9251493215560913
2025-03-20,UNH,1.3169963359832764
2025-03-21,UNH,1.1860874891281128
2025-03-24,UNH,1.9353612661361694
2025-03-25,UNH,2.0884273052215576
2025-03-26,UNH,1.9126760959625244
2025-03-27,UNH,2.308029890060425
2025-03-28,UNH,2.1678075790405273
2025-03-31,UNH,2.9385852813720703
2025-04-01,UNH,3.2152044773101807
2025-04-02,UNH,3.0930263996124268
2025-04-03,UNH,-1.2677587270736694
2025-04-04,UNH,-1.9018912315368652
2025-04-07,UNH,4.225666522979736
2025-04-08,UNH,0.5525814890861511
2025-04-09,UNH,-3.7791035175323486
2025-04-10,UNH,-2.600137233734131
2025-04-11,UNH,3.7268660068511963
2025-04-14,UNH,3.7174947261810303
2025-04-15,UNH,3.9043772220611572
2025-04-16,UNH,0.0786621943116188
2025-04-17,UNH,1.9163799285888672
2025-04-21,UNH,1.329518437385559
2025-04-22,UNH,1.1634340286254883
2025-04-23,UNH,-2.3690385818481445
2025-04-24,UNH,0.6346102356910706
2025-04-25,UNH,1.0984337329864502
2025-04-28,UNH,0.8853005170822144
2025-04-29,UNH,0.49230363965034485
2025-04-30,UNH,-0.12123524397611618
2025-05-01,UNH,0.792186975479126
2025-05-02,UNH,0.9086887836456299
2025-05-05,UNH,0.6962575912475586
2025-05-06,UNH,0.2639073133468628
2025-05-07,UNH,0.6132915616035461
2025-05-08,UNH,0.5659343600273132
2025-05-09,UNH,0.38362058997154236
2025-05-12,UNH,0.3119952976703644
2025-05-13,UNH,0.2840856909751892
2025-05-14,UNH,0.3361574411392212
2025-05-15,UNH,0.23904314637184143
2025-05-16,UNH,0.15276488661766052
2025-05-19,UNH,0.03460273891687393
2025-05-20,UNH,0.03492337092757225
2025-05-21,UNH,0.18292135000228882
2025-05-22,UNH,0.22612734138965607
2025-05-23,UNH,0.16914306581020355
2025-05-27,UNH,0.18204858899116516
2025-05-28,UNH,0.177857905626297
2025-05-29,UNH,0.10397553443908691
2025-05-30,UNH,0.018447425216436386
2025-06-02,UNH,0.03763331472873688
2025-06-03,UNH,-0.07286551594734192
2025-06-04,UNH,0.224061518907547
2025-06-05,UNH,0.20229068398475647
2025-06-06,UNH,0.13977739214897156
2025-06-09,UNH,-0.08599825948476791
2025-06-10,UNH,0.05311582610011101
2025-06-11,UNH,0.013403831981122494
2025-06-12,UNH,0.03307909518480301
2025-06-13,UNH,0.2316645085811615
2025-06-16,UNH,0.4128948450088501
2025-06-17,UNH,0.46328699588775635
2025-06-18,UNH,0.26335278153419495
2025-06-20,UNH,0.2915690243244171
2025-06-23,UNH,0.3219958245754242
2025-06-24,UNH,0.1405869424343109
2025-06-25,UNH,-0.534087598323822
2025-06-26,UNH,-0.09140883386135101
2025-06-27,UNH,0.4149208962917328
2025-02-26,SPY,-3.5270020961761475
2025-02-27,SPY,0.6416065692901611
2025-02-28,SPY,-0.7434995174407959
2025-03-03,SPY,-3.6248769760131836
2025-03-04,SPY,2.564185619354248
2025-03-05,SPY,2.2054691314697266
2025-03-06,SPY,1.2864978313446045
2025-03-07,SPY,2.993865728378296
2025-03-10,SPY,2.0989749431610107
2025-03-11,SPY,1.4205498695373535
2025-03-12,SPY,1.9995226860046387
2025-03-13,SPY,1.3724229335784912
2025-03-14,SPY,1.1687517166137695
2025-03-17,SPY,1.0920027494430542
2025-03-18,SPY,1.2300050258636475
2025-03-19,SPY,0.6770020127296448
2025-03-20,SPY,1.1901633739471436
2025-03-21,SPY,1.4700524806976318
2025-03-24,SPY,1.2656338214874268
2025-03-25,SPY,1.0328413248062134
2025-03-26,SPY,0.9391405582427979
2025-03-27,SPY,2.154961347579956
2025-03-28,SPY,1.3870397806167603
2025-03-31,SPY,1.3740357160568237
2025-04-01,SPY,0.8136342167854309
2025-04-02,SPY,-1.5000096559524536
2025-04-03,SPY,0.36991021037101746
2025-04-04,SPY,1.4832117557525635
2025-04-07,SPY,0.5662052631378174
2025-04-08,SPY,-2.0596039295196533
2025-04-09,SPY,0.006076228804886341
2025-04-10,SPY,0.32441017031669617
2025-04-11,SPY,1.286192536354065
2025-04-14,SPY,1.354220986366272
2025-04-15,SPY,0.4967673122882843
2025-04-16,SPY,1.44418466091156
2025-04-17,SPY,1.568687081336975
2025-04-21,SPY,1.0821263790130615
2025-04-22,SPY,0.44495290517807007
2025-04-23,SPY,0.6526976227760315
2025-04-24,SPY,0.7908179759979248
2025-04-25,SPY,1.0487464666366577
2025-04-28,SPY,1.6435692310333252
2025-04-29,SPY,0.7076085209846497
2025-04-30,SPY,1.988035798072815
2025-05-01,SPY,2.3112852573394775
2025-05-02,SPY,2.342961311340332
2025-05-05,SPY,2.2136828899383545
2025-05-06,SPY,2.2776739597320557
2025-05-07,SPY,2.1995503902435303
2025-05-08,SPY,2.694953203201294
2025-05-09,SPY,3.262336254119873
2025-05-12,SPY,3.905853271484375
2025-05-13,SPY,-1.1457031965255737
2025-05-14,SPY,0.8444849848747253
2025-05-15,SPY,4.567748069763184
2025-05-16,SPY,4.304331302642822
2025-05-19,SPY,4.93221378326416
2025-05-20,SPY,5.000717639923096
2025-05-21,SPY,4.9451680183410645
2025-05-22,SPY,4.490347862243652
2025-05-23,SPY,4.57716703414917
2025-05-27,SPY,3.7846736907958984
2025-05-28,SPY,2.8480844497680664
2025-05-29,SPY,4.793750286102295
2025-05-30,SPY,4.263866901397705
2025-06-02,SPY,3.095517635345459
2025-06-03,SPY,2.196751117706299
2025-06-04,SPY,4.184789657592773
2025-06-05,SPY,4.88572359085083
2025-06-06,SPY,5.029575347900391
2025-06-09,SPY,3.711533784866333
2025-06-10,SPY,3.870903491973877
2025-06-11,SPY,4.9791669845581055
2025-06-12,SPY,5.373226642608643
2025-06-13,SPY,3.994584321975708
2025-06-16,SPY,3.0794925689697266
2025-06-17,SPY,-1.8538105487823486
2025-06-18,SPY,4.448030471801758
2025-06-20,SPY,4.391351699829102
2025-06-23,SPY,-3.495551586151123
2025-06-24,SPY,-4.940945148468018
2025-06-25,SPY,-3.580915927886963
2025-06-26,SPY,1.2704215049743652
2025-06-27,SPY,0.97113436460495
2025-02-26,MSFT,0.07833528518676758
2025-02-27,MSFT,0.30831000208854675
2025-02-28,MSFT,0.3998497724533081
2025-03-03,MSFT,-0.20169463753700256
2025-03-04,MSFT,-0.2146235555410385
2025-03-05,MSFT,-1.696569561958313
2025-03-06,MSFT,-2.06577730178833
2025-03-07,MSFT,1.1217174530029297
2025-03-10,MSFT,1.2311835289001465
2025-03-11,MSFT,0.406185507774353
2025-03-12,MSFT,0.4996316134929657
2025-03-13,MSFT,0.46998298168182373
2025-03-14,MSFT,0.5863118767738342
2025-03-17,MSFT,0.24511371552944183
2025-03-18,MSFT,0.32316747307777405
2025-03-19,MSFT,0.14969025552272797
2025-03-20,MSFT,0.4959532916545868
2025-03-21,MSFT,0.9183849692344666
2025-03-24,MSFT,0.204692080616951
2025-03-25,MSFT,0.07666018605232239
2025-03-26,MSFT,0.6087565422058105
2025-03-27,MSFT,1.384018898010254
2025-03-28,MSFT,0.552676260471344
2025-03-31,MSFT,0.9844515323638916
2025-04-01,MSFT,0.6913871765136719
2025-04-02,MSFT,-3.2359979152679443
2025-04-03,MSFT,-0.7034512162208557
2025-04-04,MSFT,0.9025701284408569
2025-04-07,MSFT,0.30592918395996094
2025-04-08,MSFT,-0.8578435778617859
2025-04-09,MSFT,-1.4117728471755981
2025-04-10,MSFT,-1.5791471004486084
2025-04-11,MSFT,1.4047268629074097
2025-04-14,MSFT,1.6300989389419556
2025-04-15,MSFT,0.32581791281700134
2025-04-16,MSFT,1.3756566047668457
2025-04-17,MSFT,1.5767656564712524
2025-04-21,MSFT,0.9110538363456726
2025-04-22,MSFT,0.3522738218307495
2025-04-23,MSFT,-0.34996774792671204
2025-04-24,MSFT,-0.6982783675193787
2025-04-25,MSFT,0.2914479672908783
2025-04-28,MSFT,1.8463526964187622
2025-04-29,MSFT,-1.9302359819412231
2025-04-30,MSFT,2.908416271209717
2025-05-01,MSFT,3.164710521697998
2025-05-02,MSFT,2.502234935760498
2025-05-05,MSFT,2.6216671466827393
2025-05-06,MSFT,2.4584171772003174
2025-05-07,MSFT,2.4721081256866455
2025-05-08,MSFT,2.802344799041748
2025-05-09,MSFT,2.2962207794189453
2025-05-12,MSFT,1.0992234945297241
2025-05-13,MSFT,-2.0893261432647705
2025-05-14,MSFT,-3.178189992904663
2025-05-15,MSFT,-1.8564801216125488
2025-05-16,MSFT,1.9045308828353882
2025-05-19,MSFT,3.1390867233276367
2025-05-20,MSFT,-0.9917382597923279
2025-05-21,MSFT,-0.13089893758296967
2025-05-22,MSFT,2.8613076210021973
2025-05-23,MSFT,2.57676100730896
2025-05-27,MSFT,3.05785870552063
2025-05-28,MSFT,1.2042155265808105
2025-05-29,MSFT,3.1234676837921143
2025-05-30,MSFT,3.4656822681427
2025-06-02,MSFT,0.8160846829414368
2025-06-03,MSFT,0.2914416790008545
2025-06-04,MSFT,2.216320037841797
2025-06-05,MSFT,1.6680971384048462
2025-06-06,MSFT,0.07140376418828964
2025-06-09,MSFT,-0.2831372320652008
2025-06-10,MSFT,-0.2901614308357239
2025-06-11,MSFT,1.552422046661377
2025-06-12,MSFT,-2.341799736022949
2025-06-13,MSFT,-3.986375570297241
2025-06-16,MSFT,-2.5495893955230713
2025-06-17,MSFT,-2.810292959213257
2025-06-18,MSFT,-3.6564581394195557
2025-06-20,MSFT,-3.3392140865325928
2025-06-23,MSFT,-3.417818546295166
2025-06-24,MSFT,-3.7880311012268066
2025-06-25,MSFT,-3.797548770904541
2025-06-26,MSFT,-3.816394090652466
2025-06-27,MSFT,-3.7412779331207275
2025-02-25,EURUSD=X,8.549918174743652
2025-02-26,EURUSD=X,7.994267463684082
2025-02-27,EURUSD=X,3.9019410610198975
2025-02-28,EURUSD=X,11.6625337600708
2025-03-03,EURUSD=X,11.278915405273438
2025-03-04,EURUSD=X,-3.4992926120758057
2025-03-05,EURUSD=X,-16.774391174316406
2025-03-06,EURUSD=X,-16.00813865661621
2025-03-07,EURUSD=X,-13.93569278717041
2025-03-10,EURUSD=X,16.323619842529297
2025-03-11,EURUSD=X,10.280194282531738
2025-03-12,EURUSD=X,-12.863591194152832
2025-03-13,EURUSD=X,11.331029891967773
2025-03-14,EURUSD=X,16.048629760742188
2025-03-17,EURUSD=X,13.364376068115234
2025-03-18,EURUSD=X,-13.473159790039062
2025-03-19,EURUSD=X,-9.491113662719727
2025-03-20,EURUSD=X,14.516871452331543
2025-03-21,EURUSD=X,11.45438289642334
2025-03-24,EURUSD=X,-11.818053245544434
2025-03-25,EURUSD=X,-15.383966445922852
2025-03-26,EURUSD=X,-8.711991310119629
2025-03-27,EURUSD=X,-2.6525306701660156
2025-03-28,EURUSD=X,-1.562753438949585
2025-03-31,EURUSD=X,-12.953561782836914
2025-04-01,EURUSD=X,-6.02529239654541
2025-04-02,EURUSD=X,6.870448589324951
2025-04-03,EURUSD=X,10.456565856933594
2025-04-04,EURUSD=X,-15.300827026367188
2025-04-07,EURUSD=X,-12.564810752868652
2025-04-08,EURUSD=X,10.414597511291504
2025-04-09,EURUSD=X,10.548439025878906
2025-04-10,EURUSD=X,4.140345096588135
2025-04-11,EURUSD=X,-5.708697319030762
2025-04-14,EURUSD=X,-7.310513973236084
2025-04-15,EURUSD=X,9.484975814819336
2025-04-16,EURUSD=X,11.389287948608398
2025-04-17,EURUSD=X,-13.564131736755371
2025-04-22,EURUSD=X,-13.091340065002441
2025-04-23,EURUSD=X,12.50234317779541
2025-04-24,EURUSD=X,9.542092323303223
2025-04-25,EURUSD=X,-12.458946228027344
2025-04-28,EURUSD=X,-12.486770629882812
2025-04-29,EURUSD=X,-10.323299407958984
2025-04-30,EURUSD=X,-4.281599521636963
2025-05-01,EURUSD=X,8.34010124206543
2025-05-02,EURUSD=X,-11.846715927124023
2025-05-05,EURUSD=X,-12.650018692016602
2025-05-06,EURUSD=X,-10.310361862182617
2025-05-07,EURUSD=X,-0.7833849787712097
2025-05-08,EURUSD=X,-7.025603771209717
2025-05-09,EURUSD=X,-0.981836199760437
2025-05-12,EURUSD=X,3.275740146636963
2025-05-13,EURUSD=X,2.101167917251587
2025-05-14,EURUSD=X,1.4419435262680054
2025-05-15,EURUSD=X,-1.9072511196136475
2025-05-16,EURUSD=X,0.3108428716659546
2025-05-19,EURUSD=X,2.710226535797119
2025-05-20,EURUSD=X,2.2032487392425537
2025-05-21,EURUSD=X,1.7156974077224731
2025-05-22,EURUSD=X,2.7405757904052734
2025-05-23,EURUSD=X,3.0923171043395996
2025-05-26,EURUSD=X,3.60908579826355
2025-05-27,EURUSD=X,-0.5304206609725952
2025-05-28,EURUSD=X,-1.4911510944366455
2025-05-29,EURUSD=X,2.7817842960357666
2025-05-30,EURUSD=X,4.483585357666016
2025-06-02,EURUSD=X,-11.3845796585083
2025-06-03,EURUSD=X,-12.12789535522461
2025-06-04,EURUSD=X,-8.053054809570312
2025-06-05,EURUSD=X,3.508345127105713
2025-06-06,EURUSD=X,-9.194348335266113
2025-06-09,EURUSD=X,-13.645527839660645
2025-06-10,EURUSD=X,-10.130446434020996
2025-06-11,EURUSD=X,12.091382026672363
2025-06-12,EURUSD=X,-11.179925918579102
2025-06-13,EURUSD=X,-13.454907417297363
2025-06-16,EURUSD=X,-11.12698745727539
2025-06-17,EURUSD=X,13.41259765625
2025-06-18,EURUSD=X,2.683751106262207
2025-06-19,EURUSD=X,-10.096094131469727
2025-06-20,EURUSD=X,-12.587738037109375
2025-06-23,EURUSD=X,-11.06616497039795
2025-06-24,EURUSD=X,-10.180241584777832
2025-06-25,EURUSD=X,-13.51994800567627
2025-06-26,EURUSD=X,-12.53752613067627
2025-06-27,EURUSD=X,-7.701677322387695
2025-02-26,NVDA,0.4652707576751709
2025-02-27,NVDA,-0.30723074078559875
2025-02-28,NVDA,-0.10821609944105148
2025-03-03,NVDA,0.07756289094686508
2025-03-04,NVDA,0.49744486808776855
2025-03-05,NVDA,0.35418811440467834
2025-03-06,NVDA,0.01762779802083969
2025-03-07,NVDA,0.6228682398796082
2025-03-10,NVDA,0.6094375252723694
2025-03-11,NVDA,0.47565701603889465
2025-03-12,NVDA,0.4676131010055542
2025-03-13,NVDA,0.41983938217163086
2025-03-14,NVDA,0.575160562992096
2025-03-17,NVDA,0.4195312261581421
2025-03-18,NVDA,0.5197405815124512
2025-03-19,NVDA,0.4073560833930969
2025-03-20,NVDA,0.453681617975235
2025-03-21,NVDA,0.33744755387306213
2025-03-24,NVDA,0.4482129216194153
2025-03-25,NVDA,0.393553227186203
2025-03-26,NVDA,0.306302011013031
2025-03-27,NVDA,0.5972549915313721
2025-03-28,NVDA,0.3100070357322693
2025-03-31,NVDA,-0.05138950049877167
2025-04-01,NVDA,-0.05273759737610817
2025-04-02,NVDA,-0.6813912391662598
2025-04-03,NVDA,-0.08309955149888992
2025-04-04,NVDA,0.41680851578712463
2025-04-07,NVDA,0.17856839299201965
2025-04-08,NVDA,-0.047129854559898376
2025-04-09,NVDA,0.521515429019928
2025-04-10,NVDA,0.21822480857372284
2025-04-11,NVDA,0.5508474111557007
2025-04-14,NVDA,0.6597330570220947
2025-04-15,NVDA,0.5531695485115051
2025-04-16,NVDA,0.5507665276527405
2025-04-17,NVDA,0.6419563293457031
2025-04-21,NVDA,0.436015784740448
2025-04-22,NVDA,0.17488694190979004
2025-04-23,NVDA,0.0726996660232544
2025-04-24,NVDA,-0.05236866697669029
2025-04-25,NVDA,0.173611581325531
2025-04-28,NVDA,0.4340001344680786
2025-04-29,NVDA,-0.14463011920452118
2025-04-30,NVDA,0.7832449078559875
2025-05-01,NVDA,0.9952717423439026
2025-05-02,NVDA,1.0762443542480469
2025-05-05,NVDA,0.917596161365509
2025-05-06,NVDA,0.9564272165298462
2025-05-07,NVDA,0.9954821467399597
2025-05-08,NVDA,1.1907031536102295
2025-05-09,NVDA,1.3484642505645752
2025-05-12,NVDA,1.666763186454773
2025-05-13,NVDA,-0.9184634685516357
2025-05-14,NVDA,-1.7544316053390503
2025-05-15,NVDA,-0.6509675979614258
2025-05-16,NVDA,1.5885037183761597
2025-05-19,NVDA,1.6471110582351685
2025-05-20,NVDA,-0.3855992257595062
2025-05-21,NVDA,0.07644545286893845
2025-05-22,NVDA,2.0313282012939453
2025-05-23,NVDA,1.7764804363250732
2025-05-27,NVDA,-0.5369955897331238
2025-05-28,NVDA,-0.6296066641807556
2025-05-29,NVDA,1.4023048877716064
2025-05-30,NVDA,1.3605372905731201
2025-06-02,NVDA,0.9627571105957031
2025-06-03,NVDA,-0.5148552060127258
2025-06-04,NVDA,-0.8573632836341858
2025-06-05,NVDA,1.3037891387939453
2025-06-06,NVDA,2.0031039714813232
2025-06-09,NVDA,0.739513099193573
2025-06-10,NVDA,-0.1518484503030777
2025-06-11,NVDA,1.0112546682357788
2025-06-12,NVDA,1.8091435432434082
2025-06-13,NVDA,1.1085718870162964
2025-06-16,NVDA,-0.3445792496204376
2025-06-17,NVDA,-1.8250097036361694
2025-06-18,NVDA,-0.1330767124891281
2025-06-20,NVDA,1.561295747756958
2025-06-23,NVDA,-1.0830179452896118
2025-06-24,NVDA,-1.7709708213806152
2025-06-25,NVDA,-2.014150857925415
2025-06-26,NVDA,-1.9839586019515991
2025-06-27,NVDA,-1.0870190858840942
2025-02-26,AAPL,-0.24023206532001495
2025-02-27,AAPL,2.6188836097717285
2025-02-28,AAPL,3.1543474197387695
2025-03-03,AAPL,-4.843299865722656
2025-03-04,AAPL,-1.4498436450958252
2025-03-05,AAPL,1.1521680355072021
2025-03-06,AAPL,-3.4558568000793457
2025-03-07,AAPL,-3.1172661781311035
2025-03-10,AAPL,-0.5664294362068176
2025-03-11,AAPL,1.7802964448928833
2025-03-12,AAPL,1.6884734630584717
2025-03-13,AAPL,0.5452284812927246
2025-03-14,AAPL,0.26116499304771423
2025-03-17,AAPL,1.1057281494140625
2025-03-18,AAPL,1.324546456336975
2025-03-19,AAPL,1.0008915662765503
2025-03-20,AAPL,0.650763988494873
2025-03-21,AAPL,0.9289050698280334
2025-03-24,AAPL,1.0839637517929077
2025-03-25,AAPL,0.8383626937866211
2025-03-26,AAPL,0.2010876089334488
2025-03-27,AAPL,0.768333911895752
2025-03-28,AAPL,0.5761915445327759
2025-03-31,AAPL,0.8655364513397217
2025-04-01,AAPL,0.7959622144699097
2025-04-02,AAPL,0.47442206740379333
2025-04-03,AAPL,0.6364349126815796
2025-04-04,AAPL,1.0648996829986572
2025-04-07,AAPL,0.5070260763168335
2025-04-08,AAPL,-0.5499318838119507
2025-04-09,AAPL,-0.4999660551548004
2025-04-10,AAPL,-0.7311641573905945
2025-04-11,AAPL,0.21271561086177826
2025-04-14,AAPL,0.4145682156085968
2025-04-15,AAPL,-0.6835610866546631
2025-04-16,AAPL,0.919705331325531
2025-04-17,AAPL,1.1132975816726685
2025-04-21,AAPL,0.8077508807182312
2025-04-22,AAPL,0.39246463775634766
2025-04-23,AAPL,0.6174406409263611
2025-04-24,AAPL,0.5714022517204285
2025-04-25,AAPL,0.7363589406013489
2025-04-28,AAPL,1.0131627321243286
2025-04-29,AAPL,0.3898855447769165
2025-04-30,AAPL,1.1137856245040894
2025-05-01,AAPL,1.3161730766296387
2025-05-02,AAPL,1.1015969514846802
2025-05-05,AAPL,1.0730531215667725
2025-05-06,AAPL,0.9502267837524414
2025-05-07,AAPL,-0.01419847086071968
2025-05-08,AAPL,0.3579886853694916
2025-05-09,AAPL,0.35476741194725037
2025-05-12,AAPL,-0.34187015891075134
2025-05-13,AAPL,-2.8845736980438232
2025-05-14,AAPL,-0.6949478387832642
2025-05-15,AAPL,2.3122787475585938
2025-05-16,AAPL,2.3621606826782227
2025-05-19,AAPL,2.385453224182129
2025-05-20,AAPL,1.747930645942688
2025-05-21,AAPL,1.2657428979873657
2025-05-22,AAPL,1.1079607009887695
2025-05-23,AAPL,0.5601021647453308
2025-05-27,AAPL,-0.02139715477824211
2025-05-28,AAPL,-0.4716201722621918
2025-05-29,AAPL,0.30203545093536377
2025-05-30,AAPL,-0.06504246592521667
2025-06-02,AAPL,-0.6875269412994385
2025-06-03,AAPL,0.8873319029808044
2025-06-04,AAPL,1.3186557292938232
2025-06-05,AAPL,1.2751117944717407
2025-06-06,AAPL,1.269302248954773
2025-06-09,AAPL,0.9727953672409058
2025-06-10,AAPL,1.0162469148635864
2025-06-11,AAPL,0.7347112894058228
2025-06-12,AAPL,1.0052329301834106
2025-06-13,AAPL,0.5758127570152283
2025-06-16,AAPL,0.4376063644886017
2025-06-17,AAPL,0.10815710574388504
2025-06-18,AAPL,0.40070968866348267
2025-06-20,AAPL,0.050745878368616104
2025-06-23,AAPL,-2.704444169998169
2025-06-24,AAPL,0.07356003671884537
2025-06-25,AAPL,1.2111823558807373
2025-06-26,AAPL,0.9292187690734863
2025-06-27,AAPL,1.2833541631698608
2025-02-26,GC=F,6.222876071929932
2025-02-27,GC=F,-0.4378449022769928
2025-02-28,GC=F,3.3806042671203613
2025-03-03,GC=F,5.049369812011719
2025-03-04,GC=F,-7.525900840759277
2025-03-05,GC=F,-7.174051284790039
2025-03-06,GC=F,4.1910624504089355
2025-03-07,GC=F,0.9528472423553467
2025-03-10,GC=F,5.973258018493652
2025-03-11,GC=F,6.070865631103516
2025-03-12,GC=F,-4.620500087738037
2025-03-13,GC=F,0.1356227993965149
2025-03-14,GC=F,6.363500595092773
2025-03-17,GC=F,1.8274332284927368
2025-03-18,GC=F,4.85435676574707
2025-03-19,GC=F,5.341440200805664
2025-03-20,GC=F,-1.2305487394332886
2025-03-21,GC=F,3.5167534351348877
2025-03-24,GC=F,2.8362600803375244
2025-03-25,GC=F,-5.675541877746582
2025-03-26,GC=F,-7.020248889923096
2025-03-27,GC=F,-2.1757750511169434
2025-03-28,GC=F,-4.243525981903076
2025-03-31,GC=F,-7.121448516845703
2025-04-01,GC=F,-7.555359840393066
2025-04-02,GC=F,-6.145927906036377
2025-04-03,GC=F,-4.2456841468811035
2025-04-04,GC=F,2.0500454902648926
2025-04-07,GC=F,7.024886608123779
2025-04-08,GC=F,2.557877779006958
2025-04-09,GC=F,-5.386062145233154
2025-04-10,GC=F,-6.9066972732543945
2025-04-11,GC=F,-6.586249351501465
2025-04-14,GC=F,-0.016576936468482018
2025-04-15,GC=F,1.876456379890442
2025-04-16,GC=F,-4.869072437286377
2025-04-17,GC=F,-2.8809218406677246
2025-04-21,GC=F,7.094916820526123
2025-04-22,GC=F,6.225884437561035
2025-04-23,GC=F,4.360609531402588
2025-04-24,GC=F,5.175490856170654
2025-04-25,GC=F,1.7458802461624146
2025-04-28,GC=F,2.9330687522888184
2025-04-29,GC=F,-0.6308158040046692
2025-04-30,GC=F,-5.770679473876953
2025-05-01,GC=F,-4.641657829284668
2025-05-02,GC=F,2.141427516937256
2025-05-05,GC=F,-3.6390295028686523
2025-05-06,GC=F,-4.990841865539551
2025-05-07,GC=F,-2.990540027618408
2025-05-08,GC=F,3.1040706634521484
2025-05-09,GC=F,5.656997203826904
2025-05-12,GC=F,3.482354164123535
2025-05-13,GC=F,4.368308067321777
2025-05-14,GC=F,3.1346397399902344
2025-05-15,GC=F,2.4794373512268066
2025-05-16,GC=F,0.8330405950546265
2025-05-19,GC=F,-1.1858881711959839
2025-05-20,GC=F,-0.1196720078587532
2025-05-21,GC=F,2.003979444503784
2025-05-22,GC=F,2.8563432693481445
2025-05-23,GC=F,2.0340139865875244
2025-05-27,GC=F,2.571446180343628
2025-05-28,GC=F,3.3298110961914062
2025-05-29,GC=F,2.4513304233551025
2025-05-30,GC=F,2.171699285507202
2025-06-02,GC=F,2.181072473526001
2025-06-03,GC=F,1.7751308679580688
2025-06-04,GC=F,1.4384740591049194
2025-06-05,GC=F,3.0034170150756836
2025-06-06,GC=F,3.622260808944702
2025-06-09,GC=F,2.1875760555267334
2025-06-10,GC=F,1.5661922693252563
2025-06-11,GC=F,1.1864022016525269
2025-06-12,GC=F,-1.2971248626708984
2025-06-13,GC=F,-4.6467766761779785
2025-06-16,GC=F,-2.8561506271362305
2025-06-17,GC=F,5.251405239105225
2025-06-18,GC=F,5.583992958068848
2025-06-20,GC=F,-1.7950537204742432
2025-06-23,GC=F,4.284909248352051
2025-06-24,GC=F,2.902604579925537
2025-06-25,GC=F,2.8684120178222656
2025-06-26,GC=F,1.957911729812622
2025-06-27,GC=F,-3.9040346145629883
2025-02-25,GBPUSD=X,-9.978058815002441
2025-02-26,GBPUSD=X,8.359964370727539
2025-02-27,GBPUSD=X,-6.95457124710083
2025-02-28,GBPUSD=X,-8.472312927246094
2025-03-03,GBPUSD=X,-0.7644096612930298
2025-03-04,GBPUSD=X,-13.140588760375977
2025-03-05,GBPUSD=X,-16.385536193847656
2025-03-06,GBPUSD=X,-15.786297798156738
2025-03-07,GBPUSD=X,-14.536383628845215
2025-03-10,GBPUSD=X,-7.779574394226074
2025-03-11,GBPUSD=X,-5.515226364135742
2025-03-12,GBPUSD=X,-13.670384407043457
2025-03-13,GBPUSD=X,-10.930927276611328
2025-03-14,GBPUSD=X,7.5052337646484375
2025-03-17,GBPUSD=X,-4.067497253417969
2025-03-18,GBPUSD=X,-14.574325561523438
2025-03-19,GBPUSD=X,-13.231472969055176
2025-03-20,GBPUSD=X,-6.192094326019287
2025-03-21,GBPUSD=X,-9.759638786315918
2025-03-24,GBPUSD=X,-10.986001014709473
2025-03-25,GBPUSD=X,-12.282485961914062
2025-03-26,GBPUSD=X,-15.198121070861816
2025-03-27,GBPUSD=X,-16.102352142333984
2025-03-28,GBPUSD=X,4.595354080200195
2025-03-31,GBPUSD=X,-15.952286720275879
2025-04-01,GBPUSD=X,-15.982015609741211
2025-04-02,GBPUSD=X,3.806183338165283
2025-04-03,GBPUSD=X,-13.05905532836914
2025-04-04,GBPUSD=X,-17.58152198791504
2025-04-07,GBPUSD=X,2.6764471530914307
2025-04-08,GBPUSD=X,7.620520114898682
2025-04-09,GBPUSD=X,5.7073869705200195
2025-04-10,GBPUSD=X,-12.710407257080078
2025-04-11,GBPUSD=X,-14.495076179504395
2025-04-14,GBPUSD=X,-7.048562049865723
2025-04-15,GBPUSD=X,4.283824443817139
2025-04-16,GBPUSD=X,-13.786417007446289
2025-04-17,GBPUSD=X,-15.828478813171387
2025-04-22,GBPUSD=X,3.193373680114746
2025-04-23,GBPUSD=X,11.54141616821289
2025-04-24,GBPUSD=X,7.864242076873779
2025-04-25,GBPUSD=X,-14.099700927734375
2025-04-28,GBPUSD=X,-3.7357590198516846
2025-04-29,GBPUSD=X,6.831808090209961
2025-04-30,GBPUSD=X,-10.015707015991211
2025-05-01,GBPUSD=X,-11.17579460144043
2025-05-02,GBPUSD=X,-13.348389625549316
2025-05-05,GBPUSD=X,-14.94013786315918
2025-05-06,GBPUSD=X,-15.03405475616455
2025-05-07,GBPUSD=X,-13.7247314453125
2025-05-08,GBPUSD=X,-14.44929313659668
2025-05-09,GBPUSD=X,-12.769301414489746
2025-05-12,GBPUSD=X,-2.8956806659698486
2025-05-13,GBPUSD=X,-13.011308670043945
2025-05-14,GBPUSD=X,-6.176238536834717
2025-05-15,GBPUSD=X,-11.376588821411133
2025-05-16,GBPUSD=X,-12.41071605682373
2025-05-19,GBPUSD=X,-3.861178398132324
2025-05-20,GBPUSD=X,-10.530016899108887
2025-05-21,GBPUSD=X,-12.081947326660156
2025-05-22,GBPUSD=X,7.345142364501953
2025-05-23,GBPUSD=X,12.841463088989258
2025-05-26,GBPUSD=X,5.097523212432861
2025-05-27,GBPUSD=X,-9.200581550598145
2025-05-28,GBPUSD=X,-6.973928451538086
2025-05-29,GBPUSD=X,5.578873157501221
2025-05-30,GBPUSD=X,8.944633483886719
2025-06-02,GBPUSD=X,-15.781689643859863
2025-06-03,GBPUSD=X,-15.470151901245117
2025-06-04,GBPUSD=X,-15.310280799865723
2025-06-05,GBPUSD=X,-13.344018936157227
2025-06-06,GBPUSD=X,-15.044635772705078
2025-06-09,GBPUSD=X,-15.643553733825684
2025-06-10,GBPUSD=X,-12.667603492736816
2025-06-11,GBPUSD=X,-2.3242347240448
2025-06-12,GBPUSD=X,-12.525349617004395
2025-06-13,GBPUSD=X,-15.53356647491455
2025-06-16,GBPUSD=X,-14.709952354431152
2025-06-17,GBPUSD=X,9.540152549743652
2025-06-18,GBPUSD=X,3.4083733558654785
2025-06-19,GBPUSD=X,6.371153831481934
2025-06-20,GBPUSD=X,-12.010485649108887
2025-06-23,GBPUSD=X,-15.8578462600708
2025-06-24,GBPUSD=X,-10.785904884338379
2025-06-25,GBPUSD=X,-15.284103393554688
2025-06-26,GBPUSD=X,-16.206119537353516
2025-06-27,GBPUSD=X,-13.242740631103516
2025-02-26,GOOGL,0.6079355478286743
2025-02-27,GOOGL,0.5457605719566345
2025-02-28,GOOGL,0.19459949433803558
2025-03-03,GOOGL,0.15235905349254608
2025-03-04,GOOGL,0.3047935962677002
2025-03-05,GOOGL,-0.2415875345468521
2025-03-06,GOOGL,-0.015412773005664349
2025-03-07,GOOGL,0.45018815994262695
2025-03-10,GOOGL,0.19559313356876373
2025-03-11,GOOGL,0.386597216129303
2025-03-12,GOOGL,0.27897608280181885
2025-03-13,GOOGL,-0.4765931963920593
2025-03-14,GOOGL,0.09225627779960632
2025-03-17,GOOGL,-0.10495764762163162
2025-03-18,GOOGL,-0.35223498940467834
2025-03-19,GOOGL,-0.09484366327524185
2025-03-20,GOOGL,-0.49583902955055237
2025-03-21,GOOGL,-0.24617736041545868
2025-03-24,GOOGL,0.2098848670721054
2025-03-25,GOOGL,-0.8834901452064514
2025-03-26,GOOGL,-0.5707944631576538
2025-03-27,GOOGL,0.9308217167854309
2025-03-28,GOOGL,0.7034189105033875
2025-03-31,GOOGL,0.2059803307056427
2025-04-01,GOOGL,-0.17850209772586823
2025-04-02,GOOGL,-0.8856299519538879
2025-04-03,GOOGL,0.06474403291940689
2025-04-04,GOOGL,0.41420936584472656
2025-04-07,GOOGL,-0.6654541492462158
2025-04-08,GOOGL,-0.8606963157653809
2025-04-09,GOOGL,0.33614471554756165
2025-04-10,GOOGL,-0.006587822921574116
2025-04-11,GOOGL,0.34799090027809143
2025-04-14,GOOGL,0.5143103003501892
2025-04-15,GOOGL,0.1955658346414566
2025-04-16,GOOGL,0.8753044605255127
2025-04-17,GOOGL,0.8876086473464966
2025-04-21,GOOGL,0.46796905994415283
2025-04-22,GOOGL,0.30334144830703735
2025-04-23,GOOGL,-0.12035974115133286
2025-04-24,GOOGL,-0.5466285943984985
2025-04-25,GOOGL,0.18779146671295166
2025-04-28,GOOGL,0.997606635093689
2025-04-29,GOOGL,0.007134873885661364
2025-04-30,GOOGL,1.5678664445877075
2025-05-01,GOOGL,1.7151737213134766
2025-05-02,GOOGL,1.080461025238037
2025-05-05,GOOGL,1.6397463083267212
2025-05-06,GOOGL,1.7425779104232788
2025-05-07,GOOGL,1.135099172592163
2025-05-08,GOOGL,1.6515406370162964
2025-05-09,GOOGL,0.18943125009536743
2025-05-12,GOOGL,-2.796834945678711
2025-05-13,GOOGL,-3.020456314086914
2025-05-14,GOOGL,-3.19887638092041
2025-05-15,GOOGL,-2.5197336673736572
2025-05-16,GOOGL,1.0905168056488037
2025-05-19,GOOGL,1.9588713645935059
2025-05-20,GOOGL,3.359941005706787
2025-05-21,GOOGL,3.187105178833008
2025-05-22,GOOGL,0.36541464924812317
2025-05-23,GOOGL,1.0348165035247803
2025-05-27,GOOGL,2.455246925354004
2025-05-28,GOOGL,1.8697655200958252
2025-05-29,GOOGL,0.08266368508338928
2025-05-30,GOOGL,0.9258737564086914
2025-06-02,GOOGL,-2.6344785690307617
2025-06-03,GOOGL,-1.705708622932434
2025-06-04,GOOGL,0.759560227394104
2025-06-05,GOOGL,-3.4755687713623047
2025-06-06,GOOGL,-2.9952552318573
2025-06-09,GOOGL,-2.354532480239868
2025-06-10,GOOGL,-3.1030614376068115
2025-06-11,GOOGL,-0.9711720943450928
2025-06-12,GOOGL,2.7458136081695557
2025-06-13,GOOGL,1.412762999534607
2025-06-16,GOOGL,2.245356559753418
2025-06-17,GOOGL,1.7676799297332764
2025-06-18,GOOGL,2.6574504375457764
2025-06-20,GOOGL,1.5856045484542847
2025-06-23,GOOGL,1.5163944959640503
2025-06-24,GOOGL,-1.0872749090194702
2025-06-25,GOOGL,-3.501279354095459
2025-06-26,GOOGL,-3.582298994064331
2025-06-27,GOOGL,-3.3672029972076416
2025-02-25,USDJPY=X,0.49647220969200134
2025-02-26,USDJPY=X,-0.8922640681266785
2025-02-27,USDJPY=X,-0.2884516417980194
2025-02-28,USDJPY=X,1.1431267261505127
2025-03-03,USDJPY=X,-0.10194963961839676
2025-03-04,USDJPY=X,-1.9338010549545288
2025-03-05,USDJPY=X,1.6449635028839111
2025-03-06,USDJPY=X,1.811031460762024
2025-03-07,USDJPY=X,1.8241380453109741
2025-03-10,USDJPY=X,0.8050483465194702
2025-03-11,USDJPY=X,0.20655372738838196
2025-03-12,USDJPY=X,1.0971676111221313
2025-03-13,USDJPY=X,-0.08929963409900665
2025-03-14,USDJPY=X,-1.3953356742858887
2025-03-17,USDJPY=X,1.0247068405151367
2025-03-18,USDJPY=X,1.1277954578399658
2025-03-19,USDJPY=X,-1.8498929738998413
2025-03-20,USDJPY=X,1.1800997257232666
2025-03-21,USDJPY=X,3.371033191680908
2025-03-24,USDJPY=X,1.7210181951522827
2025-03-25,USDJPY=X,-3.329697847366333
2025-03-26,USDJPY=X,0.5910637974739075
2025-03-27,USDJPY=X,4.062200546264648
2025-03-28,USDJPY=X,4.260699272155762
2025-03-31,USDJPY=X,-6.517987251281738
2025-04-01,USDJPY=X,2.1166117191314697
2025-04-02,USDJPY=X,3.4191946983337402
2025-04-03,USDJPY=X,2.097425937652588
2025-04-04,USDJPY=X,2.2244911193847656
2025-04-07,USDJPY=X,-3.78092885017395
2025-04-08,USDJPY=X,-2.5124006271362305
2025-04-09,USDJPY=X,-1.2280749082565308
2025-04-10,USDJPY=X,0.8575531244277954
2025-04-11,USDJPY=X,-0.24362635612487793
2025-04-14,USDJPY=X,3.498141050338745
2025-04-15,USDJPY=X,1.870764136314392
2025-04-16,USDJPY=X,0.1760048121213913
2025-04-17,USDJPY=X,3.0866005420684814
2025-04-22,USDJPY=X,2.6766700744628906
2025-04-23,USDJPY=X,0.7448346018791199
2025-04-24,USDJPY=X,0.8339565396308899
2025-04-25,USDJPY=X,1.9634616374969482
2025-04-28,USDJPY=X,2.4436569213867188
2025-04-29,USDJPY=X,1.217511773109436
2025-04-30,USDJPY=X,2.162487030029297
2025-05-01,USDJPY=X,0.7632831335067749
2025-05-02,USDJPY=X,1.5582443475723267
2025-05-05,USDJPY=X,0.885524332523346
2025-05-06,USDJPY=X,2.1512157917022705
2025-05-07,USDJPY=X,2.183323860168457
2025-05-08,USDJPY=X,1.431973934173584
2025-05-09,USDJPY=X,-1.8270959854125977
2025-05-12,USDJPY=X,-6.285808563232422
2025-05-13,USDJPY=X,3.116974353790283
2025-05-14,USDJPY=X,4.238000869750977
2025-05-15,USDJPY=X,2.6651227474212646
2025-05-16,USDJPY=X,3.6784276962280273
2025-05-19,USDJPY=X,4.1128926277160645
2025-05-20,USDJPY=X,4.291135311126709
2025-05-21,USDJPY=X,-1.3476588726043701
2025-05-22,USDJPY=X,-6.341701507568359
2025-05-23,USDJPY=X,-0.9384395480155945
2025-05-26,USDJPY=X,1.671372413635254
2025-05-27,USDJPY=X,3.5992558002471924
2025-05-28,USDJPY=X,-0.17380475997924805
2025-05-29,USDJPY=X,-7.780496120452881
2025-05-30,USDJPY=X,-6.893273830413818
2025-06-02,USDJPY=X,4.6850762367248535
2025-06-03,USDJPY=X,3.513779640197754
2025-06-04,USDJPY=X,3.3493869304656982
2025-06-05,USDJPY=X,1.538936734199524
2025-06-06,USDJPY=X,2.3032546043395996
2025-06-09,USDJPY=X,2.2736704349517822
2025-06-10,USDJPY=X,0.5385002493858337
2025-06-11,USDJPY=X,-0.04729383811354637
2025-06-12,USDJPY=X,2.167433261871338
2025-06-13,USDJPY=X,3.3805904388427734
2025-06-16,USDJPY=X,3.31149959564209
2025-06-17,USDJPY=X,-7.455633163452148
2025-06-18,USDJPY=X,-5.491329193115234
2025-06-19,USDJPY=X,2.4083638191223145
2025-06-20,USDJPY=X,4.784555435180664
2025-06-23,USDJPY=X,-0.9434700608253479
2025-06-24,USDJPY=X,-3.1678807735443115
2025-06-25,USDJPY=X,7.780195713043213
2025-06-26,USDJPY=X,6.157724857330322
2025-06-27,USDJPY=X,5.561855316162109
2025-02-26,META,-0.38708749413490295
2025-02-27,META,-2.1195735931396484
2025-02-28,META,0.22225834429264069
2025-03-03,META,0.750495433807373
2025-03-04,META,1.2456542253494263
2025-03-05,META,1.3262197971343994
2025-03-06,META,0.3999594748020172
2025-03-07,META,0.9007399082183838
2025-03-10,META,0.8762887716293335
2025-03-11,META,0.48954907059669495
2025-03-12,META,0.18149356544017792
2025-03-13,META,0.2247922569513321
2025-03-14,META,0.5579065084457397
2025-03-17,META,0.13192322850227356
2025-03-18,META,0.12027368694543839
2025-03-19,META,0.30335378646850586
2025-03-20,META,0.2912183403968811
2025-03-21,META,0.19223760068416595
2025-03-24,META,-0.1470833271741867
2025-03-25,META,-0.22251605987548828
2025-03-26,META,0.07465530931949615
2025-03-27,META,0.8278581500053406
2025-03-28,META,0.5229369401931763
2025-03-31,META,0.4103514850139618
2025-04-01,META,0.35869255661964417
2025-04-02,META,-0.35532182455062866
2025-04-03,META,0.11445352435112
2025-04-04,META,0.46950390934944153
2025-04-07,META,-0.11733777821063995
2025-04-08,META,-1.0485239028930664
2025-04-09,META,-0.009495972655713558
2025-04-10,META,0.026218829676508904
2025-04-11,META,0.6152532696723938
2025-04-14,META,0.6309893131256104
2025-04-15,META,0.2831554412841797
2025-04-16,META,0.5763757228851318
2025-04-17,META,0.6323743462562561
2025-04-21,META,0.26031386852264404
2025-04-22,META,0.059668589383363724
2025-04-23,META,0.16051344573497772
2025-04-24,META,0.11506608873605728
2025-04-25,META,0.39877215027809143
2025-04-28,META,0.6200076341629028
2025-04-29,META,0.21363119781017303
2025-04-30,META,0.7031449675559998
2025-05-01,META,0.7736119031906128
2025-05-02,META,0.7551287412643433
2025-05-05,META,0.8423457145690918
2025-05-06,META,0.9381449222564697
2025-05-07,META,0.9186052083969116
2025-05-08,META,0.8278535604476929
2025-05-09,META,0.8450571894645691
2025-05-12,META,1.0616272687911987
2025-05-13,META,0.8382880687713623
2025-05-14,META,-0.04482179880142212
2025-05-15,META,2.188178062438965
2025-05-16,META,2.579820394515991
2025-05-19,META,2.659956216812134
2025-05-20,META,2.2376558780670166
2025-05-21,META,1.740584373474121
2025-05-22,META,2.3332648277282715
2025-05-23,META,2.3776137828826904
2025-05-27,META,2.4420039653778076
2025-05-28,META,2.007533550262451
2025-05-29,META,2.651744842529297
2025-05-30,META,2.650988817214966
2025-06-02,META,2.1756398677825928
2025-06-03,META,0.25679367780685425
2025-06-04,META,2.7285525798797607
2025-06-05,META,2.919372797012329
2025-06-06,META,3.00740909576416
2025-06-09,META,3.056330442428589
2025-06-10,META,2.6855664253234863
2025-06-11,META,2.7184090614318848
2025-06-12,META,2.9908862113952637
2025-06-13,META,2.2891952991485596
2025-06-16,META,-0.30848008394241333
2025-06-17,META,-1.1213093996047974
2025-06-18,META,1.106355905532837
2025-06-20,META,2.041783571243286
2025-06-23,META,1.7742958068847656
2025-06-24,META,-2.6287841796875
2025-06-25,META,-2.4678492546081543
2025-06-26,META,0.6707072257995605
2025-06-27,META,-0.3500504791736603
2025-02-26,AMZN,0.49151667952537537
2025-02-27,AMZN,1.07291579246521
2025-02-28,AMZN,0.9263784289360046
2025-03-03,AMZN,0.4983031451702118
2025-03-04,AMZN,0.7408199906349182
2025-03-05,AMZN,0.5188475847244263
2025-03-06,AMZN,0.3586329221725464
2025-03-07,AMZN,0.658382773399353
2025-03-10,AMZN,0.4612865746021271
2025-03-11,AMZN,0.19250759482383728
2025-03-12,AMZN,0.3008294403553009
2025-03-13,AMZN,0.2753945291042328
2025-03-14,AMZN,0.41776809096336365
2025-03-17,AMZN,0.23443986475467682
2025-03-18,AMZN,0.23025698959827423
2025-03-19,AMZN,0.16479866206645966
2025-03-20,AMZN,0.2296895533800125
2025-03-21,AMZN,0.3015359342098236
2025-03-24,AMZN,0.049396734684705734
2025-03-25,AMZN,-0.3912932276725769
2025-03-26,AMZN,0.2342149317264557
2025-03-27,AMZN,1.1118543148040771
2025-03-28,AMZN,0.655646562576294
2025-03-31,AMZN,0.7952936887741089
2025-04-01,AMZN,0.5279807448387146
2025-04-02,AMZN,-0.8440404534339905
2025-04-03,AMZN,-0.006681764964014292
2025-04-04,AMZN,0.7187680602073669
2025-04-07,AMZN,-0.12155351042747498
2025-04-08,AMZN,-1.7259060144424438
2025-04-09,AMZN,0.22741840779781342
2025-04-10,AMZN,0.12275918573141098
2025-04-11,AMZN,0.7732079029083252
2025-04-14,AMZN,0.8428362607955933
2025-04-15,AMZN,0.1445634812116623
2025-04-16,AMZN,0.7320613265037537
2025-04-17,AMZN,0.8743440508842468
2025-04-21,AMZN,0.4573330283164978
2025-04-22,AMZN,-0.0461520291864872
2025-04-23,AMZN,0.3239816129207611
2025-04-24,AMZN,0.20978225767612457
2025-04-25,AMZN,0.45551079511642456
2025-04-28,AMZN,0.9888908267021179
2025-04-29,AMZN,0.7440630197525024
2025-04-30,AMZN,1.1676592826843262
2025-05-01,AMZN,1.2153764963150024
2025-05-02,AMZN,1.0707998275756836
2025-05-05,AMZN,1.0913206338882446
2025-05-06,AMZN,1.1172517538070679
2025-05-07,AMZN,0.8819314241409302
2025-05-08,AMZN,0.5842092037200928
2025-05-09,AMZN,1.3253988027572632
2025-05-12,AMZN,1.5553538799285889
2025-05-13,AMZN,-1.7151398658752441
2025-05-14,AMZN,-1.0500751733779907
2025-05-15,AMZN,2.976788282394409
2025-05-16,AMZN,3.076746702194214
2025-05-19,AMZN,3.065971851348877
2025-05-20,AMZN,2.226604461669922
2025-05-21,AMZN,2.5604493618011475
2025-05-22,AMZN,2.388322353363037
2025-05-23,AMZN,2.838197946548462
2025-05-27,AMZN,1.6031818389892578
2025-05-28,AMZN,2.1295793056488037
2025-05-29,AMZN,3.148822784423828
2025-05-30,AMZN,2.710261583328247
2025-06-02,AMZN,2.468564987182617
2025-06-03,AMZN,2.256056308746338
2025-06-04,AMZN,2.4538753032684326
2025-06-05,AMZN,2.532923936843872
2025-06-06,AMZN,2.847783327102661
2025-06-09,AMZN,2.619941234588623
2025-06-10,AMZN,3.1939079761505127
2025-06-11,AMZN,3.1080174446105957
2025-06-12,AMZN,3.0183489322662354
2025-06-13,AMZN,2.957227945327759
2025-06-16,AMZN,1.7016687393188477
2025-06-17,AMZN,1.0650447607040405
2025-06-18,AMZN,2.294306755065918
2025-06-20,AMZN,2.2764554023742676
2025-06-23,AMZN,2.2902989387512207
2025-06-24,AMZN,-0.5341137051582336
2025-06-25,AMZN,-1.6782435178756714
2025-06-26,AMZN,-0.10491500049829483
2025-06-27,AMZN,-2.94474196434021
2025-07-23,USDJPY=X,10.943617820739746
2025-07-24,USDJPY=X,13.26228141784668
2025-07-25,USDJPY=X,-7.2993364334106445
2025-07-28,USDJPY=X,-10.420191764831543
2025-07-29,USDJPY=X,-2.3898744583129883
2025-07-30,USDJPY=X,-0.8463490009307861
2025-07-31,USDJPY=X,1.6902624368667603
2025-08-01,USDJPY=X,1.7253429889678955
2025-08-04,USDJPY=X,3.6826717853546143
2025-08-05,USDJPY=X,12.552669525146484
2025-08-06,USDJPY=X,12.544596672058105
2025-08-07,USDJPY=X,6.722956657409668
2025-08-08,USDJPY=X,9.666646957397461
2025-08-11,USDJPY=X,11.946873664855957
2025-08-12,USDJPY=X,10.90144157409668
2025-08-13,USDJPY=X,10.260310173034668
2025-08-14,USDJPY=X,7.750707149505615
2025-08-15,USDJPY=X,9.738399505615234
2025-08-18,USDJPY=X,11.434109687805176
2025-08-19,USDJPY=X,6.894404411315918
2025-08-20,USDJPY=X,-2.014418601989746
2025-08-21,USDJPY=X,13.223501205444336
2025-08-22,USDJPY=X,13.218318939208984
2025-08-25,USDJPY=X,10.538739204406738
2025-08-26,USDJPY=X,12.713274002075195
2025-08-27,USDJPY=X,13.131924629211426
2025-08-28,USDJPY=X,11.536355972290039
2025-08-29,USDJPY=X,11.458970069885254
2025-09-01,USDJPY=X,12.390355110168457
2025-09-02,USDJPY=X,11.025899887084961
2025-09-03,USDJPY=X,8.024518966674805
2025-09-04,USDJPY=X,-9.173040390014648
2025-09-05,USDJPY=X,0.9186646342277527
2025-09-08,USDJPY=X,13.145364761352539
2025-09-09,USDJPY=X,13.146783828735352
2025-09-10,USDJPY=X,12.768675804138184
2025-09-11,USDJPY=X,14.138296127319336
2025-09-12,USDJPY=X,12.961743354797363
2025-09-15,USDJPY=X,13.965677261352539
2025-09-16,USDJPY=X,12.523987770080566
2025-09-17,USDJPY=X,13.298556327819824
2025-09-18,USDJPY=X,13.740853309631348
2025-09-19,USDJPY=X,11.138419151306152
2025-09-22,USDJPY=X,-14.26710319519043
2025-09-23,USDJPY=X,4.1458258628845215
2025-09-24,USDJPY=X,11.200368881225586
2025-09-25,USDJPY=X,13.377157211303711
2025-09-26,USDJPY=X,13.826842308044434
2025-09-29,USDJPY=X,12.639474868774414
2025-09-30,USDJPY=X,14.530431747436523
2025-10-01,USDJPY=X,14.74579906463623
2025-10-02,USDJPY=X,14.13930606842041
2025-10-03,USDJPY=X,14.033808708190918
2025-10-06,USDJPY=X,13.901308059692383
2025-10-07,USDJPY=X,-1.7851990461349487
2025-10-08,USDJPY=X,-13.789660453796387
2025-10-09,USDJPY=X,-6.031795978546143
2025-10-10,USDJPY=X,10.28246021270752
2025-10-13,USDJPY=X,13.157902717590332
2025-10-14,USDJPY=X,9.824816703796387
2025-10-15,USDJPY=X,2.553870677947998
2025-10-16,USDJPY=X,13.144362449645996
2025-10-17,USDJPY=X,13.94927978515625
2025-10-20,USDJPY=X,13.715513229370117
2025-10-21,USDJPY=X,13.931281089782715
2025-10-22,USDJPY=X,12.743138313293457
2025-10-23,USDJPY=X,-12.293837547302246
2025-10-24,USDJPY=X,-8.157048225402832
2025-10-27,USDJPY=X,-6.502864360809326
2025-10-28,USDJPY=X,-0.5560587048530579
2025-10-29,USDJPY=X,9.1707181930542
2025-10-30,USDJPY=X,13.841768264770508
2025-10-31,USDJPY=X,11.140137672424316
2025-11-03,USDJPY=X,8.747775077819824
2025-11-04,USDJPY=X,12.18397045135498
2025-11-05,USDJPY=X,14.101216316223145
2025-11-06,USDJPY=X,13.699966430664062
2025-11-07,USDJPY=X,12.334871292114258
2025-11-10,USDJPY=X,7.537509441375732
2025-11-11,USDJPY=X,11.71859359741211
2025-11-12,USDJPY=X,3.3123257160186768
2025-11-13,USDJPY=X,-1.9262683391571045
2025-11-14,USDJPY=X,5.392898082733154
2025-11-17,USDJPY=X,11.703245162963867
2025-11-18,USDJPY=X,9.093815803527832
2025-11-19,USDJPY=X,-7.468813419342041
2025-11-20,USDJPY=X,-6.557531356811523
2025-11-21,USDJPY=X,-3.3944618701934814
2025-11-24,USDJPY=X,4.321820259094238
2025-11-25,USDJPY=X,8.479326248168945
2025-11-26,USDJPY=X,13.787972450256348
2025-11-27,USDJPY=X,8.748912811279297
2025-07-23,INFY.NS,4.354674816131592
2025-07-24,INFY.NS,5.438864707946777
2025-07-25,INFY.NS,5.3028669357299805
2025-07-28,INFY.NS,5.606195449829102
2025-07-29,INFY.NS,5.5662431716918945
2025-07-30,INFY.NS,5.701786518096924
2025-07-31,INFY.NS,5.803089618682861
2025-08-01,INFY.NS,5.407464981079102
2025-08-04,INFY.NS,4.9794020652771
2025-08-05,INFY.NS,5.569272041320801
2025-08-06,INFY.NS,5.408304214477539
2025-08-07,INFY.NS,5.559878349304199
2025-08-08,INFY.NS,5.629157543182373
2025-08-11,INFY.NS,5.255378246307373
2025-08-12,INFY.NS,5.317731857299805
2025-08-13,INFY.NS,5.3668742179870605
2025-08-14,INFY.NS,4.798559188842773
2025-08-18,INFY.NS,4.0894646644592285
2025-08-19,INFY.NS,3.1204111576080322
2025-08-20,INFY.NS,3.867403030395508
2025-08-21,INFY.NS,2.101799964904785
2025-08-22,INFY.NS,-1.4187350273132324
2025-08-25,INFY.NS,3.6046454906463623
2025-08-26,INFY.NS,3.7543962001800537
2025-08-28,INFY.NS,3.9702961444854736
2025-08-29,INFY.NS,4.837876319885254
2025-09-01,INFY.NS,4.522945404052734
2025-09-02,INFY.NS,3.5385472774505615
2025-09-03,INFY.NS,0.6039491891860962
2025-09-04,INFY.NS,2.5651328563690186
2025-09-05,INFY.NS,5.803922653198242
2025-09-08,INFY.NS,5.921324729919434
2025-09-09,INFY.NS,4.851314067840576
2025-09-10,INFY.NS,1.3289697170257568
2025-09-11,INFY.NS,4.844604015350342
2025-09-12,INFY.NS,5.473853588104248
2025-09-15,INFY.NS,5.573164463043213
2025-09-16,INFY.NS,5.680365085601807
2025-09-17,INFY.NS,5.792776584625244
2025-09-18,INFY.NS,5.743699550628662
2025-09-19,INFY.NS,5.821341514587402
2025-09-22,INFY.NS,5.782371520996094
2025-09-23,INFY.NS,5.7954864501953125
2025-09-24,INFY.NS,5.850984573364258
2025-09-25,INFY.NS,5.885592937469482
2025-09-26,INFY.NS,5.657874584197998
2025-09-29,INFY.NS,5.736881256103516
2025-09-30,INFY.NS,5.751317501068115
2025-10-01,INFY.NS,5.421738624572754
2025-10-03,INFY.NS,5.629766464233398
2025-10-06,INFY.NS,5.650301933288574
2025-10-07,INFY.NS,5.622437000274658
2025-10-08,INFY.NS,5.518431186676025
2025-10-09,INFY.NS,5.496227264404297
2025-10-10,INFY.NS,5.790146350860596
2025-10-13,INFY.NS,5.836763858795166
2025-10-14,INFY.NS,5.887351989746094
2025-10-15,INFY.NS,5.909601211547852
2025-10-16,INFY.NS,6.007364273071289
2025-10-17,INFY.NS,5.874682426452637
2025-10-20,INFY.NS,5.780586242675781
2025-10-21,INFY.NS,5.342835903167725
2025-10-23,INFY.NS,3.0392706394195557
2025-10-24,INFY.NS,-4.642854690551758
2025-10-27,INFY.NS,5.453830718994141
2025-10-28,INFY.NS,5.688354969024658
2025-10-29,INFY.NS,5.882757663726807
2025-10-30,INFY.NS,5.854608058929443
2025-10-31,INFY.NS,6.041534423828125
2025-11-03,INFY.NS,6.085362911224365
2025-11-04,INFY.NS,6.101013660430908
2025-11-06,INFY.NS,6.0891804695129395
2025-11-07,INFY.NS,6.114538669586182
2025-11-10,INFY.NS,5.904685974121094
2025-11-11,INFY.NS,5.593439102172852
2025-11-12,INFY.NS,-0.2432532161474228
2025-11-13,INFY.NS,5.505154132843018
2025-11-14,INFY.NS,5.886378288269043
2025-11-17,INFY.NS,6.035251140594482
2025-11-18,INFY.NS,6.015092849731445
2025-11-19,INFY.NS,5.8746514320373535
2025-11-20,INFY.NS,5.862332820892334
2025-11-21,INFY.NS,5.763901710510254
2025-11-24,INFY.NS,5.943204879760742
2025-11-25,INFY.NS,5.963831424713135
2025-11-26,INFY.NS,5.919801712036133
2025-11-27,INFY.NS,5.840320110321045
2025-07-24,IWM,1.075593113899231
2025-07-25,IWM,3.4193196296691895
2025-07-28,IWM,3.657104015350342
2025-07-29,IWM,3.055988311767578
2025-07-30,IWM,5.177943229675293
2025-07-31,IWM,4.7337164878845215
2025-08-01,IWM,5.820059299468994
2025-08-04,IWM,5.53285551071167
2025-08-05,IWM,-4.817171573638916
2025-08-06,IWM,-3.7456202507019043
2025-08-07,IWM,4.999250411987305
2025-08-08,IWM,4.622262954711914
2025-08-11,IWM,0.29609009623527527
2025-08-12,IWM,4.546970367431641
2025-08-13,IWM,-1.1146326065063477
2025-08-14,IWM,4.6380510330200195
2025-08-15,IWM,6.119298458099365
2025-08-18,IWM,6.1435770988464355
2025-08-19,IWM,6.217513084411621
2025-08-20,IWM,6.3189697265625
2025-08-21,IWM,5.875731945037842
2025-08-22,IWM,5.53042459487915
2025-08-25,IWM,2.3739259243011475
2025-08-26,IWM,3.4022555351257324
2025-08-27,IWM,5.485292434692383
2025-08-28,IWM,5.659940242767334
2025-08-29,IWM,-2.4860899448394775
2025-09-02,IWM,-1.2893849611282349
2025-09-03,IWM,5.11643648147583
2025-09-04,IWM,5.8145976066589355
2025-09-05,IWM,4.12321138381958
2025-09-08,IWM,4.737624168395996
2025-09-09,IWM,5.895051002502441
2025-09-10,IWM,5.978464603424072
2025-09-11,IWM,1.9288688898086548
2025-09-12,IWM,4.106003284454346
2025-09-15,IWM,4.338659286499023
2025-09-16,IWM,5.457788467407227
2025-09-17,IWM,5.11432409286499
2025-09-18,IWM,5.146288871765137
2025-09-19,IWM,5.080827236175537
2025-09-22,IWM,5.794368267059326
2025-09-23,IWM,6.018738269805908
2025-09-24,IWM,4.9590277671813965
2025-09-25,IWM,5.664562702178955
2025-09-26,IWM,6.182355880737305
2025-09-29,IWM,5.284725189208984
2025-09-30,IWM,2.1293277740478516
2025-10-01,IWM,4.811033725738525
2025-10-02,IWM,2.613966703414917
2025-10-03,IWM,3.035207748413086
2025-10-06,IWM,0.8785893321037292
2025-10-07,IWM,-3.670447826385498
2025-10-08,IWM,5.533740043640137
2025-10-09,IWM,2.5898382663726807
2025-10-10,IWM,3.1504151821136475
2025-10-13,IWM,6.4136223793029785
2025-10-14,IWM,5.298620223999023
2025-10-15,IWM,-5.270008087158203
2025-10-16,IWM,-2.9727213382720947
2025-10-17,IWM,5.480992317199707
2025-10-20,IWM,5.764782428741455
2025-10-21,IWM,-1.8931483030319214
2025-10-22,IWM,-4.946711540222168
2025-10-23,IWM,5.423234939575195
2025-10-24,IWM,5.841653347015381
2025-10-27,IWM,-5.2347187995910645
2025-10-28,IWM,-1.4679328203201294
2025-10-29,IWM,6.534541606903076
2025-10-30,IWM,6.076117992401123
2025-10-31,IWM,0.2965787947177887
2025-11-03,IWM,-5.830875873565674
2025-11-04,IWM,3.4101879596710205
2025-11-05,IWM,6.247950553894043
2025-11-06,IWM,-5.962616443634033
2025-11-07,IWM,-3.0006682872772217
2025-11-10,IWM,5.154808521270752
2025-11-11,IWM,-3.028301954269409
2025-11-12,IWM,-4.152260780334473
2025-11-13,IWM,1.2268236875534058
2025-11-14,IWM,4.8048601150512695
2025-11-17,IWM,6.112847328186035
2025-11-18,IWM,6.110340118408203
2025-11-19,IWM,5.063568115234375
2025-11-20,IWM,5.568192481994629
2025-11-21,IWM,5.996099948883057
2025-11-24,IWM,-3.236520528793335
2025-11-25,IWM,2.7917864322662354
2025-11-26,IWM,4.461645126342773
2025-07-24,DX-Y.NYB,-8.46241569519043
2025-07-25,DX-Y.NYB,-17.042551040649414
2025-07-28,DX-Y.NYB,-17.024763107299805
2025-07-29,DX-Y.NYB,-17.154218673706055
2025-07-30,DX-Y.NYB,-12.910658836364746
2025-07-31,DX-Y.NYB,0.05254361405968666
2025-08-01,DX-Y.NYB,11.007477760314941
2025-08-04,DX-Y.NYB,17.075740814208984
2025-08-05,DX-Y.NYB,16.776411056518555
2025-08-06,DX-Y.NYB,15.28614616394043
2025-08-07,DX-Y.NYB,17.477293014526367
2025-08-08,DX-Y.NYB,17.297834396362305
2025-08-11,DX-Y.NYB,16.8282470703125
2025-08-12,DX-Y.NYB,15.790717124938965
2025-08-13,DX-Y.NYB,11.559771537780762
2025-08-14,DX-Y.NYB,-4.40794038772583
2025-08-15,DX-Y.NYB,-3.775010824203491
2025-08-18,DX-Y.NYB,-11.749734878540039
2025-08-19,DX-Y.NYB,4.607609748840332
2025-08-20,DX-Y.NYB,15.891185760498047
2025-08-21,DX-Y.NYB,15.844740867614746
2025-08-22,DX-Y.NYB,14.491382598876953
2025-08-25,DX-Y.NYB,17.08521270751953
2025-08-26,DX-Y.NYB,16.550251007080078
2025-08-27,DX-Y.NYB,15.2905912399292
2025-08-28,DX-Y.NYB,13.72217082977295
2025-08-29,DX-Y.NYB,17.04924964904785
2025-09-02,DX-Y.NYB,16.61859703063965
2025-09-03,DX-Y.NYB,-14.153275489807129
2025-09-04,DX-Y.NYB,-0.18370400369167328
2025-09-05,DX-Y.NYB,9.40894603729248
2025-09-08,DX-Y.NYB,16.776512145996094
2025-09-09,DX-Y.NYB,16.630916595458984
2025-09-10,DX-Y.NYB,-13.405218124389648
2025-09-11,DX-Y.NYB,16.552112579345703
2025-09-12,DX-Y.NYB,15.207270622253418
2025-09-15,DX-Y.NYB,15.395462036132812
2025-09-16,DX-Y.NYB,14.85538101196289
2025-09-17,DX-Y.NYB,17.627105712890625
2025-09-18,DX-Y.NYB,16.930830001831055
2025-09-19,DX-Y.NYB,-6.974473476409912
2025-09-22,DX-Y.NYB,13.326095581054688
2025-09-23,DX-Y.NYB,10.274465560913086
2025-09-24,DX-Y.NYB,18.256439208984375
2025-09-25,DX-Y.NYB,17.565814971923828
2025-09-26,DX-Y.NYB,5.989345550537109
2025-09-29,DX-Y.NYB,16.672517776489258
2025-09-30,DX-Y.NYB,18.26710319519043
2025-10-01,DX-Y.NYB,17.87500762939453
2025-10-02,DX-Y.NYB,17.588563919067383
2025-10-03,DX-Y.NYB,17.644737243652344
2025-10-06,DX-Y.NYB,15.465852737426758
2025-10-07,DX-Y.NYB,-8.788260459899902
2025-10-08,DX-Y.NYB,-18.448680877685547
2025-10-09,DX-Y.NYB,8.094133377075195
2025-10-10,DX-Y.NYB,17.652681350708008
2025-10-13,DX-Y.NYB,13.346641540527344
2025-10-14,DX-Y.NYB,-0.41816022992134094
2025-10-15,DX-Y.NYB,13.040343284606934
2025-10-16,DX-Y.NYB,17.796127319335938
2025-10-17,DX-Y.NYB,18.893775939941406
2025-10-20,DX-Y.NYB,15.401993751525879
2025-10-21,DX-Y.NYB,-2.986746072769165
2025-10-22,DX-Y.NYB,-3.240065813064575
2025-10-23,DX-Y.NYB,-6.108200550079346
2025-10-24,DX-Y.NYB,-4.176077842712402
2025-10-27,DX-Y.NYB,-1.6389559507369995
2025-10-28,DX-Y.NYB,-2.8907856941223145
2025-10-29,DX-Y.NYB,15.338823318481445
2025-10-30,DX-Y.NYB,-4.15518856048584
2025-10-31,DX-Y.NYB,-0.9220185279846191
2025-11-03,DX-Y.NYB,15.750924110412598
2025-11-04,DX-Y.NYB,18.878875732421875
2025-11-05,DX-Y.NYB,18.93305778503418
2025-11-06,DX-Y.NYB,18.098155975341797
2025-11-07,DX-Y.NYB,16.3363037109375
2025-11-10,DX-Y.NYB,18.394695281982422
2025-11-11,DX-Y.NYB,10.556720733642578
2025-11-12,DX-Y.NYB,5.45301628112793
2025-11-13,DX-Y.NYB,14.511533737182617
2025-11-14,DX-Y.NYB,17.668460845947266
2025-11-17,DX-Y.NYB,-13.273372650146484
2025-11-18,DX-Y.NYB,-18.283109664916992
2025-11-19,DX-Y.NYB,-14.965670585632324
2025-11-20,DX-Y.NYB,-13.286314010620117
2025-11-21,DX-Y.NYB,-11.212191581726074
2025-11-24,DX-Y.NYB,14.675918579101562
2025-11-25,DX-Y.NYB,19.86971092224121
2025-11-26,DX-Y.NYB,21.140695571899414
2025-07-24,AAPL,3.3385226726531982
2025-07-25,AAPL,3.9304635524749756
2025-07-28,AAPL,4.034540176391602
2025-07-29,AAPL,3.9190242290496826
2025-07-30,AAPL,4.265380859375
2025-07-31,AAPL,4.359435081481934
2025-08-01,AAPL,4.186314105987549
2025-08-04,AAPL,3.7111544609069824
2025-08-05,AAPL,2.7625343799591064
2025-08-06,AAPL,1.5631054639816284
2025-08-07,AAPL,-1.3049595355987549
2025-08-08,AAPL,-2.2463107109069824
2025-08-11,AAPL,2.772432565689087
2025-08-12,AAPL,4.06538200378418
2025-08-13,AAPL,4.133296012878418
2025-08-14,AAPL,4.2412333488464355
2025-08-15,AAPL,4.381500720977783
2025-08-18,AAPL,4.396373271942139
2025-08-19,AAPL,4.36582612991333
2025-08-20,AAPL,4.336612701416016
2025-08-21,AAPL,4.247505187988281
2025-08-22,AAPL,4.360743522644043
2025-08-25,AAPL,-2.884690284729004
2025-08-26,AAPL,-3.5929982662200928
2025-08-27,AAPL,-3.0824134349823
2025-08-28,AAPL,1.0700849294662476
2025-08-29,AAPL,1.5492414236068726
2025-09-02,AAPL,2.6828835010528564
2025-09-03,AAPL,3.9727585315704346
2025-09-04,AAPL,3.7172422409057617
2025-09-05,AAPL,3.6123504638671875
2025-09-08,AAPL,4.337250709533691
2025-09-09,AAPL,4.492565155029297
2025-09-10,AAPL,4.466187477111816
2025-09-11,AAPL,4.478287220001221
2025-09-12,AAPL,4.142828464508057
2025-09-15,AAPL,2.61250376701355
2025-09-16,AAPL,2.6920440196990967
2025-09-17,AAPL,0.9812455177307129
2025-09-18,AAPL,2.7111215591430664
2025-09-19,AAPL,3.9834325313568115
2025-09-22,AAPL,-1.2612459659576416
2025-09-23,AAPL,-1.045346975326538
2025-09-24,AAPL,3.31060791015625
2025-09-25,AAPL,4.030097007751465
2025-09-26,AAPL,3.888094663619995
2025-09-29,AAPL,4.539305686950684
2025-09-30,AAPL,4.449427127838135
2025-10-01,AAPL,3.970139265060425
2025-10-02,AAPL,2.132638931274414
2025-10-03,AAPL,-0.6300637722015381
2025-10-06,AAPL,0.956225574016571
2025-10-07,AAPL,3.760798454284668
2025-10-08,AAPL,0.5685539245605469
2025-10-09,AAPL,-2.7681264877319336
2025-10-10,AAPL,2.7347607612609863
2025-10-13,AAPL,4.044053554534912
2025-10-14,AAPL,1.522902011871338
2025-10-15,AAPL,0.9211917519569397
2025-10-16,AAPL,2.053865671157837
2025-10-17,AAPL,3.6903343200683594
2025-10-20,AAPL,3.330155611038208
2025-10-21,AAPL,-0.3515346646308899
2025-10-22,AAPL,2.687709331512451
2025-10-23,AAPL,4.637983798980713
2025-10-24,AAPL,4.621736526489258
2025-10-27,AAPL,3.919893741607666
2025-10-28,AAPL,4.62473726272583
2025-10-29,AAPL,4.857529163360596
2025-10-30,AAPL,4.759158611297607
2025-10-31,AAPL,4.08957052230835
2025-11-03,AAPL,1.8670562505722046
2025-11-04,AAPL,4.625247955322266
2025-11-05,AAPL,2.869530439376831
2025-11-06,AAPL,-4.59096097946167
2025-11-07,AAPL,-2.910731315612793
2025-11-10,AAPL,3.06953763961792
2025-11-11,AAPL,2.882750988006592
2025-11-12,AAPL,-0.34782055020332336
2025-11-13,AAPL,-1.1282219886779785
2025-11-14,AAPL,2.908714532852173
2025-11-17,AAPL,2.7415988445281982
2025-11-18,AAPL,3.876309633255005
2025-11-19,AAPL,4.100725173950195
2025-11-20,AAPL,2.757251024246216
2025-11-21,AAPL,3.670769214630127
2025-11-24,AAPL,-0.17381152510643005
2025-11-25,AAPL,-2.4082963466644287
2025-11-26,AAPL,4.179481506347656
2025-07-23,RELIANCE.NS,5.81696891784668
2025-07-24,RELIANCE.NS,4.909632205963135
2025-07-25,RELIANCE.NS,5.721993446350098
2025-07-28,RELIANCE.NS,6.262795925140381
2025-07-29,RELIANCE.NS,5.734498023986816
2025-07-30,RELIANCE.NS,5.747302055358887
2025-07-31,RELIANCE.NS,5.8257365226745605
2025-08-01,RELIANCE.NS,6.0935821533203125
2025-08-04,RELIANCE.NS,5.909146785736084
2025-08-05,RELIANCE.NS,4.241249084472656
2025-08-06,RELIANCE.NS,2.009458065032959
2025-08-07,RELIANCE.NS,4.79508113861084
2025-08-08,RELIANCE.NS,3.250502347946167
2025-08-11,RELIANCE.NS,-2.244981527328491
2025-08-12,RELIANCE.NS,-3.5063588619232178
2025-08-13,RELIANCE.NS,-2.1459765434265137
2025-08-14,RELIANCE.NS,-0.07550652325153351
2025-08-18,RELIANCE.NS,-5.490395545959473
2025-08-19,RELIANCE.NS,-4.609598159790039
2025-08-20,RELIANCE.NS,-6.01362419128418
2025-08-21,RELIANCE.NS,-4.439712047576904
2025-08-22,RELIANCE.NS,0.6537424325942993
2025-08-25,RELIANCE.NS,6.134476184844971
2025-08-26,RELIANCE.NS,6.1750569343566895
2025-08-28,RELIANCE.NS,6.6255574226379395
2025-08-29,RELIANCE.NS,6.528128147125244
2025-09-01,RELIANCE.NS,5.998403549194336
2025-09-02,RELIANCE.NS,5.7213335037231445
2025-09-03,RELIANCE.NS,-2.8334600925445557
2025-09-04,RELIANCE.NS,3.5519840717315674
2025-09-05,RELIANCE.NS,5.855179309844971
2025-09-08,RELIANCE.NS,-5.946832180023193
2025-09-09,RELIANCE.NS,1.0375372171401978
2025-09-10,RELIANCE.NS,3.0826427936553955
2025-09-11,RELIANCE.NS,6.63806676864624
2025-09-12,RELIANCE.NS,6.684051036834717
2025-09-15,RELIANCE.NS,7.082971096038818
2025-09-16,RELIANCE.NS,6.7560930252075195
2025-09-17,RELIANCE.NS,7.188878536224365
2025-09-18,RELIANCE.NS,7.168942928314209
2025-09-19,RELIANCE.NS,6.828444004058838
2025-09-22,RELIANCE.NS,6.960144996643066
2025-09-23,RELIANCE.NS,7.363706588745117
2025-09-24,RELIANCE.NS,6.879868507385254
2025-09-25,RELIANCE.NS,6.822919845581055
2025-09-26,RELIANCE.NS,7.001411437988281
2025-09-29,RELIANCE.NS,5.8443217277526855
2025-09-30,RELIANCE.NS,4.75686502456665
2025-10-01,RELIANCE.NS,4.625779151916504
2025-10-03,RELIANCE.NS,3.1718759536743164
2025-10-06,RELIANCE.NS,5.228110313415527
2025-10-07,RELIANCE.NS,5.075860977172852
2025-10-08,RELIANCE.NS,4.316477298736572
2025-10-09,RELIANCE.NS,7.1528825759887695
2025-10-10,RELIANCE.NS,7.429829120635986
2025-10-13,RELIANCE.NS,6.329804420471191
2025-10-14,RELIANCE.NS,7.476141929626465
2025-10-15,RELIANCE.NS,7.490675926208496
2025-10-16,RELIANCE.NS,6.819818019866943
2025-10-17,RELIANCE.NS,4.5265703201293945
2025-10-20,RELIANCE.NS,-1.6797614097595215
2025-10-21,RELIANCE.NS,0.7398537993431091
2025-10-23,RELIANCE.NS,7.195370197296143
2025-10-24,RELIANCE.NS,7.158644676208496
2025-10-27,RELIANCE.NS,6.382484436035156
2025-10-28,RELIANCE.NS,7.3132452964782715
2025-10-29,RELIANCE.NS,7.224397659301758
2025-10-30,RELIANCE.NS,7.240448474884033
2025-10-31,RELIANCE.NS,7.538029193878174
2025-11-03,RELIANCE.NS,7.405465126037598
2025-11-04,RELIANCE.NS,7.3097004890441895
2025-11-06,RELIANCE.NS,5.016566276550293
2025-11-07,RELIANCE.NS,1.0480132102966309
2025-11-10,RELIANCE.NS,-4.120108604431152
2025-11-11,RELIANCE.NS,4.819474697113037
2025-11-12,RELIANCE.NS,6.2759246826171875
2025-11-13,RELIANCE.NS,6.636451721191406
2025-11-14,RELIANCE.NS,6.650751113891602
2025-11-17,RELIANCE.NS,7.0780110359191895
2025-11-18,RELIANCE.NS,7.257384777069092
2025-11-19,RELIANCE.NS,7.591100215911865
2025-11-20,RELIANCE.NS,7.5244526863098145
2025-11-21,RELIANCE.NS,7.489715576171875
2025-11-24,RELIANCE.NS,7.70868444442749
2025-11-25,RELIANCE.NS,7.692877292633057
2025-11-26,RELIANCE.NS,7.600347995758057
2025-11-27,RELIANCE.NS,6.750190258026123
2025-07-24,NVDA,1.5057566165924072
2025-07-25,NVDA,0.432969331741333
2025-07-28,NVDA,0.8896411061286926
2025-07-29,NVDA,1.1442495584487915
2025-07-30,NVDA,1.470881462097168
2025-07-31,NVDA,1.8763139247894287
2025-08-01,NVDA,0.6744687557220459
2025-08-04,NVDA,2.037205934524536
2025-08-05,NVDA,-0.03006713092327118
2025-08-06,NVDA,-0.8486253023147583
2025-08-07,NVDA,1.113657832145691
2025-08-08,NVDA,2.0222327709198
2025-08-11,NVDA,1.3173069953918457
2025-08-12,NVDA,1.044636845588684
2025-08-13,NVDA,0.5039437413215637
2025-08-14,NVDA,1.3048169612884521
2025-08-15,NVDA,1.7249492406845093
2025-08-18,NVDA,-0.3813749849796295
2025-08-19,NVDA,0.5874414443969727
2025-08-20,NVDA,2.710832357406616
2025-08-21,NVDA,0.3753189146518707
2025-08-22,NVDA,-0.7598894238471985
2025-08-25,NVDA,-2.35990309715271
2025-08-26,NVDA,-2.5970404148101807
2025-08-27,NVDA,-2.241893768310547
2025-08-28,NVDA,0.8799879550933838
2025-08-29,NVDA,2.070537805557251
2025-09-02,NVDA,2.963731050491333
2025-09-03,NVDA,2.9253180027008057
2025-09-04,NVDA,2.0652341842651367
2025-09-05,NVDA,-2.2516331672668457
2025-09-08,NVDA,2.7526919841766357
2025-09-09,NVDA,2.243225336074829
2025-09-10,NVDA,1.0937538146972656
2025-09-11,NVDA,-2.6831002235412598
2025-09-12,NVDA,-1.9638534784317017
2025-09-15,NVDA,1.0625667572021484
2025-09-16,NVDA,2.326498508453369
2025-09-17,NVDA,2.974430799484253
2025-09-18,NVDA,3.2447118759155273
2025-09-19,NVDA,3.09098219871521
2025-09-22,NVDA,-0.243631973862648
2025-09-23,NVDA,-2.63008713722229
2025-09-24,NVDA,2.458732843399048
2025-09-25,NVDA,2.891545534133911
2025-09-26,NVDA,0.08436334133148193
2025-09-29,NVDA,-3.1635122299194336
2025-09-30,NVDA,-2.3934991359710693
2025-10-01,NVDA,-2.544454574584961
2025-10-02,NVDA,-0.595884382724762
2025-10-03,NVDA,2.713320016860962
2025-10-06,NVDA,3.2711663246154785
2025-10-07,NVDA,2.935530662536621
2025-10-08,NVDA,2.0892841815948486
2025-10-09,NVDA,-2.6318280696868896
2025-10-10,NVDA,0.8470947742462158
2025-10-13,NVDA,2.944162368774414
2025-10-14,NVDA,2.0373213291168213
2025-10-15,NVDA,1.6038843393325806
2025-10-16,NVDA,-0.40907523036003113
2025-10-17,NVDA,-2.785163402557373
2025-10-20,NVDA,-2.6100711822509766
2025-10-21,NVDA,-2.258591890335083
2025-10-22,NVDA,-1.1313104629516602
2025-10-23,NVDA,2.0109527111053467
2025-10-24,NVDA,1.668404459953308
2025-10-27,NVDA,-2.0615904331207275
2025-10-28,NVDA,-2.444798707962036
2025-10-29,NVDA,2.2734854221343994
2025-10-30,NVDA,1.5921192169189453
2025-10-31,NVDA,3.4322309494018555
2025-11-03,NVDA,3.4305598735809326
2025-11-04,NVDA,3.253918409347534
2025-11-05,NVDA,3.277254104614258
2025-11-06,NVDA,3.2602458000183105
2025-11-07,NVDA,3.268467903137207
2025-11-10,NVDA,2.2460904121398926
2025-11-11,NVDA,-2.7780346870422363
2025-11-12,NVDA,-2.7782504558563232
2025-11-13,NVDA,-2.374117374420166
2025-11-14,NVDA,-2.769908905029297
2025-11-17,NVDA,-2.216660976409912
2025-11-18,NVDA,0.54440838098526
2025-11-19,NVDA,1.892686367034912
2025-11-20,NVDA,1.000922441482544
2025-11-21,NVDA,2.4778456687927246
2025-11-24,NVDA,2.9216840267181396
2025-11-25,NVDA,2.940535306930542
2025-11-26,NVDA,2.965921401977539
2025-07-24,EEM,6.643331527709961
2025-07-25,EEM,6.673023700714111
2025-07-28,EEM,7.090601921081543
2025-07-29,EEM,5.524709224700928
2025-07-30,EEM,5.3027215003967285
2025-07-31,EEM,6.7876362800598145
2025-08-01,EEM,4.887524127960205
2025-08-04,EEM,-0.0856306329369545
2025-08-05,EEM,-5.608895778656006
2025-08-06,EEM,-4.814522743225098
2025-08-07,EEM,-4.800110340118408
2025-08-08,EEM,-3.1290221214294434
2025-08-11,EEM,-3.155649185180664
2025-08-12,EEM,4.703335762023926
2025-08-13,EEM,1.528688907623291
2025-08-14,EEM,4.822461128234863
2025-08-15,EEM,7.826308727264404
2025-08-18,EEM,7.883293151855469
2025-08-19,EEM,6.8241400718688965
2025-08-20,EEM,7.732663154602051
2025-08-21,EEM,1.3414087295532227
2025-08-22,EEM,-2.1406173706054688
2025-08-25,EEM,-7.335892200469971
2025-08-26,EEM,-7.831924915313721
2025-08-27,EEM,-1.7407073974609375
2025-08-28,EEM,5.037771224975586
2025-08-29,EEM,-6.614625930786133
2025-09-02,EEM,-6.952550888061523
2025-09-03,EEM,1.9946914911270142
2025-09-04,EEM,-1.6321039199829102
2025-09-05,EEM,-4.62217903137207
2025-09-08,EEM,-4.636486530303955
2025-09-09,EEM,-4.313717842102051
2025-09-10,EEM,6.3631086349487305
2025-09-11,EEM,0.16160185635089874
2025-09-12,EEM,4.603411674499512
2025-09-15,EEM,7.451895713806152
2025-09-16,EEM,7.93131685256958
2025-09-17,EEM,6.574234962463379
2025-09-18,EEM,8.15485668182373
2025-09-19,EEM,7.103541374206543
2025-09-22,EEM,2.3163902759552
2025-09-23,EEM,5.386099815368652
2025-09-24,EEM,-6.854600429534912
2025-09-25,EEM,-6.560368061065674
2025-09-26,EEM,-4.079464912414551
2025-09-29,EEM,-3.4482102394104004
2025-09-30,EEM,-5.274582386016846
2025-10-01,EEM,-2.8888182640075684
2025-10-02,EEM,-1.8228532075881958
2025-10-03,EEM,-0.22219330072402954
2025-10-06,EEM,1.7639546394348145
2025-10-07,EEM,4.522977828979492
2025-10-08,EEM,6.942448139190674
2025-10-09,EEM,5.884349822998047
2025-10-10,EEM,6.579216480255127
2025-10-13,EEM,8.0475492477417
2025-10-14,EEM,5.852050304412842
2025-10-15,EEM,0.25809893012046814
2025-10-16,EEM,0.47430941462516785
2025-10-17,EEM,-3.3640406131744385
2025-10-20,EEM,1.4021339416503906
2025-10-21,EEM,2.360271453857422
2025-10-22,EEM,0.39372286200523376
2025-10-23,EEM,6.925445556640625
2025-10-24,EEM,5.902529239654541
2025-10-27,EEM,-4.198315620422363
2025-10-28,EEM,6.619215488433838
2025-10-29,EEM,8.5510892868042
2025-10-30,EEM,6.864112854003906
2025-10-31,EEM,8.310401916503906
2025-11-03,EEM,2.6431050300598145
2025-11-04,EEM,0.4800853431224823
2025-11-05,EEM,5.097553730010986
2025-11-06,EEM,-3.078627586364746
2025-11-07,EEM,1.8106106519699097
2025-11-10,EEM,4.002721786499023
2025-11-11,EEM,-5.269164085388184
2025-11-12,EEM,-5.654036521911621
2025-11-13,EEM,-1.0920929908752441
2025-11-14,EEM,3.949869155883789
2025-11-17,EEM,4.887204647064209
2025-11-18,EEM,6.947404861450195
2025-11-19,EEM,5.975033760070801
2025-11-20,EEM,5.16109037399292
2025-11-21,EEM,7.680726528167725
2025-11-24,EEM,2.2804019451141357
2025-11-25,EEM,1.495672345161438
2025-11-26,EEM,5.390950679779053
2025-07-24,TLT,10.062471389770508
2025-07-25,TLT,10.383517265319824
2025-07-28,TLT,9.20803451538086
2025-07-29,TLT,9.406976699829102
2025-07-30,TLT,9.924561500549316
2025-07-31,TLT,9.663191795349121
2025-08-01,TLT,9.778631210327148
2025-08-04,TLT,7.979936122894287
2025-08-05,TLT,8.873335838317871
2025-08-06,TLT,10.046334266662598
2025-08-07,TLT,9.55431079864502
2025-08-08,TLT,9.884692192077637
2025-08-11,TLT,10.484304428100586
2025-08-12,TLT,10.162613868713379
2025-08-13,TLT,10.237409591674805
2025-08-14,TLT,10.383221626281738
2025-08-15,TLT,2.4460678100585938
2025-08-18,TLT,10.179458618164062
2025-08-19,TLT,9.0552978515625
2025-08-20,TLT,-2.889470338821411
2025-08-21,TLT,2.607617139816284
2025-08-22,TLT,7.210519313812256
2025-08-25,TLT,9.648117065429688
2025-08-26,TLT,9.750484466552734
2025-08-27,TLT,10.44240665435791
2025-08-28,TLT,10.479519844055176
2025-08-29,TLT,10.648335456848145
2025-09-02,TLT,10.18087387084961
2025-09-03,TLT,10.76569652557373
2025-09-04,TLT,10.451894760131836
2025-09-05,TLT,7.233125686645508
2025-09-08,TLT,1.2927159070968628
2025-09-09,TLT,8.279955863952637
2025-09-10,TLT,10.930334091186523
2025-09-11,TLT,10.44248104095459
2025-09-12,TLT,9.963906288146973
2025-09-15,TLT,11.096628189086914
2025-09-16,TLT,11.24826717376709
2025-09-17,TLT,8.622458457946777
2025-09-18,TLT,11.009245872497559
2025-09-19,TLT,11.212686538696289
2025-09-22,TLT,9.098282814025879
2025-09-23,TLT,-2.6503093242645264
2025-09-24,TLT,-9.95230770111084
2025-09-25,TLT,-7.677124977111816
2025-09-26,TLT,4.851982116699219
2025-09-29,TLT,0.13627521693706512
2025-09-30,TLT,-3.441521644592285
2025-10-01,TLT,6.653431415557861
2025-10-02,TLT,9.08129596710205
2025-10-03,TLT,9.37618637084961
2025-10-06,TLT,10.46709156036377
2025-10-07,TLT,11.417603492736816
2025-10-08,TLT,10.722150802612305
2025-10-09,TLT,9.961254119873047
2025-10-10,TLT,8.46458625793457
2025-10-13,TLT,7.251664161682129
2025-10-14,TLT,9.80841064453125
2025-10-15,TLT,11.328113555908203
2025-10-16,TLT,6.59080696105957
2025-10-17,TLT,10.720134735107422
2025-10-20,TLT,11.041850090026855
2025-10-21,TLT,7.243112564086914
2025-10-22,TLT,11.212650299072266
2025-10-23,TLT,12.070359230041504
2025-10-24,TLT,11.12392807006836
2025-10-27,TLT,10.694783210754395
2025-10-28,TLT,9.102892875671387
2025-10-29,TLT,-8.444331169128418
2025-10-30,TLT,6.671078681945801
2025-10-31,TLT,7.717883110046387
2025-11-03,TLT,7.133907318115234
2025-11-04,TLT,-0.05187615752220154
2025-11-05,TLT,5.667352199554443
2025-11-06,TLT,8.02783203125
2025-11-07,TLT,7.073328971862793
2025-11-10,TLT,5.455033779144287
2025-11-11,TLT,10.273674011230469
2025-11-12,TLT,10.536043167114258
2025-11-13,TLT,8.51366901397705
2025-11-14,TLT,10.548851013183594
2025-11-17,TLT,11.83315372467041
2025-11-18,TLT,11.875131607055664
2025-11-19,TLT,10.888484001159668
2025-11-20,TLT,8.056489944458008
2025-11-21,TLT,-1.4030981063842773
2025-11-24,TLT,7.4529523849487305
2025-11-25,TLT,-11.304527282714844
2025-11-26,TLT,-0.711678147315979
2025-07-24,MSFT,0.8404161930084229
2025-07-25,MSFT,-2.3913049697875977
2025-07-28,MSFT,-3.9849417209625244
2025-07-29,MSFT,1.272912859916687
2025-07-30,MSFT,1.0967938899993896
2025-07-31,MSFT,0.8727329969406128
2025-08-01,MSFT,-2.067169427871704
2025-08-04,MSFT,1.967545509338379
2025-08-05,MSFT,1.5814778804779053
2025-08-06,MSFT,1.1848359107971191
2025-08-07,MSFT,2.187535524368286
2025-08-08,MSFT,4.674438953399658
2025-08-11,MSFT,4.288695812225342
2025-08-12,MSFT,1.4929064512252808
2025-08-13,MSFT,-3.797114372253418
2025-08-14,MSFT,1.8690382242202759
2025-08-15,MSFT,3.140713930130005
2025-08-18,MSFT,-0.42854467034339905
2025-08-19,MSFT,-4.395113468170166
2025-08-20,MSFT,4.331613063812256
2025-08-21,MSFT,-2.062354803085327
2025-08-22,MSFT,2.692627429962158
2025-08-25,MSFT,0.5395327806472778
2025-08-26,MSFT,4.2257184982299805
2025-08-27,MSFT,4.5987396240234375
2025-08-28,MSFT,2.135239839553833
2025-08-29,MSFT,-2.9663219451904297
2025-09-02,MSFT,5.122066974639893
2025-09-03,MSFT,5.062507629394531
2025-09-04,MSFT,5.154268264770508
2025-09-05,MSFT,4.757294178009033
2025-09-08,MSFT,5.612080097198486
2025-09-09,MSFT,5.339648723602295
2025-09-10,MSFT,1.550890326499939
2025-09-11,MSFT,-5.1585774421691895
2025-09-12,MSFT,-3.03993821144104
2025-09-15,MSFT,-5.631241321563721
2025-09-16,MSFT,-6.299694538116455
2025-09-17,MSFT,-0.9090933799743652
2025-09-18,MSFT,5.261620044708252
2025-09-19,MSFT,4.880339622497559
2025-09-22,MSFT,-5.088040828704834
2025-09-23,MSFT,-5.7751145362854
2025-09-24,MSFT,6.284215450286865
2025-09-25,MSFT,5.477731227874756
2025-09-26,MSFT,0.20120112597942352
2025-09-29,MSFT,-1.2254307270050049
2025-09-30,MSFT,-2.7486166954040527
2025-10-01,MSFT,-6.208050727844238
2025-10-02,MSFT,-6.093207836151123
2025-10-03,MSFT,2.353163003921509
2025-10-06,MSFT,3.3963675498962402
2025-10-07,MSFT,0.9877492189407349
2025-10-08,MSFT,-4.246447563171387
2025-10-09,MSFT,4.383542060852051
2025-10-10,MSFT,5.113851070404053
2025-10-13,MSFT,5.9322590827941895
2025-10-14,MSFT,5.458073616027832
2025-10-15,MSFT,-2.4918224811553955
2025-10-16,MSFT,0.2615448236465454
2025-10-17,MSFT,-3.9032740592956543
2025-10-20,MSFT,-3.7105233669281006
2025-10-21,MSFT,1.2513267993927002
2025-10-22,MSFT,-1.2995375394821167
2025-10-23,MSFT,-3.9046578407287598
2025-10-24,MSFT,4.4200029373168945
2025-10-27,MSFT,1.8685412406921387
2025-10-28,MSFT,2.713541269302368
2025-10-29,MSFT,6.811724662780762
2025-10-30,MSFT,6.710772514343262
2025-10-31,MSFT,6.809072971343994
2025-11-03,MSFT,6.836671829223633
2025-11-04,MSFT,6.386655330657959
2025-11-05,MSFT,3.8885207176208496
2025-11-06,MSFT,1.9496318101882935
2025-11-07,MSFT,0.799112856388092
2025-11-10,MSFT,-4.5119948387146
2025-11-11,MSFT,-4.405910015106201
2025-11-12,MSFT,-3.99064302444458
2025-11-13,MSFT,-3.1900382041931152
2025-11-14,MSFT,-3.210578441619873
2025-11-17,MSFT,-0.4713556468486786
2025-11-18,MSFT,5.884685516357422
2025-11-19,MSFT,6.555335998535156
2025-11-20,MSFT,6.421164512634277
2025-11-21,MSFT,5.927198886871338
2025-11-24,MSFT,5.744640350341797
2025-11-25,MSFT,5.535188674926758
2025-11-26,MSFT,4.7446608543396
2025-07-24,QQQ,2.621851682662964
2025-07-25,QQQ,1.0379343032836914
2025-07-28,QQQ,0.4985695779323578
2025-07-29,QQQ,2.9127309322357178
2025-07-30,QQQ,4.191624641418457
2025-07-31,QQQ,4.131161689758301
2025-08-01,QQQ,4.399415493011475
2025-08-04,QQQ,5.410628318786621
2025-08-05,QQQ,-0.018305327743291855
2025-08-06,QQQ,-2.8653674125671387
2025-08-07,QQQ,-3.6666035652160645
2025-08-08,QQQ,-1.0468825101852417
2025-08-11,QQQ,0.8862432837486267
2025-08-12,QQQ,3.2921440601348877
2025-08-13,QQQ,0.8375857472419739
2025-08-14,QQQ,4.247182369232178
2025-08-15,QQQ,5.373169898986816
2025-08-18,QQQ,4.921666622161865
2025-08-19,QQQ,5.7353034019470215
2025-08-20,QQQ,6.250556468963623
2025-08-21,QQQ,5.174135208129883
2025-08-22,QQQ,5.558589935302734
2025-08-25,QQQ,-5.417961597442627
2025-08-26,QQQ,-5.4732842445373535
2025-08-27,QQQ,-4.899880886077881
2025-08-28,QQQ,-2.125063180923462
2025-08-29,QQQ,-4.067662715911865
2025-09-02,QQQ,2.874988555908203
2025-09-03,QQQ,5.3079047203063965
2025-09-04,QQQ,4.559605121612549
2025-09-05,QQQ,-3.393440008163452
2025-09-08,QQQ,3.919691562652588
2025-09-09,QQQ,5.857319355010986
2025-09-10,QQQ,6.30702018737793
2025-09-11,QQQ,3.417382001876831
2025-09-12,QQQ,4.152050971984863
2025-09-15,QQQ,3.7149276733398438
2025-09-16,QQQ,4.03170919418335
2025-09-17,QQQ,-2.4786150455474854
2025-09-18,QQQ,5.725460529327393
2025-09-19,QQQ,6.294692039489746
2025-09-22,QQQ,3.4985365867614746
2025-09-23,QQQ,-1.8859777450561523
2025-09-24,QQQ,0.7632627487182617
2025-09-25,QQQ,-0.15739412605762482
2025-09-26,QQQ,-0.4532504379749298
2025-09-29,QQQ,-1.1895108222961426
2025-09-30,QQQ,-2.7923614978790283
2025-10-01,QQQ,-2.9213013648986816
2025-10-02,QQQ,-3.6790831089019775
2025-10-03,QQQ,-1.1924476623535156
2025-10-06,QQQ,2.928739309310913
2025-10-07,QQQ,-0.1211126297712326
2025-10-08,QQQ,-0.6791329979896545
2025-10-09,QQQ,-2.0644960403442383
2025-10-10,QQQ,1.5312013626098633
2025-10-13,QQQ,6.643951416015625
2025-10-14,QQQ,5.395654678344727
2025-10-15,QQQ,-3.4604268074035645
2025-10-16,QQQ,-1.6631877422332764
2025-10-17,QQQ,-1.9251306056976318
2025-10-20,QQQ,-2.417579412460327
2025-10-21,QQQ,-3.5620408058166504
2025-10-22,QQQ,-1.3837165832519531
2025-10-23,QQQ,6.1946821212768555
2025-10-24,QQQ,6.29793643951416
2025-10-27,QQQ,-3.6276063919067383
2025-10-28,QQQ,-0.7164575457572937
2025-10-29,QQQ,7.211620807647705
2025-10-30,QQQ,6.509052276611328
2025-10-31,QQQ,7.0774383544921875
2025-11-03,QQQ,2.697061777114868
2025-11-04,QQQ,5.459305763244629
2025-11-05,QQQ,6.114267349243164
2025-11-06,QQQ,-3.3166065216064453
2025-11-07,QQQ,-1.1748005151748657
2025-11-10,QQQ,4.6894450187683105
2025-11-11,QQQ,-4.75656270980835
2025-11-12,QQQ,-5.334487438201904
2025-11-13,QQQ,-4.031792163848877
2025-11-14,QQQ,-0.9369059801101685
2025-11-17,QQQ,2.0139520168304443
2025-11-18,QQQ,4.245408535003662
2025-11-19,QQQ,3.024714231491089
2025-11-20,QQQ,4.237673759460449
2025-11-21,QQQ,5.84322452545166
2025-11-24,QQQ,3.4794561862945557
2025-11-25,QQQ,3.8755340576171875
2025-11-26,QQQ,5.315563201904297
2025-07-23,USDINR=X,29.456357955932617
2025-07-24,USDINR=X,25.810855865478516
2025-07-25,USDINR=X,-2.4917185306549072
2025-07-28,USDINR=X,25.731122970581055
2025-07-29,USDINR=X,24.91351318359375
2025-07-30,USDINR=X,27.07994270324707
2025-07-31,USDINR=X,23.7406063079834
2025-08-01,USDINR=X,16.653188705444336
2025-08-04,USDINR=X,26.2469425201416
2025-08-05,USDINR=X,27.85062599182129
2025-08-06,USDINR=X,19.489370346069336
2025-08-07,USDINR=X,19.074440002441406
2025-08-08,USDINR=X,26.00510025024414
2025-08-11,USDINR=X,24.517589569091797
2025-08-12,USDINR=X,24.664093017578125
2025-08-13,USDINR=X,21.393207550048828
2025-08-14,USDINR=X,21.457551956176758
2025-08-15,USDINR=X,24.384029388427734
2025-08-18,USDINR=X,15.299537658691406
2025-08-19,USDINR=X,8.279153823852539
2025-08-20,USDINR=X,26.13327980041504
2025-08-21,USDINR=X,26.91299057006836
2025-08-22,USDINR=X,15.186787605285645
2025-08-25,USDINR=X,11.039728164672852
2025-08-26,USDINR=X,6.928324222564697
2025-08-27,USDINR=X,25.47412109375
2025-08-28,USDINR=X,26.551095962524414
2025-08-29,USDINR=X,27.45040512084961
2025-09-01,USDINR=X,28.25897979736328
2025-09-02,USDINR=X,27.938312530517578
2025-09-03,USDINR=X,28.872426986694336
2025-09-04,USDINR=X,30.52960777282715
2025-09-05,USDINR=X,30.5230655670166
2025-09-08,USDINR=X,30.39713478088379
2025-09-09,USDINR=X,30.576576232910156
2025-09-10,USDINR=X,29.154314041137695
2025-09-11,USDINR=X,29.41997718811035
2025-09-12,USDINR=X,4.6447882652282715
2025-09-15,USDINR=X,10.88411808013916
2025-09-16,USDINR=X,15.644933700561523
2025-09-17,USDINR=X,27.972145080566406
2025-09-18,USDINR=X,7.232271671295166
2025-09-19,USDINR=X,18.58475112915039
2025-09-22,USDINR=X,-5.763929843902588
2025-09-23,USDINR=X,-8.555801391601562
2025-09-24,USDINR=X,-6.961857318878174
2025-09-25,USDINR=X,-6.260915279388428
2025-09-26,USDINR=X,25.92828941345215
2025-09-29,USDINR=X,29.180606842041016
2025-09-30,USDINR=X,30.66434097290039
2025-10-01,USDINR=X,29.84577751159668
2025-10-02,USDINR=X,25.54094886779785
2025-10-03,USDINR=X,29.421247482299805
2025-10-06,USDINR=X,32.5052490234375
2025-10-07,USDINR=X,31.246658325195312
2025-10-08,USDINR=X,8.750391960144043
2025-10-09,USDINR=X,23.509565353393555
2025-10-10,USDINR=X,-8.45930290222168
2025-10-13,USDINR=X,-26.34434700012207
2025-10-14,USDINR=X,-2.455439567565918
2025-10-15,USDINR=X,13.842963218688965
2025-10-16,USDINR=X,15.749340057373047
2025-10-17,USDINR=X,26.921489715576172
2025-10-20,USDINR=X,25.954816818237305
2025-10-21,USDINR=X,17.845582962036133
2025-10-22,USDINR=X,25.319734573364258
2025-10-23,USDINR=X,23.968069076538086
2025-10-24,USDINR=X,20.42044448852539
2025-10-27,USDINR=X,27.30328369140625
2025-10-28,USDINR=X,11.698230743408203
2025-10-29,USDINR=X,12.591314315795898
2025-10-30,USDINR=X,30.050617218017578
2025-10-31,USDINR=X,30.58135223388672
2025-11-03,USDINR=X,26.53807258605957
2025-11-04,USDINR=X,32.124061584472656
2025-11-05,USDINR=X,30.58091926574707
2025-11-06,USDINR=X,30.817302703857422
2025-11-07,USDINR=X,31.730709075927734
2025-11-10,USDINR=X,25.590030670166016
2025-11-11,USDINR=X,28.856557846069336
2025-11-12,USDINR=X,27.482316970825195
2025-11-13,USDINR=X,29.881723403930664
2025-11-14,USDINR=X,-10.555145263671875
2025-11-17,USDINR=X,-6.730475902557373
2025-11-18,USDINR=X,12.227094650268555
2025-11-19,USDINR=X,18.851337432861328
2025-11-20,USDINR=X,16.740985870361328
2025-11-21,USDINR=X,20.437440872192383
2025-11-24,USDINR=X,-8.362903594970703
2025-11-25,USDINR=X,-17.03341293334961
2025-11-26,USDINR=X,26.03342628479004
2025-11-27,USDINR=X,30.223176956176758
2025-07-24,GOOGL,4.1178107261657715
2025-07-25,GOOGL,4.230609893798828
2025-07-28,GOOGL,3.6366288661956787
2025-07-29,GOOGL,3.6399178504943848
2025-07-30,GOOGL,2.1579389572143555
2025-07-31,GOOGL,2.8795151710510254
2025-08-01,GOOGL,4.037266731262207
2025-08-04,GOOGL,3.8780605792999268
2025-08-05,GOOGL,2.5564663410186768
2025-08-06,GOOGL,1.6312707662582397
2025-08-07,GOOGL,0.6678040623664856
2025-08-08,GOOGL,1.636711835861206
2025-08-11,GOOGL,2.8920319080352783
2025-08-12,GOOGL,2.5336501598358154
2025-08-13,GOOGL,3.2645657062530518
2025-08-14,GOOGL,4.169560432434082
2025-08-15,GOOGL,3.605962038040161
2025-08-18,GOOGL,3.1868159770965576
2025-08-19,GOOGL,4.432327747344971
2025-08-20,GOOGL,4.709222793579102
2025-08-21,GOOGL,4.042647838592529
2025-08-22,GOOGL,3.364053249359131
2025-08-25,GOOGL,-0.9485204815864563
2025-08-26,GOOGL,-0.453361839056015
2025-08-27,GOOGL,1.706786870956421
2025-08-28,GOOGL,2.4034245014190674
2025-08-29,GOOGL,-0.22233428061008453
2025-09-02,GOOGL,2.3539938926696777
2025-09-03,GOOGL,2.9550585746765137
2025-09-04,GOOGL,1.8072184324264526
2025-09-05,GOOGL,2.3344810009002686
2025-09-08,GOOGL,4.030185699462891
2025-09-09,GOOGL,4.210322856903076
2025-09-10,GOOGL,4.261401653289795
2025-09-11,GOOGL,3.5845186710357666
2025-09-12,GOOGL,3.124103546142578
2025-09-15,GOOGL,4.033441543579102
2025-09-16,GOOGL,3.6853599548339844
2025-09-17,GOOGL,2.3228211402893066
2025-09-18,GOOGL,3.243779182434082
2025-09-19,GOOGL,3.508791446685791
2025-09-22,GOOGL,-1.4688396453857422
2025-09-23,GOOGL,2.5038955211639404
2025-09-24,GOOGL,3.2616522312164307
2025-09-25,GOOGL,4.060349941253662
2025-09-26,GOOGL,3.892728567123413
2025-09-29,GOOGL,3.9701902866363525
2025-09-30,GOOGL,4.224030494689941
2025-10-01,GOOGL,4.287198066711426
2025-10-02,GOOGL,3.2940595149993896
2025-10-03,GOOGL,3.5967230796813965
2025-10-06,GOOGL,3.867586612701416
2025-10-07,GOOGL,3.134183645248413
2025-10-08,GOOGL,4.068500995635986
2025-10-09,GOOGL,4.4266252517700195
2025-10-10,GOOGL,4.256621360778809
2025-10-13,GOOGL,4.331213474273682
2025-10-14,GOOGL,1.8005867004394531
2025-10-15,GOOGL,-3.0576205253601074
2025-10-16,GOOGL,1.8064230680465698
2025-10-17,GOOGL,2.2405059337615967
2025-10-20,GOOGL,1.8839541673660278
2025-10-21,GOOGL,2.9561495780944824
2025-10-22,GOOGL,4.068783283233643
2025-10-23,GOOGL,-2.0298736095428467
2025-10-24,GOOGL,-1.9117426872253418
2025-10-27,GOOGL,-3.2780065536499023
2025-10-28,GOOGL,0.3606206774711609
2025-10-29,GOOGL,4.059870719909668
2025-10-30,GOOGL,-3.0125746726989746
2025-10-31,GOOGL,-3.6643168926239014
2025-11-03,GOOGL,-3.898364543914795
2025-11-04,GOOGL,-1.863702654838562
2025-11-05,GOOGL,-2.1844797134399414
2025-11-06,GOOGL,-3.161162853240967
2025-11-07,GOOGL,0.1636655181646347
2025-11-10,GOOGL,0.8624835014343262
2025-11-11,GOOGL,-0.8860533833503723
2025-11-12,GOOGL,-3.692852020263672
2025-11-13,GOOGL,-3.3820974826812744
2025-11-14,GOOGL,-0.5656280517578125
2025-11-17,GOOGL,-2.16626238822937
2025-11-18,GOOGL,-3.381169557571411
2025-11-19,GOOGL,-3.2190215587615967
2025-11-20,GOOGL,-2.748628854751587
2025-11-21,GOOGL,1.0941296815872192
2025-11-24,GOOGL,-1.1442885398864746
2025-11-25,GOOGL,-1.6688592433929443
2025-11-26,GOOGL,2.815702438354492
2025-07-23,GBPUSD=X,2.6869232654571533
2025-07-24,GBPUSD=X,-5.780508518218994
2025-07-25,GBPUSD=X,2.573058843612671
2025-07-28,GBPUSD=X,14.704075813293457
2025-07-29,GBPUSD=X,15.919358253479004
2025-07-30,GBPUSD=X,16.052600860595703
2025-07-31,GBPUSD=X,13.141012191772461
2025-08-01,GBPUSD=X,2.246152400970459
2025-08-04,GBPUSD=X,-13.778494834899902
2025-08-05,GBPUSD=X,-19.345558166503906
2025-08-06,GBPUSD=X,-19.51837921142578
2025-08-07,GBPUSD=X,-15.044066429138184
2025-08-08,GBPUSD=X,-18.41986083984375
2025-08-11,GBPUSD=X,-19.091327667236328
2025-08-12,GBPUSD=X,-19.19215965270996
2025-08-13,GBPUSD=X,3.1661267280578613
2025-08-14,GBPUSD=X,11.775614738464355
2025-08-15,GBPUSD=X,14.233602523803711
2025-08-18,GBPUSD=X,13.106405258178711
2025-08-19,GBPUSD=X,15.378931045532227
2025-08-20,GBPUSD=X,13.273259162902832
2025-08-21,GBPUSD=X,-16.95282554626465
2025-08-22,GBPUSD=X,-16.676816940307617
2025-08-25,GBPUSD=X,-5.602621078491211
2025-08-26,GBPUSD=X,-18.675342559814453
2025-08-27,GBPUSD=X,-19.305408477783203
2025-08-28,GBPUSD=X,-15.238090515136719
2025-08-29,GBPUSD=X,-12.475287437438965
2025-09-01,GBPUSD=X,-16.180063247680664
2025-09-02,GBPUSD=X,-14.349459648132324
2025-09-03,GBPUSD=X,-4.821651935577393
2025-09-04,GBPUSD=X,16.014772415161133
2025-09-05,GBPUSD=X,15.307193756103516
2025-09-08,GBPUSD=X,-7.978977680206299
2025-09-09,GBPUSD=X,-2.09808349609375
2025-09-10,GBPUSD=X,1.0176560878753662
2025-09-11,GBPUSD=X,-6.731747150421143
2025-09-12,GBPUSD=X,17.30889129638672
2025-09-15,GBPUSD=X,2.2012674808502197
2025-09-16,GBPUSD=X,13.609989166259766
2025-09-17,GBPUSD=X,15.97047233581543
2025-09-18,GBPUSD=X,4.10791540145874
2025-09-19,GBPUSD=X,9.663442611694336
2025-09-22,GBPUSD=X,19.79304313659668
2025-09-23,GBPUSD=X,18.889707565307617
2025-09-24,GBPUSD=X,17.51556396484375
2025-09-25,GBPUSD=X,-15.883398056030273
2025-09-26,GBPUSD=X,-14.116804122924805
2025-09-29,GBPUSD=X,13.230446815490723
2025-09-30,GBPUSD=X,-11.28035831451416
2025-10-01,GBPUSD=X,-15.333830833435059
2025-10-02,GBPUSD=X,0.588485836982727
2025-10-03,GBPUSD=X,-0.8512498140335083
2025-10-06,GBPUSD=X,-0.285930871963501
2025-10-07,GBPUSD=X,5.353309631347656
2025-10-08,GBPUSD=X,11.582917213439941
2025-10-09,GBPUSD=X,19.216812133789062
2025-10-10,GBPUSD=X,17.757827758789062
2025-10-13,GBPUSD=X,14.826494216918945
2025-10-14,GBPUSD=X,17.821264266967773
2025-10-15,GBPUSD=X,17.320932388305664
2025-10-16,GBPUSD=X,-5.622519493103027
2025-10-17,GBPUSD=X,-17.45582389831543
2025-10-20,GBPUSD=X,-18.92840003967285
2025-10-21,GBPUSD=X,-4.281588077545166
2025-10-22,GBPUSD=X,17.343469619750977
2025-10-23,GBPUSD=X,18.771194458007812
2025-10-24,GBPUSD=X,16.289636611938477
2025-10-27,GBPUSD=X,16.83893394470215
2025-10-28,GBPUSD=X,14.360847473144531
2025-10-29,GBPUSD=X,17.484222412109375
2025-10-30,GBPUSD=X,11.932710647583008
2025-10-31,GBPUSD=X,16.63614845275879
2025-11-03,GBPUSD=X,16.942411422729492
2025-11-04,GBPUSD=X,-2.1045572757720947
2025-11-05,GBPUSD=X,-3.926180601119995
2025-11-06,GBPUSD=X,13.345479011535645
2025-11-07,GBPUSD=X,15.561789512634277
2025-11-10,GBPUSD=X,14.49038028717041
2025-11-11,GBPUSD=X,15.872476577758789
2025-11-12,GBPUSD=X,18.67729949951172
2025-11-13,GBPUSD=X,18.276412963867188
2025-11-14,GBPUSD=X,15.606388092041016
2025-11-17,GBPUSD=X,17.691667556762695
2025-11-18,GBPUSD=X,17.43065643310547
2025-11-19,GBPUSD=X,12.749241828918457
2025-11-20,GBPUSD=X,3.3779847621917725
2025-11-21,GBPUSD=X,12.345429420471191
2025-11-24,GBPUSD=X,17.336101531982422
2025-11-25,GBPUSD=X,-17.084842681884766
2025-11-26,GBPUSD=X,-21.709293365478516
2025-11-27,GBPUSD=X,-21.677520751953125
2025-07-24,JPM,3.943831205368042
2025-07-25,JPM,5.1774373054504395
2025-07-28,JPM,5.385122776031494
2025-07-29,JPM,5.3481526374816895
2025-07-30,JPM,5.4064106941223145
2025-07-31,JPM,4.630641460418701
2025-08-01,JPM,5.294344902038574
2025-08-04,JPM,5.54350471496582
2025-08-05,JPM,1.051803469657898
2025-08-06,JPM,-2.912719249725342
2025-08-07,JPM,2.4710023403167725
2025-08-08,JPM,2.4077847003936768
2025-08-11,JPM,-2.9042890071868896
2025-08-12,JPM,-2.162463665008545
2025-08-13,JPM,-2.8166093826293945
2025-08-14,JPM,4.083603858947754
2025-08-15,JPM,4.661604404449463
2025-08-18,JPM,4.33242654800415
2025-08-19,JPM,5.33082914352417
2025-08-20,JPM,5.613880634307861
2025-08-21,JPM,4.660409927368164
2025-08-22,JPM,5.531408786773682
2025-08-25,JPM,4.616179943084717
2025-08-26,JPM,5.667433738708496
2025-08-27,JPM,5.350060939788818
2025-08-28,JPM,4.778909683227539
2025-08-29,JPM,4.258535861968994
2025-09-02,JPM,5.778361797332764
2025-09-03,JPM,4.948737144470215
2025-09-04,JPM,5.9769463539123535
2025-09-05,JPM,5.2841010093688965
2025-09-08,JPM,5.932969570159912
2025-09-09,JPM,5.799557685852051
2025-09-10,JPM,1.0428309440612793
2025-09-11,JPM,-4.73846960067749
2025-09-12,JPM,-1.5787078142166138
2025-09-15,JPM,-1.0745055675506592
2025-09-16,JPM,4.051774024963379
2025-09-17,JPM,3.1655359268188477
2025-09-18,JPM,4.3310546875
2025-09-19,JPM,5.844602584838867
2025-09-22,JPM,5.7579240798950195
2025-09-23,JPM,4.456353664398193
2025-09-24,JPM,6.138760089874268
2025-09-25,JPM,6.05225944519043
2025-09-26,JPM,5.190478801727295
2025-09-29,JPM,3.434053897857666
2025-09-30,JPM,-0.7621562480926514
2025-10-01,JPM,2.4856679439544678
2025-10-02,JPM,4.243268013000488
2025-10-03,JPM,5.163496017456055
2025-10-06,JPM,2.365795612335205
2025-10-07,JPM,-0.007422156166285276
2025-10-08,JPM,4.009886264801025
2025-10-09,JPM,5.743044376373291
2025-10-10,JPM,5.329451084136963
2025-10-13,JPM,4.862781524658203
2025-10-14,JPM,3.446202039718628
2025-10-15,JPM,4.966465950012207
2025-10-16,JPM,5.609281539916992
2025-10-17,JPM,5.180508613586426
2025-10-20,JPM,5.844925880432129
2025-10-21,JPM,5.804376125335693
2025-10-22,JPM,4.994205951690674
2025-10-23,JPM,5.514888286590576
2025-10-24,JPM,4.509567737579346
2025-10-27,JPM,5.077642440795898
2025-10-28,JPM,2.6592135429382324
2025-10-29,JPM,5.691974639892578
2025-10-30,JPM,3.915067434310913
2025-10-31,JPM,6.225548267364502
2025-11-03,JPM,5.300775527954102
2025-11-04,JPM,6.535506248474121
2025-11-05,JPM,6.489168167114258
2025-11-06,JPM,3.4484004974365234
2025-11-07,JPM,6.260092258453369
2025-11-10,JPM,6.403860092163086
2025-11-11,JPM,6.539865970611572
2025-11-12,JPM,5.40549898147583
2025-11-13,JPM,0.44602057337760925
2025-11-14,JPM,5.5146002769470215
2025-11-17,JPM,6.232058525085449
2025-11-18,JPM,3.7147765159606934
2025-11-19,JPM,0.5900344252586365
2025-11-20,JPM,3.323042154312134
2025-11-21,JPM,4.834406852722168
2025-11-24,JPM,5.475804328918457
2025-11-25,JPM,3.6922614574432373
2025-11-26,JPM,2.978388786315918
2025-07-24,TSLA,1.9837266206741333
2025-07-25,TSLA,1.988982915878296
2025-07-28,TSLA,1.986602544784546
2025-07-29,TSLA,-1.091462254524231
2025-07-30,TSLA,1.4196077585220337
2025-07-31,TSLA,1.8495460748672485
2025-08-01,TSLA,1.959568738937378
2025-08-04,TSLA,1.8086594343185425
2025-08-05,TSLA,1.0819876194000244
2025-08-06,TSLA,1.1017366647720337
2025-08-07,TSLA,1.771619439125061
2025-08-08,TSLA,0.891219437122345
2025-08-11,TSLA,1.5240896940231323
2025-08-12,TSLA,2.07265305519104
2025-08-13,TSLA,2.0637567043304443
2025-08-14,TSLA,2.126858711242676
2025-08-15,TSLA,2.1520209312438965
2025-08-18,TSLA,2.1674225330352783
2025-08-19,TSLA,2.190086603164673
2025-08-20,TSLA,2.1907825469970703
2025-08-21,TSLA,2.176245927810669
2025-08-22,TSLA,2.136748790740967
2025-08-25,TSLA,-0.7538509368896484
2025-08-26,TSLA,-0.3105139434337616
2025-08-27,TSLA,1.320618987083435
2025-08-28,TSLA,1.804122805595398
2025-08-29,TSLA,2.0068557262420654
2025-09-02,TSLA,2.134704828262329
2025-09-03,TSLA,2.1800990104675293
2025-09-04,TSLA,2.209925889968872
2025-09-05,TSLA,1.8161945343017578
2025-09-08,TSLA,1.3350037336349487
2025-09-09,TSLA,2.1034622192382812
2025-09-10,TSLA,2.255819320678711
2025-09-11,TSLA,1.7188363075256348
2025-09-12,TSLA,0.9676886796951294
2025-09-15,TSLA,1.2150378227233887
2025-09-16,TSLA,2.032484531402588
2025-09-17,TSLA,2.2300984859466553
2025-09-18,TSLA,2.2624566555023193
2025-09-19,TSLA,2.277554512023926
2025-09-22,TSLA,2.2443413734436035
2025-09-23,TSLA,2.1572468280792236
2025-09-24,TSLA,0.9942853450775146
2025-09-25,TSLA,1.5849125385284424
2025-09-26,TSLA,1.5750653743743896
2025-09-29,TSLA,1.6812909841537476
2025-09-30,TSLA,-0.4739959239959717
2025-10-01,TSLA,-0.7022910118103027
2025-10-02,TSLA,-0.02873677760362625
2025-10-03,TSLA,0.9959478974342346
2025-10-06,TSLA,1.804930567741394
2025-10-07,TSLA,0.8155459761619568
2025-10-08,TSLA,1.2812556028366089
2025-10-09,TSLA,1.9572584629058838
2025-10-10,TSLA,1.8932745456695557
2025-10-13,TSLA,2.1074888706207275
2025-10-14,TSLA,1.8744423389434814
2025-10-15,TSLA,0.6668058633804321
2025-10-16,TSLA,2.1011698246002197
2025-10-17,TSLA,1.8586421012878418
2025-10-20,TSLA,0.9568336606025696
2025-10-21,TSLA,2.0190253257751465
2025-10-22,TSLA,2.155082941055298
2025-10-23,TSLA,2.169858932495117
2025-10-24,TSLA,2.233687162399292
2025-10-27,TSLA,2.1921491622924805
2025-10-28,TSLA,2.099909782409668
2025-10-29,TSLA,2.3427653312683105
2025-10-30,TSLA,1.5296920537948608
2025-10-31,TSLA,2.3755760192871094
2025-11-03,TSLA,0.7921791672706604
2025-11-04,TSLA,0.8934644460678101
2025-11-05,TSLA,1.7108733654022217
2025-11-06,TSLA,0.7433232665061951
2025-11-07,TSLA,1.7063931226730347
2025-11-10,TSLA,2.2422916889190674
2025-11-11,TSLA,-1.5317233800888062
2025-11-12,TSLA,1.8565194606781006
2025-11-13,TSLA,1.6396048069000244
2025-11-14,TSLA,-0.14113475382328033
2025-11-17,TSLA,0.34548255801200867
2025-11-18,TSLA,2.0150346755981445
2025-11-19,TSLA,0.11049773544073105
2025-11-20,TSLA,1.2160307168960571
2025-11-21,TSLA,2.2356574535369873
2025-11-24,TSLA,0.6034483313560486
2025-11-25,TSLA,2.02751088142395
2025-11-26,TSLA,2.3669729232788086
2025-07-24,XOM,-0.19979356229305267
2025-07-25,XOM,-3.0173604488372803
2025-07-28,XOM,3.8082637786865234
2025-07-29,XOM,3.670861005783081
2025-07-30,XOM,2.849381685256958
2025-07-31,XOM,5.4579176902771
2025-08-01,XOM,5.6782050132751465
2025-08-04,XOM,5.665719032287598
2025-08-05,XOM,5.68749475479126
2025-08-06,XOM,5.750909805297852
2025-08-07,XOM,5.463990688323975
2025-08-08,XOM,5.1083083152771
2025-08-11,XOM,1.4624162912368774
2025-08-12,XOM,2.5688064098358154
2025-08-13,XOM,4.6947808265686035
2025-08-14,XOM,2.6158323287963867
2025-08-15,XOM,3.897634506225586
2025-08-18,XOM,5.498591423034668
2025-08-19,XOM,5.357120990753174
2025-08-20,XOM,5.791571617126465
2025-08-21,XOM,5.808047294616699
2025-08-22,XOM,5.375161170959473
2025-08-25,XOM,5.4558186531066895
2025-08-26,XOM,5.468510627746582
2025-08-27,XOM,4.816685199737549
2025-08-28,XOM,5.429310321807861
2025-08-29,XOM,4.116204738616943
2025-09-02,XOM,0.7630757093429565
2025-09-03,XOM,4.2194623947143555
2025-09-04,XOM,5.861262798309326
2025-09-05,XOM,5.861843109130859
2025-09-08,XOM,5.681675910949707
2025-09-09,XOM,4.159894943237305
2025-09-10,XOM,-0.7389209866523743
2025-09-11,XOM,-2.4684689044952393
2025-09-12,XOM,2.949040651321411
2025-09-15,XOM,4.803094387054443
2025-09-16,XOM,4.7990193367004395
2025-09-17,XOM,3.7328758239746094
2025-09-18,XOM,4.759777545928955
2025-09-19,XOM,6.131751537322998
2025-09-22,XOM,6.342972278594971
2025-09-23,XOM,6.131134986877441
2025-09-24,XOM,6.055775165557861
2025-09-25,XOM,5.414176940917969
2025-09-26,XOM,5.825864791870117
2025-09-29,XOM,4.073225975036621
2025-09-30,XOM,5.764401435852051
2025-10-01,XOM,6.04012393951416
2025-10-02,XOM,5.472405910491943
2025-10-03,XOM,-1.431627631187439
2025-10-06,XOM,-5.272135257720947
2025-10-07,XOM,-2.119659185409546
2025-10-08,XOM,5.562778949737549
2025-10-09,XOM,5.9485602378845215
2025-10-10,XOM,5.324616432189941
2025-10-13,XOM,5.8843159675598145
2025-10-14,XOM,2.095980644226074
2025-10-15,XOM,-3.195988893508911
2025-10-16,XOM,6.084958553314209
2025-10-17,XOM,6.062145709991455
2025-10-20,XOM,5.498443126678467
2025-10-21,XOM,4.966249465942383
2025-10-22,XOM,1.7444489002227783
2025-10-23,XOM,0.42849084734916687
2025-10-24,XOM,2.5964577198028564
2025-10-27,XOM,5.86431884765625
2025-10-28,XOM,6.457119941711426
2025-10-29,XOM,6.71726655960083
2025-10-30,XOM,6.257370948791504
2025-10-31,XOM,6.1076765060424805
2025-11-03,XOM,6.60735559463501
2025-11-04,XOM,6.691398620605469
2025-11-05,XOM,-0.16090667247772217
2025-11-06,XOM,2.569675922393799
2025-11-07,XOM,1.8648232221603394
2025-11-10,XOM,-5.655278205871582
2025-11-11,XOM,-5.0091023445129395
2025-11-12,XOM,2.6167447566986084
2025-11-13,XOM,5.473577976226807
2025-11-14,XOM,6.290194988250732
2025-11-17,XOM,2.4356324672698975
2025-11-18,XOM,6.353506088256836
2025-11-19,XOM,6.616062641143799
2025-11-20,XOM,6.478928089141846
2025-11-21,XOM,6.084073066711426
2025-11-24,XOM,5.783014297485352
2025-11-25,XOM,5.423089504241943
2025-11-26,XOM,1.1015735864639282
2025-07-24,SPY,5.3712158203125
2025-07-25,SPY,5.5387725830078125
2025-07-28,SPY,5.5654683113098145
2025-07-29,SPY,5.910623550415039
2025-07-30,SPY,6.397240161895752
2025-07-31,SPY,6.397469520568848
2025-08-01,SPY,6.674131393432617
2025-08-04,SPY,6.829991817474365
2025-08-05,SPY,4.229277610778809
2025-08-06,SPY,1.5354148149490356
2025-08-07,SPY,3.384239912033081
2025-08-08,SPY,3.5280096530914307
2025-08-11,SPY,2.112069606781006
2025-08-12,SPY,4.665935516357422
2025-08-13,SPY,2.6796717643737793
2025-08-14,SPY,6.282012939453125
2025-08-15,SPY,7.038107395172119
2025-08-18,SPY,7.09196662902832
2025-08-19,SPY,7.216166019439697
2025-08-20,SPY,7.535524368286133
2025-08-21,SPY,7.145374298095703
2025-08-22,SPY,7.304128646850586
2025-08-25,SPY,-0.7762362360954285
2025-08-26,SPY,1.6071256399154663
2025-08-27,SPY,1.7159687280654907
2025-08-28,SPY,4.189120769500732
2025-08-29,SPY,1.5896100997924805
2025-09-02,SPY,5.8466901779174805
2025-09-03,SPY,6.779845714569092
2025-09-04,SPY,6.5561442375183105
2025-09-05,SPY,0.2682574689388275
2025-09-08,SPY,5.938399791717529
2025-09-09,SPY,7.35788631439209
2025-09-10,SPY,7.442488670349121
2025-09-11,SPY,4.270511627197266
2025-09-12,SPY,6.692772388458252
2025-09-15,SPY,6.9914422035217285
2025-09-16,SPY,7.594532012939453
2025-09-17,SPY,6.452333450317383
2025-09-18,SPY,7.499589920043945
2025-09-19,SPY,7.9737958908081055
2025-09-22,SPY,6.883906364440918
2025-09-23,SPY,2.0411925315856934
2025-09-24,SPY,5.821005344390869
2025-09-25,SPY,5.109543800354004
2025-09-26,SPY,3.7842659950256348
2025-09-29,SPY,-0.17546118795871735
2025-09-30,SPY,-3.386706590652466
2025-10-01,SPY,0.18037930130958557
2025-10-02,SPY,-0.7343600988388062
2025-10-03,SPY,3.7851216793060303
2025-10-06,SPY,6.186568260192871
2025-10-07,SPY,5.22368049621582
2025-10-08,SPY,5.891776084899902
2025-10-09,SPY,4.011722087860107
2025-10-10,SPY,6.827907562255859
2025-10-13,SPY,8.32944393157959
2025-10-14,SPY,7.655999183654785
2025-10-15,SPY,-2.4462125301361084
2025-10-16,SPY,3.0470798015594482
2025-10-17,SPY,4.461031913757324
2025-10-20,SPY,2.8488025665283203
2025-10-21,SPY,-0.3456989526748657
2025-10-22,SPY,0.3182646930217743
2025-10-23,SPY,8.053324699401855
2025-10-24,SPY,8.302281379699707
2025-10-27,SPY,3.4215757846832275
2025-10-28,SPY,6.910480976104736
2025-10-29,SPY,8.94314193725586
2025-10-30,SPY,8.774956703186035
2025-10-31,SPY,8.898155212402344
2025-11-03,SPY,7.843955993652344
2025-11-04,SPY,8.676103591918945
2025-11-05,SPY,8.772407531738281
2025-11-06,SPY,5.589294910430908
2025-11-07,SPY,5.177114963531494
2025-11-10,SPY,6.944814682006836
2025-11-11,SPY,-3.901768922805786
2025-11-12,SPY,-5.2065043449401855
2025-11-13,SPY,-0.9909607172012329
2025-11-14,SPY,6.394894599914551
2025-11-17,SPY,7.594849109649658
2025-11-18,SPY,7.888723373413086
2025-11-19,SPY,7.438989162445068
2025-11-20,SPY,7.473988056182861
2025-11-21,SPY,7.923853397369385
2025-11-24,SPY,6.1071553230285645
2025-11-25,SPY,6.177749156951904
2025-11-26,SPY,7.34788179397583
2025-07-23,EURUSD=X,4.841411590576172
2025-07-24,EURUSD=X,0.25124379992485046
2025-07-25,EURUSD=X,12.029314041137695
2025-07-28,EURUSD=X,15.123259544372559
2025-07-29,EURUSD=X,15.838953971862793
2025-07-30,EURUSD=X,16.623023986816406
2025-07-31,EURUSD=X,16.171241760253906
2025-08-01,EURUSD=X,15.454766273498535
2025-08-04,EURUSD=X,9.808806419372559
2025-08-05,EURUSD=X,-16.836463928222656
2025-08-06,EURUSD=X,-15.374375343322754
2025-08-07,EURUSD=X,5.944094181060791
2025-08-08,EURUSD=X,-13.401253700256348
2025-08-11,EURUSD=X,-11.417802810668945
2025-08-12,EURUSD=X,8.143721580505371
2025-08-13,EURUSD=X,14.020666122436523
2025-08-14,EURUSD=X,13.751148223876953
2025-08-15,EURUSD=X,16.526086807250977
2025-08-18,EURUSD=X,16.08371925354004
2025-08-19,EURUSD=X,16.195571899414062
2025-08-20,EURUSD=X,15.754150390625
2025-08-21,EURUSD=X,-6.425322532653809
2025-08-22,EURUSD=X,5.945017337799072
2025-08-25,EURUSD=X,11.409795761108398
2025-08-26,EURUSD=X,-15.704061508178711
2025-08-27,EURUSD=X,-11.812186241149902
2025-08-28,EURUSD=X,9.786002159118652
2025-08-29,EURUSD=X,2.3056387901306152
2025-09-01,EURUSD=X,-10.565166473388672
2025-09-02,EURUSD=X,-5.528881072998047
2025-09-03,EURUSD=X,9.760019302368164
2025-09-04,EURUSD=X,15.964537620544434
2025-09-05,EURUSD=X,14.93018913269043
2025-09-08,EURUSD=X,5.733610153198242
2025-09-09,EURUSD=X,5.549755573272705
2025-09-10,EURUSD=X,11.106759071350098
2025-09-11,EURUSD=X,2.3456192016601562
2025-09-12,EURUSD=X,16.904354095458984
2025-09-15,EURUSD=X,2.8318371772766113
2025-09-16,EURUSD=X,9.969582557678223
2025-09-17,EURUSD=X,-0.1165686696767807
2025-09-18,EURUSD=X,-11.269437789916992
2025-09-19,EURUSD=X,2.4157280921936035
2025-09-22,EURUSD=X,17.06852149963379
2025-09-23,EURUSD=X,15.524818420410156
2025-09-24,EURUSD=X,14.61991024017334
2025-09-25,EURUSD=X,-15.228606224060059
2025-09-26,EURUSD=X,-12.714414596557617
2025-09-29,EURUSD=X,16.196327209472656
2025-09-30,EURUSD=X,-0.9187669157981873
2025-10-01,EURUSD=X,-13.174054145812988
2025-10-02,EURUSD=X,-3.0042238235473633
2025-10-03,EURUSD=X,-4.61090612411499
2025-10-06,EURUSD=X,-12.577021598815918
2025-10-07,EURUSD=X,1.5849119424819946
2025-10-08,EURUSD=X,8.377169609069824
2025-10-09,EURUSD=X,16.94899559020996
2025-10-10,EURUSD=X,14.509748458862305
2025-10-13,EURUSD=X,4.538451194763184
2025-10-14,EURUSD=X,14.28382682800293
2025-10-15,EURUSD=X,16.80413818359375
2025-10-16,EURUSD=X,13.096505165100098
2025-10-17,EURUSD=X,1.8691455125808716
2025-10-20,EURUSD=X,-1.3740237951278687
2025-10-21,EURUSD=X,15.219480514526367
2025-10-22,EURUSD=X,17.37607192993164
2025-10-23,EURUSD=X,17.870861053466797
2025-10-24,EURUSD=X,16.72190284729004
2025-10-27,EURUSD=X,16.886720657348633
2025-10-28,EURUSD=X,13.679262161254883
2025-10-29,EURUSD=X,13.22024917602539
2025-10-30,EURUSD=X,-2.6207454204559326
2025-10-31,EURUSD=X,17.01789665222168
2025-11-03,EURUSD=X,17.072717666625977
2025-11-04,EURUSD=X,12.867799758911133
2025-11-05,EURUSD=X,-10.118696212768555
2025-11-06,EURUSD=X,8.81706428527832
2025-11-07,EURUSD=X,9.761886596679688
2025-11-10,EURUSD=X,14.306360244750977
2025-11-11,EURUSD=X,13.036999702453613
2025-11-12,EURUSD=X,15.521111488342285
2025-11-13,EURUSD=X,14.621748924255371
2025-11-14,EURUSD=X,13.72143840789795
2025-11-17,EURUSD=X,13.522982597351074
2025-11-18,EURUSD=X,19.406171798706055
2025-11-19,EURUSD=X,19.895912170410156
2025-11-20,EURUSD=X,19.783775329589844
2025-11-21,EURUSD=X,19.401941299438477
2025-11-24,EURUSD=X,19.38398551940918
2025-11-25,EURUSD=X,16.059951782226562
2025-11-26,EURUSD=X,-17.030719757080078
2025-11-27,EURUSD=X,-19.46595001220703
2025-07-24,GLD,7.299971580505371
2025-07-25,GLD,7.636918067932129
2025-07-28,GLD,7.40802526473999
2025-07-29,GLD,7.315845012664795
2025-07-30,GLD,1.9499733448028564
2025-07-31,GLD,6.065703392028809
2025-08-01,GLD,5.319561004638672
2025-08-04,GLD,-6.225370407104492
2025-08-05,GLD,0.012785703875124454
2025-08-06,GLD,5.941079139709473
2025-08-07,GLD,-0.28554487228393555
2025-08-08,GLD,-1.0044361352920532
2025-08-11,GLD,6.529104709625244
2025-08-12,GLD,7.742178440093994
2025-08-13,GLD,7.984472751617432
2025-08-14,GLD,7.936903953552246
2025-08-15,GLD,7.691601276397705
2025-08-18,GLD,7.9690423011779785
2025-08-19,GLD,7.515694618225098
2025-08-20,GLD,-2.8878302574157715
2025-08-21,GLD,-6.643860816955566
2025-08-22,GLD,-2.453397750854492
2025-08-25,GLD,4.201158046722412
2025-08-26,GLD,-0.5144952535629272
2025-08-27,GLD,5.5604400634765625
2025-08-28,GLD,7.813504219055176
2025-08-29,GLD,7.8087158203125
2025-09-02,GLD,7.817484378814697
2025-09-03,GLD,7.948918342590332
2025-09-04,GLD,8.117813110351562
2025-09-05,GLD,8.18273639678955
2025-09-08,GLD,8.130782127380371
2025-09-09,GLD,7.302552700042725
2025-09-10,GLD,8.1649169921875
2025-09-11,GLD,6.357782363891602
2025-09-12,GLD,7.2237653732299805
2025-09-15,GLD,3.8535711765289307
2025-09-16,GLD,2.883937120437622
2025-09-17,GLD,3.157261610031128
2025-09-18,GLD,3.5767412185668945
2025-09-19,GLD,-0.4232892692089081
2025-09-22,GLD,1.5746058225631714
2025-09-23,GLD,4.291550159454346
2025-09-24,GLD,5.276440143585205
2025-09-25,GLD,7.2153449058532715
2025-09-26,GLD,7.290246486663818
2025-09-29,GLD,5.831317901611328
2025-09-30,GLD,6.712364196777344
2025-10-01,GLD,7.548635959625244
2025-10-02,GLD,7.843964576721191
2025-10-03,GLD,7.780714511871338
2025-10-06,GLD,7.255181789398193
2025-10-07,GLD,7.580500602722168
2025-10-08,GLD,7.371840953826904
2025-10-09,GLD,6.075931549072266
2025-10-10,GLD,5.969604015350342
2025-10-13,GLD,6.287846088409424
2025-10-14,GLD,2.683279514312744
2025-10-15,GLD,2.7949986457824707
2025-10-16,GLD,1.4153558015823364
2025-10-17,GLD,0.695321261882782
2025-10-20,GLD,4.44381856918335
2025-10-21,GLD,4.226665496826172
2025-10-22,GLD,5.34000825881958
2025-10-23,GLD,5.719778537750244
2025-10-24,GLD,2.1275503635406494
2025-10-27,GLD,1.8290235996246338
2025-10-28,GLD,6.124406814575195
2025-10-29,GLD,5.007519245147705
2025-10-30,GLD,3.5033977031707764
2025-10-31,GLD,0.6140232682228088
2025-11-03,GLD,2.424283027648926
2025-11-04,GLD,5.057679176330566
2025-11-05,GLD,5.822983741760254
2025-11-06,GLD,3.5162839889526367
2025-11-07,GLD,6.273798942565918
2025-11-10,GLD,6.033697128295898
2025-11-11,GLD,5.518763542175293
2025-11-12,GLD,5.427074909210205
2025-11-13,GLD,6.408367156982422
2025-11-14,GLD,6.479183673858643
2025-11-17,GLD,6.563024997711182
2025-11-18,GLD,6.330654621124268
2025-11-19,GLD,5.573207378387451
2025-11-20,GLD,4.289361476898193
2025-11-21,GLD,6.000460624694824
2025-11-24,GLD,5.068418979644775
2025-11-25,GLD,5.761754512786865
2025-11-26,GLD,5.533522605895996
2025-07-23,GC=F,5.847818851470947
2025-07-24,GC=F,7.302286624908447
2025-07-25,GC=F,7.406861782073975
2025-07-28,GC=F,7.453945159912109
2025-07-29,GC=F,7.427709102630615
2025-07-30,GC=F,0.9411470293998718
2025-07-31,GC=F,5.339187145233154
2025-08-01,GC=F,6.684802055358887
2025-08-04,GC=F,-3.813217878341675
2025-08-05,GC=F,3.2657806873321533
2025-08-06,GC=F,5.7032270431518555
2025-08-07,GC=F,1.6351522207260132
2025-08-08,GC=F,2.8308565616607666
2025-08-11,GC=F,6.866171836853027
2025-08-12,GC=F,7.542705059051514
2025-08-13,GC=F,7.676205635070801
2025-08-14,GC=F,7.671054840087891
2025-08-15,GC=F,7.265847206115723
2025-08-18,GC=F,7.415231704711914
2025-08-19,GC=F,7.29630184173584
2025-08-20,GC=F,4.724878311157227
2025-08-21,GC=F,-6.440488815307617
2025-08-22,GC=F,-1.905527949333191
2025-08-25,GC=F,5.963437080383301
2025-08-26,GC=F,3.437288761138916
2025-08-27,GC=F,2.8832011222839355
2025-08-28,GC=F,7.849877834320068
2025-08-29,GC=F,7.681315898895264
2025-09-02,GC=F,7.669313430786133
2025-09-03,GC=F,7.835102558135986
2025-09-04,GC=F,7.869787216186523
2025-09-05,GC=F,7.956921577453613
2025-09-08,GC=F,7.9699249267578125
2025-09-09,GC=F,7.638367176055908
2025-09-10,GC=F,8.061716079711914
2025-09-11,GC=F,7.500010967254639
2025-09-12,GC=F,7.7529706954956055
2025-09-15,GC=F,7.148538589477539
2025-09-16,GC=F,6.1911468505859375
2025-09-17,GC=F,5.953726768493652
2025-09-18,GC=F,5.421435832977295
2025-09-19,GC=F,4.772294998168945
2025-09-22,GC=F,6.040995121002197
2025-09-23,GC=F,6.888341903686523
2025-09-24,GC=F,7.096109390258789
2025-09-25,GC=F,7.981441497802734
2025-09-26,GC=F,7.936161994934082
2025-09-29,GC=F,7.416752815246582
2025-09-30,GC=F,7.6155877113342285
2025-10-01,GC=F,8.032959938049316
2025-10-02,GC=F,8.188623428344727
2025-10-03,GC=F,8.214808464050293
2025-10-06,GC=F,7.8972930908203125
2025-10-07,GC=F,8.095606803894043
2025-10-08,GC=F,8.161657333374023
2025-10-09,GC=F,7.573059558868408
2025-10-10,GC=F,7.478398323059082
2025-10-13,GC=F,7.543397903442383
2025-10-14,GC=F,6.396580219268799
2025-10-15,GC=F,6.42842960357666
2025-10-16,GC=F,6.837390422821045
2025-10-17,GC=F,6.688187599182129
2025-10-20,GC=F,7.045933246612549
2025-10-21,GC=F,6.430019855499268
2025-10-22,GC=F,6.50993537902832
2025-10-23,GC=F,6.5563883781433105
2025-10-24,GC=F,6.284475803375244
2025-10-27,GC=F,6.051692008972168
2025-10-28,GC=F,6.461309432983398
2025-10-29,GC=F,6.403441905975342
2025-10-30,GC=F,6.308851718902588
2025-10-31,GC=F,6.208141326904297
2025-11-03,GC=F,6.266533851623535
2025-11-04,GC=F,6.3275980949401855
2025-11-05,GC=F,6.437752723693848
2025-11-06,GC=F,6.118285655975342
2025-11-07,GC=F,6.518895149230957
2025-11-10,GC=F,6.36898946762085
2025-11-11,GC=F,5.879599571228027
2025-11-12,GC=F,5.834763050079346
2025-11-13,GC=F,6.216662883758545
2025-11-14,GC=F,6.21627140045166
2025-11-17,GC=F,6.25942850112915
2025-11-18,GC=F,6.137665748596191
2025-11-19,GC=F,5.982475757598877
2025-11-20,GC=F,5.394311904907227
2025-11-21,GC=F,5.803093433380127
2025-11-24,GC=F,5.724884033203125
2025-11-25,GC=F,6.378986358642578
2025-11-26,GC=F,6.4173712730407715
2025-07-23,HDFCBANK.NS,-3.0519652366638184
2025-07-24,HDFCBANK.NS,5.734010696411133
2025-07-25,HDFCBANK.NS,7.237870693206787
2025-07-28,HDFCBANK.NS,7.308023929595947
2025-07-29,HDFCBANK.NS,6.257770538330078
2025-07-30,HDFCBANK.NS,5.812649726867676
2025-07-31,HDFCBANK.NS,8.009267807006836
2025-08-01,HDFCBANK.NS,8.15266227722168
2025-08-04,HDFCBANK.NS,7.721867561340332
2025-08-05,HDFCBANK.NS,7.948312759399414
2025-08-06,HDFCBANK.NS,8.193758964538574
2025-08-07,HDFCBANK.NS,-5.801417350769043
2025-08-08,HDFCBANK.NS,-6.982341289520264
2025-08-11,HDFCBANK.NS,-5.745280742645264
2025-08-12,HDFCBANK.NS,-0.7423070669174194
2025-08-13,HDFCBANK.NS,3.867215871810913
2025-08-14,HDFCBANK.NS,4.340957164764404
2025-08-18,HDFCBANK.NS,-3.668370485305786
2025-08-19,HDFCBANK.NS,-0.04206668958067894
2025-08-20,HDFCBANK.NS,7.293932914733887
2025-08-21,HDFCBANK.NS,7.125018119812012
2025-08-22,HDFCBANK.NS,8.095538139343262
2025-08-25,HDFCBANK.NS,8.261672019958496
2025-08-26,HDFCBANK.NS,7.805685043334961
2025-08-28,HDFCBANK.NS,6.790929794311523
2025-08-29,HDFCBANK.NS,7.86200475692749
2025-09-01,HDFCBANK.NS,-0.2621144950389862
2025-09-02,HDFCBANK.NS,6.762613296508789
2025-09-03,HDFCBANK.NS,6.021982192993164
2025-09-04,HDFCBANK.NS,-0.6334794163703918
2025-09-05,HDFCBANK.NS,-4.172883033752441
2025-09-08,HDFCBANK.NS,6.8277740478515625
2025-09-09,HDFCBANK.NS,7.203993320465088
2025-09-10,HDFCBANK.NS,7.424853324890137
2025-09-11,HDFCBANK.NS,8.616353034973145
2025-09-12,HDFCBANK.NS,8.109618186950684
2025-09-15,HDFCBANK.NS,8.08838176727295
2025-09-16,HDFCBANK.NS,8.098963737487793
2025-09-17,HDFCBANK.NS,6.354783535003662
2025-09-18,HDFCBANK.NS,5.13035249710083
2025-09-19,HDFCBANK.NS,4.640749931335449
2025-09-22,HDFCBANK.NS,2.0763230323791504
2025-09-23,HDFCBANK.NS,4.671166896820068
2025-09-24,HDFCBANK.NS,4.786196231842041
2025-09-25,HDFCBANK.NS,-3.5923309326171875
2025-09-26,HDFCBANK.NS,-4.245190620422363
2025-09-29,HDFCBANK.NS,-2.8333542346954346
2025-09-30,HDFCBANK.NS,0.49025866389274597
2025-10-01,HDFCBANK.NS,1.6127991676330566
2025-10-03,HDFCBANK.NS,1.1619644165039062
2025-10-06,HDFCBANK.NS,4.958500862121582
2025-10-07,HDFCBANK.NS,7.14571475982666
2025-10-08,HDFCBANK.NS,5.3054399490356445
2025-10-09,HDFCBANK.NS,9.25218677520752
2025-10-10,HDFCBANK.NS,9.519277572631836
2025-10-13,HDFCBANK.NS,9.62680435180664
2025-10-14,HDFCBANK.NS,9.652680397033691
2025-10-15,HDFCBANK.NS,9.29262924194336
2025-10-16,HDFCBANK.NS,8.725470542907715
2025-10-17,HDFCBANK.NS,3.5334057807922363
2025-10-20,HDFCBANK.NS,4.2263665199279785
2025-10-21,HDFCBANK.NS,-5.173067569732666
2025-10-23,HDFCBANK.NS,6.104345321655273
2025-10-24,HDFCBANK.NS,-0.1883939504623413
2025-10-27,HDFCBANK.NS,4.093548774719238
2025-10-28,HDFCBANK.NS,7.703921318054199
2025-10-29,HDFCBANK.NS,7.020596504211426
2025-10-30,HDFCBANK.NS,6.95134162902832
2025-10-31,HDFCBANK.NS,8.782578468322754
2025-11-03,HDFCBANK.NS,9.200448036193848
2025-11-04,HDFCBANK.NS,8.458200454711914
2025-11-06,HDFCBANK.NS,2.690178632736206
2025-11-07,HDFCBANK.NS,6.619078636169434
2025-11-10,HDFCBANK.NS,6.3879218101501465
2025-11-11,HDFCBANK.NS,3.4974982738494873
2025-11-12,HDFCBANK.NS,2.1947147846221924
2025-11-13,HDFCBANK.NS,8.27177906036377
2025-11-14,HDFCBANK.NS,9.213134765625
2025-11-17,HDFCBANK.NS,8.719691276550293
2025-11-18,HDFCBANK.NS,4.474603652954102
2025-11-19,HDFCBANK.NS,9.339059829711914
2025-11-20,HDFCBANK.NS,9.78463077545166
2025-11-21,HDFCBANK.NS,8.32283878326416
2025-11-24,HDFCBANK.NS,9.95608139038086
2025-11-25,HDFCBANK.NS,9.940306663513184
2025-11-26,HDFCBANK.NS,9.952876091003418
2025-11-27,HDFCBANK.NS,7.7778706550598145
2025-07-24,AMZN,2.4392433166503906
2025-07-25,AMZN,3.301178455352783
2025-07-28,AMZN,2.5465197563171387
2025-07-29,AMZN,3.6673312187194824
2025-07-30,AMZN,3.518718719482422
2025-07-31,AMZN,3.570634126663208
2025-08-01,AMZN,2.302570104598999
2025-08-04,AMZN,4.032864570617676
2025-08-05,AMZN,4.069264888763428
2025-08-06,AMZN,0.47415977716445923
2025-08-07,AMZN,-2.957498073577881
2025-08-08,AMZN,0.7686280012130737
2025-08-11,AMZN,2.529257297515869
2025-08-12,AMZN,2.8658227920532227
2025-08-13,AMZN,2.2246181964874268
2025-08-14,AMZN,2.630805253982544
2025-08-15,AMZN,3.9111437797546387
2025-08-18,AMZN,4.095242500305176
2025-08-19,AMZN,3.9310948848724365
2025-08-20,AMZN,4.227075099945068
2025-08-21,AMZN,4.217350959777832
2025-08-22,AMZN,4.178079128265381
2025-08-25,AMZN,3.5501365661621094
2025-08-26,AMZN,3.7423627376556396
2025-08-27,AMZN,3.91650652885437
2025-08-28,AMZN,3.930341958999634
2025-08-29,AMZN,3.9531445503234863
2025-09-02,AMZN,4.076076984405518
2025-09-03,AMZN,4.123582363128662
2025-09-04,AMZN,3.9952099323272705
2025-09-05,AMZN,0.023174479603767395
2025-09-08,AMZN,3.5263800621032715
2025-09-09,AMZN,4.152500152587891
2025-09-10,AMZN,4.1002092361450195
2025-09-11,AMZN,4.134507179260254
2025-09-12,AMZN,4.217169761657715
2025-09-15,AMZN,3.8991143703460693
2025-09-16,AMZN,3.8240625858306885
2025-09-17,AMZN,-2.2790472507476807
2025-09-18,AMZN,3.3408591747283936
2025-09-19,AMZN,4.286220073699951
2025-09-22,AMZN,3.8789801597595215
2025-09-23,AMZN,2.2273237705230713
2025-09-24,AMZN,4.1245927810668945
2025-09-25,AMZN,2.321638584136963
2025-09-26,AMZN,-0.3927443325519562
2025-09-29,AMZN,3.633718729019165
2025-09-30,AMZN,3.591282844543457
2025-10-01,AMZN,4.202706813812256
2025-10-02,AMZN,3.4183080196380615
2025-10-03,AMZN,0.38087010383605957
2025-10-06,AMZN,4.064522743225098
2025-10-07,AMZN,4.1745758056640625
2025-10-08,AMZN,3.8709309101104736
2025-10-09,AMZN,4.326211929321289
2025-10-10,AMZN,4.184769630432129
2025-10-13,AMZN,4.240840911865234
2025-10-14,AMZN,4.174079418182373
2025-10-15,AMZN,3.3262228965759277
2025-10-16,AMZN,0.8248687386512756
2025-10-17,AMZN,1.8593155145645142
2025-10-20,AMZN,-0.10340005904436111
2025-10-21,AMZN,-3.118159055709839
2025-10-22,AMZN,-4.017016410827637
2025-10-23,AMZN,3.1668026447296143
2025-10-24,AMZN,4.0165910720825195
2025-10-27,AMZN,-1.203279972076416
2025-10-28,AMZN,-1.3375481367111206
2025-10-29,AMZN,4.602950096130371
2025-10-30,AMZN,4.462214469909668
2025-10-31,AMZN,4.119653224945068
2025-11-03,AMZN,3.6809287071228027
2025-11-04,AMZN,3.3750271797180176
2025-11-05,AMZN,4.0519700050354
2025-11-06,AMZN,3.898630142211914
2025-11-07,AMZN,2.1461715698242188
2025-11-10,AMZN,4.016781806945801
2025-11-11,AMZN,3.1015031337738037
2025-11-12,AMZN,3.8842647075653076
2025-11-13,AMZN,3.848257541656494
2025-11-14,AMZN,2.960678815841675
2025-11-17,AMZN,3.540827751159668
2025-11-18,AMZN,3.9011123180389404
2025-11-19,AMZN,2.3397088050842285
2025-11-20,AMZN,3.0621416568756104
2025-11-21,AMZN,3.317230701446533
2025-11-24,AMZN,3.3624913692474365
2025-11-25,AMZN,3.750910520553589
2025-11-26,AMZN,3.839552879333496
2025-07-24,UNH,2.684933662414551
2025-07-25,UNH,2.5743651390075684
2025-07-28,UNH,2.750720500946045
2025-07-29,UNH,2.6915829181671143
2025-07-30,UNH,2.5590713024139404
2025-07-31,UNH,2.5784101486206055
2025-08-01,UNH,2.6308646202087402
2025-08-04,UNH,2.528170108795166
2025-08-05,UNH,2.4391555786132812
2025-08-06,UNH,2.398721694946289
2025-08-07,UNH,2.4390769004821777
2025-08-08,UNH,2.2437164783477783
2025-08-11,UNH,1.7073237895965576
2025-08-12,UNH,2.5712382793426514
2025-08-13,UNH,2.253579616546631
2025-08-14,UNH,2.081111192703247
2025-08-15,UNH,2.4047935009002686
2025-08-18,UNH,1.7714307308197021
2025-08-19,UNH,2.3999745845794678
2025-08-20,UNH,2.5133323669433594
2025-08-21,UNH,2.4748222827911377
2025-08-22,UNH,2.3094112873077393
2025-08-25,UNH,2.5393548011779785
2025-08-26,UNH,2.6165409088134766
2025-08-27,UNH,2.677220582962036
2025-08-28,UNH,2.7400922775268555
2025-08-29,UNH,2.6970009803771973
2025-09-02,UNH,2.7004356384277344
2025-09-03,UNH,2.7596209049224854
2025-09-04,UNH,2.6597182750701904
2025-09-05,UNH,2.7069385051727295
2025-09-08,UNH,2.7344114780426025
2025-09-09,UNH,2.675572395324707
2025-09-10,UNH,2.669243574142456
2025-09-11,UNH,2.7142858505249023
2025-09-12,UNH,2.7649219036102295
2025-09-15,UNH,2.77752423286438
2025-09-16,UNH,2.7903900146484375
2025-09-17,UNH,2.8206734657287598
2025-09-18,UNH,2.819732666015625
2025-09-19,UNH,2.8468470573425293
2025-09-22,UNH,2.8459646701812744
2025-09-23,UNH,2.822784662246704
2025-09-24,UNH,2.8068652153015137
2025-09-25,UNH,2.7816901206970215
2025-09-26,UNH,2.606302499771118
2025-09-29,UNH,2.8035202026367188
2025-09-30,UNH,2.7423975467681885
2025-10-01,UNH,2.811873197555542
2025-10-02,UNH,2.8701798915863037
2025-10-03,UNH,2.889930486679077
2025-10-06,UNH,2.9135167598724365
2025-10-07,UNH,2.973886728286743
2025-10-08,UNH,2.975057363510132
2025-10-09,UNH,2.9791104793548584
2025-10-10,UNH,2.9762020111083984
2025-10-13,UNH,3.0133512020111084
2025-10-14,UNH,3.018930196762085
2025-10-15,UNH,2.980795383453369
2025-10-16,UNH,2.952218532562256
2025-10-17,UNH,2.983612298965454
2025-10-20,UNH,2.821758508682251
2025-10-21,UNH,0.3075975775718689
2025-10-22,UNH,-1.24412202835083
2025-10-23,UNH,2.5679028034210205
2025-10-24,UNH,2.589752435684204
2025-10-27,UNH,1.3757444620132446
2025-10-28,UNH,1.634831428527832
2025-10-29,UNH,3.0199544429779053
2025-10-30,UNH,3.1591103076934814
2025-10-31,UNH,3.1625094413757324
2025-11-03,UNH,2.561877489089966
2025-11-04,UNH,2.4599225521087646
2025-11-05,UNH,2.716237783432007
2025-11-06,UNH,1.0513429641723633
2025-11-07,UNH,1.8341944217681885
2025-11-10,UNH,1.9224791526794434
2025-11-11,UNH,2.5011348724365234
2025-11-12,UNH,2.8799190521240234
2025-11-13,UNH,2.0801782608032227
2025-11-14,UNH,2.2122933864593506
2025-11-17,UNH,3.228210210800171
2025-11-18,UNH,3.219730854034424
2025-11-19,UNH,3.0492913722991943
2025-11-20,UNH,2.780165910720825
2025-11-21,UNH,1.6185956001281738
2025-11-24,UNH,0.6495830416679382
2025-11-25,UNH,0.8121723532676697
2025-11-26,UNH,-0.36132681369781494
2025-07-24,META,3.16215443611145
2025-07-25,META,2.3565051555633545
2025-07-28,META,2.1804709434509277
2025-07-29,META,3.1947128772735596
2025-07-30,META,3.740264892578125
2025-07-31,META,3.3660082817077637
2025-08-01,META,-1.5477008819580078
2025-08-04,META,3.1358020305633545
2025-08-05,META,3.3017702102661133
2025-08-06,META,3.4251797199249268
2025-08-07,META,3.48248028755188
2025-08-08,META,3.5548810958862305
2025-08-11,META,3.5407044887542725
2025-08-12,META,3.5908334255218506
2025-08-13,META,3.5787384510040283
2025-08-14,META,3.449737071990967
2025-08-15,META,3.6557798385620117
2025-08-18,META,3.6424241065979004
2025-08-19,META,-2.9167637825012207
2025-08-20,META,3.5821421146392822
2025-08-21,META,3.162182569503784
2025-08-22,META,3.4635543823242188
2025-08-25,META,3.3073439598083496
2025-08-26,META,3.500836133956909
2025-08-27,META,3.5996248722076416
2025-08-28,META,3.647080183029175
2025-08-29,META,3.5624032020568848
2025-09-02,META,3.657604932785034
2025-09-03,META,3.6700046062469482
2025-09-04,META,3.6201329231262207
2025-09-05,META,3.6246349811553955
2025-09-08,META,3.727511167526245
2025-09-09,META,3.7291927337646484
2025-09-10,META,3.7429440021514893
2025-09-11,META,3.717635154724121
2025-09-12,META,3.8002371788024902
2025-09-15,META,3.7649571895599365
2025-09-16,META,3.604952096939087
2025-09-17,META,1.9907147884368896
2025-09-18,META,3.7953670024871826
2025-09-19,META,3.895533323287964
2025-09-22,META,3.8928093910217285
2025-09-23,META,3.9079439640045166
2025-09-24,META,4.0172014236450195
2025-09-25,META,3.6738812923431396
2025-09-26,META,0.7724615335464478
2025-09-29,META,3.5946080684661865
2025-09-30,META,3.219059467315674
2025-10-01,META,3.1045520305633545
2025-10-02,META,0.7041011452674866
2025-10-03,META,-2.503728151321411
2025-10-06,META,2.4607954025268555
2025-10-07,META,2.6068592071533203
2025-10-08,META,2.7795519828796387
2025-10-09,META,3.716581106185913
2025-10-10,META,3.813088893890381
2025-10-13,META,3.751220464706421
2025-10-14,META,3.9717302322387695
2025-10-15,META,3.796304702758789
2025-10-16,META,3.1299047470092773
2025-10-17,META,3.3849339485168457
2025-10-20,META,3.4389429092407227
2025-10-21,META,-1.4267812967300415
2025-10-22,META,2.2479615211486816
2025-10-23,META,2.850886344909668
2025-10-24,META,3.799654245376587
2025-10-27,META,3.5112669467926025
2025-10-28,META,-1.7735732793807983
2025-10-29,META,4.037085056304932
2025-10-30,META,3.5082340240478516
2025-10-31,META,3.783080816268921
2025-11-03,META,3.7633283138275146
2025-11-04,META,3.527036190032959
2025-11-05,META,3.4288249015808105
2025-11-06,META,2.67755389213562
2025-11-07,META,2.838515520095825
2025-11-10,META,3.252393960952759
2025-11-11,META,2.8259031772613525
2025-11-12,META,3.4654085636138916
2025-11-13,META,3.7125296592712402
2025-11-14,META,3.7192575931549072
2025-11-17,META,3.725283622741699
2025-11-18,META,3.9329183101654053
2025-11-19,META,3.8650200366973877
2025-11-20,META,3.774376392364502
2025-11-21,META,3.6310391426086426
2025-11-24,META,3.2077410221099854
2025-11-25,META,3.154627561569214
2025-11-26,META,1.9709945917129517
2025-09-09,^NSEI,12.112845420837402
2025-09-10,^NSEI,12.188708305358887
2025-09-11,^NSEI,12.285177230834961
2025-09-12,^NSEI,12.24689769744873
2025-09-15,^NSEI,12.343101501464844
2025-09-16,^NSEI,12.380390167236328
2025-09-17,^NSEI,12.409106254577637
2025-09-18,^NSEI,12.40516471862793
2025-09-19,^NSEI,12.513189315795898
2025-09-22,^NSEI,12.528949737548828
2025-09-23,^NSEI,12.705151557922363
2025-09-24,^NSEI,12.799995422363281
2025-09-25,^NSEI,12.826796531677246
2025-09-26,^NSEI,12.73238754272461
2025-09-29,^NSEI,12.796490669250488
2025-09-30,^NSEI,12.858667373657227
2025-10-01,^NSEI,12.7766752243042
2025-10-03,^NSEI,12.80821418762207
2025-10-06,^NSEI,12.757694244384766
2025-10-07,^NSEI,12.815622329711914
2025-10-08,^NSEI,12.875536918640137
2025-10-09,^NSEI,12.948888778686523
2025-10-10,^NSEI,13.018364906311035
2025-10-13,^NSEI,13.028233528137207
2025-10-14,^NSEI,12.973122596740723
2025-10-15,^NSEI,12.953328132629395
2025-10-16,^NSEI,12.866446495056152
2025-10-17,^NSEI,12.774686813354492
2025-10-20,^NSEI,12.741525650024414
2025-10-21,^NSEI,12.687983512878418
2025-10-23,^NSEI,13.067380905151367
2025-10-24,^NSEI,13.17403793334961
2025-10-27,^NSEI,13.376457214355469
2025-10-28,^NSEI,13.543929100036621
2025-10-29,^NSEI,13.540980339050293
2025-10-30,^NSEI,13.484413146972656
2025-10-31,^NSEI,13.589859008789062
2025-11-03,^NSEI,13.701691627502441
2025-11-04,^NSEI,13.652018547058105
2025-11-06,^NSEI,13.660937309265137
2025-11-07,^NSEI,13.720189094543457
2025-11-10,^NSEI,13.751076698303223
2025-11-11,^NSEI,13.754142761230469
2025-11-12,^NSEI,13.680164337158203
2025-11-13,^NSEI,13.721914291381836
2025-11-14,^NSEI,13.775280952453613
2025-11-17,^NSEI,13.869194984436035
2025-11-18,^NSEI,13.847339630126953
2025-11-19,^NSEI,13.948934555053711
2025-11-20,^NSEI,13.883874893188477
2025-11-21,^NSEI,13.624677658081055
2025-11-24,^NSEI,13.717846870422363
2025-11-25,^NSEI,13.807373046875
2025-11-26,^NSEI,13.62850284576416
2025-11-27,^NSEI,13.285868644714355
2025-12-23,DX-Y.NYB,10.593265533447266
2025-12-24,DX-Y.NYB,10.542337417602539
2025-12-26,DX-Y.NYB,6.7308244705200195
2025-12-29,DX-Y.NYB,-5.991305351257324
2025-12-30,DX-Y.NYB,5.7619733810424805
2025-12-31,DX-Y.NYB,7.620602607727051
2026-01-02,DX-Y.NYB,-2.895059108734131
2026-01-05,DX-Y.NYB,-1.0804669857025146
2026-01-06,DX-Y.NYB,6.8011393547058105
2026-01-07,DX-Y.NYB,-5.951570987701416
2026-01-08,DX-Y.NYB,-18.019845962524414
2026-01-09,DX-Y.NYB,-20.520187377929688
2026-01-12,DX-Y.NYB,-8.918156623840332
2026-01-13,DX-Y.NYB,14.484562873840332
2026-01-14,DX-Y.NYB,5.691016674041748
2026-01-15,DX-Y.NYB,-5.814648151397705
2026-01-16,DX-Y.NYB,9.178183555603027
2026-01-20,DX-Y.NYB,7.474248886108398
2026-01-21,DX-Y.NYB,22.920185089111328
2026-01-22,DX-Y.NYB,22.325143814086914
2026-01-23,DX-Y.NYB,22.204376220703125
2026-01-26,DX-Y.NYB,21.766334533691406
2026-01-27,DX-Y.NYB,21.500938415527344
2026-01-28,DX-Y.NYB,13.075848579406738
2026-01-29,DX-Y.NYB,16.01348304748535
2026-01-30,DX-Y.NYB,17.712251663208008
2026-02-02,DX-Y.NYB,15.09646987915039
2026-02-03,DX-Y.NYB,16.12096405029297
2026-02-04,DX-Y.NYB,10.840137481689453
2026-02-05,DX-Y.NYB,11.7841796875
2026-02-06,DX-Y.NYB,15.830140113830566
2026-02-09,DX-Y.NYB,10.136966705322266
2026-02-10,DX-Y.NYB,12.760544776916504
2026-02-11,DX-Y.NYB,14.351665496826172
2026-02-12,DX-Y.NYB,11.693804740905762
2026-02-13,DX-Y.NYB,12.836556434631348
2026-02-17,DX-Y.NYB,8.23612117767334
2026-02-18,DX-Y.NYB,15.484416007995605
2026-02-19,DX-Y.NYB,0.09674422442913055
2026-02-20,DX-Y.NYB,-11.002928733825684
2026-02-23,DX-Y.NYB,12.159658432006836
2026-02-24,DX-Y.NYB,16.685535430908203
2026-02-25,DX-Y.NYB,11.112415313720703
2026-02-26,DX-Y.NYB,11.404820442199707
2026-02-27,DX-Y.NYB,19.05916404724121
2026-03-02,DX-Y.NYB,20.791446685791016
2026-03-03,DX-Y.NYB,21.045734405517578
2026-03-04,DX-Y.NYB,20.063241958618164
2026-03-05,DX-Y.NYB,22.07527732849121
2026-03-06,DX-Y.NYB,21.492599487304688
2026-03-09,DX-Y.NYB,1.7327598333358765
2026-03-10,DX-Y.NYB,4.262397766113281
2026-03-11,DX-Y.NYB,18.038684844970703
2026-03-12,DX-Y.NYB,16.38865852355957
2026-03-13,DX-Y.NYB,13.697505950927734
2026-03-16,DX-Y.NYB,16.94514274597168
2026-03-17,DX-Y.NYB,20.727197647094727
2026-03-18,DX-Y.NYB,19.405927658081055
2026-03-19,DX-Y.NYB,-10.713334083557129
2026-03-20,DX-Y.NYB,-2.9036736488342285
2026-03-23,DX-Y.NYB,15.131021499633789
2026-03-24,DX-Y.NYB,9.85033893585205
2026-03-25,DX-Y.NYB,10.695646286010742
2026-03-26,DX-Y.NYB,6.888017177581787
2026-03-27,DX-Y.NYB,15.130908012390137
2026-03-30,DX-Y.NYB,14.174023628234863
2026-03-31,DX-Y.NYB,3.4169869422912598
2026-04-01,DX-Y.NYB,8.972028732299805
2026-04-02,DX-Y.NYB,15.835955619812012
2026-04-06,DX-Y.NYB,3.510573625564575
2026-04-07,DX-Y.NYB,0.82244873046875
2026-04-08,DX-Y.NYB,18.072120666503906
2026-04-09,DX-Y.NYB,16.072309494018555
2026-04-10,DX-Y.NYB,18.575321197509766
2026-04-13,DX-Y.NYB,13.109800338745117
2026-04-14,DX-Y.NYB,15.668280601501465
2026-04-15,DX-Y.NYB,15.606992721557617
2026-04-16,DX-Y.NYB,10.614045143127441
2026-04-17,DX-Y.NYB,1.3656729459762573
2026-04-20,DX-Y.NYB,15.113040924072266
2026-04-21,DX-Y.NYB,16.153261184692383
2026-04-22,DX-Y.NYB,9.744626998901367
2026-04-23,DX-Y.NYB,4.860403060913086
2026-04-24,DX-Y.NYB,8.25556755065918
2026-04-27,DX-Y.NYB,13.933757781982422
2026-04-28,DX-Y.NYB,14.709506034851074
2026-04-29,DX-Y.NYB,11.674891471862793
2025-12-23,GBPUSD=X,7.099495887756348
2025-12-24,GBPUSD=X,13.420493125915527
2025-12-26,GBPUSD=X,12.834482192993164
2025-12-29,GBPUSD=X,19.31092643737793
2025-12-30,GBPUSD=X,19.258182525634766
2025-12-31,GBPUSD=X,14.639935493469238
2026-01-02,GBPUSD=X,18.616783142089844
2026-01-05,GBPUSD=X,20.014015197753906
2026-01-06,GBPUSD=X,18.368337631225586
2026-01-07,GBPUSD=X,16.716785430908203
2026-01-08,GBPUSD=X,19.79769515991211
2026-01-09,GBPUSD=X,20.82418441772461
2026-01-12,GBPUSD=X,20.724105834960938
2026-01-13,GBPUSD=X,14.965618133544922
2026-01-14,GBPUSD=X,10.063261032104492
2026-01-15,GBPUSD=X,16.87883949279785
2026-01-16,GBPUSD=X,18.331085205078125
2026-01-19,GBPUSD=X,17.689714431762695
2026-01-20,GBPUSD=X,16.074769973754883
2026-01-21,GBPUSD=X,16.948633193969727
2026-01-22,GBPUSD=X,18.54597282409668
2026-01-23,GBPUSD=X,13.027068138122559
2026-01-26,GBPUSD=X,6.2418928146362305
2026-01-27,GBPUSD=X,-0.44663089513778687
2026-01-28,GBPUSD=X,15.552218437194824
2026-01-29,GBPUSD=X,17.75925064086914
2026-01-30,GBPUSD=X,6.501347541809082
2026-02-02,GBPUSD=X,8.984426498413086
2026-02-03,GBPUSD=X,12.851333618164062
2026-02-04,GBPUSD=X,18.80113983154297
2026-02-05,GBPUSD=X,20.346092224121094
2026-02-06,GBPUSD=X,19.413311004638672
2026-02-09,GBPUSD=X,20.142059326171875
2026-02-10,GBPUSD=X,18.63884735107422
2026-02-11,GBPUSD=X,-13.284372329711914
2026-02-12,GBPUSD=X,-17.813358306884766
2026-02-13,GBPUSD=X,2.8236474990844727
2026-02-16,GBPUSD=X,-4.834681510925293
2026-02-17,GBPUSD=X,2.27799129486084
2026-02-18,GBPUSD=X,11.46251392364502
2026-02-19,GBPUSD=X,16.660348892211914
2026-02-20,GBPUSD=X,16.639427185058594
2026-02-23,GBPUSD=X,13.129010200500488
2026-02-24,GBPUSD=X,13.60508918762207
2026-02-25,GBPUSD=X,16.965221405029297
2026-02-26,GBPUSD=X,16.455368041992188
2026-02-27,GBPUSD=X,12.1074857711792
2026-03-02,GBPUSD=X,13.417019844055176
2026-03-03,GBPUSD=X,14.703088760375977
2026-03-04,GBPUSD=X,13.750149726867676
2026-03-05,GBPUSD=X,6.927000522613525
2026-03-06,GBPUSD=X,6.882226943969727
2026-03-09,GBPUSD=X,10.713382720947266
2026-03-10,GBPUSD=X,13.437095642089844
2026-03-11,GBPUSD=X,14.312519073486328
2026-03-12,GBPUSD=X,0.8731775879859924
2026-03-13,GBPUSD=X,9.883652687072754
2026-03-16,GBPUSD=X,12.197795867919922
2026-03-17,GBPUSD=X,5.339811325073242
2026-03-18,GBPUSD=X,10.478607177734375
2026-03-19,GBPUSD=X,8.961420059204102
2026-03-20,GBPUSD=X,8.985697746276855
2026-03-23,GBPUSD=X,7.31899356842041
2026-03-24,GBPUSD=X,6.960653305053711
2026-03-25,GBPUSD=X,9.894433975219727
2026-03-26,GBPUSD=X,14.117437362670898
2026-03-27,GBPUSD=X,-0.6472679972648621
2026-03-30,GBPUSD=X,0.6008986830711365
2026-03-31,GBPUSD=X,12.041009902954102
2026-04-01,GBPUSD=X,11.355419158935547
2026-04-02,GBPUSD=X,16.013690948486328
2026-04-03,GBPUSD=X,1.5801855325698853
2026-04-06,GBPUSD=X,7.356433391571045
2026-04-07,GBPUSD=X,17.0867862701416
2026-04-08,GBPUSD=X,4.692148208618164
2026-04-09,GBPUSD=X,11.773301124572754
2026-04-10,GBPUSD=X,7.813616752624512
2026-04-13,GBPUSD=X,12.600215911865234
2026-04-14,GBPUSD=X,13.253582000732422
2026-04-15,GBPUSD=X,11.089349746704102
2026-04-16,GBPUSD=X,16.05011749267578
2026-04-17,GBPUSD=X,17.030153274536133
2026-04-20,GBPUSD=X,15.017474174499512
2026-04-21,GBPUSD=X,6.987910270690918
2026-04-22,GBPUSD=X,16.409921646118164
2026-04-23,GBPUSD=X,18.777753829956055
2026-04-24,GBPUSD=X,19.271509170532227
2026-04-27,GBPUSD=X,0.13007724285125732
2026-04-28,GBPUSD=X,-2.6776680946350098
2026-04-29,GBPUSD=X,3.6276025772094727
2025-12-23,AAPL,3.5869202613830566
2025-12-24,AAPL,3.576805353164673
2025-12-26,AAPL,3.083521842956543
2025-12-29,AAPL,3.226827383041382
2025-12-30,AAPL,2.8997910022735596
2025-12-31,AAPL,2.383222818374634
2026-01-02,AAPL,2.2514843940734863
2026-01-05,AAPL,3.1549601554870605
2026-01-06,AAPL,1.6276143789291382
2026-01-07,AAPL,2.0435256958007812
2026-01-08,AAPL,1.4518355131149292
2026-01-09,AAPL,0.6198655366897583
2026-01-12,AAPL,3.2293484210968018
2026-01-13,AAPL,2.5633559226989746
2026-01-14,AAPL,0.5449663996696472
2026-01-15,AAPL,1.3239105939865112
2026-01-16,AAPL,1.271316647529602
2026-01-20,AAPL,1.4088315963745117
2026-01-21,AAPL,1.9114718437194824
2026-01-22,AAPL,1.9822355508804321
2026-01-23,AAPL,2.380375385284424
2026-01-26,AAPL,3.241865396499634
2026-01-27,AAPL,2.8308303356170654
2026-01-28,AAPL,0.7923799753189087
2026-01-29,AAPL,0.6508452892303467
2026-01-30,AAPL,1.223398208618164
2026-02-02,AAPL,-0.3752609193325043
2026-02-03,AAPL,-2.38531231880188
2026-02-04,AAPL,-1.0028115510940552
2026-02-05,AAPL,-0.20018911361694336
2026-02-06,AAPL,2.2412617206573486
2026-02-09,AAPL,2.010222911834717
2026-02-10,AAPL,4.354135513305664
2026-02-11,AAPL,5.624584197998047
2026-02-12,AAPL,4.020020961761475
2026-02-13,AAPL,5.316187381744385
2026-02-17,AAPL,4.9960174560546875
2026-02-18,AAPL,4.547245025634766
2026-02-19,AAPL,4.223042964935303
2026-02-20,AAPL,4.63592004776001
2026-02-23,AAPL,3.903797149658203
2026-02-24,AAPL,1.0694903135299683
2026-02-25,AAPL,1.9853898286819458
2026-02-26,AAPL,2.6543214321136475
2026-02-27,AAPL,4.200383186340332
2026-03-02,AAPL,4.124969005584717
2026-03-03,AAPL,3.396202802658081
2026-03-04,AAPL,4.452621936798096
2026-03-05,AAPL,4.760660171508789
2026-03-06,AAPL,4.188277721405029
2026-03-09,AAPL,4.284072399139404
2026-03-10,AAPL,4.432285308837891
2026-03-11,AAPL,4.268548011779785
2026-03-12,AAPL,4.35783576965332
2026-03-13,AAPL,3.816577196121216
2026-03-16,AAPL,3.432432174682617
2026-03-17,AAPL,3.1920816898345947
2026-03-18,AAPL,4.0417914390563965
2026-03-19,AAPL,3.990400552749634
2026-03-20,AAPL,4.033930778503418
2026-03-23,AAPL,3.560939311981201
2026-03-24,AAPL,3.265885591506958
2026-03-25,AAPL,3.7291300296783447
2026-03-26,AAPL,2.9782066345214844
2026-03-27,AAPL,1.7034748792648315
2026-03-30,AAPL,1.9433186054229736
2026-03-31,AAPL,3.7646260261535645
2026-04-01,AAPL,3.8483245372772217
2026-04-02,AAPL,-0.9050870537757874
2026-04-06,AAPL,-0.07469680160284042
2026-04-07,AAPL,3.11738920211792
2026-04-08,AAPL,4.43163537979126
2026-04-09,AAPL,4.9192352294921875
2026-04-10,AAPL,0.5100808143615723
2026-04-13,AAPL,0.11057379841804504
2026-04-14,AAPL,4.18862247467041
2026-04-15,AAPL,3.825018882751465
2026-04-16,AAPL,5.46588659286499
2026-04-17,AAPL,5.489075660705566
2026-04-20,AAPL,4.675500392913818
2026-04-21,AAPL,3.1883387565612793
2026-04-22,AAPL,1.228529930114746
2026-04-23,AAPL,2.4618399143218994
2026-04-24,AAPL,4.30169677734375
2026-04-27,AAPL,3.6640374660491943
2026-04-28,AAPL,3.3981435298919678
2026-04-29,AAPL,1.10312020778656
2025-12-23,XOM,3.854626417160034
2025-12-24,XOM,5.091686725616455
2025-12-26,XOM,6.356481075286865
2025-12-29,XOM,3.5814430713653564
2025-12-30,XOM,-2.1933133602142334
2025-12-31,XOM,1.6316367387771606
2026-01-02,XOM,2.036510467529297
2026-01-05,XOM,5.1700897216796875
2026-01-06,XOM,6.0588250160217285
2026-01-07,XOM,6.074229717254639
2026-01-08,XOM,5.88266658782959
2026-01-09,XOM,0.5286805033683777
2026-01-12,XOM,-4.653058052062988
2026-01-13,XOM,2.4356272220611572
2026-01-14,XOM,3.913844347000122
2026-01-15,XOM,1.4620411396026611
2026-01-16,XOM,-0.08686240017414093
2026-01-20,XOM,2.9907002449035645
2026-01-21,XOM,3.5596024990081787
2026-01-22,XOM,-2.5193865299224854
2026-01-23,XOM,-4.191450119018555
2026-01-26,XOM,4.883340835571289
2026-01-27,XOM,5.240197658538818
2026-01-28,XOM,-1.341648817062378
2026-01-29,XOM,-1.5827475786209106
2026-01-30,XOM,1.881159782409668
2026-02-02,XOM,-0.5375552773475647
2026-02-03,XOM,0.10987918078899384
2026-02-04,XOM,1.4338804483413696
2026-02-05,XOM,1.2474162578582764
2026-02-06,XOM,3.3118510246276855
2026-02-09,XOM,3.0195913314819336
2026-02-10,XOM,2.5896823406219482
2026-02-11,XOM,2.7835347652435303
2026-02-12,XOM,3.711880683898926
2026-02-13,XOM,4.3890180587768555
2026-02-17,XOM,4.789796352386475
2026-02-18,XOM,2.9712255001068115
2026-02-19,XOM,3.4284415245056152
2026-02-20,XOM,4.939833641052246
2026-02-23,XOM,4.507856369018555
2026-02-24,XOM,3.9388387203216553
2026-02-25,XOM,3.5756025314331055
2026-02-26,XOM,3.794624090194702
2026-02-27,XOM,3.7914412021636963
2026-03-02,XOM,1.6076666116714478
2026-03-03,XOM,1.1778318881988525
2026-03-04,XOM,4.491933822631836
2026-03-05,XOM,4.686572074890137
2026-03-06,XOM,4.097050189971924
2026-03-09,XOM,-0.14882658421993256
2026-03-10,XOM,4.137800216674805
2026-03-11,XOM,4.581480503082275
2026-03-12,XOM,0.1434042602777481
2026-03-13,XOM,-2.9269442558288574
2026-03-16,XOM,2.8655195236206055
2026-03-17,XOM,4.770277976989746
2026-03-18,XOM,-1.7797077894210815
2026-03-19,XOM,-4.440381050109863
2026-03-20,XOM,0.16531042754650116
2026-03-23,XOM,3.016632556915283
2026-03-24,XOM,1.1825889348983765
2026-03-25,XOM,-2.7911691665649414
2026-03-26,XOM,3.723088026046753
2026-03-27,XOM,4.30469274520874
2026-03-30,XOM,-2.984605073928833
2026-03-31,XOM,-4.329272747039795
2026-04-01,XOM,-3.1224114894866943
2026-04-02,XOM,0.19346250593662262
2026-04-06,XOM,-0.35519057512283325
2026-04-07,XOM,0.718483567237854
2026-04-08,XOM,3.24760365486145
2026-04-09,XOM,4.63212776184082
2026-04-10,XOM,3.715374708175659
2026-04-13,XOM,1.831332802772522
2026-04-14,XOM,3.6710267066955566
2026-04-15,XOM,3.704397439956665
2026-04-16,XOM,3.337125778198242
2026-04-17,XOM,2.2731540203094482
2026-04-20,XOM,2.803110122680664
2026-04-21,XOM,3.9164674282073975
2026-04-22,XOM,3.6199069023132324
2026-04-23,XOM,1.8335503339767456
2026-04-24,XOM,0.8826044797897339
2026-04-27,XOM,2.9573378562927246
2026-04-28,XOM,2.7520828247070312
2026-04-29,XOM,2.7360689640045166
2025-12-23,^NSEI,12.690024375915527
2025-12-24,^NSEI,4.470457553863525
2025-12-26,^NSEI,12.671253204345703
2025-12-29,^NSEI,13.235793113708496
2025-12-30,^NSEI,13.877464294433594
2025-12-31,^NSEI,14.165756225585938
2026-01-01,^NSEI,7.610601902008057
2026-01-02,^NSEI,11.79277229309082
2026-01-05,^NSEI,14.305917739868164
2026-01-06,^NSEI,14.398362159729004
2026-01-07,^NSEI,14.691564559936523
2026-01-08,^NSEI,14.049241065979004
2026-01-09,^NSEI,13.874907493591309
2026-01-12,^NSEI,13.996267318725586
2026-01-13,^NSEI,13.622394561767578
2026-01-14,^NSEI,14.225015640258789
2026-01-16,^NSEI,14.510323524475098
2026-01-19,^NSEI,14.574769020080566
2026-01-20,^NSEI,14.089795112609863
2026-01-21,^NSEI,13.9625825881958
2026-01-22,^NSEI,13.25584602355957
2026-01-23,^NSEI,12.89886474609375
2026-01-27,^NSEI,12.734502792358398
2026-01-28,^NSEI,12.405679702758789
2026-01-29,^NSEI,12.757189750671387
2026-01-30,^NSEI,12.605817794799805
2026-02-02,^NSEI,10.960606575012207
2026-02-03,^NSEI,11.20014476776123
2026-02-04,^NSEI,11.423998832702637
2026-02-05,^NSEI,10.627028465270996
2026-02-06,^NSEI,10.869760513305664
2026-02-09,^NSEI,12.08695125579834
2026-02-10,^NSEI,12.755826950073242
2026-02-11,^NSEI,12.566179275512695
2026-02-12,^NSEI,13.042158126831055
2026-02-13,^NSEI,12.589077949523926
2026-02-16,^NSEI,13.056167602539062
2026-02-17,^NSEI,13.333805084228516
2026-02-18,^NSEI,13.388978958129883
2026-02-19,^NSEI,13.16627311706543
2026-02-20,^NSEI,13.153568267822266
2026-02-23,^NSEI,13.13426399230957
2026-02-24,^NSEI,12.874052047729492
2026-02-25,^NSEI,12.8993501663208
2026-02-26,^NSEI,12.922263145446777
2026-02-27,^NSEI,12.657341957092285
2026-03-02,^NSEI,12.323954582214355
2026-03-04,^NSEI,11.963447570800781
2026-03-05,^NSEI,11.895842552185059
2026-03-06,^NSEI,11.80472183227539
2026-03-09,^NSEI,11.480286598205566
2026-03-10,^NSEI,11.043501853942871
2026-03-11,^NSEI,10.842093467712402
2026-03-12,^NSEI,10.753019332885742
2026-03-13,^NSEI,9.87270450592041
2026-03-16,^NSEI,9.988658905029297
2026-03-17,^NSEI,9.669743537902832
2026-03-18,^NSEI,9.439467430114746
2026-03-19,^NSEI,8.744674682617188
2026-03-20,^NSEI,8.676368713378906
2026-03-23,^NSEI,8.610889434814453
2026-03-24,^NSEI,8.16672134399414
2026-03-25,^NSEI,8.24661922454834
2026-03-27,^NSEI,8.008407592773438
2026-03-30,^NSEI,7.618039131164551
2026-04-01,^NSEI,7.896822452545166
2026-04-02,^NSEI,8.118033409118652
2026-04-06,^NSEI,8.147786140441895
2026-04-07,^NSEI,8.115535736083984
2026-04-08,^NSEI,7.662254333496094
2026-04-09,^NSEI,7.588949680328369
2026-04-10,^NSEI,7.801242828369141
2026-04-13,^NSEI,7.834625244140625
2026-04-15,^NSEI,7.8897480964660645
2026-04-16,^NSEI,8.004117012023926
2026-04-17,^NSEI,8.04334545135498
2026-04-20,^NSEI,8.173633575439453
2026-04-21,^NSEI,8.26791763305664
2026-04-22,^NSEI,8.374307632446289
2026-04-23,^NSEI,8.421686172485352
2026-04-24,^NSEI,8.43618392944336
2026-04-27,^NSEI,8.470846176147461
2026-04-28,^NSEI,8.50832462310791
2026-04-29,^NSEI,8.518193244934082
2025-12-23,QQQ,5.44965934753418
2025-12-24,QQQ,5.584701061248779
2025-12-26,QQQ,5.320376396179199
2025-12-29,QQQ,5.464012145996094
2025-12-30,QQQ,5.148266792297363
2025-12-31,QQQ,5.5268874168396
2026-01-02,QQQ,6.457712173461914
2026-01-05,QQQ,6.587831020355225
2026-01-06,QQQ,6.7388458251953125
2026-01-07,QQQ,7.312261581420898
2026-01-08,QQQ,7.466432094573975
2026-01-09,QQQ,7.1662278175354
2026-01-12,QQQ,4.619938373565674
2026-01-13,QQQ,3.72121262550354
2026-01-14,QQQ,6.584351062774658
2026-01-15,QQQ,6.756377220153809
2026-01-16,QQQ,6.452764511108398
2026-01-20,QQQ,6.6804094314575195
2026-01-21,QQQ,6.930250644683838
2026-01-22,QQQ,6.917051792144775
2026-01-23,QQQ,4.284322738647461
2026-01-26,QQQ,5.3172607421875
2026-01-27,QQQ,6.598029136657715
2026-01-28,QQQ,5.802172660827637
2026-01-29,QQQ,4.879427909851074
2026-01-30,QQQ,5.514808654785156
2026-02-02,QQQ,5.819223403930664
2026-02-03,QQQ,6.699658393859863
2026-02-04,QQQ,5.832780838012695
2026-02-05,QQQ,6.312069892883301
2026-02-06,QQQ,7.0422868728637695
2026-02-09,QQQ,6.033819675445557
2026-02-10,QQQ,7.712191581726074
2026-02-11,QQQ,7.279123306274414
2026-02-12,QQQ,6.539658546447754
2026-02-13,QQQ,4.632993221282959
2026-02-17,QQQ,3.499263286590576
2026-02-18,QQQ,5.111681938171387
2026-02-19,QQQ,5.716701984405518
2026-02-20,QQQ,4.734769344329834
2026-02-23,QQQ,5.868987083435059
2026-02-24,QQQ,6.331355094909668
2026-02-25,QQQ,6.884744644165039
2026-02-26,QQQ,5.081084728240967
2026-02-27,QQQ,3.832061529159546
2026-03-02,QQQ,6.003252983093262
2026-03-03,QQQ,5.181238651275635
2026-03-04,QQQ,6.371830940246582
2026-03-05,QQQ,6.208150386810303
2026-03-06,QQQ,4.118630409240723
2026-03-09,QQQ,5.342030048370361
2026-03-10,QQQ,6.040572166442871
2026-03-11,QQQ,1.4343161582946777
2026-03-12,QQQ,6.337594032287598
2026-03-13,QQQ,6.461094856262207
2026-03-16,QQQ,4.380678176879883
2026-03-17,QQQ,5.055708408355713
2026-03-18,QQQ,4.896108150482178
2026-03-19,QQQ,5.6500630378723145
2026-03-20,QQQ,6.753334045410156
2026-03-23,QQQ,2.0144388675689697
2026-03-24,QQQ,4.6138014793396
2026-03-25,QQQ,6.314059734344482
2026-03-26,QQQ,4.520971775054932
2026-03-27,QQQ,4.684786319732666
2026-03-30,QQQ,4.557183265686035
2026-03-31,QQQ,5.708083629608154
2026-04-01,QQQ,5.892076015472412
2026-04-02,QQQ,3.7628753185272217
2026-04-06,QQQ,3.455594301223755
2026-04-07,QQQ,5.664187431335449
2026-04-08,QQQ,5.691828727722168
2026-04-09,QQQ,6.308419227600098
2026-04-10,QQQ,4.824655532836914
2026-04-13,QQQ,5.869329929351807
2026-04-14,QQQ,5.80242395401001
2026-04-15,QQQ,6.726493835449219
2026-04-16,QQQ,7.021188735961914
2026-04-17,QQQ,7.379390239715576
2026-04-20,QQQ,7.357794284820557
2026-04-21,QQQ,6.438358306884766
2026-04-22,QQQ,5.6319899559021
2026-04-23,QQQ,6.417302131652832
2026-04-24,QQQ,6.0067949295043945
2026-04-27,QQQ,2.72302508354187
2026-04-28,QQQ,4.118001461029053
2026-04-29,QQQ,5.268172740936279
2025-12-23,TSLA,0.08707723021507263
2025-12-24,TSLA,1.5728095769882202
2025-12-26,TSLA,2.0884554386138916
2025-12-29,TSLA,1.882167100906372
2025-12-30,TSLA,1.9436495304107666
2025-12-31,TSLA,2.1010050773620605
2026-01-02,TSLA,1.9530713558197021
2026-01-05,TSLA,1.1054701805114746
2026-01-06,TSLA,1.4263888597488403
2026-01-07,TSLA,2.008573055267334
2026-01-08,TSLA,1.8347123861312866
2026-01-09,TSLA,1.4975417852401733
2026-01-12,TSLA,1.0287705659866333
2026-01-13,TSLA,1.4838249683380127
2026-01-14,TSLA,1.4007540941238403
2026-01-15,TSLA,1.5133136510849
2026-01-16,TSLA,1.7314023971557617
2026-01-20,TSLA,1.488956093788147
2026-01-21,TSLA,1.6502829790115356
2026-01-22,TSLA,1.7616991996765137
2026-01-23,TSLA,-1.2369517087936401
2026-01-26,TSLA,0.778786301612854
2026-01-27,TSLA,1.6878834962844849
2026-01-28,TSLA,1.973310112953186
2026-01-29,TSLA,0.39212262630462646
2026-01-30,TSLA,0.8829867243766785
2026-02-02,TSLA,0.24039234220981598
2026-02-03,TSLA,0.7437207698822021
2026-02-04,TSLA,1.0986371040344238
2026-02-05,TSLA,1.6879199743270874
2026-02-06,TSLA,2.1815783977508545
2026-02-09,TSLA,1.925075650215149
2026-02-10,TSLA,0.4908452033996582
2026-02-11,TSLA,1.078649640083313
2026-02-12,TSLA,2.0227572917938232
2026-02-13,TSLA,1.9498893022537231
2026-02-17,TSLA,1.9091823101043701
2026-02-18,TSLA,2.2754886150360107
2026-02-19,TSLA,1.1967917680740356
2026-02-20,TSLA,1.9055088758468628
2026-02-23,TSLA,1.2925482988357544
2026-02-24,TSLA,2.1946709156036377
2026-02-25,TSLA,2.509253740310669
2026-02-26,TSLA,1.4542531967163086
2026-02-27,TSLA,1.583699345588684
2026-03-02,TSLA,2.0107882022857666
2026-03-03,TSLA,1.8348593711853027
2026-03-04,TSLA,2.010535955429077
2026-03-05,TSLA,1.9377813339233398
2026-03-06,TSLA,1.946976661682129
2026-03-09,TSLA,2.1056737899780273
2026-03-10,TSLA,2.2842774391174316
2026-03-11,TSLA,1.8871235847473145
2026-03-12,TSLA,2.1962661743164062
2026-03-13,TSLA,1.7786507606506348
2026-03-16,TSLA,1.1390621662139893
2026-03-17,TSLA,1.9512425661087036
2026-03-18,TSLA,1.7557299137115479
2026-03-19,TSLA,1.6107460260391235
2026-03-20,TSLA,2.3025572299957275
2026-03-23,TSLA,1.4908173084259033
2026-03-24,TSLA,1.3592652082443237
2026-03-25,TSLA,2.088803768157959
2026-03-26,TSLA,1.9228838682174683
2026-03-27,TSLA,2.0383377075195312
2026-03-30,TSLA,1.2691693305969238
2026-03-31,TSLA,2.160435199737549
2026-04-01,TSLA,2.1434855461120605
2026-04-02,TSLA,0.6700571775436401
2026-04-06,TSLA,0.8257407546043396
2026-04-07,TSLA,1.9435676336288452
2026-04-08,TSLA,2.2616660594940186
2026-04-09,TSLA,2.328181028366089
2026-04-10,TSLA,1.5369306802749634
2026-04-13,TSLA,1.3983591794967651
2026-04-14,TSLA,1.3378084897994995
2026-04-15,TSLA,2.2419445514678955
2026-04-16,TSLA,2.2594854831695557
2026-04-17,TSLA,2.338207960128784
2026-04-20,TSLA,1.6331074237823486
2026-04-21,TSLA,0.2324284017086029
2026-04-22,TSLA,2.245806932449341
2026-04-23,TSLA,2.3170197010040283
2026-04-24,TSLA,2.4509289264678955
2026-04-27,TSLA,2.548252582550049
2026-04-28,TSLA,2.952592372894287
2026-04-29,TSLA,3.0295300483703613
2025-12-23,TLT,7.596236705780029
2025-12-24,TLT,8.652566909790039
2025-12-26,TLT,6.517734527587891
2025-12-29,TLT,4.705946922302246
2025-12-30,TLT,1.6905922889709473
2025-12-31,TLT,1.2025668621063232
2026-01-02,TLT,9.311041831970215
2026-01-05,TLT,10.688122749328613
2026-01-06,TLT,3.4145283699035645
2026-01-07,TLT,2.361570119857788
2026-01-08,TLT,-2.483510732650757
2026-01-09,TLT,9.672600746154785
2026-01-12,TLT,11.372513771057129
2026-01-13,TLT,10.798043251037598
2026-01-14,TLT,9.018204689025879
2026-01-15,TLT,10.799615859985352
2026-01-16,TLT,5.544980049133301
2026-01-20,TLT,7.4136962890625
2026-01-21,TLT,11.786399841308594
2026-01-22,TLT,11.07133674621582
2026-01-23,TLT,9.138715744018555
2026-01-26,TLT,13.229822158813477
2026-01-27,TLT,9.39044189453125
2026-01-28,TLT,13.046060562133789
2026-01-29,TLT,8.121923446655273
2026-01-30,TLT,11.533014297485352
2026-02-02,TLT,10.825255393981934
2026-02-03,TLT,9.910562515258789
2026-02-04,TLT,6.0080413818359375
2026-02-05,TLT,10.108804702758789
2026-02-06,TLT,12.649249076843262
2026-02-09,TLT,12.277048110961914
2026-02-10,TLT,12.918984413146973
2026-02-11,TLT,7.579132556915283
2026-02-12,TLT,-1.1440504789352417
2026-02-13,TLT,10.088774681091309
2026-02-17,TLT,9.165303230285645
2026-02-18,TLT,10.551273345947266
2026-02-19,TLT,12.70479965209961
2026-02-20,TLT,12.18596363067627
2026-02-23,TLT,13.749126434326172
2026-02-24,TLT,14.018790245056152
2026-02-25,TLT,1.6687771081924438
2026-02-26,TLT,13.086806297302246
2026-02-27,TLT,5.847429275512695
2026-03-02,TLT,1.0933237075805664
2026-03-03,TLT,12.612703323364258
2026-03-04,TLT,5.562936305999756
2026-03-05,TLT,6.653960227966309
2026-03-06,TLT,9.691755294799805
2026-03-09,TLT,10.265008926391602
2026-03-10,TLT,10.783285140991211
2026-03-11,TLT,11.939188003540039
2026-03-12,TLT,11.887445449829102
2026-03-13,TLT,11.129677772521973
2026-03-16,TLT,10.4451904296875
2026-03-17,TLT,10.598161697387695
2026-03-18,TLT,10.632245063781738
2026-03-19,TLT,10.67766284942627
2026-03-20,TLT,9.159058570861816
2026-03-23,TLT,8.922038078308105
2026-03-24,TLT,8.896581649780273
2026-03-25,TLT,8.040379524230957
2026-03-26,TLT,-2.886899471282959
2026-03-27,TLT,5.6797661781311035
2026-03-30,TLT,9.088091850280762
2026-03-31,TLT,7.762792110443115
2026-04-01,TLT,7.274622917175293
2026-04-02,TLT,3.7958714962005615
2026-04-06,TLT,5.149778366088867
2026-04-07,TLT,6.440013885498047
2026-04-08,TLT,3.8055174350738525
2026-04-09,TLT,9.941807746887207
2026-04-10,TLT,2.883265972137451
2026-04-13,TLT,9.291226387023926
2026-04-14,TLT,6.565320014953613
2026-04-15,TLT,10.18897819519043
2026-04-16,TLT,12.316854476928711
2026-04-17,TLT,12.2797212600708
2026-04-20,TLT,11.994424819946289
2026-04-21,TLT,11.89813232421875
2026-04-22,TLT,12.685600280761719
2026-04-23,TLT,12.726214408874512
2026-04-24,TLT,10.853048324584961
2026-04-27,TLT,11.115032196044922
2026-04-28,TLT,11.916793823242188
2026-04-29,TLT,12.022185325622559
2025-12-23,SPY,6.165730953216553
2025-12-24,SPY,6.493770122528076
2025-12-26,SPY,6.943528652191162
2025-12-29,SPY,7.034160614013672
2025-12-30,SPY,5.81717586517334
2025-12-31,SPY,6.789839744567871
2026-01-02,SPY,8.079421997070312
2026-01-05,SPY,7.902204990386963
2026-01-06,SPY,8.205516815185547
2026-01-07,SPY,9.326278686523438
2026-01-08,SPY,9.531494140625
2026-01-09,SPY,6.500223636627197
2026-01-12,SPY,-3.569732904434204
2026-01-13,SPY,-2.870215892791748
2026-01-14,SPY,5.001328468322754
2026-01-15,SPY,7.557669162750244
2026-01-16,SPY,6.368009567260742
2026-01-20,SPY,8.423911094665527
2026-01-21,SPY,8.984070777893066
2026-01-22,SPY,8.671501159667969
2026-01-23,SPY,1.5400491952896118
2026-01-26,SPY,6.818168640136719
2026-01-27,SPY,8.67522144317627
2026-01-28,SPY,7.495346546173096
2026-01-29,SPY,7.371679782867432
2026-01-30,SPY,7.417052268981934
2026-02-02,SPY,7.766307830810547
2026-02-03,SPY,8.974191665649414
2026-02-04,SPY,8.152801513671875
2026-02-05,SPY,8.296064376831055
2026-02-06,SPY,9.170374870300293
2026-02-09,SPY,7.522127628326416
2026-02-10,SPY,9.726219177246094
2026-02-11,SPY,9.818549156188965
2026-02-12,SPY,9.206822395324707
2026-02-13,SPY,8.07577896118164
2026-02-17,SPY,6.995701789855957
2026-02-18,SPY,7.618282794952393
2026-02-19,SPY,8.264811515808105
2026-02-20,SPY,8.178491592407227
2026-02-23,SPY,8.394537925720215
2026-02-24,SPY,8.586915016174316
2026-02-25,SPY,9.37472152709961
2026-02-26,SPY,7.85119104385376
2026-02-27,SPY,8.003771781921387
2026-03-02,SPY,8.264999389648438
2026-03-03,SPY,7.458986282348633
2026-03-04,SPY,8.75071907043457
2026-03-05,SPY,8.887866020202637
2026-03-06,SPY,8.474894523620605
2026-03-09,SPY,8.176993370056152
2026-03-10,SPY,8.498346328735352
2026-03-11,SPY,6.019420146942139
2026-03-12,SPY,8.799737930297852
2026-03-13,SPY,8.510522842407227
2026-03-16,SPY,6.3183417320251465
2026-03-17,SPY,6.969275951385498
2026-03-18,SPY,7.1808390617370605
2026-03-19,SPY,6.969781398773193
2026-03-20,SPY,8.137731552124023
2026-03-23,SPY,5.302616119384766
2026-03-24,SPY,6.783905029296875
2026-03-25,SPY,7.8025360107421875
2026-03-26,SPY,5.179588794708252
2026-03-27,SPY,6.144977569580078
2026-03-30,SPY,6.516488552093506
2026-03-31,SPY,7.42878532409668
2026-04-01,SPY,7.342893600463867
2026-04-02,SPY,3.3956363201141357
2026-04-06,SPY,4.6893439292907715
2026-04-07,SPY,7.341552257537842
2026-04-08,SPY,7.326817989349365
2026-04-09,SPY,8.031240463256836
2026-04-10,SPY,6.107971668243408
2026-04-13,SPY,7.330697059631348
2026-04-14,SPY,7.510640621185303
2026-04-15,SPY,8.531079292297363
2026-04-16,SPY,9.028298377990723
2026-04-17,SPY,9.417135238647461
2026-04-20,SPY,9.434306144714355
2026-04-21,SPY,8.665434837341309
2026-04-22,SPY,8.274568557739258
2026-04-23,SPY,8.671097755432129
2026-04-24,SPY,8.127300262451172
2026-04-27,SPY,5.034853935241699
2026-04-28,SPY,7.047399997711182
2026-04-29,SPY,7.756642818450928
2025-12-23,INFY.NS,3.35725474357605
2025-12-24,INFY.NS,3.399580478668213
2025-12-26,INFY.NS,3.963646173477173
2025-12-29,INFY.NS,3.954404592514038
2025-12-30,INFY.NS,4.801922798156738
2025-12-31,INFY.NS,5.574321269989014
2026-01-01,INFY.NS,5.059218883514404
2026-01-02,INFY.NS,3.9113330841064453
2026-01-05,INFY.NS,5.453084468841553
2026-01-06,INFY.NS,5.555005073547363
2026-01-07,INFY.NS,4.860936164855957
2026-01-08,INFY.NS,0.6682732701301575
2026-01-09,INFY.NS,0.9127704501152039
2026-01-12,INFY.NS,4.957202434539795
2026-01-13,INFY.NS,4.269644737243652
2026-01-14,INFY.NS,4.043232440948486
2026-01-15,INFY.NS,4.319372653961182
2026-01-16,INFY.NS,4.277698993682861
2026-01-19,INFY.NS,4.3549485206604
2026-01-20,INFY.NS,3.3265221118927
2026-01-21,INFY.NS,4.250875473022461
2026-01-22,INFY.NS,5.028163433074951
2026-01-23,INFY.NS,3.4274215698242188
2026-01-27,INFY.NS,2.877530336380005
2026-01-28,INFY.NS,5.381749153137207
2026-01-29,INFY.NS,5.020700454711914
2026-01-30,INFY.NS,5.884185791015625
2026-02-02,INFY.NS,5.740461349487305
2026-02-03,INFY.NS,6.026010513305664
2026-02-04,INFY.NS,5.485079288482666
2026-02-05,INFY.NS,4.594029426574707
2026-02-06,INFY.NS,5.073549747467041
2026-02-09,INFY.NS,4.494442939758301
2026-02-10,INFY.NS,4.885081768035889
2026-02-11,INFY.NS,5.064787864685059
2026-02-12,INFY.NS,4.530379295349121
2026-02-13,INFY.NS,4.234781265258789
2026-02-16,INFY.NS,4.296855926513672
2026-02-17,INFY.NS,3.971803903579712
2026-02-18,INFY.NS,4.151202201843262
2026-02-19,INFY.NS,4.117772579193115
2026-02-20,INFY.NS,2.9659528732299805
2026-02-23,INFY.NS,4.155636310577393
2026-02-24,INFY.NS,3.71601939201355
2026-02-25,INFY.NS,3.4126484394073486
2026-02-26,INFY.NS,3.0169589519500732
2026-02-27,INFY.NS,2.0504987239837646
2026-03-02,INFY.NS,2.16833233833313
2026-03-04,INFY.NS,2.8110053539276123
2026-03-05,INFY.NS,2.2842652797698975
2026-03-06,INFY.NS,1.8873389959335327
2026-03-09,INFY.NS,1.1097131967544556
2026-03-10,INFY.NS,1.389346957206726
2026-03-11,INFY.NS,1.2416588068008423
2026-03-12,INFY.NS,1.7044862508773804
2026-03-13,INFY.NS,1.9420446157455444
2026-03-16,INFY.NS,2.1584510803222656
2026-03-17,INFY.NS,1.5502092838287354
2026-03-18,INFY.NS,2.5678749084472656
2026-03-19,INFY.NS,1.7201886177062988
2026-03-20,INFY.NS,3.124131202697754
2026-03-23,INFY.NS,3.28041934967041
2026-03-24,INFY.NS,3.3309004306793213
2026-03-25,INFY.NS,3.042344570159912
2026-03-27,INFY.NS,2.4159629344940186
2026-03-30,INFY.NS,3.168168067932129
2026-04-01,INFY.NS,3.6228435039520264
2026-04-02,INFY.NS,3.9957213401794434
2026-04-06,INFY.NS,3.26369309425354
2026-04-07,INFY.NS,3.4991791248321533
2026-04-08,INFY.NS,4.640232563018799
2026-04-09,INFY.NS,3.946646213531494
2026-04-10,INFY.NS,4.84649133682251
2026-04-13,INFY.NS,4.662839412689209
2026-04-15,INFY.NS,4.962509632110596
2026-04-16,INFY.NS,5.035343170166016
2026-04-17,INFY.NS,5.149762153625488
2026-04-20,INFY.NS,5.078909397125244
2026-04-21,INFY.NS,5.190021514892578
2026-04-22,INFY.NS,5.093719005584717
2026-04-23,INFY.NS,5.005273342132568
2026-04-24,INFY.NS,4.494413375854492
2026-04-27,INFY.NS,4.241661548614502
2026-04-28,INFY.NS,4.210148334503174
2026-04-29,INFY.NS,4.102367401123047
2025-12-23,MSFT,5.198434352874756
2025-12-24,MSFT,5.689027309417725
2025-12-26,MSFT,0.3786046802997589
2025-12-29,MSFT,2.324199676513672
2025-12-30,MSFT,5.552549362182617
2025-12-31,MSFT,4.618781566619873
2026-01-02,MSFT,4.971854209899902
2026-01-05,MSFT,5.883941650390625
2026-01-06,MSFT,6.090993881225586
2026-01-07,MSFT,5.577020168304443
2026-01-08,MSFT,-2.9411768913269043
2026-01-09,MSFT,5.507615566253662
2026-01-12,MSFT,5.863093852996826
2026-01-13,MSFT,5.127657890319824
2026-01-14,MSFT,5.289222717285156
2026-01-15,MSFT,5.461209774017334
2026-01-16,MSFT,5.307249546051025
2026-01-20,MSFT,3.776031970977783
2026-01-21,MSFT,4.6397624015808105
2026-01-22,MSFT,5.683971405029297
2026-01-23,MSFT,5.576382637023926
2026-01-26,MSFT,4.690074920654297
2026-01-27,MSFT,2.6260287761688232
2026-01-28,MSFT,4.806143760681152
2026-01-29,MSFT,2.065840244293213
2026-01-30,MSFT,3.184605360031128
2026-02-02,MSFT,3.9532032012939453
2026-02-03,MSFT,3.7938621044158936
2026-02-04,MSFT,2.8935842514038086
2026-02-05,MSFT,2.3121612071990967
2026-02-06,MSFT,3.3777520656585693
2026-02-09,MSFT,4.0276198387146
2026-02-10,MSFT,4.252090930938721
2026-02-11,MSFT,3.375723361968994
2026-02-12,MSFT,3.509622573852539
2026-02-13,MSFT,2.438610076904297
2026-02-17,MSFT,1.7112922668457031
2026-02-18,MSFT,3.923506021499634
2026-02-19,MSFT,3.635533094406128
2026-02-20,MSFT,3.2834761142730713
2026-02-23,MSFT,2.923846483230591
2026-02-24,MSFT,2.5485475063323975
2026-02-25,MSFT,3.513979911804199
2026-02-26,MSFT,2.6047630310058594
2026-02-27,MSFT,0.6456193923950195
2026-03-02,MSFT,2.354109764099121
2026-03-03,MSFT,3.5312540531158447
2026-03-04,MSFT,2.7520980834960938
2026-03-05,MSFT,1.8083757162094116
2026-03-06,MSFT,2.293790340423584
2026-03-09,MSFT,2.322713613510132
2026-03-10,MSFT,2.315354824066162
2026-03-11,MSFT,3.5091700553894043
2026-03-12,MSFT,4.28146505355835
2026-03-13,MSFT,4.065256118774414
2026-03-16,MSFT,4.5225725173950195
2026-03-17,MSFT,4.690123558044434
2026-03-18,MSFT,4.9355010986328125
2026-03-19,MSFT,4.933071136474609
2026-03-20,MSFT,4.8699750900268555
2026-03-23,MSFT,4.492711544036865
2026-03-24,MSFT,4.262739658355713
2026-03-25,MSFT,4.401271820068359
2026-03-26,MSFT,4.239670753479004
2026-03-27,MSFT,4.274379730224609
2026-03-30,MSFT,4.079707145690918
2026-03-31,MSFT,3.9976251125335693
2026-04-01,MSFT,4.144791126251221
2026-04-02,MSFT,3.460968255996704
2026-04-06,MSFT,3.356642007827759
2026-04-07,MSFT,3.7230515480041504
2026-04-08,MSFT,3.4993700981140137
2026-04-09,MSFT,3.5386245250701904
2026-04-10,MSFT,2.5502026081085205
2026-04-13,MSFT,3.4964370727539062
2026-04-14,MSFT,3.328850030899048
2026-04-15,MSFT,2.9604623317718506
2026-04-16,MSFT,3.5907468795776367
2026-04-17,MSFT,4.016241073608398
2026-04-20,MSFT,3.279684543609619
2026-04-21,MSFT,4.453752040863037
2026-04-22,MSFT,4.030123233795166
2026-04-23,MSFT,4.684895038604736
2026-04-24,MSFT,4.850801944732666
2026-04-27,MSFT,4.826854705810547
2026-04-28,MSFT,4.823120594024658
2026-04-29,MSFT,4.8680419921875
2025-12-23,META,3.5689525604248047
2025-12-24,META,3.4276232719421387
2025-12-26,META,3.443697929382324
2025-12-29,META,3.7173171043395996
2025-12-30,META,3.721491575241089
2025-12-31,META,3.771016836166382
2026-01-02,META,3.9602062702178955
2026-01-05,META,3.9700934886932373
2026-01-06,META,3.950528860092163
2026-01-07,META,4.0153422355651855
2026-01-08,META,3.8079802989959717
2026-01-09,META,3.926783800125122
2026-01-12,META,3.5360493659973145
2026-01-13,META,3.648963212966919
2026-01-14,META,3.628180503845215
2026-01-15,META,3.5542452335357666
2026-01-16,META,3.577467441558838
2026-01-20,META,3.1732523441314697
2026-01-21,META,3.478332996368408
2026-01-22,META,3.5793583393096924
2026-01-23,META,3.008392095565796
2026-01-26,META,2.533796548843384
2026-01-27,META,3.469738245010376
2026-01-28,META,3.4786505699157715
2026-01-29,META,2.914984703063965
2026-01-30,META,3.2690634727478027
2026-02-02,META,3.14143967628479
2026-02-03,META,3.3362016677856445
2026-02-04,META,3.502349853515625
2026-02-05,META,3.695814609527588
2026-02-06,META,3.7790920734405518
2026-02-09,META,3.8066601753234863
2026-02-10,META,3.887796640396118
2026-02-11,META,3.7175183296203613
2026-02-12,META,3.328202724456787
2026-02-13,META,3.514462947845459
2026-02-17,META,3.2992546558380127
2026-02-18,META,2.627807378768921
2026-02-19,META,3.2663872241973877
2026-02-20,META,3.0769131183624268
2026-02-23,META,3.2651779651641846
2026-02-24,META,3.3242454528808594
2026-02-25,META,3.3253626823425293
2026-02-26,META,3.3128678798675537
2026-02-27,META,3.0576517581939697
2026-03-02,META,3.2474770545959473
2026-03-03,META,3.20268177986145
2026-03-04,META,3.254720449447632
2026-03-05,META,3.244532585144043
2026-03-06,META,2.684530735015869
2026-03-09,META,3.0290563106536865
2026-03-10,META,3.4604268074035645
2026-03-11,META,2.606696367263794
2026-03-12,META,2.3636415004730225
2026-03-13,META,2.890904664993286
2026-03-16,META,3.300309896469116
2026-03-17,META,3.3129639625549316
2026-03-18,META,3.4001691341400146
2026-03-19,META,3.4585399627685547
2026-03-20,META,3.559515953063965
2026-03-23,META,2.690948724746704
2026-03-24,META,2.965325117111206
2026-03-25,META,3.351677656173706
2026-03-26,META,2.994419813156128
2026-03-27,META,2.7387969493865967
2026-03-30,META,2.4143571853637695
2026-03-31,META,2.8045458793640137
2026-04-01,META,3.024709463119507
2026-04-02,META,2.2468369007110596
2026-04-06,META,2.6160268783569336
2026-04-07,META,2.7136974334716797
2026-04-08,META,2.8660106658935547
2026-04-09,META,2.854581594467163
2026-04-10,META,1.6599853038787842
2026-04-13,META,2.3442537784576416
2026-04-14,META,2.6732921600341797
2026-04-15,META,3.242602825164795
2026-04-16,META,3.338212013244629
2026-04-17,META,3.5156712532043457
2026-04-20,META,3.3928542137145996
2026-04-21,META,3.6277663707733154
2026-04-22,META,3.5765371322631836
2026-04-23,META,3.6200578212738037
2026-04-24,META,3.633723497390747
2026-04-27,META,3.5034499168395996
2026-04-28,META,3.3387343883514404
2026-04-29,META,3.478839874267578
2025-12-23,EURUSD=X,15.0762357711792
2025-12-24,EURUSD=X,16.02362060546875
2025-12-26,EURUSD=X,14.386683464050293
2025-12-29,EURUSD=X,20.611902236938477
2025-12-30,EURUSD=X,20.467466354370117
2025-12-31,EURUSD=X,14.471875190734863
2026-01-02,EURUSD=X,17.405820846557617
2026-01-05,EURUSD=X,18.8795166015625
2026-01-06,EURUSD=X,19.362760543823242
2026-01-07,EURUSD=X,19.592391967773438
2026-01-08,EURUSD=X,18.848777770996094
2026-01-09,EURUSD=X,20.082048416137695
2026-01-12,EURUSD=X,20.45391082763672
2026-01-13,EURUSD=X,18.62577247619629
2026-01-14,EURUSD=X,17.30320167541504
2026-01-15,EURUSD=X,17.936738967895508
2026-01-16,EURUSD=X,18.27594566345215
2026-01-19,EURUSD=X,17.7687931060791
2026-01-20,EURUSD=X,16.901714324951172
2026-01-21,EURUSD=X,15.38223648071289
2026-01-22,EURUSD=X,16.128902435302734
2026-01-23,EURUSD=X,13.073465347290039
2026-01-26,EURUSD=X,15.791464805603027
2026-01-27,EURUSD=X,13.348079681396484
2026-01-28,EURUSD=X,16.305295944213867
2026-01-29,EURUSD=X,18.09897804260254
2026-01-30,EURUSD=X,11.33158016204834
2026-02-02,EURUSD=X,12.72603702545166
2026-02-03,EURUSD=X,17.704593658447266
2026-02-04,EURUSD=X,19.574363708496094
2026-02-05,EURUSD=X,20.84503173828125
2026-02-06,EURUSD=X,20.90041160583496
2026-02-09,EURUSD=X,20.506189346313477
2026-02-10,EURUSD=X,19.256500244140625
2026-02-11,EURUSD=X,-1.480546474456787
2026-02-12,EURUSD=X,2.6986141204833984
2026-02-13,EURUSD=X,10.828956604003906
2026-02-16,EURUSD=X,2.457432985305786
2026-02-17,EURUSD=X,10.096745491027832
2026-02-18,EURUSD=X,11.964737892150879
2026-02-19,EURUSD=X,17.38943862915039
2026-02-20,EURUSD=X,18.09142303466797
2026-02-23,EURUSD=X,17.292726516723633
2026-02-24,EURUSD=X,15.63139820098877
2026-02-25,EURUSD=X,17.614974975585938
2026-02-26,EURUSD=X,18.327360153198242
2026-02-27,EURUSD=X,13.920385360717773
2026-03-02,EURUSD=X,13.573616027832031
2026-03-03,EURUSD=X,16.13851547241211
2026-03-04,EURUSD=X,15.931246757507324
2026-03-05,EURUSD=X,14.316707611083984
2026-03-06,EURUSD=X,12.970246315002441
2026-03-09,EURUSD=X,10.996294975280762
2026-03-10,EURUSD=X,15.337484359741211
2026-03-11,EURUSD=X,16.253089904785156
2026-03-12,EURUSD=X,2.5862865447998047
2026-03-13,EURUSD=X,12.26240348815918
2026-03-16,EURUSD=X,14.841906547546387
2026-03-17,EURUSD=X,9.023788452148438
2026-03-18,EURUSD=X,8.198341369628906
2026-03-19,EURUSD=X,9.883086204528809
2026-03-20,EURUSD=X,11.855184555053711
2026-03-23,EURUSD=X,13.494179725646973
2026-03-24,EURUSD=X,8.038220405578613
2026-03-25,EURUSD=X,8.884532928466797
2026-03-26,EURUSD=X,11.756787300109863
2026-03-27,EURUSD=X,1.379104495048523
2026-03-30,EURUSD=X,3.4527206420898438
2026-03-31,EURUSD=X,11.530674934387207
2026-04-01,EURUSD=X,12.965415000915527
2026-04-02,EURUSD=X,14.384703636169434
2026-04-03,EURUSD=X,-10.036434173583984
2026-04-06,EURUSD=X,4.556723117828369
2026-04-07,EURUSD=X,17.934389114379883
2026-04-08,EURUSD=X,10.988289833068848
2026-04-09,EURUSD=X,10.164507865905762
2026-04-10,EURUSD=X,15.68405532836914
2026-04-13,EURUSD=X,16.33522605895996
2026-04-14,EURUSD=X,16.139257431030273
2026-04-15,EURUSD=X,11.855498313903809
2026-04-16,EURUSD=X,18.08568572998047
2026-04-17,EURUSD=X,19.191591262817383
2026-04-20,EURUSD=X,18.480300903320312
2026-04-21,EURUSD=X,1.9060267210006714
2026-04-22,EURUSD=X,14.863899230957031
2026-04-23,EURUSD=X,19.392749786376953
2026-04-24,EURUSD=X,19.267683029174805
2026-04-27,EURUSD=X,-4.2069091796875
2026-04-28,EURUSD=X,9.652942657470703
2026-04-29,EURUSD=X,10.184505462646484
2025-12-23,HDFCBANK.NS,7.600813865661621
2025-12-24,HDFCBANK.NS,5.20019006729126
2025-12-26,HDFCBANK.NS,3.631434679031372
2025-12-29,HDFCBANK.NS,7.521122455596924
2025-12-30,HDFCBANK.NS,8.64407730102539
2025-12-31,HDFCBANK.NS,4.869331359863281
2026-01-01,HDFCBANK.NS,4.295498847961426
2026-01-02,HDFCBANK.NS,7.269543170928955
2026-01-05,HDFCBANK.NS,5.064438819885254
2026-01-06,HDFCBANK.NS,7.658419609069824
2026-01-07,HDFCBANK.NS,8.598076820373535
2026-01-08,HDFCBANK.NS,8.442071914672852
2026-01-09,HDFCBANK.NS,8.076248168945312
2026-01-12,HDFCBANK.NS,7.2006402015686035
2026-01-13,HDFCBANK.NS,8.153360366821289
2026-01-14,HDFCBANK.NS,8.06696891784668
2026-01-15,HDFCBANK.NS,8.032652854919434
2026-01-16,HDFCBANK.NS,7.602713584899902
2026-01-19,HDFCBANK.NS,7.415905475616455
2026-01-20,HDFCBANK.NS,6.739718437194824
2026-01-21,HDFCBANK.NS,1.4424620866775513
2026-01-22,HDFCBANK.NS,7.44486665725708
2026-01-23,HDFCBANK.NS,7.473553657531738
2026-01-27,HDFCBANK.NS,7.484347343444824
2026-01-28,HDFCBANK.NS,6.183749675750732
2026-01-29,HDFCBANK.NS,5.064209461212158
2026-01-30,HDFCBANK.NS,2.7416090965270996
2026-02-02,HDFCBANK.NS,2.525278329849243
2026-02-03,HDFCBANK.NS,6.675775051116943
2026-02-04,HDFCBANK.NS,4.428755283355713
2026-02-05,HDFCBANK.NS,-3.957956075668335
2026-02-06,HDFCBANK.NS,-0.6804063320159912
2026-02-09,HDFCBANK.NS,2.883981227874756
2026-02-10,HDFCBANK.NS,6.051219940185547
2026-02-11,HDFCBANK.NS,6.827974796295166
2026-02-12,HDFCBANK.NS,8.434611320495605
2026-02-13,HDFCBANK.NS,7.184979438781738
2026-02-16,HDFCBANK.NS,8.715012550354004
2026-02-17,HDFCBANK.NS,7.907323360443115
2026-02-18,HDFCBANK.NS,9.020011901855469
2026-02-19,HDFCBANK.NS,9.256795883178711
2026-02-20,HDFCBANK.NS,8.848952293395996
2026-02-23,HDFCBANK.NS,7.18819522857666
2026-02-24,HDFCBANK.NS,6.753902435302734
2026-02-25,HDFCBANK.NS,7.700687885284424
2026-02-26,HDFCBANK.NS,7.616416931152344
2026-02-27,HDFCBANK.NS,7.720925331115723
2026-03-02,HDFCBANK.NS,7.504820346832275
2026-03-04,HDFCBANK.NS,7.7922563552856445
2026-03-05,HDFCBANK.NS,8.421475410461426
2026-03-06,HDFCBANK.NS,6.337583541870117
2026-03-09,HDFCBANK.NS,6.940579891204834
2026-03-10,HDFCBANK.NS,6.71938419342041
2026-03-11,HDFCBANK.NS,7.040315628051758
2026-03-12,HDFCBANK.NS,6.910253047943115
2026-03-13,HDFCBANK.NS,5.17366886138916
2026-03-16,HDFCBANK.NS,6.115197658538818
2026-03-17,HDFCBANK.NS,5.109731197357178
2026-03-18,HDFCBANK.NS,5.179235935211182
2026-03-19,HDFCBANK.NS,4.289968013763428
2026-03-20,HDFCBANK.NS,4.349595069885254
2026-03-23,HDFCBANK.NS,4.649333953857422
2026-03-24,HDFCBANK.NS,2.9743804931640625
2026-03-25,HDFCBANK.NS,4.059960842132568
2026-03-27,HDFCBANK.NS,3.196441411972046
2026-03-30,HDFCBANK.NS,2.3913941383361816
2026-04-01,HDFCBANK.NS,3.9081921577453613
2026-04-02,HDFCBANK.NS,3.901918888092041
2026-04-06,HDFCBANK.NS,3.9117844104766846
2026-04-07,HDFCBANK.NS,1.8355313539505005
2026-04-08,HDFCBANK.NS,2.0656023025512695
2026-04-09,HDFCBANK.NS,1.0024470090866089
2026-04-10,HDFCBANK.NS,3.661151885986328
2026-04-13,HDFCBANK.NS,3.7180111408233643
2026-04-15,HDFCBANK.NS,4.305130958557129
2026-04-16,HDFCBANK.NS,3.347522020339966
2026-04-17,HDFCBANK.NS,1.8886966705322266
2026-04-20,HDFCBANK.NS,4.2321391105651855
2026-04-21,HDFCBANK.NS,4.887750625610352
2026-04-22,HDFCBANK.NS,5.208872318267822
2026-04-23,HDFCBANK.NS,5.016800403594971
2026-04-24,HDFCBANK.NS,5.177546501159668
2026-04-27,HDFCBANK.NS,5.544593811035156
2026-04-28,HDFCBANK.NS,5.241666316986084
2026-04-29,HDFCBANK.NS,5.441902160644531
2025-12-23,RELIANCE.NS,6.727259635925293
2025-12-24,RELIANCE.NS,6.164003372192383
2025-12-26,RELIANCE.NS,6.203760147094727
2025-12-29,RELIANCE.NS,6.683816432952881
2025-12-30,RELIANCE.NS,6.733227252960205
2025-12-31,RELIANCE.NS,6.8015522956848145
2026-01-01,RELIANCE.NS,-7.202350616455078
2026-01-02,RELIANCE.NS,-6.399352550506592
2026-01-05,RELIANCE.NS,7.489772319793701
2026-01-06,RELIANCE.NS,6.757887840270996
2026-01-07,RELIANCE.NS,6.9478759765625
2026-01-08,RELIANCE.NS,5.474086284637451
2026-01-09,RELIANCE.NS,-1.5345215797424316
2026-01-12,RELIANCE.NS,5.228644847869873
2026-01-13,RELIANCE.NS,6.365072727203369
2026-01-14,RELIANCE.NS,5.989238739013672
2026-01-15,RELIANCE.NS,6.620408535003662
2026-01-16,RELIANCE.NS,6.5669403076171875
2026-01-19,RELIANCE.NS,4.622503280639648
2026-01-20,RELIANCE.NS,4.604322910308838
2026-01-21,RELIANCE.NS,1.7449541091918945
2026-01-22,RELIANCE.NS,3.39644455909729
2026-01-23,RELIANCE.NS,5.61095666885376
2026-01-27,RELIANCE.NS,5.159134387969971
2026-01-28,RELIANCE.NS,5.412843704223633
2026-01-29,RELIANCE.NS,3.7348713874816895
2026-01-30,RELIANCE.NS,2.0157995223999023
2026-02-02,RELIANCE.NS,3.3880701065063477
2026-02-03,RELIANCE.NS,3.0784945487976074
2026-02-04,RELIANCE.NS,1.4792134761810303
2026-02-05,RELIANCE.NS,-1.8417471647262573
2026-02-06,RELIANCE.NS,2.1014528274536133
2026-02-09,RELIANCE.NS,3.4734575748443604
2026-02-10,RELIANCE.NS,1.6797517538070679
2026-02-11,RELIANCE.NS,-0.21369555592536926
2026-02-12,RELIANCE.NS,1.687002182006836
2026-02-13,RELIANCE.NS,1.6889333724975586
2026-02-16,RELIANCE.NS,3.4391210079193115
2026-02-17,RELIANCE.NS,6.153484344482422
2026-02-18,RELIANCE.NS,6.506594657897949
2026-02-19,RELIANCE.NS,6.783376693725586
2026-02-20,RELIANCE.NS,6.746676921844482
2026-02-23,RELIANCE.NS,6.666571617126465
2026-02-24,RELIANCE.NS,6.561977386474609
2026-02-25,RELIANCE.NS,6.382658004760742
2026-02-26,RELIANCE.NS,6.3537139892578125
2026-02-27,RELIANCE.NS,6.235784530639648
2026-03-02,RELIANCE.NS,5.619945526123047
2026-03-04,RELIANCE.NS,5.934228420257568
2026-03-05,RELIANCE.NS,5.8478779792785645
2026-03-06,RELIANCE.NS,5.498993396759033
2026-03-09,RELIANCE.NS,5.797491550445557
2026-03-10,RELIANCE.NS,5.0498576164245605
2026-03-11,RELIANCE.NS,5.532517433166504
2026-03-12,RELIANCE.NS,5.4910888671875
2026-03-13,RELIANCE.NS,4.975919723510742
2026-03-16,RELIANCE.NS,4.0931291580200195
2026-03-17,RELIANCE.NS,5.004400730133057
2026-03-18,RELIANCE.NS,4.464764595031738
2026-03-19,RELIANCE.NS,4.2976837158203125
2026-03-20,RELIANCE.NS,5.993534564971924
2026-03-23,RELIANCE.NS,6.572521686553955
2026-03-24,RELIANCE.NS,6.092735290527344
2026-03-25,RELIANCE.NS,6.450472354888916
2026-03-27,RELIANCE.NS,3.9303512573242188
2026-03-30,RELIANCE.NS,5.429673194885254
2026-04-01,RELIANCE.NS,5.855406761169434
2026-04-02,RELIANCE.NS,5.7772650718688965
2026-04-06,RELIANCE.NS,5.405885219573975
2026-04-07,RELIANCE.NS,5.514754295349121
2026-04-08,RELIANCE.NS,5.574350357055664
2026-04-09,RELIANCE.NS,5.030422687530518
2026-04-10,RELIANCE.NS,5.626033306121826
2026-04-13,RELIANCE.NS,4.870177745819092
2026-04-15,RELIANCE.NS,4.849528789520264
2026-04-16,RELIANCE.NS,4.296757698059082
2026-04-17,RELIANCE.NS,3.6814448833465576
2026-04-20,RELIANCE.NS,5.094970226287842
2026-04-21,RELIANCE.NS,4.7421088218688965
2026-04-22,RELIANCE.NS,3.635272264480591
2026-04-23,RELIANCE.NS,3.870669364929199
2026-04-24,RELIANCE.NS,5.061681747436523
2026-04-27,RELIANCE.NS,5.408795356750488
2026-04-28,RELIANCE.NS,5.022144317626953
2026-04-29,RELIANCE.NS,5.500126361846924
2025-12-23,USDJPY=X,9.609016418457031
2025-12-24,USDJPY=X,11.903570175170898
2025-12-26,USDJPY=X,13.20496654510498
2025-12-29,USDJPY=X,5.2974348068237305
2025-12-30,USDJPY=X,-14.216072082519531
2025-12-31,USDJPY=X,10.535360336303711
2026-01-02,USDJPY=X,12.097846984863281
2026-01-05,USDJPY=X,7.353541374206543
2026-01-06,USDJPY=X,14.690787315368652
2026-01-07,USDJPY=X,14.132206916809082
2026-01-08,USDJPY=X,15.198540687561035
2026-01-09,USDJPY=X,8.60202693939209
2026-01-12,USDJPY=X,-15.474960327148438
2026-01-13,USDJPY=X,-8.938817024230957
2026-01-14,USDJPY=X,8.911696434020996
2026-01-15,USDJPY=X,10.99489688873291
2026-01-16,USDJPY=X,9.384872436523438
2026-01-19,USDJPY=X,12.390121459960938
2026-01-20,USDJPY=X,8.325461387634277
2026-01-21,USDJPY=X,-0.3383815586566925
2026-01-22,USDJPY=X,-1.0941195487976074
2026-01-23,USDJPY=X,9.735252380371094
2026-01-26,USDJPY=X,13.21296215057373
2026-01-27,USDJPY=X,14.294329643249512
2026-01-28,USDJPY=X,13.366847038269043
2026-01-29,USDJPY=X,6.441534519195557
2026-01-30,USDJPY=X,7.809638977050781
2026-02-02,USDJPY=X,8.198418617248535
2026-02-03,USDJPY=X,10.48041820526123
2026-02-04,USDJPY=X,10.13431453704834
2026-02-05,USDJPY=X,11.336883544921875
2026-02-06,USDJPY=X,9.140750885009766
2026-02-09,USDJPY=X,10.58914566040039
2026-02-10,USDJPY=X,7.048919677734375
2026-02-11,USDJPY=X,5.93209171295166
2026-02-12,USDJPY=X,11.521038055419922
2026-02-13,USDJPY=X,11.473580360412598
2026-02-16,USDJPY=X,12.590721130371094
2026-02-17,USDJPY=X,11.167818069458008
2026-02-18,USDJPY=X,12.419511795043945
2026-02-19,USDJPY=X,10.638595581054688
2026-02-20,USDJPY=X,11.84675407409668
2026-02-23,USDJPY=X,10.247961044311523
2026-02-24,USDJPY=X,10.421377182006836
2026-02-25,USDJPY=X,10.546730041503906
2026-02-26,USDJPY=X,5.275587558746338
2026-02-27,USDJPY=X,9.133174896240234
2026-03-02,USDJPY=X,11.599578857421875
2026-03-03,USDJPY=X,12.206815719604492
2026-03-04,USDJPY=X,12.827825546264648
2026-03-05,USDJPY=X,13.630354881286621
2026-03-06,USDJPY=X,13.84420108795166
2026-03-09,USDJPY=X,14.649126052856445
2026-03-10,USDJPY=X,-6.7509331703186035
2026-03-11,USDJPY=X,6.7584638595581055
2026-03-12,USDJPY=X,14.278186798095703
2026-03-13,USDJPY=X,11.181373596191406
2026-03-16,USDJPY=X,3.56182861328125
2026-03-17,USDJPY=X,11.8289794921875
2026-03-18,USDJPY=X,12.88160228729248
2026-03-19,USDJPY=X,10.204732894897461
2026-03-20,USDJPY=X,5.889766693115234
2026-03-23,USDJPY=X,11.587797164916992
2026-03-24,USDJPY=X,13.313158988952637
2026-03-25,USDJPY=X,10.439614295959473
2026-03-26,USDJPY=X,10.861639022827148
2026-03-27,USDJPY=X,11.497502326965332
2026-03-30,USDJPY=X,9.239689826965332
2026-03-31,USDJPY=X,11.685640335083008
2026-04-01,USDJPY=X,12.1660795211792
2026-04-02,USDJPY=X,12.244912147521973
2026-04-03,USDJPY=X,11.878623962402344
2026-04-06,USDJPY=X,1.0490777492523193
2026-04-07,USDJPY=X,9.129387855529785
2026-04-08,USDJPY=X,14.5590181350708
2026-04-09,USDJPY=X,12.764793395996094
2026-04-10,USDJPY=X,12.468440055847168
2026-04-13,USDJPY=X,5.456642150878906
2026-04-14,USDJPY=X,5.487260818481445
2026-04-15,USDJPY=X,12.350532531738281
2026-04-16,USDJPY=X,9.351105690002441
2026-04-17,USDJPY=X,7.423766136169434
2026-04-20,USDJPY=X,11.388594627380371
2026-04-21,USDJPY=X,12.999662399291992
2026-04-22,USDJPY=X,12.438941955566406
2026-04-23,USDJPY=X,2.4583187103271484
2026-04-24,USDJPY=X,-1.8173309564590454
2026-04-27,USDJPY=X,12.519318580627441
2026-04-28,USDJPY=X,14.261372566223145
2026-04-29,USDJPY=X,13.91885757446289
2025-12-23,GOOGL,3.1480422019958496
2025-12-24,GOOGL,3.1595234870910645
2025-12-26,GOOGL,3.4683666229248047
2025-12-29,GOOGL,3.1485166549682617
2025-12-30,GOOGL,2.312196731567383
2025-12-31,GOOGL,3.0440077781677246
2026-01-02,GOOGL,3.6336891651153564
2026-01-05,GOOGL,3.4758238792419434
2026-01-06,GOOGL,2.8348586559295654
2026-01-07,GOOGL,4.195918083190918
2026-01-08,GOOGL,2.073810338973999
2026-01-09,GOOGL,-0.2686041295528412
2026-01-12,GOOGL,1.4072129726409912
2026-01-13,GOOGL,-0.765064537525177
2026-01-14,GOOGL,0.2680228650569916
2026-01-15,GOOGL,1.442367434501648
2026-01-16,GOOGL,2.8462865352630615
2026-01-20,GOOGL,3.8095147609710693
2026-01-21,GOOGL,3.629822015762329
2026-01-22,GOOGL,0.7853392362594604
2026-01-23,GOOGL,2.029013156890869
2026-01-26,GOOGL,3.7909722328186035
2026-01-27,GOOGL,1.3493163585662842
2026-01-28,GOOGL,-0.08819165825843811
2026-01-29,GOOGL,0.37724024057388306
2026-01-30,GOOGL,1.39669668674469
2026-02-02,GOOGL,0.9563519954681396
2026-02-03,GOOGL,1.9948232173919678
2026-02-04,GOOGL,3.0032575130462646
2026-02-05,GOOGL,4.168341159820557
2026-02-06,GOOGL,4.453049182891846
2026-02-09,GOOGL,3.655083417892456
2026-02-10,GOOGL,3.954364061355591
2026-02-11,GOOGL,4.080971717834473
2026-02-12,GOOGL,3.944782018661499
2026-02-13,GOOGL,4.053245544433594
2026-02-17,GOOGL,3.4789445400238037
2026-02-18,GOOGL,3.788431406021118
2026-02-19,GOOGL,3.635577917098999
2026-02-20,GOOGL,2.2350099086761475
2026-02-23,GOOGL,2.8151938915252686
2026-02-24,GOOGL,2.9985837936401367
2026-02-25,GOOGL,2.9776902198791504
2026-02-26,GOOGL,3.5559239387512207
2026-02-27,GOOGL,2.882580518722534
2026-03-02,GOOGL,2.8629038333892822
2026-03-03,GOOGL,2.9062063694000244
2026-03-04,GOOGL,2.1534228324890137
2026-03-05,GOOGL,2.4095187187194824
2026-03-06,GOOGL,2.407835006713867
2026-03-09,GOOGL,2.8036279678344727
2026-03-10,GOOGL,3.1525826454162598
2026-03-11,GOOGL,-1.0126540660858154
2026-03-12,GOOGL,2.1102888584136963
2026-03-13,GOOGL,3.205719232559204
2026-03-16,GOOGL,3.388073682785034
2026-03-17,GOOGL,3.5277395248413086
2026-03-18,GOOGL,0.9034865498542786
2026-03-19,GOOGL,2.4652981758117676
2026-03-20,GOOGL,3.4747440814971924
2026-03-23,GOOGL,4.002552509307861
2026-03-24,GOOGL,4.019446849822998
2026-03-25,GOOGL,4.254289627075195
2026-03-26,GOOGL,3.120445489883423
2026-03-27,GOOGL,3.127274751663208
2026-03-30,GOOGL,3.6120104789733887
2026-03-31,GOOGL,4.120965003967285
2026-04-01,GOOGL,4.123228549957275
2026-04-02,GOOGL,3.9734697341918945
2026-04-06,GOOGL,3.2834842205047607
2026-04-07,GOOGL,3.392965793609619
2026-04-08,GOOGL,3.0889952182769775
2026-04-09,GOOGL,3.67922043800354
2026-04-10,GOOGL,3.2927961349487305
2026-04-13,GOOGL,4.098763942718506
2026-04-14,GOOGL,3.992022752761841
2026-04-15,GOOGL,4.51541805267334
2026-04-16,GOOGL,4.587156772613525
2026-04-17,GOOGL,4.807523250579834
2026-04-20,GOOGL,4.760826110839844
2026-04-21,GOOGL,3.800405740737915
2026-04-22,GOOGL,4.505841255187988
2026-04-23,GOOGL,4.358609676361084
2026-04-24,GOOGL,3.908036470413208
2026-04-27,GOOGL,2.917598009109497
2026-04-28,GOOGL,3.672179937362671
2026-04-29,GOOGL,4.097616195678711
2025-12-23,GC=F,2.5442848205566406
2025-12-24,GC=F,2.7165615558624268
2025-12-26,GC=F,3.8091695308685303
2025-12-29,GC=F,4.933291435241699
2025-12-30,GC=F,5.370344638824463
2025-12-31,GC=F,2.869462013244629
2026-01-02,GC=F,2.750737190246582
2026-01-05,GC=F,4.412755489349365
2026-01-06,GC=F,3.2819130420684814
2026-01-07,GC=F,2.353689432144165
2026-01-08,GC=F,5.4778852462768555
2026-01-09,GC=F,4.364747047424316
2026-01-12,GC=F,0.6872962713241577
2026-01-13,GC=F,1.3687469959259033
2026-01-14,GC=F,1.1753100156784058
2026-01-15,GC=F,3.636495351791382
2026-01-16,GC=F,5.349298477172852
2026-01-20,GC=F,2.0415029525756836
2026-01-21,GC=F,3.9751408100128174
2026-01-22,GC=F,3.6344492435455322
2026-01-23,GC=F,-3.1031811237335205
2026-01-26,GC=F,-4.112865447998047
2026-01-27,GC=F,-2.7974460124969482
2026-01-28,GC=F,-0.8827852010726929
2026-01-29,GC=F,-2.1823182106018066
2026-01-30,GC=F,-2.429893732070923
2026-02-02,GC=F,2.4629757404327393
2026-02-03,GC=F,1.0229405164718628
2026-02-04,GC=F,-0.095380999147892
2026-02-05,GC=F,1.667435884475708
2026-02-06,GC=F,2.8400824069976807
2026-02-09,GC=F,2.5086381435394287
2026-02-10,GC=F,1.5119551420211792
2026-02-11,GC=F,1.8334777355194092
2026-02-12,GC=F,2.9190051555633545
2026-02-13,GC=F,3.4295730590820312
2026-02-17,GC=F,1.738444209098816
2026-02-18,GC=F,2.262089252471924
2026-02-19,GC=F,4.016453742980957
2026-02-20,GC=F,4.104661464691162
2026-02-23,GC=F,3.220477819442749
2026-02-24,GC=F,3.156790256500244
2026-02-25,GC=F,3.8788442611694336
2026-02-26,GC=F,3.421698570251465
2026-02-27,GC=F,2.7043468952178955
2026-03-02,GC=F,2.135822296142578
2026-03-03,GC=F,3.2421088218688965
2026-03-04,GC=F,4.158929824829102
2026-03-05,GC=F,3.9980955123901367
2026-03-06,GC=F,3.907130718231201
2026-03-09,GC=F,3.7817189693450928
2026-03-10,GC=F,4.1905951499938965
2026-03-11,GC=F,2.7079057693481445
2026-03-12,GC=F,3.13193678855896
2026-03-13,GC=F,4.040412425994873
2026-03-16,GC=F,3.8382296562194824
2026-03-17,GC=F,3.9120020866394043
2026-03-18,GC=F,3.5728557109832764
2026-03-19,GC=F,3.657994270324707
2026-03-20,GC=F,3.8911633491516113
2026-03-23,GC=F,3.8738744258880615
2026-03-24,GC=F,3.9880518913269043
2026-03-25,GC=F,3.858128070831299
2026-03-26,GC=F,3.8481338024139404
2026-03-27,GC=F,2.951638698577881
2026-03-30,GC=F,3.2468490600585938
2026-03-31,GC=F,3.2141451835632324
2026-04-01,GC=F,3.017563581466675
2026-04-02,GC=F,2.798762321472168
2026-04-06,GC=F,2.548393726348877
2026-04-07,GC=F,2.900386333465576
2026-04-08,GC=F,3.5589563846588135
2026-04-09,GC=F,3.206881046295166
2026-04-10,GC=F,3.1956331729888916
2026-04-13,GC=F,3.4292287826538086
2026-04-14,GC=F,3.5831940174102783
2026-04-15,GC=F,4.149832725524902
2026-04-16,GC=F,4.095785617828369
2026-04-17,GC=F,4.215806007385254
2026-04-20,GC=F,4.249060153961182
2026-04-21,GC=F,4.072605133056641
2026-04-22,GC=F,4.297333240509033
2026-04-23,GC=F,4.338563442230225
2026-04-24,GC=F,4.4031758308410645
2026-04-27,GC=F,4.400784015655518
2026-04-28,GC=F,4.303593158721924
2026-04-29,GC=F,4.257629871368408
2025-12-23,EEM,7.175225257873535
2025-12-24,EEM,5.209362030029297
2025-12-26,EEM,5.88890266418457
2025-12-29,EEM,5.630674362182617
2025-12-30,EEM,0.8861972093582153
2025-12-31,EEM,5.322220802307129
2026-01-02,EEM,6.365800380706787
2026-01-05,EEM,5.543281555175781
2026-01-06,EEM,7.75685453414917
2026-01-07,EEM,8.592927932739258
2026-01-08,EEM,5.658815860748291
2026-01-09,EEM,-2.7405600547790527
2026-01-12,EEM,-4.356274604797363
2026-01-13,EEM,-1.1853567361831665
2026-01-14,EEM,3.2663044929504395
2026-01-15,EEM,3.698498249053955
2026-01-16,EEM,3.796293258666992
2026-01-20,EEM,6.263916015625
2026-01-21,EEM,7.138082504272461
2026-01-22,EEM,2.028235673904419
2026-01-23,EEM,1.4615408182144165
2026-01-26,EEM,4.477673053741455
2026-01-27,EEM,6.3942036628723145
2026-01-28,EEM,6.488344192504883
2026-01-29,EEM,6.16665506362915
2026-01-30,EEM,7.141634941101074
2026-02-02,EEM,7.823338031768799
2026-02-03,EEM,6.859821796417236
2026-02-04,EEM,5.491083145141602
2026-02-05,EEM,7.873782634735107
2026-02-06,EEM,7.596651554107666
2026-02-09,EEM,5.0871148109436035
2026-02-10,EEM,4.053865432739258
2026-02-11,EEM,6.303828716278076
2026-02-12,EEM,6.126621246337891
2026-02-13,EEM,4.256312370300293
2026-02-17,EEM,2.8428025245666504
2026-02-18,EEM,4.632728099822998
2026-02-19,EEM,7.304975986480713
2026-02-20,EEM,6.309282302856445
2026-02-23,EEM,3.938807249069214
2026-02-24,EEM,7.2527384757995605
2026-02-25,EEM,6.450540065765381
2026-02-26,EEM,-1.5702767372131348
2026-02-27,EEM,4.004388332366943
2026-03-02,EEM,4.524679183959961
2026-03-03,EEM,5.320122241973877
2026-03-04,EEM,6.392422676086426
2026-03-05,EEM,5.908531665802002
2026-03-06,EEM,5.948970794677734
2026-03-09,EEM,6.485136985778809
2026-03-10,EEM,5.806511402130127
2026-03-11,EEM,4.484692096710205
2026-03-12,EEM,5.992068290710449
2026-03-13,EEM,4.653491020202637
2026-03-16,EEM,3.972458839416504
2026-03-17,EEM,3.823343515396118
2026-03-18,EEM,3.136690139770508
2026-03-19,EEM,4.82322359085083
2026-03-20,EEM,5.339874267578125
2026-03-23,EEM,4.4092583656311035
2026-03-24,EEM,5.122275352478027
2026-03-25,EEM,4.858580112457275
2026-03-26,EEM,2.8004398345947266
2026-03-27,EEM,3.614710807800293
2026-03-30,EEM,3.886643409729004
2026-03-31,EEM,4.747057914733887
2026-04-01,EEM,4.420952796936035
2026-04-02,EEM,-0.7208687663078308
2026-04-06,EEM,3.0532960891723633
2026-04-07,EEM,4.3694844245910645
2026-04-08,EEM,3.124067544937134
2026-04-09,EEM,4.238495349884033
2026-04-10,EEM,3.812265396118164
2026-04-13,EEM,5.145064830780029
2026-04-14,EEM,3.930198907852173
2026-04-15,EEM,4.732731342315674
2026-04-16,EEM,5.644458770751953
2026-04-17,EEM,5.977509021759033
2026-04-20,EEM,3.2773873805999756
2026-04-21,EEM,2.9105827808380127
2026-04-22,EEM,4.950125694274902
2026-04-23,EEM,5.327559471130371
2026-04-24,EEM,4.0835418701171875
2026-04-27,EEM,-1.706476092338562
2026-04-28,EEM,3.133476972579956
2026-04-29,EEM,4.344153881072998
2025-12-23,UNH,3.0051286220550537
2025-12-24,UNH,2.712717294692993
2025-12-26,UNH,2.873814582824707
2025-12-29,UNH,2.998429536819458
2025-12-30,UNH,3.063850164413452
2025-12-31,UNH,2.6873011589050293
2026-01-02,UNH,1.3722143173217773
2026-01-05,UNH,1.3691449165344238
2026-01-06,UNH,1.9069887399673462
2026-01-07,UNH,2.7573697566986084
2026-01-08,UNH,3.0444867610931396
2026-01-09,UNH,2.8525407314300537
2026-01-12,UNH,2.974033832550049
2026-01-13,UNH,3.379148483276367
2026-01-14,UNH,3.41745662689209
2026-01-15,UNH,3.1618473529815674
2026-01-16,UNH,3.178492546081543
2026-01-20,UNH,3.2737436294555664
2026-01-21,UNH,3.297670602798462
2026-01-22,UNH,-0.6516338586807251
2026-01-23,UNH,-2.518584966659546
2026-01-26,UNH,1.457046627998352
2026-01-27,UNH,2.3700084686279297
2026-01-28,UNH,2.2328743934631348
2026-01-29,UNH,2.1975016593933105
2026-01-30,UNH,1.7637770175933838
2026-02-02,UNH,2.5147058963775635
2026-02-03,UNH,2.6324117183685303
2026-02-04,UNH,2.4789650440216064
2026-02-05,UNH,2.5854058265686035
2026-02-06,UNH,2.3872838020324707
2026-02-09,UNH,2.033358097076416
2026-02-10,UNH,1.9532471895217896
2026-02-11,UNH,1.4022040367126465
2026-02-12,UNH,1.7424027919769287
2026-02-13,UNH,2.452336549758911
2026-02-17,UNH,2.2295217514038086
2026-02-18,UNH,2.1874406337738037
2026-02-19,UNH,2.127690315246582
2026-02-20,UNH,2.2422897815704346
2026-02-23,UNH,2.122465133666992
2026-02-24,UNH,1.744734525680542
2026-02-25,UNH,2.293335437774658
2026-02-26,UNH,2.0005900859832764
2026-02-27,UNH,1.968531847000122
2026-03-02,UNH,2.304657220840454
2026-03-03,UNH,2.4371230602264404
2026-03-04,UNH,2.73831844329834
2026-03-05,UNH,2.584017276763916
2026-03-06,UNH,2.5955379009246826
2026-03-09,UNH,2.7167840003967285
2026-03-10,UNH,2.8086462020874023
2026-03-11,UNH,2.7363266944885254
2026-03-12,UNH,2.802635908126831
2026-03-13,UNH,2.917154312133789
2026-03-16,UNH,2.893350124359131
2026-03-17,UNH,2.8421404361724854
2026-03-18,UNH,2.4580318927764893
2026-03-19,UNH,2.744131088256836
2026-03-20,UNH,2.7283072471618652
2026-03-23,UNH,2.5335023403167725
2026-03-24,UNH,2.6592814922332764
2026-03-25,UNH,2.57300066947937
2026-03-26,UNH,2.511568307876587
2026-03-27,UNH,2.6307754516601562
2026-03-30,UNH,2.519043207168579
2026-03-31,UNH,2.797921895980835
2026-04-01,UNH,2.5269110202789307
2026-04-02,UNH,2.468630790710449
2026-04-06,UNH,2.128844738006592
2026-04-07,UNH,2.1459906101226807
2026-04-08,UNH,2.2448713779449463
2026-04-09,UNH,2.5380420684814453
2026-04-10,UNH,2.6928329467773438
2026-04-13,UNH,2.6648526191711426
2026-04-14,UNH,2.928844928741455
2026-04-15,UNH,3.0437419414520264
2026-04-16,UNH,3.160543918609619
2026-04-17,UNH,3.2521724700927734
2026-04-20,UNH,3.249105215072632
2026-04-21,UNH,2.89926815032959
2026-04-22,UNH,3.019132137298584
2026-04-23,UNH,2.5794131755828857
2026-04-24,UNH,0.33555537462234497
2026-04-27,UNH,2.2343952655792236
2026-04-28,UNH,2.153139352798462
2026-04-29,UNH,2.5347607135772705
2025-12-23,NVDA,1.3518637418746948
2025-12-24,NVDA,2.898303985595703
2025-12-26,NVDA,2.0958046913146973
2025-12-29,NVDA,2.014646291732788
2025-12-30,NVDA,1.7063305377960205
2025-12-31,NVDA,2.5423102378845215
2026-01-02,NVDA,3.1581358909606934
2026-01-05,NVDA,3.28794264793396
2026-01-06,NVDA,3.3646750450134277
2026-01-07,NVDA,3.603132486343384
2026-01-08,NVDA,3.61680269241333
2026-01-09,NVDA,3.386342763900757
2026-01-12,NVDA,2.6131863594055176
2026-01-13,NVDA,0.33301642537117004
2026-01-14,NVDA,2.0482265949249268
2026-01-15,NVDA,2.2603297233581543
2026-01-16,NVDA,2.4857447147369385
2026-01-20,NVDA,2.9335696697235107
2026-01-21,NVDA,3.0896143913269043
2026-01-22,NVDA,2.634218215942383
2026-01-23,NVDA,1.7080494165420532
2026-01-26,NVDA,2.8271939754486084
2026-01-27,NVDA,2.9838004112243652
2026-01-28,NVDA,2.8650100231170654
2026-01-29,NVDA,2.6623852252960205
2026-01-30,NVDA,2.8729958534240723
2026-02-02,NVDA,2.853632926940918
2026-02-03,NVDA,3.122528314590454
2026-02-04,NVDA,1.6781424283981323
2026-02-05,NVDA,2.5230722427368164
2026-02-06,NVDA,3.1681277751922607
2026-02-09,NVDA,3.116267681121826
2026-02-10,NVDA,3.654930830001831
2026-02-11,NVDA,3.447089195251465
2026-02-12,NVDA,3.2409210205078125
2026-02-13,NVDA,2.311650514602661
2026-02-17,NVDA,2.304623603820801
2026-02-18,NVDA,2.1337332725524902
2026-02-19,NVDA,2.1925148963928223
2026-02-20,NVDA,3.0320181846618652
2026-02-23,NVDA,3.290497303009033
2026-02-24,NVDA,3.5096688270568848
2026-02-25,NVDA,3.7058968544006348
2026-02-26,NVDA,3.5440573692321777
2026-02-27,NVDA,3.2318007946014404
2026-03-02,NVDA,3.1252939701080322
2026-03-03,NVDA,2.078207492828369
2026-03-04,NVDA,2.9311609268188477
2026-03-05,NVDA,3.3199093341827393
2026-03-06,NVDA,3.285168170928955
2026-03-09,NVDA,3.1479547023773193
2026-03-10,NVDA,2.8182780742645264
2026-03-11,NVDA,2.005380153656006
2026-03-12,NVDA,2.759312629699707
2026-03-13,NVDA,2.592799663543701
2026-03-16,NVDA,1.8312548398971558
2026-03-17,NVDA,2.889195442199707
2026-03-18,NVDA,2.982391834259033
2026-03-19,NVDA,2.264317035675049
2026-03-20,NVDA,2.5543291568756104
2026-03-23,NVDA,2.216543674468994
2026-03-24,NVDA,2.296032190322876
2026-03-25,NVDA,2.936722755432129
2026-03-26,NVDA,1.9001041650772095
2026-03-27,NVDA,2.183835506439209
2026-03-30,NVDA,2.1799302101135254
2026-03-31,NVDA,2.3019113540649414
2026-04-01,NVDA,2.3938465118408203
2026-04-02,NVDA,1.7914910316467285
2026-04-06,NVDA,2.3265719413757324
2026-04-07,NVDA,2.3773441314697266
2026-04-08,NVDA,2.8257319927215576
2026-04-09,NVDA,3.103398084640503
2026-04-10,NVDA,2.8743948936462402
2026-04-13,NVDA,2.982248067855835
2026-04-14,NVDA,2.219940423965454
2026-04-15,NVDA,3.4375200271606445
2026-04-16,NVDA,3.539426803588867
2026-04-17,NVDA,3.77589750289917
2026-04-20,NVDA,3.575873374938965
2026-04-21,NVDA,2.9790236949920654
2026-04-22,NVDA,2.981130361557007
2026-04-23,NVDA,3.374262571334839
2026-04-24,NVDA,3.021496534347534
2026-04-27,NVDA,2.0373291969299316
2026-04-28,NVDA,1.5041530132293701
2026-04-29,NVDA,2.439577341079712
2025-12-23,JPM,3.70843768119812
2025-12-24,JPM,0.9264318346977234
2025-12-26,JPM,4.4855475425720215
2025-12-29,JPM,5.614574909210205
2025-12-30,JPM,4.933221340179443
2025-12-31,JPM,2.9974865913391113
2026-01-02,JPM,2.0902037620544434
2026-01-05,JPM,2.5509135723114014
2026-01-06,JPM,3.754455327987671
2026-01-07,JPM,5.089725971221924
2026-01-08,JPM,5.560680866241455
2026-01-09,JPM,4.219672679901123
2026-01-12,JPM,1.6503324508666992
2026-01-13,JPM,4.666658401489258
2026-01-14,JPM,4.783505916595459
2026-01-15,JPM,4.475967884063721
2026-01-16,JPM,3.962923288345337
2026-01-20,JPM,4.886023044586182
2026-01-21,JPM,5.357026100158691
2026-01-22,JPM,5.143787860870361
2026-01-23,JPM,2.789287567138672
2026-01-26,JPM,3.5853636264801025
2026-01-27,JPM,4.570864677429199
2026-01-28,JPM,4.052222728729248
2026-01-29,JPM,3.656275987625122
2026-01-30,JPM,4.1009521484375
2026-02-02,JPM,4.659939289093018
2026-02-03,JPM,4.5946149826049805
2026-02-04,JPM,4.409282207489014
2026-02-05,JPM,1.8878438472747803
2026-02-06,JPM,4.707405090332031
2026-02-09,JPM,4.927601337432861
2026-02-10,JPM,4.1506829261779785
2026-02-11,JPM,4.244266033172607
2026-02-12,JPM,3.8776040077209473
2026-02-13,JPM,4.9134979248046875
2026-02-17,JPM,5.03803825378418
2026-02-18,JPM,4.522394180297852
2026-02-19,JPM,5.473398685455322
2026-02-20,JPM,5.459870338439941
2026-02-23,JPM,4.364639759063721
2026-02-24,JPM,4.677063465118408
2026-02-25,JPM,4.73579740524292
2026-02-26,JPM,2.791520833969116
2026-02-27,JPM,3.597513198852539
2026-03-02,JPM,4.165305137634277
2026-03-03,JPM,4.414116382598877
2026-03-04,JPM,4.548115253448486
2026-03-05,JPM,4.6273627281188965
2026-03-06,JPM,4.329993724822998
2026-03-09,JPM,4.2058634757995605
2026-03-10,JPM,3.801241397857666
2026-03-11,JPM,3.0952889919281006
2026-03-12,JPM,4.576104640960693
2026-03-13,JPM,4.5272536277771
2026-03-16,JPM,4.154672145843506
2026-03-17,JPM,3.197228193283081
2026-03-18,JPM,4.108719348907471
2026-03-19,JPM,4.392920970916748
2026-03-20,JPM,3.684896469116211
2026-03-23,JPM,3.7578253746032715
2026-03-24,JPM,4.378430366516113
2026-03-25,JPM,4.282826900482178
2026-03-26,JPM,3.3392109870910645
2026-03-27,JPM,2.817054510116577
2026-03-30,JPM,4.269151210784912
2026-03-31,JPM,5.0453057289123535
2026-04-01,JPM,4.273553848266602
2026-04-02,JPM,0.9048247933387756
2026-04-06,JPM,4.583260536193848
2026-04-07,JPM,5.472408771514893
2026-04-08,JPM,4.5725531578063965
2026-04-09,JPM,4.984605312347412
2026-04-10,JPM,5.458064079284668
2026-04-13,JPM,5.601268291473389
2026-04-14,JPM,3.25577449798584
2026-04-15,JPM,4.694940567016602
2026-04-16,JPM,5.582984924316406
2026-04-17,JPM,5.655235290527344
2026-04-20,JPM,1.7162216901779175
2026-04-21,JPM,3.000068426132202
2026-04-22,JPM,4.465934753417969
2026-04-23,JPM,4.849987506866455
2026-04-24,JPM,4.464260101318359
2026-04-27,JPM,3.1663424968719482
2026-04-28,JPM,4.466556549072266
2026-04-29,JPM,4.400959491729736
2025-12-23,IWM,2.593458652496338
2025-12-24,IWM,4.244898319244385
2025-12-26,IWM,4.486814022064209
2025-12-29,IWM,4.4565558433532715
2025-12-30,IWM,4.241574287414551
2025-12-31,IWM,4.638840675354004
2026-01-02,IWM,4.889753818511963
2026-01-05,IWM,3.6484732627868652
2026-01-06,IWM,1.6788030862808228
2026-01-07,IWM,5.182748794555664
2026-01-08,IWM,5.63423490524292
2026-01-09,IWM,1.184249758720398
2026-01-12,IWM,-4.088573455810547
2026-01-13,IWM,-0.452138215303421
2026-01-14,IWM,1.0657312870025635
2026-01-15,IWM,2.292092800140381
2026-01-16,IWM,1.4456790685653687
2026-01-20,IWM,5.891717433929443
2026-01-21,IWM,6.686007499694824
2026-01-22,IWM,4.262360572814941
2026-01-23,IWM,-5.0241780281066895
2026-01-26,IWM,-3.273073434829712
2026-01-27,IWM,2.997514486312866
2026-01-28,IWM,-0.49892744421958923
2026-01-29,IWM,0.7004439234733582
2026-01-30,IWM,3.6894354820251465
2026-02-02,IWM,4.697272777557373
2026-02-03,IWM,3.3718080520629883
2026-02-04,IWM,1.7465461492538452
2026-02-05,IWM,5.317740440368652
2026-02-06,IWM,5.184765338897705
2026-02-09,IWM,0.24369139969348907
2026-02-10,IWM,-1.0476340055465698
2026-02-11,IWM,5.646925449371338
2026-02-12,IWM,5.585991859436035
2026-02-13,IWM,4.674810409545898
2026-02-17,IWM,2.8958888053894043
2026-02-18,IWM,3.907853841781616
2026-02-19,IWM,5.877583026885986
2026-02-20,IWM,5.945946216583252
2026-02-23,IWM,3.8506860733032227
2026-02-24,IWM,6.138121128082275
2026-02-25,IWM,6.410435199737549
2026-02-26,IWM,-5.1167707443237305
2026-02-27,IWM,3.5972893238067627
2026-03-02,IWM,5.357791423797607
2026-03-03,IWM,5.319818496704102
2026-03-04,IWM,5.937004089355469
2026-03-05,IWM,5.672507286071777
2026-03-06,IWM,5.90771484375
2026-03-09,IWM,5.716037750244141
2026-03-10,IWM,4.387997627258301
2026-03-11,IWM,4.174139499664307
2026-03-12,IWM,5.868740081787109
2026-03-13,IWM,5.645265102386475
2026-03-16,IWM,3.8346781730651855
2026-03-17,IWM,2.9010939598083496
2026-03-18,IWM,4.762131690979004
2026-03-19,IWM,3.6851112842559814
2026-03-20,IWM,5.143496990203857
2026-03-23,IWM,2.713115692138672
2026-03-24,IWM,4.648523807525635
2026-03-25,IWM,5.107847690582275
2026-03-26,IWM,2.509164571762085
2026-03-27,IWM,2.523922920227051
2026-03-30,IWM,3.8193418979644775
2026-03-31,IWM,4.990103721618652
2026-04-01,IWM,4.1605610847473145
2026-04-02,IWM,-2.795783042907715
2026-04-06,IWM,0.16751834750175476
2026-04-07,IWM,4.964951515197754
2026-04-08,IWM,4.571681499481201
2026-04-09,IWM,4.976582050323486
2026-04-10,IWM,5.189797401428223
2026-04-13,IWM,5.736979961395264
2026-04-14,IWM,-1.1527681350708008
2026-04-15,IWM,0.9923124313354492
2026-04-16,IWM,6.196285247802734
2026-04-17,IWM,6.314610004425049
2026-04-20,IWM,2.001957893371582
2026-04-21,IWM,-0.39234790205955505
2026-04-22,IWM,0.33928343653678894
2026-04-23,IWM,2.9738354682922363
2026-04-24,IWM,1.8646800518035889
2026-04-27,IWM,-1.8539029359817505
2026-04-28,IWM,2.2602500915527344
2026-04-29,IWM,4.401962757110596
2025-12-23,GLD,3.424140453338623
2025-12-24,GLD,4.252274990081787
2025-12-26,GLD,5.578893661499023
2025-12-29,GLD,5.611738204956055
2025-12-30,GLD,5.674765586853027
2025-12-31,GLD,5.122305870056152
2026-01-02,GLD,4.425964832305908
2026-01-05,GLD,4.790630340576172
2026-01-06,GLD,4.2501912117004395
2026-01-07,GLD,3.849451780319214
2026-01-08,GLD,5.65569543838501
2026-01-09,GLD,4.579750061035156
2026-01-12,GLD,0.4849659204483032
2026-01-13,GLD,2.4577646255493164
2026-01-14,GLD,2.716031551361084
2026-01-15,GLD,3.755415916442871
2026-01-16,GLD,5.736179828643799
2026-01-20,GLD,4.440175533294678
2026-01-21,GLD,5.039119720458984
2026-01-22,GLD,4.391851425170898
2026-01-23,GLD,-2.3243837356567383
2026-01-26,GLD,-2.7000210285186768
2026-01-27,GLD,0.08581985533237457
2026-01-28,GLD,0.8439615964889526
2026-01-29,GLD,0.5341383814811707
2026-01-30,GLD,2.050567865371704
2026-02-02,GLD,4.048572063446045
2026-02-03,GLD,2.6180334091186523
2026-02-04,GLD,1.9920845031738281
2026-02-05,GLD,3.0277204513549805
2026-02-06,GLD,3.65303897857666
2026-02-09,GLD,2.8095757961273193
2026-02-10,GLD,1.0717027187347412
2026-02-11,GLD,2.0713272094726562
2026-02-12,GLD,3.001835584640503
2026-02-13,GLD,3.0967447757720947
2026-02-17,GLD,1.7574445009231567
2026-02-18,GLD,1.8807398080825806
2026-02-19,GLD,3.6591944694519043
2026-02-20,GLD,3.816467523574829
2026-02-23,GLD,2.840658664703369
2026-02-24,GLD,3.766282796859741
2026-02-25,GLD,3.9089434146881104
2026-02-26,GLD,3.5530648231506348
2026-02-27,GLD,1.9313099384307861
2026-03-02,GLD,0.6988227367401123
2026-03-03,GLD,3.6774237155914307
2026-03-04,GLD,4.024641513824463
2026-03-05,GLD,3.67021107673645
2026-03-06,GLD,3.605879783630371
2026-03-09,GLD,3.557372808456421
2026-03-10,GLD,4.109395980834961
2026-03-11,GLD,2.6330981254577637
2026-03-12,GLD,2.3558943271636963
2026-03-13,GLD,3.6366989612579346
2026-03-16,GLD,3.559926748275757
2026-03-17,GLD,3.3095972537994385
2026-03-18,GLD,2.3329074382781982
2026-03-19,GLD,3.1319875717163086
2026-03-20,GLD,3.573723554611206
2026-03-23,GLD,3.3455517292022705
2026-03-24,GLD,3.5535948276519775
2026-03-25,GLD,3.3783254623413086
2026-03-26,GLD,3.3821640014648438
2026-03-27,GLD,2.5602052211761475
2026-03-30,GLD,2.4850893020629883
2026-03-31,GLD,2.741849422454834
2026-04-01,GLD,2.642807722091675
2026-04-02,GLD,1.984959363937378
2026-04-06,GLD,1.9782794713974
2026-04-07,GLD,2.828423500061035
2026-04-08,GLD,3.2803893089294434
2026-04-09,GLD,2.883399248123169
2026-04-10,GLD,2.5915486812591553
2026-04-13,GLD,2.7548129558563232
2026-04-14,GLD,2.709416151046753
2026-04-15,GLD,4.219479560852051
2026-04-16,GLD,3.991910934448242
2026-04-17,GLD,4.365875720977783
2026-04-20,GLD,4.331695556640625
2026-04-21,GLD,3.6929514408111572
2026-04-22,GLD,4.195026874542236
2026-04-23,GLD,4.160374164581299
2026-04-24,GLD,4.101699352264404
2026-04-27,GLD,4.185163497924805
2026-04-28,GLD,4.046655178070068
2026-04-29,GLD,3.9894280433654785
2025-12-23,USDINR=X,15.238751411437988
2025-12-24,USDINR=X,22.09552764892578
2025-12-26,USDINR=X,15.459071159362793
2025-12-29,USDINR=X,8.889520645141602
2025-12-30,USDINR=X,23.000181198120117
2025-12-31,USDINR=X,24.01045036315918
2026-01-02,USDINR=X,16.655330657958984
2026-01-05,USDINR=X,7.9133806228637695
2026-01-06,USDINR=X,3.4301366806030273
2026-01-07,USDINR=X,8.493959426879883
2026-01-08,USDINR=X,15.5397310256958
2026-01-09,USDINR=X,17.379697799682617
2026-01-12,USDINR=X,20.423587799072266
2026-01-13,USDINR=X,18.63331413269043
2026-01-14,USDINR=X,21.953630447387695
2026-01-15,USDINR=X,-1.2929705381393433
2026-01-16,USDINR=X,20.18544578552246
2026-01-19,USDINR=X,8.086884498596191
2026-01-20,USDINR=X,11.489442825317383
2026-01-21,USDINR=X,14.300956726074219
2026-01-22,USDINR=X,13.18130111694336
2026-01-23,USDINR=X,-19.058809280395508
2026-01-26,USDINR=X,-10.651926040649414
2026-01-27,USDINR=X,21.317546844482422
2026-01-28,USDINR=X,10.105424880981445
2026-01-29,USDINR=X,-8.796998023986816
2026-01-30,USDINR=X,2.871983051300049
2026-02-02,USDINR=X,11.31463623046875
2026-02-03,USDINR=X,23.322635650634766
2026-02-04,USDINR=X,20.693410873413086
2026-02-05,USDINR=X,7.66356086730957
2026-02-06,USDINR=X,2.6908206939697266
2026-02-09,USDINR=X,6.849127769470215
2026-02-10,USDINR=X,8.19330883026123
2026-02-11,USDINR=X,14.629438400268555
2026-02-12,USDINR=X,15.910689353942871
2026-02-13,USDINR=X,16.05496597290039
2026-02-16,USDINR=X,16.774080276489258
2026-02-17,USDINR=X,15.870282173156738
2026-02-18,USDINR=X,13.38990592956543
2026-02-19,USDINR=X,14.315555572509766
2026-02-20,USDINR=X,21.296802520751953
2026-02-23,USDINR=X,18.528913497924805
2026-02-24,USDINR=X,21.056583404541016
2026-02-25,USDINR=X,20.84611701965332
2026-02-26,USDINR=X,16.39548110961914
2026-02-27,USDINR=X,16.50516700744629
2026-03-02,USDINR=X,19.926149368286133
2026-03-03,USDINR=X,14.192753791809082
2026-03-04,USDINR=X,20.843477249145508
2026-03-05,USDINR=X,16.069334030151367
2026-03-06,USDINR=X,17.316669464111328
2026-03-09,USDINR=X,22.6309814453125
2026-03-10,USDINR=X,4.529607772827148
2026-03-11,USDINR=X,-0.727239727973938
2026-03-12,USDINR=X,4.154199123382568
2026-03-13,USDINR=X,-3.1440346240997314
2026-03-16,USDINR=X,21.181560516357422
2026-03-17,USDINR=X,19.914268493652344
2026-03-18,USDINR=X,14.492974281311035
2026-03-19,USDINR=X,2.889901638031006
2026-03-20,USDINR=X,-13.307594299316406
2026-03-23,USDINR=X,-15.553162574768066
2026-03-24,USDINR=X,-0.4800584316253662
2026-03-25,USDINR=X,-0.5923916697502136
2026-03-26,USDINR=X,2.842963218688965
2026-03-27,USDINR=X,14.030805587768555
2026-03-30,USDINR=X,1.7826331853866577
2026-03-31,USDINR=X,7.63135290145874
2026-04-01,USDINR=X,0.9143819808959961
2026-04-02,USDINR=X,12.92931079864502
2026-04-03,USDINR=X,17.367706298828125
2026-04-06,USDINR=X,10.64937686920166
2026-04-07,USDINR=X,7.4195475578308105
2026-04-08,USDINR=X,12.038630485534668
2026-04-09,USDINR=X,12.617873191833496
2026-04-10,USDINR=X,15.37505054473877
2026-04-13,USDINR=X,-0.43958374857902527
2026-04-14,USDINR=X,-5.950778961181641
2026-04-15,USDINR=X,6.96738862991333
2026-04-16,USDINR=X,12.044614791870117
2026-04-17,USDINR=X,10.767297744750977
2026-04-20,USDINR=X,8.87804126739502
2026-04-21,USDINR=X,13.054056167602539
2026-04-22,USDINR=X,11.887898445129395
2026-04-23,USDINR=X,8.226325988769531
2026-04-24,USDINR=X,10.185321807861328
2026-04-27,USDINR=X,8.431047439575195
2026-04-28,USDINR=X,14.63755989074707
2026-04-29,USDINR=X,14.779328346252441
2025-12-23,AMZN,3.5126564502716064
2025-12-24,AMZN,3.2267348766326904
2025-12-26,AMZN,3.567267417907715
2025-12-29,AMZN,3.7304527759552
2025-12-30,AMZN,3.234020471572876
2025-12-31,AMZN,3.225548505783081
2026-01-02,AMZN,3.86047625541687
2026-01-05,AMZN,4.03763484954834
2026-01-06,AMZN,4.0809645652771
2026-01-07,AMZN,3.806412696838379
2026-01-08,AMZN,3.788365364074707
2026-01-09,AMZN,4.292125225067139
2026-01-12,AMZN,2.4995572566986084
2026-01-13,AMZN,0.08917144685983658
2026-01-14,AMZN,3.074404716491699
2026-01-15,AMZN,3.6787314414978027
2026-01-16,AMZN,3.696444511413574
2026-01-20,AMZN,2.930485486984253
2026-01-21,AMZN,4.141932487487793
2026-01-22,AMZN,4.192780017852783
2026-01-23,AMZN,1.853417992591858
2026-01-26,AMZN,-0.4482018053531647
2026-01-27,AMZN,2.5423061847686768
2026-01-28,AMZN,1.9345868825912476
2026-01-29,AMZN,2.4041635990142822
2026-01-30,AMZN,2.80545973777771
2026-02-02,AMZN,3.3330793380737305
2026-02-03,AMZN,3.72298264503479
2026-02-04,AMZN,3.6644976139068604
2026-02-05,AMZN,3.501126527786255
2026-02-06,AMZN,3.6518261432647705
2026-02-09,AMZN,3.713679790496826
2026-02-10,AMZN,3.7262439727783203
2026-02-11,AMZN,3.6586546897888184
2026-02-12,AMZN,3.8126275539398193
2026-02-13,AMZN,3.3764493465423584
2026-02-17,AMZN,3.113940954208374
2026-02-18,AMZN,3.120300054550171
2026-02-19,AMZN,3.2107229232788086
2026-02-20,AMZN,2.2803239822387695
2026-02-23,AMZN,2.565173625946045
2026-02-24,AMZN,2.86495304107666
2026-02-25,AMZN,3.179250955581665
2026-02-26,AMZN,3.167612314224243
2026-02-27,AMZN,2.2557008266448975
2026-03-02,AMZN,1.3548322916030884
2026-03-03,AMZN,1.6797974109649658
2026-03-04,AMZN,2.681431531906128
2026-03-05,AMZN,2.985384464263916
2026-03-06,AMZN,-0.9115664958953857
2026-03-09,AMZN,0.40989819169044495
2026-03-10,AMZN,2.9100661277770996
2026-03-11,AMZN,0.4846360981464386
2026-03-12,AMZN,3.2341578006744385
2026-03-13,AMZN,3.6885321140289307
2026-03-16,AMZN,4.000076770782471
2026-03-17,AMZN,3.60764479637146
2026-03-18,AMZN,3.418808698654175
2026-03-19,AMZN,4.095932483673096
2026-03-20,AMZN,4.125527858734131
2026-03-23,AMZN,2.7876436710357666
2026-03-24,AMZN,1.5405755043029785
2026-03-25,AMZN,3.490525960922241
2026-03-26,AMZN,3.565380096435547
2026-03-27,AMZN,3.2934393882751465
2026-03-30,AMZN,3.4253950119018555
2026-03-31,AMZN,3.3390820026397705
2026-04-01,AMZN,3.4133083820343018
2026-04-02,AMZN,2.503513813018799
2026-04-06,AMZN,2.4850456714630127
2026-04-07,AMZN,3.38116717338562
2026-04-08,AMZN,3.3281800746917725
2026-04-09,AMZN,3.2712392807006836
2026-04-10,AMZN,3.1756272315979004
2026-04-13,AMZN,3.9529945850372314
2026-04-14,AMZN,1.8419294357299805
2026-04-15,AMZN,3.2947611808776855
2026-04-16,AMZN,3.9265642166137695
2026-04-17,AMZN,4.253180027008057
2026-04-20,AMZN,3.696751832962036
2026-04-21,AMZN,2.826632022857666
2026-04-22,AMZN,2.580404281616211
2026-04-23,AMZN,1.9816925525665283
2026-04-24,AMZN,2.491208076477051
2026-04-27,AMZN,-0.4433903992176056
2026-04-28,AMZN,-1.4101253747940063
2026-04-29,AMZN,1.5917407274246216
