time,symbol,weight
2025-02-24,HDFCBANK.NS,7.565342426300049
2025-02-25,HDFCBANK.NS,7.611181735992432
2025-02-27,HDFCBANK.NS,7.624946117401123
2025-02-28,HDFCBANK.NS,7.570103168487549
2025-03-03,HDFCBANK.NS,7.520029067993164
2025-03-04,HDFCBANK.NS,7.558864593505859
2025-03-05,HDFCBANK.NS,7.563385009765625
2025-03-06,HDFCBANK.NS,7.609630107879639
2025-03-07,HDFCBANK.NS,7.656559944152832
2025-03-10,HDFCBANK.NS,7.702939033508301
2025-03-11,HDFCBANK.NS,7.749128341674805
2025-03-12,HDFCBANK.NS,7.7235894203186035
2025-03-13,HDFCBANK.NS,7.767139434814453
2025-03-17,HDFCBANK.NS,7.8124003410339355
2025-03-18,HDFCBANK.NS,7.854983329772949
2025-03-19,HDFCBANK.NS,7.7739105224609375
2025-03-20,HDFCBANK.NS,7.750469207763672
2025-03-21,HDFCBANK.NS,7.786983489990234
2025-03-24,HDFCBANK.NS,7.744841575622559
2025-03-25,HDFCBANK.NS,7.74921989440918
2025-03-26,HDFCBANK.NS,7.7642974853515625
2025-03-27,HDFCBANK.NS,7.777856826782227
2025-03-28,HDFCBANK.NS,7.817032814025879
2025-04-01,HDFCBANK.NS,7.50316047668457
2025-04-02,HDFCBANK.NS,7.469363212585449
2025-04-03,HDFCBANK.NS,7.5066680908203125
2025-04-04,HDFCBANK.NS,7.503515720367432
2025-04-07,HDFCBANK.NS,7.235004425048828
2025-04-08,HDFCBANK.NS,7.2668280601501465
2025-04-09,HDFCBANK.NS,7.307491779327393
2025-04-11,HDFCBANK.NS,7.207797050476074
2025-04-15,HDFCBANK.NS,7.006486415863037
2025-04-16,HDFCBANK.NS,7.0397162437438965
2025-04-17,HDFCBANK.NS,7.033145904541016
2025-04-21,HDFCBANK.NS,7.0531487464904785
2025-04-22,HDFCBANK.NS,7.028708457946777
2025-04-23,HDFCBANK.NS,6.965890407562256
2025-04-24,HDFCBANK.NS,7.000647068023682
2025-04-25,HDFCBANK.NS,7.037471294403076
2025-04-28,HDFCBANK.NS,7.0747528076171875
2025-04-29,HDFCBANK.NS,7.102705478668213
2025-04-30,HDFCBANK.NS,7.130638599395752
2025-05-02,HDFCBANK.NS,7.170197010040283
2025-05-05,HDFCBANK.NS,7.19964599609375
2025-05-06,HDFCBANK.NS,7.235954761505127
2025-05-07,HDFCBANK.NS,7.265467166900635
2025-05-08,HDFCBANK.NS,7.280290126800537
2025-05-09,HDFCBANK.NS,7.206960678100586
2025-05-12,HDFCBANK.NS,6.956780433654785
2025-05-13,HDFCBANK.NS,6.915989875793457
2025-05-14,HDFCBANK.NS,6.946835041046143
2025-05-15,HDFCBANK.NS,6.962015628814697
2025-05-16,HDFCBANK.NS,7.003807067871094
2025-05-19,HDFCBANK.NS,7.045047283172607
2025-05-20,HDFCBANK.NS,7.043542385101318
2025-05-21,HDFCBANK.NS,7.079033374786377
2025-05-22,HDFCBANK.NS,7.1153669357299805
2025-05-23,HDFCBANK.NS,7.148359298706055
2025-05-26,HDFCBANK.NS,7.188755035400391
2025-05-27,HDFCBANK.NS,7.213334083557129
2025-05-28,HDFCBANK.NS,7.254215717315674
2025-05-29,HDFCBANK.NS,7.297358512878418
2025-05-30,HDFCBANK.NS,7.321849346160889
2025-06-02,HDFCBANK.NS,7.34434175491333
2025-06-03,HDFCBANK.NS,7.3823161125183105
2025-06-04,HDFCBANK.NS,7.408299446105957
2025-06-05,HDFCBANK.NS,7.4457221031188965
2025-06-06,HDFCBANK.NS,7.433328628540039
2025-06-09,HDFCBANK.NS,7.473687171936035
2025-06-10,HDFCBANK.NS,7.496246337890625
2025-06-11,HDFCBANK.NS,7.51466178894043
2025-06-12,HDFCBANK.NS,7.552308082580566
2025-06-13,HDFCBANK.NS,7.538481712341309
2025-06-16,HDFCBANK.NS,7.563964366912842
2025-06-17,HDFCBANK.NS,7.606537342071533
2025-06-18,HDFCBANK.NS,7.652024745941162
2025-06-19,HDFCBANK.NS,7.6977858543396
2025-06-20,HDFCBANK.NS,7.6781511306762695
2025-06-23,HDFCBANK.NS,7.696813583374023
2025-06-24,HDFCBANK.NS,7.731967926025391
2025-06-25,HDFCBANK.NS,7.7497758865356445
2025-06-26,HDFCBANK.NS,7.669422626495361
2025-06-27,HDFCBANK.NS,7.700888156890869
2025-02-24,RELIANCE.NS,7.114442348480225
2025-02-25,RELIANCE.NS,7.143548488616943
2025-02-27,RELIANCE.NS,7.188702583312988
2025-02-28,RELIANCE.NS,7.230404853820801
2025-03-03,RELIANCE.NS,7.147821426391602
2025-03-04,RELIANCE.NS,7.185952663421631
2025-03-05,RELIANCE.NS,7.190578460693359
2025-03-06,RELIANCE.NS,7.013855934143066
2025-03-07,RELIANCE.NS,6.79400634765625
2025-03-10,RELIANCE.NS,6.8112616539001465
2025-03-11,RELIANCE.NS,6.831517219543457
2025-03-12,RELIANCE.NS,6.85134220123291
2025-03-13,RELIANCE.NS,6.875647068023682
2025-03-17,RELIANCE.NS,6.90108585357666
2025-03-18,RELIANCE.NS,6.938308238983154
2025-03-19,RELIANCE.NS,6.963460922241211
2025-03-20,RELIANCE.NS,6.9229536056518555
2025-03-21,RELIANCE.NS,6.946840763092041
2025-03-24,RELIANCE.NS,6.886752128601074
2025-03-25,RELIANCE.NS,6.880880832672119
2025-03-26,RELIANCE.NS,6.888879776000977
2025-03-27,RELIANCE.NS,6.9129462242126465
2025-03-28,RELIANCE.NS,6.942729473114014
2025-04-01,RELIANCE.NS,6.9142069816589355
2025-04-02,RELIANCE.NS,6.957662582397461
2025-04-03,RELIANCE.NS,7.000064373016357
2025-04-04,RELIANCE.NS,6.776074409484863
2025-04-07,RELIANCE.NS,6.620490550994873
2025-04-08,RELIANCE.NS,6.6209001541137695
2025-04-09,RELIANCE.NS,6.664510250091553
2025-04-11,RELIANCE.NS,6.540653228759766
2025-04-15,RELIANCE.NS,6.519926071166992
2025-04-16,RELIANCE.NS,6.559597492218018
2025-04-17,RELIANCE.NS,6.444548606872559
2025-04-21,RELIANCE.NS,6.433735370635986
2025-04-22,RELIANCE.NS,6.468989372253418
2025-04-23,RELIANCE.NS,6.497713565826416
2025-04-24,RELIANCE.NS,6.534894943237305
2025-04-25,RELIANCE.NS,6.572207927703857
2025-04-28,RELIANCE.NS,6.13134765625
2025-04-29,RELIANCE.NS,6.089894771575928
2025-04-30,RELIANCE.NS,6.120706081390381
2025-05-02,RELIANCE.NS,6.1334052085876465
2025-05-05,RELIANCE.NS,6.150449752807617
2025-05-06,RELIANCE.NS,6.165548801422119
2025-05-07,RELIANCE.NS,6.169571399688721
2025-05-08,RELIANCE.NS,6.20102071762085
2025-05-09,RELIANCE.NS,6.155991077423096
2025-05-12,RELIANCE.NS,5.919598579406738
2025-05-13,RELIANCE.NS,5.918607711791992
2025-05-14,RELIANCE.NS,5.949614524841309
2025-05-15,RELIANCE.NS,5.927263259887695
2025-05-16,RELIANCE.NS,5.961491584777832
2025-05-19,RELIANCE.NS,5.9746551513671875
2025-05-20,RELIANCE.NS,5.986435890197754
2025-05-21,RELIANCE.NS,6.022395133972168
2025-05-22,RELIANCE.NS,6.026350975036621
2025-05-23,RELIANCE.NS,6.043552398681641
2025-05-26,RELIANCE.NS,6.076972484588623
2025-05-27,RELIANCE.NS,6.098465442657471
2025-05-28,RELIANCE.NS,6.126841068267822
2025-05-29,RELIANCE.NS,6.1628217697143555
2025-05-30,RELIANCE.NS,6.200034141540527
2025-06-02,RELIANCE.NS,6.231856346130371
2025-06-03,RELIANCE.NS,6.2645463943481445
2025-06-04,RELIANCE.NS,6.2784857749938965
2025-06-05,RELIANCE.NS,6.289538860321045
2025-06-06,RELIANCE.NS,6.326470851898193
2025-06-09,RELIANCE.NS,6.362070083618164
2025-06-10,RELIANCE.NS,6.386965751647949
2025-06-11,RELIANCE.NS,6.416529178619385
2025-06-12,RELIANCE.NS,6.446833610534668
2025-06-13,RELIANCE.NS,6.463075160980225
2025-06-16,RELIANCE.NS,6.493863105773926
2025-06-17,RELIANCE.NS,6.526287078857422
2025-06-18,RELIANCE.NS,6.563767910003662
2025-06-19,RELIANCE.NS,6.600472927093506
2025-06-20,RELIANCE.NS,6.541741371154785
2025-06-23,RELIANCE.NS,6.566044807434082
2025-06-24,RELIANCE.NS,6.595458030700684
2025-06-25,RELIANCE.NS,6.606295585632324
2025-06-26,RELIANCE.NS,6.577638149261475
2025-06-27,RELIANCE.NS,6.585691928863525
2025-02-24,INFY.NS,6.085139751434326
2025-02-25,INFY.NS,6.125136852264404
2025-02-27,INFY.NS,6.166952610015869
2025-02-28,INFY.NS,5.931016445159912
2025-03-03,INFY.NS,5.948135852813721
2025-03-04,INFY.NS,5.970312118530273
2025-03-05,INFY.NS,5.980360984802246
2025-03-06,INFY.NS,6.017764568328857
2025-03-07,INFY.NS,6.014678955078125
2025-03-10,INFY.NS,6.037141799926758
2025-03-11,INFY.NS,5.999175548553467
2025-03-12,INFY.NS,5.797738552093506
2025-03-13,INFY.NS,5.831022262573242
2025-03-17,INFY.NS,5.8569159507751465
2025-03-18,INFY.NS,5.8927226066589355
2025-03-19,INFY.NS,5.928090572357178
2025-03-20,INFY.NS,5.908368110656738
2025-03-21,INFY.NS,5.918054580688477
2025-03-24,INFY.NS,5.9517502784729
2025-03-25,INFY.NS,5.906108856201172
2025-03-26,INFY.NS,5.899731159210205
2025-03-27,INFY.NS,5.93019962310791
2025-03-28,INFY.NS,5.911989688873291
2025-04-01,INFY.NS,5.849755764007568
2025-04-02,INFY.NS,5.844616889953613
2025-04-03,INFY.NS,5.737188339233398
2025-04-04,INFY.NS,5.672693729400635
2025-04-07,INFY.NS,5.555233478546143
2025-04-08,INFY.NS,5.514268398284912
2025-04-09,INFY.NS,5.520361423492432
2025-04-11,INFY.NS,5.548124313354492
2025-04-15,INFY.NS,5.557575702667236
2025-04-16,INFY.NS,5.585572242736816
2025-04-17,INFY.NS,5.612727165222168
2025-04-21,INFY.NS,5.5760087966918945
2025-04-22,INFY.NS,5.574062824249268
2025-04-23,INFY.NS,5.439911842346191
2025-04-24,INFY.NS,5.47097635269165
2025-04-25,INFY.NS,5.494080066680908
2025-04-28,INFY.NS,5.5210137367248535
2025-04-29,INFY.NS,5.534421443939209
2025-04-30,INFY.NS,5.560704231262207
2025-05-02,INFY.NS,5.58334493637085
2025-05-05,INFY.NS,5.608147144317627
2025-05-06,INFY.NS,5.63433313369751
2025-05-07,INFY.NS,5.6602888107299805
2025-05-08,INFY.NS,5.6856207847595215
2025-05-09,INFY.NS,5.712958335876465
2025-05-12,INFY.NS,5.0617241859436035
2025-05-13,INFY.NS,4.9763641357421875
2025-05-14,INFY.NS,4.9790825843811035
2025-05-15,INFY.NS,4.986043930053711
2025-05-16,INFY.NS,4.994386196136475
2025-05-19,INFY.NS,4.99107027053833
2025-05-20,INFY.NS,5.018535137176514
2025-05-21,INFY.NS,5.044177532196045
2025-05-22,INFY.NS,5.059312343597412
2025-05-23,INFY.NS,5.076001167297363
2025-05-26,INFY.NS,5.094939708709717
2025-05-27,INFY.NS,5.121162414550781
2025-05-28,INFY.NS,5.15092134475708
2025-05-29,INFY.NS,5.1726202964782715
2025-05-30,INFY.NS,5.20272970199585
2025-06-02,INFY.NS,5.230536460876465
2025-06-03,INFY.NS,5.260461330413818
2025-06-04,INFY.NS,5.289120674133301
2025-06-05,INFY.NS,5.320886135101318
2025-06-06,INFY.NS,5.348876476287842
2025-06-09,INFY.NS,5.376312732696533
2025-06-10,INFY.NS,5.381386756896973
2025-06-11,INFY.NS,5.358134746551514
2025-06-12,INFY.NS,5.3666558265686035
2025-06-13,INFY.NS,5.392996788024902
2025-06-16,INFY.NS,5.4016008377075195
2025-06-17,INFY.NS,5.420548439025879
2025-06-18,INFY.NS,5.447806358337402
2025-06-19,INFY.NS,5.469141960144043
2025-06-20,INFY.NS,5.498990535736084
2025-06-23,INFY.NS,5.465661525726318
2025-06-24,INFY.NS,5.497044086456299
2025-06-25,INFY.NS,5.475374698638916
2025-06-26,INFY.NS,5.5070085525512695
2025-06-27,INFY.NS,5.536854267120361
2025-02-26,QQQ,7.987293720245361
2025-02-27,QQQ,7.77510929107666
2025-02-28,QQQ,7.751347064971924
2025-03-03,QQQ,7.651980876922607
2025-03-04,QQQ,7.701221466064453
2025-03-05,QQQ,7.701857089996338
2025-03-06,QQQ,7.524662494659424
2025-03-07,QQQ,7.5595526695251465
2025-03-10,QQQ,7.206207275390625
2025-03-11,QQQ,7.2559051513671875
2025-03-12,QQQ,7.270418167114258
2025-03-13,QQQ,7.240364074707031
2025-03-14,QQQ,7.13702917098999
2025-03-17,QQQ,7.170656204223633
2025-03-18,QQQ,7.143144607543945
2025-03-19,QQQ,7.13630485534668
2025-03-20,QQQ,7.173210620880127
2025-03-21,QQQ,7.206353664398193
2025-03-24,QQQ,7.124366283416748
2025-03-25,QQQ,7.150810241699219
2025-03-26,QQQ,7.102472305297852
2025-03-27,QQQ,7.131947994232178
2025-03-28,QQQ,7.006598472595215
2025-03-31,QQQ,7.046139240264893
2025-04-01,QQQ,7.065343856811523
2025-04-02,QQQ,7.087261199951172
2025-04-03,QQQ,6.527375221252441
2025-04-04,QQQ,5.954461097717285
2025-04-07,QQQ,5.990634441375732
2025-04-08,QQQ,5.991239070892334
2025-04-09,QQQ,4.598162651062012
2025-04-10,QQQ,4.511899948120117
2025-04-11,QQQ,4.5144829750061035
2025-04-14,QQQ,4.536281108856201
2025-04-15,QQQ,4.562635898590088
2025-04-16,QQQ,4.534806251525879
2025-04-17,QQQ,4.561975955963135
2025-04-21,QQQ,4.553683280944824
2025-04-22,QQQ,4.5307183265686035
2025-04-23,QQQ,4.519604206085205
2025-04-24,QQQ,4.4930806159973145
2025-04-25,QQQ,4.510379314422607
2025-04-28,QQQ,4.530226707458496
2025-04-29,QQQ,4.546039581298828
2025-04-30,QQQ,4.565285682678223
2025-05-01,QQQ,4.572470664978027
2025-05-02,QQQ,4.58447790145874
2025-05-05,QQQ,4.605103492736816
2025-05-06,QQQ,4.62418270111084
2025-05-07,QQQ,4.649262428283691
2025-05-08,QQQ,4.668601989746094
2025-05-09,QQQ,4.693398952484131
2025-05-12,QQQ,4.605789661407471
2025-05-13,QQQ,4.613813400268555
2025-05-14,QQQ,4.636191368103027
2025-05-15,QQQ,4.662011623382568
2025-05-16,QQQ,4.687463283538818
2025-05-19,QQQ,4.714056968688965
2025-05-20,QQQ,4.739597797393799
2025-05-21,QQQ,4.750692844390869
2025-05-22,QQQ,4.778233051300049
2025-05-23,QQQ,4.798794269561768
2025-05-27,QQQ,4.787842273712158
2025-05-28,QQQ,4.81366491317749
2025-05-29,QQQ,4.841373443603516
2025-05-30,QQQ,4.868977069854736
2025-06-02,QQQ,4.893299579620361
2025-06-03,QQQ,4.917333602905273
2025-06-04,QQQ,4.946122646331787
2025-06-05,QQQ,4.969504356384277
2025-06-06,QQQ,4.9921770095825195
2025-06-09,QQQ,5.02105712890625
2025-06-10,QQQ,5.047123432159424
2025-06-11,QQQ,5.074359893798828
2025-06-12,QQQ,5.10321044921875
2025-06-13,QQQ,5.115637302398682
2025-06-16,QQQ,5.129521369934082
2025-06-17,QQQ,5.148269176483154
2025-06-18,QQQ,5.178476810455322
2025-06-20,QQQ,5.2069993019104
2025-06-23,QQQ,5.22915506362915
2025-06-24,QQQ,5.238409996032715
2025-06-25,QQQ,5.267580509185791
2025-06-26,QQQ,5.290262222290039
2025-06-27,QQQ,5.319369316101074
2025-02-26,EEM,9.394566535949707
2025-02-27,EEM,9.227516174316406
2025-02-28,EEM,9.179793357849121
2025-03-03,EEM,9.197283744812012
2025-03-04,EEM,9.219680786132812
2025-03-05,EEM,8.833341598510742
2025-03-06,EEM,8.864035606384277
2025-03-07,EEM,8.90732479095459
2025-03-10,EEM,8.686873435974121
2025-03-11,EEM,8.712349891662598
2025-03-12,EEM,8.754457473754883
2025-03-13,EEM,8.799042701721191
2025-03-14,EEM,8.705314636230469
2025-03-17,EEM,8.634981155395508
2025-03-18,EEM,8.668832778930664
2025-03-19,EEM,8.716527938842773
2025-03-20,EEM,8.722638130187988
2025-03-21,EEM,8.757824897766113
2025-03-24,EEM,8.79542064666748
2025-03-25,EEM,8.832660675048828
2025-03-26,EEM,8.85835075378418
2025-03-27,EEM,8.901084899902344
2025-03-28,EEM,8.78310775756836
2025-03-31,EEM,8.838091850280762
2025-04-01,EEM,8.885258674621582
2025-04-02,EEM,8.938700675964355
2025-04-03,EEM,8.778585433959961
2025-04-04,EEM,7.673266887664795
2025-04-07,EEM,7.343657970428467
2025-04-08,EEM,7.352818965911865
2025-04-09,EEM,6.33772611618042
2025-04-10,EEM,6.33137321472168
2025-04-11,EEM,6.2018938064575195
2025-04-14,EEM,6.225083827972412
2025-04-15,EEM,6.2617597579956055
2025-04-16,EEM,6.27656888961792
2025-04-17,EEM,6.302588939666748
2025-04-21,EEM,6.339576244354248
2025-04-22,EEM,6.334213733673096
2025-04-23,EEM,6.3444132804870605
2025-04-24,EEM,6.355337619781494
2025-04-25,EEM,6.389004230499268
2025-04-28,EEM,6.418990135192871
2025-04-29,EEM,6.445312976837158
2025-04-30,EEM,6.4703497886657715
2025-05-01,EEM,6.496281147003174
2025-05-02,EEM,6.382993221282959
2025-05-05,EEM,6.404094696044922
2025-05-06,EEM,6.434448719024658
2025-05-07,EEM,6.4430413246154785
2025-05-08,EEM,6.478874206542969
2025-05-09,EEM,6.507350444793701
2025-05-12,EEM,6.461050510406494
2025-05-13,EEM,6.4968791007995605
2025-05-14,EEM,6.524992942810059
2025-05-15,EEM,6.562173366546631
2025-05-16,EEM,6.599456310272217
2025-05-19,EEM,6.636943340301514
2025-05-20,EEM,6.674318313598633
2025-05-21,EEM,6.710288047790527
2025-05-22,EEM,6.745724201202393
2025-05-23,EEM,6.782216548919678
2025-05-27,EEM,6.820372104644775
2025-05-28,EEM,6.85466194152832
2025-05-29,EEM,6.8931684494018555
2025-05-30,EEM,6.8976216316223145
2025-06-02,EEM,6.929373741149902
2025-06-03,EEM,6.970194339752197
2025-06-04,EEM,6.979955673217773
2025-06-05,EEM,7.015987396240234
2025-06-06,EEM,7.054912567138672
2025-06-09,EEM,7.080482006072998
2025-06-10,EEM,7.114370346069336
2025-06-11,EEM,7.151562213897705
2025-06-12,EEM,7.191372394561768
2025-06-13,EEM,7.159135341644287
2025-06-16,EEM,7.1674933433532715
2025-06-17,EEM,7.158583164215088
2025-06-18,EEM,7.200258255004883
2025-06-20,EEM,7.2315497398376465
2025-06-23,EEM,7.260240077972412
2025-06-24,EEM,7.1370086669921875
2025-06-25,EEM,7.175552845001221
2025-06-26,EEM,7.20678186416626
2025-06-27,EEM,7.241279602050781
2025-02-26,TSLA,2.243053674697876
2025-02-27,TSLA,2.250385046005249
2025-02-28,TSLA,2.2521753311157227
2025-03-03,TSLA,2.2590219974517822
2025-03-04,TSLA,2.2568304538726807
2025-03-05,TSLA,2.264127731323242
2025-03-06,TSLA,2.2523252964019775
2025-03-07,TSLA,2.2653157711029053
2025-03-10,TSLA,2.114128828048706
2025-03-11,TSLA,2.1170237064361572
2025-03-12,TSLA,2.0920984745025635
2025-03-13,TSLA,2.100031614303589
2025-03-14,TSLA,2.1027586460113525
2025-03-17,TSLA,2.1012399196624756
2025-03-18,TSLA,2.096829414367676
2025-03-19,TSLA,2.0935239791870117
2025-03-20,TSLA,2.10455060005188
2025-03-21,TSLA,2.0972578525543213
2025-03-24,TSLA,2.0237247943878174
2025-03-25,TSLA,2.027306318283081
2025-03-26,TSLA,2.01934814453125
2025-03-27,TSLA,2.0296361446380615
2025-03-28,TSLA,2.032541513442993
2025-03-31,TSLA,2.0411765575408936
2025-04-01,TSLA,2.0430753231048584
2025-04-02,TSLA,2.0366382598876953
2025-04-03,TSLA,2.0295443534851074
2025-04-04,TSLA,1.9805902242660522
2025-04-07,TSLA,1.9887440204620361
2025-04-08,TSLA,1.9881328344345093
2025-04-09,TSLA,1.764773964881897
2025-04-10,TSLA,1.7541385889053345
2025-04-11,TSLA,1.7633917331695557
2025-04-14,TSLA,1.7732696533203125
2025-04-15,TSLA,1.7836201190948486
2025-04-16,TSLA,1.785187840461731
2025-04-17,TSLA,1.7961513996124268
2025-04-21,TSLA,1.7948801517486572
2025-04-22,TSLA,1.7972006797790527
2025-04-23,TSLA,1.7960615158081055
2025-04-24,TSLA,1.8016128540039062
2025-04-25,TSLA,1.775009036064148
2025-04-28,TSLA,1.7849656343460083
2025-04-29,TSLA,1.7928000688552856
2025-04-30,TSLA,1.796860933303833
2025-05-01,TSLA,1.8051223754882812
2025-05-02,TSLA,1.8134406805038452
2025-05-05,TSLA,1.8208264112472534
2025-05-06,TSLA,1.829571008682251
2025-05-07,TSLA,1.8398467302322388
2025-05-08,TSLA,1.8464094400405884
2025-05-09,TSLA,1.8470295667648315
2025-05-12,TSLA,1.8381377458572388
2025-05-13,TSLA,1.8373750448226929
2025-05-14,TSLA,1.8403804302215576
2025-05-15,TSLA,1.8489880561828613
2025-05-16,TSLA,1.8577427864074707
2025-05-19,TSLA,1.865664005279541
2025-05-20,TSLA,1.8766111135482788
2025-05-21,TSLA,1.883615255355835
2025-05-22,TSLA,1.8933032751083374
2025-05-23,TSLA,1.903957724571228
2025-05-27,TSLA,1.894210934638977
2025-05-28,TSLA,1.9030823707580566
2025-05-29,TSLA,1.9139316082000732
2025-05-30,TSLA,1.9183382987976074
2025-06-02,TSLA,1.9287168979644775
2025-06-03,TSLA,1.9403077363967896
2025-06-04,TSLA,1.9452883005142212
2025-06-05,TSLA,1.8593642711639404
2025-06-06,TSLA,1.8668607473373413
2025-06-09,TSLA,1.8708873987197876
2025-06-10,TSLA,1.8694547414779663
2025-06-11,TSLA,1.8810172080993652
2025-06-12,TSLA,1.8898699283599854
2025-06-13,TSLA,1.899856448173523
2025-06-16,TSLA,1.9107632637023926
2025-06-17,TSLA,1.9143377542495728
2025-06-18,TSLA,1.9247418642044067
2025-06-20,TSLA,1.9362280368804932
2025-06-23,TSLA,1.9163811206817627
2025-06-24,TSLA,1.9240660667419434
2025-06-25,TSLA,1.9269468784332275
2025-06-26,TSLA,1.9377098083496094
2025-06-27,TSLA,1.9479426145553589
2025-02-26,DX-Y.NYB,22.216575622558594
2025-02-27,DX-Y.NYB,21.924081802368164
2025-02-28,DX-Y.NYB,21.964710235595703
2025-03-03,DX-Y.NYB,21.61954689025879
2025-03-04,DX-Y.NYB,21.151702880859375
2025-03-05,DX-Y.NYB,21.28920555114746
2025-03-06,DX-Y.NYB,19.946786880493164
2025-03-07,DX-Y.NYB,20.06093406677246
2025-03-10,DX-Y.NYB,20.177978515625
2025-03-11,DX-Y.NYB,20.190204620361328
2025-03-12,DX-Y.NYB,20.29180145263672
2025-03-13,DX-Y.NYB,20.38310432434082
2025-03-14,DX-Y.NYB,20.491329193115234
2025-03-17,DX-Y.NYB,20.554685592651367
2025-03-18,DX-Y.NYB,20.671226501464844
2025-03-19,DX-Y.NYB,20.763723373413086
2025-03-20,DX-Y.NYB,20.771181106567383
2025-03-21,DX-Y.NYB,20.860586166381836
2025-03-24,DX-Y.NYB,20.969350814819336
2025-03-25,DX-Y.NYB,21.08513832092285
2025-03-26,DX-Y.NYB,21.105512619018555
2025-03-27,DX-Y.NYB,21.08640480041504
2025-03-28,DX-Y.NYB,21.184661865234375
2025-03-31,DX-Y.NYB,21.26313018798828
2025-04-01,DX-Y.NYB,21.363677978515625
2025-04-02,DX-Y.NYB,21.349611282348633
2025-04-03,DX-Y.NYB,19.849197387695312
2025-04-04,DX-Y.NYB,19.482364654541016
2025-04-07,DX-Y.NYB,19.554746627807617
2025-04-08,DX-Y.NYB,19.62271499633789
2025-04-09,DX-Y.NYB,19.73025894165039
2025-04-10,DX-Y.NYB,18.11614418029785
2025-04-11,DX-Y.NYB,17.817302703857422
2025-04-14,DX-Y.NYB,17.936786651611328
2025-04-15,DX-Y.NYB,17.896562576293945
2025-04-16,DX-Y.NYB,17.78692054748535
2025-04-17,DX-Y.NYB,17.90923500061035
2025-04-21,DX-Y.NYB,17.621240615844727
2025-04-22,DX-Y.NYB,17.546829223632812
2025-04-23,DX-Y.NYB,17.309160232543945
2025-04-24,DX-Y.NYB,17.334741592407227
2025-04-25,DX-Y.NYB,17.422595977783203
2025-04-28,DX-Y.NYB,17.456533432006836
2025-04-29,DX-Y.NYB,17.52811622619629
2025-04-30,DX-Y.NYB,17.602542877197266
2025-05-01,DX-Y.NYB,17.447021484375
2025-05-02,DX-Y.NYB,17.526906967163086
2025-05-05,DX-Y.NYB,17.603979110717773
2025-05-06,DX-Y.NYB,17.57935333251953
2025-05-07,DX-Y.NYB,17.59434700012207
2025-05-08,DX-Y.NYB,17.260074615478516
2025-05-09,DX-Y.NYB,17.31402587890625
2025-05-12,DX-Y.NYB,16.661325454711914
2025-05-13,DX-Y.NYB,16.556209564208984
2025-05-14,DX-Y.NYB,16.631328582763672
2025-05-15,DX-Y.NYB,16.711576461791992
2025-05-16,DX-Y.NYB,16.774309158325195
2025-05-19,DX-Y.NYB,16.737333297729492
2025-05-20,DX-Y.NYB,16.799352645874023
2025-05-21,DX-Y.NYB,16.80591583251953
2025-05-22,DX-Y.NYB,16.837848663330078
2025-05-23,DX-Y.NYB,16.740528106689453
2025-05-26,DX-Y.NYB,16.848743438720703
2025-05-27,DX-Y.NYB,16.822309494018555
2025-05-28,DX-Y.NYB,16.86799430847168
2025-05-29,DX-Y.NYB,16.873323440551758
2025-05-30,DX-Y.NYB,16.984010696411133
2025-06-02,DX-Y.NYB,16.984619140625
2025-06-03,DX-Y.NYB,16.97907257080078
2025-06-04,DX-Y.NYB,17.037382125854492
2025-06-05,DX-Y.NYB,17.15277671813965
2025-06-06,DX-Y.NYB,17.174840927124023
2025-06-09,DX-Y.NYB,17.270111083984375
2025-06-10,DX-Y.NYB,17.366436004638672
2025-06-11,DX-Y.NYB,17.42403221130371
2025-06-12,DX-Y.NYB,17.37347984313965
2025-06-13,DX-Y.NYB,17.449670791625977
2025-06-16,DX-Y.NYB,17.54707908630371
2025-06-17,DX-Y.NYB,17.358129501342773
2025-06-18,DX-Y.NYB,17.447683334350586
2025-06-20,DX-Y.NYB,17.53925132751465
2025-06-23,DX-Y.NYB,17.61174774169922
2025-06-24,DX-Y.NYB,17.617618560791016
2025-06-25,DX-Y.NYB,17.712051391601562
2025-06-26,DX-Y.NYB,17.736677169799805
2025-06-27,DX-Y.NYB,17.803659439086914
2025-02-26,GLD,9.83919620513916
2025-02-27,GLD,9.72309684753418
2025-02-28,GLD,9.751354217529297
2025-03-03,GLD,9.71908187866211
2025-03-04,GLD,9.742197036743164
2025-03-05,GLD,9.80122184753418
2025-03-06,GLD,9.833460807800293
2025-03-07,GLD,9.891764640808105
2025-03-10,GLD,9.888060569763184
2025-03-11,GLD,9.872089385986328
2025-03-12,GLD,9.924578666687012
2025-03-13,GLD,9.802635192871094
2025-03-14,GLD,9.857388496398926
2025-03-17,GLD,9.902256965637207
2025-03-18,GLD,9.889084815979004
2025-03-19,GLD,9.939313888549805
2025-03-20,GLD,9.98913860321045
2025-03-21,GLD,9.978313446044922
2025-03-24,GLD,10.004636764526367
2025-03-25,GLD,10.054112434387207
2025-03-26,GLD,10.108222007751465
2025-03-27,GLD,10.064538955688477
2025-03-28,GLD,10.097135543823242
2025-03-31,GLD,10.039690017700195
2025-04-01,GLD,10.080009460449219
2025-04-02,GLD,10.136198043823242
2025-04-03,GLD,10.149757385253906
2025-04-04,GLD,9.784205436706543
2025-04-07,GLD,9.52453327178955
2025-04-08,GLD,9.57622241973877
2025-04-09,GLD,8.937224388122559
2025-04-10,GLD,8.742523193359375
2025-04-11,GLD,8.658077239990234
2025-04-14,GLD,8.679986000061035
2025-04-15,GLD,8.723386764526367
2025-04-16,GLD,8.370865821838379
2025-04-17,GLD,8.398932456970215
2025-04-21,GLD,8.126578330993652
2025-04-22,GLD,8.069995880126953
2025-04-23,GLD,7.875335216522217
2025-04-24,GLD,7.869343280792236
2025-04-25,GLD,7.859029293060303
2025-04-28,GLD,7.855888843536377
2025-04-29,GLD,7.852657318115234
2025-04-30,GLD,7.861720085144043
2025-05-01,GLD,7.735422611236572
2025-05-02,GLD,7.7838664054870605
2025-05-05,GLD,7.584840297698975
2025-05-06,GLD,7.4340362548828125
2025-05-07,GLD,7.394548416137695
2025-05-08,GLD,7.309319972991943
2025-05-09,GLD,7.346735954284668
2025-05-12,GLD,7.157214164733887
2025-05-13,GLD,7.2032341957092285
2025-05-14,GLD,7.123714923858643
2025-05-15,GLD,7.1175150871276855
2025-05-16,GLD,7.119623184204102
2025-05-19,GLD,7.132198333740234
2025-05-20,GLD,7.104031562805176
2025-05-21,GLD,7.1382036209106445
2025-05-22,GLD,7.152241230010986
2025-05-23,GLD,7.090031623840332
2025-05-27,GLD,7.043461799621582
2025-05-28,GLD,7.080487251281738
2025-05-29,GLD,7.118562698364258
2025-05-30,GLD,7.143524646759033
2025-06-02,GLD,7.032405853271484
2025-06-03,GLD,7.045865535736084
2025-06-04,GLD,7.075864791870117
2025-06-05,GLD,7.101245403289795
2025-06-06,GLD,7.078792572021484
2025-06-09,GLD,7.113866806030273
2025-06-10,GLD,7.148468494415283
2025-06-11,GLD,7.183024883270264
2025-06-12,GLD,7.193518161773682
2025-06-13,GLD,7.200211048126221
2025-06-16,GLD,7.173759460449219
2025-06-17,GLD,7.215391159057617
2025-06-18,GLD,7.244036674499512
2025-06-20,GLD,7.2852559089660645
2025-06-23,GLD,7.327421188354492
2025-06-24,GLD,7.292112827301025
2025-06-25,GLD,7.337886810302734
2025-06-26,GLD,7.382289886474609
2025-06-27,GLD,7.329108238220215
2025-02-26,XOM,7.2488579750061035
2025-02-27,XOM,7.280349254608154
2025-02-28,XOM,7.291098117828369
2025-03-03,XOM,7.070468425750732
2025-03-04,XOM,7.113131046295166
2025-03-05,XOM,7.0718159675598145
2025-03-06,XOM,7.0113525390625
2025-03-07,XOM,7.009647846221924
2025-03-10,XOM,6.898582458496094
2025-03-11,XOM,6.812951564788818
2025-03-12,XOM,6.853415489196777
2025-03-13,XOM,6.8908257484436035
2025-03-14,XOM,6.74012565612793
2025-03-17,XOM,6.722248077392578
2025-03-18,XOM,6.760419845581055
2025-03-19,XOM,6.748492240905762
2025-03-20,XOM,6.781670093536377
2025-03-21,XOM,6.815480709075928
2025-03-24,XOM,6.85409688949585
2025-03-25,XOM,6.8796210289001465
2025-03-26,XOM,6.870895862579346
2025-03-27,XOM,6.895994186401367
2025-03-28,XOM,6.9301605224609375
2025-03-31,XOM,6.9478302001953125
2025-04-01,XOM,6.988616943359375
2025-04-02,XOM,7.023954391479492
2025-04-03,XOM,6.465687274932861
2025-04-04,XOM,5.706201076507568
2025-04-07,XOM,5.725924968719482
2025-04-08,XOM,5.715704441070557
2025-04-09,XOM,5.447590351104736
2025-04-10,XOM,5.177848815917969
2025-04-11,XOM,5.111911773681641
2025-04-14,XOM,5.145491123199463
2025-04-15,XOM,5.179238319396973
2025-04-16,XOM,5.20098352432251
2025-04-17,XOM,5.166658401489258
2025-04-21,XOM,5.179608345031738
2025-04-22,XOM,5.136643886566162
2025-04-23,XOM,5.161123275756836
2025-04-24,XOM,5.178544998168945
2025-04-25,XOM,5.2092108726501465
2025-04-28,XOM,5.237696170806885
2025-04-29,XOM,5.261941909790039
2025-04-30,XOM,5.22530460357666
2025-05-01,XOM,5.248858451843262
2025-05-02,XOM,5.27415132522583
2025-05-05,XOM,5.226683616638184
2025-05-06,XOM,5.234154224395752
2025-05-07,XOM,5.262190818786621
2025-05-08,XOM,5.26896858215332
2025-05-09,XOM,5.2824015617370605
2025-05-12,XOM,5.280933380126953
2025-05-13,XOM,5.307839393615723
2025-05-14,XOM,5.328955173492432
2025-05-15,XOM,5.348016262054443
2025-05-16,XOM,5.377893447875977
2025-05-19,XOM,5.3821797370910645
2025-05-20,XOM,5.393571853637695
2025-05-21,XOM,5.412775039672852
2025-05-22,XOM,5.444235801696777
2025-05-23,XOM,5.479743480682373
2025-05-27,XOM,5.512138843536377
2025-05-28,XOM,5.525511741638184
2025-05-29,XOM,5.556246757507324
2025-05-30,XOM,5.590160846710205
2025-06-02,XOM,5.618503570556641
2025-06-03,XOM,5.64657735824585
2025-06-04,XOM,5.659916877746582
2025-06-05,XOM,5.6958818435668945
2025-06-06,XOM,5.656835079193115
2025-06-09,XOM,5.684566497802734
2025-06-10,XOM,5.660294532775879
2025-06-11,XOM,5.6467766761779785
2025-06-12,XOM,5.675757884979248
2025-06-13,XOM,5.647207260131836
2025-06-16,XOM,5.672776699066162
2025-06-17,XOM,5.678875923156738
2025-06-18,XOM,5.699224948883057
2025-06-20,XOM,5.704367637634277
2025-06-23,XOM,5.643978595733643
2025-06-24,XOM,5.556484222412109
2025-06-25,XOM,5.58493709564209
2025-06-26,XOM,5.5889129638671875
2025-06-27,XOM,5.611830234527588
2025-02-26,TLT,10.301244735717773
2025-02-27,TLT,10.318286895751953
2025-02-28,TLT,10.268929481506348
2025-03-03,TLT,10.31391429901123
2025-03-04,TLT,10.253575325012207
2025-03-05,TLT,10.263711929321289
2025-03-06,TLT,10.314108848571777
2025-03-07,TLT,10.359624862670898
2025-03-10,TLT,10.336939811706543
2025-03-11,TLT,10.35851001739502
2025-03-12,TLT,10.389795303344727
2025-03-13,TLT,10.38998794555664
2025-03-14,TLT,10.429478645324707
2025-03-17,TLT,10.47590160369873
2025-03-18,TLT,10.540522575378418
2025-03-19,TLT,10.586589813232422
2025-03-20,TLT,10.653099060058594
2025-03-21,TLT,10.687743186950684
2025-03-24,TLT,10.67042350769043
2025-03-25,TLT,10.743310928344727
2025-03-26,TLT,10.780343055725098
2025-03-27,TLT,10.846700668334961
2025-03-28,TLT,10.747562408447266
2025-03-31,TLT,10.72859001159668
2025-04-01,TLT,10.728915214538574
2025-04-02,TLT,10.7877779006958
2025-04-03,TLT,10.82787799835205
2025-04-04,TLT,10.789861679077148
2025-04-07,TLT,10.123178482055664
2025-04-08,TLT,9.938621520996094
2025-04-09,TLT,9.97569465637207
2025-04-10,TLT,9.565207481384277
2025-04-11,TLT,9.608803749084473
2025-04-14,TLT,9.638282775878906
2025-04-15,TLT,9.683688163757324
2025-04-16,TLT,9.716513633728027
2025-04-17,TLT,9.720431327819824
2025-04-21,TLT,9.592135429382324
2025-04-22,TLT,9.63191032409668
2025-04-23,TLT,9.632476806640625
2025-04-24,TLT,9.624153137207031
2025-04-25,TLT,9.648674964904785
2025-04-28,TLT,9.682153701782227
2025-04-29,TLT,9.698622703552246
2025-04-30,TLT,9.712738990783691
2025-05-01,TLT,9.744546890258789
2025-05-02,TLT,9.723050117492676
2025-05-05,TLT,9.750957489013672
2025-05-06,TLT,9.79177188873291
2025-05-07,TLT,9.830143928527832
2025-05-08,TLT,9.806721687316895
2025-05-09,TLT,9.862137794494629
2025-05-12,TLT,9.866762161254883
2025-05-13,TLT,9.91312313079834
2025-05-14,TLT,9.94701862335205
2025-05-15,TLT,9.95079517364502
2025-05-16,TLT,10.00648021697998
2025-05-19,TLT,10.067450523376465
2025-05-20,TLT,10.10297679901123
2025-05-21,TLT,9.98314380645752
2025-05-22,TLT,10.028219223022461
2025-05-23,TLT,10.092302322387695
2025-05-27,TLT,10.011853218078613
2025-05-28,TLT,10.06054973602295
2025-05-29,TLT,10.055294036865234
2025-05-30,TLT,10.111090660095215
2025-06-02,TLT,10.110047340393066
2025-06-03,TLT,10.166280746459961
2025-06-04,TLT,10.026738166809082
2025-06-05,TLT,10.075197219848633
2025-06-06,TLT,10.01467514038086
2025-06-09,TLT,10.064889907836914
2025-06-10,TLT,10.097356796264648
2025-06-11,TLT,10.141682624816895
2025-06-12,TLT,10.084988594055176
2025-06-13,TLT,10.065398216247559
2025-06-16,TLT,10.046743392944336
2025-06-17,TLT,9.987621307373047
2025-06-18,TLT,10.039159774780273
2025-06-20,TLT,10.090216636657715
2025-06-23,TLT,10.140000343322754
2025-06-24,TLT,10.159369468688965
2025-06-25,TLT,10.21335220336914
2025-06-26,TLT,10.248604774475098
2025-06-27,TLT,10.276564598083496
2025-02-25,USDINR=X,46.322139739990234
2025-02-26,USDINR=X,45.405338287353516
2025-02-27,USDINR=X,45.66023254394531
2025-02-28,USDINR=X,45.77383041381836
2025-03-03,USDINR=X,45.94866943359375
2025-03-04,USDINR=X,45.99618148803711
2025-03-05,USDINR=X,46.10248947143555
2025-03-06,USDINR=X,45.30693817138672
2025-03-07,USDINR=X,45.16748046875
2025-03-10,USDINR=X,45.36869430541992
2025-03-11,USDINR=X,45.037391662597656
2025-03-12,USDINR=X,45.02425765991211
2025-03-13,USDINR=X,45.16494369506836
2025-03-14,USDINR=X,43.876251220703125
2025-03-17,USDINR=X,44.10757827758789
2025-03-18,USDINR=X,44.338985443115234
2025-03-19,USDINR=X,43.61967468261719
2025-03-20,USDINR=X,43.433441162109375
2025-03-21,USDINR=X,43.73225402832031
2025-03-24,USDINR=X,43.07327651977539
2025-03-25,USDINR=X,41.884090423583984
2025-03-26,USDINR=X,42.15822982788086
2025-03-27,USDINR=X,40.783382415771484
2025-03-28,USDINR=X,40.04587173461914
2025-03-31,USDINR=X,40.163108825683594
2025-04-01,USDINR=X,40.39635467529297
2025-04-02,USDINR=X,40.5435905456543
2025-04-03,USDINR=X,40.79425048828125
2025-04-04,USDINR=X,40.226200103759766
2025-04-07,USDINR=X,40.11033630371094
2025-04-08,USDINR=X,38.95674133300781
2025-04-09,USDINR=X,38.338680267333984
2025-04-10,USDINR=X,38.247650146484375
2025-04-11,USDINR=X,38.42441940307617
2025-04-14,USDINR=X,38.58206558227539
2025-04-15,USDINR=X,38.63315963745117
2025-04-16,USDINR=X,38.26458740234375
2025-04-17,USDINR=X,38.39257049560547
2025-04-22,USDINR=X,37.53895568847656
2025-04-23,USDINR=X,37.72090148925781
2025-04-24,USDINR=X,37.561309814453125
2025-04-25,USDINR=X,37.48060607910156
2025-04-28,USDINR=X,37.61008071899414
2025-04-29,USDINR=X,37.584781646728516
2025-04-30,USDINR=X,37.795921325683594
2025-05-01,USDINR=X,36.130523681640625
2025-05-02,USDINR=X,36.2425651550293
2025-05-05,USDINR=X,36.37803649902344
2025-05-06,USDINR=X,36.239295959472656
2025-05-07,USDINR=X,35.01242446899414
2025-05-08,USDINR=X,35.230224609375
2025-05-09,USDINR=X,30.23283576965332
2025-05-12,USDINR=X,29.296775817871094
2025-05-13,USDINR=X,29.016477584838867
2025-05-14,USDINR=X,29.139846801757812
2025-05-15,USDINR=X,28.869108200073242
2025-05-16,USDINR=X,29.024696350097656
2025-05-19,USDINR=X,29.164892196655273
2025-05-20,USDINR=X,29.284626007080078
2025-05-21,USDINR=X,29.36719512939453
2025-05-22,USDINR=X,29.505268096923828
2025-05-23,USDINR=X,29.30620574951172
2025-05-26,USDINR=X,28.117412567138672
2025-05-27,USDINR=X,28.244718551635742
2025-05-28,USDINR=X,28.28081512451172
2025-05-29,USDINR=X,28.43120002746582
2025-05-30,USDINR=X,28.585479736328125
2025-06-02,USDINR=X,28.702491760253906
2025-06-03,USDINR=X,28.81609344482422
2025-06-04,USDINR=X,28.71038055419922
2025-06-05,USDINR=X,28.78474998474121
2025-06-06,USDINR=X,28.943115234375
2025-06-09,USDINR=X,29.083675384521484
2025-06-10,USDINR=X,29.24925422668457
2025-06-11,USDINR=X,29.39048957824707
2025-06-12,USDINR=X,29.48508071899414
2025-06-13,USDINR=X,29.546499252319336
2025-06-16,USDINR=X,28.996444702148438
2025-06-17,USDINR=X,29.09838104248047
2025-06-18,USDINR=X,29.106821060180664
2025-06-19,USDINR=X,29.130359649658203
2025-06-20,USDINR=X,29.27892303466797
2025-06-23,USDINR=X,29.43293571472168
2025-06-24,USDINR=X,29.296201705932617
2025-06-25,USDINR=X,29.194120407104492
2025-06-26,USDINR=X,29.349014282226562
2025-06-27,USDINR=X,29.2624568939209
2025-02-26,IWM,7.4366536140441895
2025-02-27,IWM,7.424378871917725
2025-02-28,IWM,7.442070007324219
2025-03-03,IWM,7.294215202331543
2025-03-04,IWM,7.3127617835998535
2025-03-05,IWM,7.332479000091553
2025-03-06,IWM,7.322693347930908
2025-03-07,IWM,7.361975193023682
2025-03-10,IWM,7.253396987915039
2025-03-11,IWM,7.30015754699707
2025-03-12,IWM,7.34638786315918
2025-03-13,IWM,7.342386245727539
2025-03-14,IWM,7.223105430603027
2025-03-17,IWM,7.21619176864624
2025-03-18,IWM,7.237274646759033
2025-03-19,IWM,7.208140850067139
2025-03-20,IWM,7.235691547393799
2025-03-21,IWM,7.262984275817871
2025-03-24,IWM,7.138354301452637
2025-03-25,IWM,7.165269374847412
2025-03-26,IWM,7.174983978271484
2025-03-27,IWM,7.205881595611572
2025-03-28,IWM,7.144808292388916
2025-03-31,IWM,7.1797685623168945
2025-04-01,IWM,7.217128753662109
2025-04-02,IWM,7.184394359588623
2025-04-03,IWM,6.378889083862305
2025-04-04,IWM,6.108468055725098
2025-04-07,IWM,6.140335559844971
2025-04-08,IWM,6.0904765129089355
2025-04-09,IWM,5.214105606079102
2025-04-10,IWM,5.094216346740723
2025-04-11,IWM,5.103029727935791
2025-04-14,IWM,5.118178844451904
2025-04-15,IWM,5.1493988037109375
2025-04-16,IWM,5.174925804138184
2025-04-17,IWM,5.19808292388916
2025-04-21,IWM,5.197011470794678
2025-04-22,IWM,5.156001567840576
2025-04-23,IWM,5.15887975692749
2025-04-24,IWM,5.144922256469727
2025-04-25,IWM,5.17419958114624
2025-04-28,IWM,5.19502592086792
2025-04-29,IWM,5.213367938995361
2025-04-30,IWM,5.232826232910156
2025-05-01,IWM,5.249825477600098
2025-05-02,IWM,5.225205898284912
2025-05-05,IWM,5.24436616897583
2025-05-06,IWM,5.2601237297058105
2025-05-07,IWM,5.286518573760986
2025-05-08,IWM,5.276096820831299
2025-05-09,IWM,5.303399562835693
2025-05-12,IWM,5.206497669219971
2025-05-13,IWM,5.230825901031494
2025-05-14,IWM,5.250638008117676
2025-05-15,IWM,5.276647090911865
2025-05-16,IWM,5.29986572265625
2025-05-19,IWM,5.328095436096191
2025-05-20,IWM,5.358630180358887
2025-05-21,IWM,5.306632041931152
2025-05-22,IWM,5.337826728820801
2025-05-23,IWM,5.3688225746154785
2025-05-27,IWM,5.332479476928711
2025-05-28,IWM,5.352540016174316
2025-05-29,IWM,5.383033275604248
2025-05-30,IWM,5.412267208099365
2025-06-02,IWM,5.444096088409424
2025-06-03,IWM,5.446835517883301
2025-06-04,IWM,5.4789252281188965
2025-06-05,IWM,5.511998176574707
2025-06-06,IWM,5.51443338394165
2025-06-09,IWM,5.540864944458008
2025-06-10,IWM,5.569492816925049
2025-06-11,IWM,5.5985283851623535
2025-06-12,IWM,5.62828254699707
2025-06-13,IWM,5.618105411529541
2025-06-16,IWM,5.633642196655273
2025-06-17,IWM,5.651568412780762
2025-06-18,IWM,5.682019233703613
2025-06-20,IWM,5.7141642570495605
2025-06-23,IWM,5.728478908538818
2025-06-24,IWM,5.7397942543029785
2025-06-25,IWM,5.7526631355285645
2025-06-26,IWM,5.752745628356934
2025-06-27,IWM,5.7851104736328125
2025-02-26,JPM,5.987642288208008
2025-02-27,JPM,6.027554035186768
2025-02-28,JPM,6.006014347076416
2025-03-03,JPM,6.002640724182129
2025-03-04,JPM,5.8043341636657715
2025-03-05,JPM,5.840655326843262
2025-03-06,JPM,5.8219170570373535
2025-03-07,JPM,5.818710803985596
2025-03-10,JPM,5.634359359741211
2025-03-11,JPM,5.651873588562012
2025-03-12,JPM,5.687965393066406
2025-03-13,JPM,5.709896564483643
2025-03-14,JPM,5.618109703063965
2025-03-17,JPM,5.646636486053467
2025-03-18,JPM,5.67618989944458
2025-03-19,JPM,5.669955253601074
2025-03-20,JPM,5.700459003448486
2025-03-21,JPM,5.717170715332031
2025-03-24,JPM,5.666079521179199
2025-03-25,JPM,5.680325984954834
2025-03-26,JPM,5.707610607147217
2025-03-27,JPM,5.7161173820495605
2025-03-28,JPM,5.6823506355285645
2025-03-31,JPM,5.697719573974609
2025-04-01,JPM,5.716265678405762
2025-04-02,JPM,5.733484745025635
2025-04-03,JPM,5.2120161056518555
2025-04-04,JPM,4.7696852684021
2025-04-07,JPM,4.766827583312988
2025-04-08,JPM,4.785057067871094
2025-04-09,JPM,4.383083343505859
2025-04-10,JPM,4.353218078613281
2025-04-11,JPM,4.289918422698975
2025-04-14,JPM,4.312411785125732
2025-04-15,JPM,4.335168838500977
2025-04-16,JPM,4.347919940948486
2025-04-17,JPM,4.368124485015869
2025-04-21,JPM,4.384554862976074
2025-04-22,JPM,4.363489151000977
2025-04-23,JPM,4.361542224884033
2025-04-24,JPM,4.374104022979736
2025-04-25,JPM,4.398066997528076
2025-04-28,JPM,4.419533729553223
2025-04-29,JPM,4.437328338623047
2025-04-30,JPM,4.457951545715332
2025-05-01,JPM,4.474738597869873
2025-05-02,JPM,4.470870018005371
2025-05-05,JPM,4.494211196899414
2025-05-06,JPM,4.5071539878845215
2025-05-07,JPM,4.532717704772949
2025-05-08,JPM,4.543160915374756
2025-05-09,JPM,4.56777811050415
2025-05-12,JPM,4.547999382019043
2025-05-13,JPM,4.566007614135742
2025-05-14,JPM,4.5868048667907715
2025-05-15,JPM,4.61079740524292
2025-05-16,JPM,4.6368489265441895
2025-05-19,JPM,4.653763294219971
2025-05-20,JPM,4.680230140686035
2025-05-21,JPM,4.681739330291748
2025-05-22,JPM,4.708572864532471
2025-05-23,JPM,4.736217975616455
2025-05-27,JPM,4.74514102935791
2025-05-28,JPM,4.768269062042236
2025-05-29,JPM,4.795792102813721
2025-05-30,JPM,4.823352336883545
2025-06-02,JPM,4.852078914642334
2025-06-03,JPM,4.878655433654785
2025-06-04,JPM,4.9015302658081055
2025-06-05,JPM,4.924212455749512
2025-06-06,JPM,4.939882278442383
2025-06-09,JPM,4.968991279602051
2025-06-10,JPM,4.995338439941406
2025-06-11,JPM,5.02318811416626
2025-06-12,JPM,5.0520853996276855
2025-06-13,JPM,5.06451416015625
2025-06-16,JPM,5.060142993927002
2025-06-17,JPM,5.086411476135254
2025-06-18,JPM,5.094374179840088
2025-06-20,JPM,5.121872901916504
2025-06-23,JPM,5.140305519104004
2025-06-24,JPM,5.1603779792785645
2025-06-25,JPM,5.181933879852295
2025-06-26,JPM,5.190130233764648
2025-06-27,JPM,5.212210178375244
2025-02-26,UNH,4.601938724517822
2025-02-27,UNH,4.623403549194336
2025-02-28,UNH,4.6389384269714355
2025-03-03,UNH,4.652847766876221
2025-03-04,UNH,4.660613059997559
2025-03-05,UNH,4.688412189483643
2025-03-06,UNH,4.6711859703063965
2025-03-07,UNH,4.686024188995361
2025-03-10,UNH,4.679863929748535
2025-03-11,UNH,4.692765712738037
2025-03-12,UNH,4.70850944519043
2025-03-13,UNH,4.731893539428711
2025-03-14,UNH,4.73655366897583
2025-03-17,UNH,4.722756862640381
2025-03-18,UNH,4.735581398010254
2025-03-19,UNH,4.756753921508789
2025-03-20,UNH,4.7570905685424805
2025-03-21,UNH,4.769272804260254
2025-03-24,UNH,4.79170036315918
2025-03-25,UNH,4.810909271240234
2025-03-26,UNH,4.827536582946777
2025-03-27,UNH,4.8494086265563965
2025-03-28,UNH,4.875494956970215
2025-03-31,UNH,4.885008811950684
2025-04-01,UNH,4.910801887512207
2025-04-02,UNH,4.9383649826049805
2025-04-03,UNH,4.877868175506592
2025-04-04,UNH,4.838849067687988
2025-04-07,UNH,4.866336345672607
2025-04-08,UNH,4.676545143127441
2025-04-09,UNH,4.5641021728515625
2025-04-10,UNH,4.544595241546631
2025-04-11,UNH,4.567254066467285
2025-04-14,UNH,4.560774326324463
2025-04-15,UNH,4.583491802215576
2025-04-16,UNH,4.609465599060059
2025-04-17,UNH,2.9414193630218506
2025-04-21,UNH,2.8960254192352295
2025-04-22,UNH,2.91593337059021
2025-04-23,UNH,2.936690330505371
2025-04-24,UNH,2.956897497177124
2025-04-25,UNH,2.9755821228027344
2025-04-28,UNH,2.9963693618774414
2025-04-29,UNH,3.0068254470825195
2025-04-30,UNH,3.0260794162750244
2025-05-01,UNH,3.0367493629455566
2025-05-02,UNH,3.058227300643921
2025-05-05,UNH,3.0753135681152344
2025-05-06,UNH,3.0860204696655273
2025-05-07,UNH,3.10599946975708
2025-05-08,UNH,3.1241016387939453
2025-05-09,UNH,3.1430907249450684
2025-05-12,UNH,3.161231517791748
2025-05-13,UNH,2.68007230758667
2025-05-14,UNH,2.695645332336426
2025-05-15,UNH,2.5795819759368896
2025-05-16,UNH,2.540064573287964
2025-05-19,UNH,2.4746034145355225
2025-05-20,UNH,2.483565092086792
2025-05-21,UNH,2.468409776687622
2025-05-22,UNH,2.479930877685547
2025-05-23,UNH,2.493839979171753
2025-05-27,UNH,2.50785493850708
2025-05-28,UNH,2.519730567932129
2025-05-29,UNH,2.5336151123046875
2025-05-30,UNH,2.5446979999542236
2025-06-02,UNH,2.5563671588897705
2025-06-03,UNH,2.569458484649658
2025-06-04,UNH,2.583056926727295
2025-06-05,UNH,2.5945990085601807
2025-06-06,UNH,2.5973081588745117
2025-06-09,UNH,2.609576463699341
2025-06-10,UNH,2.6219570636749268
2025-06-11,UNH,2.626990556716919
2025-06-12,UNH,2.630082368850708
2025-06-13,UNH,2.6411941051483154
2025-06-16,UNH,2.653644561767578
2025-06-17,UNH,2.6664071083068848
2025-06-18,UNH,2.67985200881958
2025-06-20,UNH,2.691744327545166
2025-06-23,UNH,2.706361770629883
2025-06-24,UNH,2.7156271934509277
2025-06-25,UNH,2.730635643005371
2025-06-26,UNH,2.7462737560272217
2025-06-27,UNH,2.752978801727295
2025-02-26,SPY,11.389876365661621
2025-02-27,SPY,11.202826499938965
2025-02-28,SPY,11.057415962219238
2025-03-03,SPY,10.84396743774414
2025-03-04,SPY,10.79100513458252
2025-03-05,SPY,10.7678804397583
2025-03-06,SPY,10.574954986572266
2025-03-07,SPY,10.620407104492188
2025-03-10,SPY,10.155533790588379
2025-03-11,SPY,10.17973804473877
2025-03-12,SPY,10.227603912353516
2025-03-13,SPY,10.17643928527832
2025-03-14,SPY,9.943510055541992
2025-03-17,SPY,9.96162223815918
2025-03-18,SPY,9.942203521728516
2025-03-19,SPY,9.916033744812012
2025-03-20,SPY,9.96412467956543
2025-03-21,SPY,10.013675689697266
2025-03-24,SPY,9.857426643371582
2025-03-25,SPY,9.902070045471191
2025-03-26,SPY,9.854096412658691
2025-03-27,SPY,9.89986801147461
2025-03-28,SPY,9.693732261657715
2025-03-31,SPY,9.71568775177002
2025-04-01,SPY,9.757270812988281
2025-04-02,SPY,9.777471542358398
2025-04-03,SPY,8.57656478881836
2025-04-04,SPY,7.4662370681762695
2025-04-07,SPY,7.5146002769470215
2025-04-08,SPY,7.506419658660889
2025-04-09,SPY,5.529596328735352
2025-04-10,SPY,5.356247901916504
2025-04-11,SPY,5.35167121887207
2025-04-14,SPY,5.371163845062256
2025-04-15,SPY,5.402469635009766
2025-04-16,SPY,5.385402679443359
2025-04-17,SPY,5.417515754699707
2025-04-21,SPY,5.394433498382568
2025-04-22,SPY,5.348228931427002
2025-04-23,SPY,5.351312160491943
2025-04-24,SPY,5.334048748016357
2025-04-25,SPY,5.359331130981445
2025-04-28,SPY,5.383269309997559
2025-04-29,SPY,5.401316165924072
2025-04-30,SPY,5.4240827560424805
2025-05-01,SPY,5.440437316894531
2025-05-02,SPY,5.44773530960083
2025-05-05,SPY,5.470916748046875
2025-05-06,SPY,5.492510795593262
2025-05-07,SPY,5.521523952484131
2025-05-08,SPY,5.547139644622803
2025-05-09,SPY,5.576353073120117
2025-05-12,SPY,5.481032848358154
2025-05-13,SPY,5.503270149230957
2025-05-14,SPY,5.53230094909668
2025-05-15,SPY,5.5610432624816895
2025-05-16,SPY,5.588565349578857
2025-05-19,SPY,5.6200761795043945
2025-05-20,SPY,5.649979114532471
2025-05-21,SPY,5.6443352699279785
2025-05-22,SPY,5.677252292633057
2025-05-23,SPY,5.7040324211120605
2025-05-27,SPY,5.685276508331299
2025-05-28,SPY,5.713460445404053
2025-05-29,SPY,5.7451043128967285
2025-05-30,SPY,5.778266906738281
2025-06-02,SPY,5.808574676513672
2025-06-03,SPY,5.838255882263184
2025-06-04,SPY,5.872868061065674
2025-06-05,SPY,5.903536319732666
2025-06-06,SPY,5.924837589263916
2025-06-09,SPY,5.95920467376709
2025-06-10,SPY,5.989998817443848
2025-06-11,SPY,6.022686958312988
2025-06-12,SPY,6.055484771728516
2025-06-13,SPY,6.068267822265625
2025-06-16,SPY,6.090834617614746
2025-06-17,SPY,6.112343788146973
2025-06-18,SPY,6.148421287536621
2025-06-20,SPY,6.183602809906006
2025-06-23,SPY,6.20582389831543
2025-06-24,SPY,6.22282075881958
2025-06-25,SPY,6.257734298706055
2025-06-26,SPY,6.284578800201416
2025-06-27,SPY,6.31665563583374
2025-02-26,MSFT,6.559645652770996
2025-02-27,MSFT,6.541711807250977
2025-02-28,MSFT,6.554477214813232
2025-03-03,MSFT,6.5146870613098145
2025-03-04,MSFT,6.553994178771973
2025-03-05,MSFT,6.39802360534668
2025-03-06,MSFT,6.416557312011719
2025-03-07,MSFT,6.439507484436035
2025-03-10,MSFT,6.29140043258667
2025-03-11,MSFT,6.328102111816406
2025-03-12,MSFT,6.35350227355957
2025-03-13,MSFT,6.3756022453308105
2025-03-14,MSFT,6.2947893142700195
2025-03-17,MSFT,6.331048965454102
2025-03-18,MSFT,6.339293956756592
2025-03-19,MSFT,6.347675323486328
2025-03-20,MSFT,6.380544662475586
2025-03-21,MSFT,6.3855743408203125
2025-03-24,MSFT,6.413410186767578
2025-03-25,MSFT,6.437151908874512
2025-03-26,MSFT,6.43845272064209
2025-03-27,MSFT,6.4744110107421875
2025-03-28,MSFT,6.356719970703125
2025-03-31,MSFT,6.383683681488037
2025-04-01,MSFT,6.353822708129883
2025-04-02,MSFT,6.386928558349609
2025-04-03,MSFT,6.332621097564697
2025-04-04,MSFT,6.172417640686035
2025-04-07,MSFT,6.211106777191162
2025-04-08,MSFT,6.243142127990723
2025-04-09,MSFT,5.032733917236328
2025-04-10,MSFT,5.015980243682861
2025-04-11,MSFT,5.012165069580078
2025-04-14,MSFT,5.040430068969727
2025-04-15,MSFT,5.066685199737549
2025-04-16,MSFT,4.985046863555908
2025-04-17,MSFT,5.007874965667725
2025-04-21,MSFT,4.997256278991699
2025-04-22,MSFT,4.98082160949707
2025-04-23,MSFT,4.966594219207764
2025-04-24,MSFT,4.893768310546875
2025-04-25,MSFT,4.908909320831299
2025-04-28,MSFT,4.931533336639404
2025-04-29,MSFT,4.947869777679443
2025-04-30,MSFT,4.967914581298828
2025-05-01,MSFT,4.560004234313965
2025-05-02,MSFT,4.55304479598999
2025-05-05,MSFT,4.577511310577393
2025-05-06,MSFT,4.598989009857178
2025-05-07,MSFT,4.6247453689575195
2025-05-08,MSFT,4.644077777862549
2025-05-09,MSFT,4.668821334838867
2025-05-12,MSFT,4.656153202056885
2025-05-13,MSFT,4.677280902862549
2025-05-14,MSFT,4.697443008422852
2025-05-15,MSFT,4.723169803619385
2025-05-16,MSFT,4.750019550323486
2025-05-19,MSFT,4.771815776824951
2025-05-20,MSFT,4.798289775848389
2025-05-21,MSFT,4.811426639556885
2025-05-22,MSFT,4.8380255699157715
2025-05-23,MSFT,4.856969356536865
2025-05-27,MSFT,4.848111152648926
2025-05-28,MSFT,4.871561050415039
2025-05-29,MSFT,4.900626182556152
2025-05-30,MSFT,4.929220676422119
2025-06-02,MSFT,4.95785665512085
2025-06-03,MSFT,4.986624240875244
2025-06-04,MSFT,5.015664577484131
2025-06-05,MSFT,5.040450096130371
2025-06-06,MSFT,5.067536354064941
2025-06-09,MSFT,5.094974994659424
2025-06-10,MSFT,5.121098041534424
2025-06-11,MSFT,5.149930953979492
2025-06-12,MSFT,5.166154861450195
2025-06-13,MSFT,5.18608283996582
2025-06-16,MSFT,5.210607051849365
2025-06-17,MSFT,5.238503932952881
2025-06-18,MSFT,5.267929553985596
2025-06-20,MSFT,5.292428970336914
2025-06-23,MSFT,5.2951507568359375
2025-06-24,MSFT,5.320461273193359
2025-06-25,MSFT,5.349800109863281
2025-06-26,MSFT,5.371912479400635
2025-06-27,MSFT,5.399524688720703
2025-02-25,EURUSD=X,20.523303985595703
2025-02-26,EURUSD=X,20.409915924072266
2025-02-27,EURUSD=X,20.462921142578125
2025-02-28,EURUSD=X,20.13954734802246
2025-03-03,EURUSD=X,20.235769271850586
2025-03-04,EURUSD=X,20.065168380737305
2025-03-05,EURUSD=X,19.195175170898438
2025-03-06,EURUSD=X,18.183927536010742
2025-03-07,EURUSD=X,18.277490615844727
2025-03-10,EURUSD=X,18.20079231262207
2025-03-11,EURUSD=X,18.284343719482422
2025-03-12,EURUSD=X,18.202882766723633
2025-03-13,EURUSD=X,18.269058227539062
2025-03-14,EURUSD=X,18.331192016601562
2025-03-17,EURUSD=X,18.418991088867188
2025-03-18,EURUSD=X,18.47918128967285
2025-03-19,EURUSD=X,18.573305130004883
2025-03-20,EURUSD=X,18.64690399169922
2025-03-21,EURUSD=X,18.62614631652832
2025-03-24,EURUSD=X,18.708158493041992
2025-03-25,EURUSD=X,18.768102645874023
2025-03-26,EURUSD=X,18.870235443115234
2025-03-27,EURUSD=X,18.908679962158203
2025-03-28,EURUSD=X,18.898775100708008
2025-03-31,EURUSD=X,19.00167465209961
2025-04-01,EURUSD=X,19.120744705200195
2025-04-02,EURUSD=X,19.218273162841797
2025-04-03,EURUSD=X,18.837804794311523
2025-04-04,EURUSD=X,18.304954528808594
2025-04-07,EURUSD=X,18.26858901977539
2025-04-08,EURUSD=X,18.191089630126953
2025-04-09,EURUSD=X,18.162599563598633
2025-04-10,EURUSD=X,18.23255157470703
2025-04-11,EURUSD=X,15.793323516845703
2025-04-14,EURUSD=X,15.750258445739746
2025-04-15,EURUSD=X,15.833921432495117
2025-04-16,EURUSD=X,15.852359771728516
2025-04-17,EURUSD=X,15.732020378112793
2025-04-22,EURUSD=X,15.572625160217285
2025-04-23,EURUSD=X,15.106724739074707
2025-04-24,EURUSD=X,15.172142028808594
2025-04-25,EURUSD=X,15.228734970092773
2025-04-28,EURUSD=X,15.281405448913574
2025-04-29,EURUSD=X,15.304656028747559
2025-04-30,EURUSD=X,15.38425064086914
2025-05-01,EURUSD=X,15.376408576965332
2025-05-02,EURUSD=X,15.442523956298828
2025-05-05,EURUSD=X,15.529376029968262
2025-05-06,EURUSD=X,15.618009567260742
2025-05-07,EURUSD=X,15.70778751373291
2025-05-08,EURUSD=X,15.771648406982422
2025-05-09,EURUSD=X,15.715293884277344
2025-05-12,EURUSD=X,15.821764945983887
2025-05-13,EURUSD=X,15.529688835144043
2025-05-14,EURUSD=X,15.482906341552734
2025-05-15,EURUSD=X,15.584817886352539
2025-05-16,EURUSD=X,15.684956550598145
2025-05-19,EURUSD=X,15.784400939941406
2025-05-20,EURUSD=X,15.843779563903809
2025-05-21,EURUSD=X,15.884942054748535
2025-05-22,EURUSD=X,15.947164535522461
2025-05-23,EURUSD=X,15.97425365447998
2025-05-26,EURUSD=X,15.904887199401855
2025-05-27,EURUSD=X,15.990756034851074
2025-05-28,EURUSD=X,16.006515502929688
2025-05-29,EURUSD=X,15.844158172607422
2025-05-30,EURUSD=X,15.522561073303223
2025-06-02,EURUSD=X,15.582386016845703
2025-06-03,EURUSD=X,15.482117652893066
2025-06-04,EURUSD=X,15.44046401977539
2025-06-05,EURUSD=X,15.495989799499512
2025-06-06,EURUSD=X,15.55774974822998
2025-06-09,EURUSD=X,15.581399917602539
2025-06-10,EURUSD=X,15.655468940734863
2025-06-11,EURUSD=X,15.742081642150879
2025-06-12,EURUSD=X,15.743651390075684
2025-06-13,EURUSD=X,15.690353393554688
2025-06-16,EURUSD=X,15.725265502929688
2025-06-17,EURUSD=X,15.811357498168945
2025-06-18,EURUSD=X,15.787099838256836
2025-06-19,EURUSD=X,15.876928329467773
2025-06-20,EURUSD=X,15.948132514953613
2025-06-23,EURUSD=X,16.036304473876953
2025-06-24,EURUSD=X,15.947659492492676
2025-06-25,EURUSD=X,16.040996551513672
2025-06-26,EURUSD=X,16.0440731048584
2025-06-27,EURUSD=X,16.134910583496094
2025-02-26,NVDA,2.6436262130737305
2025-02-27,NVDA,2.5682506561279297
2025-02-28,NVDA,2.565546989440918
2025-03-03,NVDA,2.496774196624756
2025-03-04,NVDA,2.510040521621704
2025-03-05,NVDA,2.5252938270568848
2025-03-06,NVDA,2.506300449371338
2025-03-07,NVDA,2.5187768936157227
2025-03-10,NVDA,2.5086021423339844
2025-03-11,NVDA,2.5221617221832275
2025-03-12,NVDA,2.493541717529297
2025-03-13,NVDA,2.509040117263794
2025-03-14,NVDA,2.49509859085083
2025-03-17,NVDA,2.5064826011657715
2025-03-18,NVDA,2.508578300476074
2025-03-19,NVDA,2.5191259384155273
2025-03-20,NVDA,2.5329978466033936
2025-03-21,NVDA,2.5450022220611572
2025-03-24,NVDA,2.5482282638549805
2025-03-25,NVDA,2.559715509414673
2025-03-26,NVDA,2.535020112991333
2025-03-27,NVDA,2.5439469814300537
2025-03-28,NVDA,2.5545990467071533
2025-03-31,NVDA,2.567633867263794
2025-04-01,NVDA,2.578040361404419
2025-04-02,NVDA,2.5920419692993164
2025-04-03,NVDA,2.5391018390655518
2025-04-04,NVDA,2.498912811279297
2025-04-07,NVDA,2.501005172729492
2025-04-08,NVDA,2.515964984893799
2025-04-09,NVDA,2.2141878604888916
2025-04-10,NVDA,2.2014946937561035
2025-04-11,NVDA,2.2072930335998535
2025-04-14,NVDA,2.219973564147949
2025-04-15,NVDA,2.2315075397491455
2025-04-16,NVDA,2.209676504135132
2025-04-17,NVDA,2.2169761657714844
2025-04-21,NVDA,2.215508222579956
2025-04-22,NVDA,2.2244772911071777
2025-04-23,NVDA,2.2244629859924316
2025-04-24,NVDA,2.2263362407684326
2025-04-25,NVDA,2.224374771118164
2025-04-28,NVDA,2.2316431999206543
2025-04-29,NVDA,2.241698980331421
2025-04-30,NVDA,2.2523951530456543
2025-05-01,NVDA,2.2580153942108154
2025-05-02,NVDA,2.2660233974456787
2025-05-05,NVDA,2.2781550884246826
2025-05-06,NVDA,2.2910869121551514
2025-05-07,NVDA,2.2965352535247803
2025-05-08,NVDA,2.309797525405884
2025-05-09,NVDA,2.3221237659454346
2025-05-12,NVDA,2.309697389602661
2025-05-13,NVDA,2.2952442169189453
2025-05-14,NVDA,2.293283462524414
2025-05-15,NVDA,2.304936170578003
2025-05-16,NVDA,2.3175151348114014
2025-05-19,NVDA,2.3305141925811768
2025-05-20,NVDA,2.342474937438965
2025-05-21,NVDA,2.3516385555267334
2025-05-22,NVDA,2.3647985458374023
2025-05-23,NVDA,2.376767635345459
2025-05-27,NVDA,2.3822171688079834
2025-05-28,NVDA,2.395517587661743
2025-05-29,NVDA,2.400616407394409
2025-05-30,NVDA,2.4052302837371826
2025-06-02,NVDA,2.4174187183380127
2025-06-03,NVDA,2.4247961044311523
2025-06-04,NVDA,2.4390244483947754
2025-06-05,NVDA,2.4510655403137207
2025-06-06,NVDA,2.464810371398926
2025-06-09,NVDA,2.479207992553711
2025-06-10,NVDA,2.493183135986328
2025-06-11,NVDA,2.506563186645508
2025-06-12,NVDA,2.5192036628723145
2025-06-13,NVDA,2.5275790691375732
2025-06-16,NVDA,2.5390799045562744
2025-06-17,NVDA,2.553253412246704
2025-06-18,NVDA,2.5675063133239746
2025-06-20,NVDA,2.580190658569336
2025-06-23,NVDA,2.5953822135925293
2025-06-24,NVDA,2.603461980819702
2025-06-25,NVDA,2.597931146621704
2025-06-26,NVDA,2.6124274730682373
2025-06-27,NVDA,2.6244938373565674
2025-02-26,AAPL,6.228445053100586
2025-02-27,AAPL,6.233297348022461
2025-02-28,AAPL,6.212105751037598
2025-03-03,AAPL,6.203006267547607
2025-03-04,AAPL,6.223045825958252
2025-03-05,AAPL,6.259392738342285
2025-03-06,AAPL,6.298075199127197
2025-03-07,AAPL,6.2969818115234375
2025-03-10,AAPL,5.9595746994018555
2025-03-11,AAPL,5.880708694458008
2025-03-12,AAPL,5.8822174072265625
2025-03-13,AAPL,5.7765913009643555
2025-03-14,AAPL,5.771214485168457
2025-03-17,AAPL,5.810148239135742
2025-03-18,AAPL,5.845827102661133
2025-03-19,AAPL,5.86346435546875
2025-03-20,AAPL,5.898476600646973
2025-03-21,AAPL,5.880718231201172
2025-03-24,AAPL,5.899080276489258
2025-03-25,AAPL,5.907822132110596
2025-03-26,AAPL,5.927399158477783
2025-03-27,AAPL,5.944176197052002
2025-03-28,AAPL,5.878550052642822
2025-03-31,AAPL,5.8599162101745605
2025-04-01,AAPL,5.885264873504639
2025-04-02,AAPL,5.911100387573242
2025-04-03,AAPL,5.014734745025635
2025-04-04,AAPL,4.650200843811035
2025-04-07,AAPL,4.5969319343566895
2025-04-08,AAPL,4.482751369476318
2025-04-09,AAPL,3.497265100479126
2025-04-10,AAPL,3.4686145782470703
2025-04-11,AAPL,3.4383647441864014
2025-04-14,AAPL,3.4428532123565674
2025-04-15,AAPL,3.4620895385742188
2025-04-16,AAPL,3.4419617652893066
2025-04-17,AAPL,3.4553122520446777
2025-04-21,AAPL,3.4669878482818604
2025-04-22,AAPL,3.4521217346191406
2025-04-23,AAPL,3.454706907272339
2025-04-24,AAPL,3.4648549556732178
2025-04-25,AAPL,3.484694242477417
2025-04-28,AAPL,3.5003724098205566
2025-04-29,AAPL,3.514561414718628
2025-04-30,AAPL,3.527862548828125
2025-05-01,AAPL,3.541403293609619
2025-05-02,AAPL,3.518796920776367
2025-05-05,AAPL,3.5085086822509766
2025-05-06,AAPL,3.528903007507324
2025-05-07,AAPL,3.547452926635742
2025-05-08,AAPL,3.567823886871338
2025-05-09,AAPL,3.587639808654785
2025-05-12,AAPL,3.4847395420074463
2025-05-13,AAPL,3.500417947769165
2025-05-14,AAPL,3.5198419094085693
2025-05-15,AAPL,3.540102958679199
2025-05-16,AAPL,3.560807704925537
2025-05-19,AAPL,3.5774028301239014
2025-05-20,AAPL,3.595858097076416
2025-05-21,AAPL,3.601315975189209
2025-05-22,AAPL,3.6237008571624756
2025-05-23,AAPL,3.619675397872925
2025-05-27,AAPL,3.62054443359375
2025-05-28,AAPL,3.6420936584472656
2025-05-29,AAPL,3.663536548614502
2025-05-30,AAPL,3.683063268661499
2025-06-02,AAPL,3.7031164169311523
2025-06-03,AAPL,3.721029758453369
2025-06-04,AAPL,3.7436764240264893
2025-06-05,AAPL,3.763213634490967
2025-06-06,AAPL,3.7753429412841797
2025-06-09,AAPL,3.79315447807312
2025-06-10,AAPL,3.814021348953247
2025-06-11,AAPL,3.8244376182556152
2025-06-12,AAPL,3.848003387451172
2025-06-13,AAPL,3.8650333881378174
2025-06-16,AAPL,3.8838653564453125
2025-06-17,AAPL,3.8989217281341553
2025-06-18,AAPL,3.9221153259277344
2025-06-20,AAPL,3.9229824542999268
2025-06-23,AAPL,3.9445693492889404
2025-06-24,AAPL,3.965628147125244
2025-06-25,AAPL,3.9860143661499023
2025-06-26,AAPL,4.008745193481445
2025-06-27,AAPL,4.031604290008545
2025-02-26,GC=F,9.649147033691406
2025-02-27,GC=F,9.607133865356445
2025-02-28,GC=F,9.491521835327148
2025-03-03,GC=F,9.367666244506836
2025-03-04,GC=F,9.407196044921875
2025-03-05,GC=F,9.464365005493164
2025-03-06,GC=F,9.520626068115234
2025-03-07,GC=F,9.560330390930176
2025-03-10,GC=F,9.597855567932129
2025-03-11,GC=F,9.62882137298584
2025-03-12,GC=F,9.648215293884277
2025-03-13,GC=F,9.581634521484375
2025-03-14,GC=F,9.633180618286133
2025-03-17,GC=F,9.68692398071289
2025-03-18,GC=F,9.676422119140625
2025-03-19,GC=F,9.728281021118164
2025-03-20,GC=F,9.78269100189209
2025-03-21,GC=F,9.786386489868164
2025-03-24,GC=F,9.827265739440918
2025-03-25,GC=F,9.87940788269043
2025-03-26,GC=F,9.93209171295166
2025-03-27,GC=F,9.898833274841309
2025-03-28,GC=F,9.922046661376953
2025-03-31,GC=F,9.908661842346191
2025-04-01,GC=F,9.954736709594727
2025-04-02,GC=F,9.993114471435547
2025-04-03,GC=F,9.888790130615234
2025-04-04,GC=F,9.427145957946777
2025-04-07,GC=F,9.233210563659668
2025-04-08,GC=F,9.282649040222168
2025-04-09,GC=F,8.919515609741211
2025-04-10,GC=F,8.538588523864746
2025-04-11,GC=F,8.429340362548828
2025-04-14,GC=F,8.454192161560059
2025-04-15,GC=F,8.499259948730469
2025-04-16,GC=F,8.151945114135742
2025-04-17,GC=F,8.175373077392578
2025-04-21,GC=F,7.953965663909912
2025-04-22,GC=F,7.993579864501953
2025-04-23,GC=F,7.548851013183594
2025-04-24,GC=F,7.527514934539795
2025-04-25,GC=F,7.487927436828613
2025-04-28,GC=F,7.481480598449707
2025-04-29,GC=F,7.510696887969971
2025-04-30,GC=F,7.536365509033203
2025-05-01,GC=F,7.309598922729492
2025-05-02,GC=F,7.345177173614502
2025-05-05,GC=F,7.250882148742676
2025-05-06,GC=F,7.09273099899292
2025-05-07,GC=F,7.104784965515137
2025-05-08,GC=F,6.969458103179932
2025-05-09,GC=F,6.989396572113037
2025-05-12,GC=F,6.737241268157959
2025-05-13,GC=F,6.776474475860596
2025-05-14,GC=F,6.7393927574157715
2025-05-15,GC=F,6.757204055786133
2025-05-16,GC=F,6.763180255889893
2025-05-19,GC=F,6.767792701721191
2025-05-20,GC=F,6.765190124511719
2025-05-21,GC=F,6.794467926025391
2025-05-22,GC=F,6.824596881866455
2025-05-23,GC=F,6.776885986328125
2025-05-27,GC=F,6.722340106964111
2025-05-28,GC=F,6.759161472320557
2025-05-29,GC=F,6.793143272399902
2025-05-30,GC=F,6.811007499694824
2025-06-02,GC=F,6.735461235046387
2025-06-03,GC=F,6.761753559112549
2025-06-04,GC=F,6.790914535522461
2025-06-05,GC=F,6.8115315437316895
2025-06-06,GC=F,6.822723865509033
2025-06-09,GC=F,6.858906269073486
2025-06-10,GC=F,6.887753009796143
2025-06-11,GC=F,6.9254150390625
2025-06-12,GC=F,6.903335094451904
2025-06-13,GC=F,6.9023518562316895
2025-06-16,GC=F,6.9076247215271
2025-06-17,GC=F,6.9429850578308105
2025-06-18,GC=F,6.9818339347839355
2025-06-20,GC=F,7.006822109222412
2025-06-23,GC=F,7.047375202178955
2025-06-24,GC=F,7.0005621910095215
2025-06-25,GC=F,7.0447516441345215
2025-06-26,GC=F,7.088760852813721
2025-06-27,GC=F,7.046380043029785
2025-02-25,GBPUSD=X,19.21923065185547
2025-02-26,GBPUSD=X,19.22795867919922
2025-02-27,GBPUSD=X,19.33778190612793
2025-02-28,GBPUSD=X,19.23670768737793
2025-03-03,GBPUSD=X,19.345600128173828
2025-03-04,GBPUSD=X,19.155818939208984
2025-03-05,GBPUSD=X,19.00326919555664
2025-03-06,GBPUSD=X,18.843759536743164
2025-03-07,GBPUSD=X,18.9422550201416
2025-03-10,GBPUSD=X,18.994882583618164
2025-03-11,GBPUSD=X,19.004621505737305
2025-03-12,GBPUSD=X,18.989294052124023
2025-03-13,GBPUSD=X,19.093687057495117
2025-03-14,GBPUSD=X,19.200843811035156
2025-03-17,GBPUSD=X,19.28766632080078
2025-03-18,GBPUSD=X,19.320871353149414
2025-03-19,GBPUSD=X,19.427532196044922
2025-03-20,GBPUSD=X,19.539501190185547
2025-03-21,GBPUSD=X,19.58793067932129
2025-03-24,GBPUSD=X,19.634004592895508
2025-03-25,GBPUSD=X,19.74880027770996
2025-03-26,GBPUSD=X,19.85875129699707
2025-03-27,GBPUSD=X,19.836702346801758
2025-03-28,GBPUSD=X,19.793397903442383
2025-03-31,GBPUSD=X,19.90797233581543
2025-04-01,GBPUSD=X,20.020631790161133
2025-04-02,GBPUSD=X,20.144649505615234
2025-04-03,GBPUSD=X,19.786556243896484
2025-04-04,GBPUSD=X,19.852920532226562
2025-04-07,GBPUSD=X,19.000030517578125
2025-04-08,GBPUSD=X,18.284521102905273
2025-04-09,GBPUSD=X,18.327680587768555
2025-04-10,GBPUSD=X,18.419992446899414
2025-04-11,GBPUSD=X,17.856914520263672
2025-04-14,GBPUSD=X,17.775026321411133
2025-04-15,GBPUSD=X,17.712974548339844
2025-04-16,GBPUSD=X,17.750408172607422
2025-04-17,GBPUSD=X,17.846736907958984
2025-04-22,GBPUSD=X,17.512508392333984
2025-04-23,GBPUSD=X,17.346248626708984
2025-04-24,GBPUSD=X,17.43741226196289
2025-04-25,GBPUSD=X,17.466684341430664
2025-04-28,GBPUSD=X,17.522397994995117
2025-04-29,GBPUSD=X,17.229841232299805
2025-04-30,GBPUSD=X,17.31460952758789
2025-05-01,GBPUSD=X,17.233585357666016
2025-05-02,GBPUSD=X,17.2716064453125
2025-05-05,GBPUSD=X,17.34410285949707
2025-05-06,GBPUSD=X,17.425045013427734
2025-05-07,GBPUSD=X,17.4577579498291
2025-05-08,GBPUSD=X,17.470703125
2025-05-09,GBPUSD=X,17.49783706665039
2025-05-12,GBPUSD=X,17.55927276611328
2025-05-13,GBPUSD=X,17.394912719726562
2025-05-14,GBPUSD=X,17.199525833129883
2025-05-15,GBPUSD=X,17.264612197875977
2025-05-16,GBPUSD=X,17.339263916015625
2025-05-19,GBPUSD=X,17.44343376159668
2025-05-20,GBPUSD=X,17.4949951171875
2025-05-21,GBPUSD=X,17.57652473449707
2025-05-22,GBPUSD=X,17.672697067260742
2025-05-23,GBPUSD=X,17.77262306213379
2025-05-26,GBPUSD=X,17.61574363708496
2025-05-27,GBPUSD=X,17.702404022216797
2025-05-28,GBPUSD=X,17.72471046447754
2025-05-29,GBPUSD=X,17.66105079650879
2025-05-30,GBPUSD=X,17.679153442382812
2025-06-02,GBPUSD=X,17.741744995117188
2025-06-03,GBPUSD=X,17.69458770751953
2025-06-04,GBPUSD=X,17.75644874572754
2025-06-05,GBPUSD=X,17.852739334106445
2025-06-06,GBPUSD=X,17.938798904418945
2025-06-09,GBPUSD=X,17.988262176513672
2025-06-10,GBPUSD=X,18.086679458618164
2025-06-11,GBPUSD=X,18.12508773803711
2025-06-12,GBPUSD=X,18.170639038085938
2025-06-13,GBPUSD=X,18.213436126708984
2025-06-16,GBPUSD=X,18.183269500732422
2025-06-17,GBPUSD=X,18.294601440429688
2025-06-18,GBPUSD=X,17.96569061279297
2025-06-19,GBPUSD=X,18.079986572265625
2025-06-20,GBPUSD=X,18.124727249145508
2025-06-23,GBPUSD=X,18.196792602539062
2025-06-24,GBPUSD=X,18.06089210510254
2025-06-25,GBPUSD=X,18.08036231994629
2025-06-26,GBPUSD=X,18.075868606567383
2025-06-27,GBPUSD=X,18.163827896118164
2025-02-26,GOOGL,4.897885799407959
2025-02-27,GOOGL,4.885435104370117
2025-02-28,GOOGL,4.906464099884033
2025-03-03,GOOGL,4.908548831939697
2025-03-04,GOOGL,4.891694068908691
2025-03-05,GOOGL,4.907253265380859
2025-03-06,GOOGL,4.933021545410156
2025-03-07,GOOGL,4.953219413757324
2025-03-10,GOOGL,4.82402229309082
2025-03-11,GOOGL,4.8440117835998535
2025-03-12,GOOGL,4.843279838562012
2025-03-13,GOOGL,4.822343349456787
2025-03-14,GOOGL,4.827701091766357
2025-03-17,GOOGL,4.850886344909668
2025-03-18,GOOGL,4.843480110168457
2025-03-19,GOOGL,4.837198734283447
2025-03-20,GOOGL,4.860419273376465
2025-03-21,GOOGL,4.8810930252075195
2025-03-24,GOOGL,4.86545467376709
2025-03-25,GOOGL,4.8657355308532715
2025-03-26,GOOGL,4.812756061553955
2025-03-27,GOOGL,4.819762706756592
2025-03-28,GOOGL,4.6823883056640625
2025-03-31,GOOGL,4.712364673614502
2025-04-01,GOOGL,4.720080375671387
2025-04-02,GOOGL,4.747421741485596
2025-04-03,GOOGL,4.668854713439941
2025-04-04,GOOGL,4.625319957733154
2025-04-07,GOOGL,4.648143291473389
2025-04-08,GOOGL,4.666688919067383
2025-04-09,GOOGL,4.139934062957764
2025-04-10,GOOGL,4.101197242736816
2025-04-11,GOOGL,4.08390474319458
2025-04-14,GOOGL,4.098300457000732
2025-04-15,GOOGL,4.108908653259277
2025-04-16,GOOGL,4.117715835571289
2025-04-17,GOOGL,4.133213043212891
2025-04-21,GOOGL,4.1338653564453125
2025-04-22,GOOGL,4.11939001083374
2025-04-23,GOOGL,4.106112480163574
2025-04-24,GOOGL,4.095156192779541
2025-04-25,GOOGL,4.101272106170654
2025-04-28,GOOGL,4.116588115692139
2025-04-29,GOOGL,4.13441801071167
2025-04-30,GOOGL,4.1504106521606445
2025-05-01,GOOGL,4.155884742736816
2025-05-02,GOOGL,4.164885997772217
2025-05-05,GOOGL,4.186376094818115
2025-05-06,GOOGL,4.2079386711120605
2025-05-07,GOOGL,3.9871296882629395
2025-05-08,GOOGL,3.9937398433685303
2025-05-09,GOOGL,4.014832496643066
2025-05-12,GOOGL,3.9743075370788574
2025-05-13,GOOGL,3.992987871170044
2025-05-14,GOOGL,3.956366777420044
2025-05-15,GOOGL,3.9759981632232666
2025-05-16,GOOGL,3.9909660816192627
2025-05-19,GOOGL,4.014359951019287
2025-05-20,GOOGL,4.026973247528076
2025-05-21,GOOGL,4.015198230743408
2025-05-22,GOOGL,4.029610633850098
2025-05-23,GOOGL,4.043179988861084
2025-05-27,GOOGL,4.035952091217041
2025-05-28,GOOGL,4.058607578277588
2025-05-29,GOOGL,4.08154296875
2025-05-30,GOOGL,4.1018853187561035
2025-06-02,GOOGL,4.111632347106934
2025-06-03,GOOGL,4.118694305419922
2025-06-04,GOOGL,4.136602401733398
2025-06-05,GOOGL,4.160521030426025
2025-06-06,GOOGL,4.134078025817871
2025-06-09,GOOGL,4.14707088470459
2025-06-10,GOOGL,4.161585807800293
2025-06-11,GOOGL,4.182057857513428
2025-06-12,GOOGL,4.200345039367676
2025-06-13,GOOGL,4.223001480102539
2025-06-16,GOOGL,4.2415008544921875
2025-06-17,GOOGL,4.264526844024658
2025-06-18,GOOGL,4.277207374572754
2025-06-20,GOOGL,4.224621772766113
2025-06-23,GOOGL,4.249281883239746
2025-06-24,GOOGL,4.272861003875732
2025-06-25,GOOGL,4.270444393157959
2025-06-26,GOOGL,4.280511379241943
2025-06-27,GOOGL,4.26223087310791
2025-02-25,USDJPY=X,14.504561424255371
2025-02-26,USDJPY=X,14.545921325683594
2025-02-27,USDJPY=X,14.628201484680176
2025-02-28,USDJPY=X,14.569161415100098
2025-03-03,USDJPY=X,14.585156440734863
2025-03-04,USDJPY=X,14.473532676696777
2025-03-05,USDJPY=X,14.524947166442871
2025-03-06,USDJPY=X,14.538415908813477
2025-03-07,USDJPY=X,14.580650329589844
2025-03-10,USDJPY=X,14.651633262634277
2025-03-11,USDJPY=X,14.717117309570312
2025-03-12,USDJPY=X,14.697173118591309
2025-03-13,USDJPY=X,14.774744987487793
2025-03-14,USDJPY=X,14.84903621673584
2025-03-17,USDJPY=X,14.87672233581543
2025-03-18,USDJPY=X,14.884873390197754
2025-03-19,USDJPY=X,14.961288452148438
2025-03-20,USDJPY=X,14.948022842407227
2025-03-21,USDJPY=X,15.021137237548828
2025-03-24,USDJPY=X,14.973618507385254
2025-03-25,USDJPY=X,14.93070125579834
2025-03-26,USDJPY=X,14.939400672912598
2025-03-27,USDJPY=X,14.989190101623535
2025-03-28,USDJPY=X,15.048590660095215
2025-03-31,USDJPY=X,14.970370292663574
2025-04-01,USDJPY=X,15.03209114074707
2025-04-02,USDJPY=X,15.101747512817383
2025-04-03,USDJPY=X,14.822117805480957
2025-04-04,USDJPY=X,14.658342361450195
2025-04-07,USDJPY=X,14.694602966308594
2025-04-08,USDJPY=X,14.215129852294922
2025-04-09,USDJPY=X,13.993793487548828
2025-04-10,USDJPY=X,13.858471870422363
2025-04-11,USDJPY=X,12.968738555908203
2025-04-14,USDJPY=X,13.056377410888672
2025-04-15,USDJPY=X,13.136119842529297
2025-04-16,USDJPY=X,13.229413032531738
2025-04-17,USDJPY=X,13.217001914978027
2025-04-22,USDJPY=X,13.238689422607422
2025-04-23,USDJPY=X,13.046229362487793
2025-04-24,USDJPY=X,13.100659370422363
2025-04-25,USDJPY=X,13.178437232971191
2025-04-28,USDJPY=X,13.178277969360352
2025-04-29,USDJPY=X,13.070079803466797
2025-04-30,USDJPY=X,13.13795280456543
2025-05-01,USDJPY=X,13.158709526062012
2025-05-02,USDJPY=X,12.783632278442383
2025-05-05,USDJPY=X,12.806914329528809
2025-05-06,USDJPY=X,12.822810173034668
2025-05-07,USDJPY=X,12.86351490020752
2025-05-08,USDJPY=X,12.871065139770508
2025-05-09,USDJPY=X,12.595956802368164
2025-05-12,USDJPY=X,12.651734352111816
2025-05-13,USDJPY=X,12.307644844055176
2025-05-14,USDJPY=X,12.324318885803223
2025-05-15,USDJPY=X,12.340280532836914
2025-05-16,USDJPY=X,12.343920707702637
2025-05-19,USDJPY=X,12.402965545654297
2025-05-20,USDJPY=X,12.468428611755371
2025-05-21,USDJPY=X,12.511180877685547
2025-05-22,USDJPY=X,12.562664031982422
2025-05-23,USDJPY=X,12.63349723815918
2025-05-26,USDJPY=X,12.660308837890625
2025-05-27,USDJPY=X,12.743797302246094
2025-05-28,USDJPY=X,12.650077819824219
2025-05-29,USDJPY=X,12.560783386230469
2025-05-30,USDJPY=X,12.41623306274414
2025-06-02,USDJPY=X,12.496980667114258
2025-06-03,USDJPY=X,12.473088264465332
2025-06-04,USDJPY=X,12.420101165771484
2025-06-05,USDJPY=X,12.434598922729492
2025-06-06,USDJPY=X,12.464859962463379
2025-06-09,USDJPY=X,12.446403503417969
2025-06-10,USDJPY=X,12.51778793334961
2025-06-11,USDJPY=X,12.58163070678711
2025-06-12,USDJPY=X,12.628976821899414
2025-06-13,USDJPY=X,12.638901710510254
2025-06-16,USDJPY=X,12.649332046508789
2025-06-17,USDJPY=X,12.681747436523438
2025-06-18,USDJPY=X,12.710409164428711
2025-06-19,USDJPY=X,12.770084381103516
2025-06-20,USDJPY=X,12.837737083435059
2025-06-23,USDJPY=X,12.829729080200195
2025-06-24,USDJPY=X,12.890885353088379
2025-06-25,USDJPY=X,12.888971328735352
2025-06-26,USDJPY=X,12.961223602294922
2025-06-27,USDJPY=X,13.023359298706055
2025-02-26,META,5.02250862121582
2025-02-27,META,5.002835750579834
2025-02-28,META,5.020530700683594
2025-03-03,META,5.014097213745117
2025-03-04,META,4.9963202476501465
2025-03-05,META,4.9792256355285645
2025-03-06,META,4.848906993865967
2025-03-07,META,4.879981994628906
2025-03-10,META,4.758363246917725
2025-03-11,META,4.779419422149658
2025-03-12,META,4.774425983428955
2025-03-13,META,4.646215438842773
2025-03-14,META,4.618157386779785
2025-03-17,META,4.644049167633057
2025-03-18,META,4.576672554016113
2025-03-19,META,4.602404594421387
2025-03-20,META,4.629693984985352
2025-03-21,META,4.636129856109619
2025-03-24,META,4.570943832397461
2025-03-25,META,4.58685827255249
2025-03-26,META,4.568159103393555
2025-03-27,META,4.579709053039551
2025-03-28,META,4.486265659332275
2025-03-31,META,4.511468887329102
2025-04-01,META,4.518281936645508
2025-04-02,META,4.5425286293029785
2025-04-03,META,4.129476547241211
2025-04-04,META,4.040268421173096
2025-04-07,META,4.0395989418029785
2025-04-08,META,4.060132026672363
2025-04-09,META,3.3419995307922363
2025-04-10,META,3.24899959564209
2025-04-11,META,3.2662553787231445
2025-04-14,META,3.2736668586730957
2025-04-15,META,3.28611159324646
2025-04-16,META,3.276824712753296
2025-04-17,META,3.2978575229644775
2025-04-21,META,3.2939035892486572
2025-04-22,META,3.285318374633789
2025-04-23,META,3.2634828090667725
2025-04-24,META,3.2667086124420166
2025-04-25,META,3.267721652984619
2025-04-28,META,3.2827117443084717
2025-04-29,META,3.296144723892212
2025-04-30,META,3.309692621231079
2025-05-01,META,3.281524419784546
2025-05-02,META,3.2565176486968994
2025-05-05,META,3.273160457611084
2025-05-06,META,3.2799699306488037
2025-05-07,META,3.290836811065674
2025-05-08,META,3.307265281677246
2025-05-09,META,3.3206045627593994
2025-05-12,META,3.191497564315796
2025-05-13,META,3.1927387714385986
2025-05-14,META,3.2079381942749023
2025-05-15,META,3.209984064102173
2025-05-16,META,3.2262301445007324
2025-05-19,META,3.244163751602173
2025-05-20,META,3.2612147331237793
2025-05-21,META,3.279298782348633
2025-05-22,META,3.298119306564331
2025-05-23,META,3.3111422061920166
2025-05-27,META,3.3178906440734863
2025-05-28,META,3.337775230407715
2025-05-29,META,3.3572442531585693
2025-05-30,META,3.376925230026245
2025-06-02,META,3.3648838996887207
2025-06-03,META,3.3820159435272217
2025-06-04,META,3.377974271774292
2025-06-05,META,3.3960962295532227
2025-06-06,META,3.4076411724090576
2025-06-09,META,3.4252731800079346
2025-06-10,META,3.441904306411743
2025-06-11,META,3.455944061279297
2025-06-12,META,3.4753992557525635
2025-06-13,META,3.4867208003997803
2025-06-16,META,3.485435962677002
2025-06-17,META,3.5027010440826416
2025-06-18,META,3.5223782062530518
2025-06-20,META,3.529165744781494
2025-06-23,META,3.5351901054382324
2025-06-24,META,3.5459864139556885
2025-06-25,META,3.565463066101074
2025-06-26,META,3.57045841217041
2025-06-27,META,3.5894620418548584
2025-02-26,AMZN,5.2673187255859375
2025-02-27,AMZN,5.232574939727783
2025-02-28,AMZN,5.240766525268555
2025-03-03,AMZN,5.1611247062683105
2025-03-04,AMZN,5.189887046813965
2025-03-05,AMZN,5.176936149597168
2025-03-06,AMZN,5.084929466247559
2025-03-07,AMZN,5.111594200134277
2025-03-10,AMZN,5.094613552093506
2025-03-11,AMZN,5.114955902099609
2025-03-12,AMZN,5.1317243576049805
2025-03-13,AMZN,5.105659008026123
2025-03-14,AMZN,5.0942182540893555
2025-03-17,AMZN,5.111302852630615
2025-03-18,AMZN,5.120120525360107
2025-03-19,AMZN,5.1293792724609375
2025-03-20,AMZN,5.157425403594971
2025-03-21,AMZN,5.180793285369873
2025-03-24,AMZN,5.090473175048828
2025-03-25,AMZN,5.103206157684326
2025-03-26,AMZN,5.083292484283447
2025-03-27,AMZN,5.11007833480835
2025-03-28,AMZN,4.977537631988525
2025-03-31,AMZN,4.9926958084106445
2025-04-01,AMZN,5.0104851722717285
2025-04-02,AMZN,5.00235652923584
2025-04-03,AMZN,4.46251106262207
2025-04-04,AMZN,4.394087791442871
2025-04-07,AMZN,4.381323337554932
2025-04-08,AMZN,4.373285293579102
2025-04-09,AMZN,3.7419991493225098
2025-04-10,AMZN,3.6723620891571045
2025-04-11,AMZN,3.677823305130005
2025-04-14,AMZN,3.69160795211792
2025-04-15,AMZN,3.7084553241729736
2025-04-16,AMZN,3.704519271850586
2025-04-17,AMZN,3.725414514541626
2025-04-21,AMZN,3.7199716567993164
2025-04-22,AMZN,3.694875955581665
2025-04-23,AMZN,3.6491663455963135
2025-04-24,AMZN,3.631659507751465
2025-04-25,AMZN,3.646660089492798
2025-04-28,AMZN,3.6617484092712402
2025-04-29,AMZN,3.6781694889068604
2025-04-30,AMZN,3.687732219696045
2025-05-01,AMZN,3.6699957847595215
2025-05-02,AMZN,3.6911492347717285
2025-05-05,AMZN,3.6981375217437744
2025-05-06,AMZN,3.717013120651245
2025-05-07,AMZN,3.722426652908325
2025-05-08,AMZN,3.7305262088775635
2025-05-09,AMZN,3.7482900619506836
2025-05-12,AMZN,3.550694227218628
2025-05-13,AMZN,3.561938762664795
2025-05-14,AMZN,3.5779664516448975
2025-05-15,AMZN,3.577540636062622
2025-05-16,AMZN,3.5976626873016357
2025-05-19,AMZN,3.6180012226104736
2025-05-20,AMZN,3.6348209381103516
2025-05-21,AMZN,3.648240804672241
2025-05-22,AMZN,3.6663553714752197
2025-05-23,AMZN,3.6838858127593994
2025-05-27,AMZN,3.684591054916382
2025-05-28,AMZN,3.704214096069336
2025-05-29,AMZN,3.7250874042510986
2025-05-30,AMZN,3.7463507652282715
2025-06-02,AMZN,3.766603708267212
2025-06-03,AMZN,3.787750720977783
2025-06-04,AMZN,3.809312582015991
2025-06-05,AMZN,3.832285165786743
2025-06-06,AMZN,3.827890396118164
2025-06-09,AMZN,3.8409500122070312
2025-06-10,AMZN,3.8623955249786377
2025-06-11,AMZN,3.8659934997558594
2025-06-12,AMZN,3.8878514766693115
2025-06-13,AMZN,3.9084153175354004
2025-06-16,AMZN,3.9175188541412354
2025-06-17,AMZN,3.9377875328063965
2025-06-18,AMZN,3.9548861980438232
2025-06-20,AMZN,3.9695816040039062
2025-06-23,AMZN,3.9918127059936523
2025-06-24,AMZN,3.9977221488952637
2025-06-25,AMZN,4.020371437072754
2025-06-26,AMZN,4.018829345703125
2025-06-27,AMZN,4.008437633514404
2025-07-23,USDJPY=X,13.105727195739746
2025-07-24,USDJPY=X,13.167437553405762
2025-07-25,USDJPY=X,13.208135604858398
2025-07-28,USDJPY=X,13.231051445007324
2025-07-29,USDJPY=X,13.27078628540039
2025-07-30,USDJPY=X,13.345076560974121
2025-07-31,USDJPY=X,13.374368667602539
2025-08-01,USDJPY=X,13.261523246765137
2025-08-04,USDJPY=X,12.499822616577148
2025-08-05,USDJPY=X,12.551375389099121
2025-08-06,USDJPY=X,12.583016395568848
2025-08-07,USDJPY=X,12.647591590881348
2025-08-08,USDJPY=X,12.708521842956543
2025-08-11,USDJPY=X,12.733378410339355
2025-08-12,USDJPY=X,12.792492866516113
2025-08-13,USDJPY=X,12.85367202758789
2025-08-14,USDJPY=X,12.892016410827637
2025-08-15,USDJPY=X,12.939019203186035
2025-08-18,USDJPY=X,12.997838020324707
2025-08-19,USDJPY=X,13.039557456970215
2025-08-20,USDJPY=X,13.111437797546387
2025-08-21,USDJPY=X,13.171039581298828
2025-08-22,USDJPY=X,13.158190727233887
2025-08-25,USDJPY=X,13.130906105041504
2025-08-26,USDJPY=X,13.17391586303711
2025-08-27,USDJPY=X,13.241752624511719
2025-08-28,USDJPY=X,13.317059516906738
2025-08-29,USDJPY=X,13.372172355651855
2025-09-01,USDJPY=X,13.43868637084961
2025-09-02,USDJPY=X,13.51501178741455
2025-09-03,USDJPY=X,13.411430358886719
2025-09-04,USDJPY=X,13.459457397460938
2025-09-05,USDJPY=X,13.525259017944336
2025-09-08,USDJPY=X,13.603434562683105
2025-09-09,USDJPY=X,13.600456237792969
2025-09-10,USDJPY=X,13.68073844909668
2025-09-11,USDJPY=X,13.759029388427734
2025-09-12,USDJPY=X,13.840086936950684
2025-09-15,USDJPY=X,13.905458450317383
2025-09-16,USDJPY=X,13.97858715057373
2025-09-17,USDJPY=X,13.969764709472656
2025-09-18,USDJPY=X,14.023172378540039
2025-09-19,USDJPY=X,13.998356819152832
2025-09-22,USDJPY=X,14.07746696472168
2025-09-23,USDJPY=X,14.148209571838379
2025-09-24,USDJPY=X,14.231805801391602
2025-09-25,USDJPY=X,14.19017219543457
2025-09-26,USDJPY=X,14.15410327911377
2025-09-29,USDJPY=X,14.21524715423584
2025-09-30,USDJPY=X,14.232603073120117
2025-10-01,USDJPY=X,14.277726173400879
2025-10-02,USDJPY=X,14.275900840759277
2025-10-03,USDJPY=X,14.359108924865723
2025-10-06,USDJPY=X,13.860331535339355
2025-10-07,USDJPY=X,13.89511775970459
2025-10-08,USDJPY=X,13.726666450500488
2025-10-09,USDJPY=X,13.772981643676758
2025-10-10,USDJPY=X,13.847734451293945
2025-10-13,USDJPY=X,13.847845077514648
2025-10-14,USDJPY=X,13.917741775512695
2025-10-15,USDJPY=X,13.947892189025879
2025-10-16,USDJPY=X,13.971986770629883
2025-10-17,USDJPY=X,13.985986709594727
2025-10-20,USDJPY=X,14.01999568939209
2025-10-21,USDJPY=X,14.099066734313965
2025-10-22,USDJPY=X,14.070429801940918
2025-10-23,USDJPY=X,14.149723052978516
2025-10-24,USDJPY=X,14.1957426071167
2025-10-27,USDJPY=X,14.26167106628418
2025-10-28,USDJPY=X,14.326591491699219
2025-10-29,USDJPY=X,14.315712928771973
2025-10-30,USDJPY=X,14.315322875976562
2025-10-31,USDJPY=X,14.281411170959473
2025-11-03,USDJPY=X,14.361654281616211
2025-11-04,USDJPY=X,14.440685272216797
2025-11-05,USDJPY=X,14.47872257232666
2025-11-06,USDJPY=X,14.540914535522461
2025-11-07,USDJPY=X,14.491048812866211
2025-11-10,USDJPY=X,14.506353378295898
2025-11-11,USDJPY=X,14.583096504211426
2025-11-12,USDJPY=X,14.664131164550781
2025-11-13,USDJPY=X,14.715600967407227
2025-11-14,USDJPY=X,14.797721862792969
2025-11-17,USDJPY=X,14.882174491882324
2025-11-18,USDJPY=X,14.929056167602539
2025-11-19,USDJPY=X,15.008648872375488
2025-11-20,USDJPY=X,14.895699501037598
2025-11-21,USDJPY=X,14.971335411071777
2025-11-24,USDJPY=X,14.998600959777832
2025-11-25,USDJPY=X,15.083894729614258
2025-11-26,USDJPY=X,15.10862922668457
2025-11-27,USDJPY=X,15.194522857666016
2025-07-23,INFY.NS,5.713878631591797
2025-07-24,INFY.NS,5.721217632293701
2025-07-25,INFY.NS,5.681652545928955
2025-07-28,INFY.NS,5.7170538902282715
2025-07-29,INFY.NS,5.751430034637451
2025-07-30,INFY.NS,5.783389091491699
2025-07-31,INFY.NS,5.812473773956299
2025-08-01,INFY.NS,5.753688335418701
2025-08-04,INFY.NS,5.778133392333984
2025-08-05,INFY.NS,5.78854513168335
2025-08-06,INFY.NS,5.792054653167725
2025-08-07,INFY.NS,5.8268890380859375
2025-08-08,INFY.NS,5.851963520050049
2025-08-11,INFY.NS,5.884603977203369
2025-08-12,INFY.NS,5.920741558074951
2025-08-13,INFY.NS,5.954862117767334
2025-08-14,INFY.NS,5.9507598876953125
2025-08-18,INFY.NS,5.977701187133789
2025-08-19,INFY.NS,6.007513523101807
2025-08-20,INFY.NS,5.797393321990967
2025-08-21,INFY.NS,5.8302106857299805
2025-08-22,INFY.NS,5.860902309417725
2025-08-25,INFY.NS,5.759549140930176
2025-08-26,INFY.NS,5.791812419891357
2025-08-28,INFY.NS,5.776089668273926
2025-08-29,INFY.NS,5.755131721496582
2025-09-01,INFY.NS,5.72548246383667
2025-09-02,INFY.NS,5.758331298828125
2025-09-03,INFY.NS,5.7693190574646
2025-09-04,INFY.NS,5.7887492179870605
2025-09-05,INFY.NS,5.802013397216797
2025-09-08,INFY.NS,5.828073501586914
2025-09-09,INFY.NS,5.516116142272949
2025-09-10,INFY.NS,5.502612113952637
2025-09-11,INFY.NS,5.509414196014404
2025-09-12,INFY.NS,5.52695369720459
2025-09-15,INFY.NS,5.544911861419678
2025-09-16,INFY.NS,5.5756330490112305
2025-09-17,INFY.NS,5.6013031005859375
2025-09-18,INFY.NS,5.614465236663818
2025-09-19,INFY.NS,5.645050048828125
2025-09-22,INFY.NS,5.586483478546143
2025-09-23,INFY.NS,5.619491100311279
2025-09-24,INFY.NS,5.651744842529297
2025-09-25,INFY.NS,5.678523063659668
2025-09-26,INFY.NS,5.63510799407959
2025-09-29,INFY.NS,5.665907382965088
2025-09-30,INFY.NS,5.69887113571167
2025-10-01,INFY.NS,5.729776382446289
2025-10-03,INFY.NS,5.76317834854126
2025-10-06,INFY.NS,5.731758117675781
2025-10-07,INFY.NS,5.746401786804199
2025-10-08,INFY.NS,5.686826229095459
2025-10-09,INFY.NS,5.705573081970215
2025-10-10,INFY.NS,5.735337734222412
2025-10-13,INFY.NS,5.741847038269043
2025-10-14,INFY.NS,5.775280952453613
2025-10-15,INFY.NS,5.793252468109131
2025-10-16,INFY.NS,5.826498985290527
2025-10-17,INFY.NS,5.801257610321045
2025-10-20,INFY.NS,5.803463935852051
2025-10-21,INFY.NS,5.825727462768555
2025-10-23,INFY.NS,5.6506829261779785
2025-10-24,INFY.NS,5.682529926300049
2025-10-27,INFY.NS,5.715099334716797
2025-10-28,INFY.NS,5.747213363647461
2025-10-29,INFY.NS,5.774468421936035
2025-10-30,INFY.NS,5.791402816772461
2025-10-31,INFY.NS,5.81715202331543
2025-11-03,INFY.NS,5.850130081176758
2025-11-04,INFY.NS,5.864747524261475
2025-11-06,INFY.NS,5.89730978012085
2025-11-07,INFY.NS,5.923488140106201
2025-11-10,INFY.NS,5.8603973388671875
2025-11-11,INFY.NS,5.874795913696289
2025-11-12,INFY.NS,5.877942085266113
2025-11-13,INFY.NS,5.904871463775635
2025-11-14,INFY.NS,5.8406171798706055
2025-11-17,INFY.NS,5.873236656188965
2025-11-18,INFY.NS,5.876758098602295
2025-11-19,INFY.NS,5.713372230529785
2025-11-20,INFY.NS,5.744200706481934
2025-11-21,INFY.NS,5.774012088775635
2025-11-24,INFY.NS,5.806656837463379
2025-11-25,INFY.NS,5.820489883422852
2025-11-26,INFY.NS,5.808187007904053
2025-11-27,INFY.NS,5.83703088760376
2025-07-24,IWM,5.842446804046631
2025-07-25,IWM,5.875925540924072
2025-07-28,IWM,5.9106245040893555
2025-07-29,IWM,5.936130523681641
2025-07-30,IWM,5.965590000152588
2025-07-31,IWM,5.983556747436523
2025-08-01,IWM,5.951259613037109
2025-08-04,IWM,5.908627510070801
2025-08-05,IWM,5.94012451171875
2025-08-06,IWM,5.972270488739014
2025-08-07,IWM,6.004556179046631
2025-08-08,IWM,6.039037704467773
2025-08-11,IWM,6.073409080505371
2025-08-12,IWM,5.969533443450928
2025-08-13,IWM,5.949215888977051
2025-08-14,IWM,5.95417594909668
2025-08-15,IWM,5.982317924499512
2025-08-18,IWM,6.015601634979248
2025-08-19,IWM,6.038511753082275
2025-08-20,IWM,6.070517539978027
2025-08-21,IWM,6.104454040527344
2025-08-22,IWM,5.901911735534668
2025-08-25,IWM,5.9128289222717285
2025-08-26,IWM,5.939783573150635
2025-08-27,IWM,5.968259334564209
2025-08-28,IWM,6.002021312713623
2025-08-29,IWM,6.031069755554199
2025-09-02,IWM,6.058637619018555
2025-09-03,IWM,6.092687606811523
2025-09-04,IWM,6.106130123138428
2025-09-05,IWM,6.1398420333862305
2025-09-08,IWM,6.173670291900635
2025-09-09,IWM,6.20025634765625
2025-09-10,IWM,6.234889507293701
2025-09-11,IWM,6.2160186767578125
2025-09-12,IWM,6.227417469024658
2025-09-15,IWM,6.261739730834961
2025-09-16,IWM,6.2979278564453125
2025-09-17,IWM,6.332958221435547
2025-09-18,IWM,6.2644782066345215
2025-09-19,IWM,6.286362171173096
2025-09-22,IWM,6.319823265075684
2025-09-23,IWM,6.35376501083374
2025-09-24,IWM,6.369140625
2025-09-25,IWM,6.383420944213867
2025-09-26,IWM,6.4101948738098145
2025-09-29,IWM,6.448145866394043
2025-09-30,IWM,6.486274719238281
2025-10-01,IWM,6.522915840148926
2025-10-02,IWM,6.554933071136475
2025-10-03,IWM,6.585955619812012
2025-10-06,IWM,6.620479106903076
2025-10-07,IWM,6.626977920532227
2025-10-08,IWM,6.646416187286377
2025-10-09,IWM,6.671472549438477
2025-10-10,IWM,6.504011631011963
2025-10-13,IWM,6.396297931671143
2025-10-14,IWM,6.399953365325928
2025-10-15,IWM,6.4226484298706055
2025-10-16,IWM,6.3611063957214355
2025-10-17,IWM,6.385227203369141
2025-10-20,IWM,6.357361316680908
2025-10-21,IWM,6.387138843536377
2025-10-22,IWM,6.375367641448975
2025-10-23,IWM,6.386645317077637
2025-10-24,IWM,6.399956226348877
2025-10-27,IWM,6.436951637268066
2025-10-28,IWM,6.466433525085449
2025-10-29,IWM,6.4839301109313965
2025-10-30,IWM,6.504859447479248
2025-10-31,IWM,6.537984371185303
2025-11-03,IWM,6.5713911056518555
2025-11-04,IWM,6.538812637329102
2025-11-05,IWM,6.539024353027344
2025-11-06,IWM,6.505885124206543
2025-11-07,IWM,6.538109302520752
2025-11-10,IWM,6.557380199432373
2025-11-11,IWM,6.595700263977051
2025-11-12,IWM,6.631542205810547
2025-11-13,IWM,6.491583824157715
2025-11-14,IWM,6.52885103225708
2025-11-17,IWM,6.482664108276367
2025-11-18,IWM,6.520616054534912
2025-11-19,IWM,6.558498382568359
2025-11-20,IWM,6.522829532623291
2025-11-21,IWM,6.401552200317383
2025-11-24,IWM,6.378115653991699
2025-11-25,IWM,6.330026149749756
2025-11-26,IWM,6.354496002197266
2025-07-24,DX-Y.NYB,18.007200241088867
2025-07-25,DX-Y.NYB,18.063613891601562
2025-07-28,DX-Y.NYB,17.6841983795166
2025-07-29,DX-Y.NYB,17.7565860748291
2025-07-30,DX-Y.NYB,17.400970458984375
2025-07-31,DX-Y.NYB,17.495012283325195
2025-08-01,DX-Y.NYB,16.936723709106445
2025-08-04,DX-Y.NYB,17.02893829345703
2025-08-05,DX-Y.NYB,17.127723693847656
2025-08-06,DX-Y.NYB,17.107330322265625
2025-08-07,DX-Y.NYB,17.180042266845703
2025-08-08,DX-Y.NYB,17.270004272460938
2025-08-11,DX-Y.NYB,17.314800262451172
2025-08-12,DX-Y.NYB,17.351749420166016
2025-08-13,DX-Y.NYB,17.42269515991211
2025-08-14,DX-Y.NYB,17.441234588623047
2025-08-15,DX-Y.NYB,17.48596954345703
2025-08-18,DX-Y.NYB,17.53074073791504
2025-08-19,DX-Y.NYB,17.621780395507812
2025-08-20,DX-Y.NYB,17.721235275268555
2025-08-21,DX-Y.NYB,17.74775505065918
2025-08-22,DX-Y.NYB,17.53471565246582
2025-08-25,DX-Y.NYB,17.40419578552246
2025-08-26,DX-Y.NYB,17.493186950683594
2025-08-27,DX-Y.NYB,17.597484588623047
2025-08-28,DX-Y.NYB,17.62812614440918
2025-08-29,DX-Y.NYB,17.72551727294922
2025-09-02,DX-Y.NYB,17.63818359375
2025-09-03,DX-Y.NYB,17.71709632873535
2025-09-04,DX-Y.NYB,17.7896785736084
2025-09-05,DX-Y.NYB,17.759557723999023
2025-09-08,DX-Y.NYB,17.824939727783203
2025-09-09,DX-Y.NYB,17.864469528198242
2025-09-10,DX-Y.NYB,17.966257095336914
2025-09-11,DX-Y.NYB,18.05205535888672
2025-09-12,DX-Y.NYB,18.158267974853516
2025-09-15,DX-Y.NYB,18.24059295654297
2025-09-16,DX-Y.NYB,18.160926818847656
2025-09-17,DX-Y.NYB,18.2303409576416
2025-09-18,DX-Y.NYB,18.205106735229492
2025-09-19,DX-Y.NYB,18.25790023803711
2025-09-22,DX-Y.NYB,18.324783325195312
2025-09-23,DX-Y.NYB,18.43210220336914
2025-09-24,DX-Y.NYB,18.33793830871582
2025-09-25,DX-Y.NYB,18.206157684326172
2025-09-26,DX-Y.NYB,18.24321937561035
2025-09-29,DX-Y.NYB,18.33050537109375
2025-09-30,DX-Y.NYB,18.428110122680664
2025-10-01,DX-Y.NYB,18.539400100708008
2025-10-02,DX-Y.NYB,18.63884925842285
2025-10-03,DX-Y.NYB,18.74370574951172
2025-10-06,DX-Y.NYB,18.769855499267578
2025-10-07,DX-Y.NYB,18.757108688354492
2025-10-08,DX-Y.NYB,18.81459617614746
2025-10-09,DX-Y.NYB,18.67382049560547
2025-10-10,DX-Y.NYB,18.635208129882812
2025-10-13,DX-Y.NYB,18.69599723815918
2025-10-14,DX-Y.NYB,18.780885696411133
2025-10-15,DX-Y.NYB,18.86111831665039
2025-10-16,DX-Y.NYB,18.89617156982422
2025-10-17,DX-Y.NYB,19.007705688476562
2025-10-20,DX-Y.NYB,19.09966278076172
2025-10-21,DX-Y.NYB,19.14162826538086
2025-10-22,DX-Y.NYB,19.250673294067383
2025-10-23,DX-Y.NYB,19.359004974365234
2025-10-24,DX-Y.NYB,19.467832565307617
2025-10-27,DX-Y.NYB,19.562685012817383
2025-10-28,DX-Y.NYB,19.671260833740234
2025-10-29,DX-Y.NYB,19.61857795715332
2025-10-30,DX-Y.NYB,19.675687789916992
2025-10-31,DX-Y.NYB,19.749406814575195
2025-11-03,DX-Y.NYB,19.85871124267578
2025-11-04,DX-Y.NYB,19.90129852294922
2025-11-05,DX-Y.NYB,20.014671325683594
2025-11-06,DX-Y.NYB,19.994243621826172
2025-11-07,DX-Y.NYB,20.096664428710938
2025-11-10,DX-Y.NYB,20.213682174682617
2025-11-11,DX-Y.NYB,20.315441131591797
2025-11-12,DX-Y.NYB,20.434663772583008
2025-11-13,DX-Y.NYB,20.49768829345703
2025-11-14,DX-Y.NYB,20.610977172851562
2025-11-17,DX-Y.NYB,20.66033363342285
2025-11-18,DX-Y.NYB,20.775318145751953
2025-11-19,DX-Y.NYB,20.583175659179688
2025-11-20,DX-Y.NYB,20.69350242614746
2025-11-21,DX-Y.NYB,20.813024520874023
2025-11-24,DX-Y.NYB,20.93328094482422
2025-11-25,DX-Y.NYB,20.89827537536621
2025-11-26,DX-Y.NYB,21.023128509521484
2025-07-24,AAPL,4.184050559997559
2025-07-25,AAPL,4.208522796630859
2025-07-28,AAPL,4.233211517333984
2025-07-29,AAPL,4.247336387634277
2025-07-30,AAPL,4.265024185180664
2025-07-31,AAPL,4.286627769470215
2025-08-01,AAPL,4.275932788848877
2025-08-04,AAPL,4.299374580383301
2025-08-05,AAPL,4.323615074157715
2025-08-06,AAPL,4.197974681854248
2025-08-07,AAPL,4.1677565574646
2025-08-08,AAPL,4.099554061889648
2025-08-11,AAPL,4.118232727050781
2025-08-12,AAPL,4.136388778686523
2025-08-13,AAPL,4.14862060546875
2025-08-14,AAPL,4.171428203582764
2025-08-15,AAPL,4.193315029144287
2025-08-18,AAPL,4.216663837432861
2025-08-19,AAPL,4.240654945373535
2025-08-20,AAPL,4.240418910980225
2025-08-21,AAPL,4.263922691345215
2025-08-22,AAPL,4.281062126159668
2025-08-25,AAPL,4.303962230682373
2025-08-26,AAPL,4.323791027069092
2025-08-27,AAPL,4.347086429595947
2025-08-28,AAPL,4.368013858795166
2025-08-29,AAPL,4.39315938949585
2025-09-02,AAPL,4.411235332489014
2025-09-03,AAPL,4.350161075592041
2025-09-04,AAPL,4.374574661254883
2025-09-05,AAPL,4.400247573852539
2025-09-08,AAPL,4.421090126037598
2025-09-09,AAPL,4.430145263671875
2025-09-10,AAPL,4.385186672210693
2025-09-11,AAPL,4.399752140045166
2025-09-12,AAPL,4.406782150268555
2025-09-15,AAPL,4.4253339767456055
2025-09-16,AAPL,4.449043273925781
2025-09-17,AAPL,4.473728179931641
2025-09-18,AAPL,4.497011184692383
2025-09-19,AAPL,4.4591546058654785
2025-09-22,AAPL,4.3738932609558105
2025-09-23,AAPL,4.394372463226318
2025-09-24,AAPL,4.412467002868652
2025-09-25,AAPL,4.421186923980713
2025-09-26,AAPL,4.44346284866333
2025-09-29,AAPL,4.467527389526367
2025-09-30,AAPL,4.492657661437988
2025-10-01,AAPL,4.517935276031494
2025-10-02,AAPL,4.54124641418457
2025-10-03,AAPL,4.566464900970459
2025-10-06,AAPL,4.588936805725098
2025-10-07,AAPL,4.614534854888916
2025-10-08,AAPL,4.639423847198486
2025-10-09,AAPL,4.643586158752441
2025-10-10,AAPL,4.574302673339844
2025-10-13,AAPL,4.595820903778076
2025-10-14,AAPL,4.622852802276611
2025-10-15,AAPL,4.647343635559082
2025-10-16,AAPL,4.667447090148926
2025-10-17,AAPL,4.669870853424072
2025-10-20,AAPL,4.590086460113525
2025-10-21,AAPL,4.61588191986084
2025-10-22,AAPL,4.617801189422607
2025-10-23,AAPL,4.643840312957764
2025-10-24,AAPL,4.662075519561768
2025-10-27,AAPL,4.6564435958862305
2025-10-28,AAPL,4.6822357177734375
2025-10-29,AAPL,4.708807468414307
2025-10-30,AAPL,4.734904766082764
2025-10-31,AAPL,4.758740425109863
2025-11-03,AAPL,4.782008647918701
2025-11-04,AAPL,4.809643745422363
2025-11-05,AAPL,4.837758541107178
2025-11-06,AAPL,4.865046501159668
2025-11-07,AAPL,4.889662265777588
2025-11-10,AAPL,4.917567253112793
2025-11-11,AAPL,4.912074565887451
2025-11-12,AAPL,4.934666633605957
2025-11-13,AAPL,4.96083402633667
2025-11-14,AAPL,4.987598419189453
2025-11-17,AAPL,4.9795002937316895
2025-11-18,AAPL,5.008260726928711
2025-11-19,AAPL,5.036377429962158
2025-11-20,AAPL,5.055205345153809
2025-11-21,AAPL,5.053542137145996
2025-11-24,AAPL,5.062090873718262
2025-11-25,AAPL,5.090235710144043
2025-11-26,AAPL,5.119635105133057
2025-07-23,RELIANCE.NS,6.513047218322754
2025-07-24,RELIANCE.NS,6.500945568084717
2025-07-25,RELIANCE.NS,6.525566101074219
2025-07-28,RELIANCE.NS,6.562985420227051
2025-07-29,RELIANCE.NS,6.510493755340576
2025-07-30,RELIANCE.NS,6.542471408843994
2025-07-31,RELIANCE.NS,6.535885334014893
2025-08-01,RELIANCE.NS,6.572932243347168
2025-08-04,RELIANCE.NS,6.5757551193237305
2025-08-05,RELIANCE.NS,6.568155765533447
2025-08-06,RELIANCE.NS,6.605422496795654
2025-08-07,RELIANCE.NS,6.6424784660339355
2025-08-08,RELIANCE.NS,6.628208637237549
2025-08-11,RELIANCE.NS,6.629424571990967
2025-08-12,RELIANCE.NS,6.6613969802856445
2025-08-13,RELIANCE.NS,6.697009086608887
2025-08-14,RELIANCE.NS,6.73406982421875
2025-08-18,RELIANCE.NS,6.764248847961426
2025-08-19,RELIANCE.NS,6.631156921386719
2025-08-20,RELIANCE.NS,6.661318778991699
2025-08-21,RELIANCE.NS,6.6869401931762695
2025-08-22,RELIANCE.NS,6.697689056396484
2025-08-25,RELIANCE.NS,6.735528469085693
2025-08-26,RELIANCE.NS,6.686622142791748
2025-08-28,RELIANCE.NS,6.728041172027588
2025-08-29,RELIANCE.NS,6.67059850692749
2025-09-01,RELIANCE.NS,6.709646701812744
2025-09-02,RELIANCE.NS,6.729928016662598
2025-09-03,RELIANCE.NS,6.762632846832275
2025-09-04,RELIANCE.NS,6.780877590179443
2025-09-05,RELIANCE.NS,6.789523124694824
2025-09-08,RELIANCE.NS,6.827876567840576
2025-09-09,RELIANCE.NS,6.867380619049072
2025-09-10,RELIANCE.NS,6.907536506652832
2025-09-11,RELIANCE.NS,6.943909645080566
2025-09-12,RELIANCE.NS,6.9668073654174805
2025-09-15,RELIANCE.NS,7.006566047668457
2025-09-16,RELIANCE.NS,7.041822910308838
2025-09-17,RELIANCE.NS,7.07449197769165
2025-09-18,RELIANCE.NS,7.112571716308594
2025-09-19,RELIANCE.NS,7.144901275634766
2025-09-22,RELIANCE.NS,7.144565105438232
2025-09-23,RELIANCE.NS,7.185698986053467
2025-09-24,RELIANCE.NS,7.2220354080200195
2025-09-25,RELIANCE.NS,7.2487406730651855
2025-09-26,RELIANCE.NS,7.286035537719727
2025-09-29,RELIANCE.NS,7.325126647949219
2025-09-30,RELIANCE.NS,7.356034278869629
2025-10-01,RELIANCE.NS,7.394886493682861
2025-10-03,RELIANCE.NS,7.433502197265625
2025-10-06,RELIANCE.NS,7.453616142272949
2025-10-07,RELIANCE.NS,7.481593132019043
2025-10-08,RELIANCE.NS,7.475208759307861
2025-10-09,RELIANCE.NS,7.500683784484863
2025-10-10,RELIANCE.NS,7.542651653289795
2025-10-13,RELIANCE.NS,7.579700469970703
2025-10-14,RELIANCE.NS,7.62278938293457
2025-10-15,RELIANCE.NS,7.6651530265808105
2025-10-16,RELIANCE.NS,7.608701229095459
2025-10-17,RELIANCE.NS,7.595318794250488
2025-10-20,RELIANCE.NS,7.267324924468994
2025-10-21,RELIANCE.NS,7.307891845703125
2025-10-23,RELIANCE.NS,7.307289123535156
2025-10-24,RELIANCE.NS,7.347229957580566
2025-10-27,RELIANCE.NS,7.252896308898926
2025-10-28,RELIANCE.NS,7.292608261108398
2025-10-29,RELIANCE.NS,7.301638603210449
2025-10-30,RELIANCE.NS,7.304394721984863
2025-10-31,RELIANCE.NS,7.343725204467773
2025-11-03,RELIANCE.NS,7.385598659515381
2025-11-04,RELIANCE.NS,7.405389785766602
2025-11-06,RELIANCE.NS,7.380208492279053
2025-11-07,RELIANCE.NS,7.3717851638793945
2025-11-10,RELIANCE.NS,7.398933410644531
2025-11-11,RELIANCE.NS,7.44033145904541
2025-11-12,RELIANCE.NS,7.443631649017334
2025-11-13,RELIANCE.NS,7.486598968505859
2025-11-14,RELIANCE.NS,7.52428674697876
2025-11-17,RELIANCE.NS,7.564876079559326
2025-11-18,RELIANCE.NS,7.607427597045898
2025-11-19,RELIANCE.NS,7.651579856872559
2025-11-20,RELIANCE.NS,7.578344345092773
2025-11-21,RELIANCE.NS,7.6204633712768555
2025-11-24,RELIANCE.NS,7.642857551574707
2025-11-25,RELIANCE.NS,7.686441898345947
2025-11-26,RELIANCE.NS,7.615700721740723
2025-11-27,RELIANCE.NS,7.649655342102051
2025-07-24,NVDA,2.7247416973114014
2025-07-25,NVDA,2.739948034286499
2025-07-28,NVDA,2.752418279647827
2025-07-29,NVDA,2.766166925430298
2025-07-30,NVDA,2.7771692276000977
2025-07-31,NVDA,2.7911548614501953
2025-08-01,NVDA,2.7953975200653076
2025-08-04,NVDA,2.7943572998046875
2025-08-05,NVDA,2.8071718215942383
2025-08-06,NVDA,2.8236279487609863
2025-08-07,NVDA,2.839860439300537
2025-08-08,NVDA,2.855727434158325
2025-08-11,NVDA,2.871321201324463
2025-08-12,NVDA,2.8878016471862793
2025-08-13,NVDA,2.9011576175689697
2025-08-14,NVDA,2.917867660522461
2025-08-15,NVDA,2.932314395904541
2025-08-18,NVDA,2.948728561401367
2025-08-19,NVDA,2.9380366802215576
2025-08-20,NVDA,2.9544754028320312
2025-08-21,NVDA,2.9712042808532715
2025-08-22,NVDA,2.9843368530273438
2025-08-25,NVDA,3.0006299018859863
2025-08-26,NVDA,3.017209529876709
2025-08-27,NVDA,3.034285545349121
2025-08-28,NVDA,3.049161911010742
2025-08-29,NVDA,3.039125919342041
2025-09-02,NVDA,3.0468122959136963
2025-09-03,NVDA,3.064307928085327
2025-09-04,NVDA,3.082190990447998
2025-09-05,NVDA,3.0809948444366455
2025-09-08,NVDA,3.0981991291046143
2025-09-09,NVDA,3.1124134063720703
2025-09-10,NVDA,3.101245880126953
2025-09-11,NVDA,3.118190050125122
2025-09-12,NVDA,3.13645076751709
2025-09-15,NVDA,3.1549232006073
2025-09-16,NVDA,3.165189743041992
2025-09-17,NVDA,3.164083480834961
2025-09-18,NVDA,3.1575582027435303
2025-09-19,NVDA,3.176027297973633
2025-09-22,NVDA,3.162336587905884
2025-09-23,NVDA,3.158010959625244
2025-09-24,NVDA,3.1735146045684814
2025-09-25,NVDA,3.1916000843048096
2025-09-26,NVDA,3.2102251052856445
2025-09-29,NVDA,3.220106840133667
2025-09-30,NVDA,3.224982261657715
2025-10-01,NVDA,3.2438669204711914
2025-10-02,NVDA,3.261793375015259
2025-10-03,NVDA,3.278106451034546
2025-10-06,NVDA,3.292194366455078
2025-10-07,NVDA,3.3106632232666016
2025-10-08,NVDA,3.319270133972168
2025-10-09,NVDA,3.3316454887390137
2025-10-10,NVDA,3.278083562850952
2025-10-13,NVDA,3.279355049133301
2025-10-14,NVDA,3.242501735687256
2025-10-15,NVDA,3.260411262512207
2025-10-16,NVDA,3.2771100997924805
2025-10-17,NVDA,3.2953617572784424
2025-10-20,NVDA,3.313721179962158
2025-10-21,NVDA,3.329434633255005
2025-10-22,NVDA,3.347438335418701
2025-10-23,NVDA,3.3648507595062256
2025-10-24,NVDA,3.373208522796631
2025-10-27,NVDA,3.374014377593994
2025-10-28,NVDA,3.330575704574585
2025-10-29,NVDA,3.329679012298584
2025-10-30,NVDA,3.3335964679718018
2025-10-31,NVDA,3.3525989055633545
2025-11-03,NVDA,3.361938238143921
2025-11-04,NVDA,3.329970121383667
2025-11-05,NVDA,3.3370730876922607
2025-11-06,NVDA,3.314567804336548
2025-11-07,NVDA,3.334489345550537
2025-11-10,NVDA,3.271085023880005
2025-11-11,NVDA,3.262705087661743
2025-11-12,NVDA,3.282238006591797
2025-11-13,NVDA,3.2630088329315186
2025-11-14,NVDA,3.2758636474609375
2025-11-17,NVDA,3.2829694747924805
2025-11-18,NVDA,3.2778773307800293
2025-11-19,NVDA,3.278230905532837
2025-11-20,NVDA,3.268420696258545
2025-11-21,NVDA,3.284151792526245
2025-11-24,NVDA,3.293487787246704
2025-11-25,NVDA,3.293161392211914
2025-11-26,NVDA,3.307821750640869
2025-07-24,EEM,7.551715850830078
2025-07-25,EEM,7.590371131896973
2025-07-28,EEM,7.615694999694824
2025-07-29,EEM,7.65810489654541
2025-07-30,EEM,7.679378509521484
2025-07-31,EEM,7.708041191101074
2025-08-01,EEM,7.728277683258057
2025-08-04,EEM,7.740767478942871
2025-08-05,EEM,7.784607410430908
2025-08-06,EEM,7.824728965759277
2025-08-07,EEM,7.85154390335083
2025-08-08,EEM,7.896908760070801
2025-08-11,EEM,7.936737060546875
2025-08-12,EEM,7.937368392944336
2025-08-13,EEM,7.939739227294922
2025-08-14,EEM,7.919227123260498
2025-08-15,EEM,7.965144157409668
2025-08-18,EEM,8.003188133239746
2025-08-19,EEM,8.015259742736816
2025-08-20,EEM,8.06019401550293
2025-08-21,EEM,8.101491928100586
2025-08-22,EEM,8.008214950561523
2025-08-25,EEM,8.03608512878418
2025-08-26,EEM,8.077937126159668
2025-08-27,EEM,8.105616569519043
2025-08-28,EEM,8.149909973144531
2025-08-29,EEM,8.183445930480957
2025-09-02,EEM,8.229248046875
2025-09-03,EEM,8.272936820983887
2025-09-04,EEM,8.314031600952148
2025-09-05,EEM,8.311352729797363
2025-09-08,EEM,8.329143524169922
2025-09-09,EEM,8.368659019470215
2025-09-10,EEM,8.402876853942871
2025-09-11,EEM,8.372551918029785
2025-09-12,EEM,8.417908668518066
2025-09-15,EEM,8.449995040893555
2025-09-16,EEM,8.483789443969727
2025-09-17,EEM,8.52760124206543
2025-09-18,EEM,8.56953239440918
2025-09-19,EEM,8.609944343566895
2025-09-22,EEM,8.65414047241211
2025-09-23,EEM,8.703021049499512
2025-09-24,EEM,8.7413330078125
2025-09-25,EEM,8.76589584350586
2025-09-26,EEM,8.810834884643555
2025-09-29,EEM,8.83099365234375
2025-09-30,EEM,8.879450798034668
2025-10-01,EEM,8.909529685974121
2025-10-02,EEM,8.95618724822998
2025-10-03,EEM,9.00760269165039
2025-10-06,EEM,9.053803443908691
2025-10-07,EEM,9.058958053588867
2025-10-08,EEM,9.089198112487793
2025-10-09,EEM,9.0650634765625
2025-10-10,EEM,8.389605522155762
2025-10-13,EEM,8.109003067016602
2025-10-14,EEM,8.11529541015625
2025-10-15,EEM,8.072467803955078
2025-10-16,EEM,8.108699798583984
2025-10-17,EEM,8.153982162475586
2025-10-20,EEM,8.14035701751709
2025-10-21,EEM,8.122464179992676
2025-10-22,EEM,8.167817115783691
2025-10-23,EEM,8.193277359008789
2025-10-24,EEM,8.230485916137695
2025-10-27,EEM,8.240918159484863
2025-10-28,EEM,8.287819862365723
2025-10-29,EEM,8.326787948608398
2025-10-30,EEM,8.31430721282959
2025-10-31,EEM,8.355060577392578
2025-11-03,EEM,8.39008903503418
2025-11-04,EEM,8.268477439880371
2025-11-05,EEM,8.29069709777832
2025-11-06,EEM,8.305002212524414
2025-11-07,EEM,8.345281600952148
2025-11-10,EEM,8.278844833374023
2025-11-11,EEM,8.327733039855957
2025-11-12,EEM,8.374730110168457
2025-11-13,EEM,8.347909927368164
2025-11-14,EEM,8.395455360412598
2025-11-17,EEM,8.369297981262207
2025-11-18,EEM,8.402504920959473
2025-11-19,EEM,8.442878723144531
2025-11-20,EEM,8.397693634033203
2025-11-21,EEM,8.446917533874512
2025-11-24,EEM,8.453132629394531
2025-11-25,EEM,8.498892784118652
2025-11-26,EEM,8.527812004089355
2025-07-24,TLT,10.336801528930664
2025-07-25,TLT,10.361580848693848
2025-07-28,TLT,10.385805130004883
2025-07-29,TLT,10.207139015197754
2025-07-30,TLT,10.244734764099121
2025-07-31,TLT,10.303518295288086
2025-08-01,TLT,10.199932098388672
2025-08-04,TLT,10.251856803894043
2025-08-05,TLT,10.305039405822754
2025-08-06,TLT,10.334217071533203
2025-08-07,TLT,10.391146659851074
2025-08-08,TLT,10.435132026672363
2025-08-11,TLT,10.495874404907227
2025-08-12,TLT,10.538235664367676
2025-08-13,TLT,10.541869163513184
2025-08-14,TLT,10.553253173828125
2025-08-15,TLT,10.571029663085938
2025-08-18,TLT,10.625860214233398
2025-08-19,TLT,10.652937889099121
2025-08-20,TLT,10.711352348327637
2025-08-21,TLT,10.74821662902832
2025-08-22,TLT,10.758052825927734
2025-08-25,TLT,10.813261032104492
2025-08-26,TLT,10.876755714416504
2025-08-27,TLT,10.94072151184082
2025-08-28,TLT,10.961038589477539
2025-08-29,TLT,10.973526000976562
2025-09-02,TLT,10.982319831848145
2025-09-03,TLT,10.927172660827637
2025-09-04,TLT,10.931937217712402
2025-09-05,TLT,10.77785587310791
2025-09-08,TLT,10.680593490600586
2025-09-09,TLT,10.707029342651367
2025-09-10,TLT,10.742571830749512
2025-09-11,TLT,10.770268440246582
2025-09-12,TLT,10.812077522277832
2025-09-15,TLT,10.873673439025879
2025-09-16,TLT,10.934000968933105
2025-09-17,TLT,10.989835739135742
2025-09-18,TLT,10.942852020263672
2025-09-19,TLT,11.003643989562988
2025-09-22,TLT,11.05406665802002
2025-09-23,TLT,11.074076652526855
2025-09-24,TLT,11.120116233825684
2025-09-25,TLT,11.18301773071289
2025-09-26,TLT,11.245049476623535
2025-09-29,TLT,11.243814468383789
2025-09-30,TLT,11.299870491027832
2025-10-01,TLT,11.356682777404785
2025-10-02,TLT,11.415691375732422
2025-10-03,TLT,11.477910041809082
2025-10-06,TLT,11.464245796203613
2025-10-07,TLT,11.495940208435059
2025-10-08,TLT,11.564584732055664
2025-10-09,TLT,11.630403518676758
2025-10-10,TLT,11.406706809997559
2025-10-13,TLT,11.467851638793945
2025-10-14,TLT,11.521112442016602
2025-10-15,TLT,11.577559471130371
2025-10-16,TLT,11.583823204040527
2025-10-17,TLT,11.645042419433594
2025-10-20,TLT,11.698933601379395
2025-10-21,TLT,11.74299144744873
2025-10-22,TLT,11.807974815368652
2025-10-23,TLT,11.80801773071289
2025-10-24,TLT,11.87605094909668
2025-10-27,TLT,11.933451652526855
2025-10-28,TLT,11.995576858520508
2025-10-29,TLT,11.919455528259277
2025-10-30,TLT,11.937634468078613
2025-10-31,TLT,11.989087104797363
2025-11-03,TLT,12.049332618713379
2025-11-04,TLT,12.111764907836914
2025-11-05,TLT,12.019312858581543
2025-11-06,TLT,11.986645698547363
2025-11-07,TLT,12.04904556274414
2025-11-10,TLT,12.116445541381836
2025-11-11,TLT,12.161141395568848
2025-11-12,TLT,12.22998332977295
2025-11-13,TLT,12.202895164489746
2025-11-14,TLT,12.222814559936523
2025-11-17,TLT,12.285199165344238
2025-11-18,TLT,12.354524612426758
2025-11-19,TLT,12.419042587280273
2025-11-20,TLT,12.463861465454102
2025-11-21,TLT,12.522156715393066
2025-11-24,TLT,12.551558494567871
2025-11-25,TLT,12.616202354431152
2025-11-26,TLT,12.665641784667969
2025-07-24,MSFT,5.653132438659668
2025-07-25,MSFT,5.68324613571167
2025-07-28,MSFT,5.714228630065918
2025-07-29,MSFT,5.746702671051025
2025-07-30,MSFT,5.779406547546387
2025-07-31,MSFT,5.618219375610352
2025-08-01,MSFT,5.597776889801025
2025-08-04,MSFT,5.578218460083008
2025-08-05,MSFT,5.57273006439209
2025-08-06,MSFT,5.598507881164551
2025-08-07,MSFT,5.6185712814331055
2025-08-08,MSFT,5.652113437652588
2025-08-11,MSFT,5.6842145919799805
2025-08-12,MSFT,5.69590425491333
2025-08-13,MSFT,5.6823410987854
2025-08-14,MSFT,5.7147016525268555
2025-08-15,MSFT,5.742055892944336
2025-08-18,MSFT,5.767831325531006
2025-08-19,MSFT,5.764933109283447
2025-08-20,MSFT,5.785468578338623
2025-08-21,MSFT,5.817595481872559
2025-08-22,MSFT,5.848991394042969
2025-08-25,MSFT,5.874755859375
2025-08-26,MSFT,5.905039310455322
2025-08-27,MSFT,5.9278340339660645
2025-08-28,MSFT,5.9584760665893555
2025-08-29,MSFT,5.982943058013916
2025-09-02,MSFT,6.013801574707031
2025-09-03,MSFT,6.047229766845703
2025-09-04,MSFT,6.079622745513916
2025-09-05,MSFT,5.995614051818848
2025-09-08,MSFT,6.025761604309082
2025-09-09,MSFT,6.060769081115723
2025-09-10,MSFT,6.093515872955322
2025-09-11,MSFT,6.128929138183594
2025-09-12,MSFT,6.11698055267334
2025-09-15,MSFT,6.137139797210693
2025-09-16,MSFT,6.142131328582764
2025-09-17,MSFT,6.178068161010742
2025-09-18,MSFT,6.211060047149658
2025-09-19,MSFT,6.193727970123291
2025-09-22,MSFT,6.219696998596191
2025-09-23,MSFT,6.233898162841797
2025-09-24,MSFT,6.271450519561768
2025-09-25,MSFT,6.299614429473877
2025-09-26,MSFT,6.326899528503418
2025-09-29,MSFT,6.35758113861084
2025-09-30,MSFT,6.389338970184326
2025-10-01,MSFT,6.425350666046143
2025-10-02,MSFT,6.447551727294922
2025-10-03,MSFT,6.4841718673706055
2025-10-06,MSFT,6.437932014465332
2025-10-07,MSFT,6.455766201019287
2025-10-08,MSFT,6.49164342880249
2025-10-09,MSFT,6.5215864181518555
2025-10-10,MSFT,6.449691295623779
2025-10-13,MSFT,6.483368873596191
2025-10-14,MSFT,6.519558429718018
2025-10-15,MSFT,6.555769443511963
2025-10-16,MSFT,6.588529109954834
2025-10-17,MSFT,6.623690605163574
2025-10-20,MSFT,6.655693054199219
2025-10-21,MSFT,6.693540573120117
2025-10-22,MSFT,6.72823429107666
2025-10-23,MSFT,6.767761707305908
2025-10-24,MSFT,6.800737380981445
2025-10-27,MSFT,6.794212818145752
2025-10-28,MSFT,6.754866600036621
2025-10-29,MSFT,6.79151725769043
2025-10-30,MSFT,6.620120048522949
2025-10-31,MSFT,6.602306365966797
2025-11-03,MSFT,6.639524936676025
2025-11-04,MSFT,6.668405055999756
2025-11-05,MSFT,6.65928840637207
2025-11-06,MSFT,6.60777473449707
2025-11-07,MSFT,6.648321628570557
2025-11-10,MSFT,6.61810827255249
2025-11-11,MSFT,6.65153694152832
2025-11-12,MSFT,6.686553478240967
2025-11-13,MSFT,6.667988300323486
2025-11-14,MSFT,6.668214797973633
2025-11-17,MSFT,6.697925090789795
2025-11-18,MSFT,6.572149276733398
2025-11-19,MSFT,6.572761535644531
2025-11-20,MSFT,6.558370113372803
2025-11-21,MSFT,6.561487674713135
2025-11-24,MSFT,6.59652042388916
2025-11-25,MSFT,6.626999855041504
2025-11-26,MSFT,6.59814977645874
2025-07-24,QQQ,5.621637344360352
2025-07-25,QQQ,5.653485298156738
2025-07-28,QQQ,5.686164379119873
2025-07-29,QQQ,5.717403888702393
2025-07-30,QQQ,5.749956130981445
2025-07-31,QQQ,5.777556896209717
2025-08-01,QQQ,5.747772216796875
2025-08-04,QQQ,5.737826347351074
2025-08-05,QQQ,5.762302398681641
2025-08-06,QQQ,5.777425289154053
2025-08-07,QQQ,5.810257911682129
2025-08-08,QQQ,5.834724426269531
2025-08-11,QQQ,5.865328788757324
2025-08-12,QQQ,5.880673408508301
2025-08-13,QQQ,5.913754463195801
2025-08-14,QQQ,5.946807861328125
2025-08-15,QQQ,5.976292133331299
2025-08-18,QQQ,6.010958194732666
2025-08-19,QQQ,6.011021137237549
2025-08-20,QQQ,6.037954807281494
2025-08-21,QQQ,6.068150043487549
2025-08-22,QQQ,6.068993091583252
2025-08-25,QQQ,6.101319313049316
2025-08-26,QQQ,6.135448455810547
2025-08-27,QQQ,6.170543670654297
2025-08-28,QQQ,6.201470375061035
2025-08-29,QQQ,6.2087626457214355
2025-09-02,QQQ,6.229005336761475
2025-09-03,QQQ,6.255919456481934
2025-09-04,QQQ,6.281457424163818
2025-09-05,QQQ,6.3186187744140625
2025-09-08,QQQ,6.352715492248535
2025-09-09,QQQ,6.388599872589111
2025-09-10,QQQ,6.425227165222168
2025-09-11,QQQ,6.4564738273620605
2025-09-12,QQQ,6.490551471710205
2025-09-15,QQQ,6.516758441925049
2025-09-16,QQQ,6.553327560424805
2025-09-17,QQQ,6.588396072387695
2025-09-18,QQQ,6.613718032836914
2025-09-19,QQQ,6.645196437835693
2025-09-22,QQQ,6.678994655609131
2025-09-23,QQQ,6.701900482177734
2025-09-24,QQQ,6.736016750335693
2025-09-25,QQQ,6.76820182800293
2025-09-26,QQQ,6.80546760559082
2025-09-29,QQQ,6.841897964477539
2025-09-30,QQQ,6.881458759307861
2025-10-01,QQQ,6.91854190826416
2025-10-02,QQQ,6.956644058227539
2025-10-03,QQQ,6.989312171936035
2025-10-06,QQQ,7.02051305770874
2025-10-07,QQQ,7.050513744354248
2025-10-08,QQQ,7.064388751983643
2025-10-09,QQQ,7.1027374267578125
2025-10-10,QQQ,6.8162760734558105
2025-10-13,QQQ,6.762372016906738
2025-10-14,QQQ,6.788333415985107
2025-10-15,QQQ,6.819433689117432
2025-10-16,QQQ,6.8532938957214355
2025-10-17,QQQ,6.886025428771973
2025-10-20,QQQ,6.894587993621826
2025-10-21,QQQ,6.933297634124756
2025-10-22,QQQ,6.943328380584717
2025-10-23,QQQ,6.971571445465088
2025-10-24,QQQ,6.9906206130981445
2025-10-27,QQQ,6.9622955322265625
2025-10-28,QQQ,6.993527889251709
2025-10-29,QQQ,7.030553340911865
2025-10-30,QQQ,6.997692108154297
2025-10-31,QQQ,7.03523063659668
2025-11-03,QQQ,7.072662353515625
2025-11-04,QQQ,6.9902262687683105
2025-11-05,QQQ,7.02393913269043
2025-11-06,QQQ,6.962937831878662
2025-11-07,QQQ,6.9982590675354
2025-11-10,QQQ,6.928666114807129
2025-11-11,QQQ,6.965590476989746
2025-11-12,QQQ,7.005716800689697
2025-11-13,QQQ,6.926351547241211
2025-11-14,QQQ,6.9654011726379395
2025-11-17,QQQ,6.982944965362549
2025-11-18,QQQ,6.981139659881592
2025-11-19,QQQ,7.015635967254639
2025-11-20,QQQ,6.9077653884887695
2025-11-21,QQQ,6.936173915863037
2025-11-24,QQQ,6.8261895179748535
2025-11-25,QQQ,6.8598504066467285
2025-11-26,QQQ,6.883545875549316
2025-07-23,USDINR=X,29.749847412109375
2025-07-24,USDINR=X,29.91740608215332
2025-07-25,USDINR=X,30.091772079467773
2025-07-28,USDINR=X,30.243635177612305
2025-07-29,USDINR=X,30.235010147094727
2025-07-30,USDINR=X,30.20652198791504
2025-07-31,USDINR=X,29.334623336791992
2025-08-01,USDINR=X,29.350784301757812
2025-08-04,USDINR=X,29.349239349365234
2025-08-05,USDINR=X,28.575803756713867
2025-08-06,USDINR=X,28.651994705200195
2025-08-07,USDINR=X,28.818424224853516
2025-08-08,USDINR=X,28.69548797607422
2025-08-11,USDINR=X,28.860647201538086
2025-08-12,USDINR=X,28.971689224243164
2025-08-13,USDINR=X,29.12086296081543
2025-08-14,USDINR=X,29.226781845092773
2025-08-15,USDINR=X,29.27663803100586
2025-08-18,USDINR=X,29.351816177368164
2025-08-19,USDINR=X,29.387266159057617
2025-08-20,USDINR=X,29.42514419555664
2025-08-21,USDINR=X,29.58217430114746
2025-08-22,USDINR=X,29.58441734313965
2025-08-25,USDINR=X,29.755693435668945
2025-08-26,USDINR=X,29.746580123901367
2025-08-27,USDINR=X,29.924413681030273
2025-08-28,USDINR=X,30.091655731201172
2025-08-29,USDINR=X,30.24762535095215
2025-09-01,USDINR=X,29.587295532226562
2025-09-02,USDINR=X,29.664072036743164
2025-09-03,USDINR=X,29.834712982177734
2025-09-04,USDINR=X,29.998027801513672
2025-09-05,USDINR=X,30.13986587524414
2025-09-08,USDINR=X,30.31521987915039
2025-09-09,USDINR=X,30.348325729370117
2025-09-10,USDINR=X,30.393701553344727
2025-09-11,USDINR=X,30.476964950561523
2025-09-12,USDINR=X,30.557514190673828
2025-09-15,USDINR=X,30.735010147094727
2025-09-16,USDINR=X,30.828155517578125
2025-09-17,USDINR=X,30.823484420776367
2025-09-18,USDINR=X,31.00322723388672
2025-09-19,USDINR=X,30.962730407714844
2025-09-22,USDINR=X,31.093788146972656
2025-09-23,USDINR=X,31.179950714111328
2025-09-24,USDINR=X,30.701269149780273
2025-09-25,USDINR=X,30.866565704345703
2025-09-26,USDINR=X,31.03976058959961
2025-09-29,USDINR=X,31.18088150024414
2025-09-30,USDINR=X,31.362327575683594
2025-10-01,USDINR=X,31.497360229492188
2025-10-02,USDINR=X,31.585575103759766
2025-10-03,USDINR=X,31.759891510009766
2025-10-06,USDINR=X,31.947965621948242
2025-10-07,USDINR=X,32.1318359375
2025-10-08,USDINR=X,32.31694793701172
2025-10-09,USDINR=X,32.49374008178711
2025-10-10,USDINR=X,32.66455078125
2025-10-13,USDINR=X,32.7945556640625
2025-10-14,USDINR=X,32.9351921081543
2025-10-15,USDINR=X,33.096221923828125
2025-10-16,USDINR=X,30.327085494995117
2025-10-17,USDINR=X,30.43189239501953
2025-10-20,USDINR=X,30.614730834960938
2025-10-21,USDINR=X,30.743776321411133
2025-10-22,USDINR=X,30.891176223754883
2025-10-23,USDINR=X,30.866806030273438
2025-10-24,USDINR=X,31.040842056274414
2025-10-27,USDINR=X,31.21683692932129
2025-10-28,USDINR=X,30.972841262817383
2025-10-29,USDINR=X,31.151689529418945
2025-10-30,USDINR=X,31.296716690063477
2025-10-31,USDINR=X,31.26201057434082
2025-11-03,USDINR=X,31.405771255493164
2025-11-04,USDINR=X,31.569801330566406
2025-11-05,USDINR=X,31.756376266479492
2025-11-06,USDINR=X,31.834300994873047
2025-11-07,USDINR=X,31.97499656677246
2025-11-10,USDINR=X,32.15764236450195
2025-11-11,USDINR=X,32.3387336730957
2025-11-12,USDINR=X,32.31068420410156
2025-11-13,USDINR=X,32.459896087646484
2025-11-14,USDINR=X,32.504024505615234
2025-11-17,USDINR=X,32.613162994384766
2025-11-18,USDINR=X,32.78773498535156
2025-11-19,USDINR=X,32.94786834716797
2025-11-20,USDINR=X,33.11027145385742
2025-11-21,USDINR=X,33.17688751220703
2025-11-24,USDINR=X,30.737199783325195
2025-11-25,USDINR=X,30.225099563598633
2025-11-26,USDINR=X,30.399385452270508
2025-11-27,USDINR=X,30.573986053466797
2025-07-24,GOOGL,4.395434856414795
2025-07-25,GOOGL,4.420063018798828
2025-07-28,GOOGL,4.44478702545166
2025-07-29,GOOGL,4.454866409301758
2025-07-30,GOOGL,4.478762149810791
2025-07-31,GOOGL,4.461822032928467
2025-08-01,GOOGL,4.470236301422119
2025-08-04,GOOGL,4.4367780685424805
2025-08-05,GOOGL,4.461777210235596
2025-08-06,GOOGL,4.485567092895508
2025-08-07,GOOGL,4.511345863342285
2025-08-08,GOOGL,4.499981880187988
2025-08-11,GOOGL,4.524768352508545
2025-08-12,GOOGL,4.544329643249512
2025-08-13,GOOGL,4.565784454345703
2025-08-14,GOOGL,4.590647220611572
2025-08-15,GOOGL,4.6166863441467285
2025-08-18,GOOGL,4.642701625823975
2025-08-19,GOOGL,4.659278869628906
2025-08-20,GOOGL,4.674281597137451
2025-08-21,GOOGL,4.702078342437744
2025-08-22,GOOGL,4.658867359161377
2025-08-25,GOOGL,4.6778693199157715
2025-08-26,GOOGL,4.699125289916992
2025-08-27,GOOGL,4.725879192352295
2025-08-28,GOOGL,4.726515769958496
2025-08-29,GOOGL,4.752418041229248
2025-09-02,GOOGL,4.773115158081055
2025-09-03,GOOGL,4.255958080291748
2025-09-04,GOOGL,4.279808044433594
2025-09-05,GOOGL,4.299249649047852
2025-09-08,GOOGL,4.321434497833252
2025-09-09,GOOGL,4.320699214935303
2025-09-10,GOOGL,4.343469142913818
2025-09-11,GOOGL,4.367761135101318
2025-09-12,GOOGL,4.391908645629883
2025-09-15,GOOGL,4.3102617263793945
2025-09-16,GOOGL,4.333308696746826
2025-09-17,GOOGL,4.352360725402832
2025-09-18,GOOGL,4.374345302581787
2025-09-19,GOOGL,4.395839691162109
2025-09-22,GOOGL,4.411809921264648
2025-09-23,GOOGL,4.434632301330566
2025-09-24,GOOGL,4.429702281951904
2025-09-25,GOOGL,4.45111608505249
2025-09-26,GOOGL,4.4774909019470215
2025-09-29,GOOGL,4.492504119873047
2025-09-30,GOOGL,4.5151238441467285
2025-10-01,GOOGL,4.540638446807861
2025-10-02,GOOGL,4.566860198974609
2025-10-03,GOOGL,4.592252731323242
2025-10-06,GOOGL,4.5961761474609375
2025-10-07,GOOGL,4.589206695556641
2025-10-08,GOOGL,4.611897945404053
2025-10-09,GOOGL,4.6205058097839355
2025-10-10,GOOGL,4.6084771156311035
2025-10-13,GOOGL,4.572484493255615
2025-10-14,GOOGL,4.598361968994141
2025-10-15,GOOGL,4.5960798263549805
2025-10-16,GOOGL,4.621673583984375
2025-10-17,GOOGL,4.646775245666504
2025-10-20,GOOGL,4.666435718536377
2025-10-21,GOOGL,4.638323783874512
2025-10-22,GOOGL,4.66426944732666
2025-10-23,GOOGL,4.691074371337891
2025-10-24,GOOGL,4.673746585845947
2025-10-27,GOOGL,4.619845390319824
2025-10-28,GOOGL,4.639342784881592
2025-10-29,GOOGL,4.625548362731934
2025-10-30,GOOGL,4.618044853210449
2025-10-31,GOOGL,4.6427788734436035
2025-11-03,GOOGL,4.666818141937256
2025-11-04,GOOGL,4.644219875335693
2025-11-05,GOOGL,4.638673782348633
2025-11-06,GOOGL,4.665233135223389
2025-11-07,GOOGL,4.646875858306885
2025-11-10,GOOGL,4.574707508087158
2025-11-11,GOOGL,4.601412773132324
2025-11-12,GOOGL,4.599247932434082
2025-11-13,GOOGL,4.552168369293213
2025-11-14,GOOGL,4.569601058959961
2025-11-17,GOOGL,4.541715621948242
2025-11-18,GOOGL,4.5660529136657715
2025-11-19,GOOGL,4.542208194732666
2025-11-20,GOOGL,4.552469253540039
2025-11-21,GOOGL,4.50972318649292
2025-11-24,GOOGL,4.311707496643066
2025-11-25,GOOGL,4.3301005363464355
2025-11-26,GOOGL,4.339846611022949
2025-07-23,GBPUSD=X,18.399629592895508
2025-07-24,GBPUSD=X,18.437129974365234
2025-07-25,GBPUSD=X,18.398271560668945
2025-07-28,GBPUSD=X,18.367795944213867
2025-07-29,GBPUSD=X,18.296058654785156
2025-07-30,GBPUSD=X,18.39999008178711
2025-07-31,GBPUSD=X,18.25601577758789
2025-08-01,GBPUSD=X,18.302854537963867
2025-08-04,GBPUSD=X,18.245494842529297
2025-08-05,GBPUSD=X,18.34842872619629
2025-08-06,GBPUSD=X,18.45130157470703
2025-08-07,GBPUSD=X,18.46729850769043
2025-08-08,GBPUSD=X,18.3551082611084
2025-08-11,GBPUSD=X,18.458749771118164
2025-08-12,GBPUSD=X,18.560922622680664
2025-08-13,GBPUSD=X,18.557844161987305
2025-08-14,GBPUSD=X,18.51136589050293
2025-08-15,GBPUSD=X,18.531980514526367
2025-08-18,GBPUSD=X,18.62484359741211
2025-08-19,GBPUSD=X,18.6622371673584
2025-08-20,GBPUSD=X,18.752578735351562
2025-08-21,GBPUSD=X,18.84950065612793
2025-08-22,GBPUSD=X,18.88697052001953
2025-08-25,GBPUSD=X,18.772695541381836
2025-08-26,GBPUSD=X,18.782651901245117
2025-08-27,GBPUSD=X,18.880706787109375
2025-08-28,GBPUSD=X,18.978595733642578
2025-08-29,GBPUSD=X,19.08943748474121
2025-09-01,GBPUSD=X,19.198684692382812
2025-09-02,GBPUSD=X,19.261869430541992
2025-09-03,GBPUSD=X,18.595157623291016
2025-09-04,GBPUSD=X,18.61797523498535
2025-09-05,GBPUSD=X,18.7282657623291
2025-09-08,GBPUSD=X,18.77764320373535
2025-09-09,GBPUSD=X,18.799152374267578
2025-09-10,GBPUSD=X,18.873842239379883
2025-09-11,GBPUSD=X,18.98138999938965
2025-09-12,GBPUSD=X,19.04730796813965
2025-09-15,GBPUSD=X,19.132829666137695
2025-09-16,GBPUSD=X,19.184253692626953
2025-09-17,GBPUSD=X,19.2265625
2025-09-18,GBPUSD=X,19.313085556030273
2025-09-19,GBPUSD=X,19.253870010375977
2025-09-22,GBPUSD=X,19.11387062072754
2025-09-23,GBPUSD=X,19.161083221435547
2025-09-24,GBPUSD=X,19.275094985961914
2025-09-25,GBPUSD=X,19.2205867767334
2025-09-26,GBPUSD=X,18.941804885864258
2025-09-29,GBPUSD=X,18.912466049194336
2025-09-30,GBPUSD=X,19.00006103515625
2025-10-01,GBPUSD=X,19.11034393310547
2025-10-02,GBPUSD=X,19.18407440185547
2025-10-03,GBPUSD=X,19.256010055541992
2025-10-06,GBPUSD=X,19.362468719482422
2025-10-07,GBPUSD=X,19.397003173828125
2025-10-08,GBPUSD=X,19.380109786987305
2025-10-09,GBPUSD=X,19.48236656188965
2025-10-10,GBPUSD=X,19.310016632080078
2025-10-13,GBPUSD=X,19.38833999633789
2025-10-14,GBPUSD=X,19.496219635009766
2025-10-15,GBPUSD=X,19.60493278503418
2025-10-16,GBPUSD=X,19.50361442565918
2025-10-17,GBPUSD=X,19.56821632385254
2025-10-20,GBPUSD=X,19.659740447998047
2025-10-21,GBPUSD=X,19.76108169555664
2025-10-22,GBPUSD=X,19.824785232543945
2025-10-23,GBPUSD=X,19.93454360961914
2025-10-24,GBPUSD=X,20.030200958251953
2025-10-27,GBPUSD=X,20.146615982055664
2025-10-28,GBPUSD=X,20.25255012512207
2025-10-29,GBPUSD=X,20.238780975341797
2025-10-30,GBPUSD=X,20.117895126342773
2025-10-31,GBPUSD=X,20.199247360229492
2025-11-03,GBPUSD=X,20.299114227294922
2025-11-04,GBPUSD=X,20.42031478881836
2025-11-05,GBPUSD=X,20.099260330200195
2025-11-06,GBPUSD=X,20.177587509155273
2025-11-07,GBPUSD=X,20.00243377685547
2025-11-10,GBPUSD=X,20.117900848388672
2025-11-11,GBPUSD=X,20.195207595825195
2025-11-12,GBPUSD=X,20.299047470092773
2025-11-13,GBPUSD=X,20.395023345947266
2025-11-14,GBPUSD=X,20.489540100097656
2025-11-17,GBPUSD=X,20.60447120666504
2025-11-18,GBPUSD=X,20.725976943969727
2025-11-19,GBPUSD=X,20.850934982299805
2025-11-20,GBPUSD=X,20.699642181396484
2025-11-21,GBPUSD=X,20.790599822998047
2025-11-24,GBPUSD=X,20.899866104125977
2025-11-25,GBPUSD=X,21.0126895904541
2025-11-26,GBPUSD=X,21.017126083374023
2025-11-27,GBPUSD=X,20.825834274291992
2025-07-24,JPM,5.2939133644104
2025-07-25,JPM,5.32213020324707
2025-07-28,JPM,5.352781772613525
2025-07-29,JPM,5.3793230056762695
2025-07-30,JPM,5.403167247772217
2025-07-31,JPM,5.412950038909912
2025-08-01,JPM,5.371068000793457
2025-08-04,JPM,5.374624252319336
2025-08-05,JPM,5.390285015106201
2025-08-06,JPM,5.421376705169678
2025-08-07,JPM,5.419276714324951
2025-08-08,JPM,5.447664260864258
2025-08-11,JPM,5.47868013381958
2025-08-12,JPM,5.498278617858887
2025-08-13,JPM,5.518468856811523
2025-08-14,JPM,5.536059379577637
2025-08-15,JPM,5.542621612548828
2025-08-18,JPM,5.574924468994141
2025-08-19,JPM,5.604092121124268
2025-08-20,JPM,5.634189128875732
2025-08-21,JPM,5.665472984313965
2025-08-22,JPM,5.667906284332275
2025-08-25,JPM,5.694936275482178
2025-08-26,JPM,5.711530685424805
2025-08-27,JPM,5.743710517883301
2025-08-28,JPM,5.773599624633789
2025-08-29,JPM,5.806069850921631
2025-09-02,JPM,5.832415580749512
2025-09-03,JPM,5.866475582122803
2025-09-04,JPM,5.875957489013672
2025-09-05,JPM,5.752506732940674
2025-09-08,JPM,5.781149387359619
2025-09-09,JPM,5.780402660369873
2025-09-10,JPM,5.805801868438721
2025-09-11,JPM,5.806650638580322
2025-09-12,JPM,5.838839054107666
2025-09-15,JPM,5.868457794189453
2025-09-16,JPM,5.9025397300720215
2025-09-17,JPM,5.9290971755981445
2025-09-18,JPM,5.96223783493042
2025-09-19,JPM,5.995189666748047
2025-09-22,JPM,6.016172885894775
2025-09-23,JPM,6.051783561706543
2025-09-24,JPM,6.086630344390869
2025-09-25,JPM,6.121283054351807
2025-09-26,JPM,6.150819778442383
2025-09-29,JPM,6.18271541595459
2025-09-30,JPM,6.215859889984131
2025-10-01,JPM,6.20208215713501
2025-10-02,JPM,6.213913917541504
2025-10-03,JPM,6.24312686920166
2025-10-06,JPM,6.280146598815918
2025-10-07,JPM,6.309591770172119
2025-10-08,JPM,6.313120365142822
2025-10-09,JPM,6.3476128578186035
2025-10-10,JPM,6.333115100860596
2025-10-13,JPM,6.2777862548828125
2025-10-14,JPM,6.23638391494751
2025-10-15,JPM,6.251082420349121
2025-10-16,JPM,6.1780104637146
2025-10-17,JPM,6.210411071777344
2025-10-20,JPM,6.206104755401611
2025-10-21,JPM,6.180838108062744
2025-10-22,JPM,6.196422576904297
2025-10-23,JPM,6.231447696685791
2025-10-24,JPM,6.199914932250977
2025-10-27,JPM,6.2137861251831055
2025-10-28,JPM,6.248471260070801
2025-10-29,JPM,6.2850141525268555
2025-10-30,JPM,6.295812129974365
2025-10-31,JPM,6.330447196960449
2025-11-03,JPM,6.357107162475586
2025-11-04,JPM,6.394524097442627
2025-11-05,JPM,6.422510147094727
2025-11-06,JPM,6.457637786865234
2025-11-07,JPM,6.493518352508545
2025-11-10,JPM,6.520158767700195
2025-11-11,JPM,6.553246021270752
2025-11-12,JPM,6.551353454589844
2025-11-13,JPM,6.3342413902282715
2025-11-14,JPM,6.294962406158447
2025-11-17,JPM,6.307690143585205
2025-11-18,JPM,6.34110164642334
2025-11-19,JPM,6.349396228790283
2025-11-20,JPM,6.3305983543396
2025-11-21,JPM,6.367281913757324
2025-11-24,JPM,6.40488862991333
2025-11-25,JPM,6.390091419219971
2025-11-26,JPM,6.386569976806641
2025-07-24,TSLA,1.9441667795181274
2025-07-25,TSLA,1.9495835304260254
2025-07-28,TSLA,1.9565342664718628
2025-07-29,TSLA,1.9660508632659912
2025-07-30,TSLA,1.9772112369537354
2025-07-31,TSLA,1.9812772274017334
2025-08-01,TSLA,1.9907759428024292
2025-08-04,TSLA,1.9996098279953003
2025-08-05,TSLA,2.0108931064605713
2025-08-06,TSLA,2.0150508880615234
2025-08-07,TSLA,2.0265605449676514
2025-08-08,TSLA,2.0353214740753174
2025-08-11,TSLA,2.0428032875061035
2025-08-12,TSLA,2.054304838180542
2025-08-13,TSLA,2.066208600997925
2025-08-14,TSLA,2.077314853668213
2025-08-15,TSLA,2.0869016647338867
2025-08-18,TSLA,2.0980453491210938
2025-08-19,TSLA,2.1077218055725098
2025-08-20,TSLA,2.117631435394287
2025-08-21,TSLA,2.1286404132843018
2025-08-22,TSLA,2.1149115562438965
2025-08-25,TSLA,2.1251091957092285
2025-08-26,TSLA,2.1364238262176514
2025-08-27,TSLA,2.1486778259277344
2025-08-28,TSLA,2.159911870956421
2025-08-29,TSLA,2.1620216369628906
2025-09-02,TSLA,2.172663450241089
2025-09-03,TSLA,2.184299945831299
2025-09-04,TSLA,2.1962027549743652
2025-09-05,TSLA,2.1993515491485596
2025-09-08,TSLA,2.210236072540283
2025-09-09,TSLA,2.222792148590088
2025-09-10,TSLA,2.2354469299316406
2025-09-11,TSLA,2.219973087310791
2025-09-12,TSLA,2.1921133995056152
2025-09-15,TSLA,2.195923089981079
2025-09-16,TSLA,2.203467845916748
2025-09-17,TSLA,2.215728282928467
2025-09-18,TSLA,2.223466634750366
2025-09-19,TSLA,2.233135223388672
2025-09-22,TSLA,2.24385666847229
2025-09-23,TSLA,2.251843214035034
2025-09-24,TSLA,2.2536213397979736
2025-09-25,TSLA,2.2467124462127686
2025-09-26,TSLA,2.248385190963745
2025-09-29,TSLA,2.261334180831909
2025-09-30,TSLA,2.273847818374634
2025-10-01,TSLA,2.279308557510376
2025-10-02,TSLA,2.2651333808898926
2025-10-03,TSLA,2.2756731510162354
2025-10-06,TSLA,2.2667970657348633
2025-10-07,TSLA,2.2598507404327393
2025-10-08,TSLA,2.27278470993042
2025-10-09,TSLA,2.285327196121216
2025-10-10,TSLA,2.2720110416412354
2025-10-13,TSLA,2.262929916381836
2025-10-14,TSLA,2.2731540203094482
2025-10-15,TSLA,2.2851433753967285
2025-10-16,TSLA,2.295668363571167
2025-10-17,TSLA,2.304394006729126
2025-10-20,TSLA,2.315821409225464
2025-10-21,TSLA,2.3274240493774414
2025-10-22,TSLA,2.339871406555176
2025-10-23,TSLA,2.350421905517578
2025-10-24,TSLA,2.3500008583068848
2025-10-27,TSLA,2.348257064819336
2025-10-28,TSLA,2.3601036071777344
2025-10-29,TSLA,2.372995615005493
2025-10-30,TSLA,2.361490488052368
2025-10-31,TSLA,2.3637619018554688
2025-11-03,TSLA,2.372720956802368
2025-11-04,TSLA,2.3561906814575195
2025-11-05,TSLA,2.3568787574768066
2025-11-06,TSLA,2.355903387069702
2025-11-07,TSLA,2.353999137878418
2025-11-10,TSLA,2.356933116912842
2025-11-11,TSLA,2.367888927459717
2025-11-12,TSLA,2.376039505004883
2025-11-13,TSLA,2.343458414077759
2025-11-14,TSLA,2.357395887374878
2025-11-17,TSLA,2.3696446418762207
2025-11-18,TSLA,2.379272937774658
2025-11-19,TSLA,2.3929946422576904
2025-11-20,TSLA,2.401397943496704
2025-11-21,TSLA,2.413726806640625
2025-11-24,TSLA,2.3820886611938477
2025-11-25,TSLA,2.3963630199432373
2025-11-26,TSLA,2.407857656478882
2025-07-24,XOM,5.523281097412109
2025-07-25,XOM,5.55358362197876
2025-07-28,XOM,5.574908256530762
2025-07-29,XOM,5.586357593536377
2025-07-30,XOM,5.608086585998535
2025-07-31,XOM,5.63916015625
2025-08-01,XOM,5.627828598022461
2025-08-04,XOM,5.604518413543701
2025-08-05,XOM,5.636539936065674
2025-08-06,XOM,5.663522720336914
2025-08-07,XOM,5.693270206451416
2025-08-08,XOM,5.716122150421143
2025-08-11,XOM,5.7367682456970215
2025-08-12,XOM,5.768441677093506
2025-08-13,XOM,5.773259162902832
2025-08-14,XOM,5.8062028884887695
2025-08-15,XOM,5.839601516723633
2025-08-18,XOM,5.8726115226745605
2025-08-19,XOM,5.900761127471924
2025-08-20,XOM,5.919416904449463
2025-08-21,XOM,5.9474101066589355
2025-08-22,XOM,5.927990436553955
2025-08-25,XOM,5.9607086181640625
2025-08-26,XOM,5.993284225463867
2025-08-27,XOM,6.008864402770996
2025-08-28,XOM,6.03874397277832
2025-08-29,XOM,6.062054634094238
2025-09-02,XOM,6.0955023765563965
2025-09-03,XOM,6.0265727043151855
2025-09-04,XOM,6.0587382316589355
2025-09-05,XOM,5.962137222290039
2025-09-08,XOM,5.99336051940918
2025-09-09,XOM,6.0211052894592285
2025-09-10,XOM,6.01322603225708
2025-09-11,XOM,6.046209812164307
2025-09-12,XOM,6.081127166748047
2025-09-15,XOM,6.116602897644043
2025-09-16,XOM,6.083276748657227
2025-09-17,XOM,6.115394115447998
2025-09-18,XOM,6.1240553855896
2025-09-19,XOM,6.142662048339844
2025-09-22,XOM,6.169525623321533
2025-09-23,XOM,6.157517910003662
2025-09-24,XOM,6.19119119644165
2025-09-25,XOM,6.2137227058410645
2025-09-26,XOM,6.218414306640625
2025-09-29,XOM,6.129483222961426
2025-09-30,XOM,6.134122371673584
2025-10-01,XOM,6.159990310668945
2025-10-02,XOM,6.1886210441589355
2025-10-03,XOM,6.171011447906494
2025-10-06,XOM,6.196238994598389
2025-10-07,XOM,6.2316789627075195
2025-10-08,XOM,6.267282009124756
2025-10-09,XOM,6.285312652587891
2025-10-10,XOM,6.249436378479004
2025-10-13,XOM,6.251084327697754
2025-10-14,XOM,6.28581428527832
2025-10-15,XOM,6.314067363739014
2025-10-16,XOM,6.334861755371094
2025-10-17,XOM,6.332934856414795
2025-10-20,XOM,6.368719100952148
2025-10-21,XOM,6.404472351074219
2025-10-22,XOM,6.381101608276367
2025-10-23,XOM,6.3961615562438965
2025-10-24,XOM,6.426492691040039
2025-10-27,XOM,6.459989070892334
2025-10-28,XOM,6.483223915100098
2025-10-29,XOM,6.492969989776611
2025-10-30,XOM,6.479720115661621
2025-10-31,XOM,6.51459264755249
2025-11-03,XOM,6.545106410980225
2025-11-04,XOM,6.5818281173706055
2025-11-05,XOM,6.61668586730957
2025-11-06,XOM,6.644806385040283
2025-11-07,XOM,6.566457748413086
2025-11-10,XOM,6.592451572418213
2025-11-11,XOM,6.596704959869385
2025-11-12,XOM,6.58717679977417
2025-11-13,XOM,6.620418548583984
2025-11-14,XOM,6.627237796783447
2025-11-17,XOM,6.618957996368408
2025-11-18,XOM,6.632816314697266
2025-11-19,XOM,6.620495319366455
2025-11-20,XOM,6.656806945800781
2025-11-21,XOM,6.694641590118408
2025-11-24,XOM,6.710174083709717
2025-11-25,XOM,6.709543228149414
2025-11-26,XOM,6.748139381408691
2025-07-24,SPY,6.670420169830322
2025-07-25,SPY,6.7068586349487305
2025-07-28,SPY,6.745909214019775
2025-07-29,SPY,6.781232833862305
2025-07-30,SPY,6.819001197814941
2025-07-31,SPY,6.8529229164123535
2025-08-01,SPY,6.821202754974365
2025-08-04,SPY,6.811337471008301
2025-08-05,SPY,6.842196941375732
2025-08-06,SPY,6.8704094886779785
2025-08-07,SPY,6.9091315269470215
2025-08-08,SPY,6.937957763671875
2025-08-11,SPY,6.975413799285889
2025-08-12,SPY,6.9920759201049805
2025-08-13,SPY,7.031059741973877
2025-08-14,SPY,7.071634769439697
2025-08-15,SPY,7.109841823577881
2025-08-18,SPY,7.151491641998291
2025-08-19,SPY,7.181868553161621
2025-08-20,SPY,7.219910144805908
2025-08-21,SPY,7.2552080154418945
2025-08-22,SPY,7.237534046173096
2025-08-25,SPY,7.271069049835205
2025-08-26,SPY,7.310370922088623
2025-08-27,SPY,7.3514838218688965
2025-08-28,SPY,7.391772747039795
2025-08-29,SPY,7.418941974639893
2025-09-02,SPY,7.441438674926758
2025-09-03,SPY,7.47769832611084
2025-09-04,SPY,7.504347324371338
2025-09-05,SPY,7.5436506271362305
2025-09-08,SPY,7.587728500366211
2025-09-09,SPY,7.6306891441345215
2025-09-10,SPY,7.673074245452881
2025-09-11,SPY,7.698713302612305
2025-09-12,SPY,7.742061138153076
2025-09-15,SPY,7.778835296630859
2025-09-16,SPY,7.8224897384643555
2025-09-17,SPY,7.864846706390381
2025-09-18,SPY,7.905575752258301
2025-09-19,SPY,7.9459381103515625
2025-09-22,SPY,7.987612724304199
2025-09-23,SPY,8.016894340515137
2025-09-24,SPY,8.055285453796387
2025-09-25,SPY,8.089333534240723
2025-09-26,SPY,8.128471374511719
2025-09-29,SPY,8.174042701721191
2025-09-30,SPY,8.218040466308594
2025-10-01,SPY,8.263618469238281
2025-10-02,SPY,8.311654090881348
2025-10-03,SPY,8.359859466552734
2025-10-06,SPY,8.404973983764648
2025-10-07,SPY,8.444296836853027
2025-10-08,SPY,8.482053756713867
2025-10-09,SPY,8.523192405700684
2025-10-10,SPY,8.226492881774902
2025-10-13,SPY,8.18869686126709
2025-10-14,SPY,8.235898971557617
2025-10-15,SPY,8.278234481811523
2025-10-16,SPY,8.300439834594727
2025-10-17,SPY,8.338557243347168
2025-10-20,SPY,8.348520278930664
2025-10-21,SPY,8.396072387695312
2025-10-22,SPY,8.427449226379395
2025-10-23,SPY,8.466095924377441
2025-10-24,SPY,8.49237060546875
2025-10-27,SPY,8.489662170410156
2025-10-28,SPY,8.538246154785156
2025-10-29,SPY,8.586148262023926
2025-10-30,SPY,8.566418647766113
2025-10-31,SPY,8.61355209350586
2025-11-03,SPY,8.66197681427002
2025-11-04,SPY,8.630924224853516
2025-11-05,SPY,8.678171157836914
2025-11-06,SPY,8.661520957946777
2025-11-07,SPY,8.711337089538574
2025-11-10,SPY,8.656184196472168
2025-11-11,SPY,8.705257415771484
2025-11-12,SPY,8.755463600158691
2025-11-13,SPY,8.652427673339844
2025-11-14,SPY,8.700688362121582
2025-11-17,SPY,8.701040267944336
2025-11-18,SPY,8.71203327178955
2025-11-19,SPY,8.758256912231445
2025-11-20,SPY,8.686397552490234
2025-11-21,SPY,8.692704200744629
2025-11-24,SPY,8.646416664123535
2025-11-25,SPY,8.660672187805176
2025-11-26,SPY,8.692349433898926
2025-07-23,EURUSD=X,16.68268394470215
2025-07-24,EURUSD=X,16.76217269897461
2025-07-25,EURUSD=X,16.843103408813477
2025-07-28,EURUSD=X,16.938846588134766
2025-07-29,EURUSD=X,16.343461990356445
2025-07-30,EURUSD=X,16.375507354736328
2025-07-31,EURUSD=X,16.092729568481445
2025-08-01,EURUSD=X,16.187393188476562
2025-08-04,EURUSD=X,15.689844131469727
2025-08-05,EURUSD=X,15.777539253234863
2025-08-06,EURUSD=X,15.8656644821167
2025-08-07,EURUSD=X,15.816654205322266
2025-08-08,EURUSD=X,15.908402442932129
2025-08-11,EURUSD=X,15.974653244018555
2025-08-12,EURUSD=X,16.042272567749023
2025-08-13,EURUSD=X,16.071016311645508
2025-08-14,EURUSD=X,16.144168853759766
2025-08-15,EURUSD=X,16.135412216186523
2025-08-18,EURUSD=X,16.17130470275879
2025-08-19,EURUSD=X,16.221729278564453
2025-08-20,EURUSD=X,16.2917537689209
2025-08-21,EURUSD=X,16.384130477905273
2025-08-22,EURUSD=X,16.424846649169922
2025-08-25,EURUSD=X,16.308204650878906
2025-08-26,EURUSD=X,16.187620162963867
2025-08-27,EURUSD=X,16.276718139648438
2025-08-28,EURUSD=X,16.370681762695312
2025-08-29,EURUSD=X,16.4457950592041
2025-09-01,EURUSD=X,16.541296005249023
2025-09-02,EURUSD=X,16.627275466918945
2025-09-03,EURUSD=X,16.54155731201172
2025-09-04,EURUSD=X,16.628761291503906
2025-09-05,EURUSD=X,16.725017547607422
2025-09-08,EURUSD=X,16.750322341918945
2025-09-09,EURUSD=X,16.781469345092773
2025-09-10,EURUSD=X,16.748294830322266
2025-09-11,EURUSD=X,16.84554672241211
2025-09-12,EURUSD=X,16.926307678222656
2025-09-15,EURUSD=X,17.01874542236328
2025-09-16,EURUSD=X,17.09157371520996
2025-09-17,EURUSD=X,16.907569885253906
2025-09-18,EURUSD=X,16.937578201293945
2025-09-19,EURUSD=X,16.993749618530273
2025-09-22,EURUSD=X,17.001697540283203
2025-09-23,EURUSD=X,17.006351470947266
2025-09-24,EURUSD=X,17.106416702270508
2025-09-25,EURUSD=X,17.054790496826172
2025-09-26,EURUSD=X,16.955467224121094
2025-09-29,EURUSD=X,17.00556755065918
2025-09-30,EURUSD=X,17.094648361206055
2025-10-01,EURUSD=X,17.197834014892578
2025-10-02,EURUSD=X,17.29338264465332
2025-10-03,EURUSD=X,17.387310028076172
2025-10-06,EURUSD=X,17.479442596435547
2025-10-07,EURUSD=X,17.575576782226562
2025-10-08,EURUSD=X,17.573165893554688
2025-10-09,EURUSD=X,17.661895751953125
2025-10-10,EURUSD=X,17.62575340270996
2025-10-13,EURUSD=X,17.69325065612793
2025-10-14,EURUSD=X,17.752111434936523
2025-10-15,EURUSD=X,17.82166862487793
2025-10-16,EURUSD=X,17.870214462280273
2025-10-17,EURUSD=X,17.891508102416992
2025-10-20,EURUSD=X,17.930450439453125
2025-10-21,EURUSD=X,18.031068801879883
2025-10-22,EURUSD=X,18.06540870666504
2025-10-23,EURUSD=X,18.167085647583008
2025-10-24,EURUSD=X,18.269678115844727
2025-10-27,EURUSD=X,18.37382698059082
2025-10-28,EURUSD=X,18.472091674804688
2025-10-29,EURUSD=X,18.583389282226562
2025-10-30,EURUSD=X,18.573476791381836
2025-10-31,EURUSD=X,18.6403865814209
2025-11-03,EURUSD=X,18.66849136352539
2025-11-04,EURUSD=X,18.774709701538086
2025-11-05,EURUSD=X,18.838336944580078
2025-11-06,EURUSD=X,18.946346282958984
2025-11-07,EURUSD=X,18.955188751220703
2025-11-10,EURUSD=X,19.063243865966797
2025-11-11,EURUSD=X,19.162521362304688
2025-11-12,EURUSD=X,19.24005889892578
2025-11-13,EURUSD=X,19.350353240966797
2025-11-14,EURUSD=X,19.404781341552734
2025-11-17,EURUSD=X,19.503623962402344
2025-11-18,EURUSD=X,19.586326599121094
2025-11-19,EURUSD=X,19.695018768310547
2025-11-20,EURUSD=X,19.73436164855957
2025-11-21,EURUSD=X,19.84659194946289
2025-11-24,EURUSD=X,19.928909301757812
2025-11-25,EURUSD=X,20.033178329467773
2025-11-26,EURUSD=X,20.061220169067383
2025-11-27,EURUSD=X,20.112180709838867
2025-07-24,GLD,7.465145111083984
2025-07-25,GLD,7.47567892074585
2025-07-28,GLD,7.500288963317871
2025-07-29,GLD,7.5430402755737305
2025-07-30,GLD,7.4826226234436035
2025-07-31,GLD,7.5168538093566895
2025-08-01,GLD,7.443256855010986
2025-08-04,GLD,7.480041027069092
2025-08-05,GLD,7.522682189941406
2025-08-06,GLD,7.562584400177002
2025-08-07,GLD,7.5891218185424805
2025-08-08,GLD,7.6321539878845215
2025-08-11,GLD,7.597135543823242
2025-08-12,GLD,7.641708850860596
2025-08-13,GLD,7.686814308166504
2025-08-14,GLD,7.712103366851807
2025-08-15,GLD,7.757707595825195
2025-08-18,GLD,7.799647808074951
2025-08-19,GLD,7.829846382141113
2025-08-20,GLD,7.845200538635254
2025-08-21,GLD,7.880486011505127
2025-08-22,GLD,7.890867233276367
2025-08-25,GLD,7.933190822601318
2025-08-26,GLD,7.964513778686523
2025-08-27,GLD,8.01059627532959
2025-08-28,GLD,8.040586471557617
2025-08-29,GLD,8.058541297912598
2025-09-02,GLD,7.913811683654785
2025-09-03,GLD,7.941183567047119
2025-09-04,GLD,7.972896575927734
2025-09-05,GLD,7.964938640594482
2025-09-08,GLD,7.9720458984375
2025-09-09,GLD,8.0105619430542
2025-09-10,GLD,8.053783416748047
2025-09-11,GLD,8.096517562866211
2025-09-12,GLD,8.142949104309082
2025-09-15,GLD,8.15785026550293
2025-09-16,GLD,8.204215049743652
2025-09-17,GLD,8.213918685913086
2025-09-18,GLD,8.24824047088623
2025-09-19,GLD,8.260750770568848
2025-09-22,GLD,8.20661449432373
2025-09-23,GLD,8.25179672241211
2025-09-24,GLD,8.250425338745117
2025-09-25,GLD,8.296998977661133
2025-09-26,GLD,8.336155891418457
2025-09-29,GLD,8.292505264282227
2025-09-30,GLD,8.322893142700195
2025-10-01,GLD,8.369685173034668
2025-10-02,GLD,8.405644416809082
2025-10-03,GLD,8.437111854553223
2025-10-06,GLD,8.361371994018555
2025-10-07,GLD,8.406266212463379
2025-10-08,GLD,8.366973876953125
2025-10-09,GLD,8.22731876373291
2025-10-10,GLD,8.248086929321289
2025-10-13,GLD,8.098118782043457
2025-10-14,GLD,8.136951446533203
2025-10-15,GLD,8.098212242126465
2025-10-16,GLD,7.978386402130127
2025-10-17,GLD,7.848090171813965
2025-10-20,GLD,7.5115814208984375
2025-10-21,GLD,6.421442031860352
2025-10-22,GLD,6.459358215332031
2025-10-23,GLD,6.497848033905029
2025-10-24,GLD,6.529112339019775
2025-10-27,GLD,6.386265277862549
2025-10-28,GLD,6.408388614654541
2025-10-29,GLD,6.440382480621338
2025-10-30,GLD,6.415964603424072
2025-10-31,GLD,6.440205097198486
2025-11-03,GLD,6.476994514465332
2025-11-04,GLD,6.439265727996826
2025-11-05,GLD,6.457324981689453
2025-11-06,GLD,6.493286609649658
2025-11-07,GLD,6.527661323547363
2025-11-10,GLD,6.431731224060059
2025-11-11,GLD,6.4700212478637695
2025-11-12,GLD,6.465433597564697
2025-11-13,GLD,6.480536460876465
2025-11-14,GLD,6.435461044311523
2025-11-17,GLD,6.436617374420166
2025-11-18,GLD,6.4652252197265625
2025-11-19,GLD,6.502456188201904
2025-11-20,GLD,6.5388970375061035
2025-11-21,GLD,6.574909210205078
2025-11-24,GLD,6.571221351623535
2025-11-25,GLD,6.609038352966309
2025-11-26,GLD,6.638904571533203
2025-07-23,GC=F,7.2113142013549805
2025-07-24,GC=F,7.235510349273682
2025-07-25,GC=F,7.235939979553223
2025-07-28,GC=F,7.258166313171387
2025-07-29,GC=F,7.2974114418029785
2025-07-30,GC=F,7.315138339996338
2025-07-31,GC=F,7.35753059387207
2025-08-01,GC=F,7.328774452209473
2025-08-04,GC=F,7.3582072257995605
2025-08-05,GC=F,7.400233268737793
2025-08-06,GC=F,7.441524982452393
2025-08-07,GC=F,7.477364540100098
2025-08-08,GC=F,7.487196445465088
2025-08-11,GC=F,7.321252346038818
2025-08-12,GC=F,7.3635172843933105
2025-08-13,GC=F,7.406988620758057
2025-08-14,GC=F,7.428525447845459
2025-08-15,GC=F,7.4709954261779785
2025-08-18,GC=F,7.511384010314941
2025-08-19,GC=F,7.540347576141357
2025-08-20,GC=F,7.562609672546387
2025-08-21,GC=F,7.602095127105713
2025-08-22,GC=F,7.610642910003662
2025-08-25,GC=F,7.655279159545898
2025-08-26,GC=F,7.695847034454346
2025-08-27,GC=F,7.735682487487793
2025-08-28,GC=F,7.763279914855957
2025-08-29,GC=F,7.765324592590332
2025-09-02,GC=F,7.666928768157959
2025-09-03,GC=F,7.668595314025879
2025-09-04,GC=F,7.683355331420898
2025-09-05,GC=F,7.679845809936523
2025-09-08,GC=F,7.7137556076049805
2025-09-09,GC=F,7.757316589355469
2025-09-10,GC=F,7.801125526428223
2025-09-11,GC=F,7.841893672943115
2025-09-12,GC=F,7.885708808898926
2025-09-15,GC=F,7.911825180053711
2025-09-16,GC=F,7.956881523132324
2025-09-17,GC=F,7.997293472290039
2025-09-18,GC=F,7.988570690155029
2025-09-19,GC=F,8.020401954650879
2025-09-22,GC=F,7.95415735244751
2025-09-23,GC=F,7.970256328582764
2025-09-24,GC=F,7.9351983070373535
2025-09-25,GC=F,7.982378959655762
2025-09-26,GC=F,7.998922348022461
2025-09-29,GC=F,8.005758285522461
2025-09-30,GC=F,8.048324584960938
2025-10-01,GC=F,8.08530044555664
2025-10-02,GC=F,8.099136352539062
2025-10-03,GC=F,8.11451530456543
2025-10-06,GC=F,8.067831993103027
2025-10-07,GC=F,8.10525894165039
2025-10-08,GC=F,8.069876670837402
2025-10-09,GC=F,7.853167533874512
2025-10-10,GC=F,7.886356353759766
2025-10-13,GC=F,7.595432758331299
2025-10-14,GC=F,7.632272243499756
2025-10-15,GC=F,7.662792682647705
2025-10-16,GC=F,7.545568943023682
2025-10-17,GC=F,7.408787250518799
2025-10-20,GC=F,7.1513566970825195
2025-10-21,GC=F,6.359039783477783
2025-10-22,GC=F,6.365137577056885
2025-10-23,GC=F,6.342732906341553
2025-10-24,GC=F,6.375512599945068
2025-10-27,GC=F,6.236998558044434
2025-10-28,GC=F,6.251894950866699
2025-10-29,GC=F,6.287286281585693
2025-10-30,GC=F,6.323256492614746
2025-10-31,GC=F,6.34888219833374
2025-11-03,GC=F,6.383459568023682
2025-11-04,GC=F,6.376708507537842
2025-11-05,GC=F,6.405463218688965
2025-11-06,GC=F,6.441983699798584
2025-11-07,GC=F,6.47791862487793
2025-11-10,GC=F,6.376865863800049
2025-11-11,GC=F,6.413559913635254
2025-11-12,GC=F,6.357359409332275
2025-11-13,GC=F,6.384740352630615
2025-11-14,GC=F,6.293369770050049
2025-11-17,GC=F,6.321049213409424
2025-11-18,GC=F,6.354702472686768
2025-11-19,GC=F,6.390918254852295
2025-11-20,GC=F,6.419179916381836
2025-11-21,GC=F,6.45507287979126
2025-11-24,GC=F,6.492090225219727
2025-11-25,GC=F,6.511183738708496
2025-11-26,GC=F,6.545281410217285
2025-07-23,HDFCBANK.NS,7.7311577796936035
2025-07-24,HDFCBANK.NS,7.7606329917907715
2025-07-25,HDFCBANK.NS,7.800728797912598
2025-07-28,HDFCBANK.NS,7.844723224639893
2025-07-29,HDFCBANK.NS,7.878847122192383
2025-07-30,HDFCBANK.NS,7.9234185218811035
2025-07-31,HDFCBANK.NS,7.960239887237549
2025-08-01,HDFCBANK.NS,7.999353408813477
2025-08-04,HDFCBANK.NS,7.997141361236572
2025-08-05,HDFCBANK.NS,8.017655372619629
2025-08-06,HDFCBANK.NS,8.061415672302246
2025-08-07,HDFCBANK.NS,8.101873397827148
2025-08-08,HDFCBANK.NS,8.093802452087402
2025-08-11,HDFCBANK.NS,8.099045753479004
2025-08-12,HDFCBANK.NS,8.070634841918945
2025-08-13,HDFCBANK.NS,8.108582496643066
2025-08-14,HDFCBANK.NS,8.147809028625488
2025-08-18,HDFCBANK.NS,8.18262004852295
2025-08-19,HDFCBANK.NS,8.2083101272583
2025-08-20,HDFCBANK.NS,8.252970695495605
2025-08-21,HDFCBANK.NS,8.30126953125
2025-08-22,HDFCBANK.NS,8.265094757080078
2025-08-25,HDFCBANK.NS,8.313197135925293
2025-08-26,HDFCBANK.NS,8.325092315673828
2025-08-28,HDFCBANK.NS,8.25825309753418
2025-08-29,HDFCBANK.NS,8.289944648742676
2025-09-01,HDFCBANK.NS,8.340173721313477
2025-09-02,HDFCBANK.NS,8.371917724609375
2025-09-03,HDFCBANK.NS,8.374890327453613
2025-09-04,HDFCBANK.NS,8.403970718383789
2025-09-05,HDFCBANK.NS,8.450300216674805
2025-09-08,HDFCBANK.NS,8.498331069946289
2025-09-09,HDFCBANK.NS,8.547932624816895
2025-09-10,HDFCBANK.NS,8.598687171936035
2025-09-11,HDFCBANK.NS,8.648247718811035
2025-09-12,HDFCBANK.NS,8.699639320373535
2025-09-15,HDFCBANK.NS,8.752102851867676
2025-09-16,HDFCBANK.NS,8.802982330322266
2025-09-17,HDFCBANK.NS,8.855391502380371
2025-09-18,HDFCBANK.NS,8.850693702697754
2025-09-19,HDFCBANK.NS,8.838624000549316
2025-09-22,HDFCBANK.NS,8.881477355957031
2025-09-23,HDFCBANK.NS,8.900557518005371
2025-09-24,HDFCBANK.NS,8.924688339233398
2025-09-25,HDFCBANK.NS,8.975213050842285
2025-09-26,HDFCBANK.NS,9.01458740234375
2025-09-29,HDFCBANK.NS,9.052244186401367
2025-09-30,HDFCBANK.NS,9.104944229125977
2025-10-01,HDFCBANK.NS,9.036931991577148
2025-10-03,HDFCBANK.NS,9.089825630187988
2025-10-06,HDFCBANK.NS,9.105080604553223
2025-10-07,HDFCBANK.NS,9.11347484588623
2025-10-08,HDFCBANK.NS,9.154653549194336
2025-10-09,HDFCBANK.NS,9.20464038848877
2025-10-10,HDFCBANK.NS,9.250328063964844
2025-10-13,HDFCBANK.NS,9.294414520263672
2025-10-14,HDFCBANK.NS,9.346165657043457
2025-10-15,HDFCBANK.NS,9.400555610656738
2025-10-16,HDFCBANK.NS,9.299885749816895
2025-10-17,HDFCBANK.NS,9.31850528717041
2025-10-20,HDFCBANK.NS,9.371566772460938
2025-10-21,HDFCBANK.NS,9.413156509399414
2025-10-23,HDFCBANK.NS,9.46706485748291
2025-10-24,HDFCBANK.NS,9.387929916381836
2025-10-27,HDFCBANK.NS,9.407438278198242
2025-10-28,HDFCBANK.NS,9.462239265441895
2025-10-29,HDFCBANK.NS,9.50887680053711
2025-10-30,HDFCBANK.NS,9.49704647064209
2025-10-31,HDFCBANK.NS,9.467592239379883
2025-11-03,HDFCBANK.NS,9.507113456726074
2025-11-04,HDFCBANK.NS,9.5214262008667
2025-11-06,HDFCBANK.NS,9.573663711547852
2025-11-07,HDFCBANK.NS,9.622506141662598
2025-11-10,HDFCBANK.NS,9.673542022705078
2025-11-11,HDFCBANK.NS,9.697956085205078
2025-11-12,HDFCBANK.NS,9.748826026916504
2025-11-13,HDFCBANK.NS,9.79548168182373
2025-11-14,HDFCBANK.NS,9.847601890563965
2025-11-17,HDFCBANK.NS,9.87559986114502
2025-11-18,HDFCBANK.NS,9.91355037689209
2025-11-19,HDFCBANK.NS,9.969027519226074
2025-11-20,HDFCBANK.NS,9.886716842651367
2025-11-21,HDFCBANK.NS,9.851561546325684
2025-11-24,HDFCBANK.NS,9.908184051513672
2025-11-25,HDFCBANK.NS,9.892965316772461
2025-11-26,HDFCBANK.NS,9.814684867858887
2025-11-27,HDFCBANK.NS,9.852741241455078
2025-07-24,AMZN,4.162303447723389
2025-07-25,AMZN,4.184671401977539
2025-07-28,AMZN,4.2081217765808105
2025-07-29,AMZN,4.228179931640625
2025-07-30,AMZN,4.250434398651123
2025-07-31,AMZN,4.260801792144775
2025-08-01,AMZN,3.9227030277252197
2025-08-04,AMZN,3.936208963394165
2025-08-05,AMZN,3.95583438873291
2025-08-06,AMZN,3.9090099334716797
2025-08-07,AMZN,3.9308505058288574
2025-08-08,AMZN,3.9534730911254883
2025-08-11,AMZN,3.973917245864868
2025-08-12,AMZN,3.997663974761963
2025-08-13,AMZN,4.012645721435547
2025-08-14,AMZN,3.9996092319488525
2025-08-15,AMZN,4.023430824279785
2025-08-18,AMZN,4.046640396118164
2025-08-19,AMZN,4.057375431060791
2025-08-20,AMZN,4.061882972717285
2025-08-21,AMZN,4.081592559814453
2025-08-22,AMZN,4.060884475708008
2025-08-25,AMZN,4.082244873046875
2025-08-26,AMZN,4.104442596435547
2025-08-27,AMZN,4.1276421546936035
2025-08-28,AMZN,4.146812915802002
2025-08-29,AMZN,4.1618499755859375
2025-09-02,AMZN,4.170034885406494
2025-09-03,AMZN,4.194049835205078
2025-09-04,AMZN,4.123983383178711
2025-09-05,AMZN,4.13458251953125
2025-09-08,AMZN,4.148233413696289
2025-09-09,AMZN,4.167727470397949
2025-09-10,AMZN,4.127744674682617
2025-09-11,AMZN,4.151461601257324
2025-09-12,AMZN,4.170906066894531
2025-09-15,AMZN,4.184769153594971
2025-09-16,AMZN,4.2035017013549805
2025-09-17,AMZN,4.220015048980713
2025-09-18,AMZN,4.243955612182617
2025-09-19,AMZN,4.268171310424805
2025-09-22,AMZN,4.2747273445129395
2025-09-23,AMZN,4.243470668792725
2025-09-24,AMZN,4.267800807952881
2025-09-25,AMZN,4.2873969078063965
2025-09-26,AMZN,4.310498237609863
2025-09-29,AMZN,4.328502655029297
2025-09-30,AMZN,4.345124244689941
2025-10-01,AMZN,4.370026111602783
2025-10-02,AMZN,4.390669822692871
2025-10-03,AMZN,4.404061317443848
2025-10-06,AMZN,4.426693439483643
2025-10-07,AMZN,4.45114803314209
2025-10-08,AMZN,4.462146759033203
2025-10-09,AMZN,4.480438232421875
2025-10-10,AMZN,4.341552734375
2025-10-13,AMZN,4.350034713745117
2025-10-14,AMZN,4.358181476593018
2025-10-15,AMZN,4.381497383117676
2025-10-16,AMZN,4.405219078063965
2025-10-17,AMZN,4.427529335021973
2025-10-20,AMZN,4.436066627502441
2025-10-21,AMZN,4.420867919921875
2025-10-22,AMZN,4.423582077026367
2025-10-23,AMZN,4.4371490478515625
2025-10-24,AMZN,4.451714038848877
2025-10-27,AMZN,4.4686279296875
2025-10-28,AMZN,4.489116668701172
2025-10-29,AMZN,4.514781951904297
2025-10-30,AMZN,4.466827869415283
2025-10-31,AMZN,3.986051321029663
2025-11-03,AMZN,3.939765453338623
2025-11-04,AMZN,3.942960262298584
2025-11-05,AMZN,3.96517014503479
2025-11-06,AMZN,3.944788694381714
2025-11-07,AMZN,3.9660418033599854
2025-11-10,AMZN,3.9778199195861816
2025-11-11,AMZN,4.001064777374268
2025-11-12,AMZN,4.002777099609375
2025-11-13,AMZN,3.986541509628296
2025-11-14,AMZN,4.001405239105225
2025-11-17,AMZN,4.020966053009033
2025-11-18,AMZN,3.9474353790283203
2025-11-19,AMZN,3.9704136848449707
2025-11-20,AMZN,3.964042901992798
2025-11-21,AMZN,3.973637580871582
2025-11-24,AMZN,3.967780351638794
2025-11-25,AMZN,3.981773614883423
2025-11-26,AMZN,4.004671096801758
2025-07-24,UNH,2.7763779163360596
2025-07-25,UNH,2.788961410522461
2025-07-28,UNH,2.8037283420562744
2025-07-29,UNH,2.7418594360351562
2025-07-30,UNH,2.749824285507202
2025-07-31,UNH,2.7166738510131836
2025-08-01,UNH,2.706946611404419
2025-08-04,UNH,2.719165086746216
2025-08-05,UNH,2.704272747039795
2025-08-06,UNH,2.715606212615967
2025-08-07,UNH,2.7314417362213135
2025-08-08,UNH,2.7332208156585693
2025-08-11,UNH,2.7464137077331543
2025-08-12,UNH,2.736982583999634
2025-08-13,UNH,2.7258739471435547
2025-08-14,UNH,2.742713689804077
2025-08-15,UNH,2.553431987762451
2025-08-18,UNH,2.5651779174804688
2025-08-19,UNH,2.5790677070617676
2025-08-20,UNH,2.591002941131592
2025-08-21,UNH,2.6037697792053223
2025-08-22,UNH,2.614729881286621
2025-08-25,UNH,2.6279284954071045
2025-08-26,UNH,2.640016555786133
2025-08-27,UNH,2.653262138366699
2025-08-28,UNH,2.668214797973633
2025-08-29,UNH,2.673560857772827
2025-09-02,UNH,2.6894168853759766
2025-09-03,UNH,2.705252170562744
2025-09-04,UNH,2.7190752029418945
2025-09-05,UNH,2.7298197746276855
2025-09-08,UNH,2.740743637084961
2025-09-09,UNH,2.6472361087799072
2025-09-10,UNH,2.662411689758301
2025-09-11,UNH,2.6718671321868896
2025-09-12,UNH,2.686481237411499
2025-09-15,UNH,2.701101064682007
2025-09-16,UNH,2.708996057510376
2025-09-17,UNH,2.7240960597991943
2025-09-18,UNH,2.733957290649414
2025-09-19,UNH,2.749342918395996
2025-09-22,UNH,2.7620584964752197
2025-09-23,UNH,2.7728750705718994
2025-09-24,UNH,2.7864253520965576
2025-09-25,UNH,2.7969412803649902
2025-09-26,UNH,2.8127658367156982
2025-09-29,UNH,2.8289077281951904
2025-09-30,UNH,2.8452341556549072
2025-10-01,UNH,2.860950469970703
2025-10-02,UNH,2.873291492462158
2025-10-03,UNH,2.88458251953125
2025-10-06,UNH,2.9009432792663574
2025-10-07,UNH,2.914337158203125
2025-10-08,UNH,2.9252264499664307
2025-10-09,UNH,2.941220283508301
2025-10-10,UNH,2.932441234588623
2025-10-13,UNH,2.9466118812561035
2025-10-14,UNH,2.963345527648926
2025-10-15,UNH,2.980480909347534
2025-10-16,UNH,2.9950060844421387
2025-10-17,UNH,3.012190818786621
2025-10-20,UNH,3.020150899887085
2025-10-21,UNH,3.037513017654419
2025-10-22,UNH,3.052323579788208
2025-10-23,UNH,3.0695643424987793
2025-10-24,UNH,3.0869076251983643
2025-10-27,UNH,3.1034317016601562
2025-10-28,UNH,3.1204235553741455
2025-10-29,UNH,3.111438751220703
2025-10-30,UNH,3.1100809574127197
2025-10-31,UNH,3.1260814666748047
2025-11-03,UNH,3.13276743888855
2025-11-04,UNH,3.149322509765625
2025-11-05,UNH,3.1658661365509033
2025-11-06,UNH,3.176194190979004
2025-11-07,UNH,3.1921913623809814
2025-11-10,UNH,3.209329843521118
2025-11-11,UNH,3.218625068664551
2025-11-12,UNH,3.205193519592285
2025-11-13,UNH,3.214097499847412
2025-11-14,UNH,3.2076990604400635
2025-11-17,UNH,3.225517749786377
2025-11-18,UNH,3.232912302017212
2025-11-19,UNH,3.2473368644714355
2025-11-20,UNH,3.264117956161499
2025-11-21,UNH,3.262096405029297
2025-11-24,UNH,3.280491828918457
2025-11-25,UNH,3.284160852432251
2025-11-26,UNH,3.2996022701263428
2025-07-24,META,3.7417209148406982
2025-07-25,META,3.7620983123779297
2025-07-28,META,3.78259539604187
2025-07-29,META,3.776080846786499
2025-07-30,META,3.7948994636535645
2025-07-31,META,3.3917205333709717
2025-08-01,META,3.379209280014038
2025-08-04,META,3.3673462867736816
2025-08-05,META,3.3762569427490234
2025-08-06,META,3.3932971954345703
2025-08-07,META,3.405864715576172
2025-08-08,META,3.4241600036621094
2025-08-11,META,3.443077802658081
2025-08-12,META,3.4375457763671875
2025-08-13,META,3.450749635696411
2025-08-14,META,3.4709832668304443
2025-08-15,META,3.491208076477051
2025-08-18,META,3.491550922393799
2025-08-19,META,3.4955215454101562
2025-08-20,META,3.5140509605407715
2025-08-21,META,3.5280442237854004
2025-08-22,META,3.5369691848754883
2025-08-25,META,3.556731939315796
2025-08-26,META,3.5777945518493652
2025-08-27,META,3.59401798248291
2025-08-28,META,3.614358901977539
2025-08-29,META,3.6225473880767822
2025-09-02,META,3.642000198364258
2025-09-03,META,3.6625795364379883
2025-09-04,META,3.6767263412475586
2025-09-05,META,3.6968472003936768
2025-09-08,META,3.718350648880005
2025-09-09,META,3.7302563190460205
2025-09-10,META,3.7358438968658447
2025-09-11,META,3.7565979957580566
2025-09-12,META,3.7778308391571045
2025-09-15,META,3.7957265377044678
2025-09-16,META,3.806060552597046
2025-09-17,META,3.826638698577881
2025-09-18,META,3.848444938659668
2025-09-19,META,3.869947910308838
2025-09-22,META,3.8788371086120605
2025-09-23,META,3.8926234245300293
2025-09-24,META,3.91416597366333
2025-09-25,META,3.923673391342163
2025-09-26,META,3.943875312805176
2025-09-29,META,3.966914415359497
2025-09-30,META,3.9814767837524414
2025-10-01,META,3.978353977203369
2025-10-02,META,3.99404239654541
2025-10-03,META,3.991194725036621
2025-10-06,META,4.012947082519531
2025-10-07,META,4.035577297210693
2025-10-08,META,4.0579681396484375
2025-10-09,META,4.0592570304870605
2025-10-10,META,4.0070343017578125
2025-10-13,META,4.020652770996094
2025-10-14,META,4.038032054901123
2025-10-15,META,4.053240776062012
2025-10-16,META,4.072768688201904
2025-10-17,META,4.094451904296875
2025-10-20,META,4.097301483154297
2025-10-21,META,4.121579647064209
2025-10-22,META,4.145237922668457
2025-10-23,META,4.167333602905273
2025-10-24,META,4.190099716186523
2025-10-27,META,4.198928356170654
2025-10-28,META,4.222483158111572
2025-10-29,META,4.246112823486328
2025-10-30,META,3.6704413890838623
2025-10-31,META,3.666987419128418
2025-11-03,META,3.680352210998535
2025-11-04,META,3.6946232318878174
2025-11-05,META,3.7095723152160645
2025-11-06,META,3.7069547176361084
2025-11-07,META,3.728567600250244
2025-11-10,META,3.739985942840576
2025-11-11,META,3.7601711750030518
2025-11-12,META,3.751919984817505
2025-11-13,META,3.774270534515381
2025-11-14,META,3.7968051433563232
2025-11-17,META,3.814459800720215
2025-11-18,META,3.835954189300537
2025-11-19,META,3.8540918827056885
2025-11-20,META,3.8778676986694336
2025-11-21,META,3.894664764404297
2025-11-24,META,3.8690896034240723
2025-11-25,META,3.8267922401428223
2025-11-26,META,3.847231864929199
2025-09-09,^NSEI,11.573867797851562
2025-09-10,^NSEI,11.626201629638672
2025-09-11,^NSEI,11.69691276550293
2025-09-12,^NSEI,11.748764991760254
2025-09-15,^NSEI,11.817708015441895
2025-09-16,^NSEI,11.833403587341309
2025-09-17,^NSEI,11.89163875579834
2025-09-18,^NSEI,11.945104598999023
2025-09-19,^NSEI,11.994543075561523
2025-09-22,^NSEI,12.030096054077148
2025-09-23,^NSEI,12.102936744689941
2025-09-24,^NSEI,12.1477632522583
2025-09-25,^NSEI,12.156431198120117
2025-09-26,^NSEI,12.100773811340332
2025-09-29,^NSEI,12.173358917236328
2025-09-30,^NSEI,12.245909690856934
2025-10-01,^NSEI,12.201180458068848
2025-10-03,^NSEI,12.26603889465332
2025-10-06,^NSEI,12.267170906066895
2025-10-07,^NSEI,12.341654777526855
2025-10-08,^NSEI,12.402982711791992
2025-10-09,^NSEI,12.438756942749023
2025-10-10,^NSEI,12.492539405822754
2025-10-13,^NSEI,12.559667587280273
2025-10-14,^NSEI,12.614492416381836
2025-10-15,^NSEI,12.617424011230469
2025-10-16,^NSEI,12.539200782775879
2025-10-17,^NSEI,12.581473350524902
2025-10-20,^NSEI,12.622251510620117
2025-10-21,^NSEI,12.696858406066895
2025-10-23,^NSEI,12.772151947021484
2025-10-24,^NSEI,12.817670822143555
2025-10-27,^NSEI,12.836098670959473
2025-10-28,^NSEI,12.911041259765625
2025-10-29,^NSEI,12.961369514465332
2025-10-30,^NSEI,12.945855140686035
2025-10-31,^NSEI,12.948563575744629
2025-11-03,^NSEI,13.022974967956543
2025-11-04,^NSEI,13.018645286560059
2025-11-06,^NSEI,13.066520690917969
2025-11-07,^NSEI,13.138378143310547
2025-11-10,^NSEI,13.199979782104492
2025-11-11,^NSEI,13.243433952331543
2025-11-12,^NSEI,13.244154930114746
2025-11-13,^NSEI,13.322237014770508
2025-11-14,^NSEI,13.40117073059082
2025-11-17,^NSEI,13.459368705749512
2025-11-18,^NSEI,13.497715950012207
2025-11-19,^NSEI,13.531601905822754
2025-11-20,^NSEI,13.566009521484375
2025-11-21,^NSEI,13.593591690063477
2025-11-24,^NSEI,13.63196086883545
2025-11-25,^NSEI,13.690406799316406
2025-11-26,^NSEI,13.497055053710938
2025-11-27,^NSEI,13.579715728759766
2025-12-23,DX-Y.NYB,23.457691192626953
2025-12-24,DX-Y.NYB,23.59200668334961
2025-12-26,DX-Y.NYB,23.724576950073242
2025-12-29,DX-Y.NYB,23.861474990844727
2025-12-30,DX-Y.NYB,23.956993103027344
2025-12-31,DX-Y.NYB,24.09724998474121
2026-01-02,DX-Y.NYB,24.22138023376465
2026-01-05,DX-Y.NYB,24.3494873046875
2026-01-06,DX-Y.NYB,24.39003562927246
2026-01-07,DX-Y.NYB,24.52678108215332
2026-01-08,DX-Y.NYB,24.60630989074707
2026-01-09,DX-Y.NYB,24.71122169494629
2026-01-12,DX-Y.NYB,24.785675048828125
2026-01-13,DX-Y.NYB,24.854537963867188
2026-01-14,DX-Y.NYB,25.00432777404785
2026-01-15,DX-Y.NYB,25.114482879638672
2026-01-16,DX-Y.NYB,25.256141662597656
2026-01-20,DX-Y.NYB,24.80109214782715
2026-01-21,DX-Y.NYB,24.927932739257812
2026-01-22,DX-Y.NYB,24.905256271362305
2026-01-23,DX-Y.NYB,24.461517333984375
2026-01-26,DX-Y.NYB,24.303117752075195
2026-01-27,DX-Y.NYB,23.814538955688477
2026-01-28,DX-Y.NYB,23.88216209411621
2026-01-29,DX-Y.NYB,23.9986572265625
2026-01-30,DX-Y.NYB,23.59296417236328
2026-02-02,DX-Y.NYB,23.34086799621582
2026-02-03,DX-Y.NYB,23.451011657714844
2026-02-04,DX-Y.NYB,23.547327041625977
2026-02-05,DX-Y.NYB,23.637794494628906
2026-02-06,DX-Y.NYB,23.74419403076172
2026-02-09,DX-Y.NYB,23.298236846923828
2026-02-10,DX-Y.NYB,23.43050765991211
2026-02-11,DX-Y.NYB,23.5620059967041
2026-02-12,DX-Y.NYB,23.686124801635742
2026-02-13,DX-Y.NYB,23.827659606933594
2026-02-17,DX-Y.NYB,23.879674911499023
2026-02-18,DX-Y.NYB,23.71855354309082
2026-02-19,DX-Y.NYB,23.79845428466797
2026-02-20,DX-Y.NYB,23.92435646057129
2026-02-23,DX-Y.NYB,24.054407119750977
2026-02-24,DX-Y.NYB,24.158729553222656
2026-02-25,DX-Y.NYB,24.27268409729004
2026-02-26,DX-Y.NYB,24.4045467376709
2026-02-27,DX-Y.NYB,24.518651962280273
2026-03-02,DX-Y.NYB,24.041528701782227
2026-03-03,DX-Y.NYB,23.753040313720703
2026-03-04,DX-Y.NYB,23.817733764648438
2026-03-05,DX-Y.NYB,23.677947998046875
2026-03-06,DX-Y.NYB,23.713916778564453
2026-03-09,DX-Y.NYB,23.820032119750977
2026-03-10,DX-Y.NYB,23.841548919677734
2026-03-11,DX-Y.NYB,23.830564498901367
2026-03-12,DX-Y.NYB,23.733896255493164
2026-03-13,DX-Y.NYB,23.540369033813477
2026-03-16,DX-Y.NYB,23.293514251708984
2026-03-17,DX-Y.NYB,23.411266326904297
2026-03-18,DX-Y.NYB,23.328899383544922
2026-03-19,DX-Y.NYB,22.831031799316406
2026-03-20,DX-Y.NYB,22.82160758972168
2026-03-23,DX-Y.NYB,22.5534610748291
2026-03-24,DX-Y.NYB,22.501523971557617
2026-03-25,DX-Y.NYB,22.608856201171875
2026-03-26,DX-Y.NYB,22.67127227783203
2026-03-27,DX-Y.NYB,22.757034301757812
2026-03-30,DX-Y.NYB,22.79419708251953
2026-03-31,DX-Y.NYB,22.67249870300293
2026-04-01,DX-Y.NYB,22.721384048461914
2026-04-02,DX-Y.NYB,22.74188995361328
2026-04-06,DX-Y.NYB,22.8695011138916
2026-04-07,DX-Y.NYB,22.900802612304688
2026-04-08,DX-Y.NYB,22.81314468383789
2026-04-09,DX-Y.NYB,22.86223793029785
2026-04-10,DX-Y.NYB,22.967300415039062
2026-04-13,DX-Y.NYB,23.032642364501953
2026-04-14,DX-Y.NYB,23.113370895385742
2026-04-15,DX-Y.NYB,23.24143409729004
2026-04-16,DX-Y.NYB,23.34662437438965
2026-04-17,DX-Y.NYB,23.466217041015625
2026-04-20,DX-Y.NYB,23.594650268554688
2026-04-21,DX-Y.NYB,23.5986328125
2026-04-22,DX-Y.NYB,23.698301315307617
2026-04-23,DX-Y.NYB,23.78995704650879
2026-04-24,DX-Y.NYB,23.846595764160156
2026-04-27,DX-Y.NYB,23.98200798034668
2026-04-28,DX-Y.NYB,24.10240936279297
2026-04-29,DX-Y.NYB,24.15740966796875
2025-12-23,GBPUSD=X,22.488927841186523
2025-12-24,GBPUSD=X,22.54677391052246
2025-12-26,GBPUSD=X,22.674915313720703
2025-12-29,GBPUSD=X,22.79652976989746
2025-12-30,GBPUSD=X,22.92246437072754
2025-12-31,GBPUSD=X,22.958398818969727
2026-01-02,GBPUSD=X,23.089927673339844
2026-01-05,GBPUSD=X,23.15687370300293
2026-01-06,GBPUSD=X,22.885618209838867
2026-01-07,GBPUSD=X,22.95966911315918
2026-01-08,GBPUSD=X,23.006364822387695
2026-01-09,GBPUSD=X,23.113826751708984
2026-01-12,GBPUSD=X,23.149995803833008
2026-01-13,GBPUSD=X,23.05310821533203
2026-01-14,GBPUSD=X,23.108186721801758
2026-01-15,GBPUSD=X,23.229936599731445
2026-01-16,GBPUSD=X,23.17531394958496
2026-01-19,GBPUSD=X,23.281583786010742
2026-01-20,GBPUSD=X,23.404024124145508
2026-01-21,GBPUSD=X,23.514467239379883
2026-01-22,GBPUSD=X,23.62124252319336
2026-01-23,GBPUSD=X,23.439172744750977
2026-01-26,GBPUSD=X,22.445756912231445
2026-01-27,GBPUSD=X,22.57347297668457
2026-01-28,GBPUSD=X,21.898311614990234
2026-01-29,GBPUSD=X,22.026485443115234
2026-01-30,GBPUSD=X,22.1329402923584
2026-02-02,GBPUSD=X,21.60907745361328
2026-02-03,GBPUSD=X,21.732812881469727
2026-02-04,GBPUSD=X,21.84461784362793
2026-02-05,GBPUSD=X,21.851318359375
2026-02-06,GBPUSD=X,21.38717269897461
2026-02-09,GBPUSD=X,21.2471923828125
2026-02-10,GBPUSD=X,21.19495391845703
2026-02-11,GBPUSD=X,21.22372817993164
2026-02-12,GBPUSD=X,21.34069061279297
2026-02-13,GBPUSD=X,21.462472915649414
2026-02-16,GBPUSD=X,21.563255310058594
2026-02-17,GBPUSD=X,21.664592742919922
2026-02-18,GBPUSD=X,21.623884201049805
2026-02-19,GBPUSD=X,21.557764053344727
2026-02-20,GBPUSD=X,21.62816619873047
2026-02-23,GBPUSD=X,21.558406829833984
2026-02-24,GBPUSD=X,21.624469757080078
2026-02-25,GBPUSD=X,21.745389938354492
2026-02-26,GBPUSD=X,21.73514175415039
2026-02-27,GBPUSD=X,21.680511474609375
2026-03-02,GBPUSD=X,21.523597717285156
2026-03-03,GBPUSD=X,21.642841339111328
2026-03-04,GBPUSD=X,21.637454986572266
2026-03-05,GBPUSD=X,21.7474422454834
2026-03-06,GBPUSD=X,21.862850189208984
2026-03-09,GBPUSD=X,21.860137939453125
2026-03-10,GBPUSD=X,21.380781173706055
2026-03-11,GBPUSD=X,21.50405502319336
2026-03-12,GBPUSD=X,21.57771873474121
2026-03-13,GBPUSD=X,21.671220779418945
2026-03-16,GBPUSD=X,21.381479263305664
2026-03-17,GBPUSD=X,21.329975128173828
2026-03-18,GBPUSD=X,21.37649917602539
2026-03-19,GBPUSD=X,21.1754150390625
2026-03-20,GBPUSD=X,20.394506454467773
2026-03-23,GBPUSD=X,20.23468589782715
2026-03-24,GBPUSD=X,20.085216522216797
2026-03-25,GBPUSD=X,20.206424713134766
2026-03-26,GBPUSD=X,20.240678787231445
2026-03-27,GBPUSD=X,20.337421417236328
2026-03-30,GBPUSD=X,20.160667419433594
2026-03-31,GBPUSD=X,20.14679718017578
2026-04-01,GBPUSD=X,20.093975067138672
2026-04-02,GBPUSD=X,20.0954647064209
2026-04-03,GBPUSD=X,20.05483627319336
2026-04-06,GBPUSD=X,20.11605453491211
2026-04-07,GBPUSD=X,20.152477264404297
2026-04-08,GBPUSD=X,19.41693687438965
2026-04-09,GBPUSD=X,19.53029441833496
2026-04-10,GBPUSD=X,19.609561920166016
2026-04-13,GBPUSD=X,19.685768127441406
2026-04-14,GBPUSD=X,19.392864227294922
2026-04-15,GBPUSD=X,19.414548873901367
2026-04-16,GBPUSD=X,19.52743911743164
2026-04-17,GBPUSD=X,19.57360076904297
2026-04-20,GBPUSD=X,19.637699127197266
2026-04-21,GBPUSD=X,19.697160720825195
2026-04-22,GBPUSD=X,19.796659469604492
2026-04-23,GBPUSD=X,19.9102783203125
2026-04-24,GBPUSD=X,19.9914493560791
2026-04-27,GBPUSD=X,20.040773391723633
2026-04-28,GBPUSD=X,20.144758224487305
2026-04-29,GBPUSD=X,20.255573272705078
2025-12-23,AAPL,5.80961799621582
2025-12-24,AAPL,5.839842319488525
2025-12-26,AAPL,5.871266841888428
2025-12-29,AAPL,5.904351711273193
2025-12-30,AAPL,5.935502529144287
2025-12-31,AAPL,5.96390438079834
2026-01-02,AAPL,5.994233131408691
2026-01-05,AAPL,5.994095802307129
2026-01-06,AAPL,5.972563743591309
2026-01-07,AAPL,5.995417594909668
2026-01-08,AAPL,6.024616241455078
2026-01-09,AAPL,6.059133052825928
2026-01-12,AAPL,6.093176364898682
2026-01-13,AAPL,6.127862930297852
2026-01-14,AAPL,6.159646511077881
2026-01-15,AAPL,6.186435699462891
2026-01-16,AAPL,6.202329635620117
2026-01-20,AAPL,6.045966625213623
2026-01-21,AAPL,6.078347206115723
2026-01-22,AAPL,6.111994743347168
2026-01-23,AAPL,6.146991729736328
2026-01-26,AAPL,6.049421310424805
2026-01-27,AAPL,6.069729804992676
2026-01-28,AAPL,6.098249912261963
2026-01-29,AAPL,6.128818511962891
2026-01-30,AAPL,6.1637864112854
2026-02-02,AAPL,5.961239337921143
2026-02-03,AAPL,5.996169090270996
2026-02-04,AAPL,5.943458080291748
2026-02-05,AAPL,5.978142261505127
2026-02-06,AAPL,6.008216381072998
2026-02-09,AAPL,6.019672393798828
2026-02-10,AAPL,6.052907466888428
2026-02-11,AAPL,6.0837273597717285
2026-02-12,AAPL,5.752936363220215
2026-02-13,AAPL,5.716395378112793
2026-02-17,AAPL,5.628889560699463
2026-02-18,AAPL,5.661231517791748
2026-02-19,AAPL,5.665928840637207
2026-02-20,AAPL,5.6717209815979
2026-02-23,AAPL,5.700747489929199
2026-02-24,AAPL,5.675782680511475
2026-02-25,AAPL,5.702947616577148
2026-02-26,AAPL,5.731370449066162
2026-02-27,AAPL,5.627547264099121
2026-03-02,AAPL,5.659221649169922
2026-03-03,AAPL,5.6889495849609375
2026-03-04,AAPL,5.717598915100098
2026-03-05,AAPL,5.739471435546875
2026-03-06,AAPL,5.755351543426514
2026-03-09,AAPL,5.777395725250244
2026-03-10,AAPL,5.808837413787842
2026-03-11,AAPL,5.841975688934326
2026-03-12,AAPL,5.8221025466918945
2026-03-13,AAPL,5.7887468338012695
2026-03-16,AAPL,5.805747032165527
2026-03-17,AAPL,5.8342437744140625
2026-03-18,AAPL,5.8273820877075195
2026-03-19,AAPL,5.857376575469971
2026-03-20,AAPL,5.887603759765625
2026-03-23,AAPL,5.89278507232666
2026-03-24,AAPL,5.9264397621154785
2026-03-25,AAPL,5.958717346191406
2026-03-26,AAPL,5.9934563636779785
2026-03-27,AAPL,5.989291191101074
2026-03-30,AAPL,6.012646675109863
2026-03-31,AAPL,5.925765037536621
2026-04-01,AAPL,5.954493522644043
2026-04-02,AAPL,5.990712642669678
2026-04-06,AAPL,6.0090203285217285
2026-04-07,AAPL,5.980072975158691
2026-04-08,AAPL,5.952309608459473
2026-04-09,AAPL,5.984055995941162
2026-04-10,AAPL,6.019882678985596
2026-04-13,AAPL,6.0517578125
2026-04-14,AAPL,6.087468147277832
2026-04-15,AAPL,5.998970985412598
2026-04-16,AAPL,6.013286590576172
2026-04-17,AAPL,5.956207275390625
2026-04-20,AAPL,5.978724956512451
2026-04-21,AAPL,5.916873931884766
2026-04-22,AAPL,5.861241340637207
2026-04-23,AAPL,5.895143032073975
2026-04-24,AAPL,5.916333198547363
2026-04-27,AAPL,5.924663543701172
2026-04-28,AAPL,5.9423089027404785
2026-04-29,AAPL,5.975379467010498
2025-12-23,XOM,7.109539985656738
2025-12-24,XOM,7.149694442749023
2025-12-26,XOM,7.19063138961792
2025-12-29,XOM,7.201676845550537
2025-12-30,XOM,7.241907119750977
2025-12-31,XOM,7.274138450622559
2026-01-02,XOM,7.2302727699279785
2026-01-05,XOM,7.161694526672363
2026-01-06,XOM,6.904208183288574
2026-01-07,XOM,6.83747673034668
2026-01-08,XOM,6.603344917297363
2026-01-09,XOM,6.610249996185303
2026-01-12,XOM,6.642207145690918
2026-01-13,XOM,6.609827995300293
2026-01-14,XOM,6.504567623138428
2026-01-15,XOM,6.524247169494629
2026-01-16,XOM,6.558709621429443
2026-01-20,XOM,6.595333099365234
2026-01-21,XOM,6.537333965301514
2026-01-22,XOM,6.574683666229248
2026-01-23,XOM,6.600366115570068
2026-01-26,XOM,6.636806964874268
2026-01-27,XOM,6.642847537994385
2026-01-28,XOM,6.678905963897705
2026-01-29,XOM,6.644770622253418
2026-01-30,XOM,6.680235385894775
2026-02-02,XOM,6.608339786529541
2026-02-03,XOM,6.4014177322387695
2026-02-04,XOM,6.335880279541016
2026-02-05,XOM,6.3431572914123535
2026-02-06,XOM,6.32650899887085
2026-02-09,XOM,6.340054988861084
2026-02-10,XOM,6.376645088195801
2026-02-11,XOM,6.321103572845459
2026-02-12,XOM,6.177848815917969
2026-02-13,XOM,6.18747615814209
2026-02-17,XOM,6.171666145324707
2026-02-18,XOM,6.084402561187744
2026-02-19,XOM,6.119442462921143
2026-02-20,XOM,6.041768550872803
2026-02-23,XOM,6.011157512664795
2026-02-24,XOM,6.021903038024902
2026-02-25,XOM,6.05403470993042
2026-02-26,XOM,6.083090305328369
2026-02-27,XOM,6.030958652496338
2026-03-02,XOM,6.055192470550537
2026-03-03,XOM,6.039592742919922
2026-03-04,XOM,6.0366339683532715
2026-03-05,XOM,6.069283962249756
2026-03-06,XOM,6.104205131530762
2026-03-09,XOM,6.1302170753479
2026-03-10,XOM,6.115906715393066
2026-03-11,XOM,6.083438873291016
2026-03-12,XOM,6.102492809295654
2026-03-13,XOM,6.107148170471191
2026-03-16,XOM,6.1399335861206055
2026-03-17,XOM,6.167869567871094
2026-03-18,XOM,6.186184406280518
2026-03-19,XOM,6.222356796264648
2026-03-20,XOM,6.25135612487793
2026-03-23,XOM,6.281189441680908
2026-03-24,XOM,6.2273125648498535
2026-03-25,XOM,6.221718788146973
2026-03-26,XOM,6.240915298461914
2026-03-27,XOM,6.129739761352539
2026-03-30,XOM,6.165605545043945
2026-03-31,XOM,6.170553207397461
2026-04-01,XOM,5.763737678527832
2026-04-02,XOM,5.795605182647705
2026-04-06,XOM,5.802985668182373
2026-04-07,XOM,5.836103916168213
2026-04-08,XOM,5.560930252075195
2026-04-09,XOM,5.58098840713501
2026-04-10,XOM,5.572455883026123
2026-04-13,XOM,5.603518486022949
2026-04-14,XOM,5.566168308258057
2026-04-15,XOM,5.596044540405273
2026-04-16,XOM,5.587549209594727
2026-04-17,XOM,5.452232837677002
2026-04-20,XOM,5.4769673347473145
2026-04-21,XOM,5.506087303161621
2026-04-22,XOM,5.532352447509766
2026-04-23,XOM,5.5600738525390625
2026-04-24,XOM,5.573323726654053
2026-04-27,XOM,5.600255489349365
2026-04-28,XOM,5.60715913772583
2026-04-29,XOM,5.562381744384766
2025-12-23,^NSEI,14.999670028686523
2025-12-24,^NSEI,15.079891204833984
2025-12-26,^NSEI,15.124826431274414
2025-12-29,^NSEI,15.170031547546387
2025-12-30,^NSEI,15.258749961853027
2025-12-31,^NSEI,15.229769706726074
2026-01-01,^NSEI,15.320622444152832
2026-01-02,^NSEI,15.30739974975586
2026-01-05,^NSEI,15.367883682250977
2026-01-06,^NSEI,15.432748794555664
2026-01-07,^NSEI,15.514877319335938
2026-01-08,^NSEI,15.327743530273438
2026-01-09,^NSEI,15.26937484741211
2026-01-12,^NSEI,15.320870399475098
2026-01-13,^NSEI,15.394499778747559
2026-01-14,^NSEI,15.463717460632324
2026-01-16,^NSEI,15.550972938537598
2026-01-19,^NSEI,15.589279174804688
2026-01-20,^NSEI,15.192102432250977
2026-01-21,^NSEI,15.258247375488281
2026-01-22,^NSEI,15.277091979980469
2026-01-23,^NSEI,15.144331932067871
2026-01-27,^NSEI,15.167520523071289
2026-01-28,^NSEI,15.14738941192627
2026-01-29,^NSEI,15.213027000427246
2026-01-30,^NSEI,15.262539863586426
2026-02-02,^NSEI,15.146121978759766
2026-02-03,^NSEI,13.870828628540039
2026-02-04,^NSEI,13.947288513183594
2026-02-05,^NSEI,13.975156784057617
2026-02-06,^NSEI,14.05199146270752
2026-02-09,^NSEI,14.053956031799316
2026-02-10,^NSEI,14.128193855285645
2026-02-11,^NSEI,14.214241981506348
2026-02-12,^NSEI,14.229696273803711
2026-02-13,^NSEI,13.977277755737305
2026-02-16,^NSEI,13.936311721801758
2026-02-17,^NSEI,14.014690399169922
2026-02-18,^NSEI,14.075953483581543
2026-02-19,^NSEI,13.779132843017578
2026-02-20,^NSEI,13.82548999786377
2026-02-23,^NSEI,13.855583190917969
2026-02-24,^NSEI,13.704855918884277
2026-02-25,^NSEI,13.777429580688477
2026-02-26,^NSEI,13.858633995056152
2026-02-27,^NSEI,13.659571647644043
2026-03-02,^NSEI,13.478277206420898
2026-03-04,^NSEI,13.17934513092041
2026-03-05,^NSEI,13.033501625061035
2026-03-06,^NSEI,12.87809944152832
2026-03-09,^NSEI,12.553448677062988
2026-03-10,^NSEI,12.483837127685547
2026-03-11,^NSEI,12.23459529876709
2026-03-12,^NSEI,12.20711898803711
2026-03-13,^NSEI,11.81087589263916
2026-03-16,^NSEI,11.715792655944824
2026-03-17,^NSEI,11.709421157836914
2026-03-18,^NSEI,11.68618392944336
2026-03-19,^NSEI,10.76884651184082
2026-03-20,^NSEI,10.80076789855957
2026-03-23,^NSEI,10.35547924041748
2026-03-24,^NSEI,10.151022911071777
2026-03-25,^NSEI,9.979720115661621
2026-03-27,^NSEI,9.7725248336792
2026-03-30,^NSEI,9.574183464050293
2026-04-01,^NSEI,9.462976455688477
2026-04-02,^NSEI,9.513590812683105
2026-04-06,^NSEI,9.48129653930664
2026-04-07,^NSEI,9.502005577087402
2026-04-08,^NSEI,8.783060073852539
2026-04-09,^NSEI,8.79656982421875
2026-04-10,^NSEI,8.780475616455078
2026-04-13,^NSEI,8.799687385559082
2026-04-15,^NSEI,8.723709106445312
2026-04-16,^NSEI,8.773768424987793
2026-04-17,^NSEI,8.805499076843262
2026-04-20,^NSEI,8.856245040893555
2026-04-21,^NSEI,8.871786117553711
2026-04-22,^NSEI,8.89444637298584
2026-04-23,^NSEI,8.91513729095459
2026-04-24,^NSEI,8.907876014709473
2026-04-27,^NSEI,8.926261901855469
2026-04-28,^NSEI,8.972447395324707
2026-04-29,^NSEI,8.994659423828125
2025-12-23,QQQ,7.606889247894287
2025-12-24,QQQ,7.649935722351074
2025-12-26,QQQ,7.693949222564697
2025-12-29,QQQ,7.727798938751221
2025-12-30,QQQ,7.769227981567383
2025-12-31,QQQ,7.786962509155273
2026-01-02,QQQ,7.829195976257324
2026-01-05,QQQ,7.858020305633545
2026-01-06,QQQ,7.883301734924316
2026-01-07,QQQ,7.9294753074646
2026-01-08,QQQ,7.961333751678467
2026-01-09,QQQ,7.980728626251221
2026-01-12,QQQ,8.026968002319336
2026-01-13,QQQ,8.071606636047363
2026-01-14,QQQ,8.070171356201172
2026-01-15,QQQ,8.114106178283691
2026-01-16,QQQ,8.159778594970703
2026-01-20,QQQ,8.031172752380371
2026-01-21,QQQ,8.018498420715332
2026-01-22,QQQ,8.049724578857422
2026-01-23,QQQ,8.094490051269531
2026-01-26,QQQ,8.137207984924316
2026-01-27,QQQ,8.160449028015137
2026-01-28,QQQ,8.206025123596191
2026-01-29,QQQ,8.235196113586426
2026-01-30,QQQ,8.219931602478027
2026-02-02,QQQ,8.253495216369629
2026-02-03,QQQ,8.201741218566895
2026-02-04,QQQ,8.12740421295166
2026-02-05,QQQ,8.09376335144043
2026-02-06,QQQ,7.987067699432373
2026-02-09,QQQ,8.015473365783691
2026-02-10,QQQ,8.052534103393555
2026-02-11,QQQ,8.097269058227539
2026-02-12,QQQ,7.989749908447266
2026-02-13,QQQ,8.033432006835938
2026-02-17,QQQ,8.077576637268066
2026-02-18,QQQ,8.104447364807129
2026-02-19,QQQ,8.142877578735352
2026-02-20,QQQ,8.162405967712402
2026-02-23,QQQ,8.149917602539062
2026-02-24,QQQ,8.15711784362793
2026-02-25,QQQ,8.133512496948242
2026-02-26,QQQ,8.124455451965332
2026-02-27,QQQ,8.167664527893066
2026-03-02,QQQ,8.214669227600098
2026-03-03,QQQ,8.215803146362305
2026-03-04,QQQ,8.180704116821289
2026-03-05,QQQ,8.22436237335205
2026-03-06,QQQ,8.182987213134766
2026-03-09,QQQ,8.167673110961914
2026-03-10,QQQ,8.216114044189453
2026-03-11,QQQ,8.264464378356934
2026-03-12,QQQ,8.196269035339355
2026-03-13,QQQ,8.229085922241211
2026-03-16,QQQ,8.229995727539062
2026-03-17,QQQ,8.269515037536621
2026-03-18,QQQ,8.239290237426758
2026-03-19,QQQ,8.281291007995605
2026-03-20,QQQ,8.196929931640625
2026-03-23,QQQ,8.193090438842773
2026-03-24,QQQ,8.22178840637207
2026-03-25,QQQ,8.251901626586914
2026-03-26,QQQ,8.087642669677734
2026-03-27,QQQ,8.002285957336426
2026-03-30,QQQ,8.02970027923584
2026-03-31,QQQ,7.686132907867432
2026-04-01,QQQ,7.682495594024658
2026-04-02,QQQ,7.7276153564453125
2026-04-06,QQQ,7.762637138366699
2026-04-07,QQQ,7.809446334838867
2026-04-08,QQQ,7.5847954750061035
2026-04-09,QQQ,7.618529319763184
2026-04-10,QQQ,7.664375305175781
2026-04-13,QQQ,7.68173360824585
2026-04-14,QQQ,7.634428977966309
2026-04-15,QQQ,7.628698348999023
2026-04-16,QQQ,7.670090675354004
2026-04-17,QQQ,7.6724653244018555
2026-04-20,QQQ,7.712052345275879
2026-04-21,QQQ,7.749492168426514
2026-04-22,QQQ,7.716939449310303
2026-04-23,QQQ,7.7474822998046875
2026-04-24,QQQ,7.692274570465088
2026-04-27,QQQ,7.736751079559326
2026-04-28,QQQ,7.7411208152771
2026-04-29,QQQ,7.778280258178711
2025-12-23,TSLA,2.683335065841675
2025-12-24,TSLA,2.698631763458252
2025-12-26,TSLA,2.7062735557556152
2025-12-29,TSLA,2.7046802043914795
2025-12-30,TSLA,2.717508316040039
2025-12-31,TSLA,2.7306344509124756
2026-01-02,TSLA,2.7350282669067383
2026-01-05,TSLA,2.738940477371216
2026-01-06,TSLA,2.7278287410736084
2026-01-07,TSLA,2.742661714553833
2026-01-08,TSLA,2.756927967071533
2026-01-09,TSLA,2.767080068588257
2026-01-12,TSLA,2.781982183456421
2026-01-13,TSLA,2.7970166206359863
2026-01-14,TSLA,2.8066229820251465
2026-01-15,TSLA,2.8221070766448975
2026-01-16,TSLA,2.837613821029663
2026-01-20,TSLA,2.824221134185791
2026-01-21,TSLA,2.82841157913208
2026-01-22,TSLA,2.820781707763672
2026-01-23,TSLA,2.8375415802001953
2026-01-26,TSLA,2.837705612182617
2026-01-27,TSLA,2.8522262573242188
2026-01-28,TSLA,2.869069814682007
2026-01-29,TSLA,2.864811420440674
2026-01-30,TSLA,2.865243434906006
2026-02-02,TSLA,2.8744945526123047
2026-02-03,TSLA,2.891098976135254
2026-02-04,TSLA,2.882805585861206
2026-02-05,TSLA,2.891073703765869
2026-02-06,TSLA,2.888451337814331
2026-02-09,TSLA,2.9020256996154785
2026-02-10,TSLA,2.913944959640503
2026-02-11,TSLA,2.9305031299591064
2026-02-12,TSLA,2.9345457553863525
2026-02-13,TSLA,2.951296329498291
2026-02-17,TSLA,2.9627881050109863
2026-02-18,TSLA,2.9797708988189697
2026-02-19,TSLA,2.997114419937134
2026-02-20,TSLA,3.0147275924682617
2026-02-23,TSLA,3.015275001525879
2026-02-24,TSLA,3.022709608078003
2026-02-25,TSLA,3.0341076850891113
2026-02-26,TSLA,3.0428621768951416
2026-02-27,TSLA,3.055773973464966
2026-03-02,TSLA,3.0733320713043213
2026-03-03,TSLA,3.0758447647094727
2026-03-04,TSLA,3.0707175731658936
2026-03-05,TSLA,3.0883126258850098
2026-03-06,TSLA,3.0957815647125244
2026-03-09,TSLA,3.1129889488220215
2026-03-10,TSLA,3.1307523250579834
2026-03-11,TSLA,3.1398935317993164
2026-03-12,TSLA,3.1363863945007324
2026-03-13,TSLA,3.152205467224121
2026-03-16,TSLA,3.167816162109375
2026-03-17,TSLA,3.184453248977661
2026-03-18,TSLA,3.1965785026550293
2026-03-19,TSLA,3.1919569969177246
2026-03-20,TSLA,3.1871330738067627
2026-03-23,TSLA,3.178039789199829
2026-03-24,TSLA,3.195869207382202
2026-03-25,TSLA,3.2130470275878906
2026-03-26,TSLA,3.2023706436157227
2026-03-27,TSLA,3.203936815261841
2026-03-30,TSLA,3.2153995037078857
2026-03-31,TSLA,3.184497356414795
2026-04-01,TSLA,3.188504934310913
2026-04-02,TSLA,3.1435749530792236
2026-04-06,TSLA,3.1524722576141357
2026-04-07,TSLA,3.164736032485962
2026-04-08,TSLA,3.181276559829712
2026-04-09,TSLA,3.198106288909912
2026-04-10,TSLA,3.21433687210083
2026-04-13,TSLA,3.230557680130005
2026-04-14,TSLA,3.2229201793670654
2026-04-15,TSLA,3.1158578395843506
2026-04-16,TSLA,3.133272409439087
2026-04-17,TSLA,3.1338953971862793
2026-04-20,TSLA,3.143683910369873
2026-04-21,TSLA,3.1572887897491455
2026-04-22,TSLA,3.175924301147461
2026-04-23,TSLA,3.167008638381958
2026-04-24,TSLA,3.1848771572113037
2026-04-27,TSLA,3.2029590606689453
2026-04-28,TSLA,3.2209877967834473
2026-04-29,TSLA,3.2384414672851562
2025-12-23,TLT,13.960862159729004
2025-12-24,TLT,13.97805404663086
2025-12-26,TLT,14.0407075881958
2025-12-29,TLT,14.100398063659668
2025-12-30,TLT,14.173856735229492
2025-12-31,TLT,14.132895469665527
2026-01-02,TLT,14.210784912109375
2026-01-05,TLT,14.246978759765625
2026-01-06,TLT,14.322877883911133
2026-01-07,TLT,14.339330673217773
2026-01-08,TLT,14.372021675109863
2026-01-09,TLT,14.369988441467285
2026-01-12,TLT,14.43643856048584
2026-01-13,TLT,14.516039848327637
2026-01-14,TLT,14.534823417663574
2026-01-15,TLT,14.620879173278809
2026-01-16,TLT,14.632558822631836
2026-01-20,TLT,14.358208656311035
2026-01-21,TLT,14.321636199951172
2026-01-22,TLT,14.366609573364258
2026-01-23,TLT,14.436197280883789
2026-01-26,TLT,14.477099418640137
2026-01-27,TLT,14.479167938232422
2026-01-28,TLT,14.552547454833984
2026-01-29,TLT,14.637591361999512
2026-01-30,TLT,14.653694152832031
2026-02-02,TLT,14.719579696655273
2026-02-03,TLT,14.788931846618652
2026-02-04,TLT,14.857734680175781
2026-02-05,TLT,14.683399200439453
2026-02-06,TLT,14.766727447509766
2026-02-09,TLT,14.851908683776855
2026-02-10,TLT,14.654984474182129
2026-02-11,TLT,14.676589965820312
2026-02-12,TLT,14.405470848083496
2026-02-13,TLT,14.435946464538574
2026-02-17,TLT,14.51722526550293
2026-02-18,TLT,14.566099166870117
2026-02-19,TLT,14.65024185180664
2026-02-20,TLT,14.720597267150879
2026-02-23,TLT,14.782668113708496
2026-02-24,TLT,14.866394996643066
2026-02-25,TLT,14.95427417755127
2026-02-26,TLT,15.012907981872559
2026-02-27,TLT,15.027084350585938
2026-03-02,TLT,14.865982055664062
2026-03-03,TLT,14.939803123474121
2026-03-04,TLT,14.998536109924316
2026-03-05,TLT,15.040642738342285
2026-03-06,TLT,15.0892333984375
2026-03-09,TLT,15.006946563720703
2026-03-10,TLT,14.823067665100098
2026-03-11,TLT,14.54074764251709
2026-03-12,TLT,14.612951278686523
2026-03-13,TLT,14.642068862915039
2026-03-16,TLT,14.593957901000977
2026-03-17,TLT,14.658812522888184
2026-03-18,TLT,14.671632766723633
2026-03-19,TLT,14.673264503479004
2026-03-20,TLT,14.029922485351562
2026-03-23,TLT,14.02349853515625
2026-03-24,TLT,14.065709114074707
2026-03-25,TLT,13.965569496154785
2026-03-26,TLT,13.915966033935547
2026-03-27,TLT,13.943258285522461
2026-03-30,TLT,13.699280738830566
2026-03-31,TLT,13.779167175292969
2026-04-01,TLT,13.86112117767334
2026-04-02,TLT,13.87510871887207
2026-04-06,TLT,13.9552583694458
2026-04-07,TLT,14.039844512939453
2026-04-08,TLT,14.104578971862793
2026-04-09,TLT,14.177436828613281
2026-04-10,TLT,14.25145435333252
2026-04-13,TLT,14.319924354553223
2026-04-14,TLT,14.349411964416504
2026-04-15,TLT,14.396537780761719
2026-04-16,TLT,14.400626182556152
2026-04-17,TLT,14.317347526550293
2026-04-20,TLT,14.401991844177246
2026-04-21,TLT,14.423952102661133
2026-04-22,TLT,14.499608993530273
2026-04-23,TLT,14.573338508605957
2026-04-24,TLT,14.650200843811035
2026-04-27,TLT,14.680682182312012
2026-04-28,TLT,14.760905265808105
2026-04-29,TLT,14.71496868133545
2025-12-23,SPY,9.779510498046875
2025-12-24,SPY,9.832077026367188
2025-12-26,SPY,9.888566017150879
2025-12-29,SPY,9.932636260986328
2025-12-30,SPY,9.98727035522461
2025-12-31,SPY,9.998869895935059
2026-01-02,SPY,10.055804252624512
2026-01-05,SPY,10.09024715423584
2026-01-06,SPY,10.13078784942627
2026-01-07,SPY,10.177631378173828
2026-01-08,SPY,10.236796379089355
2026-01-09,SPY,10.273530960083008
2026-01-12,SPY,10.333627700805664
2026-01-13,SPY,10.387674331665039
2026-01-14,SPY,10.422419548034668
2026-01-15,SPY,10.479802131652832
2026-01-16,SPY,10.537911415100098
2026-01-20,SPY,10.257452011108398
2026-01-21,SPY,10.22850513458252
2026-01-22,SPY,10.27245044708252
2026-01-23,SPY,10.331647872924805
2026-01-26,SPY,10.377422332763672
2026-01-27,SPY,10.43002986907959
2026-01-28,SPY,10.489801406860352
2026-01-29,SPY,10.544498443603516
2026-01-30,SPY,10.59433364868164
2026-02-02,SPY,10.641406059265137
2026-02-03,SPY,10.633440971374512
2026-02-04,SPY,10.669249534606934
2026-02-05,SPY,10.58975601196289
2026-02-06,SPY,10.37857437133789
2026-02-09,SPY,10.426132202148438
2026-02-10,SPY,10.4789400100708
2026-02-11,SPY,10.539645195007324
2026-02-12,SPY,10.398560523986816
2026-02-13,SPY,10.457344055175781
2026-02-17,SPY,10.515511512756348
2026-02-18,SPY,10.559146881103516
2026-02-19,SPY,10.610718727111816
2026-02-20,SPY,10.635371208190918
2026-02-23,SPY,10.6007661819458
2026-02-24,SPY,10.624341011047363
2026-02-25,SPY,10.635807991027832
2026-02-26,SPY,10.666479110717773
2026-02-27,SPY,10.705673217773438
2026-03-02,SPY,10.767868041992188
2026-03-03,SPY,10.755247116088867
2026-03-04,SPY,10.779372215270996
2026-03-05,SPY,10.809100151062012
2026-03-06,SPY,10.715899467468262
2026-03-09,SPY,10.717554092407227
2026-03-10,SPY,10.77602767944336
2026-03-11,SPY,10.835502624511719
2026-03-12,SPY,10.693887710571289
2026-03-13,SPY,10.72614860534668
2026-03-16,SPY,10.701333045959473
2026-03-17,SPY,10.7571439743042
2026-03-18,SPY,10.650171279907227
2026-03-19,SPY,10.703499794006348
2026-03-20,SPY,10.59363079071045
2026-03-23,SPY,10.562179565429688
2026-03-24,SPY,10.612761497497559
2026-03-25,SPY,10.648249626159668
2026-03-26,SPY,10.4539155960083
2026-03-27,SPY,10.298725128173828
2026-03-30,SPY,10.35124683380127
2026-03-31,SPY,9.8086519241333
2026-04-01,SPY,9.830671310424805
2026-04-02,SPY,9.890402793884277
2026-04-06,SPY,9.935548782348633
2026-04-07,SPY,9.996036529541016
2026-04-08,SPY,9.644118309020996
2026-04-09,SPY,9.68591022491455
2026-04-10,SPY,9.743642807006836
2026-04-13,SPY,9.748796463012695
2026-04-14,SPY,9.722563743591309
2026-04-15,SPY,9.74893569946289
2026-04-16,SPY,9.805688858032227
2026-04-17,SPY,9.783995628356934
2026-04-20,SPY,9.836734771728516
2026-04-21,SPY,9.858755111694336
2026-04-22,SPY,9.85895824432373
2026-04-23,SPY,9.901851654052734
2026-04-24,SPY,9.927976608276367
2026-04-27,SPY,9.985090255737305
2026-04-28,SPY,10.020383834838867
2026-04-29,SPY,10.077515602111816
2025-12-23,INFY.NS,6.402771472930908
2025-12-24,INFY.NS,6.437118053436279
2025-12-26,INFY.NS,6.469138145446777
2025-12-29,INFY.NS,6.495124340057373
2025-12-30,INFY.NS,6.491538047790527
2025-12-31,INFY.NS,6.524930477142334
2026-01-01,INFY.NS,6.549399375915527
2026-01-02,INFY.NS,6.580673694610596
2026-01-05,INFY.NS,6.530501842498779
2026-01-06,INFY.NS,6.56587028503418
2026-01-07,INFY.NS,6.554314136505127
2026-01-08,INFY.NS,6.540565490722656
2026-01-09,INFY.NS,6.577583312988281
2026-01-12,INFY.NS,6.587452411651611
2026-01-13,INFY.NS,6.6236162185668945
2026-01-14,INFY.NS,6.660196781158447
2026-01-15,INFY.NS,6.69702672958374
2026-01-16,INFY.NS,6.175580978393555
2026-01-19,INFY.NS,6.205552101135254
2026-01-20,INFY.NS,6.209043979644775
2026-01-21,INFY.NS,6.243131160736084
2026-01-22,INFY.NS,6.275961399078369
2026-01-23,INFY.NS,6.310665607452393
2026-01-27,INFY.NS,6.341355323791504
2026-01-28,INFY.NS,6.3592400550842285
2026-01-29,INFY.NS,6.392306804656982
2026-01-30,INFY.NS,6.404767036437988
2026-02-02,INFY.NS,6.431763172149658
2026-02-03,INFY.NS,6.425368309020996
2026-02-04,INFY.NS,5.667203426361084
2026-02-05,INFY.NS,5.68764591217041
2026-02-06,INFY.NS,5.71162223815918
2026-02-09,INFY.NS,5.739400386810303
2026-02-10,INFY.NS,5.771412372589111
2026-02-11,INFY.NS,5.766570568084717
2026-02-12,INFY.NS,5.406687259674072
2026-02-13,INFY.NS,5.42430305480957
2026-02-16,INFY.NS,5.454644680023193
2026-02-17,INFY.NS,5.440971851348877
2026-02-18,INFY.NS,5.457164764404297
2026-02-19,INFY.NS,5.487480163574219
2026-02-20,INFY.NS,5.503712177276611
2026-02-23,INFY.NS,5.499877452850342
2026-02-24,INFY.NS,5.377791404724121
2026-02-25,INFY.NS,5.389777183532715
2026-02-26,INFY.NS,5.421238422393799
2026-02-27,INFY.NS,5.441848278045654
2026-03-02,INFY.NS,5.469000339508057
2026-03-04,INFY.NS,5.472214698791504
2026-03-05,INFY.NS,5.504709243774414
2026-03-06,INFY.NS,5.536134243011475
2026-03-09,INFY.NS,5.56300163269043
2026-03-10,INFY.NS,5.575119495391846
2026-03-11,INFY.NS,5.5868754386901855
2026-03-12,INFY.NS,5.614435195922852
2026-03-13,INFY.NS,5.629448413848877
2026-03-16,INFY.NS,5.661208152770996
2026-03-17,INFY.NS,5.677824020385742
2026-03-18,INFY.NS,5.602665424346924
2026-03-19,INFY.NS,5.494675636291504
2026-03-20,INFY.NS,5.4209303855896
2026-03-23,INFY.NS,5.451286315917969
2026-03-24,INFY.NS,5.443998336791992
2026-03-25,INFY.NS,5.475271224975586
2026-03-27,INFY.NS,5.503693580627441
2026-03-30,INFY.NS,5.51528787612915
2026-04-01,INFY.NS,5.494087219238281
2026-04-02,INFY.NS,5.476790904998779
2026-04-06,INFY.NS,5.50628662109375
2026-04-07,INFY.NS,5.460383415222168
2026-04-08,INFY.NS,5.489356994628906
2026-04-09,INFY.NS,5.510669708251953
2026-04-10,INFY.NS,5.453688144683838
2026-04-13,INFY.NS,5.471806049346924
2026-04-15,INFY.NS,5.442551612854004
2026-04-16,INFY.NS,5.458479404449463
2026-04-17,INFY.NS,5.490538120269775
2026-04-20,INFY.NS,5.521153450012207
2026-04-21,INFY.NS,5.5531816482543945
2026-04-22,INFY.NS,5.463315010070801
2026-04-23,INFY.NS,5.448357105255127
2026-04-24,INFY.NS,5.036901950836182
2026-04-27,INFY.NS,5.043972015380859
2026-04-28,INFY.NS,5.057932376861572
2026-04-29,INFY.NS,5.065346717834473
2025-12-23,MSFT,7.039149284362793
2025-12-24,MSFT,7.079765796661377
2025-12-26,MSFT,7.120778560638428
2025-12-29,MSFT,7.161985397338867
2025-12-30,MSFT,7.203675270080566
2025-12-31,MSFT,7.228673458099365
2026-01-02,MSFT,7.1469807624816895
2026-01-05,MSFT,7.187595844268799
2026-01-06,MSFT,7.192411422729492
2026-01-07,MSFT,7.207730770111084
2026-01-08,MSFT,7.217645168304443
2026-01-09,MSFT,7.25788688659668
2026-01-12,MSFT,7.294492244720459
2026-01-13,MSFT,7.287379741668701
2026-01-14,MSFT,7.1840386390686035
2026-01-15,MSFT,7.217273235321045
2026-01-16,MSFT,7.243435382843018
2026-01-20,MSFT,7.251918315887451
2026-01-21,MSFT,7.166538238525391
2026-01-22,MSFT,7.138123512268066
2026-01-23,MSFT,6.916381359100342
2026-01-26,MSFT,6.937038898468018
2026-01-27,MSFT,6.869956016540527
2026-01-28,MSFT,6.909734725952148
2026-01-29,MSFT,5.413306713104248
2026-01-30,MSFT,5.43992280960083
2026-02-02,MSFT,5.446840286254883
2026-02-03,MSFT,5.397482395172119
2026-02-04,MSFT,5.4215192794799805
2026-02-05,MSFT,5.2194108963012695
2026-02-06,MSFT,5.207595348358154
2026-02-09,MSFT,5.137201309204102
2026-02-10,MSFT,5.167550563812256
2026-02-11,MSFT,5.160216331481934
2026-02-12,MSFT,5.187000751495361
2026-02-13,MSFT,5.216601371765137
2026-02-17,MSFT,5.23751163482666
2026-02-18,MSFT,5.259697437286377
2026-02-19,MSFT,5.289477348327637
2026-02-20,MSFT,5.320313453674316
2026-02-23,MSFT,5.258490085601807
2026-02-24,MSFT,5.270302772521973
2026-02-25,MSFT,5.203729152679443
2026-02-26,MSFT,5.23205041885376
2026-02-27,MSFT,5.220512390136719
2026-03-02,MSFT,5.223764419555664
2026-03-03,MSFT,5.232603549957275
2026-03-04,MSFT,5.261899948120117
2026-03-05,MSFT,5.2718939781188965
2026-03-06,MSFT,5.302142143249512
2026-03-09,MSFT,5.333217620849609
2026-03-10,MSFT,5.358762264251709
2026-03-11,MSFT,5.390029430389404
2026-03-12,MSFT,5.417614459991455
2026-03-13,MSFT,5.427003860473633
2026-03-16,MSFT,5.44163179397583
2026-03-17,MSFT,5.472321510314941
2026-03-18,MSFT,5.468494892120361
2026-03-19,MSFT,5.496111869812012
2026-03-20,MSFT,5.495797634124756
2026-03-23,MSFT,5.5239434242248535
2026-03-24,MSFT,5.4845781326293945
2026-03-25,MSFT,5.51461935043335
2026-03-26,MSFT,5.530242919921875
2026-03-27,MSFT,5.501489639282227
2026-03-30,MSFT,5.5237836837768555
2026-03-31,MSFT,5.429397106170654
2026-04-01,MSFT,5.459779262542725
2026-04-02,MSFT,5.4718732833862305
2026-04-06,MSFT,5.5031280517578125
2026-04-07,MSFT,5.535079479217529
2026-04-08,MSFT,5.561361789703369
2026-04-09,MSFT,5.594381809234619
2026-04-10,MSFT,5.626104354858398
2026-04-13,MSFT,5.491401672363281
2026-04-14,MSFT,5.460605621337891
2026-04-15,MSFT,5.263381004333496
2026-04-16,MSFT,5.245459079742432
2026-04-17,MSFT,5.273214340209961
2026-04-20,MSFT,5.292419910430908
2026-04-21,MSFT,5.3006486892700195
2026-04-22,MSFT,5.288102149963379
2026-04-23,MSFT,5.1671905517578125
2026-04-24,MSFT,5.153763294219971
2026-04-27,MSFT,5.18395471572876
2026-04-28,MSFT,5.20375919342041
2026-04-29,MSFT,5.2221832275390625
2025-12-23,META,4.271993637084961
2025-12-24,META,4.295994758605957
2025-12-26,META,4.318451404571533
2025-12-29,META,4.340611934661865
2025-12-30,META,4.359066963195801
2025-12-31,META,4.379704475402832
2026-01-02,META,4.392382621765137
2026-01-05,META,4.408041477203369
2026-01-06,META,4.433121204376221
2026-01-07,META,4.439027309417725
2026-01-08,META,4.463333606719971
2026-01-09,META,4.481595993041992
2026-01-12,META,4.4895477294921875
2026-01-13,META,4.497662544250488
2026-01-14,META,4.48691463470459
2026-01-15,META,4.50675630569458
2026-01-16,META,4.531885623931885
2026-01-20,META,4.516601085662842
2026-01-21,META,4.526579856872559
2026-01-22,META,4.358215808868408
2026-01-23,META,4.3669023513793945
2026-01-26,META,4.368922233581543
2026-01-27,META,4.394749164581299
2026-01-28,META,4.418087482452393
2026-01-29,META,3.9211087226867676
2026-01-30,META,3.9058337211608887
2026-02-02,META,3.920006513595581
2026-02-03,META,3.924384832382202
2026-02-04,META,3.9025042057037354
2026-02-05,META,3.9256441593170166
2026-02-06,META,3.941087007522583
2026-02-09,META,3.94136381149292
2026-02-10,META,3.960214376449585
2026-02-11,META,3.982273578643799
2026-02-12,META,3.9702141284942627
2026-02-13,META,3.9823927879333496
2026-02-17,META,4.00467586517334
2026-02-18,META,4.0253682136535645
2026-02-19,META,4.047574520111084
2026-02-20,META,4.057219505310059
2026-02-23,META,4.0438666343688965
2026-02-24,META,4.065664291381836
2026-02-25,META,4.065203666687012
2026-02-26,META,4.08734655380249
2026-02-27,META,4.102109909057617
2026-03-02,META,4.122456073760986
2026-03-03,META,4.146090030670166
2026-03-04,META,4.152520179748535
2026-03-05,META,4.171080589294434
2026-03-06,META,4.1674675941467285
2026-03-09,META,4.191307544708252
2026-03-10,META,4.210999965667725
2026-03-11,META,4.235968112945557
2026-03-12,META,4.227184295654297
2026-03-13,META,4.178610324859619
2026-03-16,META,4.174659252166748
2026-03-17,META,4.195982933044434
2026-03-18,META,4.214142799377441
2026-03-19,META,4.227901935577393
2026-03-20,META,4.229563236236572
2026-03-23,META,4.235899448394775
2026-03-24,META,4.24335241317749
2026-03-25,META,4.265859127044678
2026-03-26,META,3.9947030544281006
2026-03-27,META,3.9554531574249268
2026-03-30,META,3.956493616104126
2026-03-31,META,3.793261766433716
2026-04-01,META,3.8080966472625732
2026-04-02,META,3.828345775604248
2026-04-06,META,3.851238250732422
2026-04-07,META,3.8731329441070557
2026-04-08,META,3.734151601791382
2026-04-09,META,3.7324180603027344
2026-04-10,META,3.7549798488616943
2026-04-13,META,3.7759289741516113
2026-04-14,META,3.7298290729522705
2026-04-15,META,3.7466821670532227
2026-04-16,META,3.767723560333252
2026-04-17,META,3.7811672687530518
2026-04-20,META,3.777109384536743
2026-04-21,META,3.7982070446014404
2026-04-22,META,3.8177452087402344
2026-04-23,META,3.8188462257385254
2026-04-24,META,3.820345640182495
2026-04-27,META,3.8419601917266846
2026-04-28,META,3.8592617511749268
2026-04-29,META,3.88104248046875
2025-12-23,EURUSD=X,22.71645736694336
2025-12-24,EURUSD=X,22.80833625793457
2025-12-26,EURUSD=X,22.929351806640625
2025-12-29,EURUSD=X,23.046714782714844
2025-12-30,EURUSD=X,23.179344177246094
2025-12-31,EURUSD=X,23.26277732849121
2026-01-02,EURUSD=X,23.396587371826172
2026-01-05,EURUSD=X,23.381874084472656
2026-01-06,EURUSD=X,23.509716033935547
2026-01-07,EURUSD=X,23.58702278137207
2026-01-08,EURUSD=X,23.706396102905273
2026-01-09,EURUSD=X,23.809404373168945
2026-01-12,EURUSD=X,23.855093002319336
2026-01-13,EURUSD=X,23.867406845092773
2026-01-14,EURUSD=X,23.953292846679688
2026-01-15,EURUSD=X,24.085575103759766
2026-01-16,EURUSD=X,24.113739013671875
2026-01-19,EURUSD=X,24.2305965423584
2026-01-20,EURUSD=X,24.352285385131836
2026-01-21,EURUSD=X,23.952978134155273
2026-01-22,EURUSD=X,23.87031364440918
2026-01-23,EURUSD=X,23.58464241027832
2026-01-26,EURUSD=X,23.086776733398438
2026-01-27,EURUSD=X,23.214290618896484
2026-01-28,EURUSD=X,22.292329788208008
2026-01-29,EURUSD=X,22.32171058654785
2026-01-30,EURUSD=X,22.443416595458984
2026-02-02,EURUSD=X,21.82509422302246
2026-02-03,EURUSD=X,21.809772491455078
2026-02-04,EURUSD=X,21.929601669311523
2026-02-05,EURUSD=X,22.044824600219727
2026-02-06,EURUSD=X,22.13970184326172
2026-02-09,EURUSD=X,22.16006851196289
2026-02-10,EURUSD=X,21.997081756591797
2026-02-11,EURUSD=X,22.10860824584961
2026-02-12,EURUSD=X,22.220317840576172
2026-02-13,EURUSD=X,22.34122657775879
2026-02-16,EURUSD=X,22.46786880493164
2026-02-17,EURUSD=X,22.571090698242188
2026-02-18,EURUSD=X,22.698883056640625
2026-02-19,EURUSD=X,22.58257293701172
2026-02-20,EURUSD=X,22.681034088134766
2026-02-23,EURUSD=X,22.580976486206055
2026-02-24,EURUSD=X,22.602880477905273
2026-02-25,EURUSD=X,22.706092834472656
2026-02-26,EURUSD=X,22.75327491760254
2026-02-27,EURUSD=X,22.871004104614258
2026-03-02,EURUSD=X,22.877586364746094
2026-03-03,EURUSD=X,22.76796531677246
2026-03-04,EURUSD=X,22.47106170654297
2026-03-05,EURUSD=X,22.564796447753906
2026-03-06,EURUSD=X,22.645784378051758
2026-03-09,EURUSD=X,22.361370086669922
2026-03-10,EURUSD=X,21.98525047302246
2026-03-11,EURUSD=X,22.10821533203125
2026-03-12,EURUSD=X,21.983802795410156
2026-03-13,EURUSD=X,22.086021423339844
2026-03-16,EURUSD=X,21.816545486450195
2026-03-17,EURUSD=X,21.704004287719727
2026-03-18,EURUSD=X,21.74043846130371
2026-03-19,EURUSD=X,21.579721450805664
2026-03-20,EURUSD=X,21.048036575317383
2026-03-23,EURUSD=X,21.1604061126709
2026-03-24,EURUSD=X,21.18268585205078
2026-03-25,EURUSD=X,21.311256408691406
2026-03-26,EURUSD=X,21.301822662353516
2026-03-27,EURUSD=X,21.398088455200195
2026-03-30,EURUSD=X,21.436052322387695
2026-03-31,EURUSD=X,21.510066986083984
2026-04-01,EURUSD=X,20.976905822753906
2026-04-02,EURUSD=X,21.091115951538086
2026-04-03,EURUSD=X,21.105466842651367
2026-04-06,EURUSD=X,21.185503005981445
2026-04-07,EURUSD=X,21.257883071899414
2026-04-08,EURUSD=X,20.408376693725586
2026-04-09,EURUSD=X,20.49684715270996
2026-04-10,EURUSD=X,20.57567024230957
2026-04-13,EURUSD=X,20.68361473083496
2026-04-14,EURUSD=X,20.434795379638672
2026-04-15,EURUSD=X,20.519861221313477
2026-04-16,EURUSD=X,20.637239456176758
2026-04-17,EURUSD=X,20.722291946411133
2026-04-20,EURUSD=X,20.76207733154297
2026-04-21,EURUSD=X,20.809236526489258
2026-04-22,EURUSD=X,20.851308822631836
2026-04-23,EURUSD=X,20.90188980102539
2026-04-24,EURUSD=X,20.998638153076172
2026-04-27,EURUSD=X,21.097976684570312
2026-04-28,EURUSD=X,21.208141326904297
2026-04-29,EURUSD=X,21.32768440246582
2025-12-23,HDFCBANK.NS,10.765029907226562
2025-12-24,HDFCBANK.NS,10.82797622680664
2025-12-26,HDFCBANK.NS,10.864405632019043
2025-12-29,HDFCBANK.NS,10.926911354064941
2025-12-30,HDFCBANK.NS,10.988852500915527
2025-12-31,HDFCBANK.NS,11.052617073059082
2026-01-01,HDFCBANK.NS,11.11710262298584
2026-01-02,HDFCBANK.NS,11.08637523651123
2026-01-05,HDFCBANK.NS,10.630372047424316
2026-01-06,HDFCBANK.NS,10.492109298706055
2026-01-07,HDFCBANK.NS,10.40938663482666
2026-01-08,HDFCBANK.NS,10.466903686523438
2026-01-09,HDFCBANK.NS,10.479951858520508
2026-01-12,HDFCBANK.NS,10.537890434265137
2026-01-13,HDFCBANK.NS,10.597936630249023
2026-01-14,HDFCBANK.NS,10.535754203796387
2026-01-15,HDFCBANK.NS,10.594463348388672
2026-01-16,HDFCBANK.NS,10.619202613830566
2026-01-19,HDFCBANK.NS,10.670822143554688
2026-01-20,HDFCBANK.NS,10.717765808105469
2026-01-21,HDFCBANK.NS,10.672250747680664
2026-01-22,HDFCBANK.NS,10.730895042419434
2026-01-23,HDFCBANK.NS,10.786632537841797
2026-01-27,HDFCBANK.NS,10.732599258422852
2026-01-28,HDFCBANK.NS,10.754104614257812
2026-01-29,HDFCBANK.NS,10.80992603302002
2026-01-30,HDFCBANK.NS,10.83842945098877
2026-02-02,HDFCBANK.NS,10.902759552001953
2026-02-03,HDFCBANK.NS,10.543872833251953
2026-02-04,HDFCBANK.NS,10.58925724029541
2026-02-05,HDFCBANK.NS,10.643221855163574
2026-02-06,HDFCBANK.NS,10.640185356140137
2026-02-09,HDFCBANK.NS,10.690348625183105
2026-02-10,HDFCBANK.NS,10.733400344848633
2026-02-11,HDFCBANK.NS,10.772110939025879
2026-02-12,HDFCBANK.NS,10.797849655151367
2026-02-13,HDFCBANK.NS,10.600482940673828
2026-02-16,HDFCBANK.NS,10.194098472595215
2026-02-17,HDFCBANK.NS,10.252615928649902
2026-02-18,HDFCBANK.NS,10.31142520904541
2026-02-19,HDFCBANK.NS,10.30356216430664
2026-02-20,HDFCBANK.NS,10.351832389831543
2026-02-23,HDFCBANK.NS,10.278090476989746
2026-02-24,HDFCBANK.NS,10.197187423706055
2026-02-25,HDFCBANK.NS,10.249046325683594
2026-02-26,HDFCBANK.NS,10.242259979248047
2026-02-27,HDFCBANK.NS,10.20510196685791
2026-03-02,HDFCBANK.NS,10.208941459655762
2026-03-04,HDFCBANK.NS,10.1746187210083
2026-03-05,HDFCBANK.NS,10.13963508605957
2026-03-06,HDFCBANK.NS,9.850204467773438
2026-03-09,HDFCBANK.NS,9.704651832580566
2026-03-10,HDFCBANK.NS,9.6748046875
2026-03-11,HDFCBANK.NS,9.555615425109863
2026-03-12,HDFCBANK.NS,9.610620498657227
2026-03-13,HDFCBANK.NS,9.485589027404785
2026-03-16,HDFCBANK.NS,9.041703224182129
2026-03-17,HDFCBANK.NS,9.070755958557129
2026-03-18,HDFCBANK.NS,9.123024940490723
2026-03-19,HDFCBANK.NS,8.031493186950684
2026-03-20,HDFCBANK.NS,7.9352803230285645
2026-03-23,HDFCBANK.NS,7.38278865814209
2026-03-24,HDFCBANK.NS,7.185111999511719
2026-03-25,HDFCBANK.NS,7.075479984283447
2026-03-27,HDFCBANK.NS,6.888998508453369
2026-03-30,HDFCBANK.NS,6.733626842498779
2026-04-01,HDFCBANK.NS,6.71157169342041
2026-04-02,HDFCBANK.NS,6.709344863891602
2026-04-06,HDFCBANK.NS,6.582078456878662
2026-04-07,HDFCBANK.NS,6.617961406707764
2026-04-08,HDFCBANK.NS,6.060704231262207
2026-04-09,HDFCBANK.NS,6.027563095092773
2026-04-10,HDFCBANK.NS,6.019933700561523
2026-04-13,HDFCBANK.NS,6.008763313293457
2026-04-15,HDFCBANK.NS,5.984151363372803
2026-04-16,HDFCBANK.NS,5.979535102844238
2026-04-17,HDFCBANK.NS,6.007562637329102
2026-04-20,HDFCBANK.NS,6.038703441619873
2026-04-21,HDFCBANK.NS,6.003633975982666
2026-04-22,HDFCBANK.NS,6.012690544128418
2026-04-23,HDFCBANK.NS,5.999452114105225
2026-04-24,HDFCBANK.NS,6.032612323760986
2026-04-27,HDFCBANK.NS,6.058507442474365
2026-04-28,HDFCBANK.NS,6.084048748016357
2026-04-29,HDFCBANK.NS,6.11751127243042
2025-12-23,RELIANCE.NS,8.616958618164062
2025-12-24,RELIANCE.NS,8.631495475769043
2025-12-26,RELIANCE.NS,8.681683540344238
2025-12-29,RELIANCE.NS,8.690245628356934
2025-12-30,RELIANCE.NS,8.730628967285156
2025-12-31,RELIANCE.NS,8.621936798095703
2026-01-01,RELIANCE.NS,8.67054557800293
2026-01-02,RELIANCE.NS,8.681848526000977
2026-01-05,RELIANCE.NS,8.687662124633789
2026-01-06,RELIANCE.NS,7.931120872497559
2026-01-07,RELIANCE.NS,7.973798751831055
2026-01-08,RELIANCE.NS,7.845372676849365
2026-01-09,RELIANCE.NS,7.887484073638916
2026-01-12,RELIANCE.NS,7.923871994018555
2026-01-13,RELIANCE.NS,7.8255414962768555
2026-01-14,RELIANCE.NS,7.864157676696777
2026-01-15,RELIANCE.NS,7.908098220825195
2026-01-16,RELIANCE.NS,7.952090263366699
2026-01-19,RELIANCE.NS,7.6955790519714355
2026-01-20,RELIANCE.NS,7.681931495666504
2026-01-21,RELIANCE.NS,7.705738067626953
2026-01-22,RELIANCE.NS,7.747774600982666
2026-01-23,RELIANCE.NS,7.749678134918213
2026-01-27,RELIANCE.NS,7.788225173950195
2026-01-28,RELIANCE.NS,7.784995079040527
2026-01-29,RELIANCE.NS,7.825459957122803
2026-01-30,RELIANCE.NS,7.867449760437012
2026-02-02,RELIANCE.NS,7.908995151519775
2026-02-03,RELIANCE.NS,7.592989444732666
2026-02-04,RELIANCE.NS,7.583926677703857
2026-02-05,RELIANCE.NS,7.602831840515137
2026-02-06,RELIANCE.NS,7.641188144683838
2026-02-09,RELIANCE.NS,7.671488285064697
2026-02-10,RELIANCE.NS,7.716829776763916
2026-02-11,RELIANCE.NS,7.748036861419678
2026-02-12,RELIANCE.NS,7.734714984893799
2026-02-13,RELIANCE.NS,7.653692245483398
2026-02-16,RELIANCE.NS,7.6520843505859375
2026-02-17,RELIANCE.NS,7.667116641998291
2026-02-18,RELIANCE.NS,7.660962104797363
2026-02-19,RELIANCE.NS,7.560489654541016
2026-02-20,RELIANCE.NS,7.589249134063721
2026-02-23,RELIANCE.NS,7.621934413909912
2026-02-24,RELIANCE.NS,7.66547966003418
2026-02-25,RELIANCE.NS,7.5753374099731445
2026-02-26,RELIANCE.NS,7.60656213760376
2026-02-27,RELIANCE.NS,7.625250816345215
2026-03-02,RELIANCE.NS,7.479856491088867
2026-03-04,RELIANCE.NS,7.499084949493408
2026-03-05,RELIANCE.NS,7.234238147735596
2026-03-06,RELIANCE.NS,7.242254257202148
2026-03-09,RELIANCE.NS,7.234991073608398
2026-03-10,RELIANCE.NS,7.247779369354248
2026-03-11,RELIANCE.NS,7.245930194854736
2026-03-12,RELIANCE.NS,7.287062168121338
2026-03-13,RELIANCE.NS,7.312248706817627
2026-03-16,RELIANCE.NS,7.323586463928223
2026-03-17,RELIANCE.NS,7.365393161773682
2026-03-18,RELIANCE.NS,7.392856597900391
2026-03-19,RELIANCE.NS,7.363646030426025
2026-03-20,RELIANCE.NS,7.282022953033447
2026-03-23,RELIANCE.NS,7.320638656616211
2026-03-24,RELIANCE.NS,7.362616062164307
2026-03-25,RELIANCE.NS,7.4048662185668945
2026-03-27,RELIANCE.NS,6.924569129943848
2026-03-30,RELIANCE.NS,6.962750434875488
2026-04-01,RELIANCE.NS,6.916928291320801
2026-04-02,RELIANCE.NS,6.916955947875977
2026-04-06,RELIANCE.NS,6.718615531921387
2026-04-07,RELIANCE.NS,6.756688594818115
2026-04-08,RELIANCE.NS,6.564034938812256
2026-04-09,RELIANCE.NS,6.571048736572266
2026-04-10,RELIANCE.NS,6.560305595397949
2026-04-13,RELIANCE.NS,6.475860118865967
2026-04-15,RELIANCE.NS,6.417967319488525
2026-04-16,RELIANCE.NS,6.454641342163086
2026-04-17,RELIANCE.NS,6.441022872924805
2026-04-20,RELIANCE.NS,6.4783525466918945
2026-04-21,RELIANCE.NS,6.507395267486572
2026-04-22,RELIANCE.NS,6.537352561950684
2026-04-23,RELIANCE.NS,6.542410373687744
2026-04-24,RELIANCE.NS,6.557679653167725
2026-04-27,RELIANCE.NS,6.438525676727295
2026-04-28,RELIANCE.NS,6.424334526062012
2026-04-29,RELIANCE.NS,6.339649677276611
2025-12-23,USDJPY=X,16.42862319946289
2025-12-24,USDJPY=X,16.45164680480957
2025-12-26,USDJPY=X,16.54507827758789
2025-12-29,USDJPY=X,16.629833221435547
2025-12-30,USDJPY=X,16.693567276000977
2025-12-31,USDJPY=X,16.77630043029785
2026-01-02,USDJPY=X,16.86594581604004
2026-01-05,USDJPY=X,16.95930290222168
2026-01-06,USDJPY=X,17.033353805541992
2026-01-07,USDJPY=X,17.13389015197754
2026-01-08,USDJPY=X,17.235055923461914
2026-01-09,USDJPY=X,17.33624267578125
2026-01-12,USDJPY=X,17.234041213989258
2026-01-13,USDJPY=X,17.327985763549805
2026-01-14,USDJPY=X,17.25566291809082
2026-01-15,USDJPY=X,17.252613067626953
2026-01-16,USDJPY=X,17.350900650024414
2026-01-19,USDJPY=X,17.270112991333008
2026-01-20,USDJPY=X,17.32412338256836
2026-01-21,USDJPY=X,17.423643112182617
2026-01-22,USDJPY=X,17.5175724029541
2026-01-23,USDJPY=X,17.619142532348633
2026-01-26,USDJPY=X,16.21380043029785
2026-01-27,USDJPY=X,16.216127395629883
2026-01-28,USDJPY=X,15.882229804992676
2026-01-29,USDJPY=X,15.924341201782227
2026-01-30,USDJPY=X,16.013967514038086
2026-02-02,USDJPY=X,15.63538932800293
2026-02-03,USDJPY=X,15.718743324279785
2026-02-04,USDJPY=X,15.79675579071045
2026-02-05,USDJPY=X,15.76028823852539
2026-02-06,USDJPY=X,15.847212791442871
2026-02-09,USDJPY=X,15.92070198059082
2026-02-10,USDJPY=X,15.863462448120117
2026-02-11,USDJPY=X,15.643898010253906
2026-02-12,USDJPY=X,15.568379402160645
2026-02-13,USDJPY=X,15.633960723876953
2026-02-16,USDJPY=X,15.724306106567383
2026-02-17,USDJPY=X,15.738704681396484
2026-02-18,USDJPY=X,15.805717468261719
2026-02-19,USDJPY=X,15.632112503051758
2026-02-20,USDJPY=X,15.7029390335083
2026-02-23,USDJPY=X,15.714938163757324
2026-02-24,USDJPY=X,15.798149108886719
2026-02-25,USDJPY=X,15.725272178649902
2026-02-26,USDJPY=X,15.808065414428711
2026-02-27,USDJPY=X,15.88364028930664
2026-03-02,USDJPY=X,15.915241241455078
2026-03-03,USDJPY=X,15.97073745727539
2026-03-04,USDJPY=X,16.040651321411133
2026-03-05,USDJPY=X,16.05564308166504
2026-03-06,USDJPY=X,16.122297286987305
2026-03-09,USDJPY=X,16.13780403137207
2026-03-10,USDJPY=X,16.185832977294922
2026-03-11,USDJPY=X,16.27663803100586
2026-03-12,USDJPY=X,16.27743148803711
2026-03-13,USDJPY=X,16.372011184692383
2026-03-16,USDJPY=X,16.45790672302246
2026-03-17,USDJPY=X,16.519765853881836
2026-03-18,USDJPY=X,16.60659408569336
2026-03-19,USDJPY=X,16.61639404296875
2026-03-20,USDJPY=X,16.26825714111328
2026-03-23,USDJPY=X,16.179197311401367
2026-03-24,USDJPY=X,16.19629669189453
2026-03-25,USDJPY=X,16.28575325012207
2026-03-26,USDJPY=X,16.33708381652832
2026-03-27,USDJPY=X,16.424070358276367
2026-03-30,USDJPY=X,16.49419593811035
2026-03-31,USDJPY=X,16.563867568969727
2026-04-01,USDJPY=X,16.44878578186035
2026-04-02,USDJPY=X,16.542482376098633
2026-04-03,USDJPY=X,16.569419860839844
2026-04-06,USDJPY=X,16.65891456604004
2026-04-07,USDJPY=X,16.75198745727539
2026-04-08,USDJPY=X,16.71587371826172
2026-04-09,USDJPY=X,16.808673858642578
2026-04-10,USDJPY=X,16.882339477539062
2026-04-13,USDJPY=X,16.945772171020508
2026-04-14,USDJPY=X,17.0073184967041
2026-04-15,USDJPY=X,17.07457160949707
2026-04-16,USDJPY=X,17.17168617248535
2026-04-17,USDJPY=X,17.25461769104004
2026-04-20,USDJPY=X,17.352519989013672
2026-04-21,USDJPY=X,17.432056427001953
2026-04-22,USDJPY=X,17.499311447143555
2026-04-23,USDJPY=X,17.600448608398438
2026-04-24,USDJPY=X,17.69731903076172
2026-04-27,USDJPY=X,17.792747497558594
2026-04-28,USDJPY=X,17.88494110107422
2026-04-29,USDJPY=X,17.986093521118164
2025-12-23,GOOGL,4.743445873260498
2025-12-24,GOOGL,4.76938533782959
2025-12-26,GOOGL,4.794753074645996
2025-12-29,GOOGL,4.8216233253479
2025-12-30,GOOGL,4.8490214347839355
2025-12-31,GOOGL,4.874159336090088
2026-01-02,GOOGL,4.9015655517578125
2026-01-05,GOOGL,4.93001651763916
2026-01-06,GOOGL,4.950007438659668
2026-01-07,GOOGL,4.943429470062256
2026-01-08,GOOGL,4.9687323570251465
2026-01-09,GOOGL,4.995664119720459
2026-01-12,GOOGL,5.021766662597656
2026-01-13,GOOGL,5.0453338623046875
2026-01-14,GOOGL,5.073497295379639
2026-01-15,GOOGL,5.088335990905762
2026-01-16,GOOGL,5.1048994064331055
2026-01-20,GOOGL,5.065838813781738
2026-01-21,GOOGL,5.071009159088135
2026-01-22,GOOGL,5.099438190460205
2026-01-23,GOOGL,5.11724853515625
2026-01-26,GOOGL,5.1316351890563965
2026-01-27,GOOGL,5.161279678344727
2026-01-28,GOOGL,5.1910481452941895
2026-01-29,GOOGL,5.220028877258301
2026-01-30,GOOGL,5.248392105102539
2026-02-02,GOOGL,5.261300563812256
2026-02-03,GOOGL,5.268779754638672
2026-02-04,GOOGL,5.246732711791992
2026-02-05,GOOGL,5.2695207595825195
2026-02-06,GOOGL,5.220663070678711
2026-02-09,GOOGL,5.249724388122559
2026-02-10,GOOGL,5.23839807510376
2026-02-11,GOOGL,5.200644016265869
2026-02-12,GOOGL,5.222804069519043
2026-02-13,GOOGL,5.236166000366211
2026-02-17,GOOGL,5.246065139770508
2026-02-18,GOOGL,5.2746782302856445
2026-02-19,GOOGL,5.302707672119141
2026-02-20,GOOGL,5.189925193786621
2026-02-23,GOOGL,5.202131271362305
2026-02-24,GOOGL,5.2297682762146
2026-02-25,GOOGL,5.257392883300781
2026-02-26,GOOGL,5.248659610748291
2026-02-27,GOOGL,5.2637810707092285
2026-03-02,GOOGL,5.259397029876709
2026-03-03,GOOGL,5.277423858642578
2026-03-04,GOOGL,5.3077168464660645
2026-03-05,GOOGL,5.330440044403076
2026-03-06,GOOGL,5.352179050445557
2026-03-09,GOOGL,5.317169189453125
2026-03-10,GOOGL,5.349229335784912
2026-03-11,GOOGL,5.379546165466309
2026-03-12,GOOGL,5.375242710113525
2026-03-13,GOOGL,5.40308952331543
2026-03-16,GOOGL,5.425418853759766
2026-03-17,GOOGL,5.430206298828125
2026-03-18,GOOGL,5.4462504386901855
2026-03-19,GOOGL,5.4772138595581055
2026-03-20,GOOGL,5.4575114250183105
2026-03-23,GOOGL,5.488580703735352
2026-03-24,GOOGL,5.349417686462402
2026-03-25,GOOGL,5.380019664764404
2026-03-26,GOOGL,5.2830491065979
2026-03-27,GOOGL,5.256697177886963
2026-03-30,GOOGL,5.285533905029297
2026-03-31,GOOGL,5.069935321807861
2026-04-01,GOOGL,5.003069877624512
2026-04-02,GOOGL,5.028418064117432
2026-04-06,GOOGL,5.043130874633789
2026-04-07,GOOGL,5.048050880432129
2026-04-08,GOOGL,4.959508895874023
2026-04-09,GOOGL,4.988094329833984
2026-04-10,GOOGL,5.014373779296875
2026-04-13,GOOGL,5.033621311187744
2026-04-14,GOOGL,4.965721130371094
2026-04-15,GOOGL,4.987307548522949
2026-04-16,GOOGL,5.014147758483887
2026-04-17,GOOGL,5.026697635650635
2026-04-20,GOOGL,5.036663055419922
2026-04-21,GOOGL,5.0391950607299805
2026-04-22,GOOGL,5.037402153015137
2026-04-23,GOOGL,5.06577205657959
2026-04-24,GOOGL,5.078251838684082
2026-04-27,GOOGL,5.088599681854248
2026-04-28,GOOGL,5.116435527801514
2026-04-29,GOOGL,5.145536422729492
2025-12-23,GC=F,7.329604148864746
2025-12-24,GC=F,7.369871616363525
2025-12-26,GC=F,7.39355993270874
2025-12-29,GC=F,6.883691787719727
2025-12-30,GC=F,6.9077534675598145
2025-12-31,GC=F,6.9142351150512695
2026-01-02,GC=F,6.949446201324463
2026-01-05,GC=F,6.834263324737549
2026-01-06,GC=F,6.859810829162598
2026-01-07,GC=F,6.879270076751709
2026-01-08,GC=F,6.91802978515625
2026-01-09,GC=F,6.9469685554504395
2026-01-12,GC=F,6.867908477783203
2026-01-13,GC=F,6.900397300720215
2026-01-14,GC=F,6.9332194328308105
2026-01-15,GC=F,6.9684367179870605
2026-01-16,GC=F,6.992283821105957
2026-01-20,GC=F,6.7645182609558105
2026-01-21,GC=F,6.771686553955078
2026-01-22,GC=F,6.7753119468688965
2026-01-23,GC=F,6.790895462036133
2026-01-26,GC=F,6.765178680419922
2026-01-27,GC=F,6.802107810974121
2026-01-28,GC=F,6.518044948577881
2026-01-29,GC=F,6.555837154388428
2026-01-30,GC=F,4.913746356964111
2026-02-02,GC=F,4.904547691345215
2026-02-03,GC=F,4.6782941818237305
2026-02-04,GC=F,4.7054595947265625
2026-02-05,GC=F,4.717266082763672
2026-02-06,GC=F,4.726991653442383
2026-02-09,GC=F,4.733129501342773
2026-02-10,GC=F,4.749553203582764
2026-02-11,GC=F,4.76882266998291
2026-02-12,GC=F,4.721837520599365
2026-02-13,GC=F,4.727932453155518
2026-02-17,GC=F,4.689661502838135
2026-02-18,GC=F,4.6925153732299805
2026-02-19,GC=F,4.718075275421143
2026-02-20,GC=F,4.7313079833984375
2026-02-23,GC=F,4.71113920211792
2026-02-24,GC=F,4.727090835571289
2026-02-25,GC=F,4.750890254974365
2026-02-26,GC=F,4.77264404296875
2026-02-27,GC=F,4.7960124015808105
2026-03-02,GC=F,4.817337989807129
2026-03-03,GC=F,4.736448764801025
2026-03-04,GC=F,4.763778209686279
2026-03-05,GC=F,4.778052806854248
2026-03-06,GC=F,4.792362213134766
2026-03-09,GC=F,4.80672550201416
2026-03-10,GC=F,4.789463520050049
2026-03-11,GC=F,4.800802707672119
2026-03-12,GC=F,4.816422462463379
2026-03-13,GC=F,4.82719087600708
2026-03-16,GC=F,4.83984899520874
2026-03-17,GC=F,4.867283821105957
2026-03-18,GC=F,4.848673343658447
2026-03-19,GC=F,4.610513687133789
2026-03-20,GC=F,4.632465362548828
2026-03-23,GC=F,4.566326141357422
2026-03-24,GC=F,4.591855049133301
2026-03-25,GC=F,4.545230865478516
2026-03-26,GC=F,4.474836349487305
2026-03-27,GC=F,4.459173679351807
2026-03-30,GC=F,4.481601715087891
2026-03-31,GC=F,4.46635103225708
2026-04-01,GC=F,4.445181846618652
2026-04-02,GC=F,4.4206438064575195
2026-04-06,GC=F,4.446065902709961
2026-04-07,GC=F,4.471807956695557
2026-04-08,GC=F,4.477212905883789
2026-04-09,GC=F,4.500524997711182
2026-04-10,GC=F,4.523776531219482
2026-04-13,GC=F,4.548354625701904
2026-04-14,GC=F,4.558777332305908
2026-04-15,GC=F,4.5823187828063965
2026-04-16,GC=F,4.607694625854492
2026-04-17,GC=F,4.622459888458252
2026-04-20,GC=F,4.639565944671631
2026-04-21,GC=F,4.628049850463867
2026-04-22,GC=F,4.652476787567139
2026-04-23,GC=F,4.675907135009766
2026-04-24,GC=F,4.702380180358887
2026-04-27,GC=F,4.720483779907227
2026-04-28,GC=F,4.721721172332764
2026-04-29,GC=F,4.73991584777832
2025-12-23,EEM,9.527961730957031
2025-12-24,EEM,9.583145141601562
2025-12-26,EEM,9.617952346801758
2025-12-29,EEM,9.665776252746582
2025-12-30,EEM,9.716455459594727
2025-12-31,EEM,9.761707305908203
2026-01-02,EEM,9.38981819152832
2026-01-05,EEM,9.392812728881836
2026-01-06,EEM,9.428393363952637
2026-01-07,EEM,9.437682151794434
2026-01-08,EEM,9.493175506591797
2026-01-09,EEM,9.543252944946289
2026-01-12,EEM,9.507468223571777
2026-01-13,EEM,9.515817642211914
2026-01-14,EEM,9.567047119140625
2026-01-15,EEM,9.611164093017578
2026-01-16,EEM,9.649290084838867
2026-01-20,EEM,9.629423141479492
2026-01-21,EEM,9.547991752624512
2026-01-22,EEM,9.58194637298584
2026-01-23,EEM,9.62436580657959
2026-01-26,EEM,9.6798677444458
2026-01-27,EEM,9.54000186920166
2026-01-28,EEM,9.580921173095703
2026-01-29,EEM,9.606680870056152
2026-01-30,EEM,9.331439018249512
2026-02-02,EEM,9.383988380432129
2026-02-03,EEM,9.429949760437012
2026-02-04,EEM,9.3572359085083
2026-02-05,EEM,9.390427589416504
2026-02-06,EEM,9.113678932189941
2026-02-09,EEM,9.150312423706055
2026-02-10,EEM,9.20324420928955
2026-02-11,EEM,9.153267860412598
2026-02-12,EEM,9.115578651428223
2026-02-13,EEM,9.165199279785156
2026-02-17,EEM,9.200111389160156
2026-02-18,EEM,9.246739387512207
2026-02-19,EEM,9.290432929992676
2026-02-20,EEM,9.141992568969727
2026-02-23,EEM,9.108139038085938
2026-02-24,EEM,9.062978744506836
2026-02-25,EEM,9.074847221374512
2026-02-26,EEM,9.060996055603027
2026-02-27,EEM,9.105669021606445
2026-03-02,EEM,8.975889205932617
2026-03-03,EEM,7.943029880523682
2026-03-04,EEM,7.95606803894043
2026-03-05,EEM,7.79168701171875
2026-03-06,EEM,7.822849750518799
2026-03-09,EEM,7.753036975860596
2026-03-10,EEM,7.793920993804932
2026-03-11,EEM,7.837102890014648
2026-03-12,EEM,7.5457024574279785
2026-03-13,EEM,7.584347724914551
2026-03-16,EEM,7.416392803192139
2026-03-17,EEM,7.45010232925415
2026-03-18,EEM,7.3668670654296875
2026-03-19,EEM,7.407838344573975
2026-03-20,EEM,7.12797737121582
2026-03-23,EEM,6.960988998413086
2026-03-24,EEM,6.953324317932129
2026-03-25,EEM,6.9402360916137695
2026-03-26,EEM,6.721160888671875
2026-03-27,EEM,6.753767967224121
2026-03-30,EEM,6.777444839477539
2026-03-31,EEM,6.542303562164307
2026-04-01,EEM,6.571671485900879
2026-04-02,EEM,6.583765029907227
2026-04-06,EEM,6.608281135559082
2026-04-07,EEM,6.646335124969482
2026-04-08,EEM,6.170348167419434
2026-04-09,EEM,6.205199718475342
2026-04-10,EEM,6.240550994873047
2026-04-13,EEM,6.269969940185547
2026-04-14,EEM,6.254769325256348
2026-04-15,EEM,6.291211128234863
2026-04-16,EEM,6.327390193939209
2026-04-17,EEM,6.31327486038208
2026-04-20,EEM,6.336485862731934
2026-04-21,EEM,6.328121185302734
2026-04-22,EEM,6.31768274307251
2026-04-23,EEM,6.300014495849609
2026-04-24,EEM,6.264411926269531
2026-04-27,EEM,6.2990803718566895
2026-04-28,EEM,6.311771392822266
2026-04-29,EEM,6.3413190841674805
2025-12-23,UNH,3.6753830909729004
2025-12-24,UNH,3.693601369857788
2025-12-26,UNH,3.7087113857269287
2025-12-29,UNH,3.727391242980957
2025-12-30,UNH,3.7453200817108154
2025-12-31,UNH,3.76552152633667
2026-01-02,UNH,3.773983955383301
2026-01-05,UNH,3.785811185836792
2026-01-06,UNH,3.793029308319092
2026-01-07,UNH,3.798257827758789
2026-01-08,UNH,3.8121719360351562
2026-01-09,UNH,3.831562042236328
2026-01-12,UNH,3.8498876094818115
2026-01-13,UNH,3.8577919006347656
2026-01-14,UNH,3.879946231842041
2026-01-15,UNH,3.8969597816467285
2026-01-16,UNH,3.8972949981689453
2026-01-20,UNH,3.8995816707611084
2026-01-21,UNH,3.8924500942230225
2026-01-22,UNH,3.9010348320007324
2026-01-23,UNH,3.9231600761413574
2026-01-26,UNH,3.938339948654175
2026-01-27,UNH,2.9439938068389893
2026-01-28,UNH,2.931093454360962
2026-01-29,UNH,2.947463274002075
2026-01-30,UNH,2.9592955112457275
2026-02-02,UNH,2.976059675216675
2026-02-03,UNH,2.9928064346313477
2026-02-04,UNH,2.9962096214294434
2026-02-05,UNH,3.002077341079712
2026-02-06,UNH,3.000223159790039
2026-02-09,UNH,3.0173728466033936
2026-02-10,UNH,3.033573865890503
2026-02-11,UNH,3.0409867763519287
2026-02-12,UNH,3.04946231842041
2026-02-13,UNH,3.047053098678589
2026-02-17,UNH,3.0618205070495605
2026-02-18,UNH,3.080540657043457
2026-02-19,UNH,3.0973520278930664
2026-02-20,UNH,3.115912675857544
2026-02-23,UNH,3.1213219165802
2026-02-24,UNH,3.1229171752929688
2026-02-25,UNH,3.10983943939209
2026-02-26,UNH,3.1262686252593994
2026-02-27,UNH,3.1324949264526367
2026-03-02,UNH,3.1497910022735596
2026-03-03,UNH,3.161015510559082
2026-03-04,UNH,3.1771304607391357
2026-03-05,UNH,3.1933188438415527
2026-03-06,UNH,3.2107698917388916
2026-03-09,UNH,3.2288784980773926
2026-03-10,UNH,3.2456181049346924
2026-03-11,UNH,3.2612485885620117
2026-03-12,UNH,3.2618019580841064
2026-03-13,UNH,3.271477222442627
2026-03-16,UNH,3.286250352859497
2026-03-17,UNH,3.3037755489349365
2026-03-18,UNH,3.3198368549346924
2026-03-19,UNH,3.3347418308258057
2026-03-20,UNH,3.3470444679260254
2026-03-23,UNH,3.355100154876709
2026-03-24,UNH,3.370469808578491
2026-03-25,UNH,3.3887674808502197
2026-03-26,UNH,3.406174898147583
2026-03-27,UNH,3.397810459136963
2026-03-30,UNH,3.4126102924346924
2026-03-31,UNH,3.3985564708709717
2026-04-01,UNH,3.4130594730377197
2026-04-02,UNH,3.4284708499908447
2026-04-06,UNH,3.4417638778686523
2026-04-07,UNH,3.237443208694458
2026-04-08,UNH,3.2559025287628174
2026-04-09,UNH,3.2751142978668213
2026-04-10,UNH,3.293010950088501
2026-04-13,UNH,3.293616533279419
2026-04-14,UNH,3.3132972717285156
2026-04-15,UNH,3.3329086303710938
2026-04-16,UNH,3.3515827655792236
2026-04-17,UNH,3.354928731918335
2026-04-20,UNH,3.374220132827759
2026-04-21,UNH,3.276118278503418
2026-04-22,UNH,3.285339832305908
2026-04-23,UNH,3.3043906688690186
2026-04-24,UNH,3.323540210723877
2026-04-27,UNH,3.3426153659820557
2026-04-28,UNH,3.3356821537017822
2026-04-29,UNH,3.352935552597046
2025-12-23,NVDA,3.6107161045074463
2025-12-24,NVDA,3.6314127445220947
2025-12-26,NVDA,3.6506054401397705
2025-12-29,NVDA,3.6654648780822754
2025-12-30,NVDA,3.685861587524414
2025-12-31,NVDA,3.705446481704712
2026-01-02,NVDA,3.722846269607544
2026-01-05,NVDA,3.743544578552246
2026-01-06,NVDA,3.7643942832946777
2026-01-07,NVDA,3.7839949131011963
2026-01-08,NVDA,3.786729097366333
2026-01-09,NVDA,3.8090827465057373
2026-01-12,NVDA,3.83076548576355
2026-01-13,NVDA,3.852412700653076
2026-01-14,NVDA,3.8645737171173096
2026-01-15,NVDA,3.8708300590515137
2026-01-16,NVDA,3.891551971435547
2026-01-20,NVDA,3.833810567855835
2026-01-21,NVDA,3.8243610858917236
2026-01-22,NVDA,3.8442273139953613
2026-01-23,NVDA,3.8588225841522217
2026-01-26,NVDA,3.878758192062378
2026-01-27,NVDA,3.8975536823272705
2026-01-28,NVDA,3.911881446838379
2026-01-29,NVDA,3.9342052936553955
2026-01-30,NVDA,3.95385479927063
2026-02-02,NVDA,3.9383044242858887
2026-02-03,NVDA,3.924828052520752
2026-02-04,NVDA,3.8978207111358643
2026-02-05,NVDA,3.9124984741210938
2026-02-06,NVDA,3.706291913986206
2026-02-09,NVDA,3.708665609359741
2026-02-10,NVDA,3.727649688720703
2026-02-11,NVDA,3.748189687728882
2026-02-12,NVDA,3.759002208709717
2026-02-13,NVDA,3.7612712383270264
2026-02-17,NVDA,3.7787539958953857
2026-02-18,NVDA,3.792207956314087
2026-02-19,NVDA,3.8140265941619873
2026-02-20,NVDA,3.833026647567749
2026-02-23,NVDA,3.8529391288757324
2026-02-24,NVDA,3.874359130859375
2026-02-25,NVDA,3.8912134170532227
2026-02-26,NVDA,3.7934608459472656
2026-02-27,NVDA,3.749269485473633
2026-03-02,NVDA,3.7400498390197754
2026-03-03,NVDA,3.754082202911377
2026-03-04,NVDA,3.766334056854248
2026-03-05,NVDA,3.7877345085144043
2026-03-06,NVDA,3.773897886276245
2026-03-09,NVDA,3.7695720195770264
2026-03-10,NVDA,3.786961793899536
2026-03-11,NVDA,3.807389259338379
2026-03-12,NVDA,3.8187859058380127
2026-03-13,NVDA,3.8298022747039795
2026-03-16,NVDA,3.841911554336548
2026-03-17,NVDA,3.861482858657837
2026-03-18,NVDA,3.8802244663238525
2026-03-19,NVDA,3.8976478576660156
2026-03-20,NVDA,3.8756587505340576
2026-03-23,NVDA,3.8863790035247803
2026-03-24,NVDA,3.9082834720611572
2026-03-25,NVDA,3.9154133796691895
2026-03-26,NVDA,3.8668317794799805
2026-03-27,NVDA,3.8702454566955566
2026-03-30,NVDA,3.88472843170166
2026-03-31,NVDA,3.7861998081207275
2026-04-01,NVDA,3.8060576915740967
2026-04-02,NVDA,3.82534122467041
2026-04-06,NVDA,3.848019599914551
2026-04-07,NVDA,3.870887041091919
2026-04-08,NVDA,3.875075340270996
2026-04-09,NVDA,3.8945236206054688
2026-04-10,NVDA,3.8933498859405518
2026-04-13,NVDA,3.916760206222534
2026-04-14,NVDA,3.885939121246338
2026-04-15,NVDA,3.9051673412323
2026-04-16,NVDA,3.927875518798828
2026-04-17,NVDA,3.942108392715454
2026-04-20,NVDA,3.965550422668457
2026-04-21,NVDA,3.9823825359344482
2026-04-22,NVDA,4.000089168548584
2026-04-23,NVDA,4.012481689453125
2026-04-24,NVDA,3.961967945098877
2026-04-27,NVDA,3.9255127906799316
2026-04-28,NVDA,3.9343760013580322
2026-04-29,NVDA,3.9394266605377197
2025-12-23,JPM,6.379807472229004
2025-12-24,JPM,6.404800891876221
2025-12-26,JPM,6.436753273010254
2025-12-29,JPM,6.437679290771484
2025-12-30,JPM,6.473926544189453
2025-12-31,JPM,6.506864547729492
2026-01-02,JPM,6.529667377471924
2026-01-05,JPM,6.453472137451172
2026-01-06,JPM,6.4872636795043945
2026-01-07,JPM,6.416031837463379
2026-01-08,JPM,6.444248199462891
2026-01-09,JPM,6.479401588439941
2026-01-12,JPM,6.471095085144043
2026-01-13,JPM,6.189103603363037
2026-01-14,JPM,6.206005573272705
2026-01-15,JPM,6.238399505615234
2026-01-16,JPM,6.257978916168213
2026-01-20,JPM,6.128562927246094
2026-01-21,JPM,6.1612420082092285
2026-01-22,JPM,6.191778659820557
2026-01-23,JPM,6.162691116333008
2026-01-26,JPM,6.178423881530762
2026-01-27,JPM,6.211366653442383
2026-01-28,JPM,6.245271682739258
2026-01-29,JPM,6.224510192871094
2026-01-30,JPM,6.25853157043457
2026-02-02,JPM,6.286905765533447
2026-02-03,JPM,6.2496562004089355
2026-02-04,JPM,6.279820919036865
2026-02-05,JPM,6.22692346572876
2026-02-06,JPM,6.030930995941162
2026-02-09,JPM,6.066901206970215
2026-02-10,JPM,6.078377723693848
2026-02-11,JPM,6.025304794311523
2026-02-12,JPM,5.955024719238281
2026-02-13,JPM,5.990303039550781
2026-02-17,JPM,5.993536949157715
2026-02-18,JPM,6.0252203941345215
2026-02-19,JPM,6.059238433837891
2026-02-20,JPM,6.084146022796631
2026-02-23,JPM,5.855317115783691
2026-02-24,JPM,5.888298511505127
2026-02-25,JPM,5.866486072540283
2026-02-26,JPM,5.888701915740967
2026-02-27,JPM,5.869372844696045
2026-03-02,JPM,5.889809608459473
2026-03-03,JPM,5.911738395690918
2026-03-04,JPM,5.943429470062256
2026-03-05,JPM,5.921653747558594
2026-03-06,JPM,5.927792072296143
2026-03-09,JPM,5.960970401763916
2026-03-10,JPM,5.992389678955078
2026-03-11,JPM,6.0235700607299805
2026-03-12,JPM,6.020029544830322
2026-03-13,JPM,6.052962779998779
2026-03-16,JPM,6.072452545166016
2026-03-17,JPM,6.1060709953308105
2026-03-18,JPM,6.1399126052856445
2026-03-19,JPM,6.1753339767456055
2026-03-20,JPM,6.2075090408325195
2026-03-23,JPM,6.220905780792236
2026-03-24,JPM,6.246249198913574
2026-03-25,JPM,6.266444206237793
2026-03-26,JPM,6.277315139770508
2026-03-27,JPM,6.165591716766357
2026-03-30,JPM,6.19948148727417
2026-03-31,JPM,6.026130676269531
2026-04-01,JPM,6.060007095336914
2026-04-02,JPM,6.095290184020996
2026-04-06,JPM,6.122040748596191
2026-04-07,JPM,6.152410507202148
2026-04-08,JPM,6.001033306121826
2026-04-09,JPM,6.029906272888184
2026-04-10,JPM,6.06515645980835
2026-04-13,JPM,6.081045627593994
2026-04-14,JPM,6.104499340057373
2026-04-15,JPM,6.093617916107178
2026-04-16,JPM,6.1046624183654785
2026-04-17,JPM,6.140190601348877
2026-04-20,JPM,6.108752250671387
2026-04-21,JPM,6.116178512573242
2026-04-22,JPM,6.15169620513916
2026-04-23,JPM,6.183180809020996
2026-04-24,JPM,6.1970744132995605
2026-04-27,JPM,6.215596675872803
2026-04-28,JPM,6.2509284019470215
2026-04-29,JPM,6.2765421867370605
2025-12-23,IWM,7.032881259918213
2025-12-24,IWM,7.072831153869629
2025-12-26,IWM,7.104152679443359
2025-12-29,IWM,7.132279396057129
2025-12-30,IWM,7.155402660369873
2025-12-31,IWM,7.177873134613037
2026-01-02,IWM,7.193708896636963
2026-01-05,IWM,7.178616523742676
2026-01-06,IWM,7.183072090148926
2026-01-07,IWM,7.221696853637695
2026-01-08,IWM,7.239597797393799
2026-01-09,IWM,7.272033214569092
2026-01-12,IWM,7.311794281005859
2026-01-13,IWM,7.353786468505859
2026-01-14,IWM,7.388125419616699
2026-01-15,IWM,7.4163384437561035
2026-01-16,IWM,7.4596781730651855
2026-01-20,IWM,7.452809810638428
2026-01-21,IWM,7.402099609375
2026-01-22,IWM,7.436466693878174
2026-01-23,IWM,7.3703203201293945
2026-01-26,IWM,7.408002853393555
2026-01-27,IWM,7.4506072998046875
2026-01-28,IWM,7.4806036949157715
2026-01-29,IWM,7.52310848236084
2026-01-30,IWM,7.498107433319092
2026-02-02,IWM,7.519185543060303
2026-02-03,IWM,7.561467170715332
2026-02-04,IWM,7.575898170471191
2026-02-05,IWM,7.512556552886963
2026-02-06,IWM,7.223592281341553
2026-02-09,IWM,7.2566938400268555
2026-02-10,IWM,7.294381618499756
2026-02-11,IWM,7.327600479125977
2026-02-12,IWM,7.246883392333984
2026-02-13,IWM,7.250197410583496
2026-02-17,IWM,7.291802883148193
2026-02-18,IWM,7.3324971199035645
2026-02-19,IWM,7.374922752380371
2026-02-20,IWM,7.4177680015563965
2026-02-23,IWM,7.3845343589782715
2026-02-24,IWM,7.4008002281188965
2026-02-25,IWM,7.440593242645264
2026-02-26,IWM,7.479591369628906
2026-02-27,IWM,7.4295525550842285
2026-03-02,IWM,7.453999996185303
2026-03-03,IWM,7.403189659118652
2026-03-04,IWM,7.423604488372803
2026-03-05,IWM,7.3563761711120605
2026-03-06,IWM,7.251808166503906
2026-03-09,IWM,7.264644622802734
2026-03-10,IWM,7.304666042327881
2026-03-11,IWM,7.343843936920166
2026-03-12,IWM,7.257480144500732
2026-03-13,IWM,7.294525623321533
2026-03-16,IWM,7.312647819519043
2026-03-17,IWM,7.344288349151611
2026-03-18,IWM,7.312737464904785
2026-03-19,IWM,7.342729091644287
2026-03-20,IWM,7.254792213439941
2026-03-23,IWM,7.177260875701904
2026-03-24,IWM,7.211921691894531
2026-03-25,IWM,7.219274997711182
2026-03-26,IWM,7.181717872619629
2026-03-27,IWM,7.145591735839844
2026-03-30,IWM,7.136026859283447
2026-03-31,IWM,6.890841960906982
2026-04-01,IWM,6.924769878387451
2026-04-02,IWM,6.957139015197754
2026-04-06,IWM,6.9951910972595215
2026-04-07,IWM,7.036619186401367
2026-04-08,IWM,6.882485389709473
2026-04-09,IWM,6.919186115264893
2026-04-10,IWM,6.957851409912109
2026-04-13,IWM,6.9579267501831055
2026-04-14,IWM,6.961734771728516
2026-04-15,IWM,7.002477645874023
2026-04-16,IWM,7.043379306793213
2026-04-17,IWM,6.987463474273682
2026-04-20,IWM,7.0245208740234375
2026-04-21,IWM,7.033944129943848
2026-04-22,IWM,7.066364765167236
2026-04-23,IWM,7.101661205291748
2026-04-24,IWM,7.14093542098999
2026-04-27,IWM,7.1821513175964355
2026-04-28,IWM,7.181408405303955
2026-04-29,IWM,7.207189559936523
2025-12-23,GLD,7.484188079833984
2025-12-24,GLD,7.515388488769531
2025-12-26,GLD,7.534383773803711
2025-12-29,GLD,7.028334140777588
2025-12-30,GLD,7.068552017211914
2025-12-31,GLD,7.0922322273254395
2026-01-02,GLD,7.130486011505127
2026-01-05,GLD,7.028944969177246
2026-01-06,GLD,7.05218505859375
2026-01-07,GLD,7.059816837310791
2026-01-08,GLD,7.097904682159424
2026-01-09,GLD,7.1327996253967285
2026-01-12,GLD,7.1079912185668945
2026-01-13,GLD,7.145569801330566
2026-01-14,GLD,7.171756267547607
2026-01-15,GLD,7.194694995880127
2026-01-16,GLD,7.223130702972412
2026-01-20,GLD,6.961248874664307
2026-01-21,GLD,6.969782829284668
2026-01-22,GLD,6.9549736976623535
2026-01-23,GLD,6.969776153564453
2026-01-26,GLD,6.980382442474365
2026-01-27,GLD,6.919039726257324
2026-01-28,GLD,6.695201873779297
2026-01-29,GLD,6.733781337738037
2026-01-30,GLD,5.199292182922363
2026-02-02,GLD,5.063170433044434
2026-02-03,GLD,4.789074420928955
2026-02-04,GLD,4.815624713897705
2026-02-05,GLD,4.778592586517334
2026-02-06,GLD,4.747994899749756
2026-02-09,GLD,4.738618850708008
2026-02-10,GLD,4.753608226776123
2026-02-11,GLD,4.77568244934082
2026-02-12,GLD,4.700591087341309
2026-02-13,GLD,4.692736625671387
2026-02-17,GLD,4.639999866485596
2026-02-18,GLD,4.63942289352417
2026-02-19,GLD,4.666066646575928
2026-02-20,GLD,4.673105239868164
2026-02-23,GLD,4.660382270812988
2026-02-24,GLD,4.667705059051514
2026-02-25,GLD,4.692710876464844
2026-02-26,GLD,4.71787691116333
2026-02-27,GLD,4.738139629364014
2026-03-02,GLD,4.7587432861328125
2026-03-03,GLD,4.627135753631592
2026-03-04,GLD,4.6522040367126465
2026-03-05,GLD,4.66433048248291
2026-03-06,GLD,4.67926549911499
2026-03-09,GLD,4.704770565032959
2026-03-10,GLD,4.726914405822754
2026-03-11,GLD,4.751566410064697
2026-03-12,GLD,4.742793560028076
2026-03-13,GLD,4.752419948577881
2026-03-16,GLD,4.778287887573242
2026-03-17,GLD,4.803308010101318
2026-03-18,GLD,4.746109962463379
2026-03-19,GLD,4.643374919891357
2026-03-20,GLD,4.601547718048096
2026-03-23,GLD,4.590820789337158
2026-03-24,GLD,4.616212844848633
2026-03-25,GLD,4.584636688232422
2026-03-26,GLD,4.515350341796875
2026-03-27,GLD,4.467251300811768
2026-03-30,GLD,4.492138862609863
2026-03-31,GLD,4.435272693634033
2026-04-01,GLD,4.445460796356201
2026-04-02,GLD,4.445832252502441
2026-04-06,GLD,4.470434665679932
2026-04-07,GLD,4.4931440353393555
2026-04-08,GLD,4.519254207611084
2026-04-09,GLD,4.544742584228516
2026-04-10,GLD,4.571959018707275
2026-04-13,GLD,4.597887992858887
2026-04-14,GLD,4.596521854400635
2026-04-15,GLD,4.614255905151367
2026-04-16,GLD,4.641129493713379
2026-04-17,GLD,4.659307479858398
2026-04-20,GLD,4.679396152496338
2026-04-21,GLD,4.646360874176025
2026-04-22,GLD,4.663502216339111
2026-04-23,GLD,4.682183742523193
2026-04-24,GLD,4.707991123199463
2026-04-27,GLD,4.7292585372924805
2026-04-28,GLD,4.728565692901611
2026-04-29,GLD,4.745532512664795
2025-12-23,USDINR=X,30.934629440307617
2025-12-24,USDINR=X,31.07441520690918
2025-12-26,USDINR=X,30.4327392578125
2025-12-29,USDINR=X,30.390302658081055
2025-12-30,USDINR=X,30.55696678161621
2025-12-31,USDINR=X,30.672269821166992
2026-01-02,USDINR=X,30.775657653808594
2026-01-05,USDINR=X,30.94978904724121
2026-01-06,USDINR=X,31.02545166015625
2026-01-07,USDINR=X,31.180822372436523
2026-01-08,USDINR=X,31.089284896850586
2026-01-09,USDINR=X,31.265348434448242
2026-01-12,USDINR=X,31.203447341918945
2026-01-13,USDINR=X,31.343124389648438
2026-01-14,USDINR=X,31.494121551513672
2026-01-15,USDINR=X,31.64530372619629
2026-01-16,USDINR=X,31.76975440979004
2026-01-19,USDINR=X,31.695436477661133
2026-01-20,USDINR=X,31.805147171020508
2026-01-21,USDINR=X,31.90641212463379
2026-01-22,USDINR=X,31.710351943969727
2026-01-23,USDINR=X,31.898664474487305
2026-01-26,USDINR=X,32.063087463378906
2026-01-27,USDINR=X,32.16963195800781
2026-01-28,USDINR=X,32.23103713989258
2026-01-29,USDINR=X,31.83670997619629
2026-01-30,USDINR=X,31.79046630859375
2026-02-02,USDINR=X,31.929311752319336
2026-02-03,USDINR=X,27.553308486938477
2026-02-04,USDINR=X,27.667264938354492
2026-02-05,USDINR=X,27.646448135375977
2026-02-06,USDINR=X,27.750974655151367
2026-02-09,USDINR=X,27.795068740844727
2026-02-10,USDINR=X,27.872976303100586
2026-02-11,USDINR=X,27.909439086914062
2026-02-12,USDINR=X,28.038026809692383
2026-02-13,USDINR=X,28.125362396240234
2026-02-16,USDINR=X,28.282682418823242
2026-02-17,USDINR=X,28.374595642089844
2026-02-18,USDINR=X,28.47394371032715
2026-02-19,USDINR=X,28.59529685974121
2026-02-20,USDINR=X,28.6644287109375
2026-02-23,USDINR=X,28.609092712402344
2026-02-24,USDINR=X,28.636323928833008
2026-02-25,USDINR=X,28.773223876953125
2026-02-26,USDINR=X,28.94475746154785
2026-02-27,USDINR=X,29.113662719726562
2026-03-02,USDINR=X,29.28060531616211
2026-03-03,USDINR=X,29.029069900512695
2026-03-04,USDINR=X,28.86603546142578
2026-03-05,USDINR=X,29.02630043029785
2026-03-06,USDINR=X,28.93105125427246
2026-03-09,USDINR=X,29.07578468322754
2026-03-10,USDINR=X,28.19746208190918
2026-03-11,USDINR=X,26.928979873657227
2026-03-12,USDINR=X,27.08549690246582
2026-03-13,USDINR=X,27.21837615966797
2026-03-16,USDINR=X,27.346208572387695
2026-03-17,USDINR=X,27.34044647216797
2026-03-18,USDINR=X,27.48971176147461
2026-03-19,USDINR=X,26.601167678833008
2026-03-20,USDINR=X,26.69104766845703
2026-03-23,USDINR=X,26.00347137451172
2026-03-24,USDINR=X,25.506927490234375
2026-03-25,USDINR=X,24.420730590820312
2026-03-26,USDINR=X,24.43585205078125
2026-03-27,USDINR=X,24.361234664916992
2026-03-30,USDINR=X,24.31220245361328
2026-03-31,USDINR=X,24.200273513793945
2026-04-01,USDINR=X,23.462234497070312
2026-04-02,USDINR=X,22.847511291503906
2026-04-03,USDINR=X,22.895050048828125
2026-04-06,USDINR=X,23.024944305419922
2026-04-07,USDINR=X,23.121810913085938
2026-04-08,USDINR=X,23.252687454223633
2026-04-09,USDINR=X,23.01241683959961
2026-04-10,USDINR=X,23.113475799560547
2026-04-13,USDINR=X,20.067506790161133
2026-04-14,USDINR=X,20.092327117919922
2026-04-15,USDINR=X,18.408218383789062
2026-04-16,USDINR=X,18.496110916137695
2026-04-17,USDINR=X,18.53091049194336
2026-04-20,USDINR=X,18.52202606201172
2026-04-21,USDINR=X,18.50627326965332
2026-04-22,USDINR=X,18.505630493164062
2026-04-23,USDINR=X,18.6033935546875
2026-04-24,USDINR=X,18.674694061279297
2026-04-27,USDINR=X,18.779987335205078
2026-04-28,USDINR=X,18.88981819152832
2026-04-29,USDINR=X,18.941362380981445
2025-12-23,AMZN,4.5119171142578125
2025-12-24,AMZN,4.538181781768799
2025-12-26,AMZN,4.564569473266602
2025-12-29,AMZN,4.590713024139404
2025-12-30,AMZN,4.617391109466553
2025-12-31,AMZN,4.639946460723877
2026-01-02,AMZN,4.641469955444336
2026-01-05,AMZN,4.614008903503418
2026-01-06,AMZN,4.570220470428467
2026-01-07,AMZN,4.597548484802246
2026-01-08,AMZN,4.60274600982666
2026-01-09,AMZN,4.629676818847656
2026-01-12,AMZN,4.655121326446533
2026-01-13,AMZN,4.662503719329834
2026-01-14,AMZN,4.644791603088379
2026-01-15,AMZN,4.669465065002441
2026-01-16,AMZN,4.695732593536377
2026-01-20,AMZN,4.638975143432617
2026-01-21,AMZN,4.6652512550354
2026-01-22,AMZN,4.6809611320495605
2026-01-23,AMZN,4.680546760559082
2026-01-26,AMZN,4.706268310546875
2026-01-27,AMZN,4.68842887878418
2026-01-28,AMZN,4.710936546325684
2026-01-29,AMZN,4.734987735748291
2026-01-30,AMZN,4.753230571746826
2026-02-02,AMZN,4.7653913497924805
2026-02-03,AMZN,4.766529083251953
2026-02-04,AMZN,4.750016212463379
2026-02-05,AMZN,4.636933326721191
2026-02-06,AMZN,4.466645240783691
2026-02-09,AMZN,4.4892425537109375
2026-02-10,AMZN,4.511334419250488
2026-02-11,AMZN,4.5266242027282715
2026-02-12,AMZN,4.5250678062438965
2026-02-13,AMZN,4.5502753257751465
2026-02-17,AMZN,4.564990520477295
2026-02-18,AMZN,4.56712007522583
2026-02-19,AMZN,4.592456340789795
2026-02-20,AMZN,4.572758674621582
2026-02-23,AMZN,4.56559419631958
2026-02-24,AMZN,4.573249816894531
2026-02-25,AMZN,4.592267036437988
2026-02-26,AMZN,4.609443187713623
2026-02-27,AMZN,4.630781173706055
2026-03-02,AMZN,4.655923366546631
2026-03-03,AMZN,4.683297157287598
2026-03-04,AMZN,4.606715202331543
2026-03-05,AMZN,4.627771377563477
2026-03-06,AMZN,4.609350681304932
2026-03-09,AMZN,4.636001110076904
2026-03-10,AMZN,4.662052154541016
2026-03-11,AMZN,4.685367107391357
2026-03-12,AMZN,4.698357105255127
2026-03-13,AMZN,4.720546245574951
2026-03-16,AMZN,4.719351768493652
2026-03-17,AMZN,4.7272467613220215
2026-03-18,AMZN,4.7116217613220215
2026-03-19,AMZN,4.736876964569092
2026-03-20,AMZN,4.745545864105225
2026-03-23,AMZN,4.731476306915283
2026-03-24,AMZN,4.745121955871582
2026-03-25,AMZN,4.736993789672852
2026-03-26,AMZN,4.736727714538574
2026-03-27,AMZN,4.656591415405273
2026-03-30,AMZN,4.676874160766602
2026-03-31,AMZN,4.609500408172607
2026-04-01,AMZN,4.627429485321045
2026-04-02,AMZN,4.653607368469238
2026-04-06,AMZN,4.6661787033081055
2026-04-07,AMZN,4.692168235778809
2026-04-08,AMZN,4.635588645935059
2026-04-09,AMZN,4.465458393096924
2026-04-10,AMZN,4.4698357582092285
2026-04-13,AMZN,4.495244979858398
2026-04-14,AMZN,4.4405646324157715
2026-04-15,AMZN,4.466163635253906
2026-04-16,AMZN,4.491975784301758
2026-04-17,AMZN,4.518301010131836
2026-04-20,AMZN,4.538069248199463
2026-04-21,AMZN,4.5630621910095215
2026-04-22,AMZN,4.563639163970947
2026-04-23,AMZN,4.589636325836182
2026-04-24,AMZN,4.545787811279297
2026-04-27,AMZN,4.561352729797363
2026-04-28,AMZN,4.58414363861084
2026-04-29,AMZN,4.602841377258301
