time,symbol,weight
2025-02-24,HDFCBANK.NS,3.820495128631592
2025-02-25,HDFCBANK.NS,0.33895912766456604
2025-02-27,HDFCBANK.NS,0.28353947401046753
2025-02-28,HDFCBANK.NS,-0.527238667011261
2025-03-03,HDFCBANK.NS,-1.3404805660247803
2025-03-04,HDFCBANK.NS,0.09715185314416885
2025-03-05,HDFCBANK.NS,0.03183958679437637
2025-03-06,HDFCBANK.NS,4.195294380187988
2025-03-07,HDFCBANK.NS,3.628101110458374
2025-03-10,HDFCBANK.NS,-1.4306086301803589
2025-03-11,HDFCBANK.NS,0.274748295545578
2025-03-12,HDFCBANK.NS,1.2344788312911987
2025-03-13,HDFCBANK.NS,1.6655926704406738
2025-03-17,HDFCBANK.NS,-2.4793224334716797
2025-03-18,HDFCBANK.NS,0.8451163172721863
2025-03-19,HDFCBANK.NS,-0.43432751297950745
2025-03-20,HDFCBANK.NS,5.18690299987793
2025-03-21,HDFCBANK.NS,1.288962960243225
2025-03-24,HDFCBANK.NS,3.1716349124908447
2025-03-25,HDFCBANK.NS,3.0717689990997314
2025-03-26,HDFCBANK.NS,3.4327971935272217
2025-03-27,HDFCBANK.NS,4.204902648925781
2025-03-28,HDFCBANK.NS,4.138260841369629
2025-04-01,HDFCBANK.NS,3.5304484367370605
2025-04-02,HDFCBANK.NS,2.285137176513672
2025-04-03,HDFCBANK.NS,0.8662515878677368
2025-04-04,HDFCBANK.NS,0.8965163826942444
2025-04-07,HDFCBANK.NS,3.7309131622314453
2025-04-08,HDFCBANK.NS,3.4982476234436035
2025-04-09,HDFCBANK.NS,0.8350394368171692
2025-04-11,HDFCBANK.NS,0.588675856590271
2025-04-15,HDFCBANK.NS,0.5299597978591919
2025-04-16,HDFCBANK.NS,0.5704044699668884
2025-04-17,HDFCBANK.NS,-1.020462155342102
2025-04-21,HDFCBANK.NS,-1.4273320436477661
2025-04-22,HDFCBANK.NS,1.8160582780838013
2025-04-23,HDFCBANK.NS,2.677546262741089
2025-04-24,HDFCBANK.NS,2.857210874557495
2025-04-25,HDFCBANK.NS,3.403914451599121
2025-04-28,HDFCBANK.NS,3.732860565185547
2025-04-29,HDFCBANK.NS,2.6468327045440674
2025-04-30,HDFCBANK.NS,3.150801181793213
2025-05-02,HDFCBANK.NS,1.857550859451294
2025-05-05,HDFCBANK.NS,1.0239689350128174
2025-05-06,HDFCBANK.NS,1.231575846672058
2025-05-07,HDFCBANK.NS,-0.7636944651603699
2025-05-08,HDFCBANK.NS,0.49487772583961487
2025-05-09,HDFCBANK.NS,1.9064676761627197
2025-05-12,HDFCBANK.NS,0.9828241467475891
2025-05-13,HDFCBANK.NS,-0.8339309692382812
2025-05-14,HDFCBANK.NS,1.078991174697876
2025-05-15,HDFCBANK.NS,0.649458646774292
2025-05-16,HDFCBANK.NS,-0.18789486587047577
2025-05-19,HDFCBANK.NS,1.871849775314331
2025-05-20,HDFCBANK.NS,1.5803272724151611
2025-05-21,HDFCBANK.NS,1.3918354511260986
2025-05-22,HDFCBANK.NS,1.5051337480545044
2025-05-23,HDFCBANK.NS,1.9008374214172363
2025-05-26,HDFCBANK.NS,0.28553879261016846
2025-05-27,HDFCBANK.NS,-0.2092137485742569
2025-05-28,HDFCBANK.NS,1.3254934549331665
2025-05-29,HDFCBANK.NS,2.020073652267456
2025-05-30,HDFCBANK.NS,2.2357430458068848
2025-06-02,HDFCBANK.NS,4.181759357452393
2025-06-03,HDFCBANK.NS,0.1398225575685501
2025-06-04,HDFCBANK.NS,2.2769365310668945
2025-06-05,HDFCBANK.NS,1.505863904953003
2025-06-06,HDFCBANK.NS,5.060020923614502
2025-06-09,HDFCBANK.NS,2.5986297130584717
2025-06-10,HDFCBANK.NS,3.432907819747925
2025-06-11,HDFCBANK.NS,1.894166111946106
2025-06-12,HDFCBANK.NS,2.5478925704956055
2025-06-13,HDFCBANK.NS,3.0853610038757324
2025-06-16,HDFCBANK.NS,3.9073336124420166
2025-06-17,HDFCBANK.NS,0.670226514339447
2025-06-18,HDFCBANK.NS,3.7220606803894043
2025-06-19,HDFCBANK.NS,0.7696005702018738
2025-06-20,HDFCBANK.NS,1.3950715065002441
2025-06-23,HDFCBANK.NS,-1.0720046758651733
2025-06-24,HDFCBANK.NS,0.3548036813735962
2025-06-25,HDFCBANK.NS,-1.2214398384094238
2025-06-26,HDFCBANK.NS,-0.47331100702285767
2025-06-27,HDFCBANK.NS,1.112404227256775
2025-02-24,RELIANCE.NS,1.135825276374817
2025-02-25,RELIANCE.NS,1.3724557161331177
2025-02-27,RELIANCE.NS,2.047530174255371
2025-02-28,RELIANCE.NS,1.5949466228485107
2025-03-03,RELIANCE.NS,1.1538112163543701
2025-03-04,RELIANCE.NS,1.7182766199111938
2025-03-05,RELIANCE.NS,2.908040761947632
2025-03-06,RELIANCE.NS,1.9630359411239624
2025-03-07,RELIANCE.NS,0.10429725050926208
2025-03-10,RELIANCE.NS,-1.7276972532272339
2025-03-11,RELIANCE.NS,-0.9906638860702515
2025-03-12,RELIANCE.NS,1.0771605968475342
2025-03-13,RELIANCE.NS,-0.8955993056297302
2025-03-17,RELIANCE.NS,4.090292930603027
2025-03-18,RELIANCE.NS,4.171555519104004
2025-03-19,RELIANCE.NS,1.9148837327957153
2025-03-20,RELIANCE.NS,0.891758382320404
2025-03-21,RELIANCE.NS,3.7355055809020996
2025-03-24,RELIANCE.NS,4.0771565437316895
2025-03-25,RELIANCE.NS,2.88423228263855
2025-03-26,RELIANCE.NS,4.258970737457275
2025-03-27,RELIANCE.NS,3.9905285835266113
2025-03-28,RELIANCE.NS,2.796067714691162
2025-04-01,RELIANCE.NS,2.733996868133545
2025-04-02,RELIANCE.NS,3.1980865001678467
2025-04-03,RELIANCE.NS,3.0810482501983643
2025-04-04,RELIANCE.NS,3.1226322650909424
2025-04-07,RELIANCE.NS,2.3417272567749023
2025-04-08,RELIANCE.NS,0.579064667224884
2025-04-09,RELIANCE.NS,-0.22389252483844757
2025-04-11,RELIANCE.NS,-0.02289901115000248
2025-04-15,RELIANCE.NS,-0.21695657074451447
2025-04-16,RELIANCE.NS,-1.618274211883545
2025-04-17,RELIANCE.NS,-0.8742749691009521
2025-04-21,RELIANCE.NS,0.41502541303634644
2025-04-22,RELIANCE.NS,1.8943229913711548
2025-04-23,RELIANCE.NS,1.8024245500564575
2025-04-24,RELIANCE.NS,0.04609113186597824
2025-04-25,RELIANCE.NS,2.3891162872314453
2025-04-28,RELIANCE.NS,1.5879920721054077
2025-04-29,RELIANCE.NS,2.3500893115997314
2025-04-30,RELIANCE.NS,3.1770143508911133
2025-05-02,RELIANCE.NS,3.101860761642456
2025-05-05,RELIANCE.NS,3.489781618118286
2025-05-06,RELIANCE.NS,2.7094321250915527
2025-05-07,RELIANCE.NS,2.6368050575256348
2025-05-08,RELIANCE.NS,3.271223545074463
2025-05-09,RELIANCE.NS,2.7375457286834717
2025-05-12,RELIANCE.NS,1.6959917545318604
2025-05-13,RELIANCE.NS,-0.3319263756275177
2025-05-14,RELIANCE.NS,0.16975903511047363
2025-05-15,RELIANCE.NS,-0.24366044998168945
2025-05-16,RELIANCE.NS,-0.16640707850456238
2025-05-19,RELIANCE.NS,0.34373775124549866
2025-05-20,RELIANCE.NS,1.3632832765579224
2025-05-21,RELIANCE.NS,1.4368009567260742
2025-05-22,RELIANCE.NS,0.24390241503715515
2025-05-23,RELIANCE.NS,0.03791492432355881
2025-05-26,RELIANCE.NS,-0.7374816536903381
2025-05-27,RELIANCE.NS,-0.411948561668396
2025-05-28,RELIANCE.NS,0.0020712162367999554
2025-05-29,RELIANCE.NS,0.3895075023174286
2025-05-30,RELIANCE.NS,0.2186332494020462
2025-06-02,RELIANCE.NS,-0.15980403125286102
2025-06-03,RELIANCE.NS,0.12693153321743011
2025-06-04,RELIANCE.NS,-0.4716278910636902
2025-06-05,RELIANCE.NS,0.8543612360954285
2025-06-06,RELIANCE.NS,-0.7557318806648254
2025-06-09,RELIANCE.NS,-0.4945411682128906
2025-06-10,RELIANCE.NS,0.31606653332710266
2025-06-11,RELIANCE.NS,1.391072154045105
2025-06-12,RELIANCE.NS,2.3787782192230225
2025-06-13,RELIANCE.NS,3.5306663513183594
2025-06-16,RELIANCE.NS,4.3117547035217285
2025-06-17,RELIANCE.NS,2.1210994720458984
2025-06-18,RELIANCE.NS,2.587758779525757
2025-06-19,RELIANCE.NS,1.0416011810302734
2025-06-20,RELIANCE.NS,0.43503525853157043
2025-06-23,RELIANCE.NS,3.6582770347595215
2025-06-24,RELIANCE.NS,1.7056926488876343
2025-06-25,RELIANCE.NS,0.6756904721260071
2025-06-26,RELIANCE.NS,0.40154263377189636
2025-06-27,RELIANCE.NS,-0.3429228663444519
2025-02-24,INFY.NS,1.2966430187225342
2025-02-25,INFY.NS,0.7486741542816162
2025-02-27,INFY.NS,1.3864115476608276
2025-02-28,INFY.NS,0.9966439604759216
2025-03-03,INFY.NS,0.8750703930854797
2025-03-04,INFY.NS,1.196702003479004
2025-03-05,INFY.NS,1.2393712997436523
2025-03-06,INFY.NS,1.1302074193954468
2025-03-07,INFY.NS,2.732456922531128
2025-03-10,INFY.NS,0.9841579794883728
2025-03-11,INFY.NS,2.9067444801330566
2025-03-12,INFY.NS,1.7160744667053223
2025-03-13,INFY.NS,0.8974528908729553
2025-03-17,INFY.NS,1.5724360942840576
2025-03-18,INFY.NS,1.0753194093704224
2025-03-19,INFY.NS,1.5565358400344849
2025-03-20,INFY.NS,1.676398515701294
2025-03-21,INFY.NS,1.773264765739441
2025-03-24,INFY.NS,0.27895739674568176
2025-03-25,INFY.NS,1.0255980491638184
2025-03-26,INFY.NS,2.184994697570801
2025-03-27,INFY.NS,1.4291070699691772
2025-03-28,INFY.NS,2.213263511657715
2025-04-01,INFY.NS,2.9938156604766846
2025-04-02,INFY.NS,1.2558069229125977
2025-04-03,INFY.NS,0.9741986989974976
2025-04-04,INFY.NS,0.3650197684764862
2025-04-07,INFY.NS,1.669431447982788
2025-04-08,INFY.NS,1.1927052736282349
2025-04-09,INFY.NS,0.5718737244606018
2025-04-11,INFY.NS,0.9085220098495483
2025-04-15,INFY.NS,0.842388391494751
2025-04-16,INFY.NS,1.5066308975219727
2025-04-17,INFY.NS,1.7066595554351807
2025-04-21,INFY.NS,1.507800817489624
2025-04-22,INFY.NS,2.200110912322998
2025-04-23,INFY.NS,1.8314145803451538
2025-04-24,INFY.NS,1.8470712900161743
2025-04-25,INFY.NS,1.8100305795669556
2025-04-28,INFY.NS,2.768732786178589
2025-04-29,INFY.NS,2.8162589073181152
2025-04-30,INFY.NS,2.0521984100341797
2025-05-02,INFY.NS,2.617563009262085
2025-05-05,INFY.NS,2.137500047683716
2025-05-06,INFY.NS,1.378466010093689
2025-05-07,INFY.NS,1.2615492343902588
2025-05-08,INFY.NS,1.077828288078308
2025-05-09,INFY.NS,0.1445767879486084
2025-05-12,INFY.NS,0.018973741680383682
2025-05-13,INFY.NS,-0.3390204906463623
2025-05-14,INFY.NS,0.6180517673492432
2025-05-15,INFY.NS,0.8329941630363464
2025-05-16,INFY.NS,-0.40415245294570923
2025-05-19,INFY.NS,1.0907199382781982
2025-05-20,INFY.NS,1.4430893659591675
2025-05-21,INFY.NS,1.7523003816604614
2025-05-22,INFY.NS,0.8732904195785522
2025-05-23,INFY.NS,0.9302696585655212
2025-05-26,INFY.NS,0.5448510050773621
2025-05-27,INFY.NS,0.9267596006393433
2025-05-28,INFY.NS,1.3108117580413818
2025-05-29,INFY.NS,0.7976276278495789
2025-05-30,INFY.NS,2.3531911373138428
2025-06-02,INFY.NS,2.6170401573181152
2025-06-03,INFY.NS,3.0955395698547363
2025-06-04,INFY.NS,3.2794008255004883
2025-06-05,INFY.NS,0.48499125242233276
2025-06-06,INFY.NS,0.16011564433574677
2025-06-09,INFY.NS,-0.7427127957344055
2025-06-10,INFY.NS,-0.9386860728263855
2025-06-11,INFY.NS,-0.12539996206760406
2025-06-12,INFY.NS,0.9686834812164307
2025-06-13,INFY.NS,1.1213194131851196
2025-06-16,INFY.NS,2.837226152420044
2025-06-17,INFY.NS,2.177807092666626
2025-06-18,INFY.NS,2.2597973346710205
2025-06-19,INFY.NS,3.4327919483184814
2025-06-20,INFY.NS,3.3439714908599854
2025-06-23,INFY.NS,3.0157907009124756
2025-06-24,INFY.NS,3.06982421875
2025-06-25,INFY.NS,2.262425184249878
2025-06-26,INFY.NS,0.642845630645752
2025-06-27,INFY.NS,0.8772809505462646
2025-02-26,QQQ,-0.5982319116592407
2025-02-27,QQQ,-0.03998906537890434
2025-02-28,QQQ,-0.08337287604808807
2025-03-03,QQQ,-0.3417779505252838
2025-03-04,QQQ,0.22014203667640686
2025-03-05,QQQ,0.6655624508857727
2025-03-06,QQQ,0.9883514642715454
2025-03-07,QQQ,0.670917272567749
2025-03-10,QQQ,1.1458426713943481
2025-03-11,QQQ,1.9265650510787964
2025-03-12,QQQ,1.621836543083191
2025-03-13,QQQ,1.9707587957382202
2025-03-14,QQQ,1.4436781406402588
2025-03-17,QQQ,1.5987170934677124
2025-03-18,QQQ,0.9030374884605408
2025-03-19,QQQ,-0.05698082968592644
2025-03-20,QQQ,2.0555291175842285
2025-03-21,QQQ,0.9990476965904236
2025-03-24,QQQ,0.7759353518486023
2025-03-25,QQQ,1.3011927604675293
2025-03-26,QQQ,2.8309288024902344
2025-03-27,QQQ,2.191800355911255
2025-03-28,QQQ,0.040413904935121536
2025-03-31,QQQ,2.4450652599334717
2025-04-01,QQQ,1.170646071434021
2025-04-02,QQQ,1.0942895412445068
2025-04-03,QQQ,-0.09513676911592484
2025-04-04,QQQ,0.9760620594024658
2025-04-07,QQQ,-0.39060842990875244
2025-04-08,QQQ,1.883501648902893
2025-04-09,QQQ,-0.2838030159473419
2025-04-10,QQQ,1.2790448665618896
2025-04-11,QQQ,-0.8999346494674683
2025-04-14,QQQ,0.3119698762893677
2025-04-15,QQQ,1.1303417682647705
2025-04-16,QQQ,-0.29034659266471863
2025-04-17,QQQ,0.2335464060306549
2025-04-21,QQQ,-0.04769274592399597
2025-04-22,QQQ,0.547356128692627
2025-04-23,QQQ,0.7495123744010925
2025-04-24,QQQ,0.7025527358055115
2025-04-25,QQQ,0.9176201820373535
2025-04-28,QQQ,1.333402395248413
2025-04-29,QQQ,1.4896037578582764
2025-04-30,QQQ,-0.13000300526618958
2025-05-01,QQQ,1.1444814205169678
2025-05-02,QQQ,1.6287370920181274
2025-05-05,QQQ,1.9176174402236938
2025-05-06,QQQ,2.8358657360076904
2025-05-07,QQQ,2.919489622116089
2025-05-08,QQQ,2.06745982170105
2025-05-09,QQQ,1.707376480102539
2025-05-12,QQQ,2.2300188541412354
2025-05-13,QQQ,1.993930697441101
2025-05-14,QQQ,0.20757023990154266
2025-05-15,QQQ,1.5335545539855957
2025-05-16,QQQ,2.3312013149261475
2025-05-19,QQQ,1.3467576503753662
2025-05-20,QQQ,1.442901849746704
2025-05-21,QQQ,2.541801691055298
2025-05-22,QQQ,3.093308210372925
2025-05-23,QQQ,1.971435308456421
2025-05-27,QQQ,-0.49576717615127563
2025-05-28,QQQ,-0.16329503059387207
2025-05-29,QQQ,1.531518816947937
2025-05-30,QQQ,1.5212035179138184
2025-06-02,QQQ,1.6281578540802002
2025-06-03,QQQ,1.5694892406463623
2025-06-04,QQQ,0.4589884877204895
2025-06-05,QQQ,0.3411441445350647
2025-06-06,QQQ,1.2271184921264648
2025-06-09,QQQ,0.8568053245544434
2025-06-10,QQQ,0.6037634015083313
2025-06-11,QQQ,0.9129011034965515
2025-06-12,QQQ,0.5166967511177063
2025-06-13,QQQ,0.6823166608810425
2025-06-16,QQQ,0.954990565776825
2025-06-17,QQQ,0.14641882479190826
2025-06-18,QQQ,0.3671298623085022
2025-06-20,QQQ,0.7888230085372925
2025-06-23,QQQ,-0.29530012607574463
2025-06-24,QQQ,-0.4139247238636017
2025-06-25,QQQ,0.9783775806427002
2025-06-26,QQQ,0.03484924137592316
2025-06-27,QQQ,0.44536811113357544
2025-02-26,EEM,2.6077795028686523
2025-02-27,EEM,0.4163152873516083
2025-02-28,EEM,1.113969326019287
2025-03-03,EEM,3.707764148712158
2025-03-04,EEM,-0.5656347274780273
2025-03-05,EEM,-0.10992388427257538
2025-03-06,EEM,0.3380104601383209
2025-03-07,EEM,0.8867585062980652
2025-03-10,EEM,0.23727279901504517
2025-03-11,EEM,3.2143819332122803
2025-03-12,EEM,1.6214582920074463
2025-03-13,EEM,2.421692371368408
2025-03-14,EEM,1.6049436330795288
2025-03-17,EEM,0.5443165302276611
2025-03-18,EEM,1.4854358434677124
2025-03-19,EEM,2.229034662246704
2025-03-20,EEM,2.9376046657562256
2025-03-21,EEM,4.170409679412842
2025-03-24,EEM,1.3605351448059082
2025-03-25,EEM,0.017426781356334686
2025-03-26,EEM,3.606236696243286
2025-03-27,EEM,4.888703346252441
2025-03-28,EEM,4.679438591003418
2025-03-31,EEM,5.301069259643555
2025-04-01,EEM,2.00467586517334
2025-04-02,EEM,0.20171768963336945
2025-04-03,EEM,-0.35717102885246277
2025-04-04,EEM,0.08567733317613602
2025-04-07,EEM,0.5022726058959961
2025-04-08,EEM,1.1325926780700684
2025-04-09,EEM,1.2386364936828613
2025-04-10,EEM,0.058034174144268036
2025-04-11,EEM,-0.8213421106338501
2025-04-14,EEM,-0.712334394454956
2025-04-15,EEM,-0.3931714594364166
2025-04-16,EEM,-0.6351794004440308
2025-04-17,EEM,0.9937728643417358
2025-04-21,EEM,0.19337476789951324
2025-04-22,EEM,0.3578692376613617
2025-04-23,EEM,0.7794815301895142
2025-04-24,EEM,1.7428693771362305
2025-04-25,EEM,1.3445369005203247
2025-04-28,EEM,1.3485277891159058
2025-04-29,EEM,0.11827962100505829
2025-04-30,EEM,2.3512725830078125
2025-05-01,EEM,2.600565195083618
2025-05-02,EEM,1.9476654529571533
2025-05-05,EEM,1.7328588962554932
2025-05-06,EEM,1.6137276887893677
2025-05-07,EEM,3.03490948677063
2025-05-08,EEM,2.2620041370391846
2025-05-09,EEM,0.08802049607038498
2025-05-12,EEM,-0.2535235583782196
2025-05-13,EEM,-1.0243269205093384
2025-05-14,EEM,-0.7477684617042542
2025-05-15,EEM,1.3575348854064941
2025-05-16,EEM,1.9549329280853271
2025-05-19,EEM,1.595677137374878
2025-05-20,EEM,0.7152218818664551
2025-05-21,EEM,1.3986982107162476
2025-05-22,EEM,2.519430160522461
2025-05-23,EEM,2.206188678741455
2025-05-27,EEM,1.007930874824524
2025-05-28,EEM,1.0457409620285034
2025-05-29,EEM,0.12188852578401566
2025-05-30,EEM,2.328171491622925
2025-06-02,EEM,4.219633102416992
2025-06-03,EEM,-0.6118624806404114
2025-06-04,EEM,0.32357025146484375
2025-06-05,EEM,1.4827419519424438
2025-06-06,EEM,1.5961542129516602
2025-06-09,EEM,1.2111331224441528
2025-06-10,EEM,-1.3311721086502075
2025-06-11,EEM,3.62480092048645
2025-06-12,EEM,4.707614898681641
2025-06-13,EEM,5.143306732177734
2025-06-16,EEM,4.465193271636963
2025-06-17,EEM,3.826760768890381
2025-06-18,EEM,3.5020973682403564
2025-06-20,EEM,4.579651832580566
2025-06-23,EEM,0.9594309329986572
2025-06-24,EEM,-0.6268940567970276
2025-06-25,EEM,1.5422810316085815
2025-06-26,EEM,1.7412729263305664
2025-06-27,EEM,-0.37080469727516174
2025-02-26,TSLA,0.14080002903938293
2025-02-27,TSLA,-0.008603001944720745
2025-02-28,TSLA,0.19464780390262604
2025-03-03,TSLA,0.7914509773254395
2025-03-04,TSLA,0.40818700194358826
2025-03-05,TSLA,0.6066755652427673
2025-03-06,TSLA,0.6527370810508728
2025-03-07,TSLA,0.2773636281490326
2025-03-10,TSLA,0.3075812757015228
2025-03-11,TSLA,0.5283530950546265
2025-03-12,TSLA,0.3740745782852173
2025-03-13,TSLA,0.4554828405380249
2025-03-14,TSLA,0.030462848022580147
2025-03-17,TSLA,0.1638851910829544
2025-03-18,TSLA,0.4315534830093384
2025-03-19,TSLA,-0.044746190309524536
2025-03-20,TSLA,0.7218955755233765
2025-03-21,TSLA,-0.09825512021780014
2025-03-24,TSLA,-0.38850805163383484
2025-03-25,TSLA,-0.559086799621582
2025-03-26,TSLA,0.21160157024860382
2025-03-27,TSLA,0.23350730538368225
2025-03-28,TSLA,-0.019166575744748116
2025-03-31,TSLA,0.6314978003501892
2025-04-01,TSLA,0.3297131061553955
2025-04-02,TSLA,0.21837230026721954
2025-04-03,TSLA,0.8734422922134399
2025-04-04,TSLA,0.06043800339102745
2025-04-07,TSLA,0.5666603446006775
2025-04-08,TSLA,0.8621426224708557
2025-04-09,TSLA,-0.40339571237564087
2025-04-10,TSLA,0.10399196296930313
2025-04-11,TSLA,0.21952705085277557
2025-04-14,TSLA,-0.006415361072868109
2025-04-15,TSLA,-0.09151643514633179
2025-04-16,TSLA,0.4901220500469208
2025-04-17,TSLA,0.8545368909835815
2025-04-21,TSLA,0.10743129998445511
2025-04-22,TSLA,0.1342935562133789
2025-04-23,TSLA,0.21139992773532867
2025-04-24,TSLA,0.47581997513771057
2025-04-25,TSLA,-0.23058032989501953
2025-04-28,TSLA,-0.08719408512115479
2025-04-29,TSLA,0.21576084196567535
2025-04-30,TSLA,0.31648769974708557
2025-05-01,TSLA,0.8916823863983154
2025-05-02,TSLA,0.8503494262695312
2025-05-05,TSLA,0.4440476894378662
2025-05-06,TSLA,0.9442775845527649
2025-05-07,TSLA,1.1821775436401367
2025-05-08,TSLA,0.7203572988510132
2025-05-09,TSLA,0.42136529088020325
2025-05-12,TSLA,0.9566838145256042
2025-05-13,TSLA,0.46404510736465454
2025-05-14,TSLA,-0.10965282469987869
2025-05-15,TSLA,0.38426095247268677
2025-05-16,TSLA,1.05239999294281
2025-05-19,TSLA,0.9690818190574646
2025-05-20,TSLA,0.9821242690086365
2025-05-21,TSLA,0.8479502201080322
2025-05-22,TSLA,1.1422730684280396
2025-05-23,TSLA,0.08911971747875214
2025-05-27,TSLA,-0.18202577531337738
2025-05-28,TSLA,-0.12265848368406296
2025-05-29,TSLA,0.02690925821661949
2025-05-30,TSLA,0.8692718744277954
2025-06-02,TSLA,0.9367191195487976
2025-06-03,TSLA,0.8431957364082336
2025-06-04,TSLA,0.7601732611656189
2025-06-05,TSLA,0.6510241627693176
2025-06-06,TSLA,0.6785029172897339
2025-06-09,TSLA,-0.07146520167589188
2025-06-10,TSLA,0.279376357793808
2025-06-11,TSLA,-0.20107872784137726
2025-06-12,TSLA,-0.33269208669662476
2025-06-13,TSLA,-0.13774226605892181
2025-06-16,TSLA,-0.136474147439003
2025-06-17,TSLA,-0.10254257917404175
2025-06-18,TSLA,0.12393101304769516
2025-06-20,TSLA,0.292809396982193
2025-06-23,TSLA,0.056217871606349945
2025-06-24,TSLA,0.20040245354175568
2025-06-25,TSLA,0.5640499591827393
2025-06-26,TSLA,0.16627034544944763
2025-06-27,TSLA,-0.10669966042041779
2025-02-26,DX-Y.NYB,1.4398200511932373
2025-02-27,DX-Y.NYB,4.003302097320557
2025-02-28,DX-Y.NYB,6.359050750732422
2025-03-03,DX-Y.NYB,-3.8030965328216553
2025-03-04,DX-Y.NYB,0.6718084812164307
2025-03-05,DX-Y.NYB,-1.363798975944519
2025-03-06,DX-Y.NYB,4.926054000854492
2025-03-07,DX-Y.NYB,1.4389243125915527
2025-03-10,DX-Y.NYB,-1.0169320106506348
2025-03-11,DX-Y.NYB,2.822108507156372
2025-03-12,DX-Y.NYB,2.6114048957824707
2025-03-13,DX-Y.NYB,6.282879829406738
2025-03-14,DX-Y.NYB,3.4202611446380615
2025-03-17,DX-Y.NYB,2.5916378498077393
2025-03-18,DX-Y.NYB,3.891784429550171
2025-03-19,DX-Y.NYB,4.2593560218811035
2025-03-20,DX-Y.NYB,4.313911437988281
2025-03-21,DX-Y.NYB,3.526797294616699
2025-03-24,DX-Y.NYB,2.0696005821228027
2025-03-25,DX-Y.NYB,-3.9280154705047607
2025-03-26,DX-Y.NYB,2.337472677230835
2025-03-27,DX-Y.NYB,3.7550346851348877
2025-03-28,DX-Y.NYB,0.22697985172271729
2025-03-31,DX-Y.NYB,6.081731796264648
2025-04-01,DX-Y.NYB,0.6711282134056091
2025-04-02,DX-Y.NYB,-0.10111080855131149
2025-04-03,DX-Y.NYB,2.824127197265625
2025-04-04,DX-Y.NYB,3.4068641662597656
2025-04-07,DX-Y.NYB,3.6776747703552246
2025-04-08,DX-Y.NYB,11.352463722229004
2025-04-09,DX-Y.NYB,7.409418106079102
2025-04-10,DX-Y.NYB,0.0389610156416893
2025-04-11,DX-Y.NYB,2.3690121173858643
2025-04-14,DX-Y.NYB,1.0619295835494995
2025-04-15,DX-Y.NYB,1.4680598974227905
2025-04-16,DX-Y.NYB,1.9830628633499146
2025-04-17,DX-Y.NYB,4.890191078186035
2025-04-21,DX-Y.NYB,4.993940353393555
2025-04-22,DX-Y.NYB,5.192508697509766
2025-04-23,DX-Y.NYB,2.240178346633911
2025-04-24,DX-Y.NYB,2.675424575805664
2025-04-25,DX-Y.NYB,-3.518446445465088
2025-04-28,DX-Y.NYB,1.07322096824646
2025-04-29,DX-Y.NYB,3.940133571624756
2025-04-30,DX-Y.NYB,1.8461207151412964
2025-05-01,DX-Y.NYB,4.744621753692627
2025-05-02,DX-Y.NYB,-1.255899429321289
2025-05-05,DX-Y.NYB,3.777554512023926
2025-05-06,DX-Y.NYB,2.1850476264953613
2025-05-07,DX-Y.NYB,3.643717050552368
2025-05-08,DX-Y.NYB,2.899982452392578
2025-05-09,DX-Y.NYB,2.365239381790161
2025-05-12,DX-Y.NYB,4.011423110961914
2025-05-13,DX-Y.NYB,2.412580966949463
2025-05-14,DX-Y.NYB,5.711122035980225
2025-05-15,DX-Y.NYB,10.374786376953125
2025-05-16,DX-Y.NYB,7.245546817779541
2025-05-19,DX-Y.NYB,4.480191230773926
2025-05-20,DX-Y.NYB,9.793062210083008
2025-05-21,DX-Y.NYB,9.8053617477417
2025-05-22,DX-Y.NYB,8.606319427490234
2025-05-23,DX-Y.NYB,4.293052673339844
2025-05-26,DX-Y.NYB,7.911128520965576
2025-05-27,DX-Y.NYB,-0.2906439006328583
2025-05-28,DX-Y.NYB,-0.3668898940086365
2025-05-29,DX-Y.NYB,-0.6450554728507996
2025-05-30,DX-Y.NYB,-0.5291503667831421
2025-06-02,DX-Y.NYB,1.0708861351013184
2025-06-03,DX-Y.NYB,2.9709889888763428
2025-06-04,DX-Y.NYB,1.726392388343811
2025-06-05,DX-Y.NYB,3.7515745162963867
2025-06-06,DX-Y.NYB,1.7504338026046753
2025-06-09,DX-Y.NYB,5.846243381500244
2025-06-10,DX-Y.NYB,-0.7310091853141785
2025-06-11,DX-Y.NYB,-0.3504846394062042
2025-06-12,DX-Y.NYB,2.973905086517334
2025-06-13,DX-Y.NYB,0.8524375557899475
2025-06-16,DX-Y.NYB,2.3361148834228516
2025-06-17,DX-Y.NYB,2.190812110900879
2025-06-18,DX-Y.NYB,2.1342039108276367
2025-06-20,DX-Y.NYB,-4.48441743850708
2025-06-23,DX-Y.NYB,-0.11317593604326248
2025-06-24,DX-Y.NYB,3.1016855239868164
2025-06-25,DX-Y.NYB,-1.9437707662582397
2025-06-26,DX-Y.NYB,1.2626261711120605
2025-06-27,DX-Y.NYB,-0.7304389476776123
2025-02-26,GLD,4.018947124481201
2025-02-27,GLD,3.454564332962036
2025-02-28,GLD,3.8948781490325928
2025-03-03,GLD,2.044053077697754
2025-03-04,GLD,-0.6402239799499512
2025-03-05,GLD,1.4480366706848145
2025-03-06,GLD,3.6996076107025146
2025-03-07,GLD,1.502153992652893
2025-03-10,GLD,1.8723506927490234
2025-03-11,GLD,2.1511261463165283
2025-03-12,GLD,0.21019674837589264
2025-03-13,GLD,1.139963150024414
2025-03-14,GLD,0.017334477975964546
2025-03-17,GLD,2.421600103378296
2025-03-18,GLD,2.1051743030548096
2025-03-19,GLD,4.061549663543701
2025-03-20,GLD,1.3828312158584595
2025-03-21,GLD,2.7328085899353027
2025-03-24,GLD,5.996053218841553
2025-03-25,GLD,5.336212158203125
2025-03-26,GLD,4.031883716583252
2025-03-27,GLD,3.915928363800049
2025-03-28,GLD,4.838888168334961
2025-03-31,GLD,3.019069194793701
2025-04-01,GLD,-0.5366767048835754
2025-04-02,GLD,-0.29404038190841675
2025-04-03,GLD,3.0795419216156006
2025-04-04,GLD,4.202157020568848
2025-04-07,GLD,5.074593544006348
2025-04-08,GLD,3.8543646335601807
2025-04-09,GLD,0.136408731341362
2025-04-10,GLD,0.6812532544136047
2025-04-11,GLD,1.4119070768356323
2025-04-14,GLD,-0.24627232551574707
2025-04-15,GLD,1.6888104677200317
2025-04-16,GLD,3.4775540828704834
2025-04-17,GLD,3.1378273963928223
2025-04-21,GLD,3.2368886470794678
2025-04-22,GLD,3.507014274597168
2025-04-23,GLD,3.4235401153564453
2025-04-24,GLD,2.483433723449707
2025-04-25,GLD,1.4418445825576782
2025-04-28,GLD,0.15690475702285767
2025-04-29,GLD,3.035376787185669
2025-04-30,GLD,3.0985145568847656
2025-05-01,GLD,1.0107663869857788
2025-05-02,GLD,2.7338085174560547
2025-05-05,GLD,0.222207173705101
2025-05-06,GLD,0.10388224571943283
2025-05-07,GLD,0.12508133053779602
2025-05-08,GLD,0.34476548433303833
2025-05-09,GLD,2.0137503147125244
2025-05-12,GLD,2.945941686630249
2025-05-13,GLD,2.9495010375976562
2025-05-14,GLD,2.033475875854492
2025-05-15,GLD,1.307666301727295
2025-05-16,GLD,0.3445415496826172
2025-05-19,GLD,1.3685193061828613
2025-05-20,GLD,0.4060971438884735
2025-05-21,GLD,1.3494420051574707
2025-05-22,GLD,-1.5714534521102905
2025-05-23,GLD,0.9339842796325684
2025-05-27,GLD,0.4537082016468048
2025-05-28,GLD,3.2232346534729004
2025-05-29,GLD,0.5147339105606079
2025-05-30,GLD,1.3002591133117676
2025-06-02,GLD,2.576902151107788
2025-06-03,GLD,-0.6414854526519775
2025-06-04,GLD,2.207585334777832
2025-06-05,GLD,0.3439050614833832
2025-06-06,GLD,3.0043723583221436
2025-06-09,GLD,3.6612164974212646
2025-06-10,GLD,1.3589742183685303
2025-06-11,GLD,-0.4502483904361725
2025-06-12,GLD,0.4108628034591675
2025-06-13,GLD,-0.3661571741104126
2025-06-16,GLD,0.5896122455596924
2025-06-17,GLD,-0.05587911978363991
2025-06-18,GLD,2.4925668239593506
2025-06-20,GLD,1.269385576248169
2025-06-23,GLD,0.7120630145072937
2025-06-24,GLD,1.9689369201660156
2025-06-25,GLD,2.991884708404541
2025-06-26,GLD,0.3022187352180481
2025-06-27,GLD,0.32108521461486816
2025-02-26,XOM,3.6667544841766357
2025-02-27,XOM,3.266230821609497
2025-02-28,XOM,-0.4472660422325134
2025-03-03,XOM,0.8760603666305542
2025-03-04,XOM,0.1967785805463791
2025-03-05,XOM,3.8989052772521973
2025-03-06,XOM,1.8732982873916626
2025-03-07,XOM,1.8162696361541748
2025-03-10,XOM,0.033266667276620865
2025-03-11,XOM,0.5143111944198608
2025-03-12,XOM,1.1316308975219727
2025-03-13,XOM,1.6364942789077759
2025-03-14,XOM,1.3270922899246216
2025-03-17,XOM,3.3905742168426514
2025-03-18,XOM,0.33094578981399536
2025-03-19,XOM,2.243645191192627
2025-03-20,XOM,1.5220493078231812
2025-03-21,XOM,2.7442023754119873
2025-03-24,XOM,3.2358789443969727
2025-03-25,XOM,3.199397087097168
2025-03-26,XOM,2.90165376663208
2025-03-27,XOM,1.4498240947723389
2025-03-28,XOM,4.066334247589111
2025-03-31,XOM,3.1914403438568115
2025-04-01,XOM,3.132458448410034
2025-04-02,XOM,2.4167332649230957
2025-04-03,XOM,2.825331211090088
2025-04-04,XOM,2.721266746520996
2025-04-07,XOM,2.6192286014556885
2025-04-08,XOM,0.8393210768699646
2025-04-09,XOM,0.7391002774238586
2025-04-10,XOM,1.1347966194152832
2025-04-11,XOM,0.03473224863409996
2025-04-14,XOM,0.5650442838668823
2025-04-15,XOM,1.2018688917160034
2025-04-16,XOM,-0.045387059450149536
2025-04-17,XOM,1.45482337474823
2025-04-21,XOM,1.324385166168213
2025-04-22,XOM,0.2562110722064972
2025-04-23,XOM,0.31465333700180054
2025-04-24,XOM,0.6810048818588257
2025-04-25,XOM,0.5794590711593628
2025-04-28,XOM,1.3667378425598145
2025-04-29,XOM,1.5104142427444458
2025-04-30,XOM,1.8195462226867676
2025-05-01,XOM,0.483929842710495
2025-05-02,XOM,0.24588032066822052
2025-05-05,XOM,1.5530306100845337
2025-05-06,XOM,0.5366933941841125
2025-05-07,XOM,0.16438445448875427
2025-05-08,XOM,1.6028074026107788
2025-05-09,XOM,-0.547794759273529
2025-05-12,XOM,1.9405601024627686
2025-05-13,XOM,1.8698065280914307
2025-05-14,XOM,2.0799062252044678
2025-05-15,XOM,1.4296507835388184
2025-05-16,XOM,1.6379964351654053
2025-05-19,XOM,2.6501002311706543
2025-05-20,XOM,3.618194580078125
2025-05-21,XOM,3.2893154621124268
2025-05-22,XOM,2.3237860202789307
2025-05-23,XOM,2.243706464767456
2025-05-27,XOM,0.8154568076133728
2025-05-28,XOM,0.45023301243782043
2025-05-29,XOM,0.9135341048240662
2025-05-30,XOM,0.7555124759674072
2025-06-02,XOM,0.8263577222824097
2025-06-03,XOM,0.5428716540336609
2025-06-04,XOM,1.093567967414856
2025-06-05,XOM,0.5261743664741516
2025-06-06,XOM,1.3211725950241089
2025-06-09,XOM,2.167731523513794
2025-06-10,XOM,-1.390076994895935
2025-06-11,XOM,0.07206268608570099
2025-06-12,XOM,1.2000105381011963
2025-06-13,XOM,2.3832359313964844
2025-06-16,XOM,1.4612953662872314
2025-06-17,XOM,2.962707996368408
2025-06-18,XOM,3.340963363647461
2025-06-20,XOM,3.155306816101074
2025-06-23,XOM,3.0183820724487305
2025-06-24,XOM,2.8152313232421875
2025-06-25,XOM,3.2043330669403076
2025-06-26,XOM,1.3736472129821777
2025-06-27,XOM,-0.1762203872203827
2025-02-26,TLT,0.19130025804042816
2025-02-27,TLT,0.962833821773529
2025-02-28,TLT,4.607072830200195
2025-03-03,TLT,3.4413719177246094
2025-03-04,TLT,2.510859727859497
2025-03-05,TLT,2.2405905723571777
2025-03-06,TLT,0.9257717728614807
2025-03-07,TLT,4.577780723571777
2025-03-10,TLT,0.44032686948776245
2025-03-11,TLT,-0.5316821932792664
2025-03-12,TLT,2.6038053035736084
2025-03-13,TLT,-0.7613984942436218
2025-03-14,TLT,-0.33276915550231934
2025-03-17,TLT,2.695502281188965
2025-03-18,TLT,0.25361698865890503
2025-03-19,TLT,0.03757617622613907
2025-03-20,TLT,-0.6369547247886658
2025-03-21,TLT,-0.31560203433036804
2025-03-24,TLT,-0.4657481610774994
2025-03-25,TLT,6.445138454437256
2025-03-26,TLT,-0.27388474345207214
2025-03-27,TLT,3.6375718116760254
2025-03-28,TLT,0.026969268918037415
2025-03-31,TLT,-0.40255165100097656
2025-04-01,TLT,-4.0766119956970215
2025-04-02,TLT,0.13824394345283508
2025-04-03,TLT,2.8734631538391113
2025-04-04,TLT,2.262566566467285
2025-04-07,TLT,5.408716201782227
2025-04-08,TLT,5.327991485595703
2025-04-09,TLT,5.016922473907471
2025-04-10,TLT,1.7609527111053467
2025-04-11,TLT,1.5095263719558716
2025-04-14,TLT,-0.08962105214595795
2025-04-15,TLT,3.194709062576294
2025-04-16,TLT,0.5360590815544128
2025-04-17,TLT,0.8400278687477112
2025-04-21,TLT,0.1191897839307785
2025-04-22,TLT,0.8522545695304871
2025-04-23,TLT,0.893061101436615
2025-04-24,TLT,1.1736842393875122
2025-04-25,TLT,-0.43279263377189636
2025-04-28,TLT,-0.7938280701637268
2025-04-29,TLT,0.8283171057701111
2025-04-30,TLT,-1.423288345336914
2025-05-01,TLT,1.8628607988357544
2025-05-02,TLT,0.10950176417827606
2025-05-05,TLT,5.08268404006958
2025-05-06,TLT,2.1647794246673584
2025-05-07,TLT,1.9119741916656494
2025-05-08,TLT,-0.6993202567100525
2025-05-09,TLT,-0.3061867356300354
2025-05-12,TLT,-0.375643789768219
2025-05-13,TLT,1.5017927885055542
2025-05-14,TLT,0.07948759198188782
2025-05-15,TLT,0.47843506932258606
2025-05-16,TLT,0.8382897973060608
2025-05-19,TLT,0.9933464527130127
2025-05-20,TLT,0.45407935976982117
2025-05-21,TLT,2.2045109272003174
2025-05-22,TLT,2.588893413543701
2025-05-23,TLT,2.1075849533081055
2025-05-27,TLT,1.2848502397537231
2025-05-28,TLT,0.9266315698623657
2025-05-29,TLT,-1.5837903022766113
2025-05-30,TLT,-2.072098970413208
2025-06-02,TLT,2.4389541149139404
2025-06-03,TLT,1.2231343984603882
2025-06-04,TLT,0.28374359011650085
2025-06-05,TLT,5.717983722686768
2025-06-06,TLT,-2.1061153411865234
2025-06-09,TLT,1.7082288265228271
2025-06-10,TLT,-0.1716318279504776
2025-06-11,TLT,3.458223581314087
2025-06-12,TLT,5.7597808837890625
2025-06-13,TLT,1.7434489727020264
2025-06-16,TLT,1.1045838594436646
2025-06-17,TLT,5.4405293464660645
2025-06-18,TLT,1.5973973274230957
2025-06-20,TLT,4.2164764404296875
2025-06-23,TLT,5.593138217926025
2025-06-24,TLT,-0.5830951929092407
2025-06-25,TLT,1.5160390138626099
2025-06-26,TLT,2.936734199523926
2025-06-27,TLT,4.697046279907227
2025-02-25,USDINR=X,0.03493324667215347
2025-02-26,USDINR=X,10.616436004638672
2025-02-27,USDINR=X,9.7195405960083
2025-02-28,USDINR=X,-2.983795642852783
2025-03-03,USDINR=X,7.231568813323975
2025-03-04,USDINR=X,8.817232131958008
2025-03-05,USDINR=X,29.319589614868164
2025-03-06,USDINR=X,26.695024490356445
2025-03-07,USDINR=X,9.139999389648438
2025-03-10,USDINR=X,-8.7136812210083
2025-03-11,USDINR=X,7.619377136230469
2025-03-12,USDINR=X,-4.308087348937988
2025-03-13,USDINR=X,9.940897941589355
2025-03-14,USDINR=X,10.373498916625977
2025-03-17,USDINR=X,14.429311752319336
2025-03-18,USDINR=X,4.2215189933776855
2025-03-19,USDINR=X,-4.1428937911987305
2025-03-20,USDINR=X,3.731261968612671
2025-03-21,USDINR=X,-7.141966342926025
2025-03-24,USDINR=X,15.563056945800781
2025-03-25,USDINR=X,2.4300336837768555
2025-03-26,USDINR=X,15.220818519592285
2025-03-27,USDINR=X,10.207197189331055
2025-03-28,USDINR=X,5.493564128875732
2025-03-31,USDINR=X,2.1996726989746094
2025-04-01,USDINR=X,10.640833854675293
2025-04-02,USDINR=X,12.308135032653809
2025-04-03,USDINR=X,13.139379501342773
2025-04-04,USDINR=X,8.290462493896484
2025-04-07,USDINR=X,14.01392650604248
2025-04-08,USDINR=X,15.575115203857422
2025-04-09,USDINR=X,8.607075691223145
2025-04-10,USDINR=X,-5.614490509033203
2025-04-11,USDINR=X,9.080063819885254
2025-04-14,USDINR=X,15.66230583190918
2025-04-15,USDINR=X,3.6161465644836426
2025-04-16,USDINR=X,15.17819881439209
2025-04-17,USDINR=X,21.255722045898438
2025-04-22,USDINR=X,23.680889129638672
2025-04-23,USDINR=X,19.959064483642578
2025-04-24,USDINR=X,1.8815481662750244
2025-04-25,USDINR=X,-0.7524161338806152
2025-04-28,USDINR=X,-2.224806547164917
2025-04-29,USDINR=X,1.7543174028396606
2025-04-30,USDINR=X,9.720319747924805
2025-05-01,USDINR=X,3.779405117034912
2025-05-02,USDINR=X,7.287555694580078
2025-05-05,USDINR=X,4.665251731872559
2025-05-06,USDINR=X,7.611697196960449
2025-05-07,USDINR=X,6.484555244445801
2025-05-08,USDINR=X,13.588326454162598
2025-05-09,USDINR=X,-5.676805019378662
2025-05-12,USDINR=X,-5.853188514709473
2025-05-13,USDINR=X,7.591156482696533
2025-05-14,USDINR=X,0.8806395530700684
2025-05-15,USDINR=X,-0.34499531984329224
2025-05-16,USDINR=X,18.42730712890625
2025-05-19,USDINR=X,5.234034061431885
2025-05-20,USDINR=X,5.225170135498047
2025-05-21,USDINR=X,3.6774508953094482
2025-05-22,USDINR=X,10.627838134765625
2025-05-23,USDINR=X,11.210278511047363
2025-05-26,USDINR=X,17.75652313232422
2025-05-27,USDINR=X,17.01352882385254
2025-05-28,USDINR=X,16.81145477294922
2025-05-29,USDINR=X,-2.4536633491516113
2025-05-30,USDINR=X,13.659124374389648
2025-06-02,USDINR=X,-1.3793838024139404
2025-06-03,USDINR=X,0.6219406127929688
2025-06-04,USDINR=X,4.101639747619629
2025-06-05,USDINR=X,-0.7882776856422424
2025-06-06,USDINR=X,9.833303451538086
2025-06-09,USDINR=X,4.072599411010742
2025-06-10,USDINR=X,5.5329060554504395
2025-06-11,USDINR=X,16.960987091064453
2025-06-12,USDINR=X,13.985928535461426
2025-06-13,USDINR=X,16.08049201965332
2025-06-16,USDINR=X,-3.602720022201538
2025-06-17,USDINR=X,17.91255760192871
2025-06-18,USDINR=X,13.235977172851562
2025-06-19,USDINR=X,9.649348258972168
2025-06-20,USDINR=X,12.326960563659668
2025-06-23,USDINR=X,13.306316375732422
2025-06-24,USDINR=X,10.08755111694336
2025-06-25,USDINR=X,10.697561264038086
2025-06-26,USDINR=X,14.843866348266602
2025-06-27,USDINR=X,11.578946113586426
2025-02-26,IWM,0.014530659653246403
2025-02-27,IWM,-0.274861603975296
2025-02-28,IWM,1.5886582136154175
2025-03-03,IWM,1.7383321523666382
2025-03-04,IWM,1.9473681449890137
2025-03-05,IWM,2.2025105953216553
2025-03-06,IWM,1.9846656322479248
2025-03-07,IWM,1.7382415533065796
2025-03-10,IWM,1.62674081325531
2025-03-11,IWM,2.1838185787200928
2025-03-12,IWM,1.6325563192367554
2025-03-13,IWM,1.9254342317581177
2025-03-14,IWM,0.7102970480918884
2025-03-17,IWM,2.576061964035034
2025-03-18,IWM,-0.9357089996337891
2025-03-19,IWM,-0.24720598757266998
2025-03-20,IWM,1.0109267234802246
2025-03-21,IWM,1.1057878732681274
2025-03-24,IWM,1.3681812286376953
2025-03-25,IWM,1.2178574800491333
2025-03-26,IWM,3.7903847694396973
2025-03-27,IWM,2.1715455055236816
2025-03-28,IWM,0.8353556990623474
2025-03-31,IWM,4.773622989654541
2025-04-01,IWM,0.4206937253475189
2025-04-02,IWM,2.5184128284454346
2025-04-03,IWM,1.6398091316223145
2025-04-04,IWM,0.9125309586524963
2025-04-07,IWM,0.05514940246939659
2025-04-08,IWM,2.2908124923706055
2025-04-09,IWM,-0.07219436764717102
2025-04-10,IWM,0.4835563004016876
2025-04-11,IWM,-0.6126395463943481
2025-04-14,IWM,-0.1755732148885727
2025-04-15,IWM,1.0425429344177246
2025-04-16,IWM,-0.30962103605270386
2025-04-17,IWM,-0.059201791882514954
2025-04-21,IWM,-0.003204294480383396
2025-04-22,IWM,0.16578271985054016
2025-04-23,IWM,1.2185324430465698
2025-04-24,IWM,1.26300847530365
2025-04-25,IWM,0.9465629458427429
2025-04-28,IWM,0.020426176488399506
2025-04-29,IWM,2.1631107330322266
2025-04-30,IWM,0.4304922819137573
2025-05-01,IWM,1.1827255487442017
2025-05-02,IWM,1.9856252670288086
2025-05-05,IWM,2.1970033645629883
2025-05-06,IWM,3.2572808265686035
2025-05-07,IWM,3.440415143966675
2025-05-08,IWM,2.4869587421417236
2025-05-09,IWM,1.1666173934936523
2025-05-12,IWM,1.4827173948287964
2025-05-13,IWM,0.6780564188957214
2025-05-14,IWM,1.2061964273452759
2025-05-15,IWM,1.6748733520507812
2025-05-16,IWM,1.7179861068725586
2025-05-19,IWM,1.7574467658996582
2025-05-20,IWM,1.2482470273971558
2025-05-21,IWM,2.207961082458496
2025-05-22,IWM,2.8712103366851807
2025-05-23,IWM,2.2766196727752686
2025-05-27,IWM,-0.6697161197662354
2025-05-28,IWM,-0.16544799506664276
2025-05-29,IWM,0.2145659625530243
2025-05-30,IWM,-0.8828520178794861
2025-06-02,IWM,2.010662794113159
2025-06-03,IWM,0.007048444356769323
2025-06-04,IWM,-0.016709867864847183
2025-06-05,IWM,0.265460729598999
2025-06-06,IWM,-1.8153810501098633
2025-06-09,IWM,1.398470401763916
2025-06-10,IWM,3.0190682411193848
2025-06-11,IWM,1.8256688117980957
2025-06-12,IWM,1.1941819190979004
2025-06-13,IWM,0.34714561700820923
2025-06-16,IWM,0.6132485866546631
2025-06-17,IWM,0.2808607518672943
2025-06-18,IWM,0.9340876340866089
2025-06-20,IWM,2.647684335708618
2025-06-23,IWM,-0.9166220426559448
2025-06-24,IWM,0.014149492606520653
2025-06-25,IWM,-0.5991050004959106
2025-06-26,IWM,1.3187851905822754
2025-06-27,IWM,-1.1570727825164795
2025-02-26,JPM,-0.22291265428066254
2025-02-27,JPM,0.17156115174293518
2025-02-28,JPM,0.22012662887573242
2025-03-03,JPM,0.41204366087913513
2025-03-04,JPM,0.25021976232528687
2025-03-05,JPM,1.5878604650497437
2025-03-06,JPM,2.0208077430725098
2025-03-07,JPM,1.3997308015823364
2025-03-10,JPM,1.022291660308838
2025-03-11,JPM,1.6473474502563477
2025-03-12,JPM,1.6658120155334473
2025-03-13,JPM,1.6408617496490479
2025-03-14,JPM,1.3073086738586426
2025-03-17,JPM,1.0665677785873413
2025-03-18,JPM,0.5148751735687256
2025-03-19,JPM,-0.06509362906217575
2025-03-20,JPM,1.296539306640625
2025-03-21,JPM,0.3257449269294739
2025-03-24,JPM,0.12472385913133621
2025-03-25,JPM,1.7200261354446411
2025-03-26,JPM,2.3671834468841553
2025-03-27,JPM,2.5497560501098633
2025-03-28,JPM,0.6452290415763855
2025-03-31,JPM,1.6503815650939941
2025-04-01,JPM,2.0639774799346924
2025-04-02,JPM,2.716782569885254
2025-04-03,JPM,1.1194308996200562
2025-04-04,JPM,0.3705008029937744
2025-04-07,JPM,2.894602060317993
2025-04-08,JPM,0.4863227605819702
2025-04-09,JPM,1.3211631774902344
2025-04-10,JPM,-0.21548065543174744
2025-04-11,JPM,-0.30628231167793274
2025-04-14,JPM,0.3879425525665283
2025-04-15,JPM,1.6489732265472412
2025-04-16,JPM,0.5539954304695129
2025-04-17,JPM,0.5970041155815125
2025-04-21,JPM,1.558713674545288
2025-04-22,JPM,0.6304680109024048
2025-04-23,JPM,0.7200434803962708
2025-04-24,JPM,1.2276802062988281
2025-04-25,JPM,1.3544833660125732
2025-04-28,JPM,1.3716633319854736
2025-04-29,JPM,0.03333578631281853
2025-04-30,JPM,1.5628479719161987
2025-05-01,JPM,1.6632394790649414
2025-05-02,JPM,1.7860541343688965
2025-05-05,JPM,1.9245167970657349
2025-05-06,JPM,2.6171891689300537
2025-05-07,JPM,2.9246268272399902
2025-05-08,JPM,2.3435001373291016
2025-05-09,JPM,1.4951661825180054
2025-05-12,JPM,1.7759861946105957
2025-05-13,JPM,0.20884022116661072
2025-05-14,JPM,0.2241380214691162
2025-05-15,JPM,2.0052695274353027
2025-05-16,JPM,2.2813899517059326
2025-05-19,JPM,1.9112881422042847
2025-05-20,JPM,1.6389667987823486
2025-05-21,JPM,1.9567543268203735
2025-05-22,JPM,2.4838991165161133
2025-05-23,JPM,1.957203984260559
2025-05-27,JPM,0.05624516308307648
2025-05-28,JPM,-0.0976824015378952
2025-05-29,JPM,1.9549704790115356
2025-05-30,JPM,1.1908025741577148
2025-06-02,JPM,2.0371458530426025
2025-06-03,JPM,1.3925213813781738
2025-06-04,JPM,0.4199739098548889
2025-06-05,JPM,1.3436357975006104
2025-06-06,JPM,1.9142882823944092
2025-06-09,JPM,-0.13585028052330017
2025-06-10,JPM,1.9501678943634033
2025-06-11,JPM,1.0364233255386353
2025-06-12,JPM,0.21433280408382416
2025-06-13,JPM,1.3681159019470215
2025-06-16,JPM,1.2554548978805542
2025-06-17,JPM,-0.6478108167648315
2025-06-18,JPM,0.5791419148445129
2025-06-20,JPM,0.9939067959785461
2025-06-23,JPM,-0.1274067759513855
2025-06-24,JPM,1.2970788478851318
2025-06-25,JPM,1.2798055410385132
2025-06-26,JPM,0.5608625411987305
2025-06-27,JPM,0.41625383496284485
2025-02-26,UNH,0.501961350440979
2025-02-27,UNH,1.3070480823516846
2025-02-28,UNH,1.049527883529663
2025-03-03,UNH,1.9976030588150024
2025-03-04,UNH,-0.2052069455385208
2025-03-05,UNH,1.119227409362793
2025-03-06,UNH,1.4575988054275513
2025-03-07,UNH,-0.2014492303133011
2025-03-10,UNH,-0.7170888185501099
2025-03-11,UNH,-0.7437630295753479
2025-03-12,UNH,0.25951555371284485
2025-03-13,UNH,-0.19259485602378845
2025-03-14,UNH,-0.15980874001979828
2025-03-17,UNH,1.104967474937439
2025-03-18,UNH,1.150327444076538
2025-03-19,UNH,1.2267507314682007
2025-03-20,UNH,0.4027257263660431
2025-03-21,UNH,0.7186208367347717
2025-03-24,UNH,2.1377429962158203
2025-03-25,UNH,1.985269546508789
2025-03-26,UNH,2.119051694869995
2025-03-27,UNH,2.0950264930725098
2025-03-28,UNH,2.073434591293335
2025-03-31,UNH,1.2952992916107178
2025-04-01,UNH,0.6033320426940918
2025-04-02,UNH,0.6008074283599854
2025-04-03,UNH,-0.619292140007019
2025-04-04,UNH,-0.46912580728530884
2025-04-07,UNH,2.260495901107788
2025-04-08,UNH,1.1274585723876953
2025-04-09,UNH,-0.07015681266784668
2025-04-10,UNH,1.536051630973816
2025-04-11,UNH,0.8174072504043579
2025-04-14,UNH,0.8955569863319397
2025-04-15,UNH,2.8256518840789795
2025-04-16,UNH,2.5571553707122803
2025-04-17,UNH,1.5533843040466309
2025-04-21,UNH,1.4526612758636475
2025-04-22,UNH,1.236312985420227
2025-04-23,UNH,0.5763800144195557
2025-04-24,UNH,0.5793530344963074
2025-04-25,UNH,0.7201745510101318
2025-04-28,UNH,1.0694653987884521
2025-04-29,UNH,0.769071102142334
2025-04-30,UNH,0.8448642492294312
2025-05-01,UNH,0.9165221452713013
2025-05-02,UNH,0.9111334681510925
2025-05-05,UNH,0.9278080463409424
2025-05-06,UNH,0.8655699491500854
2025-05-07,UNH,0.7495073676109314
2025-05-08,UNH,1.49286687374115
2025-05-09,UNH,1.3175475597381592
2025-05-12,UNH,1.277683973312378
2025-05-13,UNH,1.3938390016555786
2025-05-14,UNH,1.3866991996765137
2025-05-15,UNH,1.2436754703521729
2025-05-16,UNH,0.6343516707420349
2025-05-19,UNH,0.8384490013122559
2025-05-20,UNH,0.22141487896442413
2025-05-21,UNH,0.40682047605514526
2025-05-22,UNH,0.8887174129486084
2025-05-23,UNH,1.0093934535980225
2025-05-27,UNH,1.216801643371582
2025-05-28,UNH,1.0445345640182495
2025-05-29,UNH,1.0155179500579834
2025-05-30,UNH,1.0290169715881348
2025-06-02,UNH,0.45872971415519714
2025-06-03,UNH,1.0961014032363892
2025-06-04,UNH,-0.04669143259525299
2025-06-05,UNH,0.45398998260498047
2025-06-06,UNH,0.8622509241104126
2025-06-09,UNH,0.1479083001613617
2025-06-10,UNH,0.19542370736598969
2025-06-11,UNH,0.5198180079460144
2025-06-12,UNH,0.5055681467056274
2025-06-13,UNH,0.05134965479373932
2025-06-16,UNH,1.1055080890655518
2025-06-17,UNH,0.17319488525390625
2025-06-18,UNH,0.25965818762779236
2025-06-20,UNH,0.4714292585849762
2025-06-23,UNH,1.412003755569458
2025-06-24,UNH,0.3403488099575043
2025-06-25,UNH,-0.3487569987773895
2025-06-26,UNH,0.5476095676422119
2025-06-27,UNH,0.7500607967376709
2025-02-26,SPY,-1.2023159265518188
2025-02-27,SPY,0.790320098400116
2025-02-28,SPY,-0.8465513586997986
2025-03-03,SPY,-0.19387204945087433
2025-03-04,SPY,0.04453398287296295
2025-03-05,SPY,1.517584204673767
2025-03-06,SPY,0.8621459603309631
2025-03-07,SPY,1.4166548252105713
2025-03-10,SPY,2.446280002593994
2025-03-11,SPY,3.112779140472412
2025-03-12,SPY,2.654568672180176
2025-03-13,SPY,2.674365520477295
2025-03-14,SPY,1.886979579925537
2025-03-17,SPY,2.3228635787963867
2025-03-18,SPY,2.1081905364990234
2025-03-19,SPY,0.3331427574157715
2025-03-20,SPY,3.3178470134735107
2025-03-21,SPY,2.163663864135742
2025-03-24,SPY,2.518549919128418
2025-03-25,SPY,3.1487834453582764
2025-03-26,SPY,4.894197940826416
2025-03-27,SPY,3.467034339904785
2025-03-28,SPY,0.6018282771110535
2025-03-31,SPY,3.8075835704803467
2025-04-01,SPY,2.756650924682617
2025-04-02,SPY,3.3220221996307373
2025-04-03,SPY,0.46828460693359375
2025-04-04,SPY,1.5079915523529053
2025-04-07,SPY,2.353541135787964
2025-04-08,SPY,1.8275716304779053
2025-04-09,SPY,2.3707668781280518
2025-04-10,SPY,2.210193157196045
2025-04-11,SPY,-0.6855701208114624
2025-04-14,SPY,0.7106402516365051
2025-04-15,SPY,2.048861026763916
2025-04-16,SPY,-0.05780445411801338
2025-04-17,SPY,0.35068002343177795
2025-04-21,SPY,0.12553896009922028
2025-04-22,SPY,0.5312015414237976
2025-04-23,SPY,1.0522624254226685
2025-04-24,SPY,1.0893791913986206
2025-04-25,SPY,1.3606648445129395
2025-04-28,SPY,1.9236737489700317
2025-04-29,SPY,2.1982524394989014
2025-04-30,SPY,0.4554038643836975
2025-05-01,SPY,1.4325286149978638
2025-05-02,SPY,2.2994658946990967
2025-05-05,SPY,2.139798879623413
2025-05-06,SPY,2.4252946376800537
2025-05-07,SPY,1.902082085609436
2025-05-08,SPY,0.1809048354625702
2025-05-09,SPY,0.29828256368637085
2025-05-12,SPY,0.7294579744338989
2025-05-13,SPY,0.4223589301109314
2025-05-14,SPY,-0.59798264503479
2025-05-15,SPY,0.10413502156734467
2025-05-16,SPY,0.5138142704963684
2025-05-19,SPY,-0.39889928698539734
2025-05-20,SPY,0.2345273345708847
2025-05-21,SPY,2.910355806350708
2025-05-22,SPY,3.9158730506896973
2025-05-23,SPY,2.4196906089782715
2025-05-27,SPY,-0.5395186543464661
2025-05-28,SPY,-0.35291165113449097
2025-05-29,SPY,1.0015712976455688
2025-05-30,SPY,0.01721479371190071
2025-06-02,SPY,2.916264533996582
2025-06-03,SPY,2.5346813201904297
2025-06-04,SPY,1.5000709295272827
2025-06-05,SPY,1.9679373502731323
2025-06-06,SPY,2.4775493144989014
2025-06-09,SPY,2.218040704727173
2025-06-10,SPY,2.071340322494507
2025-06-11,SPY,0.18785765767097473
2025-06-12,SPY,0.5820447206497192
2025-06-13,SPY,0.5026379823684692
2025-06-16,SPY,0.8594793677330017
2025-06-17,SPY,-0.10438158363103867
2025-06-18,SPY,0.6099122166633606
2025-06-20,SPY,1.5930858850479126
2025-06-23,SPY,-0.5192409157752991
2025-06-24,SPY,-0.528168261051178
2025-06-25,SPY,1.4321293830871582
2025-06-26,SPY,-0.15921011567115784
2025-06-27,SPY,-0.030436569824814796
2025-02-26,MSFT,-1.5966941118240356
2025-02-27,MSFT,2.3154468536376953
2025-02-28,MSFT,2.1236672401428223
2025-03-03,MSFT,1.0975490808486938
2025-03-04,MSFT,3.2084436416625977
2025-03-05,MSFT,0.9883185625076294
2025-03-06,MSFT,1.7384072542190552
2025-03-07,MSFT,-1.131561279296875
2025-03-10,MSFT,-0.08143918216228485
2025-03-11,MSFT,1.23586106300354
2025-03-12,MSFT,-0.3474395275115967
2025-03-13,MSFT,0.5101934671401978
2025-03-14,MSFT,0.4609929621219635
2025-03-17,MSFT,0.8901772499084473
2025-03-18,MSFT,-1.2013769149780273
2025-03-19,MSFT,-0.23992493748664856
2025-03-20,MSFT,1.2894363403320312
2025-03-21,MSFT,-0.5910012722015381
2025-03-24,MSFT,0.43872320652008057
2025-03-25,MSFT,1.2160016298294067
2025-03-26,MSFT,1.6962651014328003
2025-03-27,MSFT,2.745527982711792
2025-03-28,MSFT,2.760802745819092
2025-03-31,MSFT,3.868635654449463
2025-04-01,MSFT,1.729830265045166
2025-04-02,MSFT,2.772653102874756
2025-04-03,MSFT,-1.2125850915908813
2025-04-04,MSFT,-0.7110531330108643
2025-04-07,MSFT,1.40359628200531
2025-04-08,MSFT,2.0416576862335205
2025-04-09,MSFT,0.40839675068855286
2025-04-10,MSFT,1.7273950576782227
2025-04-11,MSFT,-1.1198420524597168
2025-04-14,MSFT,-0.03886713460087776
2025-04-15,MSFT,1.44711434841156
2025-04-16,MSFT,2.186434507369995
2025-04-17,MSFT,1.3387691974639893
2025-04-21,MSFT,1.7270183563232422
2025-04-22,MSFT,0.8248644471168518
2025-04-23,MSFT,0.21194103360176086
2025-04-24,MSFT,0.1133573055267334
2025-04-25,MSFT,-0.007739808410406113
2025-04-28,MSFT,1.185501217842102
2025-04-29,MSFT,1.2382270097732544
2025-04-30,MSFT,-0.24892857670783997
2025-05-01,MSFT,0.4905878007411957
2025-05-02,MSFT,1.432310700416565
2025-05-05,MSFT,2.7029404640197754
2025-05-06,MSFT,1.8294228315353394
2025-05-07,MSFT,2.718538284301758
2025-05-08,MSFT,2.271376371383667
2025-05-09,MSFT,2.5303523540496826
2025-05-12,MSFT,2.475494861602783
2025-05-13,MSFT,1.990985631942749
2025-05-14,MSFT,0.9481664896011353
2025-05-15,MSFT,0.3663066625595093
2025-05-16,MSFT,0.3401123583316803
2025-05-19,MSFT,-0.8898578882217407
2025-05-20,MSFT,-0.9905005097389221
2025-05-21,MSFT,1.3709114789962769
2025-05-22,MSFT,2.306483030319214
2025-05-23,MSFT,1.8432011604309082
2025-05-27,MSFT,0.8209584355354309
2025-05-28,MSFT,-0.06253669410943985
2025-05-29,MSFT,1.1376537084579468
2025-05-30,MSFT,1.1800658702850342
2025-06-02,MSFT,2.109088659286499
2025-06-03,MSFT,1.2502377033233643
2025-06-04,MSFT,0.6514303088188171
2025-06-05,MSFT,0.2449152022600174
2025-06-06,MSFT,0.0362662635743618
2025-06-09,MSFT,-0.2722020149230957
2025-06-10,MSFT,0.5668573379516602
2025-06-11,MSFT,0.7542366981506348
2025-06-12,MSFT,0.08046451956033707
2025-06-13,MSFT,0.06600955128669739
2025-06-16,MSFT,0.5213574171066284
2025-06-17,MSFT,0.35950782895088196
2025-06-18,MSFT,0.07799457758665085
2025-06-20,MSFT,0.18596762418746948
2025-06-23,MSFT,0.49323201179504395
2025-06-24,MSFT,-0.37313151359558105
2025-06-25,MSFT,-0.4987894892692566
2025-06-26,MSFT,0.5895274877548218
2025-06-27,MSFT,0.8894051313400269
2025-02-25,EURUSD=X,12.876952171325684
2025-02-26,EURUSD=X,5.968059539794922
2025-02-27,EURUSD=X,7.021052837371826
2025-02-28,EURUSD=X,13.198932647705078
2025-03-03,EURUSD=X,14.133613586425781
2025-03-04,EURUSD=X,7.892091274261475
2025-03-05,EURUSD=X,4.783403396606445
2025-03-06,EURUSD=X,2.7211315631866455
2025-03-07,EURUSD=X,-2.2239158153533936
2025-03-10,EURUSD=X,6.567161560058594
2025-03-11,EURUSD=X,5.260983943939209
2025-03-12,EURUSD=X,4.370837688446045
2025-03-13,EURUSD=X,7.657273292541504
2025-03-14,EURUSD=X,7.44421911239624
2025-03-17,EURUSD=X,6.269488334655762
2025-03-18,EURUSD=X,6.545527458190918
2025-03-19,EURUSD=X,2.5159780979156494
2025-03-20,EURUSD=X,5.987594127655029
2025-03-21,EURUSD=X,8.083953857421875
2025-03-24,EURUSD=X,3.74075984954834
2025-03-25,EURUSD=X,0.2889232039451599
2025-03-26,EURUSD=X,5.792447566986084
2025-03-27,EURUSD=X,7.784420490264893
2025-03-28,EURUSD=X,4.053441524505615
2025-03-31,EURUSD=X,0.0044321333989501
2025-04-01,EURUSD=X,5.606482028961182
2025-04-02,EURUSD=X,8.80531120300293
2025-04-03,EURUSD=X,3.5609257221221924
2025-04-04,EURUSD=X,6.048915386199951
2025-04-07,EURUSD=X,0.503795325756073
2025-04-08,EURUSD=X,8.115504264831543
2025-04-09,EURUSD=X,5.361325263977051
2025-04-10,EURUSD=X,4.769835472106934
2025-04-11,EURUSD=X,0.6235317587852478
2025-04-14,EURUSD=X,9.576249122619629
2025-04-15,EURUSD=X,10.915332794189453
2025-04-16,EURUSD=X,3.2213306427001953
2025-04-17,EURUSD=X,4.804133415222168
2025-04-22,EURUSD=X,5.216451644897461
2025-04-23,EURUSD=X,7.698379993438721
2025-04-24,EURUSD=X,8.205589294433594
2025-04-25,EURUSD=X,6.601502895355225
2025-04-28,EURUSD=X,5.835262298583984
2025-04-29,EURUSD=X,0.8571573495864868
2025-04-30,EURUSD=X,3.0420174598693848
2025-05-01,EURUSD=X,2.5158309936523438
2025-05-02,EURUSD=X,6.929359436035156
2025-05-05,EURUSD=X,4.292184352874756
2025-05-06,EURUSD=X,4.067442417144775
2025-05-07,EURUSD=X,5.516669750213623
2025-05-08,EURUSD=X,4.692529201507568
2025-05-09,EURUSD=X,10.339570999145508
2025-05-12,EURUSD=X,8.882006645202637
2025-05-13,EURUSD=X,7.229927062988281
2025-05-14,EURUSD=X,-1.9820811748504639
2025-05-15,EURUSD=X,0.01760895922780037
2025-05-16,EURUSD=X,-0.3252224326133728
2025-05-19,EURUSD=X,-1.467229962348938
2025-05-20,EURUSD=X,1.8515933752059937
2025-05-21,EURUSD=X,2.394218683242798
2025-05-22,EURUSD=X,1.0535036325454712
2025-05-23,EURUSD=X,4.883459091186523
2025-05-26,EURUSD=X,5.195990085601807
2025-05-27,EURUSD=X,1.9434027671813965
2025-05-28,EURUSD=X,9.094695091247559
2025-05-29,EURUSD=X,7.910282135009766
2025-05-30,EURUSD=X,7.25382137298584
2025-06-02,EURUSD=X,3.809987783432007
2025-06-03,EURUSD=X,8.829004287719727
2025-06-04,EURUSD=X,5.3753228187561035
2025-06-05,EURUSD=X,4.971623420715332
2025-06-06,EURUSD=X,8.077264785766602
2025-06-09,EURUSD=X,5.405823707580566
2025-06-10,EURUSD=X,7.834748268127441
2025-06-11,EURUSD=X,6.143558979034424
2025-06-12,EURUSD=X,2.791306257247925
2025-06-13,EURUSD=X,-0.4034796953201294
2025-06-16,EURUSD=X,2.7763657569885254
2025-06-17,EURUSD=X,6.633848190307617
2025-06-18,EURUSD=X,8.934818267822266
2025-06-19,EURUSD=X,1.2425026893615723
2025-06-20,EURUSD=X,6.446592330932617
2025-06-23,EURUSD=X,2.027130603790283
2025-06-24,EURUSD=X,-1.5707826614379883
2025-06-25,EURUSD=X,-0.20366822183132172
2025-06-26,EURUSD=X,4.011393070220947
2025-06-27,EURUSD=X,-3.077446460723877
2025-02-26,NVDA,0.06422670185565948
2025-02-27,NVDA,-0.35634568333625793
2025-02-28,NVDA,0.3924461901187897
2025-03-03,NVDA,-0.18947334587574005
2025-03-04,NVDA,-0.1531432420015335
2025-03-05,NVDA,-0.21893812716007233
2025-03-06,NVDA,0.2733132243156433
2025-03-07,NVDA,0.042162276804447174
2025-03-10,NVDA,0.6531550884246826
2025-03-11,NVDA,0.5301435589790344
2025-03-12,NVDA,0.2941911220550537
2025-03-13,NVDA,0.6246044635772705
2025-03-14,NVDA,-0.28455889225006104
2025-03-17,NVDA,-0.5471110939979553
2025-03-18,NVDA,0.7494524717330933
2025-03-19,NVDA,0.40043532848358154
2025-03-20,NVDA,0.3117664158344269
2025-03-21,NVDA,0.07921581715345383
2025-03-24,NVDA,0.6884956955909729
2025-03-25,NVDA,0.68788743019104
2025-03-26,NVDA,0.946444034576416
2025-03-27,NVDA,0.11452019214630127
2025-03-28,NVDA,1.3860751390457153
2025-03-31,NVDA,0.9280744194984436
2025-04-01,NVDA,0.5732119083404541
2025-04-02,NVDA,0.031233351677656174
2025-04-03,NVDA,0.5075551867485046
2025-04-04,NVDA,0.4457324743270874
2025-04-07,NVDA,0.5895234942436218
2025-04-08,NVDA,0.7469892501831055
2025-04-09,NVDA,0.3948901891708374
2025-04-10,NVDA,0.44193869829177856
2025-04-11,NVDA,-0.44457322359085083
2025-04-14,NVDA,-0.0025247312150895596
2025-04-15,NVDA,0.5975459814071655
2025-04-16,NVDA,-0.2959403097629547
2025-04-17,NVDA,-0.022305337712168694
2025-04-21,NVDA,-0.14435863494873047
2025-04-22,NVDA,0.863724946975708
2025-04-23,NVDA,0.3186698853969574
2025-04-24,NVDA,0.3723982572555542
2025-04-25,NVDA,-0.05961119756102562
2025-04-28,NVDA,0.02840990014374256
2025-04-29,NVDA,0.5046716332435608
2025-04-30,NVDA,0.08779063820838928
2025-05-01,NVDA,0.48706015944480896
2025-05-02,NVDA,1.3891417980194092
2025-05-05,NVDA,1.1718010902404785
2025-05-06,NVDA,0.5590828061103821
2025-05-07,NVDA,0.6337879300117493
2025-05-08,NVDA,0.1911730170249939
2025-05-09,NVDA,0.14535929262638092
2025-05-12,NVDA,0.34483471512794495
2025-05-13,NVDA,-0.05172520503401756
2025-05-14,NVDA,-0.07198328524827957
2025-05-15,NVDA,0.41681063175201416
2025-05-16,NVDA,0.18716973066329956
2025-05-19,NVDA,-0.052341122180223465
2025-05-20,NVDA,0.48695385456085205
2025-05-21,NVDA,0.33873650431632996
2025-05-22,NVDA,0.5623918175697327
2025-05-23,NVDA,0.07442104816436768
2025-05-27,NVDA,-0.28611838817596436
2025-05-28,NVDA,0.18898409605026245
2025-05-29,NVDA,0.5663372874259949
2025-05-30,NVDA,0.5315463542938232
2025-06-02,NVDA,1.0314757823944092
2025-06-03,NVDA,0.5699338316917419
2025-06-04,NVDA,-0.1272006332874298
2025-06-05,NVDA,0.022406283766031265
2025-06-06,NVDA,0.5552639961242676
2025-06-09,NVDA,0.4148290753364563
2025-06-10,NVDA,0.22779014706611633
2025-06-11,NVDA,0.916930615901947
2025-06-12,NVDA,1.1741944551467896
2025-06-13,NVDA,0.9188307523727417
2025-06-16,NVDA,1.2006232738494873
2025-06-17,NVDA,0.21328218281269073
2025-06-18,NVDA,0.13105075061321259
2025-06-20,NVDA,0.3152504861354828
2025-06-23,NVDA,0.15425361692905426
2025-06-24,NVDA,0.09308983385562897
2025-06-25,NVDA,-0.2190053015947342
2025-06-26,NVDA,0.5926464200019836
2025-06-27,NVDA,0.4905484616756439
2025-02-26,AAPL,3.383458137512207
2025-02-27,AAPL,3.5764033794403076
2025-02-28,AAPL,2.6346330642700195
2025-03-03,AAPL,-1.4520341157913208
2025-03-04,AAPL,0.6091601848602295
2025-03-05,AAPL,3.6111886501312256
2025-03-06,AAPL,-1.060245394706726
2025-03-07,AAPL,-0.06605350226163864
2025-03-10,AAPL,-0.05508474260568619
2025-03-11,AAPL,0.27537626028060913
2025-03-12,AAPL,-0.4818272292613983
2025-03-13,AAPL,1.7548813819885254
2025-03-14,AAPL,0.13799934089183807
2025-03-17,AAPL,0.39835119247436523
2025-03-18,AAPL,0.7980383634567261
2025-03-19,AAPL,0.2816743850708008
2025-03-20,AAPL,1.1816487312316895
2025-03-21,AAPL,0.866326093673706
2025-03-24,AAPL,0.8238555788993835
2025-03-25,AAPL,0.7968318462371826
2025-03-26,AAPL,-0.716746985912323
2025-03-27,AAPL,0.6323307156562805
2025-03-28,AAPL,0.989844560623169
2025-03-31,AAPL,1.023172378540039
2025-04-01,AAPL,1.0471277236938477
2025-04-02,AAPL,2.53346586227417
2025-04-03,AAPL,1.5913918018341064
2025-04-04,AAPL,0.38573265075683594
2025-04-07,AAPL,2.579833984375
2025-04-08,AAPL,1.346906304359436
2025-04-09,AAPL,-0.010876926593482494
2025-04-10,AAPL,2.1446452140808105
2025-04-11,AAPL,0.7331399917602539
2025-04-14,AAPL,0.7949568629264832
2025-04-15,AAPL,-0.002904204884544015
2025-04-16,AAPL,1.0149368047714233
2025-04-17,AAPL,-0.1318245530128479
2025-04-21,AAPL,-0.05844709649682045
2025-04-22,AAPL,0.07074152678251266
2025-04-23,AAPL,0.014581766910851002
2025-04-24,AAPL,0.6646397709846497
2025-04-25,AAPL,0.624659538269043
2025-04-28,AAPL,-0.07834646105766296
2025-04-29,AAPL,1.2972086668014526
2025-04-30,AAPL,0.25849467515945435
2025-05-01,AAPL,0.7510520219802856
2025-05-02,AAPL,1.1810886859893799
2025-05-05,AAPL,1.967719554901123
2025-05-06,AAPL,1.3825727701187134
2025-05-07,AAPL,0.41886258125305176
2025-05-08,AAPL,-0.14032727479934692
2025-05-09,AAPL,-0.11466453969478607
2025-05-12,AAPL,-0.22338268160820007
2025-05-13,AAPL,-0.46784159541130066
2025-05-14,AAPL,-0.8646708130836487
2025-05-15,AAPL,0.638827919960022
2025-05-16,AAPL,0.5331227779388428
2025-05-19,AAPL,1.7376052141189575
2025-05-20,AAPL,2.1561453342437744
2025-05-21,AAPL,2.300039291381836
2025-05-22,AAPL,2.3180251121520996
2025-05-23,AAPL,1.1036289930343628
2025-05-27,AAPL,1.56291925907135
2025-05-28,AAPL,0.10481066256761551
2025-05-29,AAPL,0.39864835143089294
2025-05-30,AAPL,0.3705218434333801
2025-06-02,AAPL,0.27762964367866516
2025-06-03,AAPL,0.24582479894161224
2025-06-04,AAPL,0.1607806533575058
2025-06-05,AAPL,0.24262551963329315
2025-06-06,AAPL,0.23833146691322327
2025-06-09,AAPL,0.5880427360534668
2025-06-10,AAPL,1.0946815013885498
2025-06-11,AAPL,-0.4376341700553894
2025-06-12,AAPL,0.24672158062458038
2025-06-13,AAPL,-0.010515770874917507
2025-06-16,AAPL,0.34861060976982117
2025-06-17,AAPL,-0.19452767074108124
2025-06-18,AAPL,0.21241208910942078
2025-06-20,AAPL,0.0031423543114215136
2025-06-23,AAPL,1.519148588180542
2025-06-24,AAPL,-0.25982731580734253
2025-06-25,AAPL,0.6474426984786987
2025-06-26,AAPL,0.008062628097832203
2025-06-27,AAPL,1.9626437425613403
2025-02-26,GC=F,1.4447875022888184
2025-02-27,GC=F,0.765688955783844
2025-02-28,GC=F,1.0670353174209595
2025-03-03,GC=F,0.603952169418335
2025-03-04,GC=F,-1.0709854364395142
2025-03-05,GC=F,-0.6663095355033875
2025-03-06,GC=F,5.111202239990234
2025-03-07,GC=F,0.2665613293647766
2025-03-10,GC=F,-1.690894603729248
2025-03-11,GC=F,0.122308149933815
2025-03-12,GC=F,-0.2970801591873169
2025-03-13,GC=F,0.753782331943512
2025-03-14,GC=F,0.11615664511919022
2025-03-17,GC=F,1.2422784566879272
2025-03-18,GC=F,2.216578483581543
2025-03-19,GC=F,4.402249813079834
2025-03-20,GC=F,3.328537702560425
2025-03-21,GC=F,5.149358749389648
2025-03-24,GC=F,5.3089118003845215
2025-03-25,GC=F,4.975532054901123
2025-03-26,GC=F,3.8478307723999023
2025-03-27,GC=F,3.773845911026001
2025-03-28,GC=F,4.485137939453125
2025-03-31,GC=F,4.346380233764648
2025-04-01,GC=F,-0.5182163119316101
2025-04-02,GC=F,-2.152555465698242
2025-04-03,GC=F,-0.26589110493659973
2025-04-04,GC=F,0.993602991104126
2025-04-07,GC=F,1.384426236152649
2025-04-08,GC=F,1.2986698150634766
2025-04-09,GC=F,-0.9183211922645569
2025-04-10,GC=F,-0.1914271116256714
2025-04-11,GC=F,-0.3516845703125
2025-04-14,GC=F,0.6422062516212463
2025-04-15,GC=F,2.28179931640625
2025-04-16,GC=F,1.3363536596298218
2025-04-17,GC=F,0.9495589733123779
2025-04-21,GC=F,1.2792725563049316
2025-04-22,GC=F,1.0205280780792236
2025-04-23,GC=F,0.8294499516487122
2025-04-24,GC=F,3.7039096355438232
2025-04-25,GC=F,4.128232002258301
2025-04-28,GC=F,1.3212237358093262
2025-04-29,GC=F,3.2955145835876465
2025-04-30,GC=F,2.9886715412139893
2025-05-01,GC=F,1.544364333152771
2025-05-02,GC=F,-0.01028329599648714
2025-05-05,GC=F,-1.0096596479415894
2025-05-06,GC=F,-0.8106240034103394
2025-05-07,GC=F,-0.37322816252708435
2025-05-08,GC=F,1.4914486408233643
2025-05-09,GC=F,-0.752485454082489
2025-05-12,GC=F,0.4770708978176117
2025-05-13,GC=F,0.8765474557876587
2025-05-14,GC=F,0.27347904443740845
2025-05-15,GC=F,-0.2530271112918854
2025-05-16,GC=F,0.6554461717605591
2025-05-19,GC=F,1.3109079599380493
2025-05-20,GC=F,1.4645185470581055
2025-05-21,GC=F,1.4420175552368164
2025-05-22,GC=F,-1.7053800821304321
2025-05-23,GC=F,0.8012096881866455
2025-05-27,GC=F,0.7393437623977661
2025-05-28,GC=F,3.144191265106201
2025-05-29,GC=F,1.0602648258209229
2025-05-30,GC=F,1.223425030708313
2025-06-02,GC=F,3.441028356552124
2025-06-03,GC=F,0.03627374768257141
2025-06-04,GC=F,3.3271572589874268
2025-06-05,GC=F,1.1288681030273438
2025-06-06,GC=F,3.0060136318206787
2025-06-09,GC=F,4.391756057739258
2025-06-10,GC=F,3.3890702724456787
2025-06-11,GC=F,2.6425528526306152
2025-06-12,GC=F,0.37200653553009033
2025-06-13,GC=F,-0.662030041217804
2025-06-16,GC=F,-0.44868752360343933
2025-06-17,GC=F,-0.29136887192726135
2025-06-18,GC=F,0.9524223804473877
2025-06-20,GC=F,1.7946147918701172
2025-06-23,GC=F,0.6738028526306152
2025-06-24,GC=F,0.2644936144351959
2025-06-25,GC=F,1.2919551134109497
2025-06-26,GC=F,-0.13121573626995087
2025-06-27,GC=F,0.5694078803062439
2025-02-25,GBPUSD=X,8.924044609069824
2025-02-26,GBPUSD=X,7.506625175476074
2025-02-27,GBPUSD=X,1.7460875511169434
2025-02-28,GBPUSD=X,5.763456344604492
2025-03-03,GBPUSD=X,10.391716957092285
2025-03-04,GBPUSD=X,0.882453978061676
2025-03-05,GBPUSD=X,-1.7274675369262695
2025-03-06,GBPUSD=X,0.37926414608955383
2025-03-07,GBPUSD=X,1.6285141706466675
2025-03-10,GBPUSD=X,-1.4670593738555908
2025-03-11,GBPUSD=X,7.495833873748779
2025-03-12,GBPUSD=X,8.398855209350586
2025-03-13,GBPUSD=X,9.299233436584473
2025-03-14,GBPUSD=X,6.099254131317139
2025-03-17,GBPUSD=X,6.612913131713867
2025-03-18,GBPUSD=X,8.364277839660645
2025-03-19,GBPUSD=X,1.772558331489563
2025-03-20,GBPUSD=X,1.6868313550949097
2025-03-21,GBPUSD=X,7.7004804611206055
2025-03-24,GBPUSD=X,7.350807189941406
2025-03-25,GBPUSD=X,8.815020561218262
2025-03-26,GBPUSD=X,4.395379066467285
2025-03-27,GBPUSD=X,4.345576763153076
2025-03-28,GBPUSD=X,7.695990562438965
2025-03-31,GBPUSD=X,-1.506712794303894
2025-04-01,GBPUSD=X,8.35257339477539
2025-04-02,GBPUSD=X,2.6680777072906494
2025-04-03,GBPUSD=X,4.7534027099609375
2025-04-04,GBPUSD=X,5.6526713371276855
2025-04-07,GBPUSD=X,5.205393314361572
2025-04-08,GBPUSD=X,4.842422008514404
2025-04-09,GBPUSD=X,11.604446411132812
2025-04-10,GBPUSD=X,-0.2723313868045807
2025-04-11,GBPUSD=X,0.10820034146308899
2025-04-14,GBPUSD=X,4.9629693031311035
2025-04-15,GBPUSD=X,0.7140017151832581
2025-04-16,GBPUSD=X,1.5209450721740723
2025-04-17,GBPUSD=X,-0.9231809973716736
2025-04-22,GBPUSD=X,6.428836822509766
2025-04-23,GBPUSD=X,6.804498195648193
2025-04-24,GBPUSD=X,2.62399959564209
2025-04-25,GBPUSD=X,0.7176400423049927
2025-04-28,GBPUSD=X,3.384168863296509
2025-04-29,GBPUSD=X,1.925793170928955
2025-04-30,GBPUSD=X,3.7513694763183594
2025-05-01,GBPUSD=X,10.22828483581543
2025-05-02,GBPUSD=X,10.980708122253418
2025-05-05,GBPUSD=X,3.0889225006103516
2025-05-06,GBPUSD=X,-0.12085122615098953
2025-05-07,GBPUSD=X,0.12955579161643982
2025-05-08,GBPUSD=X,0.16705778241157532
2025-05-09,GBPUSD=X,6.705976963043213
2025-05-12,GBPUSD=X,8.454207420349121
2025-05-13,GBPUSD=X,6.595147132873535
2025-05-14,GBPUSD=X,6.450039863586426
2025-05-15,GBPUSD=X,0.23337812721729279
2025-05-16,GBPUSD=X,2.8487601280212402
2025-05-19,GBPUSD=X,7.053843021392822
2025-05-20,GBPUSD=X,4.901834487915039
2025-05-21,GBPUSD=X,1.6297301054000854
2025-05-22,GBPUSD=X,3.909182071685791
2025-05-23,GBPUSD=X,3.3627777099609375
2025-05-26,GBPUSD=X,2.301441192626953
2025-05-27,GBPUSD=X,5.2843403816223145
2025-05-28,GBPUSD=X,9.353203773498535
2025-05-29,GBPUSD=X,10.597580909729004
2025-05-30,GBPUSD=X,3.347461223602295
2025-06-02,GBPUSD=X,7.819933891296387
2025-06-03,GBPUSD=X,4.921776294708252
2025-06-04,GBPUSD=X,6.3726630210876465
2025-06-05,GBPUSD=X,7.650002956390381
2025-06-06,GBPUSD=X,3.757810592651367
2025-06-09,GBPUSD=X,0.742980420589447
2025-06-10,GBPUSD=X,5.878750801086426
2025-06-11,GBPUSD=X,6.503087520599365
2025-06-12,GBPUSD=X,2.9169797897338867
2025-06-13,GBPUSD=X,-1.210010290145874
2025-06-16,GBPUSD=X,-1.000359058380127
2025-06-17,GBPUSD=X,7.639975547790527
2025-06-18,GBPUSD=X,6.060226917266846
2025-06-19,GBPUSD=X,2.8276546001434326
2025-06-20,GBPUSD=X,-1.2792853116989136
2025-06-23,GBPUSD=X,-1.0853930711746216
2025-06-24,GBPUSD=X,0.37423598766326904
2025-06-25,GBPUSD=X,-2.290459156036377
2025-06-26,GBPUSD=X,-4.90339994430542
2025-06-27,GBPUSD=X,0.07976585626602173
2025-02-26,GOOGL,1.7128419876098633
2025-02-27,GOOGL,0.7572890520095825
2025-02-28,GOOGL,2.0965945720672607
2025-03-03,GOOGL,1.0302658081054688
2025-03-04,GOOGL,0.8185655474662781
2025-03-05,GOOGL,1.176259160041809
2025-03-06,GOOGL,0.9727528691291809
2025-03-07,GOOGL,-0.9465824961662292
2025-03-10,GOOGL,1.7192097902297974
2025-03-11,GOOGL,2.536792516708374
2025-03-12,GOOGL,2.552597999572754
2025-03-13,GOOGL,2.2003767490386963
2025-03-14,GOOGL,1.2847880125045776
2025-03-17,GOOGL,1.177336573600769
2025-03-18,GOOGL,1.4520963430404663
2025-03-19,GOOGL,0.43310925364494324
2025-03-20,GOOGL,1.2744841575622559
2025-03-21,GOOGL,0.15480981767177582
2025-03-24,GOOGL,0.17023417353630066
2025-03-25,GOOGL,1.2230744361877441
2025-03-26,GOOGL,-0.8328453898429871
2025-03-27,GOOGL,1.603939175605774
2025-03-28,GOOGL,-0.29104310274124146
2025-03-31,GOOGL,3.005692720413208
2025-04-01,GOOGL,0.5492940545082092
2025-04-02,GOOGL,0.3502984344959259
2025-04-03,GOOGL,0.7675507664680481
2025-04-04,GOOGL,0.543098509311676
2025-04-07,GOOGL,1.0886214971542358
2025-04-08,GOOGL,0.8699303865432739
2025-04-09,GOOGL,0.39172306656837463
2025-04-10,GOOGL,1.1268482208251953
2025-04-11,GOOGL,-0.8197479248046875
2025-04-14,GOOGL,0.031369492411613464
2025-04-15,GOOGL,-0.6482845544815063
2025-04-16,GOOGL,-0.9443122148513794
2025-04-17,GOOGL,-0.21586741507053375
2025-04-21,GOOGL,0.8115460276603699
2025-04-22,GOOGL,1.7351279258728027
2025-04-23,GOOGL,0.33957526087760925
2025-04-24,GOOGL,0.28096234798431396
2025-04-25,GOOGL,0.7257263660430908
2025-04-28,GOOGL,0.9206212759017944
2025-04-29,GOOGL,2.0361270904541016
2025-04-30,GOOGL,1.1391139030456543
2025-05-01,GOOGL,1.808469533920288
2025-05-02,GOOGL,0.8874486088752747
2025-05-05,GOOGL,1.585471510887146
2025-05-06,GOOGL,1.886963129043579
2025-05-07,GOOGL,2.5554633140563965
2025-05-08,GOOGL,2.5652034282684326
2025-05-09,GOOGL,1.8348488807678223
2025-05-12,GOOGL,0.7774566411972046
2025-05-13,GOOGL,2.324462413787842
2025-05-14,GOOGL,-0.11449255049228668
2025-05-15,GOOGL,-0.17355015873908997
2025-05-16,GOOGL,0.6911605596542358
2025-05-19,GOOGL,-2.2827913761138916
2025-05-20,GOOGL,-0.9751270413398743
2025-05-21,GOOGL,0.4336181581020355
2025-05-22,GOOGL,1.0157911777496338
2025-05-23,GOOGL,0.8626433610916138
2025-05-27,GOOGL,2.551744222640991
2025-05-28,GOOGL,2.2711946964263916
2025-05-29,GOOGL,1.911136507987976
2025-05-30,GOOGL,2.6070494651794434
2025-06-02,GOOGL,1.9155149459838867
2025-06-03,GOOGL,1.4367454051971436
2025-06-04,GOOGL,0.6043054461479187
2025-06-05,GOOGL,-0.0445161834359169
2025-06-06,GOOGL,-0.035252150148153305
2025-06-09,GOOGL,1.1209648847579956
2025-06-10,GOOGL,1.283508062362671
2025-06-11,GOOGL,0.2016717493534088
2025-06-12,GOOGL,0.8416953682899475
2025-06-13,GOOGL,1.7350138425827026
2025-06-16,GOOGL,2.203566074371338
2025-06-17,GOOGL,0.32532644271850586
2025-06-18,GOOGL,1.5245084762573242
2025-06-20,GOOGL,2.6899423599243164
2025-06-23,GOOGL,2.572997808456421
2025-06-24,GOOGL,-0.2865421175956726
2025-06-25,GOOGL,0.04473775997757912
2025-06-26,GOOGL,-0.17236176133155823
2025-06-27,GOOGL,-0.8510327339172363
2025-02-25,USDJPY=X,3.868861436843872
2025-02-26,USDJPY=X,2.0187413692474365
2025-02-27,USDJPY=X,4.2443108558654785
2025-02-28,USDJPY=X,4.7821269035339355
2025-03-03,USDJPY=X,4.716113567352295
2025-03-04,USDJPY=X,1.0333579778671265
2025-03-05,USDJPY=X,-0.07991532236337662
2025-03-06,USDJPY=X,2.23716139793396
2025-03-07,USDJPY=X,4.246572494506836
2025-03-10,USDJPY=X,2.6886043548583984
2025-03-11,USDJPY=X,6.260206699371338
2025-03-12,USDJPY=X,1.983730435371399
2025-03-13,USDJPY=X,3.2469518184661865
2025-03-14,USDJPY=X,-0.8184819221496582
2025-03-17,USDJPY=X,-0.7012239694595337
2025-03-18,USDJPY=X,2.436378002166748
2025-03-19,USDJPY=X,0.729581356048584
2025-03-20,USDJPY=X,1.496082067489624
2025-03-21,USDJPY=X,5.77427864074707
2025-03-24,USDJPY=X,-0.8675685524940491
2025-03-25,USDJPY=X,8.712571144104004
2025-03-26,USDJPY=X,-0.6722398400306702
2025-03-27,USDJPY=X,6.603771686553955
2025-03-28,USDJPY=X,1.294235348701477
2025-03-31,USDJPY=X,5.935772895812988
2025-04-01,USDJPY=X,8.75385856628418
2025-04-02,USDJPY=X,8.595885276794434
2025-04-03,USDJPY=X,7.816268444061279
2025-04-04,USDJPY=X,9.060916900634766
2025-04-07,USDJPY=X,8.693587303161621
2025-04-08,USDJPY=X,1.6660850048065186
2025-04-09,USDJPY=X,5.077192783355713
2025-04-10,USDJPY=X,-0.3754153549671173
2025-04-11,USDJPY=X,0.5892626047134399
2025-04-14,USDJPY=X,1.1826854944229126
2025-04-15,USDJPY=X,-0.31496718525886536
2025-04-16,USDJPY=X,0.8195473551750183
2025-04-17,USDJPY=X,0.1393449604511261
2025-04-22,USDJPY=X,1.9681544303894043
2025-04-23,USDJPY=X,2.689044952392578
2025-04-24,USDJPY=X,2.720268964767456
2025-04-25,USDJPY=X,1.4847460985183716
2025-04-28,USDJPY=X,-0.4943241775035858
2025-04-29,USDJPY=X,1.394854187965393
2025-04-30,USDJPY=X,2.1890757083892822
2025-05-01,USDJPY=X,0.7729495167732239
2025-05-02,USDJPY=X,3.2401702404022217
2025-05-05,USDJPY=X,2.703087329864502
2025-05-06,USDJPY=X,2.701212167739868
2025-05-07,USDJPY=X,0.7856594324111938
2025-05-08,USDJPY=X,-0.6107078790664673
2025-05-09,USDJPY=X,8.34376049041748
2025-05-12,USDJPY=X,2.967164993286133
2025-05-13,USDJPY=X,3.2127692699432373
2025-05-14,USDJPY=X,4.116092681884766
2025-05-15,USDJPY=X,3.475513219833374
2025-05-16,USDJPY=X,5.911846160888672
2025-05-19,USDJPY=X,4.937744140625
2025-05-20,USDJPY=X,4.643309593200684
2025-05-21,USDJPY=X,5.111800193786621
2025-05-22,USDJPY=X,4.9246954917907715
2025-05-23,USDJPY=X,4.351411819458008
2025-05-26,USDJPY=X,4.384713649749756
2025-05-27,USDJPY=X,3.9192283153533936
2025-05-28,USDJPY=X,-0.028574049472808838
2025-05-29,USDJPY=X,0.6411774754524231
2025-05-30,USDJPY=X,-0.9392625689506531
2025-06-02,USDJPY=X,0.24475935101509094
2025-06-03,USDJPY=X,-0.6029513478279114
2025-06-04,USDJPY=X,2.1601641178131104
2025-06-05,USDJPY=X,4.558347702026367
2025-06-06,USDJPY=X,0.7436553239822388
2025-06-09,USDJPY=X,-1.1022754907608032
2025-06-10,USDJPY=X,5.442180156707764
2025-06-11,USDJPY=X,-1.151422381401062
2025-06-12,USDJPY=X,1.9661239385604858
2025-06-13,USDJPY=X,2.4586374759674072
2025-06-16,USDJPY=X,-0.64048171043396
2025-06-17,USDJPY=X,2.4735021591186523
2025-06-18,USDJPY=X,5.428786754608154
2025-06-19,USDJPY=X,-0.4084509015083313
2025-06-20,USDJPY=X,3.9106738567352295
2025-06-23,USDJPY=X,-0.3757933974266052
2025-06-24,USDJPY=X,0.9282636046409607
2025-06-25,USDJPY=X,8.530326843261719
2025-06-26,USDJPY=X,6.2422966957092285
2025-06-27,USDJPY=X,6.878516674041748
2025-02-26,META,-0.32470324635505676
2025-02-27,META,0.15072664618492126
2025-02-28,META,0.3084354102611542
2025-03-03,META,-0.05680258199572563
2025-03-04,META,0.4395510256290436
2025-03-05,META,0.6614880561828613
2025-03-06,META,1.1456531286239624
2025-03-07,META,0.791979193687439
2025-03-10,META,1.1442980766296387
2025-03-11,META,1.3442225456237793
2025-03-12,META,1.2038136720657349
2025-03-13,META,0.9382066130638123
2025-03-14,META,0.16493666172027588
2025-03-17,META,0.8996829390525818
2025-03-18,META,1.1970036029815674
2025-03-19,META,0.30001309514045715
2025-03-20,META,0.888187825679779
2025-03-21,META,0.8980914950370789
2025-03-24,META,0.5634029507637024
2025-03-25,META,-0.662712812423706
2025-03-26,META,-1.7878072261810303
2025-03-27,META,0.10719692707061768
2025-03-28,META,-0.33928632736206055
2025-03-31,META,1.0393657684326172
2025-04-01,META,-0.15212677419185638
2025-04-02,META,-0.06166543811559677
2025-04-03,META,0.13158582150936127
2025-04-04,META,0.4731563627719879
2025-04-07,META,-0.3999501168727875
2025-04-08,META,1.321347713470459
2025-04-09,META,-0.28510069847106934
2025-04-10,META,0.39261168241500854
2025-04-11,META,-0.6411542296409607
2025-04-14,META,0.08942534029483795
2025-04-15,META,0.026287725195288658
2025-04-16,META,-0.23847763240337372
2025-04-17,META,0.22765375673770905
2025-04-21,META,0.3848324418067932
2025-04-22,META,0.709703266620636
2025-04-23,META,0.36695244908332825
2025-04-24,META,0.6453383564949036
2025-04-25,META,-0.9607588648796082
2025-04-28,META,-0.6406171917915344
2025-04-29,META,0.22599618136882782
2025-04-30,META,0.7631810903549194
2025-05-01,META,-0.4679113030433655
2025-05-02,META,1.4219542741775513
2025-05-05,META,1.4237773418426514
2025-05-06,META,0.6833969950675964
2025-05-07,META,1.3742669820785522
2025-05-08,META,0.43459415435791016
2025-05-09,META,0.18213224411010742
2025-05-12,META,0.6510566473007202
2025-05-13,META,0.06583172082901001
2025-05-14,META,0.09090835601091385
2025-05-15,META,0.8568946123123169
2025-05-16,META,0.2951839566230774
2025-05-19,META,0.40282583236694336
2025-05-20,META,0.7475665211677551
2025-05-21,META,0.6691444516181946
2025-05-22,META,1.4268229007720947
2025-05-23,META,1.165971279144287
2025-05-27,META,0.8385251760482788
2025-05-28,META,1.2111937999725342
2025-05-29,META,1.148872971534729
2025-05-30,META,0.9335489869117737
2025-06-02,META,1.127189040184021
2025-06-03,META,0.9179486036300659
2025-06-04,META,1.460179328918457
2025-06-05,META,0.024994216859340668
2025-06-06,META,1.4262348413467407
2025-06-09,META,1.875870943069458
2025-06-10,META,0.42960312962532043
2025-06-11,META,0.07016105949878693
2025-06-12,META,0.23222339153289795
2025-06-13,META,0.432902067899704
2025-06-16,META,0.16756930947303772
2025-06-17,META,-0.17958351969718933
2025-06-18,META,-0.011605489999055862
2025-06-20,META,0.5431475639343262
2025-06-23,META,0.23166027665138245
2025-06-24,META,-0.27508345246315
2025-06-25,META,-0.05362473428249359
2025-06-26,META,-0.3285256028175354
2025-06-27,META,-0.9652945399284363
2025-02-26,AMZN,1.4779289960861206
2025-02-27,AMZN,1.5161136388778687
2025-02-28,AMZN,1.7661765813827515
2025-03-03,AMZN,2.29829478263855
2025-03-04,AMZN,1.1927913427352905
2025-03-05,AMZN,1.238235354423523
2025-03-06,AMZN,2.335808753967285
2025-03-07,AMZN,1.5124708414077759
2025-03-10,AMZN,1.6657589673995972
2025-03-11,AMZN,1.9014917612075806
2025-03-12,AMZN,0.8640604615211487
2025-03-13,AMZN,1.5036609172821045
2025-03-14,AMZN,0.4453607201576233
2025-03-17,AMZN,1.7654998302459717
2025-03-18,AMZN,2.311302423477173
2025-03-19,AMZN,0.16475002467632294
2025-03-20,AMZN,1.7768315076828003
2025-03-21,AMZN,0.7920920848846436
2025-03-24,AMZN,0.20023274421691895
2025-03-25,AMZN,0.07168042659759521
2025-03-26,AMZN,-1.6134623289108276
2025-03-27,AMZN,1.5030933618545532
2025-03-28,AMZN,-0.2696663737297058
2025-03-31,AMZN,2.7269513607025146
2025-04-01,AMZN,1.346959114074707
2025-04-02,AMZN,0.8182559013366699
2025-04-03,AMZN,0.9013208746910095
2025-04-04,AMZN,0.99772709608078
2025-04-07,AMZN,0.09550385922193527
2025-04-08,AMZN,1.0795170068740845
2025-04-09,AMZN,0.1887529194355011
2025-04-10,AMZN,-0.07466661930084229
2025-04-11,AMZN,-0.9055588245391846
2025-04-14,AMZN,-0.25122353434562683
2025-04-15,AMZN,0.08239825814962387
2025-04-16,AMZN,0.11298105865716934
2025-04-17,AMZN,-0.030404118821024895
2025-04-21,AMZN,0.14943471550941467
2025-04-22,AMZN,0.3548716902732849
2025-04-23,AMZN,0.3217141032218933
2025-04-24,AMZN,0.7102586627006531
2025-04-25,AMZN,-0.4583357870578766
2025-04-28,AMZN,0.878591775894165
2025-04-29,AMZN,1.3858436346054077
2025-04-30,AMZN,0.0861450657248497
2025-05-01,AMZN,1.407339334487915
2025-05-02,AMZN,1.2864943742752075
2025-05-05,AMZN,2.0788261890411377
2025-05-06,AMZN,1.5554641485214233
2025-05-07,AMZN,1.772568702697754
2025-05-08,AMZN,0.4697469472885132
2025-05-09,AMZN,2.2949485778808594
2025-05-12,AMZN,1.00864839553833
2025-05-13,AMZN,-0.07285021990537643
2025-05-14,AMZN,0.8760439157485962
2025-05-15,AMZN,-0.19393715262413025
2025-05-16,AMZN,1.4047199487686157
2025-05-19,AMZN,0.5038296580314636
2025-05-20,AMZN,0.6874617338180542
2025-05-21,AMZN,1.0058573484420776
2025-05-22,AMZN,1.379430890083313
2025-05-23,AMZN,0.30532553791999817
2025-05-27,AMZN,-0.12798626720905304
2025-05-28,AMZN,0.30809542536735535
2025-05-29,AMZN,0.20406417548656464
2025-05-30,AMZN,0.8102225065231323
2025-06-02,AMZN,1.3883386850357056
2025-06-03,AMZN,1.0020251274108887
2025-06-04,AMZN,0.8393964767456055
2025-06-05,AMZN,0.5206359028816223
2025-06-06,AMZN,1.8807779550552368
2025-06-09,AMZN,1.0552741289138794
2025-06-10,AMZN,0.37860843539237976
2025-06-11,AMZN,0.3617037236690521
2025-06-12,AMZN,0.7773484587669373
2025-06-13,AMZN,0.0031675449572503567
2025-06-16,AMZN,0.5469439625740051
2025-06-17,AMZN,0.11348649114370346
2025-06-18,AMZN,1.3160308599472046
2025-06-20,AMZN,1.6695492267608643
2025-06-23,AMZN,0.10463065654039383
2025-06-24,AMZN,-0.1704418957233429
2025-06-25,AMZN,-0.42873504757881165
2025-06-26,AMZN,-0.31527355313301086
2025-06-27,AMZN,2.0131967067718506
2025-07-23,USDJPY=X,1.859920620918274
2025-07-24,USDJPY=X,2.3180668354034424
2025-07-25,USDJPY=X,3.9660820960998535
2025-07-28,USDJPY=X,-0.590817391872406
2025-07-29,USDJPY=X,-0.35392293334007263
2025-07-30,USDJPY=X,-0.0002708701358642429
2025-07-31,USDJPY=X,-2.0260047912597656
2025-08-01,USDJPY=X,0.356253981590271
2025-08-04,USDJPY=X,4.254800319671631
2025-08-05,USDJPY=X,3.6901304721832275
2025-08-06,USDJPY=X,4.048540115356445
2025-08-07,USDJPY=X,0.5420846343040466
2025-08-08,USDJPY=X,-1.0688890218734741
2025-08-11,USDJPY=X,-1.8824822902679443
2025-08-12,USDJPY=X,0.747742772102356
2025-08-13,USDJPY=X,-2.8227524757385254
2025-08-14,USDJPY=X,-0.6798673272132874
2025-08-15,USDJPY=X,0.8048064112663269
2025-08-18,USDJPY=X,2.4116570949554443
2025-08-19,USDJPY=X,2.871023416519165
2025-08-20,USDJPY=X,0.5540291666984558
2025-08-21,USDJPY=X,3.4533562660217285
2025-08-22,USDJPY=X,2.1929547786712646
2025-08-25,USDJPY=X,-7.3515706062316895
2025-08-26,USDJPY=X,3.3556113243103027
2025-08-27,USDJPY=X,0.006710568442940712
2025-08-28,USDJPY=X,5.032584190368652
2025-08-29,USDJPY=X,-7.69952392578125
2025-09-01,USDJPY=X,-4.769308567047119
2025-09-02,USDJPY=X,-1.8490101099014282
2025-09-03,USDJPY=X,1.4039353132247925
2025-09-04,USDJPY=X,-4.821405410766602
2025-09-05,USDJPY=X,2.720473051071167
2025-09-08,USDJPY=X,2.7459557056427
2025-09-09,USDJPY=X,3.3234658241271973
2025-09-10,USDJPY=X,5.85273551940918
2025-09-11,USDJPY=X,1.7214632034301758
2025-09-12,USDJPY=X,0.1524721086025238
2025-09-15,USDJPY=X,-4.661921977996826
2025-09-16,USDJPY=X,-2.241492509841919
2025-09-17,USDJPY=X,-3.3304524421691895
2025-09-18,USDJPY=X,-1.8367736339569092
2025-09-19,USDJPY=X,-1.31778085231781
2025-09-22,USDJPY=X,4.986330986022949
2025-09-23,USDJPY=X,1.3327040672302246
2025-09-24,USDJPY=X,7.620580673217773
2025-09-25,USDJPY=X,2.517716407775879
2025-09-26,USDJPY=X,-1.5098702907562256
2025-09-29,USDJPY=X,-5.596939563751221
2025-09-30,USDJPY=X,2.7996788024902344
2025-10-01,USDJPY=X,2.505377769470215
2025-10-02,USDJPY=X,5.784116268157959
2025-10-03,USDJPY=X,6.48810338973999
2025-10-06,USDJPY=X,2.371187210083008
2025-10-07,USDJPY=X,-0.8845378756523132
2025-10-08,USDJPY=X,3.1609914302825928
2025-10-09,USDJPY=X,2.5429165363311768
2025-10-10,USDJPY=X,0.7097927331924438
2025-10-13,USDJPY=X,3.7468948364257812
2025-10-14,USDJPY=X,1.845941424369812
2025-10-15,USDJPY=X,0.3526252806186676
2025-10-16,USDJPY=X,2.0128695964813232
2025-10-17,USDJPY=X,2.6902315616607666
2025-10-20,USDJPY=X,3.067363977432251
2025-10-21,USDJPY=X,1.031455159187317
2025-10-22,USDJPY=X,1.4132959842681885
2025-10-23,USDJPY=X,2.3841872215270996
2025-10-24,USDJPY=X,0.5161164402961731
2025-10-27,USDJPY=X,0.8555048704147339
2025-10-28,USDJPY=X,0.989880383014679
2025-10-29,USDJPY=X,4.897717475891113
2025-10-30,USDJPY=X,4.075307369232178
2025-10-31,USDJPY=X,0.9927251935005188
2025-11-03,USDJPY=X,0.3614605963230133
2025-11-04,USDJPY=X,6.575283527374268
2025-11-05,USDJPY=X,-4.294091701507568
2025-11-06,USDJPY=X,2.519658327102661
2025-11-07,USDJPY=X,-0.1367037296295166
2025-11-10,USDJPY=X,0.4872358441352844
2025-11-11,USDJPY=X,-0.6537771224975586
2025-11-12,USDJPY=X,1.5909909009933472
2025-11-13,USDJPY=X,1.8794947862625122
2025-11-14,USDJPY=X,0.8982692956924438
2025-11-17,USDJPY=X,0.5735558271408081
2025-11-18,USDJPY=X,0.3631449341773987
2025-11-19,USDJPY=X,-2.1717567443847656
2025-11-20,USDJPY=X,0.7090878486633301
2025-11-21,USDJPY=X,0.7041872143745422
2025-11-24,USDJPY=X,2.3473713397979736
2025-11-25,USDJPY=X,2.9565024375915527
2025-11-26,USDJPY=X,1.3105536699295044
2025-11-27,USDJPY=X,1.7646281719207764
2025-07-23,INFY.NS,-1.8083831071853638
2025-07-24,INFY.NS,-0.17856714129447937
2025-07-25,INFY.NS,0.9935905337333679
2025-07-28,INFY.NS,-0.6651055812835693
2025-07-29,INFY.NS,0.8198407888412476
2025-07-30,INFY.NS,0.5745618343353271
2025-07-31,INFY.NS,2.5874860286712646
2025-08-01,INFY.NS,-0.30609285831451416
2025-08-04,INFY.NS,-0.06916221231222153
2025-08-05,INFY.NS,0.7939720153808594
2025-08-06,INFY.NS,-1.441301941871643
2025-08-07,INFY.NS,1.3680464029312134
2025-08-08,INFY.NS,2.1801562309265137
2025-08-11,INFY.NS,0.29124486446380615
2025-08-12,INFY.NS,1.8661564588546753
2025-08-13,INFY.NS,-0.06316874176263809
2025-08-14,INFY.NS,0.7608279585838318
2025-08-18,INFY.NS,3.7699224948883057
2025-08-19,INFY.NS,1.259071946144104
2025-08-20,INFY.NS,-0.16234561800956726
2025-08-21,INFY.NS,-1.8741182088851929
2025-08-22,INFY.NS,-0.11933101713657379
2025-08-25,INFY.NS,-0.5844783782958984
2025-08-26,INFY.NS,-1.5952790975570679
2025-08-28,INFY.NS,3.0512943267822266
2025-08-29,INFY.NS,-0.9502362608909607
2025-09-01,INFY.NS,1.6680299043655396
2025-09-02,INFY.NS,0.8268845677375793
2025-09-03,INFY.NS,0.6741989850997925
2025-09-04,INFY.NS,2.6378579139709473
2025-09-05,INFY.NS,1.7296009063720703
2025-09-08,INFY.NS,1.6903172731399536
2025-09-09,INFY.NS,-0.40317726135253906
2025-09-10,INFY.NS,-0.3872440457344055
2025-09-11,INFY.NS,0.8713670969009399
2025-09-12,INFY.NS,1.3351331949234009
2025-09-15,INFY.NS,0.023317117244005203
2025-09-16,INFY.NS,1.1333696842193604
2025-09-17,INFY.NS,0.499166339635849
2025-09-18,INFY.NS,0.5757997632026672
2025-09-19,INFY.NS,0.6144038438796997
2025-09-22,INFY.NS,1.4763915538787842
2025-09-23,INFY.NS,1.680848479270935
2025-09-24,INFY.NS,1.8573507070541382
2025-09-25,INFY.NS,0.46684572100639343
2025-09-26,INFY.NS,0.33874303102493286
2025-09-29,INFY.NS,-2.451112985610962
2025-09-30,INFY.NS,-1.0115785598754883
2025-10-01,INFY.NS,0.6822606325149536
2025-10-03,INFY.NS,-1.5290484428405762
2025-10-06,INFY.NS,-0.048826415091753006
2025-10-07,INFY.NS,0.01985391601920128
2025-10-08,INFY.NS,-0.23922155797481537
2025-10-09,INFY.NS,0.31968680024147034
2025-10-10,INFY.NS,-2.749211311340332
2025-10-13,INFY.NS,-2.16945743560791
2025-10-14,INFY.NS,-1.6878080368041992
2025-10-15,INFY.NS,-0.08711127936840057
2025-10-16,INFY.NS,1.490919828414917
2025-10-17,INFY.NS,1.695409893989563
2025-10-20,INFY.NS,-1.9496785402297974
2025-10-21,INFY.NS,-2.862173557281494
2025-10-23,INFY.NS,-2.254169464111328
2025-10-24,INFY.NS,0.6686000823974609
2025-10-27,INFY.NS,2.7201650142669678
2025-10-28,INFY.NS,2.3041884899139404
2025-10-29,INFY.NS,2.1594395637512207
2025-10-30,INFY.NS,0.7668433785438538
2025-10-31,INFY.NS,0.563223123550415
2025-11-03,INFY.NS,0.6839535236358643
2025-11-04,INFY.NS,0.882779061794281
2025-11-06,INFY.NS,1.9918992519378662
2025-11-07,INFY.NS,1.607745885848999
2025-11-10,INFY.NS,0.4503282308578491
2025-11-11,INFY.NS,1.8420487642288208
2025-11-12,INFY.NS,-1.103166937828064
2025-11-13,INFY.NS,2.6748194694519043
2025-11-14,INFY.NS,0.3433478772640228
2025-11-17,INFY.NS,1.9439226388931274
2025-11-18,INFY.NS,1.6349167823791504
2025-11-19,INFY.NS,0.7854285836219788
2025-11-20,INFY.NS,0.6949009299278259
2025-11-21,INFY.NS,0.0392119325697422
2025-11-24,INFY.NS,3.490872859954834
2025-11-25,INFY.NS,-0.7781326770782471
2025-11-26,INFY.NS,1.359513282775879
2025-11-27,INFY.NS,0.2657443881034851
2025-07-24,IWM,-1.188779592514038
2025-07-25,IWM,2.8686683177948
2025-07-28,IWM,1.153918981552124
2025-07-29,IWM,0.9947059154510498
2025-07-30,IWM,1.5143803358078003
2025-07-31,IWM,2.0968446731567383
2025-08-01,IWM,2.216644525527954
2025-08-04,IWM,0.5431118011474609
2025-08-05,IWM,-0.21346533298492432
2025-08-06,IWM,1.5381340980529785
2025-08-07,IWM,-2.288011074066162
2025-08-08,IWM,-0.8938788175582886
2025-08-11,IWM,-1.0192455053329468
2025-08-12,IWM,0.5039976239204407
2025-08-13,IWM,-0.691448450088501
2025-08-14,IWM,1.1894605159759521
2025-08-15,IWM,3.377805233001709
2025-08-18,IWM,1.309861421585083
2025-08-19,IWM,2.233790636062622
2025-08-20,IWM,1.8427798748016357
2025-08-21,IWM,1.2175564765930176
2025-08-22,IWM,0.11118263006210327
2025-08-25,IWM,0.5800061821937561
2025-08-26,IWM,3.2535593509674072
2025-08-27,IWM,-0.15624502301216125
2025-08-28,IWM,0.31514349579811096
2025-08-29,IWM,0.4663066267967224
2025-09-02,IWM,0.14928004145622253
2025-09-03,IWM,0.8338198661804199
2025-09-04,IWM,0.2756974995136261
2025-09-05,IWM,0.47782862186431885
2025-09-08,IWM,0.46578606963157654
2025-09-09,IWM,0.7102216482162476
2025-09-10,IWM,0.5296519994735718
2025-09-11,IWM,-0.06227784976363182
2025-09-12,IWM,-0.6227927207946777
2025-09-15,IWM,1.9697905778884888
2025-09-16,IWM,1.8250600099563599
2025-09-17,IWM,0.8133382201194763
2025-09-18,IWM,0.20565229654312134
2025-09-19,IWM,-0.4603705108165741
2025-09-22,IWM,2.727504014968872
2025-09-23,IWM,1.1557703018188477
2025-09-24,IWM,1.3932803869247437
2025-09-25,IWM,1.487810492515564
2025-09-26,IWM,1.8778916597366333
2025-09-29,IWM,0.263744056224823
2025-09-30,IWM,0.13830019533634186
2025-10-01,IWM,3.070694923400879
2025-10-02,IWM,0.19556312263011932
2025-10-03,IWM,0.6181637644767761
2025-10-06,IWM,0.5352774262428284
2025-10-07,IWM,0.6307740807533264
2025-10-08,IWM,1.13981032371521
2025-10-09,IWM,0.36967018246650696
2025-10-10,IWM,1.416053295135498
2025-10-13,IWM,2.238964557647705
2025-10-14,IWM,0.693541944026947
2025-10-15,IWM,-2.38502836227417
2025-10-16,IWM,1.4346380233764648
2025-10-17,IWM,0.9968423247337341
2025-10-20,IWM,1.6009570360183716
2025-10-21,IWM,1.4498348236083984
2025-10-22,IWM,3.1895883083343506
2025-10-23,IWM,-3.10534405708313
2025-10-24,IWM,-1.513559103012085
2025-10-27,IWM,-1.378055214881897
2025-10-28,IWM,1.3496347665786743
2025-10-29,IWM,-2.42685604095459
2025-10-30,IWM,1.4127709865570068
2025-10-31,IWM,1.1375720500946045
2025-11-03,IWM,-0.9673590064048767
2025-11-04,IWM,1.0137066841125488
2025-11-05,IWM,-4.705544471740723
2025-11-06,IWM,-3.618570327758789
2025-11-07,IWM,-0.9761456251144409
2025-11-10,IWM,-3.859002113342285
2025-11-11,IWM,-0.5326213836669922
2025-11-12,IWM,1.3611032962799072
2025-11-13,IWM,-1.155574083328247
2025-11-14,IWM,-0.637018084526062
2025-11-17,IWM,-1.4206314086914062
2025-11-18,IWM,0.8324256539344788
2025-11-19,IWM,0.162767231464386
2025-11-20,IWM,1.6089504957199097
2025-11-21,IWM,-1.072326898574829
2025-11-24,IWM,-1.6745256185531616
2025-11-25,IWM,-1.244653582572937
2025-11-26,IWM,-2.9032039642333984
2025-07-24,DX-Y.NYB,0.08886323869228363
2025-07-25,DX-Y.NYB,-7.2548675537109375
2025-07-28,DX-Y.NYB,-2.1559524536132812
2025-07-29,DX-Y.NYB,4.2365827560424805
2025-07-30,DX-Y.NYB,1.6493265628814697
2025-07-31,DX-Y.NYB,6.2166361808776855
2025-08-01,DX-Y.NYB,1.4743160009384155
2025-08-04,DX-Y.NYB,3.8441717624664307
2025-08-05,DX-Y.NYB,2.808044195175171
2025-08-06,DX-Y.NYB,5.792379379272461
2025-08-07,DX-Y.NYB,4.549450874328613
2025-08-08,DX-Y.NYB,5.619765758514404
2025-08-11,DX-Y.NYB,2.11578369140625
2025-08-12,DX-Y.NYB,2.550259590148926
2025-08-13,DX-Y.NYB,-0.3259916603565216
2025-08-14,DX-Y.NYB,-2.171351671218872
2025-08-15,DX-Y.NYB,1.1254075765609741
2025-08-18,DX-Y.NYB,1.0806546211242676
2025-08-19,DX-Y.NYB,0.012254294939339161
2025-08-20,DX-Y.NYB,4.5260491371154785
2025-08-21,DX-Y.NYB,4.977644920349121
2025-08-22,DX-Y.NYB,-0.1913122981786728
2025-08-25,DX-Y.NYB,1.0391716957092285
2025-08-26,DX-Y.NYB,-2.1938350200653076
2025-08-27,DX-Y.NYB,12.388500213623047
2025-08-28,DX-Y.NYB,0.7390921115875244
2025-08-29,DX-Y.NYB,1.8911811113357544
2025-09-02,DX-Y.NYB,5.764249801635742
2025-09-03,DX-Y.NYB,-1.1335501670837402
2025-09-04,DX-Y.NYB,3.7334392070770264
2025-09-05,DX-Y.NYB,5.1285624504089355
2025-09-08,DX-Y.NYB,1.9378001689910889
2025-09-09,DX-Y.NYB,8.963855743408203
2025-09-10,DX-Y.NYB,4.933411598205566
2025-09-11,DX-Y.NYB,2.0601255893707275
2025-09-12,DX-Y.NYB,-7.970080852508545
2025-09-15,DX-Y.NYB,-1.7406415939331055
2025-09-16,DX-Y.NYB,3.4070253372192383
2025-09-17,DX-Y.NYB,-1.6061475276947021
2025-09-18,DX-Y.NYB,2.0321311950683594
2025-09-19,DX-Y.NYB,0.9630705118179321
2025-09-22,DX-Y.NYB,-1.0452429056167603
2025-09-23,DX-Y.NYB,2.0022501945495605
2025-09-24,DX-Y.NYB,0.4527865946292877
2025-09-25,DX-Y.NYB,-7.543929100036621
2025-09-26,DX-Y.NYB,-4.953175067901611
2025-09-29,DX-Y.NYB,0.49803733825683594
2025-09-30,DX-Y.NYB,4.465848445892334
2025-10-01,DX-Y.NYB,9.23206901550293
2025-10-02,DX-Y.NYB,1.6463465690612793
2025-10-03,DX-Y.NYB,4.270796298980713
2025-10-06,DX-Y.NYB,-0.15479527413845062
2025-10-07,DX-Y.NYB,9.857873916625977
2025-10-08,DX-Y.NYB,-0.32020407915115356
2025-10-09,DX-Y.NYB,5.7255377769470215
2025-10-10,DX-Y.NYB,3.3597066402435303
2025-10-13,DX-Y.NYB,6.779249668121338
2025-10-14,DX-Y.NYB,2.740305185317993
2025-10-15,DX-Y.NYB,2.727492570877075
2025-10-16,DX-Y.NYB,4.036732196807861
2025-10-17,DX-Y.NYB,6.125879764556885
2025-10-20,DX-Y.NYB,7.382974624633789
2025-10-21,DX-Y.NYB,2.7609777450561523
2025-10-22,DX-Y.NYB,3.9572157859802246
2025-10-23,DX-Y.NYB,2.1326348781585693
2025-10-24,DX-Y.NYB,-0.9912232160568237
2025-10-27,DX-Y.NYB,3.471212863922119
2025-10-28,DX-Y.NYB,4.768975734710693
2025-10-29,DX-Y.NYB,1.1402473449707031
2025-10-30,DX-Y.NYB,0.7056766152381897
2025-10-31,DX-Y.NYB,4.762888431549072
2025-11-03,DX-Y.NYB,-0.9878926873207092
2025-11-04,DX-Y.NYB,-0.6356596350669861
2025-11-05,DX-Y.NYB,7.326707363128662
2025-11-06,DX-Y.NYB,4.036043643951416
2025-11-07,DX-Y.NYB,4.1586761474609375
2025-11-10,DX-Y.NYB,1.8270188570022583
2025-11-11,DX-Y.NYB,3.33225417137146
2025-11-12,DX-Y.NYB,6.155224800109863
2025-11-13,DX-Y.NYB,8.61015510559082
2025-11-14,DX-Y.NYB,8.178646087646484
2025-11-17,DX-Y.NYB,4.893554210662842
2025-11-18,DX-Y.NYB,3.246080160140991
2025-11-19,DX-Y.NYB,-0.18985308706760406
2025-11-20,DX-Y.NYB,-8.007596015930176
2025-11-21,DX-Y.NYB,5.812126636505127
2025-11-24,DX-Y.NYB,-3.7312264442443848
2025-11-25,DX-Y.NYB,5.365433692932129
2025-11-26,DX-Y.NYB,4.299197673797607
2025-07-24,AAPL,0.244803324341774
2025-07-25,AAPL,0.6039946675300598
2025-07-28,AAPL,0.17665398120880127
2025-07-29,AAPL,0.4628087878227234
2025-07-30,AAPL,1.0184249877929688
2025-07-31,AAPL,1.4884270429611206
2025-08-01,AAPL,0.050211869180202484
2025-08-04,AAPL,-1.3841232061386108
2025-08-05,AAPL,-1.1896247863769531
2025-08-06,AAPL,-0.17032217979431152
2025-08-07,AAPL,-1.02176034450531
2025-08-08,AAPL,-0.47665005922317505
2025-08-11,AAPL,-0.3619431257247925
2025-08-12,AAPL,0.6081171631813049
2025-08-13,AAPL,1.51857590675354
2025-08-14,AAPL,0.5872265696525574
2025-08-15,AAPL,0.6028527617454529
2025-08-18,AAPL,0.6591434478759766
2025-08-19,AAPL,0.652397632598877
2025-08-20,AAPL,0.21526391804218292
2025-08-21,AAPL,0.33098068833351135
2025-08-22,AAPL,0.3927294909954071
2025-08-25,AAPL,0.24340052902698517
2025-08-26,AAPL,0.15843787789344788
2025-08-27,AAPL,0.8736528754234314
2025-08-28,AAPL,0.33271536231040955
2025-08-29,AAPL,-0.056181713938713074
2025-09-02,AAPL,1.4938580989837646
2025-09-03,AAPL,0.9990891218185425
2025-09-04,AAPL,0.399779349565506
2025-09-05,AAPL,-1.3475598096847534
2025-09-08,AAPL,-3.51507830619812
2025-09-09,AAPL,-0.6684931516647339
2025-09-10,AAPL,-0.017549952492117882
2025-09-11,AAPL,0.9856842756271362
2025-09-12,AAPL,-0.23343126475811005
2025-09-15,AAPL,0.24055646359920502
2025-09-16,AAPL,0.8449627161026001
2025-09-17,AAPL,0.3124080300331116
2025-09-18,AAPL,-0.14706918597221375
2025-09-19,AAPL,0.4996468722820282
2025-09-22,AAPL,0.4223174750804901
2025-09-23,AAPL,0.21875201165676117
2025-09-24,AAPL,0.28374066948890686
2025-09-25,AAPL,0.9162461757659912
2025-09-26,AAPL,0.2911633849143982
2025-09-29,AAPL,0.35714787244796753
2025-09-30,AAPL,0.25689253211021423
2025-10-01,AAPL,0.2362672984600067
2025-10-02,AAPL,0.08593817055225372
2025-10-03,AAPL,-0.4337402582168579
2025-10-06,AAPL,0.07741328328847885
2025-10-07,AAPL,0.35234537720680237
2025-10-08,AAPL,0.23785340785980225
2025-10-09,AAPL,0.7111294269561768
2025-10-10,AAPL,1.417523980140686
2025-10-13,AAPL,2.1438660621643066
2025-10-14,AAPL,0.5720246434211731
2025-10-15,AAPL,-2.043851137161255
2025-10-16,AAPL,-0.3155517876148224
2025-10-17,AAPL,-0.676218569278717
2025-10-20,AAPL,0.24411307275295258
2025-10-21,AAPL,-1.4253586530685425
2025-10-22,AAPL,-0.6472981572151184
2025-10-23,AAPL,1.7094616889953613
2025-10-24,AAPL,1.1897354125976562
2025-10-27,AAPL,-0.31327855587005615
2025-10-28,AAPL,0.005658695008605719
2025-10-29,AAPL,1.1361650228500366
2025-10-30,AAPL,0.8045358061790466
2025-10-31,AAPL,0.084893599152565
2025-11-03,AAPL,0.1320885717868805
2025-11-04,AAPL,0.13558709621429443
2025-11-05,AAPL,0.014034703373908997
2025-11-06,AAPL,-0.40606436133384705
2025-11-07,AAPL,-0.1956729292869568
2025-11-10,AAPL,0.7371644973754883
2025-11-11,AAPL,0.3039643168449402
2025-11-12,AAPL,0.3398211598396301
2025-11-13,AAPL,1.4888499975204468
2025-11-14,AAPL,1.019044280052185
2025-11-17,AAPL,1.920081377029419
2025-11-18,AAPL,2.0332844257354736
2025-11-19,AAPL,1.645872712135315
2025-11-20,AAPL,0.18004678189754486
2025-11-21,AAPL,-0.8654537796974182
2025-11-24,AAPL,-0.6187498569488525
2025-11-25,AAPL,1.1704967021942139
2025-11-26,AAPL,1.5483548641204834
2025-07-23,RELIANCE.NS,-0.056223880499601364
2025-07-24,RELIANCE.NS,0.7617091536521912
2025-07-25,RELIANCE.NS,0.9928615093231201
2025-07-28,RELIANCE.NS,1.3111238479614258
2025-07-29,RELIANCE.NS,1.284603238105774
2025-07-30,RELIANCE.NS,0.9115350842475891
2025-07-31,RELIANCE.NS,1.3198150396347046
2025-08-01,RELIANCE.NS,-2.6865785121917725
2025-08-04,RELIANCE.NS,3.2513926029205322
2025-08-05,RELIANCE.NS,4.884462833404541
2025-08-06,RELIANCE.NS,0.6695110201835632
2025-08-07,RELIANCE.NS,0.9425239562988281
2025-08-08,RELIANCE.NS,2.287907123565674
2025-08-11,RELIANCE.NS,-4.019516468048096
2025-08-12,RELIANCE.NS,-0.2697346806526184
2025-08-13,RELIANCE.NS,-2.0956156253814697
2025-08-14,RELIANCE.NS,-2.774229049682617
2025-08-18,RELIANCE.NS,-0.9210952520370483
2025-08-19,RELIANCE.NS,0.6337607502937317
2025-08-20,RELIANCE.NS,-2.6377146244049072
2025-08-21,RELIANCE.NS,-1.9169384241104126
2025-08-22,RELIANCE.NS,1.240907073020935
2025-08-25,RELIANCE.NS,1.4133753776550293
2025-08-26,RELIANCE.NS,3.7663707733154297
2025-08-28,RELIANCE.NS,1.9771122932434082
2025-08-29,RELIANCE.NS,2.26208233833313
2025-09-01,RELIANCE.NS,1.0415090322494507
2025-09-02,RELIANCE.NS,-2.2098355293273926
2025-09-03,RELIANCE.NS,-1.3016961812973022
2025-09-04,RELIANCE.NS,-1.6314003467559814
2025-09-05,RELIANCE.NS,-1.5891258716583252
2025-09-08,RELIANCE.NS,0.005577894393354654
2025-09-09,RELIANCE.NS,1.2725486755371094
2025-09-10,RELIANCE.NS,-1.0241183042526245
2025-09-11,RELIANCE.NS,-0.282352477312088
2025-09-12,RELIANCE.NS,-0.01719241589307785
2025-09-15,RELIANCE.NS,-0.812917947769165
2025-09-16,RELIANCE.NS,0.8510777354240417
2025-09-17,RELIANCE.NS,-2.859354257583618
2025-09-18,RELIANCE.NS,-2.415306568145752
2025-09-19,RELIANCE.NS,1.624017357826233
2025-09-22,RELIANCE.NS,2.6426479816436768
2025-09-23,RELIANCE.NS,2.085334539413452
2025-09-24,RELIANCE.NS,1.5751794576644897
2025-09-25,RELIANCE.NS,1.3701938390731812
2025-09-26,RELIANCE.NS,0.09161398559808731
2025-09-29,RELIANCE.NS,-1.7027415037155151
2025-09-30,RELIANCE.NS,-1.3989226818084717
2025-10-01,RELIANCE.NS,-2.162652015686035
2025-10-03,RELIANCE.NS,0.26001784205436707
2025-10-06,RELIANCE.NS,-2.566922187805176
2025-10-07,RELIANCE.NS,-0.6578212976455688
2025-10-08,RELIANCE.NS,1.7292741537094116
2025-10-09,RELIANCE.NS,-1.3791064023971558
2025-10-10,RELIANCE.NS,-0.2005864977836609
2025-10-13,RELIANCE.NS,2.9933900833129883
2025-10-14,RELIANCE.NS,1.5920556783676147
2025-10-15,RELIANCE.NS,-0.13928009569644928
2025-10-16,RELIANCE.NS,3.5644383430480957
2025-10-17,RELIANCE.NS,1.3557980060577393
2025-10-20,RELIANCE.NS,3.534196138381958
2025-10-21,RELIANCE.NS,0.4334925413131714
2025-10-23,RELIANCE.NS,2.4947245121002197
2025-10-24,RELIANCE.NS,3.3622679710388184
2025-10-27,RELIANCE.NS,0.8838347792625427
2025-10-28,RELIANCE.NS,1.3875101804733276
2025-10-29,RELIANCE.NS,2.0057661533355713
2025-10-30,RELIANCE.NS,1.2491838932037354
2025-10-31,RELIANCE.NS,0.4585581123828888
2025-11-03,RELIANCE.NS,1.4763203859329224
2025-11-04,RELIANCE.NS,0.408484548330307
2025-11-06,RELIANCE.NS,0.6027034521102905
2025-11-07,RELIANCE.NS,-0.11689793318510056
2025-11-10,RELIANCE.NS,1.1231564283370972
2025-11-11,RELIANCE.NS,0.8345310688018799
2025-11-12,RELIANCE.NS,0.37688687443733215
2025-11-13,RELIANCE.NS,0.08775675296783447
2025-11-14,RELIANCE.NS,0.21071510016918182
2025-11-17,RELIANCE.NS,0.15459933876991272
2025-11-18,RELIANCE.NS,0.4288901388645172
2025-11-19,RELIANCE.NS,0.4482841193675995
2025-11-20,RELIANCE.NS,0.43658745288848877
2025-11-21,RELIANCE.NS,0.3201015293598175
2025-11-24,RELIANCE.NS,0.722002387046814
2025-11-25,RELIANCE.NS,1.4120203256607056
2025-11-26,RELIANCE.NS,0.20825444161891937
2025-11-27,RELIANCE.NS,0.6402682065963745
2025-07-24,NVDA,0.1375822126865387
2025-07-25,NVDA,0.14654965698719025
2025-07-28,NVDA,0.3282802104949951
2025-07-29,NVDA,0.23954641819000244
2025-07-30,NVDA,0.15425987541675568
2025-07-31,NVDA,0.1284485161304474
2025-08-01,NVDA,0.5378521680831909
2025-08-04,NVDA,0.4907872676849365
2025-08-05,NVDA,0.16730856895446777
2025-08-06,NVDA,0.0907924473285675
2025-08-07,NVDA,0.2692776322364807
2025-08-08,NVDA,0.13639193773269653
2025-08-11,NVDA,0.12119155377149582
2025-08-12,NVDA,-0.33729445934295654
2025-08-13,NVDA,0.09738695621490479
2025-08-14,NVDA,0.35206127166748047
2025-08-15,NVDA,0.312404066324234
2025-08-18,NVDA,0.19647519290447235
2025-08-19,NVDA,0.4808530807495117
2025-08-20,NVDA,0.8673470616340637
2025-08-21,NVDA,0.9018832445144653
2025-08-22,NVDA,-0.5065374374389648
2025-08-25,NVDA,0.2644362151622772
2025-08-26,NVDA,-0.855721116065979
2025-08-27,NVDA,1.5284392833709717
2025-08-28,NVDA,1.5435110330581665
2025-08-29,NVDA,-0.05014478415250778
2025-09-02,NVDA,1.0368748903274536
2025-09-03,NVDA,0.31831130385398865
2025-09-04,NVDA,-0.06101502850651741
2025-09-05,NVDA,-1.1278656721115112
2025-09-08,NVDA,-0.27843791246414185
2025-09-09,NVDA,-0.7557136416435242
2025-09-10,NVDA,0.5597348809242249
2025-09-11,NVDA,0.5361549258232117
2025-09-12,NVDA,0.5350748896598816
2025-09-15,NVDA,0.012199636548757553
2025-09-16,NVDA,0.1730949431657791
2025-09-17,NVDA,0.6672972440719604
2025-09-18,NVDA,0.6808584332466125
2025-09-19,NVDA,0.6773269176483154
2025-09-22,NVDA,0.08226464688777924
2025-09-23,NVDA,0.7359477877616882
2025-09-24,NVDA,0.782244086265564
2025-09-25,NVDA,0.28844091296195984
2025-09-26,NVDA,0.2440410852432251
2025-09-29,NVDA,0.806440532207489
2025-09-30,NVDA,0.4578362703323364
2025-10-01,NVDA,0.39957475662231445
2025-10-02,NVDA,-0.19228476285934448
2025-10-03,NVDA,0.5180713534355164
2025-10-06,NVDA,0.575454592704773
2025-10-07,NVDA,0.44344577193260193
2025-10-08,NVDA,-0.15275178849697113
2025-10-09,NVDA,0.35750144720077515
2025-10-10,NVDA,0.7213054299354553
2025-10-13,NVDA,0.9364803433418274
2025-10-14,NVDA,0.417204350233078
2025-10-15,NVDA,0.7943914532661438
2025-10-16,NVDA,1.008256196975708
2025-10-17,NVDA,-0.6273952126502991
2025-10-20,NVDA,-0.6189008355140686
2025-10-21,NVDA,0.18318073451519012
2025-10-22,NVDA,-1.0767755508422852
2025-10-23,NVDA,0.052066199481487274
2025-10-24,NVDA,0.5574935078620911
2025-10-27,NVDA,-0.5896921157836914
2025-10-28,NVDA,-0.8220973610877991
2025-10-29,NVDA,-0.8103229403495789
2025-10-30,NVDA,1.3858919143676758
2025-10-31,NVDA,0.8972430229187012
2025-11-03,NVDA,1.0484031438827515
2025-11-04,NVDA,0.5451263785362244
2025-11-05,NVDA,0.8162901401519775
2025-11-06,NVDA,0.911838173866272
2025-11-07,NVDA,1.0586268901824951
2025-11-10,NVDA,0.41947272419929504
2025-11-11,NVDA,0.38515639305114746
2025-11-12,NVDA,0.3581061065196991
2025-11-13,NVDA,-0.41028979420661926
2025-11-14,NVDA,-0.19236987829208374
2025-11-17,NVDA,-0.5237982273101807
2025-11-18,NVDA,-0.6368202567100525
2025-11-19,NVDA,-2.2661120891571045
2025-11-20,NVDA,-0.4054650068283081
2025-11-21,NVDA,-1.3932796716690063
2025-11-24,NVDA,-0.4137527644634247
2025-11-25,NVDA,0.5189995169639587
2025-11-26,NVDA,-0.20929744839668274
2025-07-24,EEM,1.1384509801864624
2025-07-25,EEM,1.9091947078704834
2025-07-28,EEM,1.0399622917175293
2025-07-29,EEM,1.8495900630950928
2025-07-30,EEM,1.9427683353424072
2025-07-31,EEM,3.2957923412323
2025-08-01,EEM,3.2313666343688965
2025-08-04,EEM,-0.6902186274528503
2025-08-05,EEM,-1.761863350868225
2025-08-06,EEM,1.2872682809829712
2025-08-07,EEM,3.2641756534576416
2025-08-08,EEM,2.1156833171844482
2025-08-11,EEM,2.0873477458953857
2025-08-12,EEM,0.08754005283117294
2025-08-13,EEM,0.44685858488082886
2025-08-14,EEM,0.9367815852165222
2025-08-15,EEM,-3.299600839614868
2025-08-18,EEM,-0.2585030496120453
2025-08-19,EEM,-0.21137768030166626
2025-08-20,EEM,1.4225983619689941
2025-08-21,EEM,1.275646686553955
2025-08-22,EEM,-0.22351565957069397
2025-08-25,EEM,1.783828616142273
2025-08-26,EEM,2.5451509952545166
2025-08-27,EEM,-1.6486464738845825
2025-08-28,EEM,0.8688681721687317
2025-08-29,EEM,0.43579477071762085
2025-09-02,EEM,1.3357038497924805
2025-09-03,EEM,2.8962249755859375
2025-09-04,EEM,0.6277803778648376
2025-09-05,EEM,-0.1566425859928131
2025-09-08,EEM,2.6953375339508057
2025-09-09,EEM,-0.010271724313497543
2025-09-10,EEM,1.1882708072662354
2025-09-11,EEM,0.4355246126651764
2025-09-12,EEM,1.3281667232513428
2025-09-15,EEM,1.161731481552124
2025-09-16,EEM,1.017334222793579
2025-09-17,EEM,-0.9648017287254333
2025-09-18,EEM,-0.8275944590568542
2025-09-19,EEM,1.179335355758667
2025-09-22,EEM,0.3886486291885376
2025-09-23,EEM,-0.10564784705638885
2025-09-24,EEM,-0.0014432008611038327
2025-09-25,EEM,0.11171112209558487
2025-09-26,EEM,0.7034534215927124
2025-09-29,EEM,0.45105355978012085
2025-09-30,EEM,1.158277988433838
2025-10-01,EEM,0.44545143842697144
2025-10-02,EEM,0.485273152589798
2025-10-03,EEM,0.5581836700439453
2025-10-06,EEM,0.3915605843067169
2025-10-07,EEM,0.8572379946708679
2025-10-08,EEM,1.165252447128296
2025-10-09,EEM,0.6784806847572327
2025-10-10,EEM,1.5132131576538086
2025-10-13,EEM,2.202650308609009
2025-10-14,EEM,1.0891932249069214
2025-10-15,EEM,-0.5979374051094055
2025-10-16,EEM,1.5930523872375488
2025-10-17,EEM,2.5707597732543945
2025-10-20,EEM,1.3264143466949463
2025-10-21,EEM,0.3219175934791565
2025-10-22,EEM,2.6369519233703613
2025-10-23,EEM,1.503796100616455
2025-10-24,EEM,0.8830713033676147
2025-10-27,EEM,-0.3135550618171692
2025-10-28,EEM,0.48386624455451965
2025-10-29,EEM,0.5502269864082336
2025-10-30,EEM,0.7437668442726135
2025-10-31,EEM,-0.0023866223637014627
2025-11-03,EEM,0.9282569289207458
2025-11-04,EEM,0.42711538076400757
2025-11-05,EEM,1.6846283674240112
2025-11-06,EEM,2.7527270317077637
2025-11-07,EEM,0.9688704609870911
2025-11-10,EEM,0.8435153961181641
2025-11-11,EEM,2.4035487174987793
2025-11-12,EEM,0.41429948806762695
2025-11-13,EEM,-1.1055821180343628
2025-11-14,EEM,-0.08257123827934265
2025-11-17,EEM,2.2779946327209473
2025-11-18,EEM,-0.03842603787779808
2025-11-19,EEM,-2.0175487995147705
2025-11-20,EEM,-1.545553207397461
2025-11-21,EEM,-1.142246961593628
2025-11-24,EEM,-0.2773835062980652
2025-11-25,EEM,0.08436916023492813
2025-11-26,EEM,-1.747127890586853
2025-07-24,TLT,2.3183367252349854
2025-07-25,TLT,0.8532159328460693
2025-07-28,TLT,3.0403642654418945
2025-07-29,TLT,4.538211822509766
2025-07-30,TLT,-1.341073751449585
2025-07-31,TLT,-4.5674896240234375
2025-08-01,TLT,0.9043920040130615
2025-08-04,TLT,-0.4457463324069977
2025-08-05,TLT,6.323556423187256
2025-08-06,TLT,1.9794533252716064
2025-08-07,TLT,2.792083501815796
2025-08-08,TLT,1.813690423965454
2025-08-11,TLT,2.195390462875366
2025-08-12,TLT,2.8242416381835938
2025-08-13,TLT,3.0935094356536865
2025-08-14,TLT,1.002173900604248
2025-08-15,TLT,4.938492774963379
2025-08-18,TLT,3.2172040939331055
2025-08-19,TLT,2.2916412353515625
2025-08-20,TLT,-1.0079405307769775
2025-08-21,TLT,-2.338789939880371
2025-08-22,TLT,-2.841937303543091
2025-08-25,TLT,0.2826775908470154
2025-08-26,TLT,2.5339713096618652
2025-08-27,TLT,-0.12197653949260712
2025-08-28,TLT,0.6941818594932556
2025-08-29,TLT,1.359675407409668
2025-09-02,TLT,2.066617488861084
2025-09-03,TLT,-1.1206998825073242
2025-09-04,TLT,0.1351029872894287
2025-09-05,TLT,2.1170654296875
2025-09-08,TLT,1.2195061445236206
2025-09-09,TLT,3.362497568130493
2025-09-10,TLT,2.29250168800354
2025-09-11,TLT,5.743953704833984
2025-09-12,TLT,1.870870590209961
2025-09-15,TLT,2.176154851913452
2025-09-16,TLT,1.4377614259719849
2025-09-17,TLT,1.0235570669174194
2025-09-18,TLT,0.5178431272506714
2025-09-19,TLT,2.622999906539917
2025-09-22,TLT,1.9824309349060059
2025-09-23,TLT,0.7280386090278625
2025-09-24,TLT,0.22866567969322205
2025-09-25,TLT,4.807302951812744
2025-09-26,TLT,-3.680025577545166
2025-09-29,TLT,-0.1025221198797226
2025-09-30,TLT,3.4267311096191406
2025-10-01,TLT,-4.307336330413818
2025-10-02,TLT,4.077999114990234
2025-10-03,TLT,1.3115684986114502
2025-10-06,TLT,7.6638312339782715
2025-10-07,TLT,1.1834392547607422
2025-10-08,TLT,-1.1649537086486816
2025-10-09,TLT,-3.3559365272521973
2025-10-10,TLT,2.1405627727508545
2025-10-13,TLT,2.2812414169311523
2025-10-14,TLT,7.948156356811523
2025-10-15,TLT,5.021615982055664
2025-10-16,TLT,5.965198516845703
2025-10-17,TLT,3.603905200958252
2025-10-20,TLT,1.9110180139541626
2025-10-21,TLT,1.3332537412643433
2025-10-22,TLT,-0.5972721576690674
2025-10-23,TLT,1.382938027381897
2025-10-24,TLT,1.726105809211731
2025-10-27,TLT,0.1753365397453308
2025-10-28,TLT,0.6534026861190796
2025-10-29,TLT,2.8799853324890137
2025-10-30,TLT,3.161085367202759
2025-10-31,TLT,5.050745487213135
2025-11-03,TLT,1.7026119232177734
2025-11-04,TLT,-1.6907504796981812
2025-11-05,TLT,-1.3111754655838013
2025-11-06,TLT,1.2788511514663696
2025-11-07,TLT,-1.467369794845581
2025-11-10,TLT,2.000516891479492
2025-11-11,TLT,-1.9752882719039917
2025-11-12,TLT,0.7244281768798828
2025-11-13,TLT,-1.0124984979629517
2025-11-14,TLT,-0.6544946432113647
2025-11-17,TLT,-0.23784492909908295
2025-11-18,TLT,0.11307957023382187
2025-11-19,TLT,5.403598308563232
2025-11-20,TLT,1.6759706735610962
2025-11-21,TLT,5.170663356781006
2025-11-24,TLT,-0.8022850155830383
2025-11-25,TLT,-5.333987236022949
2025-11-26,TLT,-2.331672430038452
2025-07-24,MSFT,0.0904504656791687
2025-07-25,MSFT,0.6955046653747559
2025-07-28,MSFT,-0.10992112755775452
2025-07-29,MSFT,0.0123984906822443
2025-07-30,MSFT,0.4896993339061737
2025-07-31,MSFT,0.26437535881996155
2025-08-01,MSFT,0.702543318271637
2025-08-04,MSFT,2.5301454067230225
2025-08-05,MSFT,0.37596920132637024
2025-08-06,MSFT,0.935126781463623
2025-08-07,MSFT,1.5278908014297485
2025-08-08,MSFT,2.0074093341827393
2025-08-11,MSFT,2.029729127883911
2025-08-12,MSFT,1.4235599040985107
2025-08-13,MSFT,1.4816553592681885
2025-08-14,MSFT,3.348905563354492
2025-08-15,MSFT,3.00163197517395
2025-08-18,MSFT,2.3416390419006348
2025-08-19,MSFT,2.9418728351593018
2025-08-20,MSFT,2.80977725982666
2025-08-21,MSFT,1.2083913087844849
2025-08-22,MSFT,-0.621161937713623
2025-08-25,MSFT,0.07397640496492386
2025-08-26,MSFT,-0.33370572328567505
2025-08-27,MSFT,-0.85149085521698
2025-08-28,MSFT,0.9167956709861755
2025-08-29,MSFT,-0.2665846049785614
2025-09-02,MSFT,-0.04593908414244652
2025-09-03,MSFT,0.7174030542373657
2025-09-04,MSFT,1.979970932006836
2025-09-05,MSFT,1.0253808498382568
2025-09-08,MSFT,0.8725674152374268
2025-09-09,MSFT,1.1674762964248657
2025-09-10,MSFT,2.1519687175750732
2025-09-11,MSFT,4.876417636871338
2025-09-12,MSFT,3.1254498958587646
2025-09-15,MSFT,-0.06226368993520737
2025-09-16,MSFT,1.7473392486572266
2025-09-17,MSFT,1.9766466617584229
2025-09-18,MSFT,1.7316943407058716
2025-09-19,MSFT,1.8449221849441528
2025-09-22,MSFT,0.574476420879364
2025-09-23,MSFT,1.9289660453796387
2025-09-24,MSFT,1.1193733215332031
2025-09-25,MSFT,1.6278992891311646
2025-09-26,MSFT,1.064573049545288
2025-09-29,MSFT,0.9413331151008606
2025-09-30,MSFT,0.26365676522254944
2025-10-01,MSFT,0.5845046639442444
2025-10-02,MSFT,0.13595446944236755
2025-10-03,MSFT,1.5047866106033325
2025-10-06,MSFT,0.19878093898296356
2025-10-07,MSFT,1.3615715503692627
2025-10-08,MSFT,1.9845781326293945
2025-10-09,MSFT,0.6415203809738159
2025-10-10,MSFT,1.3727346658706665
2025-10-13,MSFT,1.0141907930374146
2025-10-14,MSFT,1.3513643741607666
2025-10-15,MSFT,0.4701172411441803
2025-10-16,MSFT,-1.499746322631836
2025-10-17,MSFT,-1.595846176147461
2025-10-20,MSFT,0.09572301059961319
2025-10-21,MSFT,-0.7894507646560669
2025-10-22,MSFT,1.8029276132583618
2025-10-23,MSFT,0.5500326156616211
2025-10-24,MSFT,0.7034555077552795
2025-10-27,MSFT,-0.0027935185935348272
2025-10-28,MSFT,-0.1895751804113388
2025-10-29,MSFT,1.663902759552002
2025-10-30,MSFT,-0.8741260170936584
2025-10-31,MSFT,2.04742169380188
2025-11-03,MSFT,1.2973742485046387
2025-11-04,MSFT,0.8827160000801086
2025-11-05,MSFT,0.24640443921089172
2025-11-06,MSFT,-1.234833002090454
2025-11-07,MSFT,-0.1906791627407074
2025-11-10,MSFT,-0.7844930291175842
2025-11-11,MSFT,-0.5695963501930237
2025-11-12,MSFT,-1.0186131000518799
2025-11-13,MSFT,-1.1504181623458862
2025-11-14,MSFT,-0.12625844776630402
2025-11-17,MSFT,-0.40788838267326355
2025-11-18,MSFT,1.0175284147262573
2025-11-19,MSFT,0.00794170331209898
2025-11-20,MSFT,2.1811301708221436
2025-11-21,MSFT,2.7478373050689697
2025-11-24,MSFT,0.7963073253631592
2025-11-25,MSFT,0.41458454728126526
2025-11-26,MSFT,0.12939584255218506
2025-07-24,QQQ,0.2664693593978882
2025-07-25,QQQ,0.21161890029907227
2025-07-28,QQQ,0.31286850571632385
2025-07-29,QQQ,0.46687084436416626
2025-07-30,QQQ,0.5053988099098206
2025-07-31,QQQ,0.6056473851203918
2025-08-01,QQQ,1.1738293170928955
2025-08-04,QQQ,1.5274615287780762
2025-08-05,QQQ,1.0493109226226807
2025-08-06,QQQ,-0.9851243495941162
2025-08-07,QQQ,1.0286171436309814
2025-08-08,QQQ,1.8326208591461182
2025-08-11,QQQ,0.9493857026100159
2025-08-12,QQQ,0.5583194494247437
2025-08-13,QQQ,0.7654350399971008
2025-08-14,QQQ,0.4781498312950134
2025-08-15,QQQ,1.1345598697662354
2025-08-18,QQQ,0.9696958661079407
2025-08-19,QQQ,0.8743565678596497
2025-08-20,QQQ,1.1851555109024048
2025-08-21,QQQ,2.136415958404541
2025-08-22,QQQ,-0.20025652647018433
2025-08-25,QQQ,-0.07225662469863892
2025-08-26,QQQ,-0.9515186548233032
2025-08-27,QQQ,-1.3750511407852173
2025-08-28,QQQ,2.046658992767334
2025-08-29,QQQ,1.0513060092926025
2025-09-02,QQQ,0.30271920561790466
2025-09-03,QQQ,2.090393543243408
2025-09-04,QQQ,0.9235526323318481
2025-09-05,QQQ,-2.450822591781616
2025-09-08,QQQ,-0.05730897933244705
2025-09-09,QQQ,-0.550001323223114
2025-09-10,QQQ,1.2367130517959595
2025-09-11,QQQ,0.9746567010879517
2025-09-12,QQQ,1.2309255599975586
2025-09-15,QQQ,0.33315974473953247
2025-09-16,QQQ,-0.08510340750217438
2025-09-17,QQQ,-0.37370336055755615
2025-09-18,QQQ,-0.3153958320617676
2025-09-19,QQQ,0.26002055406570435
2025-09-22,QQQ,0.25731247663497925
2025-09-23,QQQ,-0.1912097930908203
2025-09-24,QQQ,-0.1283821165561676
2025-09-25,QQQ,0.2657681703567505
2025-09-26,QQQ,0.8660129308700562
2025-09-29,QQQ,0.25485917925834656
2025-09-30,QQQ,0.23919367790222168
2025-10-01,QQQ,0.26963040232658386
2025-10-02,QQQ,0.3067625164985657
2025-10-03,QQQ,0.3767167329788208
2025-10-06,QQQ,0.6700543165206909
2025-10-07,QQQ,0.39831411838531494
2025-10-08,QQQ,0.3472643792629242
2025-10-09,QQQ,0.3127324879169464
2025-10-10,QQQ,1.9778385162353516
2025-10-13,QQQ,2.102769613265991
2025-10-14,QQQ,1.0320754051208496
2025-10-15,QQQ,0.3775770962238312
2025-10-16,QQQ,-0.49108994007110596
2025-10-17,QQQ,-0.29564833641052246
2025-10-20,QQQ,2.2960307598114014
2025-10-21,QQQ,-0.3619823753833771
2025-10-22,QQQ,2.644103765487671
2025-10-23,QQQ,-0.9831407070159912
2025-10-24,QQQ,0.6414086818695068
2025-10-27,QQQ,0.5818467736244202
2025-10-28,QQQ,3.8745505809783936
2025-10-29,QQQ,-3.5322842597961426
2025-10-30,QQQ,-0.18119919300079346
2025-10-31,QQQ,0.7860581278800964
2025-11-03,QQQ,0.6784108877182007
2025-11-04,QQQ,1.3750666379928589
2025-11-05,QQQ,2.2853970527648926
2025-11-06,QQQ,1.619847297668457
2025-11-07,QQQ,1.9000262022018433
2025-11-10,QQQ,1.723436951637268
2025-11-11,QQQ,0.7772524952888489
2025-11-12,QQQ,1.4545260667800903
2025-11-13,QQQ,2.269866943359375
2025-11-14,QQQ,-1.2824877500534058
2025-11-17,QQQ,-0.47092562913894653
2025-11-18,QQQ,-0.9619308114051819
2025-11-19,QQQ,-5.025362014770508
2025-11-20,QQQ,-1.509673833847046
2025-11-21,QQQ,-1.0144554376602173
2025-11-24,QQQ,-0.9110317230224609
2025-11-25,QQQ,2.6447927951812744
2025-11-26,QQQ,0.4078758955001831
2025-07-23,USDINR=X,2.954132318496704
2025-07-24,USDINR=X,3.7081687450408936
2025-07-25,USDINR=X,9.71268367767334
2025-07-28,USDINR=X,2.0268518924713135
2025-07-29,USDINR=X,1.7795562744140625
2025-07-30,USDINR=X,-0.21024100482463837
2025-07-31,USDINR=X,-1.1566641330718994
2025-08-01,USDINR=X,-0.34458744525909424
2025-08-04,USDINR=X,3.6255099773406982
2025-08-05,USDINR=X,3.5579779148101807
2025-08-06,USDINR=X,1.6114150285720825
2025-08-07,USDINR=X,2.8616549968719482
2025-08-08,USDINR=X,6.814178943634033
2025-08-11,USDINR=X,6.4756693840026855
2025-08-12,USDINR=X,2.697852373123169
2025-08-13,USDINR=X,0.9405641555786133
2025-08-14,USDINR=X,5.053501129150391
2025-08-15,USDINR=X,6.0234599113464355
2025-08-18,USDINR=X,2.295985460281372
2025-08-19,USDINR=X,9.722442626953125
2025-08-20,USDINR=X,13.483194351196289
2025-08-21,USDINR=X,10.716217041015625
2025-08-22,USDINR=X,-3.556556463241577
2025-08-25,USDINR=X,-8.996413230895996
2025-08-26,USDINR=X,0.3098852038383484
2025-08-27,USDINR=X,10.22398567199707
2025-08-28,USDINR=X,5.069052219390869
2025-08-29,USDINR=X,6.782878875732422
2025-09-01,USDINR=X,5.276435852050781
2025-09-02,USDINR=X,-0.8345283269882202
2025-09-03,USDINR=X,14.843864440917969
2025-09-04,USDINR=X,-2.609649896621704
2025-09-05,USDINR=X,1.628355622291565
2025-09-08,USDINR=X,4.554195404052734
2025-09-09,USDINR=X,7.160329818725586
2025-09-10,USDINR=X,4.368435859680176
2025-09-11,USDINR=X,1.0635097026824951
2025-09-12,USDINR=X,0.9068307280540466
2025-09-15,USDINR=X,-3.6936206817626953
2025-09-16,USDINR=X,0.9886276125907898
2025-09-17,USDINR=X,8.523008346557617
2025-09-18,USDINR=X,12.471141815185547
2025-09-19,USDINR=X,6.662973403930664
2025-09-22,USDINR=X,4.153010368347168
2025-09-23,USDINR=X,4.016501426696777
2025-09-24,USDINR=X,25.379613876342773
2025-09-25,USDINR=X,25.821815490722656
2025-09-26,USDINR=X,12.832472801208496
2025-09-29,USDINR=X,3.2964084148406982
2025-09-30,USDINR=X,8.437674522399902
2025-10-01,USDINR=X,3.677583694458008
2025-10-02,USDINR=X,2.057302713394165
2025-10-03,USDINR=X,4.63407564163208
2025-10-06,USDINR=X,3.5710389614105225
2025-10-07,USDINR=X,2.264704942703247
2025-10-08,USDINR=X,1.9471354484558105
2025-10-09,USDINR=X,0.07219468802213669
2025-10-10,USDINR=X,1.4161231517791748
2025-10-13,USDINR=X,-1.245814561843872
2025-10-14,USDINR=X,9.185201644897461
2025-10-15,USDINR=X,13.848444938659668
2025-10-16,USDINR=X,6.032243251800537
2025-10-17,USDINR=X,7.545825958251953
2025-10-20,USDINR=X,10.020925521850586
2025-10-21,USDINR=X,21.690711975097656
2025-10-22,USDINR=X,0.8082776665687561
2025-10-23,USDINR=X,22.0555477142334
2025-10-24,USDINR=X,22.742454528808594
2025-10-27,USDINR=X,22.018293380737305
2025-10-28,USDINR=X,23.055919647216797
2025-10-29,USDINR=X,21.550504684448242
2025-10-30,USDINR=X,-10.75933837890625
2025-10-31,USDINR=X,-14.11797046661377
2025-11-03,USDINR=X,-17.090736389160156
2025-11-04,USDINR=X,-0.21565167605876923
2025-11-05,USDINR=X,4.313889503479004
2025-11-06,USDINR=X,2.61971116065979
2025-11-07,USDINR=X,11.157491683959961
2025-11-10,USDINR=X,-0.19346803426742554
2025-11-11,USDINR=X,-1.8712947368621826
2025-11-12,USDINR=X,0.034013643860816956
2025-11-13,USDINR=X,-1.870863914489746
2025-11-14,USDINR=X,-3.826033592224121
2025-11-17,USDINR=X,0.9921767711639404
2025-11-18,USDINR=X,4.784966945648193
2025-11-19,USDINR=X,6.601619720458984
2025-11-20,USDINR=X,5.6500244140625
2025-11-21,USDINR=X,1.3345144987106323
2025-11-24,USDINR=X,9.481172561645508
2025-11-25,USDINR=X,0.40121278166770935
2025-11-26,USDINR=X,16.47454261779785
2025-11-27,USDINR=X,-1.9711683988571167
2025-07-24,GOOGL,0.736857533454895
2025-07-25,GOOGL,0.35628268122673035
2025-07-28,GOOGL,-0.0003918395668733865
2025-07-29,GOOGL,-0.12433622032403946
2025-07-30,GOOGL,0.20913086831569672
2025-07-31,GOOGL,0.4565117359161377
2025-08-01,GOOGL,0.9112328886985779
2025-08-04,GOOGL,0.7342526912689209
2025-08-05,GOOGL,0.2861997187137604
2025-08-06,GOOGL,-0.5699704885482788
2025-08-07,GOOGL,0.2763976752758026
2025-08-08,GOOGL,0.09046290814876556
2025-08-11,GOOGL,0.13526014983654022
2025-08-12,GOOGL,0.1800098419189453
2025-08-13,GOOGL,0.5837916731834412
2025-08-14,GOOGL,0.5427069664001465
2025-08-15,GOOGL,0.2792142629623413
2025-08-18,GOOGL,0.21931901574134827
2025-08-19,GOOGL,0.500735342502594
2025-08-20,GOOGL,0.8762722015380859
2025-08-21,GOOGL,0.44220635294914246
2025-08-22,GOOGL,-0.4410852789878845
2025-08-25,GOOGL,1.0472222566604614
2025-08-26,GOOGL,1.5666264295578003
2025-08-27,GOOGL,-3.3872230052948
2025-08-28,GOOGL,-0.942182183265686
2025-08-29,GOOGL,-0.18744054436683655
2025-09-02,GOOGL,0.08577285706996918
2025-09-03,GOOGL,0.38739609718322754
2025-09-04,GOOGL,0.19767075777053833
2025-09-05,GOOGL,0.27615267038345337
2025-09-08,GOOGL,1.2878937721252441
2025-09-09,GOOGL,1.013748049736023
2025-09-10,GOOGL,1.0786854028701782
2025-09-11,GOOGL,1.0764694213867188
2025-09-12,GOOGL,0.9568795561790466
2025-09-15,GOOGL,0.903014063835144
2025-09-16,GOOGL,0.5563419461250305
2025-09-17,GOOGL,1.098056435585022
2025-09-18,GOOGL,1.2567367553710938
2025-09-19,GOOGL,0.5899150967597961
2025-09-22,GOOGL,0.3905695378780365
2025-09-23,GOOGL,1.1132087707519531
2025-09-24,GOOGL,1.6924939155578613
2025-09-25,GOOGL,2.133551836013794
2025-09-26,GOOGL,2.3188438415527344
2025-09-29,GOOGL,2.299522638320923
2025-09-30,GOOGL,2.8156020641326904
2025-10-01,GOOGL,2.9014315605163574
2025-10-02,GOOGL,2.003735065460205
2025-10-03,GOOGL,1.9695496559143066
2025-10-06,GOOGL,-1.8090609312057495
2025-10-07,GOOGL,0.5874192714691162
2025-10-08,GOOGL,1.0371795892715454
2025-10-09,GOOGL,-0.43336227536201477
2025-10-10,GOOGL,0.114857017993927
2025-10-13,GOOGL,-1.1085182428359985
2025-10-14,GOOGL,0.2858009934425354
2025-10-15,GOOGL,1.4077074527740479
2025-10-16,GOOGL,0.39109739661216736
2025-10-17,GOOGL,1.4644594192504883
2025-10-20,GOOGL,2.310800790786743
2025-10-21,GOOGL,1.208462119102478
2025-10-22,GOOGL,2.414968252182007
2025-10-23,GOOGL,1.5194185972213745
2025-10-24,GOOGL,0.6047884225845337
2025-10-27,GOOGL,0.4227750599384308
2025-10-28,GOOGL,1.2536449432373047
2025-10-29,GOOGL,0.2397683560848236
2025-10-30,GOOGL,-0.3525179922580719
2025-10-31,GOOGL,0.17440864443778992
2025-11-03,GOOGL,0.2484811544418335
2025-11-04,GOOGL,0.3020089864730835
2025-11-05,GOOGL,0.41392555832862854
2025-11-06,GOOGL,0.20421211421489716
2025-11-07,GOOGL,0.1826963722705841
2025-11-10,GOOGL,0.4281514286994934
2025-11-11,GOOGL,-0.08892941474914551
2025-11-12,GOOGL,0.1648545116186142
2025-11-13,GOOGL,0.9747532606124878
2025-11-14,GOOGL,1.3041878938674927
2025-11-17,GOOGL,0.8388518691062927
2025-11-18,GOOGL,1.3695902824401855
2025-11-19,GOOGL,-0.2075660526752472
2025-11-20,GOOGL,2.4428482055664062
2025-11-21,GOOGL,-0.07663848251104355
2025-11-24,GOOGL,0.13926327228546143
2025-11-25,GOOGL,0.39020371437072754
2025-11-26,GOOGL,0.8440436124801636
2025-07-23,GBPUSD=X,5.017518043518066
2025-07-24,GBPUSD=X,-2.1103761196136475
2025-07-25,GBPUSD=X,-3.555213689804077
2025-07-28,GBPUSD=X,-1.1359243392944336
2025-07-29,GBPUSD=X,-2.2813634872436523
2025-07-30,GBPUSD=X,-1.8543211221694946
2025-07-31,GBPUSD=X,2.144695281982422
2025-08-01,GBPUSD=X,0.3753810226917267
2025-08-04,GBPUSD=X,-2.5986413955688477
2025-08-05,GBPUSD=X,-3.86842942237854
2025-08-06,GBPUSD=X,-5.5301055908203125
2025-08-07,GBPUSD=X,-3.726480722427368
2025-08-08,GBPUSD=X,3.447113513946533
2025-08-11,GBPUSD=X,-3.6363673210144043
2025-08-12,GBPUSD=X,-2.727076292037964
2025-08-13,GBPUSD=X,4.495093822479248
2025-08-14,GBPUSD=X,-0.626772403717041
2025-08-15,GBPUSD=X,9.163129806518555
2025-08-18,GBPUSD=X,-2.603332757949829
2025-08-19,GBPUSD=X,1.5645930767059326
2025-08-20,GBPUSD=X,1.2241891622543335
2025-08-21,GBPUSD=X,0.8659514784812927
2025-08-22,GBPUSD=X,2.143625020980835
2025-08-25,GBPUSD=X,0.9557180404663086
2025-08-26,GBPUSD=X,3.5210142135620117
2025-08-27,GBPUSD=X,5.666242599487305
2025-08-28,GBPUSD=X,4.1462225914001465
2025-08-29,GBPUSD=X,3.178016424179077
2025-09-01,GBPUSD=X,2.3393399715423584
2025-09-02,GBPUSD=X,0.8106059432029724
2025-09-03,GBPUSD=X,4.181183338165283
2025-09-04,GBPUSD=X,5.762486934661865
2025-09-05,GBPUSD=X,1.6920732259750366
2025-09-08,GBPUSD=X,2.0408782958984375
2025-09-09,GBPUSD=X,5.4828314781188965
2025-09-10,GBPUSD=X,-2.467616081237793
2025-09-11,GBPUSD=X,6.859288215637207
2025-09-12,GBPUSD=X,3.1338977813720703
2025-09-15,GBPUSD=X,-1.3704605102539062
2025-09-16,GBPUSD=X,4.913250923156738
2025-09-17,GBPUSD=X,2.0098021030426025
2025-09-18,GBPUSD=X,0.7315357327461243
2025-09-19,GBPUSD=X,1.6539934873580933
2025-09-22,GBPUSD=X,1.5339099168777466
2025-09-23,GBPUSD=X,4.763596057891846
2025-09-24,GBPUSD=X,-0.6563776135444641
2025-09-25,GBPUSD=X,-0.8486044406890869
2025-09-26,GBPUSD=X,-4.659932613372803
2025-09-29,GBPUSD=X,-4.871565341949463
2025-09-30,GBPUSD=X,-2.1900081634521484
2025-10-01,GBPUSD=X,-3.777500629425049
2025-10-02,GBPUSD=X,7.916918754577637
2025-10-03,GBPUSD=X,-0.6719399094581604
2025-10-06,GBPUSD=X,-1.249527931213379
2025-10-07,GBPUSD=X,-1.4157744646072388
2025-10-08,GBPUSD=X,0.6429861187934875
2025-10-09,GBPUSD=X,1.622254729270935
2025-10-10,GBPUSD=X,1.2620669603347778
2025-10-13,GBPUSD=X,1.6683928966522217
2025-10-14,GBPUSD=X,2.8421378135681152
2025-10-15,GBPUSD=X,2.0764291286468506
2025-10-16,GBPUSD=X,-14.381719589233398
2025-10-17,GBPUSD=X,-3.3745548725128174
2025-10-20,GBPUSD=X,0.49672001600265503
2025-10-21,GBPUSD=X,-1.099091649055481
2025-10-22,GBPUSD=X,2.4438059329986572
2025-10-23,GBPUSD=X,1.930564045906067
2025-10-24,GBPUSD=X,4.331608295440674
2025-10-27,GBPUSD=X,-2.939793109893799
2025-10-28,GBPUSD=X,-1.083117127418518
2025-10-29,GBPUSD=X,1.1605395078659058
2025-10-30,GBPUSD=X,3.181117057800293
2025-10-31,GBPUSD=X,-0.8909998536109924
2025-11-03,GBPUSD=X,3.406442403793335
2025-11-04,GBPUSD=X,-2.4172000885009766
2025-11-05,GBPUSD=X,4.410865783691406
2025-11-06,GBPUSD=X,5.2290778160095215
2025-11-07,GBPUSD=X,3.6274657249450684
2025-11-10,GBPUSD=X,-7.16459321975708
2025-11-11,GBPUSD=X,-7.656706809997559
2025-11-12,GBPUSD=X,-4.756180763244629
2025-11-13,GBPUSD=X,-0.5338502526283264
2025-11-14,GBPUSD=X,0.9890248775482178
2025-11-17,GBPUSD=X,-0.025272440165281296
2025-11-18,GBPUSD=X,-4.110107898712158
2025-11-19,GBPUSD=X,-4.06881856918335
2025-11-20,GBPUSD=X,6.854690074920654
2025-11-21,GBPUSD=X,3.0605392456054688
2025-11-24,GBPUSD=X,-1.8773287534713745
2025-11-25,GBPUSD=X,0.008051102980971336
2025-11-26,GBPUSD=X,0.3145662546157837
2025-11-27,GBPUSD=X,0.4507192373275757
2025-07-24,JPM,-0.06015927344560623
2025-07-25,JPM,0.6854567527770996
2025-07-28,JPM,-0.012293378822505474
2025-07-29,JPM,0.3555943965911865
2025-07-30,JPM,-0.16611915826797485
2025-07-31,JPM,0.19184458255767822
2025-08-01,JPM,0.525136411190033
2025-08-04,JPM,1.8863015174865723
2025-08-05,JPM,0.3172871470451355
2025-08-06,JPM,-0.06796763837337494
2025-08-07,JPM,-1.959761619567871
2025-08-08,JPM,-1.936450719833374
2025-08-11,JPM,-3.403740644454956
2025-08-12,JPM,-1.9317302703857422
2025-08-13,JPM,3.2606873512268066
2025-08-14,JPM,-1.152984619140625
2025-08-15,JPM,-0.7596551775932312
2025-08-18,JPM,-0.2460024356842041
2025-08-19,JPM,-1.4926881790161133
2025-08-20,JPM,0.4903547763824463
2025-08-21,JPM,0.45101168751716614
2025-08-22,JPM,2.6565170288085938
2025-08-25,JPM,0.1534198671579361
2025-08-26,JPM,3.078115940093994
2025-08-27,JPM,2.667656183242798
2025-08-28,JPM,0.3813781142234802
2025-08-29,JPM,2.090820789337158
2025-09-02,JPM,0.6852061152458191
2025-09-03,JPM,0.5989398956298828
2025-09-04,JPM,-0.27775511145591736
2025-09-05,JPM,0.29515522718429565
2025-09-08,JPM,1.2307497262954712
2025-09-09,JPM,1.0434515476226807
2025-09-10,JPM,1.61159086227417
2025-09-11,JPM,-0.4536358416080475
2025-09-12,JPM,0.16901184618473053
2025-09-15,JPM,0.3891325891017914
2025-09-16,JPM,-0.3841819763183594
2025-09-17,JPM,0.449820876121521
2025-09-18,JPM,0.27907049655914307
2025-09-19,JPM,0.3597082197666168
2025-09-22,JPM,0.6522372364997864
2025-09-23,JPM,0.942864179611206
2025-09-24,JPM,0.5703511834144592
2025-09-25,JPM,0.2089575231075287
2025-09-26,JPM,0.44152969121932983
2025-09-29,JPM,0.13528475165367126
2025-09-30,JPM,-0.5891064405441284
2025-10-01,JPM,1.0240237712860107
2025-10-02,JPM,2.658289909362793
2025-10-03,JPM,2.723517656326294
2025-10-06,JPM,0.7227850556373596
2025-10-07,JPM,-1.7521419525146484
2025-10-08,JPM,0.44533899426460266
2025-10-09,JPM,-1.1353899240493774
2025-10-10,JPM,-0.7193289399147034
2025-10-13,JPM,-2.0371105670928955
2025-10-14,JPM,-1.459914207458496
2025-10-15,JPM,-1.3550972938537598
2025-10-16,JPM,-2.3035528659820557
2025-10-17,JPM,-1.1071057319641113
2025-10-20,JPM,-5.274111747741699
2025-10-21,JPM,-1.6289008855819702
2025-10-22,JPM,-2.471007823944092
2025-10-23,JPM,-0.890335202217102
2025-10-24,JPM,0.6609336137771606
2025-10-27,JPM,-0.624089241027832
2025-10-28,JPM,-2.500932216644287
2025-10-29,JPM,-0.20796936750411987
2025-10-30,JPM,-1.5566458702087402
2025-10-31,JPM,-1.326723575592041
2025-11-03,JPM,-0.7081695199012756
2025-11-04,JPM,0.8311295509338379
2025-11-05,JPM,1.437170386314392
2025-11-06,JPM,0.24802139401435852
2025-11-07,JPM,-0.24378477036952972
2025-11-10,JPM,0.21211665868759155
2025-11-11,JPM,-0.6924902200698853
2025-11-12,JPM,-0.23278822004795074
2025-11-13,JPM,0.12179279327392578
2025-11-14,JPM,0.9407501220703125
2025-11-17,JPM,1.7294213771820068
2025-11-18,JPM,0.20383669435977936
2025-11-19,JPM,-1.3231711387634277
2025-11-20,JPM,0.14797477424144745
2025-11-21,JPM,1.0811405181884766
2025-11-24,JPM,-1.4879485368728638
2025-11-25,JPM,0.4610575735569
2025-11-26,JPM,-0.47308218479156494
2025-07-24,TSLA,0.984919011592865
2025-07-25,TSLA,0.8115409016609192
2025-07-28,TSLA,0.21436312794685364
2025-07-29,TSLA,0.8151959776878357
2025-07-30,TSLA,1.0378167629241943
2025-07-31,TSLA,0.05391534045338631
2025-08-01,TSLA,0.44468820095062256
2025-08-04,TSLA,-0.03018498234450817
2025-08-05,TSLA,-0.752358615398407
2025-08-06,TSLA,-0.1790134310722351
2025-08-07,TSLA,0.320372998714447
2025-08-08,TSLA,0.0601058304309845
2025-08-11,TSLA,-0.11662931740283966
2025-08-12,TSLA,-0.6493739485740662
2025-08-13,TSLA,0.15651552379131317
2025-08-14,TSLA,0.6730347871780396
2025-08-15,TSLA,0.5758777856826782
2025-08-18,TSLA,0.21001401543617249
2025-08-19,TSLA,-0.05933137610554695
2025-08-20,TSLA,0.6220524907112122
2025-08-21,TSLA,0.6794499158859253
2025-08-22,TSLA,0.1316317617893219
2025-08-25,TSLA,0.2848588228225708
2025-08-26,TSLA,0.7351874709129333
2025-08-27,TSLA,0.4642197787761688
2025-08-28,TSLA,0.15458141267299652
2025-08-29,TSLA,0.5468828082084656
2025-09-02,TSLA,0.45715972781181335
2025-09-03,TSLA,0.6388620734214783
2025-09-04,TSLA,0.4044792950153351
2025-09-05,TSLA,0.0423252135515213
2025-09-08,TSLA,0.7497564554214478
2025-09-09,TSLA,0.4164418876171112
2025-09-10,TSLA,0.08759724348783493
2025-09-11,TSLA,0.2317652851343155
2025-09-12,TSLA,0.4391899108886719
2025-09-15,TSLA,-0.29968932271003723
2025-09-16,TSLA,-1.575210452079773
2025-09-17,TSLA,-0.38380780816078186
2025-09-18,TSLA,-0.07955870032310486
2025-09-19,TSLA,0.07071712613105774
2025-09-22,TSLA,0.22040864825248718
2025-09-23,TSLA,0.123062364757061
2025-09-24,TSLA,0.05914783850312233
2025-09-25,TSLA,-0.19776980578899384
2025-09-26,TSLA,0.09191649407148361
2025-09-29,TSLA,0.07745306938886642
2025-09-30,TSLA,0.1275816410779953
2025-10-01,TSLA,0.08784173429012299
2025-10-02,TSLA,0.3088169991970062
2025-10-03,TSLA,0.634661853313446
2025-10-06,TSLA,0.536597490310669
2025-10-07,TSLA,0.37946078181266785
2025-10-08,TSLA,0.766382098197937
2025-10-09,TSLA,0.9174289703369141
2025-10-10,TSLA,0.629220724105835
2025-10-13,TSLA,0.8489635586738586
2025-10-14,TSLA,0.2156611829996109
2025-10-15,TSLA,-0.436724990606308
2025-10-16,TSLA,1.7498575448989868
2025-10-17,TSLA,0.3398153781890869
2025-10-20,TSLA,0.45743435621261597
2025-10-21,TSLA,0.2556621730327606
2025-10-22,TSLA,0.7946438193321228
2025-10-23,TSLA,0.17592430114746094
2025-10-24,TSLA,0.11162830889225006
2025-10-27,TSLA,0.12472624331712723
2025-10-28,TSLA,0.385905921459198
2025-10-29,TSLA,0.2205556333065033
2025-10-30,TSLA,0.11330116540193558
2025-10-31,TSLA,0.12023301422595978
2025-11-03,TSLA,0.1041744202375412
2025-11-04,TSLA,0.3312019109725952
2025-11-05,TSLA,1.489100456237793
2025-11-06,TSLA,0.29526859521865845
2025-11-07,TSLA,0.44935765862464905
2025-11-10,TSLA,0.5093944072723389
2025-11-11,TSLA,0.17628759145736694
2025-11-12,TSLA,-0.15290217101573944
2025-11-13,TSLA,-1.6610153913497925
2025-11-14,TSLA,-1.060250163078308
2025-11-17,TSLA,-0.44471287727355957
2025-11-18,TSLA,-0.4873347878456116
2025-11-19,TSLA,-0.04615800827741623
2025-11-20,TSLA,-0.013308987952768803
2025-11-21,TSLA,0.44611477851867676
2025-11-24,TSLA,-0.7156288027763367
2025-11-25,TSLA,0.4824775457382202
2025-11-26,TSLA,0.4682406783103943
2025-07-24,XOM,-2.664527654647827
2025-07-25,XOM,-0.3494134247303009
2025-07-28,XOM,-1.7744691371917725
2025-07-29,XOM,0.19823427498340607
2025-07-30,XOM,0.4281202256679535
2025-07-31,XOM,1.8182274103164673
2025-08-01,XOM,0.24143655598163605
2025-08-04,XOM,1.1228537559509277
2025-08-05,XOM,0.6823792457580566
2025-08-06,XOM,-1.3631356954574585
2025-08-07,XOM,-0.12971392273902893
2025-08-08,XOM,-2.6440916061401367
2025-08-11,XOM,0.00737552298232913
2025-08-12,XOM,-0.6828064918518066
2025-08-13,XOM,-0.0041755326092243195
2025-08-14,XOM,1.7389925718307495
2025-08-15,XOM,0.2001020312309265
2025-08-18,XOM,-0.056623734533786774
2025-08-19,XOM,0.9689059257507324
2025-08-20,XOM,0.7803281545639038
2025-08-21,XOM,-2.8785417079925537
2025-08-22,XOM,-1.6485974788665771
2025-08-25,XOM,-2.476356267929077
2025-08-26,XOM,0.09942770004272461
2025-08-27,XOM,0.578438401222229
2025-08-28,XOM,1.3290605545043945
2025-08-29,XOM,-0.04973461851477623
2025-09-02,XOM,-0.16557730734348297
2025-09-03,XOM,0.19118164479732513
2025-09-04,XOM,0.7417340874671936
2025-09-05,XOM,1.0890377759933472
2025-09-08,XOM,2.072169780731201
2025-09-09,XOM,2.2771413326263428
2025-09-10,XOM,-0.03636837750673294
2025-09-11,XOM,-1.3026254177093506
2025-09-12,XOM,0.7484537363052368
2025-09-15,XOM,-1.1399377584457397
2025-09-16,XOM,-0.2873688340187073
2025-09-17,XOM,-1.1652228832244873
2025-09-18,XOM,2.173332691192627
2025-09-19,XOM,-3.6660544872283936
2025-09-22,XOM,0.46412423253059387
2025-09-23,XOM,0.2471936196088791
2025-09-24,XOM,1.626974105834961
2025-09-25,XOM,-1.1929904222488403
2025-09-26,XOM,0.6140591502189636
2025-09-29,XOM,0.9414889216423035
2025-09-30,XOM,2.1356518268585205
2025-10-01,XOM,1.6301034688949585
2025-10-02,XOM,1.5469599962234497
2025-10-03,XOM,-0.5974213480949402
2025-10-06,XOM,-1.379015326499939
2025-10-07,XOM,0.10774228721857071
2025-10-08,XOM,0.4909723401069641
2025-10-09,XOM,1.166467308998108
2025-10-10,XOM,0.5698937177658081
2025-10-13,XOM,0.2608087658882141
2025-10-14,XOM,-1.2751106023788452
2025-10-15,XOM,0.6383495330810547
2025-10-16,XOM,-3.6689603328704834
2025-10-17,XOM,-1.3354684114456177
2025-10-20,XOM,1.8599852323532104
2025-10-21,XOM,1.7025036811828613
2025-10-22,XOM,2.505992889404297
2025-10-23,XOM,2.4440670013427734
2025-10-24,XOM,1.1998661756515503
2025-10-27,XOM,2.9514427185058594
2025-10-28,XOM,1.0377768278121948
2025-10-29,XOM,2.5203566551208496
2025-10-30,XOM,0.9951780438423157
2025-10-31,XOM,0.7534549236297607
2025-11-03,XOM,1.0611897706985474
2025-11-04,XOM,1.0677582025527954
2025-11-05,XOM,0.3838408887386322
2025-11-06,XOM,-1.3954017162322998
2025-11-07,XOM,-1.356408953666687
2025-11-10,XOM,-2.543923854827881
2025-11-11,XOM,-2.487281560897827
2025-11-12,XOM,0.6375560760498047
2025-11-13,XOM,2.1953988075256348
2025-11-14,XOM,0.9305238127708435
2025-11-17,XOM,0.22816245257854462
2025-11-18,XOM,0.9497638940811157
2025-11-19,XOM,0.8856147527694702
2025-11-20,XOM,0.7755970358848572
2025-11-21,XOM,0.9913081526756287
2025-11-24,XOM,0.9654082655906677
2025-11-25,XOM,2.5865602493286133
2025-11-26,XOM,2.107449769973755
2025-07-24,SPY,0.2369936853647232
2025-07-25,SPY,0.2976182997226715
2025-07-28,SPY,0.5749443769454956
2025-07-29,SPY,0.6621801257133484
2025-07-30,SPY,0.977644681930542
2025-07-31,SPY,0.9145790934562683
2025-08-01,SPY,1.393385648727417
2025-08-04,SPY,2.0851945877075195
2025-08-05,SPY,0.6626258492469788
2025-08-06,SPY,-0.5483536720275879
2025-08-07,SPY,2.788276195526123
2025-08-08,SPY,2.7685580253601074
2025-08-11,SPY,0.35001757740974426
2025-08-12,SPY,0.5802302360534668
2025-08-13,SPY,0.48230913281440735
2025-08-14,SPY,0.6456957459449768
2025-08-15,SPY,1.7191832065582275
2025-08-18,SPY,1.5342252254486084
2025-08-19,SPY,0.9800576567649841
2025-08-20,SPY,1.13125479221344
2025-08-21,SPY,1.6601502895355225
2025-08-22,SPY,0.5415678024291992
2025-08-25,SPY,0.5007762908935547
2025-08-26,SPY,2.0465989112854004
2025-08-27,SPY,1.4783055782318115
2025-08-28,SPY,0.833856463432312
2025-08-29,SPY,0.20103894174098969
2025-09-02,SPY,1.8154126405715942
2025-09-03,SPY,2.063520669937134
2025-09-04,SPY,1.0022820234298706
2025-09-05,SPY,-0.8019046187400818
2025-09-08,SPY,2.7753236293792725
2025-09-09,SPY,-2.16727876663208
2025-09-10,SPY,0.5376116633415222
2025-09-11,SPY,0.18117143213748932
2025-09-12,SPY,-0.9975912570953369
2025-09-15,SPY,0.44233930110931396
2025-09-16,SPY,0.6802613139152527
2025-09-17,SPY,0.8077360987663269
2025-09-18,SPY,0.6745292544364929
2025-09-19,SPY,0.3554448187351227
2025-09-22,SPY,0.10734283179044724
2025-09-23,SPY,0.445494145154953
2025-09-24,SPY,0.40105536580085754
2025-09-25,SPY,1.4338949918746948
2025-09-26,SPY,1.4307942390441895
2025-09-29,SPY,0.27230191230773926
2025-09-30,SPY,0.09096623212099075
2025-10-01,SPY,0.501691997051239
2025-10-02,SPY,0.46442899107933044
2025-10-03,SPY,0.470215380191803
2025-10-06,SPY,0.5648942589759827
2025-10-07,SPY,0.7056636810302734
2025-10-08,SPY,0.8247115612030029
2025-10-09,SPY,0.387234628200531
2025-10-10,SPY,1.8388417959213257
2025-10-13,SPY,2.379528284072876
2025-10-14,SPY,0.2609860301017761
2025-10-15,SPY,1.4081227779388428
2025-10-16,SPY,4.250671863555908
2025-10-17,SPY,-0.9365008473396301
2025-10-20,SPY,1.650777816772461
2025-10-21,SPY,-1.6910557746887207
2025-10-22,SPY,2.6438353061676025
2025-10-23,SPY,1.6208311319351196
2025-10-24,SPY,0.4358331859111786
2025-10-27,SPY,-2.9525258541107178
2025-10-28,SPY,1.559448003768921
2025-10-29,SPY,-3.4349589347839355
2025-10-30,SPY,1.0302436351776123
2025-10-31,SPY,0.54856938123703
2025-11-03,SPY,0.6524027585983276
2025-11-04,SPY,1.71901273727417
2025-11-05,SPY,3.2798383235931396
2025-11-06,SPY,2.1288511753082275
2025-11-07,SPY,2.4827728271484375
2025-11-10,SPY,1.6772199869155884
2025-11-11,SPY,0.7820864319801331
2025-11-12,SPY,1.6319327354431152
2025-11-13,SPY,0.6523733735084534
2025-11-14,SPY,0.021249691024422646
2025-11-17,SPY,2.0177180767059326
2025-11-18,SPY,0.38622161746025085
2025-11-19,SPY,-3.7500128746032715
2025-11-20,SPY,-1.3088884353637695
2025-11-21,SPY,-2.1981935501098633
2025-11-24,SPY,-1.6689234972000122
2025-11-25,SPY,3.1553754806518555
2025-11-26,SPY,1.148328423500061
2025-07-23,EURUSD=X,-1.0000684261322021
2025-07-24,EURUSD=X,2.877302408218384
2025-07-25,EURUSD=X,2.6794161796569824
2025-07-28,EURUSD=X,2.7734265327453613
2025-07-29,EURUSD=X,1.1099615097045898
2025-07-30,EURUSD=X,4.3827948570251465
2025-07-31,EURUSD=X,4.399319648742676
2025-08-01,EURUSD=X,-0.5410200357437134
2025-08-04,EURUSD=X,-5.399539947509766
2025-08-05,EURUSD=X,-1.86879301071167
2025-08-06,EURUSD=X,-2.465047836303711
2025-08-07,EURUSD=X,-1.806171178817749
2025-08-08,EURUSD=X,1.1924731731414795
2025-08-11,EURUSD=X,7.636586666107178
2025-08-12,EURUSD=X,4.971044063568115
2025-08-13,EURUSD=X,-0.6483714580535889
2025-08-14,EURUSD=X,-2.671034097671509
2025-08-15,EURUSD=X,-6.292636871337891
2025-08-18,EURUSD=X,-1.7059259414672852
2025-08-19,EURUSD=X,1.6524085998535156
2025-08-20,EURUSD=X,2.358323574066162
2025-08-21,EURUSD=X,5.459696292877197
2025-08-22,EURUSD=X,1.7870688438415527
2025-08-25,EURUSD=X,-0.7376023530960083
2025-08-26,EURUSD=X,7.082259178161621
2025-08-27,EURUSD=X,3.774498701095581
2025-08-28,EURUSD=X,4.429957866668701
2025-08-29,EURUSD=X,-0.567999005317688
2025-09-01,EURUSD=X,2.896702766418457
2025-09-02,EURUSD=X,1.6518977880477905
2025-09-03,EURUSD=X,5.707618713378906
2025-09-04,EURUSD=X,2.1647250652313232
2025-09-05,EURUSD=X,4.900462627410889
2025-09-08,EURUSD=X,6.026277542114258
2025-09-09,EURUSD=X,-2.823296070098877
2025-09-10,EURUSD=X,2.2593462467193604
2025-09-11,EURUSD=X,6.661309242248535
2025-09-12,EURUSD=X,4.023869037628174
2025-09-15,EURUSD=X,-2.6084752082824707
2025-09-16,EURUSD=X,3.2749247550964355
2025-09-17,EURUSD=X,2.46189022064209
2025-09-18,EURUSD=X,0.6445407867431641
2025-09-19,EURUSD=X,2.7116503715515137
2025-09-22,EURUSD=X,3.317953586578369
2025-09-23,EURUSD=X,2.6482441425323486
2025-09-24,EURUSD=X,2.1393651962280273
2025-09-25,EURUSD=X,5.265671730041504
2025-09-26,EURUSD=X,3.7814722061157227
2025-09-29,EURUSD=X,6.622407913208008
2025-09-30,EURUSD=X,0.9694613814353943
2025-10-01,EURUSD=X,-1.5700418949127197
2025-10-02,EURUSD=X,-5.839199542999268
2025-10-03,EURUSD=X,-5.374948978424072
2025-10-06,EURUSD=X,-2.6009082794189453
2025-10-07,EURUSD=X,-0.8729923963546753
2025-10-08,EURUSD=X,1.9433472156524658
2025-10-09,EURUSD=X,2.4401113986968994
2025-10-10,EURUSD=X,1.116305947303772
2025-10-13,EURUSD=X,2.4464900493621826
2025-10-14,EURUSD=X,-2.6988885402679443
2025-10-15,EURUSD=X,2.001124382019043
2025-10-16,EURUSD=X,-0.4583803415298462
2025-10-17,EURUSD=X,-7.737322807312012
2025-10-20,EURUSD=X,-5.121582508087158
2025-10-21,EURUSD=X,0.3903132677078247
2025-10-22,EURUSD=X,-0.31130003929138184
2025-10-23,EURUSD=X,-0.8411301374435425
2025-10-24,EURUSD=X,2.134650230407715
2025-10-27,EURUSD=X,0.09913770109415054
2025-10-28,EURUSD=X,-1.9271142482757568
2025-10-29,EURUSD=X,1.9469329118728638
2025-10-30,EURUSD=X,1.702974557876587
2025-10-31,EURUSD=X,2.997032642364502
2025-11-03,EURUSD=X,-1.7579909563064575
2025-11-04,EURUSD=X,3.6044862270355225
2025-11-05,EURUSD=X,-1.7219380140304565
2025-11-06,EURUSD=X,0.26566141843795776
2025-11-07,EURUSD=X,0.7081550359725952
2025-11-10,EURUSD=X,3.9779036045074463
2025-11-11,EURUSD=X,-0.246953085064888
2025-11-12,EURUSD=X,-1.5770426988601685
2025-11-13,EURUSD=X,0.7204017639160156
2025-11-14,EURUSD=X,2.24947452545166
2025-11-17,EURUSD=X,-0.8011660575866699
2025-11-18,EURUSD=X,-1.1851072311401367
2025-11-19,EURUSD=X,0.7158929705619812
2025-11-20,EURUSD=X,9.349128723144531
2025-11-21,EURUSD=X,2.059398889541626
2025-11-24,EURUSD=X,-2.7044408321380615
2025-11-25,EURUSD=X,-4.337622165679932
2025-11-26,EURUSD=X,-17.0920352935791
2025-11-27,EURUSD=X,-2.771596908569336
2025-07-24,GLD,1.8367111682891846
2025-07-25,GLD,2.5880582332611084
2025-07-28,GLD,2.2964704036712646
2025-07-29,GLD,2.5958805084228516
2025-07-30,GLD,-0.32467249035835266
2025-07-31,GLD,-1.4749445915222168
2025-08-01,GLD,-1.5970256328582764
2025-08-04,GLD,0.5462756156921387
2025-08-05,GLD,5.532332420349121
2025-08-06,GLD,4.109218597412109
2025-08-07,GLD,-0.8351883292198181
2025-08-08,GLD,0.584453821182251
2025-08-11,GLD,1.0421051979064941
2025-08-12,GLD,1.480836033821106
2025-08-13,GLD,-0.5034891366958618
2025-08-14,GLD,3.2873497009277344
2025-08-15,GLD,-0.5840097665786743
2025-08-18,GLD,1.95772385597229
2025-08-19,GLD,-1.1726315021514893
2025-08-20,GLD,-1.2854892015457153
2025-08-21,GLD,-0.5031045079231262
2025-08-22,GLD,0.297829806804657
2025-08-25,GLD,0.3003391623497009
2025-08-26,GLD,1.3185402154922485
2025-08-27,GLD,1.1632344722747803
2025-08-28,GLD,0.5275237560272217
2025-08-29,GLD,0.7235485911369324
2025-09-02,GLD,0.014337007887661457
2025-09-03,GLD,-0.20699800550937653
2025-09-04,GLD,0.7907962799072266
2025-09-05,GLD,0.5843493342399597
2025-09-08,GLD,0.40656688809394836
2025-09-09,GLD,0.06957699358463287
2025-09-10,GLD,0.12905347347259521
2025-09-11,GLD,0.8104439973831177
2025-09-12,GLD,-0.014487444423139095
2025-09-15,GLD,-0.6664800047874451
2025-09-16,GLD,-1.1142277717590332
2025-09-17,GLD,0.24246351420879364
2025-09-18,GLD,0.8308343291282654
2025-09-19,GLD,0.47827884554862976
2025-09-22,GLD,0.6354618668556213
2025-09-23,GLD,0.4647866487503052
2025-09-24,GLD,0.4472944736480713
2025-09-25,GLD,0.7153976559638977
2025-09-26,GLD,0.4577185809612274
2025-09-29,GLD,0.7234287858009338
2025-09-30,GLD,0.41489359736442566
2025-10-01,GLD,0.4722873568534851
2025-10-02,GLD,0.9468440413475037
2025-10-03,GLD,0.8411278128623962
2025-10-06,GLD,0.4097994863986969
2025-10-07,GLD,0.43069198727607727
2025-10-08,GLD,0.3383384346961975
2025-10-09,GLD,0.6880155801773071
2025-10-10,GLD,1.233980655670166
2025-10-13,GLD,0.44169312715530396
2025-10-14,GLD,0.5969698429107666
2025-10-15,GLD,0.03872738033533096
2025-10-16,GLD,0.3538515865802765
2025-10-17,GLD,0.6219035983085632
2025-10-20,GLD,0.7775023579597473
2025-10-21,GLD,0.9591223001480103
2025-10-22,GLD,1.38657808303833
2025-10-23,GLD,1.7228955030441284
2025-10-24,GLD,0.6279793381690979
2025-10-27,GLD,1.854110836982727
2025-10-28,GLD,2.859243154525757
2025-10-29,GLD,1.395620346069336
2025-10-30,GLD,0.13156841695308685
2025-10-31,GLD,-1.9569406509399414
2025-11-03,GLD,-0.09386962652206421
2025-11-04,GLD,-2.4766781330108643
2025-11-05,GLD,0.07386680692434311
2025-11-06,GLD,-0.8216781616210938
2025-11-07,GLD,0.3728957176208496
2025-11-10,GLD,1.1016982793807983
2025-11-11,GLD,0.10484195500612259
2025-11-12,GLD,2.306321859359741
2025-11-13,GLD,-0.2023131102323532
2025-11-14,GLD,1.9551281929016113
2025-11-17,GLD,0.4924217760562897
2025-11-18,GLD,1.6470052003860474
2025-11-19,GLD,-1.5347763299942017
2025-11-20,GLD,-1.3962258100509644
2025-11-21,GLD,-2.9432551860809326
2025-11-24,GLD,-2.4851298332214355
2025-11-25,GLD,-0.5330636501312256
2025-11-26,GLD,1.2439970970153809
2025-07-23,GC=F,3.8312346935272217
2025-07-24,GC=F,2.139930248260498
2025-07-25,GC=F,2.795630931854248
2025-07-28,GC=F,2.670367479324341
2025-07-29,GC=F,2.5749189853668213
2025-07-30,GC=F,-0.3809548318386078
2025-07-31,GC=F,-1.5970728397369385
2025-08-01,GC=F,-2.292161703109741
2025-08-04,GC=F,0.44584912061691284
2025-08-05,GC=F,4.199733734130859
2025-08-06,GC=F,1.5546458959579468
2025-08-07,GC=F,2.1610279083251953
2025-08-08,GC=F,0.8386771082878113
2025-08-11,GC=F,0.8293918967247009
2025-08-12,GC=F,2.1619644165039062
2025-08-13,GC=F,0.4574652314186096
2025-08-14,GC=F,-1.1358321905136108
2025-08-15,GC=F,-0.8558609485626221
2025-08-18,GC=F,-3.578248977661133
2025-08-19,GC=F,-1.1400562524795532
2025-08-20,GC=F,-1.742395043373108
2025-08-21,GC=F,0.03272465243935585
2025-08-22,GC=F,-0.016527684405446053
2025-08-25,GC=F,-0.044999390840530396
2025-08-26,GC=F,1.449498176574707
2025-08-27,GC=F,1.7475743293762207
2025-08-28,GC=F,0.2035435438156128
2025-08-29,GC=F,-0.7132704854011536
2025-09-02,GC=F,0.9509050846099854
2025-09-03,GC=F,0.3430652320384979
2025-09-04,GC=F,0.36920833587646484
2025-09-05,GC=F,-6.248653517104685e-05
2025-09-08,GC=F,-0.18466141819953918
2025-09-09,GC=F,-0.07634559273719788
2025-09-10,GC=F,0.1364244669675827
2025-09-11,GC=F,0.476165771484375
2025-09-12,GC=F,0.27772510051727295
2025-09-15,GC=F,-0.5343554019927979
2025-09-16,GC=F,-1.3959194421768188
2025-09-17,GC=F,-2.176499843597412
2025-09-18,GC=F,-0.8265291452407837
2025-09-19,GC=F,0.6584473252296448
2025-09-22,GC=F,0.37044158577919006
2025-09-23,GC=F,0.9527119398117065
2025-09-24,GC=F,0.8400388956069946
2025-09-25,GC=F,0.8118743896484375
2025-09-26,GC=F,0.8708578944206238
2025-09-29,GC=F,0.8573545813560486
2025-09-30,GC=F,0.4572170376777649
2025-10-01,GC=F,0.688183605670929
2025-10-02,GC=F,1.002700924873352
2025-10-03,GC=F,0.8815661072731018
2025-10-06,GC=F,0.32171356678009033
2025-10-07,GC=F,0.31689995527267456
2025-10-08,GC=F,0.42676886916160583
2025-10-09,GC=F,1.2286068201065063
2025-10-10,GC=F,1.5975584983825684
2025-10-13,GC=F,0.37033843994140625
2025-10-14,GC=F,0.49699127674102783
2025-10-15,GC=F,0.3986997604370117
2025-10-16,GC=F,0.45418721437454224
2025-10-17,GC=F,0.6746882796287537
2025-10-20,GC=F,0.7570483088493347
2025-10-21,GC=F,0.7464766502380371
2025-10-22,GC=F,1.224051594734192
2025-10-23,GC=F,1.6735562086105347
2025-10-24,GC=F,0.3968700170516968
2025-10-27,GC=F,1.469413161277771
2025-10-28,GC=F,2.9674885272979736
2025-10-29,GC=F,1.752036452293396
2025-10-30,GC=F,0.184090718626976
2025-10-31,GC=F,-1.6226565837860107
2025-11-03,GC=F,-0.09422706067562103
2025-11-04,GC=F,-0.4604587256908417
2025-11-05,GC=F,0.18305930495262146
2025-11-06,GC=F,-0.6023585796356201
2025-11-07,GC=F,0.3219074606895447
2025-11-10,GC=F,-0.6002369523048401
2025-11-11,GC=F,1.1515848636627197
2025-11-12,GC=F,-0.4502706825733185
2025-11-13,GC=F,-1.0456740856170654
2025-11-14,GC=F,-0.838750422000885
2025-11-17,GC=F,0.2553267180919647
2025-11-18,GC=F,3.5866849422454834
2025-11-19,GC=F,2.2232048511505127
2025-11-20,GC=F,0.32037290930747986
2025-11-21,GC=F,-0.909176230430603
2025-11-24,GC=F,-0.9966809153556824
2025-11-25,GC=F,-0.1309088170528412
2025-11-26,GC=F,1.6585370302200317
2025-07-23,HDFCBANK.NS,0.8143782019615173
2025-07-24,HDFCBANK.NS,2.5739498138427734
2025-07-25,HDFCBANK.NS,1.6888954639434814
2025-07-28,HDFCBANK.NS,1.5610374212265015
2025-07-29,HDFCBANK.NS,0.4371139109134674
2025-07-30,HDFCBANK.NS,0.924967885017395
2025-07-31,HDFCBANK.NS,1.5246280431747437
2025-08-01,HDFCBANK.NS,2.0762763023376465
2025-08-04,HDFCBANK.NS,0.39442941546440125
2025-08-05,HDFCBANK.NS,0.9939365983009338
2025-08-06,HDFCBANK.NS,2.425955295562744
2025-08-07,HDFCBANK.NS,-0.4130954146385193
2025-08-08,HDFCBANK.NS,-0.46523618698120117
2025-08-11,HDFCBANK.NS,-6.214877605438232
2025-08-12,HDFCBANK.NS,-3.295254707336426
2025-08-13,HDFCBANK.NS,-2.617558240890503
2025-08-14,HDFCBANK.NS,-3.601675033569336
2025-08-18,HDFCBANK.NS,0.7654586434364319
2025-08-19,HDFCBANK.NS,3.759511709213257
2025-08-20,HDFCBANK.NS,-0.597013533115387
2025-08-21,HDFCBANK.NS,-0.2546073794364929
2025-08-22,HDFCBANK.NS,0.10608865320682526
2025-08-25,HDFCBANK.NS,0.42647913098335266
2025-08-26,HDFCBANK.NS,0.9437585473060608
2025-08-28,HDFCBANK.NS,0.41518524289131165
2025-08-29,HDFCBANK.NS,-2.306180953979492
2025-09-01,HDFCBANK.NS,1.4616307020187378
2025-09-02,HDFCBANK.NS,0.7814329266548157
2025-09-03,HDFCBANK.NS,-0.28393274545669556
2025-09-04,HDFCBANK.NS,-0.8833457231521606
2025-09-05,HDFCBANK.NS,-1.8041276931762695
2025-09-08,HDFCBANK.NS,-1.7667317390441895
2025-09-09,HDFCBANK.NS,-0.38712725043296814
2025-09-10,HDFCBANK.NS,0.19434162974357605
2025-09-11,HDFCBANK.NS,2.1742472648620605
2025-09-12,HDFCBANK.NS,-0.7794688940048218
2025-09-15,HDFCBANK.NS,-0.7170383334159851
2025-09-16,HDFCBANK.NS,-2.080155611038208
2025-09-17,HDFCBANK.NS,-1.4884034395217896
2025-09-18,HDFCBANK.NS,-2.4429590702056885
2025-09-19,HDFCBANK.NS,-1.9111878871917725
2025-09-22,HDFCBANK.NS,0.8364480137825012
2025-09-23,HDFCBANK.NS,-0.3718169331550598
2025-09-24,HDFCBANK.NS,2.5076777935028076
2025-09-25,HDFCBANK.NS,-0.6813090443611145
2025-09-26,HDFCBANK.NS,-3.45994234085083
2025-09-29,HDFCBANK.NS,-4.075022220611572
2025-09-30,HDFCBANK.NS,-1.4646514654159546
2025-10-01,HDFCBANK.NS,-2.501877546310425
2025-10-03,HDFCBANK.NS,0.553225576877594
2025-10-06,HDFCBANK.NS,1.344138264656067
2025-10-07,HDFCBANK.NS,-1.5311280488967896
2025-10-08,HDFCBANK.NS,-3.700026273727417
2025-10-09,HDFCBANK.NS,2.6564409732818604
2025-10-10,HDFCBANK.NS,1.340330958366394
2025-10-13,HDFCBANK.NS,3.2731306552886963
2025-10-14,HDFCBANK.NS,2.5986905097961426
2025-10-15,HDFCBANK.NS,0.6349800229072571
2025-10-16,HDFCBANK.NS,-0.5241206288337708
2025-10-17,HDFCBANK.NS,1.0031598806381226
2025-10-20,HDFCBANK.NS,1.0047593116760254
2025-10-21,HDFCBANK.NS,-0.3269560635089874
2025-10-23,HDFCBANK.NS,-0.2058274745941162
2025-10-24,HDFCBANK.NS,0.09770393371582031
2025-10-27,HDFCBANK.NS,0.4790964424610138
2025-10-28,HDFCBANK.NS,0.6651532649993896
2025-10-29,HDFCBANK.NS,0.2968597114086151
2025-10-30,HDFCBANK.NS,1.1802116632461548
2025-10-31,HDFCBANK.NS,2.599795341491699
2025-11-03,HDFCBANK.NS,2.8214352130889893
2025-11-04,HDFCBANK.NS,1.0596829652786255
2025-11-06,HDFCBANK.NS,-1.1919273138046265
2025-11-07,HDFCBANK.NS,-1.7009978294372559
2025-11-10,HDFCBANK.NS,-1.5761229991912842
2025-11-11,HDFCBANK.NS,-1.0048575401306152
2025-11-12,HDFCBANK.NS,-1.3612228631973267
2025-11-13,HDFCBANK.NS,-1.7672170400619507
2025-11-14,HDFCBANK.NS,-1.2040988206863403
2025-11-17,HDFCBANK.NS,-1.2238472700119019
2025-11-18,HDFCBANK.NS,0.3275226652622223
2025-11-19,HDFCBANK.NS,1.2366374731063843
2025-11-20,HDFCBANK.NS,0.011083976365625858
2025-11-21,HDFCBANK.NS,-3.0621402263641357
2025-11-24,HDFCBANK.NS,2.9092297554016113
2025-11-25,HDFCBANK.NS,0.17831428349018097
2025-11-26,HDFCBANK.NS,4.833189487457275
2025-11-27,HDFCBANK.NS,1.6145519018173218
2025-07-24,AMZN,0.2966291904449463
2025-07-25,AMZN,0.16002079844474792
2025-07-28,AMZN,0.2918679416179657
2025-07-29,AMZN,0.2667138874530792
2025-07-30,AMZN,0.7009714841842651
2025-07-31,AMZN,0.3867313861846924
2025-08-01,AMZN,0.6589220762252808
2025-08-04,AMZN,1.046739101409912
2025-08-05,AMZN,1.3862192630767822
2025-08-06,AMZN,0.2100273072719574
2025-08-07,AMZN,-0.2530970871448517
2025-08-08,AMZN,-1.1774495840072632
2025-08-11,AMZN,2.0158679485321045
2025-08-12,AMZN,0.5331899523735046
2025-08-13,AMZN,0.5196103453636169
2025-08-14,AMZN,0.8524353504180908
2025-08-15,AMZN,-0.2908702492713928
2025-08-18,AMZN,0.7674393057823181
2025-08-19,AMZN,0.053036630153656006
2025-08-20,AMZN,0.5511171817779541
2025-08-21,AMZN,1.4179425239562988
2025-08-22,AMZN,0.3170870244503021
2025-08-25,AMZN,0.1822986900806427
2025-08-26,AMZN,0.3831803500652313
2025-08-27,AMZN,0.40329185128211975
2025-08-28,AMZN,0.12175045162439346
2025-08-29,AMZN,1.746911644935608
2025-09-02,AMZN,1.4712305068969727
2025-09-03,AMZN,0.5823794603347778
2025-09-04,AMZN,0.6652870774269104
2025-09-05,AMZN,0.7574992775917053
2025-09-08,AMZN,1.7814205884933472
2025-09-09,AMZN,-0.24642187356948853
2025-09-10,AMZN,0.6322738528251648
2025-09-11,AMZN,0.7517077326774597
2025-09-12,AMZN,0.37687599658966064
2025-09-15,AMZN,0.27554017305374146
2025-09-16,AMZN,0.31341272592544556
2025-09-17,AMZN,0.8073100447654724
2025-09-18,AMZN,0.38602879643440247
2025-09-19,AMZN,-0.503338634967804
2025-09-22,AMZN,0.6426932215690613
2025-09-23,AMZN,1.6621111631393433
2025-09-24,AMZN,1.1906133890151978
2025-09-25,AMZN,0.4779532849788666
2025-09-26,AMZN,-1.2547258138656616
2025-09-29,AMZN,-0.5714201331138611
2025-09-30,AMZN,0.13009731471538544
2025-10-01,AMZN,-1.2458897829055786
2025-10-02,AMZN,-0.19513843953609467
2025-10-03,AMZN,1.018998384475708
2025-10-06,AMZN,-1.0060380697250366
2025-10-07,AMZN,-0.5091753602027893
2025-10-08,AMZN,0.6808676719665527
2025-10-09,AMZN,0.3485782742500305
2025-10-10,AMZN,1.917815923690796
2025-10-13,AMZN,0.8730064034461975
2025-10-14,AMZN,-0.14387142658233643
2025-10-15,AMZN,1.3695613145828247
2025-10-16,AMZN,-2.9671692848205566
2025-10-17,AMZN,-1.7374237775802612
2025-10-20,AMZN,-2.6494956016540527
2025-10-21,AMZN,-1.0526031255722046
2025-10-22,AMZN,0.20135217905044556
2025-10-23,AMZN,0.011078146286308765
2025-10-24,AMZN,0.19837115705013275
2025-10-27,AMZN,-1.4022969007492065
2025-10-28,AMZN,1.3118239641189575
2025-10-29,AMZN,0.049743738025426865
2025-10-30,AMZN,1.6212908029556274
2025-10-31,AMZN,1.6381152868270874
2025-11-03,AMZN,0.415243536233902
2025-11-04,AMZN,1.35325288772583
2025-11-05,AMZN,0.4400526285171509
2025-11-06,AMZN,0.9058789014816284
2025-11-07,AMZN,0.8066517114639282
2025-11-10,AMZN,0.9166274070739746
2025-11-11,AMZN,0.6579039096832275
2025-11-12,AMZN,1.3904434442520142
2025-11-13,AMZN,1.1346964836120605
2025-11-14,AMZN,1.5178821086883545
2025-11-17,AMZN,1.8837813138961792
2025-11-18,AMZN,1.0680426359176636
2025-11-19,AMZN,0.719697117805481
2025-11-20,AMZN,-1.0756906270980835
2025-11-21,AMZN,0.4206487238407135
2025-11-24,AMZN,-0.7462297677993774
2025-11-25,AMZN,0.31349554657936096
2025-11-26,AMZN,0.8162005543708801
2025-07-24,UNH,1.328503131866455
2025-07-25,UNH,-0.663844883441925
2025-07-28,UNH,0.437407910823822
2025-07-29,UNH,1.5847015380859375
2025-07-30,UNH,-0.06910373270511627
2025-07-31,UNH,0.12274312227964401
2025-08-01,UNH,1.0165013074874878
2025-08-04,UNH,0.12235578894615173
2025-08-05,UNH,1.283273696899414
2025-08-06,UNH,0.15880164504051208
2025-08-07,UNH,0.6952109932899475
2025-08-08,UNH,0.8125806450843811
2025-08-11,UNH,0.27656590938568115
2025-08-12,UNH,0.5290165543556213
2025-08-13,UNH,-1.22982656955719
2025-08-14,UNH,-0.8651692271232605
2025-08-15,UNH,-1.051222801208496
2025-08-18,UNH,-1.2917379140853882
2025-08-19,UNH,-0.7629395723342896
2025-08-20,UNH,0.5633431673049927
2025-08-21,UNH,0.9432650804519653
2025-08-22,UNH,0.08672929555177689
2025-08-25,UNH,0.18945802748203278
2025-08-26,UNH,0.2972736358642578
2025-08-27,UNH,0.17939160764217377
2025-08-28,UNH,-0.02616746351122856
2025-08-29,UNH,0.08579876273870468
2025-09-02,UNH,0.04230349138379097
2025-09-03,UNH,0.14060340821743011
2025-09-04,UNH,0.46844059228897095
2025-09-05,UNH,0.33395662903785706
2025-09-08,UNH,0.5097785592079163
2025-09-09,UNH,-0.4579867422580719
2025-09-10,UNH,-0.8376573324203491
2025-09-11,UNH,1.2866101264953613
2025-09-12,UNH,-0.9490126967430115
2025-09-15,UNH,0.37370359897613525
2025-09-16,UNH,0.39289605617523193
2025-09-17,UNH,0.7572097182273865
2025-09-18,UNH,0.9236472845077515
2025-09-19,UNH,1.1152855157852173
2025-09-22,UNH,0.7885696291923523
2025-09-23,UNH,-0.06596234440803528
2025-09-24,UNH,-0.2524576783180237
2025-09-25,UNH,0.5276391506195068
2025-09-26,UNH,1.5987753868103027
2025-09-29,UNH,1.3699184656143188
2025-09-30,UNH,0.9187104105949402
2025-10-01,UNH,0.16431623697280884
2025-10-02,UNH,-0.5908229947090149
2025-10-03,UNH,-1.5281052589416504
2025-10-06,UNH,-0.9786896705627441
2025-10-07,UNH,-0.04330632463097572
2025-10-08,UNH,1.1576721668243408
2025-10-09,UNH,0.746246874332428
2025-10-10,UNH,0.939751148223877
2025-10-13,UNH,1.053841471672058
2025-10-14,UNH,0.8397182822227478
2025-10-15,UNH,-0.029371745884418488
2025-10-16,UNH,1.1495029926300049
2025-10-17,UNH,1.19758939743042
2025-10-20,UNH,0.5300823450088501
2025-10-21,UNH,0.6870523691177368
2025-10-22,UNH,1.7469596862792969
2025-10-23,UNH,-1.8124510049819946
2025-10-24,UNH,0.5168404579162598
2025-10-27,UNH,-0.01278725080192089
2025-10-28,UNH,-0.3511318564414978
2025-10-29,UNH,2.2203123569488525
2025-10-30,UNH,-0.5405792593955994
2025-10-31,UNH,1.2969642877578735
2025-11-03,UNH,0.38824450969696045
2025-11-04,UNH,-0.9709447026252747
2025-11-05,UNH,-0.10757196694612503
2025-11-06,UNH,-0.004650176502764225
2025-11-07,UNH,-0.1981700360774994
2025-11-10,UNH,0.294522225856781
2025-11-11,UNH,0.17240403592586517
2025-11-12,UNH,0.12413275241851807
2025-11-13,UNH,0.4538452923297882
2025-11-14,UNH,-0.29289907217025757
2025-11-17,UNH,-0.17876845598220825
2025-11-18,UNH,0.10659043490886688
2025-11-19,UNH,0.9044474959373474
2025-11-20,UNH,1.3278591632843018
2025-11-21,UNH,1.0140035152435303
2025-11-24,UNH,1.3207895755767822
2025-11-25,UNH,1.3659709692001343
2025-11-26,UNH,0.73731929063797
2025-07-24,META,-1.4288115501403809
2025-07-25,META,0.0806536003947258
2025-07-28,META,-1.2286314964294434
2025-07-29,META,-0.4524597227573395
2025-07-30,META,-0.23955976963043213
2025-07-31,META,-1.0910654067993164
2025-08-01,META,1.2828599214553833
2025-08-04,META,0.7195029258728027
2025-08-05,META,1.7078980207443237
2025-08-06,META,0.7941751480102539
2025-08-07,META,1.3383512496948242
2025-08-08,META,1.0508370399475098
2025-08-11,META,1.508936882019043
2025-08-12,META,1.2845784425735474
2025-08-13,META,1.3459012508392334
2025-08-14,META,1.4764151573181152
2025-08-15,META,0.9570751190185547
2025-08-18,META,1.1657252311706543
2025-08-19,META,1.373488187789917
2025-08-20,META,1.324817180633545
2025-08-21,META,2.0509448051452637
2025-08-22,META,0.29258882999420166
2025-08-25,META,-0.7110005021095276
2025-08-26,META,-0.07881525158882141
2025-08-27,META,-1.5239118337631226
2025-08-28,META,0.6541417241096497
2025-08-29,META,0.5597378611564636
2025-09-02,META,0.9412329792976379
2025-09-03,META,0.10400901734828949
2025-09-04,META,0.43979841470718384
2025-09-05,META,-0.14040519297122955
2025-09-08,META,-0.16045911610126495
2025-09-09,META,1.5265822410583496
2025-09-10,META,1.3067357540130615
2025-09-11,META,1.2448041439056396
2025-09-12,META,0.6380253434181213
2025-09-15,META,1.4186351299285889
2025-09-16,META,2.6809873580932617
2025-09-17,META,-0.16856631636619568
2025-09-18,META,2.2241029739379883
2025-09-19,META,1.3009356260299683
2025-09-22,META,1.3298547267913818
2025-09-23,META,0.8168459534645081
2025-09-24,META,0.915640652179718
2025-09-25,META,0.20216183364391327
2025-09-26,META,-0.4037932753562927
2025-09-29,META,-0.38817429542541504
2025-09-30,META,0.18616360425949097
2025-10-01,META,-0.8817112445831299
2025-10-02,META,-0.2917000949382782
2025-10-03,META,0.11929181218147278
2025-10-06,META,-0.2815704345703125
2025-10-07,META,0.10386572033166885
2025-10-08,META,0.7093464136123657
2025-10-09,META,-1.0097116231918335
2025-10-10,META,0.32367604970932007
2025-10-13,META,-0.42540186643600464
2025-10-14,META,0.13159744441509247
2025-10-15,META,1.6164977550506592
2025-10-16,META,-2.8114891052246094
2025-10-17,META,0.6279938817024231
2025-10-20,META,-0.8072213530540466
2025-10-21,META,0.07142072916030884
2025-10-22,META,0.47263893485069275
2025-10-23,META,-1.2750722169876099
2025-10-24,META,-0.9194678068161011
2025-10-27,META,-0.6227651238441467
2025-10-28,META,-0.20762257277965546
2025-10-29,META,0.6781022548675537
2025-10-30,META,1.356451392173767
2025-10-31,META,0.8088161945343018
2025-11-03,META,1.0118480920791626
2025-11-04,META,0.5347291231155396
2025-11-05,META,-0.22661921381950378
2025-11-06,META,-0.5054792165756226
2025-11-07,META,0.05606551095843315
2025-11-10,META,0.12130943685770035
2025-11-11,META,1.0925136804580688
2025-11-12,META,0.7568413019180298
2025-11-13,META,1.0726127624511719
2025-11-14,META,1.2682673931121826
2025-11-17,META,1.2217400074005127
2025-11-18,META,1.0766011476516724
2025-11-19,META,1.0581587553024292
2025-11-20,META,2.7939577102661133
2025-11-21,META,2.758310317993164
2025-11-24,META,2.299651861190796
2025-11-25,META,1.6340408325195312
2025-11-26,META,-0.09015616774559021
2025-09-09,^NSEI,3.7712833881378174
2025-09-10,^NSEI,4.81471586227417
2025-09-11,^NSEI,2.864154100418091
2025-09-12,^NSEI,-3.0289053916931152
2025-09-15,^NSEI,2.227854013442993
2025-09-16,^NSEI,7.166872978210449
2025-09-17,^NSEI,6.181024551391602
2025-09-18,^NSEI,5.1258769035339355
2025-09-19,^NSEI,3.159209966659546
2025-09-22,^NSEI,0.8703749179840088
2025-09-23,^NSEI,-0.808276891708374
2025-09-24,^NSEI,-0.8135206699371338
2025-09-25,^NSEI,0.9248037338256836
2025-09-26,^NSEI,2.4814000129699707
2025-09-29,^NSEI,1.8959848880767822
2025-09-30,^NSEI,0.15315847098827362
2025-10-01,^NSEI,-3.767876148223877
2025-10-03,^NSEI,-0.5777819752693176
2025-10-06,^NSEI,2.6968274116516113
2025-10-07,^NSEI,-1.2956221103668213
2025-10-08,^NSEI,1.9887629747390747
2025-10-09,^NSEI,-0.21647313237190247
2025-10-10,^NSEI,0.21040070056915283
2025-10-13,^NSEI,-0.9334619045257568
2025-10-14,^NSEI,3.1487674713134766
2025-10-15,^NSEI,-0.853339672088623
2025-10-16,^NSEI,-2.7884361743927
2025-10-17,^NSEI,6.381363868713379
2025-10-20,^NSEI,5.412402629852295
2025-10-21,^NSEI,4.041676998138428
2025-10-23,^NSEI,4.270780086517334
2025-10-24,^NSEI,1.975082516670227
2025-10-27,^NSEI,-1.7590984106063843
2025-10-28,^NSEI,-4.425753116607666
2025-10-29,^NSEI,-3.9523556232452393
2025-10-30,^NSEI,-3.853635787963867
2025-10-31,^NSEI,-2.2026100158691406
2025-11-03,^NSEI,-0.07516782730817795
2025-11-04,^NSEI,-0.15545299649238586
2025-11-06,^NSEI,2.7361364364624023
2025-11-07,^NSEI,5.558443546295166
2025-11-10,^NSEI,0.08048910647630692
2025-11-11,^NSEI,-3.8034801483154297
2025-11-12,^NSEI,3.890127182006836
2025-11-13,^NSEI,-0.009274845942854881
2025-11-14,^NSEI,-0.5771046280860901
2025-11-17,^NSEI,0.040876831859350204
2025-11-18,^NSEI,0.4157595634460449
2025-11-19,^NSEI,2.071873188018799
2025-11-20,^NSEI,0.3371093273162842
2025-11-21,^NSEI,0.3203873038291931
2025-11-24,^NSEI,4.671809196472168
2025-11-25,^NSEI,4.7122602462768555
2025-11-26,^NSEI,4.87284517288208
2025-11-27,^NSEI,3.08762526512146
2025-12-23,DX-Y.NYB,3.171839475631714
2025-12-24,DX-Y.NYB,1.8060649633407593
2025-12-26,DX-Y.NYB,2.6796951293945312
2025-12-29,DX-Y.NYB,-2.2529296875
2025-12-30,DX-Y.NYB,1.0159958600997925
2025-12-31,DX-Y.NYB,3.380711555480957
2026-01-02,DX-Y.NYB,-1.7588852643966675
2026-01-05,DX-Y.NYB,-4.93428373336792
2026-01-06,DX-Y.NYB,-2.0277302265167236
2026-01-07,DX-Y.NYB,-1.1129199266433716
2026-01-08,DX-Y.NYB,-1.3274670839309692
2026-01-09,DX-Y.NYB,-0.5665323734283447
2026-01-12,DX-Y.NYB,2.4711103439331055
2026-01-13,DX-Y.NYB,7.63121223449707
2026-01-14,DX-Y.NYB,8.070691108703613
2026-01-15,DX-Y.NYB,1.6562623977661133
2026-01-16,DX-Y.NYB,1.951839566230774
2026-01-20,DX-Y.NYB,5.88682746887207
2026-01-21,DX-Y.NYB,3.559009552001953
2026-01-22,DX-Y.NYB,0.7482153177261353
2026-01-23,DX-Y.NYB,2.4978113174438477
2026-01-26,DX-Y.NYB,7.885764122009277
2026-01-27,DX-Y.NYB,6.901119232177734
2026-01-28,DX-Y.NYB,1.8950539827346802
2026-01-29,DX-Y.NYB,4.023010730743408
2026-01-30,DX-Y.NYB,0.8062700629234314
2026-02-02,DX-Y.NYB,-0.45367658138275146
2026-02-03,DX-Y.NYB,-4.138937473297119
2026-02-04,DX-Y.NYB,-0.755898118019104
2026-02-05,DX-Y.NYB,3.914806604385376
2026-02-06,DX-Y.NYB,-0.37727466225624084
2026-02-09,DX-Y.NYB,2.288769245147705
2026-02-10,DX-Y.NYB,0.32275885343551636
2026-02-11,DX-Y.NYB,-0.49602121114730835
2026-02-12,DX-Y.NYB,2.9085185527801514
2026-02-13,DX-Y.NYB,-0.32414689660072327
2026-02-17,DX-Y.NYB,1.4830538034439087
2026-02-18,DX-Y.NYB,-0.41530147194862366
2026-02-19,DX-Y.NYB,-1.0796082019805908
2026-02-20,DX-Y.NYB,1.505009412765503
2026-02-23,DX-Y.NYB,0.9908879399299622
2026-02-24,DX-Y.NYB,2.1458778381347656
2026-02-25,DX-Y.NYB,5.827144622802734
2026-02-26,DX-Y.NYB,4.607358455657959
2026-02-27,DX-Y.NYB,4.8836140632629395
2026-03-02,DX-Y.NYB,2.1277267932891846
2026-03-03,DX-Y.NYB,-0.9949060082435608
2026-03-04,DX-Y.NYB,0.699871838092804
2026-03-05,DX-Y.NYB,-5.420234680175781
2026-03-06,DX-Y.NYB,-0.6430200934410095
2026-03-09,DX-Y.NYB,-0.11294746398925781
2026-03-10,DX-Y.NYB,0.8247720003128052
2026-03-11,DX-Y.NYB,2.091978073120117
2026-03-12,DX-Y.NYB,-0.4158375859260559
2026-03-13,DX-Y.NYB,-0.8354597687721252
2026-03-16,DX-Y.NYB,2.5036683082580566
2026-03-17,DX-Y.NYB,5.689826011657715
2026-03-18,DX-Y.NYB,1.099600911140442
2026-03-19,DX-Y.NYB,-0.8788800239562988
2026-03-20,DX-Y.NYB,-1.3454664945602417
2026-03-23,DX-Y.NYB,0.29057490825653076
2026-03-24,DX-Y.NYB,2.9277241230010986
2026-03-25,DX-Y.NYB,-3.0649209022521973
2026-03-26,DX-Y.NYB,0.49088358879089355
2026-03-27,DX-Y.NYB,-0.5574049949645996
2026-03-30,DX-Y.NYB,2.732668161392212
2026-03-31,DX-Y.NYB,3.9078471660614014
2026-04-01,DX-Y.NYB,7.3607497215271
2026-04-02,DX-Y.NYB,4.306413650512695
2026-04-06,DX-Y.NYB,-1.3201453685760498
2026-04-07,DX-Y.NYB,-0.7470372319221497
2026-04-08,DX-Y.NYB,4.3784966468811035
2026-04-09,DX-Y.NYB,8.991445541381836
2026-04-10,DX-Y.NYB,2.7275516986846924
2026-04-13,DX-Y.NYB,5.223938465118408
2026-04-14,DX-Y.NYB,8.64107608795166
2026-04-15,DX-Y.NYB,3.3459789752960205
2026-04-16,DX-Y.NYB,1.9309539794921875
2026-04-17,DX-Y.NYB,3.5528769493103027
2026-04-20,DX-Y.NYB,3.4825589656829834
2026-04-21,DX-Y.NYB,0.9509391784667969
2026-04-22,DX-Y.NYB,4.792633533477783
2026-04-23,DX-Y.NYB,-1.4539027214050293
2026-04-24,DX-Y.NYB,-1.970177173614502
2026-04-27,DX-Y.NYB,-0.9589167237281799
2026-04-28,DX-Y.NYB,-0.6903281211853027
2026-04-29,DX-Y.NYB,-2.4444665908813477
2025-12-23,GBPUSD=X,-0.1964254379272461
2025-12-24,GBPUSD=X,2.1170201301574707
2025-12-26,GBPUSD=X,1.7632108926773071
2025-12-29,GBPUSD=X,-5.309996128082275
2025-12-30,GBPUSD=X,0.24816876649856567
2025-12-31,GBPUSD=X,-0.2363625317811966
2026-01-02,GBPUSD=X,1.3450785875320435
2026-01-05,GBPUSD=X,1.7513396739959717
2026-01-06,GBPUSD=X,0.13092872500419617
2026-01-07,GBPUSD=X,0.5167207717895508
2026-01-08,GBPUSD=X,8.050766944885254
2026-01-09,GBPUSD=X,-3.0852298736572266
2026-01-12,GBPUSD=X,-1.3732966184616089
2026-01-13,GBPUSD=X,-2.6100375652313232
2026-01-14,GBPUSD=X,-1.815981388092041
2026-01-15,GBPUSD=X,2.6437184810638428
2026-01-16,GBPUSD=X,16.613866806030273
2026-01-19,GBPUSD=X,5.982099533081055
2026-01-20,GBPUSD=X,-6.483238697052002
2026-01-21,GBPUSD=X,-4.266359806060791
2026-01-22,GBPUSD=X,15.729912757873535
2026-01-23,GBPUSD=X,10.062813758850098
2026-01-26,GBPUSD=X,-1.033342719078064
2026-01-27,GBPUSD=X,-0.15273745357990265
2026-01-28,GBPUSD=X,5.265780925750732
2026-01-29,GBPUSD=X,7.811171531677246
2026-01-30,GBPUSD=X,9.89167594909668
2026-02-02,GBPUSD=X,5.186130523681641
2026-02-03,GBPUSD=X,4.972641944885254
2026-02-04,GBPUSD=X,3.5623109340667725
2026-02-05,GBPUSD=X,1.905571460723877
2026-02-06,GBPUSD=X,3.441279172897339
2026-02-09,GBPUSD=X,6.315530776977539
2026-02-10,GBPUSD=X,-0.5065067410469055
2026-02-11,GBPUSD=X,0.08826566487550735
2026-02-12,GBPUSD=X,13.309311866760254
2026-02-13,GBPUSD=X,-5.423566818237305
2026-02-16,GBPUSD=X,-4.720998764038086
2026-02-17,GBPUSD=X,-5.207540035247803
2026-02-18,GBPUSD=X,-4.112517356872559
2026-02-19,GBPUSD=X,-0.5052093863487244
2026-02-20,GBPUSD=X,5.0353264808654785
2026-02-23,GBPUSD=X,1.174174189567566
2026-02-24,GBPUSD=X,-2.703111171722412
2026-02-25,GBPUSD=X,1.5461273193359375
2026-02-26,GBPUSD=X,6.911966800689697
2026-02-27,GBPUSD=X,2.636617422103882
2026-03-02,GBPUSD=X,1.8302725553512573
2026-03-03,GBPUSD=X,-0.35245105624198914
2026-03-04,GBPUSD=X,3.418630599975586
2026-03-05,GBPUSD=X,2.498011350631714
2026-03-06,GBPUSD=X,3.622356414794922
2026-03-09,GBPUSD=X,8.973159790039062
2026-03-10,GBPUSD=X,4.8159050941467285
2026-03-11,GBPUSD=X,1.8891264200210571
2026-03-12,GBPUSD=X,3.7208380699157715
2026-03-13,GBPUSD=X,2.1171040534973145
2026-03-16,GBPUSD=X,1.2779659032821655
2026-03-17,GBPUSD=X,0.23093098402023315
2026-03-18,GBPUSD=X,-0.5945624113082886
2026-03-19,GBPUSD=X,0.31959420442581177
2026-03-20,GBPUSD=X,-2.2500672340393066
2026-03-23,GBPUSD=X,-1.5364233255386353
2026-03-24,GBPUSD=X,7.223947525024414
2026-03-25,GBPUSD=X,1.3511570692062378
2026-03-26,GBPUSD=X,11.943931579589844
2026-03-27,GBPUSD=X,4.289582252502441
2026-03-30,GBPUSD=X,5.089338779449463
2026-03-31,GBPUSD=X,5.2477126121521
2026-04-01,GBPUSD=X,1.0663352012634277
2026-04-02,GBPUSD=X,-8.48236083984375
2026-04-03,GBPUSD=X,-5.5950164794921875
2026-04-06,GBPUSD=X,-2.0409748554229736
2026-04-07,GBPUSD=X,0.16150453686714172
2026-04-08,GBPUSD=X,-0.9799269437789917
2026-04-09,GBPUSD=X,-0.10126785188913345
2026-04-10,GBPUSD=X,2.2307043075561523
2026-04-13,GBPUSD=X,1.392210602760315
2026-04-14,GBPUSD=X,2.653036117553711
2026-04-15,GBPUSD=X,1.3986988067626953
2026-04-16,GBPUSD=X,1.418605923652649
2026-04-17,GBPUSD=X,5.614306926727295
2026-04-20,GBPUSD=X,4.8760600090026855
2026-04-21,GBPUSD=X,1.522205114364624
2026-04-22,GBPUSD=X,-0.28300321102142334
2026-04-23,GBPUSD=X,1.1452347040176392
2026-04-24,GBPUSD=X,2.8497605323791504
2026-04-27,GBPUSD=X,1.9311472177505493
2026-04-28,GBPUSD=X,-0.2293660193681717
2026-04-29,GBPUSD=X,-0.3913000822067261
2025-12-23,AAPL,1.2703465223312378
2025-12-24,AAPL,-0.6074747443199158
2025-12-26,AAPL,1.0800279378890991
2025-12-29,AAPL,1.9699456691741943
2025-12-30,AAPL,1.2128010988235474
2025-12-31,AAPL,0.3955131471157074
2026-01-02,AAPL,0.2799173891544342
2026-01-05,AAPL,0.3431374430656433
2026-01-06,AAPL,0.7908158898353577
2026-01-07,AAPL,1.433889389038086
2026-01-08,AAPL,1.9296584129333496
2026-01-09,AAPL,1.8196055889129639
2026-01-12,AAPL,1.705452799797058
2026-01-13,AAPL,1.3631855249404907
2026-01-14,AAPL,1.0614922046661377
2026-01-15,AAPL,0.9730459451675415
2026-01-16,AAPL,1.3850699663162231
2026-01-20,AAPL,2.006499767303467
2026-01-21,AAPL,2.0237205028533936
2026-01-22,AAPL,1.705604910850525
2026-01-23,AAPL,2.317873954772949
2026-01-26,AAPL,0.4519950747489929
2026-01-27,AAPL,-0.19552671909332275
2026-01-28,AAPL,2.0102524757385254
2026-01-29,AAPL,0.3470061719417572
2026-01-30,AAPL,-0.11436942219734192
2026-02-02,AAPL,-0.026612887158989906
2026-02-03,AAPL,0.1425759643316269
2026-02-04,AAPL,0.28253301978111267
2026-02-05,AAPL,0.14060364663600922
2026-02-06,AAPL,2.431443929672241
2026-02-09,AAPL,1.4234085083007812
2026-02-10,AAPL,0.8303953409194946
2026-02-11,AAPL,0.3248727321624756
2026-02-12,AAPL,0.5296887755393982
2026-02-13,AAPL,0.5039358139038086
2026-02-17,AAPL,1.0920631885528564
2026-02-18,AAPL,0.14110471308231354
2026-02-19,AAPL,0.04339734464883804
2026-02-20,AAPL,3.3912031650543213
2026-02-23,AAPL,2.434425115585327
2026-02-24,AAPL,0.894727349281311
2026-02-25,AAPL,0.12262029945850372
2026-02-26,AAPL,0.49509361386299133
2026-02-27,AAPL,2.088710308074951
2026-03-02,AAPL,1.9326694011688232
2026-03-03,AAPL,1.039721965789795
2026-03-04,AAPL,0.06479176878929138
2026-03-05,AAPL,-1.6094619035720825
2026-03-06,AAPL,-0.02662717178463936
2026-03-09,AAPL,0.4295670986175537
2026-03-10,AAPL,0.7949230670928955
2026-03-11,AAPL,1.7339824438095093
2026-03-12,AAPL,0.8833301067352295
2026-03-13,AAPL,0.7174861431121826
2026-03-16,AAPL,1.421522855758667
2026-03-17,AAPL,1.5401021242141724
2026-03-18,AAPL,0.5171516537666321
2026-03-19,AAPL,0.2211237996816635
2026-03-20,AAPL,1.4567891359329224
2026-03-23,AAPL,1.7570488452911377
2026-03-24,AAPL,-0.1797875016927719
2026-03-25,AAPL,-0.9066094756126404
2026-03-26,AAPL,-0.4494147300720215
2026-03-27,AAPL,0.7184434533119202
2026-03-30,AAPL,0.547981321811676
2026-03-31,AAPL,-0.04332096129655838
2026-04-01,AAPL,0.33685410022735596
2026-04-02,AAPL,2.3899073600769043
2026-04-06,AAPL,-2.1387369632720947
2026-04-07,AAPL,0.6274950504302979
2026-04-08,AAPL,0.11415718495845795
2026-04-09,AAPL,-0.2179592400789261
2026-04-10,AAPL,0.12027449905872345
2026-04-13,AAPL,0.5271419286727905
2026-04-14,AAPL,0.4360882341861725
2026-04-15,AAPL,0.6897631287574768
2026-04-16,AAPL,0.033974871039390564
2026-04-17,AAPL,1.3940733671188354
2026-04-20,AAPL,1.2779687643051147
2026-04-21,AAPL,0.47464582324028015
2026-04-22,AAPL,0.8528122901916504
2026-04-23,AAPL,0.06931722909212112
2026-04-24,AAPL,-0.13305078446865082
2026-04-27,AAPL,1.4633692502975464
2026-04-28,AAPL,0.8877488374710083
2026-04-29,AAPL,0.01907416619360447
2025-12-23,XOM,-3.0279700756073
2025-12-24,XOM,5.26215934753418
2025-12-26,XOM,1.3389079570770264
2025-12-29,XOM,0.24790063500404358
2025-12-30,XOM,-0.2598876357078552
2025-12-31,XOM,0.13415376842021942
2026-01-02,XOM,1.322870135307312
2026-01-05,XOM,0.5103084444999695
2026-01-06,XOM,1.287795901298523
2026-01-07,XOM,2.2587337493896484
2026-01-08,XOM,1.1091948747634888
2026-01-09,XOM,0.0050134239718317986
2026-01-12,XOM,-0.5645464062690735
2026-01-13,XOM,1.4634366035461426
2026-01-14,XOM,-0.5753040313720703
2026-01-15,XOM,0.29627296328544617
2026-01-16,XOM,0.2802997827529907
2026-01-20,XOM,0.4599345028400421
2026-01-21,XOM,-0.030180955305695534
2026-01-22,XOM,-0.39939790964126587
2026-01-23,XOM,-0.3968750536441803
2026-01-26,XOM,0.8506746888160706
2026-01-27,XOM,1.1324403285980225
2026-01-28,XOM,0.14877288043498993
2026-01-29,XOM,-0.4954974353313446
2026-01-30,XOM,-0.4997076094150543
2026-02-02,XOM,0.3023189306259155
2026-02-03,XOM,0.07887273281812668
2026-02-04,XOM,-0.5513312220573425
2026-02-05,XOM,-0.3903745710849762
2026-02-06,XOM,0.09657412767410278
2026-02-09,XOM,0.1843685507774353
2026-02-10,XOM,-0.25461286306381226
2026-02-11,XOM,-0.09298145771026611
2026-02-12,XOM,0.2514737844467163
2026-02-13,XOM,0.8236894011497498
2026-02-17,XOM,0.44962769746780396
2026-02-18,XOM,0.10241519659757614
2026-02-19,XOM,-0.16933147609233856
2026-02-20,XOM,-0.2322995513677597
2026-02-23,XOM,1.6143124103546143
2026-02-24,XOM,0.002535051666200161
2026-02-25,XOM,-0.09057321399450302
2026-02-26,XOM,1.8800342082977295
2026-02-27,XOM,0.10274498164653778
2026-03-02,XOM,-0.036676809191703796
2026-03-03,XOM,0.9793921709060669
2026-03-04,XOM,-0.5857723951339722
2026-03-05,XOM,1.5011847019195557
2026-03-06,XOM,-0.032341305166482925
2026-03-09,XOM,-0.2302473932504654
2026-03-10,XOM,2.327698230743408
2026-03-11,XOM,-2.7198750972747803
2026-03-12,XOM,-0.7817752361297607
2026-03-13,XOM,-0.028227923437952995
2026-03-16,XOM,2.2459537982940674
2026-03-17,XOM,0.1690203696489334
2026-03-18,XOM,1.035396695137024
2026-03-19,XOM,0.6363041996955872
2026-03-20,XOM,0.036229655146598816
2026-03-23,XOM,-0.12098557502031326
2026-03-24,XOM,-0.03617173060774803
2026-03-25,XOM,0.14264675974845886
2026-03-26,XOM,0.4440905749797821
2026-03-27,XOM,0.18824191391468048
2026-03-30,XOM,-0.1338949054479599
2026-03-31,XOM,-0.15660333633422852
2026-04-01,XOM,0.2205750048160553
2026-04-02,XOM,0.2981279492378235
2026-04-06,XOM,0.4103677272796631
2026-04-07,XOM,-0.2716221511363983
2026-04-08,XOM,-0.012004322372376919
2026-04-09,XOM,0.3558231592178345
2026-04-10,XOM,1.3492158651351929
2026-04-13,XOM,0.5495718717575073
2026-04-14,XOM,0.21453897655010223
2026-04-15,XOM,-0.026577159762382507
2026-04-16,XOM,0.1622404009103775
2026-04-17,XOM,-0.06365504860877991
2026-04-20,XOM,0.05086927115917206
2026-04-21,XOM,-1.4899758100509644
2026-04-22,XOM,0.5331834554672241
2026-04-23,XOM,-1.1678102016448975
2026-04-24,XOM,0.08081810921430588
2026-04-27,XOM,-0.16537103056907654
2026-04-28,XOM,1.1894323825836182
2026-04-29,XOM,1.943759560585022
2025-12-23,^NSEI,0.31928497552871704
2025-12-24,^NSEI,0.841498076915741
2025-12-26,^NSEI,0.2127135843038559
2025-12-29,^NSEI,7.1552300453186035
2025-12-30,^NSEI,8.581047058105469
2025-12-31,^NSEI,-0.21922017633914948
2026-01-01,^NSEI,-0.6277124881744385
2026-01-02,^NSEI,10.828766822814941
2026-01-05,^NSEI,-5.985829830169678
2026-01-06,^NSEI,-0.1308709979057312
2026-01-07,^NSEI,4.000271797180176
2026-01-08,^NSEI,1.8921533823013306
2026-01-09,^NSEI,2.9461615085601807
2026-01-12,^NSEI,1.3004542589187622
2026-01-13,^NSEI,0.1935569792985916
2026-01-14,^NSEI,0.7337861061096191
2026-01-16,^NSEI,-0.9045958518981934
2026-01-19,^NSEI,-0.4733123183250427
2026-01-20,^NSEI,2.2314682006835938
2026-01-21,^NSEI,1.9251738786697388
2026-01-22,^NSEI,2.570340871810913
2026-01-23,^NSEI,2.350155830383301
2026-01-27,^NSEI,4.020081043243408
2026-01-28,^NSEI,0.8148359060287476
2026-01-29,^NSEI,2.0870938301086426
2026-01-30,^NSEI,-3.313441753387451
2026-02-02,^NSEI,2.51971697807312
2026-02-03,^NSEI,0.3052612543106079
2026-02-04,^NSEI,6.21328592300415
2026-02-05,^NSEI,-1.9784382581710815
2026-02-06,^NSEI,0.6128252148628235
2026-02-09,^NSEI,2.317894697189331
2026-02-10,^NSEI,-0.29937413334846497
2026-02-11,^NSEI,2.698800802230835
2026-02-12,^NSEI,-0.4879790246486664
2026-02-13,^NSEI,0.3418652415275574
2026-02-16,^NSEI,1.7780914306640625
2026-02-17,^NSEI,3.219348192214966
2026-02-18,^NSEI,3.6687536239624023
2026-02-19,^NSEI,0.6824698448181152
2026-02-20,^NSEI,-0.7845898270606995
2026-02-23,^NSEI,6.139012336730957
2026-02-24,^NSEI,5.873337745666504
2026-02-25,^NSEI,3.885349750518799
2026-02-26,^NSEI,-2.4734857082366943
2026-02-27,^NSEI,3.89524507522583
2026-03-02,^NSEI,-3.588400363922119
2026-03-04,^NSEI,-0.5162233114242554
2026-03-05,^NSEI,1.7708207368850708
2026-03-06,^NSEI,1.1530669927597046
2026-03-09,^NSEI,3.6988303661346436
2026-03-10,^NSEI,3.589914083480835
2026-03-11,^NSEI,4.502975940704346
2026-03-12,^NSEI,4.440460681915283
2026-03-13,^NSEI,4.393588066101074
2026-03-16,^NSEI,4.791804790496826
2026-03-17,^NSEI,5.370797634124756
2026-03-18,^NSEI,3.4468472003936768
2026-03-19,^NSEI,3.6852900981903076
2026-03-20,^NSEI,3.2239878177642822
2026-03-23,^NSEI,1.9266632795333862
2026-03-24,^NSEI,1.3177413940429688
2026-03-25,^NSEI,1.567691445350647
2026-03-27,^NSEI,0.8984247446060181
2026-03-30,^NSEI,1.3453892469406128
2026-04-01,^NSEI,1.390369176864624
2026-04-02,^NSEI,1.4362843036651611
2026-04-06,^NSEI,1.7718608379364014
2026-04-07,^NSEI,0.5680912733078003
2026-04-08,^NSEI,0.7427484393119812
2026-04-09,^NSEI,0.9808563590049744
2026-04-10,^NSEI,1.0481314659118652
2026-04-13,^NSEI,1.3412638902664185
2026-04-15,^NSEI,0.909369945526123
2026-04-16,^NSEI,1.4050005674362183
2026-04-17,^NSEI,1.3308055400848389
2026-04-20,^NSEI,1.2421770095825195
2026-04-21,^NSEI,1.284453272819519
2026-04-22,^NSEI,1.239643931388855
2026-04-23,^NSEI,1.101333498954773
2026-04-24,^NSEI,1.0357900857925415
2026-04-27,^NSEI,1.2666230201721191
2026-04-28,^NSEI,1.6060307025909424
2026-04-29,^NSEI,1.9331611394882202
2025-12-23,QQQ,1.9830280542373657
2025-12-24,QQQ,0.9590628743171692
2025-12-26,QQQ,0.6089314818382263
2025-12-29,QQQ,0.7957471013069153
2025-12-30,QQQ,2.665802240371704
2025-12-31,QQQ,2.0325746536254883
2026-01-02,QQQ,1.5772614479064941
2026-01-05,QQQ,-0.2637026011943817
2026-01-06,QQQ,-1.0109035968780518
2026-01-07,QQQ,2.244211196899414
2026-01-08,QQQ,0.6844114065170288
2026-01-09,QQQ,1.6046775579452515
2026-01-12,QQQ,0.3315473794937134
2026-01-13,QQQ,0.8189293742179871
2026-01-14,QQQ,0.49553588032722473
2026-01-15,QQQ,1.3400033712387085
2026-01-16,QQQ,0.23992659151554108
2026-01-20,QQQ,1.6366355419158936
2026-01-21,QQQ,2.9632487297058105
2026-01-22,QQQ,-0.4456575810909271
2026-01-23,QQQ,-1.8754018545150757
2026-01-26,QQQ,5.360659122467041
2026-01-27,QQQ,2.0141799449920654
2026-01-28,QQQ,0.24934321641921997
2026-01-29,QQQ,1.3130674362182617
2026-01-30,QQQ,1.2089251279830933
2026-02-02,QQQ,2.0899672508239746
2026-02-03,QQQ,1.2223055362701416
2026-02-04,QQQ,3.5805068016052246
2026-02-05,QQQ,3.4989302158355713
2026-02-06,QQQ,1.957947850227356
2026-02-09,QQQ,-0.8681533932685852
2026-02-10,QQQ,1.0641028881072998
2026-02-11,QQQ,1.3753371238708496
2026-02-12,QQQ,1.4921849966049194
2026-02-13,QQQ,0.4124670624732971
2026-02-17,QQQ,0.19647566974163055
2026-02-18,QQQ,0.09616044163703918
2026-02-19,QQQ,1.6564353704452515
2026-02-20,QQQ,0.4881870746612549
2026-02-23,QQQ,-0.1232500821352005
2026-02-24,QQQ,0.8208939433097839
2026-02-25,QQQ,-0.09948179125785828
2026-02-26,QQQ,0.7407915592193604
2026-02-27,QQQ,0.36086562275886536
2026-03-02,QQQ,0.600497841835022
2026-03-03,QQQ,0.2230319231748581
2026-03-04,QQQ,0.8523412942886353
2026-03-05,QQQ,0.9006944298744202
2026-03-06,QQQ,2.068875551223755
2026-03-09,QQQ,0.8170512318611145
2026-03-10,QQQ,0.390182226896286
2026-03-11,QQQ,3.670928716659546
2026-03-12,QQQ,5.909305095672607
2026-03-13,QQQ,-0.97862309217453
2026-03-16,QQQ,2.1378328800201416
2026-03-17,QQQ,0.9422371983528137
2026-03-18,QQQ,-2.1418635845184326
2026-03-19,QQQ,-0.2441604733467102
2026-03-20,QQQ,-0.2798469662666321
2026-03-23,QQQ,0.0076837362721562386
2026-03-24,QQQ,2.399217128753662
2026-03-25,QQQ,1.3448001146316528
2026-03-26,QQQ,-1.3102214336395264
2026-03-27,QQQ,0.3225148618221283
2026-03-30,QQQ,-2.728060245513916
2026-03-31,QQQ,-0.3985765278339386
2026-04-01,QQQ,0.7072657942771912
2026-04-02,QQQ,-1.0176827907562256
2026-04-06,QQQ,-0.48485392332077026
2026-04-07,QQQ,0.0028365894686430693
2026-04-08,QQQ,-1.0260525941848755
2026-04-09,QQQ,0.09693360328674316
2026-04-10,QQQ,-0.19969044625759125
2026-04-13,QQQ,0.9695798754692078
2026-04-14,QQQ,0.9284020662307739
2026-04-15,QQQ,1.9340651035308838
2026-04-16,QQQ,1.3257261514663696
2026-04-17,QQQ,1.6178910732269287
2026-04-20,QQQ,1.576155662536621
2026-04-21,QQQ,0.6358447670936584
2026-04-22,QQQ,0.3613181412220001
2026-04-23,QQQ,-0.04444260895252228
2026-04-24,QQQ,-0.057036835700273514
2026-04-27,QQQ,0.012584314681589603
2026-04-28,QQQ,0.13562335073947906
2026-04-29,QQQ,0.7824958562850952
2025-12-23,TSLA,0.03202647715806961
2025-12-24,TSLA,0.35691455006599426
2025-12-26,TSLA,0.3350087106227875
2025-12-29,TSLA,0.29713162779808044
2025-12-30,TSLA,0.23203721642494202
2025-12-31,TSLA,0.2271057814359665
2026-01-02,TSLA,0.023153968155384064
2026-01-05,TSLA,1.1960138082504272
2026-01-06,TSLA,-0.6096752285957336
2026-01-07,TSLA,-0.15299980342388153
2026-01-08,TSLA,0.5317414402961731
2026-01-09,TSLA,-0.16645412147045135
2026-01-12,TSLA,0.01609259843826294
2026-01-13,TSLA,-0.15103816986083984
2026-01-14,TSLA,-0.1817755252122879
2026-01-15,TSLA,-0.004414689727127552
2026-01-16,TSLA,-0.04994996637105942
2026-01-20,TSLA,0.5645392537117004
2026-01-21,TSLA,-0.3320799469947815
2026-01-22,TSLA,0.9330260753631592
2026-01-23,TSLA,-0.3570435643196106
2026-01-26,TSLA,-0.09542026370763779
2026-01-27,TSLA,-0.37137410044670105
2026-01-28,TSLA,0.3374314308166504
2026-01-29,TSLA,0.5682974457740784
2026-01-30,TSLA,0.9364222288131714
2026-02-02,TSLA,0.35540613532066345
2026-02-03,TSLA,0.5836287140846252
2026-02-04,TSLA,0.1326635479927063
2026-02-05,TSLA,-0.3542861044406891
2026-02-06,TSLA,-2.2679452896118164
2026-02-09,TSLA,-0.9591913223266602
2026-02-10,TSLA,-0.6289443373680115
2026-02-11,TSLA,0.08688903599977493
2026-02-12,TSLA,-0.04420672729611397
2026-02-13,TSLA,-0.14680959284305573
2026-02-17,TSLA,-0.09879013895988464
2026-02-18,TSLA,0.1526387631893158
2026-02-19,TSLA,-0.015450923703610897
2026-02-20,TSLA,-0.09195329248905182
2026-02-23,TSLA,0.0031142726074904203
2026-02-24,TSLA,0.1533259004354477
2026-02-25,TSLA,-0.05893963947892189
2026-02-26,TSLA,0.5614588856697083
2026-02-27,TSLA,0.17908932268619537
2026-03-02,TSLA,0.7675012946128845
2026-03-03,TSLA,0.3860374093055725
2026-03-04,TSLA,-0.7473252415657043
2026-03-05,TSLA,-0.039986420422792435
2026-03-06,TSLA,-0.03976193070411682
2026-03-09,TSLA,0.11192872375249863
2026-03-10,TSLA,-0.17883355915546417
2026-03-11,TSLA,0.5345516204833984
2026-03-12,TSLA,-0.10575161874294281
2026-03-13,TSLA,0.5287109613418579
2026-03-16,TSLA,0.15065740048885345
2026-03-17,TSLA,-0.18280437588691711
2026-03-18,TSLA,-0.20473286509513855
2026-03-19,TSLA,-0.018087735399603844
2026-03-20,TSLA,-0.2725343704223633
2026-03-23,TSLA,-0.004861492197960615
2026-03-24,TSLA,-0.0513947494328022
2026-03-25,TSLA,0.6313300728797913
2026-03-26,TSLA,0.14934097230434418
2026-03-27,TSLA,0.3336148262023926
2026-03-30,TSLA,0.3704100251197815
2026-03-31,TSLA,-0.01425791997462511
2026-04-01,TSLA,-0.1509740650653839
2026-04-02,TSLA,-0.22686649858951569
2026-04-06,TSLA,0.009542013518512249
2026-04-07,TSLA,-0.14344356954097748
2026-04-08,TSLA,0.4256635308265686
2026-04-09,TSLA,0.09494487196207047
2026-04-10,TSLA,-0.18946321308612823
2026-04-13,TSLA,-0.007227008230984211
2026-04-14,TSLA,0.33730408549308777
2026-04-15,TSLA,-0.5938964486122131
2026-04-16,TSLA,-0.13852888345718384
2026-04-17,TSLA,0.05721908062696457
2026-04-20,TSLA,0.26877665519714355
2026-04-21,TSLA,0.07207240164279938
2026-04-22,TSLA,0.42595383524894714
2026-04-23,TSLA,1.410412311553955
2026-04-24,TSLA,0.6501471996307373
2026-04-27,TSLA,0.15215544402599335
2026-04-28,TSLA,-0.18714214861392975
2026-04-29,TSLA,0.08616296201944351
2025-12-23,TLT,-2.4566361904144287
2025-12-24,TLT,2.544189691543579
2025-12-26,TLT,-1.851017951965332
2025-12-29,TLT,1.4636564254760742
2025-12-30,TLT,-0.35222938656806946
2025-12-31,TLT,2.5581765174865723
2026-01-02,TLT,0.42665621638298035
2026-01-05,TLT,0.43000784516334534
2026-01-06,TLT,-2.8129141330718994
2026-01-07,TLT,7.447115898132324
2026-01-08,TLT,-5.589686870574951
2026-01-09,TLT,1.418712854385376
2026-01-12,TLT,-1.0265623331069946
2026-01-13,TLT,3.9813807010650635
2026-01-14,TLT,1.7709851264953613
2026-01-15,TLT,2.119448661804199
2026-01-16,TLT,6.0961222648620605
2026-01-20,TLT,1.2271777391433716
2026-01-21,TLT,4.785378932952881
2026-01-22,TLT,-0.7516481280326843
2026-01-23,TLT,-0.8291953802108765
2026-01-26,TLT,10.336031913757324
2026-01-27,TLT,7.392458438873291
2026-01-28,TLT,4.368269443511963
2026-01-29,TLT,3.0389063358306885
2026-01-30,TLT,1.3780728578567505
2026-02-02,TLT,6.577357769012451
2026-02-03,TLT,-7.294493675231934
2026-02-04,TLT,-0.6580885648727417
2026-02-05,TLT,-0.5774462819099426
2026-02-06,TLT,-3.662557601928711
2026-02-09,TLT,-5.189642429351807
2026-02-10,TLT,-1.2748897075653076
2026-02-11,TLT,0.5909172296524048
2026-02-12,TLT,4.675130367279053
2026-02-13,TLT,1.7503862380981445
2026-02-17,TLT,5.168109893798828
2026-02-18,TLT,3.537909746170044
2026-02-19,TLT,3.783949613571167
2026-02-20,TLT,1.9492403268814087
2026-02-23,TLT,0.6105348467826843
2026-02-24,TLT,-0.16376584768295288
2026-02-25,TLT,0.00667813653126359
2026-02-26,TLT,0.24274596571922302
2026-02-27,TLT,-0.22110477089881897
2026-03-02,TLT,-0.5369343757629395
2026-03-03,TLT,0.9559922218322754
2026-03-04,TLT,1.391050100326538
2026-03-05,TLT,1.7459299564361572
2026-03-06,TLT,2.8409175872802734
2026-03-09,TLT,3.0300607681274414
2026-03-10,TLT,-2.0905466079711914
2026-03-11,TLT,1.8335598707199097
2026-03-12,TLT,4.743547439575195
2026-03-13,TLT,2.3977057933807373
2026-03-16,TLT,-0.4151622951030731
2026-03-17,TLT,-2.387037754058838
2026-03-18,TLT,0.002297356491908431
2026-03-19,TLT,3.627973794937134
2026-03-20,TLT,0.10427297651767731
2026-03-23,TLT,3.1623432636260986
2026-03-24,TLT,1.337348461151123
2026-03-25,TLT,6.306142807006836
2026-03-26,TLT,-1.9195077419281006
2026-03-27,TLT,3.980914354324341
2026-03-30,TLT,-0.7139254808425903
2026-03-31,TLT,0.8856149911880493
2026-04-01,TLT,1.826794981956482
2026-04-02,TLT,0.14197006821632385
2026-04-06,TLT,2.799164295196533
2026-04-07,TLT,-0.6084522008895874
2026-04-08,TLT,0.15976236760616302
2026-04-09,TLT,0.0837743878364563
2026-04-10,TLT,-0.02991929091513157
2026-04-13,TLT,1.3681132793426514
2026-04-14,TLT,1.5923625230789185
2026-04-15,TLT,-0.18859650194644928
2026-04-16,TLT,3.0829856395721436
2026-04-17,TLT,0.9519475102424622
2026-04-20,TLT,-0.19050298631191254
2026-04-21,TLT,-0.25495222210884094
2026-04-22,TLT,0.06131932884454727
2026-04-23,TLT,-0.2977384924888611
2026-04-24,TLT,1.6121653318405151
2026-04-27,TLT,0.4672744870185852
2026-04-28,TLT,8.279877662658691
2026-04-29,TLT,-0.4395153224468231
2025-12-23,SPY,3.578495502471924
2025-12-24,SPY,1.4138200283050537
2025-12-26,SPY,2.1244540214538574
2025-12-29,SPY,2.6271491050720215
2025-12-30,SPY,2.9446821212768555
2025-12-31,SPY,1.326308012008667
2026-01-02,SPY,0.9457995295524597
2026-01-05,SPY,-0.2637844979763031
2026-01-06,SPY,-1.4159566164016724
2026-01-07,SPY,1.512411117553711
2026-01-08,SPY,0.0038051248993724585
2026-01-09,SPY,-0.03899954631924629
2026-01-12,SPY,-0.467626690864563
2026-01-13,SPY,-0.4811725914478302
2026-01-14,SPY,2.114070177078247
2026-01-15,SPY,1.686098337173462
2026-01-16,SPY,-0.18055693805217743
2026-01-20,SPY,3.16513729095459
2026-01-21,SPY,3.5742342472076416
2026-01-22,SPY,1.0989506244659424
2026-01-23,SPY,1.7724803686141968
2026-01-26,SPY,7.880215644836426
2026-01-27,SPY,7.6905012130737305
2026-01-28,SPY,2.265503406524658
2026-01-29,SPY,1.8667559623718262
2026-01-30,SPY,0.49944889545440674
2026-02-02,SPY,2.101332187652588
2026-02-03,SPY,1.3367053270339966
2026-02-04,SPY,4.731226921081543
2026-02-05,SPY,4.568880081176758
2026-02-06,SPY,1.2061363458633423
2026-02-09,SPY,0.2716306447982788
2026-02-10,SPY,1.9937833547592163
2026-02-11,SPY,0.6040331721305847
2026-02-12,SPY,2.050314426422119
2026-02-13,SPY,4.555530071258545
2026-02-17,SPY,0.6294965147972107
2026-02-18,SPY,-3.8655648231506348
2026-02-19,SPY,-6.190084934234619
2026-02-20,SPY,-2.754748582839966
2026-02-23,SPY,-0.7265005707740784
2026-02-24,SPY,0.36118659377098083
2026-02-25,SPY,-0.3204594552516937
2026-02-26,SPY,-1.4732580184936523
2026-02-27,SPY,0.16493000090122223
2026-03-02,SPY,-0.08586721867322922
2026-03-03,SPY,0.21424050629138947
2026-03-04,SPY,0.8678873777389526
2026-03-05,SPY,6.707883358001709
2026-03-06,SPY,-0.40339696407318115
2026-03-09,SPY,5.563483715057373
2026-03-10,SPY,-1.2425888776779175
2026-03-11,SPY,2.5212175846099854
2026-03-12,SPY,6.374924182891846
2026-03-13,SPY,-0.1603725254535675
2026-03-16,SPY,-0.024892110377550125
2026-03-17,SPY,1.1936548948287964
2026-03-18,SPY,-2.3083794116973877
2026-03-19,SPY,-1.3081456422805786
2026-03-20,SPY,0.6877363920211792
2026-03-23,SPY,4.322679042816162
2026-03-24,SPY,-8.650218963623047
2026-03-25,SPY,2.0757782459259033
2026-03-26,SPY,-1.5670793056488037
2026-03-27,SPY,1.4377049207687378
2026-03-30,SPY,-0.15256431698799133
2026-03-31,SPY,1.271092414855957
2026-04-01,SPY,0.7657009959220886
2026-04-02,SPY,-1.2873646020889282
2026-04-06,SPY,-0.788425087928772
2026-04-07,SPY,0.3729077875614166
2026-04-08,SPY,-0.807662844657898
2026-04-09,SPY,0.1766999065876007
2026-04-10,SPY,-0.12935785949230194
2026-04-13,SPY,1.2272034883499146
2026-04-14,SPY,3.1288938522338867
2026-04-15,SPY,2.607341766357422
2026-04-16,SPY,1.6207224130630493
2026-04-17,SPY,1.4926855564117432
2026-04-20,SPY,1.388190746307373
2026-04-21,SPY,0.7326266169548035
2026-04-22,SPY,0.17793507874011993
2026-04-23,SPY,-0.41834211349487305
2026-04-24,SPY,-0.4245913624763489
2026-04-27,SPY,-0.27953386306762695
2026-04-28,SPY,-0.2153281271457672
2026-04-29,SPY,0.8725655674934387
2025-12-23,INFY.NS,-2.7783265113830566
2025-12-24,INFY.NS,-0.3038244843482971
2025-12-26,INFY.NS,0.16873206198215485
2025-12-29,INFY.NS,0.009087895043194294
2025-12-30,INFY.NS,0.4213772118091583
2025-12-31,INFY.NS,0.26953524351119995
2026-01-01,INFY.NS,0.8614166378974915
2026-01-02,INFY.NS,-0.15820550918579102
2026-01-05,INFY.NS,-0.20748071372509003
2026-01-06,INFY.NS,3.1367807388305664
2026-01-07,INFY.NS,-1.4733703136444092
2026-01-08,INFY.NS,-0.4668390154838562
2026-01-09,INFY.NS,-1.9212785959243774
2026-01-12,INFY.NS,-0.9092609882354736
2026-01-13,INFY.NS,0.5022101402282715
2026-01-14,INFY.NS,-0.6976152658462524
2026-01-15,INFY.NS,-0.08829895406961441
2026-01-16,INFY.NS,-0.3479025661945343
2026-01-19,INFY.NS,-1.0003764629364014
2026-01-20,INFY.NS,-1.234983205795288
2026-01-21,INFY.NS,-0.25046905875205994
2026-01-22,INFY.NS,-0.010775369592010975
2026-01-23,INFY.NS,3.3262529373168945
2026-01-27,INFY.NS,3.3011999130249023
2026-01-28,INFY.NS,3.1339573860168457
2026-01-29,INFY.NS,3.1233015060424805
2026-01-30,INFY.NS,2.758078098297119
2026-02-02,INFY.NS,2.6959314346313477
2026-02-03,INFY.NS,2.691497802734375
2026-02-04,INFY.NS,0.27207934856414795
2026-02-05,INFY.NS,3.469320058822632
2026-02-06,INFY.NS,-3.3091073036193848
2026-02-09,INFY.NS,0.5061081647872925
2026-02-10,INFY.NS,1.976118564605713
2026-02-11,INFY.NS,0.8815962672233582
2026-02-12,INFY.NS,0.860410213470459
2026-02-13,INFY.NS,0.8092942237854004
2026-02-16,INFY.NS,0.2755128741264343
2026-02-17,INFY.NS,0.4940837621688843
2026-02-18,INFY.NS,0.3936848044395447
2026-02-19,INFY.NS,-0.2593034505844116
2026-02-20,INFY.NS,-0.18448510766029358
2026-02-23,INFY.NS,0.2909398376941681
2026-02-24,INFY.NS,0.3840995728969574
2026-02-25,INFY.NS,0.9298918843269348
2026-02-26,INFY.NS,0.982444703578949
2026-02-27,INFY.NS,0.5214951634407043
2026-03-02,INFY.NS,0.07988647371530533
2026-03-04,INFY.NS,0.010963723994791508
2026-03-05,INFY.NS,-0.05713347718119621
2026-03-06,INFY.NS,0.34893572330474854
2026-03-09,INFY.NS,-1.0103721618652344
2026-03-10,INFY.NS,1.1499686241149902
2026-03-11,INFY.NS,0.15177711844444275
2026-03-12,INFY.NS,0.9849799275398254
2026-03-13,INFY.NS,1.8056610822677612
2026-03-16,INFY.NS,1.6104083061218262
2026-03-17,INFY.NS,0.8534350991249084
2026-03-18,INFY.NS,-0.3278864920139313
2026-03-19,INFY.NS,0.36302077770233154
2026-03-20,INFY.NS,-0.6834880709648132
2026-03-23,INFY.NS,-1.5239981412887573
2026-03-24,INFY.NS,0.9488705396652222
2026-03-25,INFY.NS,-4.03204345703125
2026-03-27,INFY.NS,-0.7031371593475342
2026-03-30,INFY.NS,1.2889647483825684
2026-04-01,INFY.NS,1.1363083124160767
2026-04-02,INFY.NS,2.7577860355377197
2026-04-06,INFY.NS,1.8788028955459595
2026-04-07,INFY.NS,0.81619793176651
2026-04-08,INFY.NS,0.9876777529716492
2026-04-09,INFY.NS,0.1877075582742691
2026-04-10,INFY.NS,-0.029705021530389786
2026-04-13,INFY.NS,2.290065050125122
2026-04-15,INFY.NS,0.928024172782898
2026-04-16,INFY.NS,-0.4891360104084015
2026-04-17,INFY.NS,-0.5231015086174011
2026-04-20,INFY.NS,3.4845738410949707
2026-04-21,INFY.NS,0.29560422897338867
2026-04-22,INFY.NS,1.430035948753357
2026-04-23,INFY.NS,2.0372579097747803
2026-04-24,INFY.NS,1.3441752195358276
2026-04-27,INFY.NS,0.7461022138595581
2026-04-28,INFY.NS,-0.8881838917732239
2026-04-29,INFY.NS,-0.3313696086406708
2025-12-23,MSFT,0.8578926920890808
2025-12-24,MSFT,0.9728565216064453
2025-12-26,MSFT,1.4551953077316284
2025-12-29,MSFT,0.762481153011322
2025-12-30,MSFT,0.47850659489631653
2025-12-31,MSFT,1.2637741565704346
2026-01-02,MSFT,2.8500640392303467
2026-01-05,MSFT,3.3228893280029297
2026-01-06,MSFT,1.284045696258545
2026-01-07,MSFT,1.3782038688659668
2026-01-08,MSFT,2.2698943614959717
2026-01-09,MSFT,1.2951730489730835
2026-01-12,MSFT,1.9576693773269653
2026-01-13,MSFT,0.43613651394844055
2026-01-14,MSFT,0.14861445128917694
2026-01-15,MSFT,-0.022431591525673866
2026-01-16,MSFT,0.7241488099098206
2026-01-20,MSFT,0.16956792771816254
2026-01-21,MSFT,0.8105636239051819
2026-01-22,MSFT,0.791441798210144
2026-01-23,MSFT,1.410902738571167
2026-01-26,MSFT,-0.588053286075592
2026-01-27,MSFT,-1.1762378215789795
2026-01-28,MSFT,-0.031320974230766296
2026-01-29,MSFT,-0.34841614961624146
2026-01-30,MSFT,-0.007544785272330046
2026-02-02,MSFT,0.30727723240852356
2026-02-03,MSFT,1.4007924795150757
2026-02-04,MSFT,-0.2307502180337906
2026-02-05,MSFT,0.8272640109062195
2026-02-06,MSFT,1.2526872158050537
2026-02-09,MSFT,1.1137065887451172
2026-02-10,MSFT,0.7737209796905518
2026-02-11,MSFT,-0.7145885825157166
2026-02-12,MSFT,-0.535936713218689
2026-02-13,MSFT,0.8964430093765259
2026-02-17,MSFT,1.5278425216674805
2026-02-18,MSFT,0.2346430867910385
2026-02-19,MSFT,0.7861090898513794
2026-02-20,MSFT,1.5696746110916138
2026-02-23,MSFT,1.4598907232284546
2026-02-24,MSFT,1.4649370908737183
2026-02-25,MSFT,0.28056859970092773
2026-02-26,MSFT,1.6701771020889282
2026-02-27,MSFT,-1.054543375968933
2026-03-02,MSFT,0.5004755854606628
2026-03-03,MSFT,-0.19572944939136505
2026-03-04,MSFT,3.045499801635742
2026-03-05,MSFT,2.417130947113037
2026-03-06,MSFT,1.8436739444732666
2026-03-09,MSFT,2.456348419189453
2026-03-10,MSFT,0.4255313277244568
2026-03-11,MSFT,2.745706081390381
2026-03-12,MSFT,2.0042097568511963
2026-03-13,MSFT,1.6745972633361816
2026-03-16,MSFT,1.5128769874572754
2026-03-17,MSFT,-0.4360402822494507
2026-03-18,MSFT,-1.0877479314804077
2026-03-19,MSFT,-3.1593048572540283
2026-03-20,MSFT,-1.276185393333435
2026-03-23,MSFT,0.8954677581787109
2026-03-24,MSFT,-0.6464666724205017
2026-03-25,MSFT,0.9655994176864624
2026-03-26,MSFT,1.2731117010116577
2026-03-27,MSFT,1.7244117259979248
2026-03-30,MSFT,1.5659737586975098
2026-03-31,MSFT,0.836219072341919
2026-04-01,MSFT,1.6980535984039307
2026-04-02,MSFT,0.13737864792346954
2026-04-06,MSFT,0.28533777594566345
2026-04-07,MSFT,1.6901224851608276
2026-04-08,MSFT,1.4712269306182861
2026-04-09,MSFT,0.9366008639335632
2026-04-10,MSFT,0.7271183729171753
2026-04-13,MSFT,0.5109875798225403
2026-04-14,MSFT,-0.052667271345853806
2026-04-15,MSFT,0.10255318880081177
2026-04-16,MSFT,-0.06428161263465881
2026-04-17,MSFT,0.9548304677009583
2026-04-20,MSFT,1.1574755907058716
2026-04-21,MSFT,1.3440830707550049
2026-04-22,MSFT,0.9832549095153809
2026-04-23,MSFT,0.6379182934761047
2026-04-24,MSFT,0.5052701830863953
2026-04-27,MSFT,0.15227660536766052
2026-04-28,MSFT,-0.044549643993377686
2026-04-29,MSFT,-0.5703636407852173
2025-12-23,META,0.02489316649734974
2025-12-24,META,0.3300161063671112
2025-12-26,META,1.0860791206359863
2025-12-29,META,1.5176827907562256
2025-12-30,META,1.1294246912002563
2025-12-31,META,-0.203645721077919
2026-01-02,META,1.1130954027175903
2026-01-05,META,0.7678124308586121
2026-01-06,META,0.26255831122398376
2026-01-07,META,-0.1935381293296814
2026-01-08,META,3.329779863357544
2026-01-09,META,-0.6040827631950378
2026-01-12,META,0.4064735770225525
2026-01-13,META,-0.22523808479309082
2026-01-14,META,0.1635129749774933
2026-01-15,META,1.5137507915496826
2026-01-16,META,-0.6839601397514343
2026-01-20,META,0.8281591534614563
2026-01-21,META,-0.2141352891921997
2026-01-22,META,1.0206494331359863
2026-01-23,META,-0.96060711145401
2026-01-26,META,0.14020779728889465
2026-01-27,META,0.08954915404319763
2026-01-28,META,0.9765296578407288
2026-01-29,META,-0.15557609498500824
2026-01-30,META,0.29952457547187805
2026-02-02,META,1.9436171054840088
2026-02-03,META,1.520867943763733
2026-02-04,META,1.0155702829360962
2026-02-05,META,0.9410774111747742
2026-02-06,META,0.48904848098754883
2026-02-09,META,0.26580342650413513
2026-02-10,META,0.07029571384191513
2026-02-11,META,-0.07720566540956497
2026-02-12,META,0.43450799584388733
2026-02-13,META,1.5028620958328247
2026-02-17,META,1.0409055948257446
2026-02-18,META,0.8513914346694946
2026-02-19,META,0.01897040382027626
2026-02-20,META,0.42515403032302856
2026-02-23,META,1.1029207706451416
2026-02-24,META,0.2982831597328186
2026-02-25,META,0.34901031851768494
2026-02-26,META,1.4522829055786133
2026-02-27,META,0.7101453542709351
2026-03-02,META,0.5420756936073303
2026-03-03,META,0.29486963152885437
2026-03-04,META,2.6624927520751953
2026-03-05,META,1.1517360210418701
2026-03-06,META,1.2393836975097656
2026-03-09,META,0.3802624046802521
2026-03-10,META,0.87459397315979
2026-03-11,META,0.5346077084541321
2026-03-12,META,-2.8258469104766846
2026-03-13,META,0.18395355343818665
2026-03-16,META,0.4258519411087036
2026-03-17,META,2.007333278656006
2026-03-18,META,0.24328720569610596
2026-03-19,META,-0.2608409523963928
2026-03-20,META,0.7753074169158936
2026-03-23,META,1.1099083423614502
2026-03-24,META,0.711430549621582
2026-03-25,META,1.0742249488830566
2026-03-26,META,0.5286145210266113
2026-03-27,META,1.1846394538879395
2026-03-30,META,-0.2686212956905365
2026-03-31,META,0.6451799273490906
2026-04-01,META,1.7137335538864136
2026-04-02,META,-0.23179906606674194
2026-04-06,META,0.1371210217475891
2026-04-07,META,0.1714615672826767
2026-04-08,META,-0.42342013120651245
2026-04-09,META,0.4171253442764282
2026-04-10,META,0.7452163100242615
2026-04-13,META,0.5327986478805542
2026-04-14,META,0.6350550055503845
2026-04-15,META,0.778550922870636
2026-04-16,META,0.9562509059906006
2026-04-17,META,1.2869505882263184
2026-04-20,META,1.198765516281128
2026-04-21,META,0.5522820949554443
2026-04-22,META,0.293658584356308
2026-04-23,META,0.12419182062149048
2026-04-24,META,0.14028644561767578
2026-04-27,META,0.013981150463223457
2026-04-28,META,-0.00696053309366107
2026-04-29,META,0.8417313694953918
2025-12-23,EURUSD=X,-0.5411695837974548
2025-12-24,EURUSD=X,-0.34411829710006714
2025-12-26,EURUSD=X,0.3293382227420807
2025-12-29,EURUSD=X,2.715381622314453
2025-12-30,EURUSD=X,0.6225962042808533
2025-12-31,EURUSD=X,0.5382608771324158
2026-01-02,EURUSD=X,0.2708631157875061
2026-01-05,EURUSD=X,0.40722349286079407
2026-01-06,EURUSD=X,4.4328460693359375
2026-01-07,EURUSD=X,1.0282822847366333
2026-01-08,EURUSD=X,-2.4982175827026367
2026-01-09,EURUSD=X,-6.828226566314697
2026-01-12,EURUSD=X,2.287187337875366
2026-01-13,EURUSD=X,-1.1717840433120728
2026-01-14,EURUSD=X,2.2771096229553223
2026-01-15,EURUSD=X,1.8319895267486572
2026-01-16,EURUSD=X,-4.774861812591553
2026-01-19,EURUSD=X,0.6983255743980408
2026-01-20,EURUSD=X,-7.912681579589844
2026-01-21,EURUSD=X,-0.25389567017555237
2026-01-22,EURUSD=X,2.1587393283843994
2026-01-23,EURUSD=X,-4.4349870681762695
2026-01-26,EURUSD=X,-3.033191442489624
2026-01-27,EURUSD=X,8.898489952087402
2026-01-28,EURUSD=X,3.3214659690856934
2026-01-29,EURUSD=X,3.364314079284668
2026-01-30,EURUSD=X,8.359811782836914
2026-02-02,EURUSD=X,4.044231414794922
2026-02-03,EURUSD=X,2.8089001178741455
2026-02-04,EURUSD=X,2.070629596710205
2026-02-05,EURUSD=X,0.48582524061203003
2026-02-06,EURUSD=X,-0.7231274843215942
2026-02-09,EURUSD=X,2.887824535369873
2026-02-10,EURUSD=X,-3.55047869682312
2026-02-11,EURUSD=X,-1.6406525373458862
2026-02-12,EURUSD=X,-0.962398111820221
2026-02-13,EURUSD=X,0.594764769077301
2026-02-16,EURUSD=X,1.1640169620513916
2026-02-17,EURUSD=X,-2.6903514862060547
2026-02-18,EURUSD=X,-1.2190117835998535
2026-02-19,EURUSD=X,2.744774341583252
2026-02-20,EURUSD=X,11.207457542419434
2026-02-23,EURUSD=X,-2.3201584815979004
2026-02-24,EURUSD=X,-1.83768892288208
2026-02-25,EURUSD=X,7.249739646911621
2026-02-26,EURUSD=X,1.3568658828735352
2026-02-27,EURUSD=X,0.13517314195632935
2026-03-02,EURUSD=X,-0.5478207468986511
2026-03-03,EURUSD=X,0.10582264512777328
2026-03-04,EURUSD=X,1.3051106929779053
2026-03-05,EURUSD=X,7.608717918395996
2026-03-06,EURUSD=X,-1.6867616176605225
2026-03-09,EURUSD=X,8.186169624328613
2026-03-10,EURUSD=X,5.750950813293457
2026-03-11,EURUSD=X,8.281306266784668
2026-03-12,EURUSD=X,-0.7894616723060608
2026-03-13,EURUSD=X,-2.0524110794067383
2026-03-16,EURUSD=X,1.8585375547409058
2026-03-17,EURUSD=X,8.096111297607422
2026-03-18,EURUSD=X,-6.1110076904296875
2026-03-19,EURUSD=X,7.006839752197266
2026-03-20,EURUSD=X,2.114903688430786
2026-03-23,EURUSD=X,0.3642500638961792
2026-03-24,EURUSD=X,-0.5232999920845032
2026-03-25,EURUSD=X,-1.3586618900299072
2026-03-26,EURUSD=X,-0.5779011845588684
2026-03-27,EURUSD=X,2.4758589267730713
2026-03-30,EURUSD=X,1.4223756790161133
2026-03-31,EURUSD=X,0.9006954431533813
2026-04-01,EURUSD=X,1.874531626701355
2026-04-02,EURUSD=X,1.6397067308425903
2026-04-03,EURUSD=X,0.9927584528923035
2026-04-06,EURUSD=X,3.4626567363739014
2026-04-07,EURUSD=X,4.2966508865356445
2026-04-08,EURUSD=X,6.686913967132568
2026-04-09,EURUSD=X,4.861077785491943
2026-04-10,EURUSD=X,-0.1949337273836136
2026-04-13,EURUSD=X,0.9222835898399353
2026-04-14,EURUSD=X,2.4244771003723145
2026-04-15,EURUSD=X,2.609039068222046
2026-04-16,EURUSD=X,2.920067548751831
2026-04-17,EURUSD=X,5.52529764175415
2026-04-20,EURUSD=X,3.0382890701293945
2026-04-21,EURUSD=X,1.6715606451034546
2026-04-22,EURUSD=X,0.6026055812835693
2026-04-23,EURUSD=X,4.683788299560547
2026-04-24,EURUSD=X,2.5543007850646973
2026-04-27,EURUSD=X,-0.38567090034484863
2026-04-28,EURUSD=X,-1.4701794385910034
2026-04-29,EURUSD=X,-2.8851478099823
2025-12-23,HDFCBANK.NS,4.26873254776001
2025-12-24,HDFCBANK.NS,0.4921407103538513
2025-12-26,HDFCBANK.NS,1.7282222509384155
2025-12-29,HDFCBANK.NS,0.05741831660270691
2025-12-30,HDFCBANK.NS,0.4566129744052887
2025-12-31,HDFCBANK.NS,-0.43019527196884155
2026-01-01,HDFCBANK.NS,-0.15465101599693298
2026-01-02,HDFCBANK.NS,-0.002422135788947344
2026-01-05,HDFCBANK.NS,-0.40366512537002563
2026-01-06,HDFCBANK.NS,1.334160327911377
2026-01-07,HDFCBANK.NS,-0.10344824194908142
2026-01-08,HDFCBANK.NS,3.397327184677124
2026-01-09,HDFCBANK.NS,-3.7465641498565674
2026-01-12,HDFCBANK.NS,-4.664903163909912
2026-01-13,HDFCBANK.NS,0.6138808727264404
2026-01-14,HDFCBANK.NS,2.262606143951416
2026-01-15,HDFCBANK.NS,2.4089367389678955
2026-01-16,HDFCBANK.NS,0.8904246687889099
2026-01-19,HDFCBANK.NS,1.8075313568115234
2026-01-20,HDFCBANK.NS,1.5515878200531006
2026-01-21,HDFCBANK.NS,-0.0800052210688591
2026-01-22,HDFCBANK.NS,1.336538314819336
2026-01-23,HDFCBANK.NS,0.9307484030723572
2026-01-27,HDFCBANK.NS,2.45116925239563
2026-01-28,HDFCBANK.NS,1.4879343509674072
2026-01-29,HDFCBANK.NS,1.6575233936309814
2026-01-30,HDFCBANK.NS,0.8977534770965576
2026-02-02,HDFCBANK.NS,-0.6511552929878235
2026-02-03,HDFCBANK.NS,-0.5100055932998657
2026-02-04,HDFCBANK.NS,0.33376818895339966
2026-02-05,HDFCBANK.NS,-0.37244752049446106
2026-02-06,HDFCBANK.NS,0.5700890421867371
2026-02-09,HDFCBANK.NS,0.35598379373550415
2026-02-10,HDFCBANK.NS,4.463115692138672
2026-02-11,HDFCBANK.NS,4.3818817138671875
2026-02-12,HDFCBANK.NS,3.267751932144165
2026-02-13,HDFCBANK.NS,1.6031816005706787
2026-02-16,HDFCBANK.NS,0.3094390630722046
2026-02-17,HDFCBANK.NS,-2.7921414375305176
2026-02-18,HDFCBANK.NS,1.4135247468948364
2026-02-19,HDFCBANK.NS,-0.5015183687210083
2026-02-20,HDFCBANK.NS,0.2757039964199066
2026-02-23,HDFCBANK.NS,-0.16500027477741241
2026-02-24,HDFCBANK.NS,0.6900699734687805
2026-02-25,HDFCBANK.NS,1.1081985235214233
2026-02-26,HDFCBANK.NS,-0.39205917716026306
2026-02-27,HDFCBANK.NS,0.7426108121871948
2026-03-02,HDFCBANK.NS,-0.7692579030990601
2026-03-04,HDFCBANK.NS,0.954633355140686
2026-03-05,HDFCBANK.NS,0.8901399970054626
2026-03-06,HDFCBANK.NS,1.8083869218826294
2026-03-09,HDFCBANK.NS,0.6802467703819275
2026-03-10,HDFCBANK.NS,0.868757963180542
2026-03-11,HDFCBANK.NS,3.345686197280884
2026-03-12,HDFCBANK.NS,2.372133731842041
2026-03-13,HDFCBANK.NS,2.1330153942108154
2026-03-16,HDFCBANK.NS,2.9024298191070557
2026-03-17,HDFCBANK.NS,1.448744773864746
2026-03-18,HDFCBANK.NS,1.0844395160675049
2026-03-19,HDFCBANK.NS,0.06912826746702194
2026-03-20,HDFCBANK.NS,2.001079797744751
2026-03-23,HDFCBANK.NS,1.8446412086486816
2026-03-24,HDFCBANK.NS,2.350297212600708
2026-03-25,HDFCBANK.NS,-1.8143671751022339
2026-03-27,HDFCBANK.NS,0.8044266104698181
2026-03-30,HDFCBANK.NS,-1.1969174146652222
2026-04-01,HDFCBANK.NS,0.2737008333206177
2026-04-02,HDFCBANK.NS,2.2849483489990234
2026-04-06,HDFCBANK.NS,-0.5284943580627441
2026-04-07,HDFCBANK.NS,-0.014850816689431667
2026-04-08,HDFCBANK.NS,0.4226967692375183
2026-04-09,HDFCBANK.NS,0.7404147386550903
2026-04-10,HDFCBANK.NS,1.6514177322387695
2026-04-13,HDFCBANK.NS,2.1990654468536377
2026-04-15,HDFCBANK.NS,0.8863687515258789
2026-04-16,HDFCBANK.NS,0.2220287173986435
2026-04-17,HDFCBANK.NS,0.9645587801933289
2026-04-20,HDFCBANK.NS,-0.556484043598175
2026-04-21,HDFCBANK.NS,0.31366708874702454
2026-04-22,HDFCBANK.NS,0.2656651437282562
2026-04-23,HDFCBANK.NS,0.07876452803611755
2026-04-24,HDFCBANK.NS,-0.21167442202568054
2026-04-27,HDFCBANK.NS,-0.29523196816444397
2026-04-28,HDFCBANK.NS,-0.21055340766906738
2026-04-29,HDFCBANK.NS,2.2184908390045166
2025-12-23,RELIANCE.NS,3.6935439109802246
2025-12-24,RELIANCE.NS,2.3079028129577637
2025-12-26,RELIANCE.NS,1.217482328414917
2025-12-29,RELIANCE.NS,2.9020447731018066
2025-12-30,RELIANCE.NS,3.1322968006134033
2025-12-31,RELIANCE.NS,1.8657442331314087
2026-01-01,RELIANCE.NS,0.16934140026569366
2026-01-02,RELIANCE.NS,-0.504620373249054
2026-01-05,RELIANCE.NS,0.5278773903846741
2026-01-06,RELIANCE.NS,1.4141225814819336
2026-01-07,RELIANCE.NS,1.5719146728515625
2026-01-08,RELIANCE.NS,1.4381126165390015
2026-01-09,RELIANCE.NS,0.13708242774009705
2026-01-12,RELIANCE.NS,-0.3533065915107727
2026-01-13,RELIANCE.NS,-0.3595527112483978
2026-01-14,RELIANCE.NS,1.3705641031265259
2026-01-15,RELIANCE.NS,0.7255571484565735
2026-01-16,RELIANCE.NS,1.0425854921340942
2026-01-19,RELIANCE.NS,-1.3248955011367798
2026-01-20,RELIANCE.NS,-0.1344941109418869
2026-01-21,RELIANCE.NS,0.21413207054138184
2026-01-22,RELIANCE.NS,0.39954742789268494
2026-01-23,RELIANCE.NS,0.24749308824539185
2026-01-27,RELIANCE.NS,-0.10485266894102097
2026-01-28,RELIANCE.NS,1.3323791027069092
2026-01-29,RELIANCE.NS,1.7588326930999756
2026-01-30,RELIANCE.NS,-0.5586235523223877
2026-02-02,RELIANCE.NS,-1.134985327720642
2026-02-03,RELIANCE.NS,0.8429502844810486
2026-02-04,RELIANCE.NS,-0.6029106974601746
2026-02-05,RELIANCE.NS,-0.4180295169353485
2026-02-06,RELIANCE.NS,0.24348405003547668
2026-02-09,RELIANCE.NS,0.7405681610107422
2026-02-10,RELIANCE.NS,0.08745596557855606
2026-02-11,RELIANCE.NS,0.8631399869918823
2026-02-12,RELIANCE.NS,-0.5840728282928467
2026-02-13,RELIANCE.NS,-0.244149848818779
2026-02-16,RELIANCE.NS,1.2491015195846558
2026-02-17,RELIANCE.NS,-0.2709313631057739
2026-02-18,RELIANCE.NS,0.06098833307623863
2026-02-19,RELIANCE.NS,2.3208250999450684
2026-02-20,RELIANCE.NS,0.5108543038368225
2026-02-23,RELIANCE.NS,1.3801324367523193
2026-02-24,RELIANCE.NS,0.5666634440422058
2026-02-25,RELIANCE.NS,-1.4440909624099731
2026-02-26,RELIANCE.NS,-0.34616270661354065
2026-02-27,RELIANCE.NS,1.7887043952941895
2026-03-02,RELIANCE.NS,2.92060923576355
2026-03-04,RELIANCE.NS,0.04769624397158623
2026-03-05,RELIANCE.NS,1.0245381593704224
2026-03-06,RELIANCE.NS,2.8146848678588867
2026-03-09,RELIANCE.NS,-2.2779409885406494
2026-03-10,RELIANCE.NS,-0.18255530297756195
2026-03-11,RELIANCE.NS,0.13392286002635956
2026-03-12,RELIANCE.NS,-0.07132560014724731
2026-03-13,RELIANCE.NS,-0.19669757783412933
2026-03-16,RELIANCE.NS,2.0809128284454346
2026-03-17,RELIANCE.NS,0.1430288851261139
2026-03-18,RELIANCE.NS,2.4210734367370605
2026-03-19,RELIANCE.NS,0.3850267827510834
2026-03-20,RELIANCE.NS,0.5583599209785461
2026-03-23,RELIANCE.NS,-0.07296401262283325
2026-03-24,RELIANCE.NS,0.32552486658096313
2026-03-25,RELIANCE.NS,0.2873421311378479
2026-03-27,RELIANCE.NS,0.6374338865280151
2026-03-30,RELIANCE.NS,3.8601155281066895
2026-04-01,RELIANCE.NS,1.5613453388214111
2026-04-02,RELIANCE.NS,0.9958441853523254
2026-04-06,RELIANCE.NS,1.2829976081848145
2026-04-07,RELIANCE.NS,0.2712695002555847
2026-04-08,RELIANCE.NS,1.3033080101013184
2026-04-09,RELIANCE.NS,1.0213651657104492
2026-04-10,RELIANCE.NS,0.7882356643676758
2026-04-13,RELIANCE.NS,-0.42259255051612854
2026-04-15,RELIANCE.NS,0.37956807017326355
2026-04-16,RELIANCE.NS,-2.5059752464294434
2026-04-17,RELIANCE.NS,0.9040919542312622
2026-04-20,RELIANCE.NS,-1.8426028490066528
2026-04-21,RELIANCE.NS,0.8716047406196594
2026-04-22,RELIANCE.NS,1.128710150718689
2026-04-23,RELIANCE.NS,-0.3262903392314911
2026-04-24,RELIANCE.NS,0.9182578325271606
2026-04-27,RELIANCE.NS,-0.7432273030281067
2026-04-28,RELIANCE.NS,-0.1472792625427246
2026-04-29,RELIANCE.NS,-0.003931092564016581
2025-12-23,USDJPY=X,0.22422946989536285
2025-12-24,USDJPY=X,4.763175964355469
2025-12-26,USDJPY=X,3.9252350330352783
2025-12-29,USDJPY=X,9.574627876281738
2025-12-30,USDJPY=X,0.9788168668746948
2025-12-31,USDJPY=X,6.3151140213012695
2026-01-02,USDJPY=X,-3.9377455711364746
2026-01-05,USDJPY=X,-0.49845606088638306
2026-01-06,USDJPY=X,7.95819616317749
2026-01-07,USDJPY=X,0.8159904479980469
2026-01-08,USDJPY=X,2.3951354026794434
2026-01-09,USDJPY=X,1.2718104124069214
2026-01-12,USDJPY=X,-0.49032434821128845
2026-01-13,USDJPY=X,-0.403971791267395
2026-01-14,USDJPY=X,3.5231940746307373
2026-01-15,USDJPY=X,-5.3976311683654785
2026-01-16,USDJPY=X,-6.9804511070251465
2026-01-19,USDJPY=X,-2.3253014087677
2026-01-20,USDJPY=X,-0.920586347579956
2026-01-21,USDJPY=X,-0.45927906036376953
2026-01-22,USDJPY=X,-0.6751686930656433
2026-01-23,USDJPY=X,0.13358156383037567
2026-01-26,USDJPY=X,5.279943466186523
2026-01-27,USDJPY=X,4.818592548370361
2026-01-28,USDJPY=X,4.661806583404541
2026-01-29,USDJPY=X,1.538276195526123
2026-01-30,USDJPY=X,5.241310119628906
2026-02-02,USDJPY=X,2.240567684173584
2026-02-03,USDJPY=X,2.518023729324341
2026-02-04,USDJPY=X,-3.8232781887054443
2026-02-05,USDJPY=X,5.753805160522461
2026-02-06,USDJPY=X,0.003382317489013076
2026-02-09,USDJPY=X,0.16080732643604279
2026-02-10,USDJPY=X,0.26362401247024536
2026-02-11,USDJPY=X,-0.0869157612323761
2026-02-12,USDJPY=X,-0.3846343457698822
2026-02-13,USDJPY=X,1.1618707180023193
2026-02-16,USDJPY=X,-5.424759864807129
2026-02-17,USDJPY=X,-7.265467643737793
2026-02-18,USDJPY=X,-0.6586071252822876
2026-02-19,USDJPY=X,-1.8140612840652466
2026-02-20,USDJPY=X,0.031148068606853485
2026-02-23,USDJPY=X,-5.036327362060547
2026-02-24,USDJPY=X,-2.748798370361328
2026-02-25,USDJPY=X,1.367935061454773
2026-02-26,USDJPY=X,0.6938003897666931
2026-02-27,USDJPY=X,-0.1390080451965332
2026-03-02,USDJPY=X,0.1611582189798355
2026-03-03,USDJPY=X,1.0666481256484985
2026-03-04,USDJPY=X,1.9093315601348877
2026-03-05,USDJPY=X,2.35581111907959
2026-03-06,USDJPY=X,2.379042148590088
2026-03-09,USDJPY=X,0.6995396614074707
2026-03-10,USDJPY=X,-0.22508154809474945
2026-03-11,USDJPY=X,2.387864351272583
2026-03-12,USDJPY=X,0.9304225444793701
2026-03-13,USDJPY=X,-0.3000414967536926
2026-03-16,USDJPY=X,0.37894588708877563
2026-03-17,USDJPY=X,0.9544144868850708
2026-03-18,USDJPY=X,1.1817766427993774
2026-03-19,USDJPY=X,0.09347868710756302
2026-03-20,USDJPY=X,0.3921857178211212
2026-03-23,USDJPY=X,2.850196599960327
2026-03-24,USDJPY=X,0.3643607795238495
2026-03-25,USDJPY=X,3.7194302082061768
2026-03-26,USDJPY=X,1.5880208015441895
2026-03-27,USDJPY=X,0.9335529208183289
2026-03-30,USDJPY=X,-0.6181305646896362
2026-03-31,USDJPY=X,3.9809889793395996
2026-04-01,USDJPY=X,0.4601629078388214
2026-04-02,USDJPY=X,1.9923813343048096
2026-04-03,USDJPY=X,0.24276839196681976
2026-04-06,USDJPY=X,-0.517378568649292
2026-04-07,USDJPY=X,-1.7678579092025757
2026-04-08,USDJPY=X,3.5884804725646973
2026-04-09,USDJPY=X,2.866814374923706
2026-04-10,USDJPY=X,1.8887492418289185
2026-04-13,USDJPY=X,-0.35240623354911804
2026-04-14,USDJPY=X,0.6935902237892151
2026-04-15,USDJPY=X,6.676834583282471
2026-04-16,USDJPY=X,7.705175876617432
2026-04-17,USDJPY=X,4.7235798835754395
2026-04-20,USDJPY=X,3.571265935897827
2026-04-21,USDJPY=X,-1.2896640300750732
2026-04-22,USDJPY=X,2.3890485763549805
2026-04-23,USDJPY=X,-1.0874536037445068
2026-04-24,USDJPY=X,-0.6163426041603088
2026-04-27,USDJPY=X,-0.03439291566610336
2026-04-28,USDJPY=X,2.503119707107544
2026-04-29,USDJPY=X,3.235522985458374
2025-12-23,GOOGL,2.3599131107330322
2025-12-24,GOOGL,0.727383553981781
2025-12-26,GOOGL,0.39562568068504333
2025-12-29,GOOGL,0.10629560053348541
2025-12-30,GOOGL,0.019785026088356972
2025-12-31,GOOGL,0.1384330689907074
2026-01-02,GOOGL,-0.2839973568916321
2026-01-05,GOOGL,0.3915656507015228
2026-01-06,GOOGL,0.9492069482803345
2026-01-07,GOOGL,0.11809524148702621
2026-01-08,GOOGL,-0.37719446420669556
2026-01-09,GOOGL,-0.1459081619977951
2026-01-12,GOOGL,-0.06576725095510483
2026-01-13,GOOGL,-0.3631819188594818
2026-01-14,GOOGL,-0.6193428635597229
2026-01-15,GOOGL,-0.215322345495224
2026-01-16,GOOGL,0.10193255543708801
2026-01-20,GOOGL,0.09015600383281708
2026-01-21,GOOGL,-0.039377354085445404
2026-01-22,GOOGL,-0.041476111859083176
2026-01-23,GOOGL,0.6550573706626892
2026-01-26,GOOGL,0.20118235051631927
2026-01-27,GOOGL,-0.013006736524403095
2026-01-28,GOOGL,-0.4812069237232208
2026-01-29,GOOGL,-0.32440173625946045
2026-01-30,GOOGL,-0.3698089122772217
2026-02-02,GOOGL,-0.30499598383903503
2026-02-03,GOOGL,-0.24349349737167358
2026-02-04,GOOGL,1.1829761266708374
2026-02-05,GOOGL,1.1050103902816772
2026-02-06,GOOGL,0.5042836666107178
2026-02-09,GOOGL,0.7965369820594788
2026-02-10,GOOGL,0.2871704697608948
2026-02-11,GOOGL,1.159915566444397
2026-02-12,GOOGL,0.13897058367729187
2026-02-13,GOOGL,0.9649023413658142
2026-02-17,GOOGL,1.0885727405548096
2026-02-18,GOOGL,1.2742854356765747
2026-02-19,GOOGL,1.456512451171875
2026-02-20,GOOGL,0.6221315264701843
2026-02-23,GOOGL,0.5049968957901001
2026-02-24,GOOGL,-0.0885169506072998
2026-02-25,GOOGL,0.6460325121879578
2026-02-26,GOOGL,0.07534503936767578
2026-02-27,GOOGL,-0.3877098262310028
2026-03-02,GOOGL,-0.17000284790992737
2026-03-03,GOOGL,0.6056137084960938
2026-03-04,GOOGL,0.3429160714149475
2026-03-05,GOOGL,0.05397873371839523
2026-03-06,GOOGL,0.30411168932914734
2026-03-09,GOOGL,-0.21455495059490204
2026-03-10,GOOGL,0.2861768901348114
2026-03-11,GOOGL,0.6161264777183533
2026-03-12,GOOGL,0.7724869847297668
2026-03-13,GOOGL,0.22445710003376007
2026-03-16,GOOGL,1.7576197385787964
2026-03-17,GOOGL,0.35732579231262207
2026-03-18,GOOGL,-0.01490885391831398
2026-03-19,GOOGL,-0.10648791491985321
2026-03-20,GOOGL,-0.02193671464920044
2026-03-23,GOOGL,0.6851347088813782
2026-03-24,GOOGL,1.0515027046203613
2026-03-25,GOOGL,-0.27586111426353455
2026-03-26,GOOGL,3.205561876296997
2026-03-27,GOOGL,-1.023160457611084
2026-03-30,GOOGL,-0.7775844931602478
2026-03-31,GOOGL,0.3757498562335968
2026-04-01,GOOGL,0.5387418866157532
2026-04-02,GOOGL,-0.30216240882873535
2026-04-06,GOOGL,1.0940001010894775
2026-04-07,GOOGL,0.0765867829322815
2026-04-08,GOOGL,-0.14516772329807281
2026-04-09,GOOGL,0.021943461149930954
2026-04-10,GOOGL,0.45178860425949097
2026-04-13,GOOGL,0.05138327181339264
2026-04-14,GOOGL,0.953886091709137
2026-04-15,GOOGL,0.6929700970649719
2026-04-16,GOOGL,0.87701016664505
2026-04-17,GOOGL,1.2563015222549438
2026-04-20,GOOGL,1.086234211921692
2026-04-21,GOOGL,0.5117188096046448
2026-04-22,GOOGL,0.3410356342792511
2026-04-23,GOOGL,0.061788104474544525
2026-04-24,GOOGL,-0.03913063555955887
2026-04-27,GOOGL,0.011544298380613327
2026-04-28,GOOGL,0.11268042027950287
2026-04-29,GOOGL,0.2470623105764389
2025-12-23,GC=F,-0.21400494873523712
2025-12-24,GC=F,-0.15359719097614288
2025-12-26,GC=F,0.12878799438476562
2025-12-29,GC=F,0.6958631277084351
2025-12-30,GC=F,0.7045472264289856
2025-12-31,GC=F,0.21634237468242645
2026-01-02,GC=F,-0.1087699830532074
2026-01-05,GC=F,-0.31934797763824463
2026-01-06,GC=F,0.35304176807403564
2026-01-07,GC=F,-0.9338017702102661
2026-01-08,GC=F,0.7531222701072693
2026-01-09,GC=F,1.0840190649032593
2026-01-12,GC=F,0.016162468120455742
2026-01-13,GC=F,0.4455941915512085
2026-01-14,GC=F,-1.1073805093765259
2026-01-15,GC=F,-0.8538013696670532
2026-01-16,GC=F,-0.10487833619117737
2026-01-20,GC=F,0.799074113368988
2026-01-21,GC=F,0.3333509862422943
2026-01-22,GC=F,0.5318081974983215
2026-01-23,GC=F,0.8490438461303711
2026-01-26,GC=F,0.08888834714889526
2026-01-27,GC=F,-0.07866588979959488
2026-01-28,GC=F,-0.05442265793681145
2026-01-29,GC=F,0.00735728582367301
2026-01-30,GC=F,0.7465583086013794
2026-02-02,GC=F,0.6347808837890625
2026-02-03,GC=F,0.7163934111595154
2026-02-04,GC=F,0.2082812488079071
2026-02-05,GC=F,0.20943275094032288
2026-02-06,GC=F,0.42089566588401794
2026-02-09,GC=F,-0.1520560383796692
2026-02-10,GC=F,-0.4449812173843384
2026-02-11,GC=F,-0.18386328220367432
2026-02-12,GC=F,-0.6206438541412354
2026-02-13,GC=F,-0.7330291867256165
2026-02-17,GC=F,0.32482609152793884
2026-02-18,GC=F,0.44095516204833984
2026-02-19,GC=F,0.737581729888916
2026-02-20,GC=F,-0.07070781290531158
2026-02-23,GC=F,0.9381944537162781
2026-02-24,GC=F,0.12816117703914642
2026-02-25,GC=F,0.5629461407661438
2026-02-26,GC=F,-0.14342060685157776
2026-02-27,GC=F,1.0368852615356445
2026-03-02,GC=F,0.23196539282798767
2026-03-03,GC=F,0.4449332654476166
2026-03-04,GC=F,1.8266338109970093
2026-03-05,GC=F,0.628264307975769
2026-03-06,GC=F,0.2765690088272095
2026-03-09,GC=F,-0.1722402125597
2026-03-10,GC=F,-0.25728464126586914
2026-03-11,GC=F,2.590554714202881
2026-03-12,GC=F,-0.9775390028953552
2026-03-13,GC=F,-0.6334038376808167
2026-03-16,GC=F,-0.49283090233802795
2026-03-17,GC=F,0.8958441615104675
2026-03-18,GC=F,0.42180225253105164
2026-03-19,GC=F,0.3981345593929291
2026-03-20,GC=F,0.5473164319992065
2026-03-23,GC=F,0.047610312700271606
2026-03-24,GC=F,0.6144828200340271
2026-03-25,GC=F,0.5818777680397034
2026-03-26,GC=F,1.062069058418274
2026-03-27,GC=F,0.4554465115070343
2026-03-30,GC=F,-0.9908953309059143
2026-03-31,GC=F,1.526397943496704
2026-04-01,GC=F,-1.1446884870529175
2026-04-02,GC=F,1.3463363647460938
2026-04-06,GC=F,1.0336641073226929
2026-04-07,GC=F,1.134063959121704
2026-04-08,GC=F,2.9789347648620605
2026-04-09,GC=F,0.40088599920272827
2026-04-10,GC=F,0.005811926443129778
2026-04-13,GC=F,0.5217468738555908
2026-04-14,GC=F,0.4147125780582428
2026-04-15,GC=F,0.26143553853034973
2026-04-16,GC=F,0.5762075781822205
2026-04-17,GC=F,-0.2142287641763687
2026-04-20,GC=F,0.11464998126029968
2026-04-21,GC=F,0.034693196415901184
2026-04-22,GC=F,0.5616801977157593
2026-04-23,GC=F,1.0661628246307373
2026-04-24,GC=F,1.120253086090088
2026-04-27,GC=F,0.3564606010913849
2026-04-28,GC=F,1.6404502391815186
2026-04-29,GC=F,-0.1288471817970276
2025-12-23,EEM,1.0015288591384888
2025-12-24,EEM,-0.013279628939926624
2025-12-26,EEM,-0.07058398425579071
2025-12-29,EEM,1.5267055034637451
2025-12-30,EEM,1.1669291257858276
2025-12-31,EEM,0.4599796235561371
2026-01-02,EEM,0.17147742211818695
2026-01-05,EEM,-0.6914270520210266
2026-01-06,EEM,0.7757695317268372
2026-01-07,EEM,2.8460888862609863
2026-01-08,EEM,1.1706589460372925
2026-01-09,EEM,0.2416146844625473
2026-01-12,EEM,-0.24790261685848236
2026-01-13,EEM,-0.3747940957546234
2026-01-14,EEM,-0.0019139222567901015
2026-01-15,EEM,-0.031774234026670456
2026-01-16,EEM,-0.8387925624847412
2026-01-20,EEM,0.3537538945674896
2026-01-21,EEM,0.35740140080451965
2026-01-22,EEM,-0.18991312384605408
2026-01-23,EEM,-0.20288413763046265
2026-01-26,EEM,-1.5223777294158936
2026-01-27,EEM,-0.7888699769973755
2026-01-28,EEM,-0.29270675778388977
2026-01-29,EEM,-0.18860985338687897
2026-01-30,EEM,1.48821222782135
2026-02-02,EEM,1.3180381059646606
2026-02-03,EEM,0.1015814021229744
2026-02-04,EEM,-0.26401424407958984
2026-02-05,EEM,1.5878942012786865
2026-02-06,EEM,0.3614305257797241
2026-02-09,EEM,-0.06566216051578522
2026-02-10,EEM,-0.7479843497276306
2026-02-11,EEM,0.8968124985694885
2026-02-12,EEM,-0.519891619682312
2026-02-13,EEM,1.425428867340088
2026-02-17,EEM,0.5964402556419373
2026-02-18,EEM,-0.33737102150917053
2026-02-19,EEM,0.6455733776092529
2026-02-20,EEM,-0.2619238495826721
2026-02-23,EEM,0.041701726615428925
2026-02-24,EEM,0.6755732297897339
2026-02-25,EEM,0.7432578206062317
2026-02-26,EEM,0.35793164372444153
2026-02-27,EEM,1.1062310934066772
2026-03-02,EEM,1.163140058517456
2026-03-03,EEM,0.7219787240028381
2026-03-04,EEM,0.873635470867157
2026-03-05,EEM,1.65715491771698
2026-03-06,EEM,-0.09888764470815659
2026-03-09,EEM,3.7274115085601807
2026-03-10,EEM,1.412431240081787
2026-03-11,EEM,0.3203222453594208
2026-03-12,EEM,3.7769906520843506
2026-03-13,EEM,-0.34809282422065735
2026-03-16,EEM,-0.020846858620643616
2026-03-17,EEM,1.4880294799804688
2026-03-18,EEM,-4.284683704376221
2026-03-19,EEM,0.8394491672515869
2026-03-20,EEM,0.030266067013144493
2026-03-23,EEM,1.7605305910110474
2026-03-24,EEM,-0.6348345875740051
2026-03-25,EEM,0.9303441643714905
2026-03-26,EEM,0.14014823734760284
2026-03-27,EEM,1.746756672859192
2026-03-30,EEM,2.317303419113159
2026-03-31,EEM,0.04443656653165817
2026-04-01,EEM,1.6223889589309692
2026-04-02,EEM,1.5117480754852295
2026-04-06,EEM,-0.15886256098747253
2026-04-07,EEM,1.3255292177200317
2026-04-08,EEM,-0.3748455047607422
2026-04-09,EEM,0.7299066781997681
2026-04-10,EEM,0.40436509251594543
2026-04-13,EEM,1.141571044921875
2026-04-14,EEM,1.7150800228118896
2026-04-15,EEM,0.3008077144622803
2026-04-16,EEM,0.9338414072990417
2026-04-17,EEM,0.49686017632484436
2026-04-20,EEM,0.35139691829681396
2026-04-21,EEM,0.15344004333019257
2026-04-22,EEM,-0.39744168519973755
2026-04-23,EEM,-0.46784770488739014
2026-04-24,EEM,-0.5158604383468628
2026-04-27,EEM,-0.42263540625572205
2026-04-28,EEM,-0.4863339960575104
2026-04-29,EEM,0.7529945969581604
2025-12-23,UNH,0.2941998541355133
2025-12-24,UNH,-0.49599334597587585
2025-12-26,UNH,-0.36872076988220215
2025-12-29,UNH,0.972266435623169
2025-12-30,UNH,0.05918817222118378
2025-12-31,UNH,0.39512038230895996
2026-01-02,UNH,-0.041275449097156525
2026-01-05,UNH,-0.20310591161251068
2026-01-06,UNH,-0.30026960372924805
2026-01-07,UNH,1.4488343000411987
2026-01-08,UNH,1.2242497205734253
2026-01-09,UNH,1.930704116821289
2026-01-12,UNH,1.0605977773666382
2026-01-13,UNH,1.0324430465698242
2026-01-14,UNH,1.1979070901870728
2026-01-15,UNH,0.3021346628665924
2026-01-16,UNH,-0.3547293543815613
2026-01-20,UNH,0.15120728313922882
2026-01-21,UNH,1.1170557737350464
2026-01-22,UNH,-0.6621809601783752
2026-01-23,UNH,1.340973973274231
2026-01-26,UNH,1.120079755783081
2026-01-27,UNH,0.5955694913864136
2026-01-28,UNH,0.9378601908683777
2026-01-29,UNH,-0.17993265390396118
2026-01-30,UNH,-0.208734393119812
2026-02-02,UNH,1.880014181137085
2026-02-03,UNH,0.6439828276634216
2026-02-04,UNH,0.7924160361289978
2026-02-05,UNH,0.4038164019584656
2026-02-06,UNH,0.12517522275447845
2026-02-09,UNH,0.24985896050930023
2026-02-10,UNH,0.2228543758392334
2026-02-11,UNH,0.09022730588912964
2026-02-12,UNH,0.26264095306396484
2026-02-13,UNH,0.3379332423210144
2026-02-17,UNH,0.32774221897125244
2026-02-18,UNH,0.25462889671325684
2026-02-19,UNH,0.1922696977853775
2026-02-20,UNH,0.1861294060945511
2026-02-23,UNH,-0.057057738304138184
2026-02-24,UNH,0.1866089254617691
2026-02-25,UNH,0.06515958160161972
2026-02-26,UNH,0.6135905981063843
2026-02-27,UNH,-0.016055451706051826
2026-03-02,UNH,-0.21661080420017242
2026-03-03,UNH,1.169448971748352
2026-03-04,UNH,0.039628513157367706
2026-03-05,UNH,1.670507550239563
2026-03-06,UNH,1.2774344682693481
2026-03-09,UNH,0.6253287196159363
2026-03-10,UNH,0.07742747664451599
2026-03-11,UNH,0.10508168488740921
2026-03-12,UNH,-0.22598639130592346
2026-03-13,UNH,1.014185905456543
2026-03-16,UNH,-0.246164008975029
2026-03-17,UNH,-1.0629332065582275
2026-03-18,UNH,1.2611427307128906
2026-03-19,UNH,0.9164553284645081
2026-03-20,UNH,0.6383509635925293
2026-03-23,UNH,0.8207728862762451
2026-03-24,UNH,-0.561586856842041
2026-03-25,UNH,-1.7848358154296875
2026-03-26,UNH,-0.5133203864097595
2026-03-27,UNH,-0.17538730800151825
2026-03-30,UNH,0.8244979381561279
2026-03-31,UNH,0.28356707096099854
2026-04-01,UNH,-0.3069382309913635
2026-04-02,UNH,-0.31018736958503723
2026-04-06,UNH,-0.1480495184659958
2026-04-07,UNH,-0.10995956510305405
2026-04-08,UNH,-0.19853715598583221
2026-04-09,UNH,0.5530339479446411
2026-04-10,UNH,1.1123242378234863
2026-04-13,UNH,1.9037714004516602
2026-04-14,UNH,0.5575066208839417
2026-04-15,UNH,0.35158345103263855
2026-04-16,UNH,0.2810186743736267
2026-04-17,UNH,0.3301152288913727
2026-04-20,UNH,0.3181368112564087
2026-04-21,UNH,0.18708325922489166
2026-04-22,UNH,0.18497489392757416
2026-04-23,UNH,0.020422419533133507
2026-04-24,UNH,0.021854031831026077
2026-04-27,UNH,-0.07352814078330994
2026-04-28,UNH,0.08062828332185745
2026-04-29,UNH,-0.021821383386850357
2025-12-23,NVDA,-0.07648701965808868
2025-12-24,NVDA,0.08293728530406952
2025-12-26,NVDA,0.8792771697044373
2025-12-29,NVDA,0.3779372572898865
2025-12-30,NVDA,1.1689398288726807
2025-12-31,NVDA,0.6299664378166199
2026-01-02,NVDA,0.5987019538879395
2026-01-05,NVDA,-0.0011671226238831878
2026-01-06,NVDA,0.33149245381355286
2026-01-07,NVDA,0.4483186900615692
2026-01-08,NVDA,0.18155591189861298
2026-01-09,NVDA,1.546593189239502
2026-01-12,NVDA,1.2096740007400513
2026-01-13,NVDA,0.1802300214767456
2026-01-14,NVDA,-0.7586132884025574
2026-01-15,NVDA,-1.0187501907348633
2026-01-16,NVDA,-0.05656277760863304
2026-01-20,NVDA,0.27476969361305237
2026-01-21,NVDA,0.06755749136209488
2026-01-22,NVDA,-0.25797754526138306
2026-01-23,NVDA,1.2498135566711426
2026-01-26,NVDA,2.609010934829712
2026-01-27,NVDA,-0.2084159404039383
2026-01-28,NVDA,0.6213758587837219
2026-01-29,NVDA,0.0471755750477314
2026-01-30,NVDA,1.2671265602111816
2026-02-02,NVDA,1.0671054124832153
2026-02-03,NVDA,1.4280837774276733
2026-02-04,NVDA,0.8525401949882507
2026-02-05,NVDA,0.47736480832099915
2026-02-06,NVDA,0.7810201048851013
2026-02-09,NVDA,0.13661667704582214
2026-02-10,NVDA,1.8504873514175415
2026-02-11,NVDA,1.0869628190994263
2026-02-12,NVDA,-0.07083155959844589
2026-02-13,NVDA,1.046169638633728
2026-02-17,NVDA,0.7794155478477478
2026-02-18,NVDA,0.1855579912662506
2026-02-19,NVDA,-0.10287339985370636
2026-02-20,NVDA,1.7963186502456665
2026-02-23,NVDA,0.598822295665741
2026-02-24,NVDA,0.45895951986312866
2026-02-25,NVDA,0.7615503668785095
2026-02-26,NVDA,1.6392842531204224
2026-02-27,NVDA,1.1937575340270996
2026-03-02,NVDA,0.6399873495101929
2026-03-03,NVDA,0.11349788308143616
2026-03-04,NVDA,1.3185511827468872
2026-03-05,NVDA,0.920551061630249
2026-03-06,NVDA,-0.2018766552209854
2026-03-09,NVDA,-0.1624414324760437
2026-03-10,NVDA,0.7341811060905457
2026-03-11,NVDA,1.9406179189682007
2026-03-12,NVDA,0.824093222618103
2026-03-13,NVDA,1.2733310461044312
2026-03-16,NVDA,0.2711760997772217
2026-03-17,NVDA,0.3258057236671448
2026-03-18,NVDA,1.1473273038864136
2026-03-19,NVDA,0.18988756835460663
2026-03-20,NVDA,0.9634888768196106
2026-03-23,NVDA,0.2723192870616913
2026-03-24,NVDA,0.08709167689085007
2026-03-25,NVDA,-0.20717103779315948
2026-03-26,NVDA,-0.019283700734376907
2026-03-27,NVDA,1.1583023071289062
2026-03-30,NVDA,0.15444599092006683
2026-03-31,NVDA,0.33398038148880005
2026-04-01,NVDA,-0.9351170659065247
2026-04-02,NVDA,0.8262776136398315
2026-04-06,NVDA,0.07713363319635391
2026-04-07,NVDA,0.8334454298019409
2026-04-08,NVDA,-0.14558428525924683
2026-04-09,NVDA,-0.031030284240841866
2026-04-10,NVDA,-0.07916784286499023
2026-04-13,NVDA,0.09559067338705063
2026-04-14,NVDA,0.132096067070961
2026-04-15,NVDA,0.8957846164703369
2026-04-16,NVDA,0.5558640360832214
2026-04-17,NVDA,0.8129117488861084
2026-04-20,NVDA,0.40253719687461853
2026-04-21,NVDA,0.0606585256755352
2026-04-22,NVDA,0.09020806103944778
2026-04-23,NVDA,0.0014512535417452455
2026-04-24,NVDA,-0.03523487597703934
2026-04-27,NVDA,-0.09376794844865799
2026-04-28,NVDA,-0.13345563411712646
2026-04-29,NVDA,0.5210548043251038
2025-12-23,JPM,-0.2690289616584778
2025-12-24,JPM,-0.17400243878364563
2025-12-26,JPM,0.08045997470617294
2025-12-29,JPM,1.8063530921936035
2025-12-30,JPM,1.4326704740524292
2025-12-31,JPM,0.010602868162095547
2026-01-02,JPM,-0.21942152082920074
2026-01-05,JPM,-0.1702640801668167
2026-01-06,JPM,-0.17739462852478027
2026-01-07,JPM,1.0967519283294678
2026-01-08,JPM,-2.411541223526001
2026-01-09,JPM,-1.2549329996109009
2026-01-12,JPM,-0.7411296367645264
2026-01-13,JPM,-0.1407366245985031
2026-01-14,JPM,1.008744716644287
2026-01-15,JPM,0.4045868515968323
2026-01-16,JPM,-0.8583509922027588
2026-01-20,JPM,2.831037998199463
2026-01-21,JPM,0.7797608375549316
2026-01-22,JPM,-0.015139755792915821
2026-01-23,JPM,1.1760258674621582
2026-01-26,JPM,-0.10414562374353409
2026-01-27,JPM,0.9186055660247803
2026-01-28,JPM,1.9690032005310059
2026-01-29,JPM,-0.640033483505249
2026-01-30,JPM,1.0784881114959717
2026-02-02,JPM,-1.2407180070877075
2026-02-03,JPM,-1.8516103029251099
2026-02-04,JPM,-1.3376137018203735
2026-02-05,JPM,-1.1852645874023438
2026-02-06,JPM,0.3514469563961029
2026-02-09,JPM,-0.3040478229522705
2026-02-10,JPM,0.11796336621046066
2026-02-11,JPM,-0.39708268642425537
2026-02-12,JPM,1.4744857549667358
2026-02-13,JPM,1.2308207750320435
2026-02-17,JPM,-0.13653287291526794
2026-02-18,JPM,-2.041415214538574
2026-02-19,JPM,-0.8718228936195374
2026-02-20,JPM,1.111557126045227
2026-02-23,JPM,0.5729763507843018
2026-02-24,JPM,0.8075594305992126
2026-02-25,JPM,0.16749849915504456
2026-02-26,JPM,1.4560595750808716
2026-02-27,JPM,-0.3852837085723877
2026-03-02,JPM,-0.15533922612667084
2026-03-03,JPM,-0.3412642776966095
2026-03-04,JPM,1.5441476106643677
2026-03-05,JPM,-0.20956569910049438
2026-03-06,JPM,0.429252952337265
2026-03-09,JPM,1.6046992540359497
2026-03-10,JPM,3.059037923812866
2026-03-11,JPM,1.129455327987671
2026-03-12,JPM,2.2991254329681396
2026-03-13,JPM,2.2920877933502197
2026-03-16,JPM,1.5601979494094849
2026-03-17,JPM,1.5512363910675049
2026-03-18,JPM,0.8049471378326416
2026-03-19,JPM,0.9015169739723206
2026-03-20,JPM,1.4113740921020508
2026-03-23,JPM,0.9865885972976685
2026-03-24,JPM,1.2058110237121582
2026-03-25,JPM,-0.7780537009239197
2026-03-26,JPM,-1.9036628007888794
2026-03-27,JPM,1.2831696271896362
2026-03-30,JPM,1.1015076637268066
2026-03-31,JPM,0.17965750396251678
2026-04-01,JPM,-1.0359662771224976
2026-04-02,JPM,3.1007635593414307
2026-04-06,JPM,-1.6301175355911255
2026-04-07,JPM,0.4067850410938263
2026-04-08,JPM,1.3132563829421997
2026-04-09,JPM,0.7156214118003845
2026-04-10,JPM,1.173869013786316
2026-04-13,JPM,1.3385289907455444
2026-04-14,JPM,0.5817061066627502
2026-04-15,JPM,1.2148171663284302
2026-04-16,JPM,1.0889312028884888
2026-04-17,JPM,0.0690891370177269
2026-04-20,JPM,-0.13680024445056915
2026-04-21,JPM,-0.010131103917956352
2026-04-22,JPM,0.6319868564605713
2026-04-23,JPM,0.5640424489974976
2026-04-24,JPM,0.39574483036994934
2026-04-27,JPM,0.5678322315216064
2026-04-28,JPM,-0.11383361369371414
2026-04-29,JPM,-0.5479902625083923
2025-12-23,IWM,0.030635852366685867
2025-12-24,IWM,-1.3555022478103638
2025-12-26,IWM,1.0422686338424683
2025-12-29,IWM,1.5184149742126465
2025-12-30,IWM,1.313836693763733
2025-12-31,IWM,2.007233142852783
2026-01-02,IWM,0.29946303367614746
2026-01-05,IWM,-0.49879536032676697
2026-01-06,IWM,2.1056249141693115
2026-01-07,IWM,0.42026153206825256
2026-01-08,IWM,1.089330792427063
2026-01-09,IWM,0.4157605767250061
2026-01-12,IWM,1.622452735900879
2026-01-13,IWM,1.1518794298171997
2026-01-14,IWM,1.0350569486618042
2026-01-15,IWM,0.426055908203125
2026-01-16,IWM,0.31701844930648804
2026-01-20,IWM,0.955630898475647
2026-01-21,IWM,1.324436068534851
2026-01-22,IWM,0.022752737626433372
2026-01-23,IWM,-0.06203361600637436
2026-01-26,IWM,1.224410891532898
2026-01-27,IWM,0.8796256184577942
2026-01-28,IWM,0.12191756814718246
2026-01-29,IWM,0.9566762447357178
2026-01-30,IWM,1.0766725540161133
2026-02-02,IWM,1.4109890460968018
2026-02-03,IWM,-0.8163370490074158
2026-02-04,IWM,0.4583686590194702
2026-02-05,IWM,-1.7620295286178589
2026-02-06,IWM,-0.4566568434238434
2026-02-09,IWM,0.3459160029888153
2026-02-10,IWM,-0.361278235912323
2026-02-11,IWM,0.9944643378257751
2026-02-12,IWM,2.0920193195343018
2026-02-13,IWM,3.233102321624756
2026-02-17,IWM,0.2519822120666504
2026-02-18,IWM,-1.149485468864441
2026-02-19,IWM,3.8064424991607666
2026-02-20,IWM,-1.1139190196990967
2026-02-23,IWM,1.2081096172332764
2026-02-24,IWM,3.1766293048858643
2026-02-25,IWM,-0.15136851370334625
2026-02-26,IWM,0.17895378172397614
2026-02-27,IWM,4.233875274658203
2026-03-02,IWM,0.34729093313217163
2026-03-03,IWM,-0.5271424055099487
2026-03-04,IWM,2.040135622024536
2026-03-05,IWM,1.1513187885284424
2026-03-06,IWM,-2.922091245651245
2026-03-09,IWM,-6.446131706237793
2026-03-10,IWM,-4.077131748199463
2026-03-11,IWM,-3.4687581062316895
2026-03-12,IWM,0.5829414129257202
2026-03-13,IWM,0.4511139988899231
2026-03-16,IWM,0.7306462526321411
2026-03-17,IWM,1.292056918144226
2026-03-18,IWM,0.5301780700683594
2026-03-19,IWM,-0.19912463426589966
2026-03-20,IWM,1.409651517868042
2026-03-23,IWM,2.4789037704467773
2026-03-24,IWM,-1.3876538276672363
2026-03-25,IWM,-1.6390693187713623
2026-03-26,IWM,-1.324426293373108
2026-03-27,IWM,1.6722244024276733
2026-03-30,IWM,-0.34454047679901123
2026-03-31,IWM,-0.3194555938243866
2026-04-01,IWM,0.5911341905593872
2026-04-02,IWM,-0.08766783028841019
2026-04-06,IWM,-0.19318804144859314
2026-04-07,IWM,-0.11486303061246872
2026-04-08,IWM,0.29571425914764404
2026-04-09,IWM,0.20755665004253387
2026-04-10,IWM,2.1952109336853027
2026-04-13,IWM,-0.28996047377586365
2026-04-14,IWM,-0.35181719064712524
2026-04-15,IWM,-0.15533196926116943
2026-04-16,IWM,0.5310021638870239
2026-04-17,IWM,0.32410287857055664
2026-04-20,IWM,-0.07058313488960266
2026-04-21,IWM,-0.01571645773947239
2026-04-22,IWM,-0.3605195879936218
2026-04-23,IWM,-0.4214383065700531
2026-04-24,IWM,-0.3944055438041687
2026-04-27,IWM,-0.5513561367988586
2026-04-28,IWM,-0.887502908706665
2026-04-29,IWM,0.26084673404693604
2025-12-23,GLD,-0.17831021547317505
2025-12-24,GLD,-0.14227522909641266
2025-12-26,GLD,0.4196086525917053
2025-12-29,GLD,0.672711193561554
2025-12-30,GLD,0.8159431219100952
2025-12-31,GLD,0.7507678270339966
2026-01-02,GLD,0.31096315383911133
2026-01-05,GLD,-1.4041392803192139
2026-01-06,GLD,-0.5159071087837219
2026-01-07,GLD,1.348452091217041
2026-01-08,GLD,1.716570496559143
2026-01-09,GLD,2.04874587059021
2026-01-12,GLD,0.5335031747817993
2026-01-13,GLD,-0.6890124678611755
2026-01-14,GLD,-0.880355954170227
2026-01-15,GLD,0.29570385813713074
2026-01-16,GLD,0.5262214541435242
2026-01-20,GLD,0.7384881973266602
2026-01-21,GLD,0.08177974820137024
2026-01-22,GLD,0.47947201132774353
2026-01-23,GLD,1.06437349319458
2026-01-26,GLD,0.13384674489498138
2026-01-27,GLD,-0.11642321199178696
2026-01-28,GLD,-0.030448518693447113
2026-01-29,GLD,-0.019521167501807213
2026-01-30,GLD,0.748335599899292
2026-02-02,GLD,0.6185144782066345
2026-02-03,GLD,0.8258445858955383
2026-02-04,GLD,0.33275023102760315
2026-02-05,GLD,0.0921509638428688
2026-02-06,GLD,1.4997891187667847
2026-02-09,GLD,0.3392341136932373
2026-02-10,GLD,0.4079445004463196
2026-02-11,GLD,1.3699400424957275
2026-02-12,GLD,0.7217991948127747
2026-02-13,GLD,0.8677923679351807
2026-02-17,GLD,-0.21863412857055664
2026-02-18,GLD,0.17595311999320984
2026-02-19,GLD,-0.43652909994125366
2026-02-20,GLD,-0.361045241355896
2026-02-23,GLD,0.3838266134262085
2026-02-24,GLD,0.247651606798172
2026-02-25,GLD,1.0299946069717407
2026-02-26,GLD,0.18006114661693573
2026-02-27,GLD,1.3412697315216064
2026-03-02,GLD,0.5617473721504211
2026-03-03,GLD,0.8486140966415405
2026-03-04,GLD,0.6724994778633118
2026-03-05,GLD,0.2351674735546112
2026-03-06,GLD,-0.025477418676018715
2026-03-09,GLD,-0.13872870802879333
2026-03-10,GLD,-0.18130211532115936
2026-03-11,GLD,2.3565821647644043
2026-03-12,GLD,0.8831000924110413
2026-03-13,GLD,1.4544150829315186
2026-03-16,GLD,1.1180821657180786
2026-03-17,GLD,0.17645800113677979
2026-03-18,GLD,0.7714506387710571
2026-03-19,GLD,-0.6177703738212585
2026-03-20,GLD,0.8085692524909973
2026-03-23,GLD,1.4077327251434326
2026-03-24,GLD,1.1851483583450317
2026-03-25,GLD,0.5925655961036682
2026-03-26,GLD,0.9648517370223999
2026-03-27,GLD,0.33112257719039917
2026-03-30,GLD,-0.5966469645500183
2026-03-31,GLD,1.0991908311843872
2026-04-01,GLD,0.8705100417137146
2026-04-02,GLD,-0.313937246799469
2026-04-06,GLD,-0.3023684322834015
2026-04-07,GLD,0.10856924206018448
2026-04-08,GLD,-0.13921979069709778
2026-04-09,GLD,-0.06381725519895554
2026-04-10,GLD,-0.09728432446718216
2026-04-13,GLD,-0.11400306969881058
2026-04-14,GLD,-0.07114794850349426
2026-04-15,GLD,-0.1428757607936859
2026-04-16,GLD,0.7443599104881287
2026-04-17,GLD,-0.07257312536239624
2026-04-20,GLD,0.9703068137168884
2026-04-21,GLD,1.7292946577072144
2026-04-22,GLD,1.4626179933547974
2026-04-23,GLD,0.5187200307846069
2026-04-24,GLD,-0.4682265520095825
2026-04-27,GLD,-0.2695944607257843
2026-04-28,GLD,0.38209980726242065
2026-04-29,GLD,0.44878554344177246
2025-12-23,USDINR=X,5.071214199066162
2025-12-24,USDINR=X,3.0312092304229736
2025-12-26,USDINR=X,7.80850887298584
2025-12-29,USDINR=X,2.303743362426758
2025-12-30,USDINR=X,-2.300666332244873
2025-12-31,USDINR=X,7.59244441986084
2026-01-02,USDINR=X,1.3354312181472778
2026-01-05,USDINR=X,1.375230312347412
2026-01-06,USDINR=X,1.2608145475387573
2026-01-07,USDINR=X,-1.2141220569610596
2026-01-08,USDINR=X,1.3388017416000366
2026-01-09,USDINR=X,1.4887388944625854
2026-01-12,USDINR=X,-2.5681984424591064
2026-01-13,USDINR=X,8.395289421081543
2026-01-14,USDINR=X,6.77864408493042
2026-01-15,USDINR=X,-1.141369104385376
2026-01-16,USDINR=X,0.5790400505065918
2026-01-19,USDINR=X,2.1655941009521484
2026-01-20,USDINR=X,2.8327200412750244
2026-01-21,USDINR=X,5.537569046020508
2026-01-22,USDINR=X,2.859966516494751
2026-01-23,USDINR=X,7.721926212310791
2026-01-26,USDINR=X,4.929765701293945
2026-01-27,USDINR=X,2.9113762378692627
2026-01-28,USDINR=X,0.9376691579818726
2026-01-29,USDINR=X,-0.6323205828666687
2026-01-30,USDINR=X,-1.4257279634475708
2026-02-02,USDINR=X,-1.3349740505218506
2026-02-03,USDINR=X,1.2826712131500244
2026-02-04,USDINR=X,1.2721489667892456
2026-02-05,USDINR=X,0.5661730766296387
2026-02-06,USDINR=X,1.2356775999069214
2026-02-09,USDINR=X,7.014679431915283
2026-02-10,USDINR=X,10.154641151428223
2026-02-11,USDINR=X,6.08473014831543
2026-02-12,USDINR=X,4.457434177398682
2026-02-13,USDINR=X,-9.126497268676758
2026-02-16,USDINR=X,-0.9819620847702026
2026-02-17,USDINR=X,-0.5722030997276306
2026-02-18,USDINR=X,3.860980987548828
2026-02-19,USDINR=X,-0.24859699606895447
2026-02-20,USDINR=X,0.9511814117431641
2026-02-23,USDINR=X,-5.240170955657959
2026-02-24,USDINR=X,-7.679251670837402
2026-02-25,USDINR=X,-3.003699541091919
2026-02-26,USDINR=X,3.112948179244995
2026-02-27,USDINR=X,12.212644577026367
2026-03-02,USDINR=X,6.673044204711914
2026-03-03,USDINR=X,9.987736701965332
2026-03-04,USDINR=X,2.2872684001922607
2026-03-05,USDINR=X,4.914959907531738
2026-03-06,USDINR=X,11.910026550292969
2026-03-09,USDINR=X,9.206007957458496
2026-03-10,USDINR=X,2.1764540672302246
2026-03-11,USDINR=X,1.962257742881775
2026-03-12,USDINR=X,-0.8533838987350464
2026-03-13,USDINR=X,-1.4931093454360962
2026-03-16,USDINR=X,3.0444509983062744
2026-03-17,USDINR=X,2.817889928817749
2026-03-18,USDINR=X,1.4759880304336548
2026-03-19,USDINR=X,-0.6146746277809143
2026-03-20,USDINR=X,0.8170315027236938
2026-03-23,USDINR=X,-1.736670732498169
2026-03-24,USDINR=X,-1.8008618354797363
2026-03-25,USDINR=X,1.9254826307296753
2026-03-26,USDINR=X,1.6515098810195923
2026-03-27,USDINR=X,-0.6878512501716614
2026-03-30,USDINR=X,3.05531907081604
2026-03-31,USDINR=X,0.3626680374145508
2026-04-01,USDINR=X,1.5084996223449707
2026-04-02,USDINR=X,2.11688494682312
2026-04-03,USDINR=X,3.62207293510437
2026-04-06,USDINR=X,0.2829723060131073
2026-04-07,USDINR=X,0.993724524974823
2026-04-08,USDINR=X,2.4544858932495117
2026-04-09,USDINR=X,2.5527353286743164
2026-04-10,USDINR=X,3.469184160232544
2026-04-13,USDINR=X,0.4306795299053192
2026-04-14,USDINR=X,-7.7101054191589355
2026-04-15,USDINR=X,-5.559798717498779
2026-04-16,USDINR=X,-1.756635308265686
2026-04-17,USDINR=X,0.3779865503311157
2026-04-20,USDINR=X,13.673599243164062
2026-04-21,USDINR=X,-3.1470088958740234
2026-04-22,USDINR=X,-3.8441383838653564
2026-04-23,USDINR=X,-1.0732526779174805
2026-04-24,USDINR=X,0.1610250622034073
2026-04-27,USDINR=X,8.110588073730469
2026-04-28,USDINR=X,4.881083965301514
2026-04-29,USDINR=X,1.7416777610778809
2025-12-23,AMZN,-1.2022674083709717
2025-12-24,AMZN,-1.3719935417175293
2025-12-26,AMZN,-0.7988545894622803
2025-12-29,AMZN,-0.40507203340530396
2025-12-30,AMZN,0.14041449129581451
2025-12-31,AMZN,0.08739911764860153
2026-01-02,AMZN,1.9733822345733643
2026-01-05,AMZN,1.4682151079177856
2026-01-06,AMZN,-0.14274893701076508
2026-01-07,AMZN,-0.35881394147872925
2026-01-08,AMZN,0.4602624773979187
2026-01-09,AMZN,-0.08283963054418564
2026-01-12,AMZN,0.717594563961029
2026-01-13,AMZN,0.40986183285713196
2026-01-14,AMZN,0.2637935280799866
2026-01-15,AMZN,0.27690568566322327
2026-01-16,AMZN,0.010605430230498314
2026-01-20,AMZN,-0.14130833745002747
2026-01-21,AMZN,2.030024528503418
2026-01-22,AMZN,-0.0969826802611351
2026-01-23,AMZN,0.2517283260822296
2026-01-26,AMZN,0.19070474803447723
2026-01-27,AMZN,-0.08673137426376343
2026-01-28,AMZN,-0.4352436065673828
2026-01-29,AMZN,0.8919440507888794
2026-01-30,AMZN,0.6418972611427307
2026-02-02,AMZN,0.9410156607627869
2026-02-03,AMZN,-0.2715887427330017
2026-02-04,AMZN,2.405369997024536
2026-02-05,AMZN,0.29283997416496277
2026-02-06,AMZN,0.3822222054004669
2026-02-09,AMZN,0.7577624320983887
2026-02-10,AMZN,2.133197069168091
2026-02-11,AMZN,0.8246978521347046
2026-02-12,AMZN,1.265692949295044
2026-02-13,AMZN,1.4349725246429443
2026-02-17,AMZN,1.0499776601791382
2026-02-18,AMZN,0.8071548938751221
2026-02-19,AMZN,0.8489499092102051
2026-02-20,AMZN,0.14636965095996857
2026-02-23,AMZN,0.4661521315574646
2026-02-24,AMZN,0.8142727613449097
2026-02-25,AMZN,0.5719088912010193
2026-02-26,AMZN,1.0003989934921265
2026-02-27,AMZN,0.1092522144317627
2026-03-02,AMZN,-0.0364709310233593
2026-03-03,AMZN,-0.10344154387712479
2026-03-04,AMZN,-0.1926235407590866
2026-03-05,AMZN,-0.055150579661130905
2026-03-06,AMZN,-0.23173680901527405
2026-03-09,AMZN,0.5080230236053467
2026-03-10,AMZN,0.835505485534668
2026-03-11,AMZN,2.1484174728393555
2026-03-12,AMZN,1.3285090923309326
2026-03-13,AMZN,1.3859726190567017
2026-03-16,AMZN,1.0079978704452515
2026-03-17,AMZN,-0.3073173463344574
2026-03-18,AMZN,-0.35694581270217896
2026-03-19,AMZN,1.0603580474853516
2026-03-20,AMZN,-0.16966703534126282
2026-03-23,AMZN,2.74603533744812
2026-03-24,AMZN,-1.0446120500564575
2026-03-25,AMZN,-0.30368074774742126
2026-03-26,AMZN,-0.01960502564907074
2026-03-27,AMZN,0.8407529592514038
2026-03-30,AMZN,0.28519579768180847
2026-03-31,AMZN,0.02173035778105259
2026-04-01,AMZN,2.1677169799804688
2026-04-02,AMZN,-1.9282151460647583
2026-04-06,AMZN,-1.1963975429534912
2026-04-07,AMZN,-0.21502164006233215
2026-04-08,AMZN,-0.4534081816673279
2026-04-09,AMZN,0.27850767970085144
2026-04-10,AMZN,0.19327014684677124
2026-04-13,AMZN,0.8447059392929077
2026-04-14,AMZN,2.079136610031128
2026-04-15,AMZN,0.4554644227027893
2026-04-16,AMZN,0.9720802307128906
2026-04-17,AMZN,0.30532994866371155
2026-04-20,AMZN,0.4607611298561096
2026-04-21,AMZN,-0.3769194185733795
2026-04-22,AMZN,-0.7249935269355774
2026-04-23,AMZN,-0.790284276008606
2026-04-24,AMZN,-0.7538909912109375
2026-04-27,AMZN,-0.5844209790229797
2026-04-28,AMZN,-0.39338013529777527
2026-04-29,AMZN,-0.42851316928863525
