time,symbol,weight
2025-02-24,HDFCBANK.NS,2.128328800201416
2025-02-25,HDFCBANK.NS,4.759170055389404
2025-02-27,HDFCBANK.NS,5.299863815307617
2025-02-28,HDFCBANK.NS,5.77034854888916
2025-03-03,HDFCBANK.NS,0.9491223096847534
2025-03-04,HDFCBANK.NS,6.773533821105957
2025-03-05,HDFCBANK.NS,6.710591793060303
2025-03-06,HDFCBANK.NS,6.251089572906494
2025-03-07,HDFCBANK.NS,6.775727272033691
2025-03-10,HDFCBANK.NS,0.04463992267847061
2025-03-11,HDFCBANK.NS,1.8681024312973022
2025-03-12,HDFCBANK.NS,6.135364532470703
2025-03-13,HDFCBANK.NS,-1.447732925415039
2025-03-17,HDFCBANK.NS,5.752060413360596
2025-03-18,HDFCBANK.NS,6.98795223236084
2025-03-19,HDFCBANK.NS,7.427519798278809
2025-03-20,HDFCBANK.NS,2.036632776260376
2025-03-21,HDFCBANK.NS,5.572629928588867
2025-03-24,HDFCBANK.NS,5.101181507110596
2025-03-25,HDFCBANK.NS,7.053316593170166
2025-03-26,HDFCBANK.NS,6.775590419769287
2025-03-27,HDFCBANK.NS,6.101552486419678
2025-03-28,HDFCBANK.NS,6.494968891143799
2025-04-01,HDFCBANK.NS,4.44752311706543
2025-04-02,HDFCBANK.NS,-0.8044435381889343
2025-04-03,HDFCBANK.NS,-3.69695782661438
2025-04-04,HDFCBANK.NS,6.135594844818115
2025-04-07,HDFCBANK.NS,6.986753463745117
2025-04-08,HDFCBANK.NS,6.489376068115234
2025-04-09,HDFCBANK.NS,3.465839147567749
2025-04-11,HDFCBANK.NS,5.598371505737305
2025-04-15,HDFCBANK.NS,2.5691897869110107
2025-04-16,HDFCBANK.NS,3.2263424396514893
2025-04-17,HDFCBANK.NS,5.776767730712891
2025-04-21,HDFCBANK.NS,5.51880407333374
2025-04-22,HDFCBANK.NS,6.400926113128662
2025-04-23,HDFCBANK.NS,6.171176433563232
2025-04-24,HDFCBANK.NS,6.842057228088379
2025-04-25,HDFCBANK.NS,5.469335556030273
2025-04-28,HDFCBANK.NS,5.475095272064209
2025-04-29,HDFCBANK.NS,3.681899070739746
2025-04-30,HDFCBANK.NS,6.113982200622559
2025-05-02,HDFCBANK.NS,6.990273952484131
2025-05-05,HDFCBANK.NS,6.286411762237549
2025-05-06,HDFCBANK.NS,1.2059636116027832
2025-05-07,HDFCBANK.NS,5.1700568199157715
2025-05-08,HDFCBANK.NS,4.9444966316223145
2025-05-09,HDFCBANK.NS,4.23720645904541
2025-05-12,HDFCBANK.NS,5.907898426055908
2025-05-13,HDFCBANK.NS,0.9486366510391235
2025-05-14,HDFCBANK.NS,5.624959468841553
2025-05-15,HDFCBANK.NS,6.4707865715026855
2025-05-16,HDFCBANK.NS,1.1475650072097778
2025-05-19,HDFCBANK.NS,5.038638591766357
2025-05-20,HDFCBANK.NS,5.496687889099121
2025-05-21,HDFCBANK.NS,6.147519588470459
2025-05-22,HDFCBANK.NS,3.870967149734497
2025-05-23,HDFCBANK.NS,4.785064697265625
2025-05-26,HDFCBANK.NS,-1.4676443338394165
2025-05-27,HDFCBANK.NS,4.897463321685791
2025-05-28,HDFCBANK.NS,6.793965816497803
2025-05-29,HDFCBANK.NS,-1.407455325126648
2025-05-30,HDFCBANK.NS,3.1054036617279053
2025-06-02,HDFCBANK.NS,5.400027275085449
2025-06-03,HDFCBANK.NS,4.510518550872803
2025-06-04,HDFCBANK.NS,6.052553653717041
2025-06-05,HDFCBANK.NS,-3.3024239540100098
2025-06-06,HDFCBANK.NS,2.9205777645111084
2025-06-09,HDFCBANK.NS,4.519659042358398
2025-06-10,HDFCBANK.NS,6.454129219055176
2025-06-11,HDFCBANK.NS,7.109591484069824
2025-06-12,HDFCBANK.NS,6.300474643707275
2025-06-13,HDFCBANK.NS,3.0167198181152344
2025-06-16,HDFCBANK.NS,7.457729339599609
2025-06-17,HDFCBANK.NS,4.089531421661377
2025-06-18,HDFCBANK.NS,-5.127986907958984
2025-06-19,HDFCBANK.NS,5.229238510131836
2025-06-20,HDFCBANK.NS,7.473076820373535
2025-06-23,HDFCBANK.NS,6.306402206420898
2025-06-24,HDFCBANK.NS,7.00248384475708
2025-06-25,HDFCBANK.NS,2.0496225357055664
2025-06-26,HDFCBANK.NS,2.308835983276367
2025-06-27,HDFCBANK.NS,4.6831955909729
2025-02-24,RELIANCE.NS,4.525822162628174
2025-02-25,RELIANCE.NS,4.282953262329102
2025-02-27,RELIANCE.NS,2.988248348236084
2025-02-28,RELIANCE.NS,2.27006459236145
2025-03-03,RELIANCE.NS,3.386910915374756
2025-03-04,RELIANCE.NS,4.054579734802246
2025-03-05,RELIANCE.NS,1.6506590843200684
2025-03-06,RELIANCE.NS,-1.0307859182357788
2025-03-07,RELIANCE.NS,-1.1080683469772339
2025-03-10,RELIANCE.NS,-0.6335381865501404
2025-03-11,RELIANCE.NS,4.612544536590576
2025-03-12,RELIANCE.NS,3.8063278198242188
2025-03-13,RELIANCE.NS,4.6610107421875
2025-03-17,RELIANCE.NS,5.893011093139648
2025-03-18,RELIANCE.NS,6.58878755569458
2025-03-19,RELIANCE.NS,5.191116809844971
2025-03-20,RELIANCE.NS,1.813311219215393
2025-03-21,RELIANCE.NS,-0.23328664898872375
2025-03-24,RELIANCE.NS,3.2606661319732666
2025-03-25,RELIANCE.NS,5.511120319366455
2025-03-26,RELIANCE.NS,5.3971266746521
2025-03-27,RELIANCE.NS,-0.046257611364126205
2025-03-28,RELIANCE.NS,0.34136977791786194
2025-04-01,RELIANCE.NS,1.9655123949050903
2025-04-02,RELIANCE.NS,4.416314601898193
2025-04-03,RELIANCE.NS,4.189525127410889
2025-04-04,RELIANCE.NS,5.256137847900391
2025-04-07,RELIANCE.NS,6.095469951629639
2025-04-08,RELIANCE.NS,6.01455545425415
2025-04-09,RELIANCE.NS,-0.3530752658843994
2025-04-11,RELIANCE.NS,3.3850104808807373
2025-04-15,RELIANCE.NS,1.0459132194519043
2025-04-16,RELIANCE.NS,5.654541969299316
2025-04-17,RELIANCE.NS,4.66179895401001
2025-04-21,RELIANCE.NS,0.6364058256149292
2025-04-22,RELIANCE.NS,2.7919492721557617
2025-04-23,RELIANCE.NS,5.41536283493042
2025-04-24,RELIANCE.NS,5.910266399383545
2025-04-25,RELIANCE.NS,5.469526290893555
2025-04-28,RELIANCE.NS,3.3709003925323486
2025-04-29,RELIANCE.NS,4.000141143798828
2025-04-30,RELIANCE.NS,0.01518447045236826
2025-05-02,RELIANCE.NS,2.7963554859161377
2025-05-05,RELIANCE.NS,1.2515989542007446
2025-05-06,RELIANCE.NS,-0.37233617901802063
2025-05-07,RELIANCE.NS,4.792814254760742
2025-05-08,RELIANCE.NS,1.9380686283111572
2025-05-09,RELIANCE.NS,1.2189531326293945
2025-05-12,RELIANCE.NS,4.314850807189941
2025-05-13,RELIANCE.NS,1.1348916292190552
2025-05-14,RELIANCE.NS,5.107259273529053
2025-05-15,RELIANCE.NS,5.349404811859131
2025-05-16,RELIANCE.NS,0.9031372666358948
2025-05-19,RELIANCE.NS,1.1128028631210327
2025-05-20,RELIANCE.NS,4.735875129699707
2025-05-21,RELIANCE.NS,4.52078914642334
2025-05-22,RELIANCE.NS,3.3167781829833984
2025-05-23,RELIANCE.NS,4.556166648864746
2025-05-26,RELIANCE.NS,3.0617482662200928
2025-05-27,RELIANCE.NS,3.888746738433838
2025-05-28,RELIANCE.NS,5.435250759124756
2025-05-29,RELIANCE.NS,5.037552356719971
2025-05-30,RELIANCE.NS,3.835014581680298
2025-06-02,RELIANCE.NS,4.402214527130127
2025-06-03,RELIANCE.NS,3.4048264026641846
2025-06-04,RELIANCE.NS,3.784177303314209
2025-06-05,RELIANCE.NS,3.6826374530792236
2025-06-06,RELIANCE.NS,1.9380743503570557
2025-06-09,RELIANCE.NS,1.9114413261413574
2025-06-10,RELIANCE.NS,5.201056480407715
2025-06-11,RELIANCE.NS,6.2861223220825195
2025-06-12,RELIANCE.NS,5.313022136688232
2025-06-13,RELIANCE.NS,5.001871109008789
2025-06-16,RELIANCE.NS,6.061593055725098
2025-06-17,RELIANCE.NS,4.898904323577881
2025-06-18,RELIANCE.NS,-2.3399107456207275
2025-06-19,RELIANCE.NS,3.3719968795776367
2025-06-20,RELIANCE.NS,6.107024669647217
2025-06-23,RELIANCE.NS,1.184311032295227
2025-06-24,RELIANCE.NS,-0.71306312084198
2025-06-25,RELIANCE.NS,5.389003753662109
2025-06-26,RELIANCE.NS,3.5641098022460938
2025-06-27,RELIANCE.NS,5.0826568603515625
2025-02-24,INFY.NS,0.8375192284584045
2025-02-25,INFY.NS,5.077715873718262
2025-02-27,INFY.NS,1.2019721269607544
2025-02-28,INFY.NS,0.7703664302825928
2025-03-03,INFY.NS,4.260557651519775
2025-03-04,INFY.NS,2.5488507747650146
2025-03-05,INFY.NS,2.697160243988037
2025-03-06,INFY.NS,1.148400902748108
2025-03-07,INFY.NS,2.669673442840576
2025-03-10,INFY.NS,0.14960847795009613
2025-03-11,INFY.NS,2.4609363079071045
2025-03-12,INFY.NS,2.676362991333008
2025-03-13,INFY.NS,2.3232247829437256
2025-03-17,INFY.NS,3.537813186645508
2025-03-18,INFY.NS,2.417390823364258
2025-03-19,INFY.NS,1.4105690717697144
2025-03-20,INFY.NS,3.3533873558044434
2025-03-21,INFY.NS,2.0414559841156006
2025-03-24,INFY.NS,2.2624707221984863
2025-03-25,INFY.NS,2.163991928100586
2025-03-26,INFY.NS,1.5598561763763428
2025-03-27,INFY.NS,2.4999754428863525
2025-03-28,INFY.NS,2.776324987411499
2025-04-01,INFY.NS,2.0251846313476562
2025-04-02,INFY.NS,2.9209675788879395
2025-04-03,INFY.NS,2.4564168453216553
2025-04-04,INFY.NS,1.19644296169281
2025-04-07,INFY.NS,2.595306873321533
2025-04-08,INFY.NS,1.589082956314087
2025-04-09,INFY.NS,-1.7090990543365479
2025-04-11,INFY.NS,1.6341737508773804
2025-04-15,INFY.NS,3.811023235321045
2025-04-16,INFY.NS,1.9695801734924316
2025-04-17,INFY.NS,1.1223653554916382
2025-04-21,INFY.NS,0.11487025767564774
2025-04-22,INFY.NS,0.02145310491323471
2025-04-23,INFY.NS,1.8405288457870483
2025-04-24,INFY.NS,1.3196922540664673
2025-04-25,INFY.NS,1.2657036781311035
2025-04-28,INFY.NS,2.206514835357666
2025-04-29,INFY.NS,2.966076135635376
2025-04-30,INFY.NS,1.5644484758377075
2025-05-02,INFY.NS,2.2440285682678223
2025-05-05,INFY.NS,2.840912103652954
2025-05-06,INFY.NS,2.2644095420837402
2025-05-07,INFY.NS,2.9970178604125977
2025-05-08,INFY.NS,2.631460189819336
2025-05-09,INFY.NS,1.7698321342468262
2025-05-12,INFY.NS,2.128826856613159
2025-05-13,INFY.NS,1.1631523370742798
2025-05-14,INFY.NS,3.288577079772949
2025-05-15,INFY.NS,2.7183735370635986
2025-05-16,INFY.NS,1.5690467357635498
2025-05-19,INFY.NS,3.174121856689453
2025-05-20,INFY.NS,4.002325534820557
2025-05-21,INFY.NS,2.7210185527801514
2025-05-22,INFY.NS,3.1139631271362305
2025-05-23,INFY.NS,1.9718341827392578
2025-05-26,INFY.NS,2.7858405113220215
2025-05-27,INFY.NS,4.5212883949279785
2025-05-28,INFY.NS,4.441751003265381
2025-05-29,INFY.NS,-2.2177481651306152
2025-05-30,INFY.NS,2.9735047817230225
2025-06-02,INFY.NS,3.7584149837493896
2025-06-03,INFY.NS,1.42213773727417
2025-06-04,INFY.NS,4.012007236480713
2025-06-05,INFY.NS,4.033746242523193
2025-06-06,INFY.NS,3.2600584030151367
2025-06-09,INFY.NS,2.7005817890167236
2025-06-10,INFY.NS,3.725235939025879
2025-06-11,INFY.NS,2.505758047103882
2025-06-12,INFY.NS,1.2356843948364258
2025-06-13,INFY.NS,2.5470566749572754
2025-06-16,INFY.NS,4.5822577476501465
2025-06-17,INFY.NS,3.878322124481201
2025-06-18,INFY.NS,1.7341697216033936
2025-06-19,INFY.NS,4.878028392791748
2025-06-20,INFY.NS,5.2514142990112305
2025-06-23,INFY.NS,1.672268271446228
2025-06-24,INFY.NS,4.279386043548584
2025-06-25,INFY.NS,5.214907169342041
2025-06-26,INFY.NS,4.0863871574401855
2025-06-27,INFY.NS,-0.17780211567878723
2025-02-26,QQQ,3.6072475910186768
2025-02-27,QQQ,5.604788303375244
2025-02-28,QQQ,5.166338920593262
2025-03-03,QQQ,5.2705078125
2025-03-04,QQQ,7.227407932281494
2025-03-05,QQQ,6.630429267883301
2025-03-06,QQQ,2.7555744647979736
2025-03-07,QQQ,4.50216007232666
2025-03-10,QQQ,4.499368190765381
2025-03-11,QQQ,2.348278760910034
2025-03-12,QQQ,3.1992604732513428
2025-03-13,QQQ,1.8567882776260376
2025-03-14,QQQ,3.5154497623443604
2025-03-17,QQQ,2.1299257278442383
2025-03-18,QQQ,3.9135820865631104
2025-03-19,QQQ,1.8202435970306396
2025-03-20,QQQ,3.417482376098633
2025-03-21,QQQ,3.4431650638580322
2025-03-24,QQQ,2.0493342876434326
2025-03-25,QQQ,2.738347291946411
2025-03-26,QQQ,1.2701416015625
2025-03-27,QQQ,4.1470770835876465
2025-03-28,QQQ,4.494743347167969
2025-03-31,QQQ,4.350235939025879
2025-04-01,QQQ,4.358748435974121
2025-04-02,QQQ,0.9423980116844177
2025-04-03,QQQ,-1.9272677898406982
2025-04-04,QQQ,5.4118971824646
2025-04-07,QQQ,5.148244857788086
2025-04-08,QQQ,-2.039581537246704
2025-04-09,QQQ,2.269554376602173
2025-04-10,QQQ,-1.2408740520477295
2025-04-11,QQQ,3.4818756580352783
2025-04-14,QQQ,3.5141494274139404
2025-04-15,QQQ,1.9568347930908203
2025-04-16,QQQ,2.2466094493865967
2025-04-17,QQQ,4.1118950843811035
2025-04-21,QQQ,4.015308380126953
2025-04-22,QQQ,2.8747782707214355
2025-04-23,QQQ,2.3368420600891113
2025-04-24,QQQ,3.0604567527770996
2025-04-25,QQQ,1.7483477592468262
2025-04-28,QQQ,2.8334133625030518
2025-04-29,QQQ,0.4815331697463989
2025-04-30,QQQ,2.8391571044921875
2025-05-01,QQQ,3.840132236480713
2025-05-02,QQQ,3.6416571140289307
2025-05-05,QQQ,3.7884998321533203
2025-05-06,QQQ,3.3702142238616943
2025-05-07,QQQ,2.937105178833008
2025-05-08,QQQ,3.287656307220459
2025-05-09,QQQ,2.808086395263672
2025-05-12,QQQ,2.357686996459961
2025-05-13,QQQ,1.3535184860229492
2025-05-14,QQQ,1.3873376846313477
2025-05-15,QQQ,3.3664705753326416
2025-05-16,QQQ,3.4406492710113525
2025-05-19,QQQ,3.320427417755127
2025-05-20,QQQ,3.3223392963409424
2025-05-21,QQQ,3.266920328140259
2025-05-22,QQQ,3.9742767810821533
2025-05-23,QQQ,4.111441135406494
2025-05-27,QQQ,3.9420297145843506
2025-05-28,QQQ,3.690366506576538
2025-05-29,QQQ,4.225259304046631
2025-05-30,QQQ,3.8937599658966064
2025-06-02,QQQ,2.497725009918213
2025-06-03,QQQ,3.057069778442383
2025-06-04,QQQ,3.1835105419158936
2025-06-05,QQQ,3.272165536880493
2025-06-06,QQQ,3.8625574111938477
2025-06-09,QQQ,3.8224124908447266
2025-06-10,QQQ,3.587294816970825
2025-06-11,QQQ,4.1525068283081055
2025-06-12,QQQ,4.656838893890381
2025-06-13,QQQ,3.1398251056671143
2025-06-16,QQQ,4.698392391204834
2025-06-17,QQQ,1.5122404098510742
2025-06-18,QQQ,4.092397689819336
2025-06-20,QQQ,4.558169364929199
2025-06-23,QQQ,3.0836808681488037
2025-06-24,QQQ,-3.4541802406311035
2025-06-25,QQQ,3.7439470291137695
2025-06-26,QQQ,4.483466148376465
2025-06-27,QQQ,2.6768484115600586
2025-02-26,EEM,7.698813438415527
2025-02-27,EEM,2.3542423248291016
2025-02-28,EEM,7.523235321044922
2025-03-03,EEM,8.461918830871582
2025-03-04,EEM,7.546475887298584
2025-03-05,EEM,5.846799373626709
2025-03-06,EEM,-6.824641704559326
2025-03-07,EEM,7.587621688842773
2025-03-10,EEM,7.622988224029541
2025-03-11,EEM,7.750819683074951
2025-03-12,EEM,5.395166873931885
2025-03-13,EEM,5.744003772735596
2025-03-14,EEM,7.791022300720215
2025-03-17,EEM,4.066885471343994
2025-03-18,EEM,4.009780406951904
2025-03-19,EEM,5.433501720428467
2025-03-20,EEM,7.0741729736328125
2025-03-21,EEM,7.9399800300598145
2025-03-24,EEM,8.017231941223145
2025-03-25,EEM,1.2226611375808716
2025-03-26,EEM,4.292333126068115
2025-03-27,EEM,8.035741806030273
2025-03-28,EEM,-0.666444718837738
2025-03-31,EEM,7.24299955368042
2025-04-01,EEM,8.583891868591309
2025-04-02,EEM,-1.764888882637024
2025-04-03,EEM,-6.193464279174805
2025-04-04,EEM,6.425183296203613
2025-04-07,EEM,6.521148204803467
2025-04-08,EEM,5.8114519119262695
2025-04-09,EEM,2.625455141067505
2025-04-10,EEM,1.0891212224960327
2025-04-11,EEM,4.58403205871582
2025-04-14,EEM,5.396162986755371
2025-04-15,EEM,1.8507827520370483
2025-04-16,EEM,0.21656610071659088
2025-04-17,EEM,4.352212429046631
2025-04-21,EEM,5.90764045715332
2025-04-22,EEM,5.399904727935791
2025-04-23,EEM,3.3388354778289795
2025-04-24,EEM,3.094108819961548
2025-04-25,EEM,3.3582446575164795
2025-04-28,EEM,3.0478389263153076
2025-04-29,EEM,0.30672821402549744
2025-04-30,EEM,2.8140711784362793
2025-05-01,EEM,3.1482596397399902
2025-05-02,EEM,2.687163829803467
2025-05-05,EEM,3.5222322940826416
2025-05-06,EEM,3.8668229579925537
2025-05-07,EEM,4.317141056060791
2025-05-08,EEM,5.4777069091796875
2025-05-09,EEM,4.839465141296387
2025-05-12,EEM,3.081817388534546
2025-05-13,EEM,2.681889057159424
2025-05-14,EEM,4.455071449279785
2025-05-15,EEM,5.265937328338623
2025-05-16,EEM,4.372899055480957
2025-05-19,EEM,4.790384769439697
2025-05-20,EEM,4.461246967315674
2025-05-21,EEM,3.9256131649017334
2025-05-22,EEM,4.614769458770752
2025-05-23,EEM,5.197963714599609
2025-05-27,EEM,5.645580291748047
2025-05-28,EEM,5.967489719390869
2025-05-29,EEM,5.8460822105407715
2025-05-30,EEM,2.207618236541748
2025-06-02,EEM,5.6847243309021
2025-06-03,EEM,4.306521415710449
2025-06-04,EEM,4.449536323547363
2025-06-05,EEM,4.386174201965332
2025-06-06,EEM,5.514559268951416
2025-06-09,EEM,6.085545539855957
2025-06-10,EEM,5.356149196624756
2025-06-11,EEM,5.751771450042725
2025-06-12,EEM,6.044205188751221
2025-06-13,EEM,6.6771464347839355
2025-06-16,EEM,6.828915596008301
2025-06-17,EEM,-2.4509246349334717
2025-06-18,EEM,6.245108127593994
2025-06-20,EEM,6.6924147605896
2025-06-23,EEM,6.436147689819336
2025-06-24,EEM,-0.7782837748527527
2025-06-25,EEM,0.09767231345176697
2025-06-26,EEM,6.226369857788086
2025-06-27,EEM,3.0432920455932617
2025-02-26,TSLA,1.4849294424057007
2025-02-27,TSLA,1.249434471130371
2025-02-28,TSLA,1.0845410823822021
2025-03-03,TSLA,1.2014631032943726
2025-03-04,TSLA,1.060265302658081
2025-03-05,TSLA,1.0314115285873413
2025-03-06,TSLA,1.066307783126831
2025-03-07,TSLA,1.0335615873336792
2025-03-10,TSLA,0.8517544865608215
2025-03-11,TSLA,0.7882986068725586
2025-03-12,TSLA,1.0174263715744019
2025-03-13,TSLA,0.7028962969779968
2025-03-14,TSLA,0.8000436425209045
2025-03-17,TSLA,1.1626700162887573
2025-03-18,TSLA,1.1908272504806519
2025-03-19,TSLA,0.8222665786743164
2025-03-20,TSLA,0.8967350721359253
2025-03-21,TSLA,0.9901162981987
2025-03-24,TSLA,0.6147972941398621
2025-03-25,TSLA,0.5888477563858032
2025-03-26,TSLA,0.3553697466850281
2025-03-27,TSLA,1.4541457891464233
2025-03-28,TSLA,1.4816323518753052
2025-03-31,TSLA,1.4734786748886108
2025-04-01,TSLA,1.6049000024795532
2025-04-02,TSLA,1.0312790870666504
2025-04-03,TSLA,0.6036694645881653
2025-04-04,TSLA,1.4039477109909058
2025-04-07,TSLA,1.700071930885315
2025-04-08,TSLA,1.6042016744613647
2025-04-09,TSLA,1.2035291194915771
2025-04-10,TSLA,-1.1695884466171265
2025-04-11,TSLA,0.47068244218826294
2025-04-14,TSLA,1.677492618560791
2025-04-15,TSLA,1.2121037244796753
2025-04-16,TSLA,0.9479867219924927
2025-04-17,TSLA,1.3805792331695557
2025-04-21,TSLA,1.3439770936965942
2025-04-22,TSLA,0.7204208970069885
2025-04-23,TSLA,1.1104443073272705
2025-04-24,TSLA,0.9893887042999268
2025-04-25,TSLA,0.7894393801689148
2025-04-28,TSLA,1.533941388130188
2025-04-29,TSLA,-0.05165759101510048
2025-04-30,TSLA,1.3672499656677246
2025-05-01,TSLA,1.422766923904419
2025-05-02,TSLA,1.5866519212722778
2025-05-05,TSLA,1.617432951927185
2025-05-06,TSLA,1.6113433837890625
2025-05-07,TSLA,1.257258653640747
2025-05-08,TSLA,0.6935769319534302
2025-05-09,TSLA,0.10975465178489685
2025-05-12,TSLA,0.28664612770080566
2025-05-13,TSLA,1.5131644010543823
2025-05-14,TSLA,0.7864733338356018
2025-05-15,TSLA,0.8086998462677002
2025-05-16,TSLA,1.493320107460022
2025-05-19,TSLA,1.7065247297286987
2025-05-20,TSLA,1.7093572616577148
2025-05-21,TSLA,1.4413093328475952
2025-05-22,TSLA,1.5511786937713623
2025-05-23,TSLA,1.614344596862793
2025-05-27,TSLA,1.6764036417007446
2025-05-28,TSLA,1.5916624069213867
2025-05-29,TSLA,1.6391013860702515
2025-05-30,TSLA,1.6447194814682007
2025-06-02,TSLA,1.3230324983596802
2025-06-03,TSLA,1.3548628091812134
2025-06-04,TSLA,1.3132855892181396
2025-06-05,TSLA,1.4788683652877808
2025-06-06,TSLA,1.6807904243469238
2025-06-09,TSLA,1.252138614654541
2025-06-10,TSLA,0.1411137729883194
2025-06-11,TSLA,1.6615818738937378
2025-06-12,TSLA,1.7858080863952637
2025-06-13,TSLA,1.8276443481445312
2025-06-16,TSLA,1.5983479022979736
2025-06-17,TSLA,0.8014315366744995
2025-06-18,TSLA,1.2134805917739868
2025-06-20,TSLA,1.8600627183914185
2025-06-23,TSLA,1.7464243173599243
2025-06-24,TSLA,0.8135462403297424
2025-06-25,TSLA,1.1502737998962402
2025-06-26,TSLA,1.7148898839950562
2025-06-27,TSLA,1.4004125595092773
2025-02-26,DX-Y.NYB,13.102551460266113
2025-02-27,DX-Y.NYB,9.385066032409668
2025-02-28,DX-Y.NYB,-3.8061728477478027
2025-03-03,DX-Y.NYB,2.030216932296753
2025-03-04,DX-Y.NYB,9.803583145141602
2025-03-05,DX-Y.NYB,8.702963829040527
2025-03-06,DX-Y.NYB,14.7160062789917
2025-03-07,DX-Y.NYB,8.087409019470215
2025-03-10,DX-Y.NYB,-0.0032271964009851217
2025-03-11,DX-Y.NYB,6.153984069824219
2025-03-12,DX-Y.NYB,3.2854549884796143
2025-03-13,DX-Y.NYB,5.442590236663818
2025-03-14,DX-Y.NYB,15.409923553466797
2025-03-17,DX-Y.NYB,16.913908004760742
2025-03-18,DX-Y.NYB,8.712450981140137
2025-03-19,DX-Y.NYB,12.7158842086792
2025-03-20,DX-Y.NYB,-1.3931834697723389
2025-03-21,DX-Y.NYB,8.684713363647461
2025-03-24,DX-Y.NYB,3.0318150520324707
2025-03-25,DX-Y.NYB,8.639769554138184
2025-03-26,DX-Y.NYB,6.754870891571045
2025-03-27,DX-Y.NYB,3.879573345184326
2025-03-28,DX-Y.NYB,7.9859619140625
2025-03-31,DX-Y.NYB,13.057812690734863
2025-04-01,DX-Y.NYB,7.3483686447143555
2025-04-02,DX-Y.NYB,4.362316608428955
2025-04-03,DX-Y.NYB,13.714001655578613
2025-04-04,DX-Y.NYB,18.474225997924805
2025-04-07,DX-Y.NYB,-9.923497200012207
2025-04-08,DX-Y.NYB,-8.213249206542969
2025-04-09,DX-Y.NYB,14.454484939575195
2025-04-10,DX-Y.NYB,16.964717864990234
2025-04-11,DX-Y.NYB,16.544189453125
2025-04-14,DX-Y.NYB,7.410362720489502
2025-04-15,DX-Y.NYB,2.202467679977417
2025-04-16,DX-Y.NYB,13.61650276184082
2025-04-17,DX-Y.NYB,8.591108322143555
2025-04-21,DX-Y.NYB,-2.604515314102173
2025-04-22,DX-Y.NYB,0.5597562789916992
2025-04-23,DX-Y.NYB,9.145635604858398
2025-04-24,DX-Y.NYB,6.436612606048584
2025-04-25,DX-Y.NYB,0.442279189825058
2025-04-28,DX-Y.NYB,9.345513343811035
2025-04-29,DX-Y.NYB,2.0203428268432617
2025-04-30,DX-Y.NYB,7.373592376708984
2025-05-01,DX-Y.NYB,7.19503927230835
2025-05-02,DX-Y.NYB,1.6298596858978271
2025-05-05,DX-Y.NYB,-1.0210366249084473
2025-05-06,DX-Y.NYB,2.7326958179473877
2025-05-07,DX-Y.NYB,4.784336566925049
2025-05-08,DX-Y.NYB,6.583312034606934
2025-05-09,DX-Y.NYB,0.6819270849227905
2025-05-12,DX-Y.NYB,-3.338120222091675
2025-05-13,DX-Y.NYB,0.2476457804441452
2025-05-14,DX-Y.NYB,5.771635055541992
2025-05-15,DX-Y.NYB,14.870805740356445
2025-05-16,DX-Y.NYB,15.773569107055664
2025-05-19,DX-Y.NYB,0.9647713303565979
2025-05-20,DX-Y.NYB,11.331363677978516
2025-05-21,DX-Y.NYB,-2.8686318397521973
2025-05-22,DX-Y.NYB,5.204301834106445
2025-05-23,DX-Y.NYB,12.410383224487305
2025-05-26,DX-Y.NYB,15.518763542175293
2025-05-27,DX-Y.NYB,14.59661865234375
2025-05-28,DX-Y.NYB,-3.619168996810913
2025-05-29,DX-Y.NYB,-13.664594650268555
2025-05-30,DX-Y.NYB,12.415104866027832
2025-06-02,DX-Y.NYB,7.650524139404297
2025-06-03,DX-Y.NYB,4.020898342132568
2025-06-04,DX-Y.NYB,-0.23263047635555267
2025-06-05,DX-Y.NYB,2.2347798347473145
2025-06-06,DX-Y.NYB,2.4504964351654053
2025-06-09,DX-Y.NYB,4.9213714599609375
2025-06-10,DX-Y.NYB,-1.5234959125518799
2025-06-11,DX-Y.NYB,9.12654972076416
2025-06-12,DX-Y.NYB,8.930889129638672
2025-06-13,DX-Y.NYB,6.090976715087891
2025-06-16,DX-Y.NYB,-2.4178929328918457
2025-06-17,DX-Y.NYB,4.023980140686035
2025-06-18,DX-Y.NYB,3.39972186088562
2025-06-20,DX-Y.NYB,4.639916896820068
2025-06-23,DX-Y.NYB,10.344850540161133
2025-06-24,DX-Y.NYB,13.283794403076172
2025-06-25,DX-Y.NYB,12.420223236083984
2025-06-26,DX-Y.NYB,9.253031730651855
2025-06-27,DX-Y.NYB,2.7782764434814453
2025-02-26,GLD,8.511456489562988
2025-02-27,GLD,7.005681991577148
2025-02-28,GLD,6.277320384979248
2025-03-03,GLD,8.037039756774902
2025-03-04,GLD,-1.1336108446121216
2025-03-05,GLD,3.180901050567627
2025-03-06,GLD,9.155415534973145
2025-03-07,GLD,9.326652526855469
2025-03-10,GLD,5.983843803405762
2025-03-11,GLD,7.177158832550049
2025-03-12,GLD,3.088407039642334
2025-03-13,GLD,5.408949375152588
2025-03-14,GLD,7.178616523742676
2025-03-17,GLD,6.348229885101318
2025-03-18,GLD,5.79160737991333
2025-03-19,GLD,7.940807342529297
2025-03-20,GLD,8.154060363769531
2025-03-21,GLD,5.6511077880859375
2025-03-24,GLD,9.275972366333008
2025-03-25,GLD,7.676613807678223
2025-03-26,GLD,-1.7912508249282837
2025-03-27,GLD,9.932906150817871
2025-03-28,GLD,8.531355857849121
2025-03-31,GLD,8.239400863647461
2025-04-01,GLD,-2.174602746963501
2025-04-02,GLD,6.458885192871094
2025-04-03,GLD,6.626652240753174
2025-04-04,GLD,5.413215160369873
2025-04-07,GLD,7.8196916580200195
2025-04-08,GLD,8.452082633972168
2025-04-09,GLD,7.370938301086426
2025-04-10,GLD,6.568428993225098
2025-04-11,GLD,5.348407745361328
2025-04-14,GLD,8.626724243164062
2025-04-15,GLD,8.509248733520508
2025-04-16,GLD,7.99629020690918
2025-04-17,GLD,5.863500595092773
2025-04-21,GLD,7.394559383392334
2025-04-22,GLD,7.496206283569336
2025-04-23,GLD,6.798226833343506
2025-04-24,GLD,6.0663628578186035
2025-04-25,GLD,7.720577239990234
2025-04-28,GLD,7.795621871948242
2025-04-29,GLD,5.244892120361328
2025-04-30,GLD,-2.9580581188201904
2025-05-01,GLD,3.4313693046569824
2025-05-02,GLD,7.112207889556885
2025-05-05,GLD,6.109651565551758
2025-05-06,GLD,3.700438976287842
2025-05-07,GLD,2.4242804050445557
2025-05-08,GLD,5.228057861328125
2025-05-09,GLD,6.804791450500488
2025-05-12,GLD,5.533414363861084
2025-05-13,GLD,6.105216026306152
2025-05-14,GLD,5.108364105224609
2025-05-15,GLD,5.357460021972656
2025-05-16,GLD,0.29034119844436646
2025-05-19,GLD,2.196162223815918
2025-05-20,GLD,6.173065185546875
2025-05-21,GLD,6.293237209320068
2025-05-22,GLD,5.8121442794799805
2025-05-23,GLD,1.6160101890563965
2025-05-27,GLD,5.149755477905273
2025-05-28,GLD,6.360257148742676
2025-05-29,GLD,6.120279788970947
2025-05-30,GLD,6.59053373336792
2025-06-02,GLD,5.114131450653076
2025-06-03,GLD,4.568825721740723
2025-06-04,GLD,2.1212990283966064
2025-06-05,GLD,5.960845470428467
2025-06-06,GLD,5.9348835945129395
2025-06-09,GLD,4.903973579406738
2025-06-10,GLD,3.9795610904693604
2025-06-11,GLD,4.651126384735107
2025-06-12,GLD,4.033041477203369
2025-06-13,GLD,1.1054236888885498
2025-06-16,GLD,5.081516265869141
2025-06-17,GLD,6.837193489074707
2025-06-18,GLD,5.700104236602783
2025-06-20,GLD,3.6845991611480713
2025-06-23,GLD,6.186256408691406
2025-06-24,GLD,1.5043286085128784
2025-06-25,GLD,6.204380512237549
2025-06-26,GLD,6.746200084686279
2025-06-27,GLD,1.0753958225250244
2025-02-26,XOM,6.475905418395996
2025-02-27,XOM,7.201852798461914
2025-02-28,XOM,-3.679415702819824
2025-03-03,XOM,-5.903116226196289
2025-03-04,XOM,6.505414962768555
2025-03-05,XOM,6.63997745513916
2025-03-06,XOM,5.838053226470947
2025-03-07,XOM,-3.123115301132202
2025-03-10,XOM,-1.8868556022644043
2025-03-11,XOM,-2.720590114593506
2025-03-12,XOM,5.5842509269714355
2025-03-13,XOM,4.619607448577881
2025-03-14,XOM,1.832585334777832
2025-03-17,XOM,4.09683895111084
2025-03-18,XOM,1.9934388399124146
2025-03-19,XOM,2.63734769821167
2025-03-20,XOM,4.4542670249938965
2025-03-21,XOM,0.6355122923851013
2025-03-24,XOM,5.627291202545166
2025-03-25,XOM,5.939854621887207
2025-03-26,XOM,1.1118148565292358
2025-03-27,XOM,-4.106152057647705
2025-03-28,XOM,2.429636240005493
2025-03-31,XOM,6.593836784362793
2025-04-01,XOM,6.682528018951416
2025-04-02,XOM,1.8556184768676758
2025-04-03,XOM,0.9994216561317444
2025-04-04,XOM,5.168786525726318
2025-04-07,XOM,4.9327826499938965
2025-04-08,XOM,0.09981923550367355
2025-04-09,XOM,2.9530832767486572
2025-04-10,XOM,4.048714637756348
2025-04-11,XOM,4.755751132965088
2025-04-14,XOM,4.458318710327148
2025-04-15,XOM,4.099220275878906
2025-04-16,XOM,2.8638951778411865
2025-04-17,XOM,1.1307828426361084
2025-04-21,XOM,4.264322757720947
2025-04-22,XOM,3.0125021934509277
2025-04-23,XOM,1.39098060131073
2025-04-24,XOM,2.054271936416626
2025-04-25,XOM,2.1479640007019043
2025-04-28,XOM,2.2104508876800537
2025-04-29,XOM,1.4806333780288696
2025-04-30,XOM,2.975083589553833
2025-05-01,XOM,2.6228601932525635
2025-05-02,XOM,1.9430829286575317
2025-05-05,XOM,0.970224916934967
2025-05-06,XOM,3.444946050643921
2025-05-07,XOM,-1.161933183670044
2025-05-08,XOM,0.5589643120765686
2025-05-09,XOM,2.320611000061035
2025-05-12,XOM,2.579493522644043
2025-05-13,XOM,0.7112281918525696
2025-05-14,XOM,2.598606824874878
2025-05-15,XOM,3.566913366317749
2025-05-16,XOM,1.1858311891555786
2025-05-19,XOM,5.1144185066223145
2025-05-20,XOM,4.386783599853516
2025-05-21,XOM,2.946902275085449
2025-05-22,XOM,4.429442405700684
2025-05-23,XOM,1.6826214790344238
2025-05-27,XOM,1.6363184452056885
2025-05-28,XOM,4.17998743057251
2025-05-29,XOM,4.747313499450684
2025-05-30,XOM,1.3680684566497803
2025-06-02,XOM,2.569565773010254
2025-06-03,XOM,1.4243348836898804
2025-06-04,XOM,0.5814560651779175
2025-06-05,XOM,1.1310397386550903
2025-06-06,XOM,-0.10976748913526535
2025-06-09,XOM,-0.33449530601501465
2025-06-10,XOM,0.014576424844563007
2025-06-11,XOM,0.831105649471283
2025-06-12,XOM,0.5146809816360474
2025-06-13,XOM,0.2751874029636383
2025-06-16,XOM,1.3647171258926392
2025-06-17,XOM,3.795727491378784
2025-06-18,XOM,4.593517780303955
2025-06-20,XOM,4.532773971557617
2025-06-23,XOM,-2.9882376194000244
2025-06-24,XOM,4.726083278656006
2025-06-25,XOM,5.073641777038574
2025-06-26,XOM,-1.374401330947876
2025-06-27,XOM,-2.466036319732666
2025-02-26,TLT,1.3440985679626465
2025-02-27,TLT,9.495323181152344
2025-02-28,TLT,9.70504093170166
2025-03-03,TLT,7.516688346862793
2025-03-04,TLT,10.041443824768066
2025-03-05,TLT,7.142596244812012
2025-03-06,TLT,-4.793575763702393
2025-03-07,TLT,8.196226119995117
2025-03-10,TLT,8.688952445983887
2025-03-11,TLT,8.487266540527344
2025-03-12,TLT,8.993971824645996
2025-03-13,TLT,9.168668746948242
2025-03-14,TLT,-6.408807277679443
2025-03-17,TLT,3.738494873046875
2025-03-18,TLT,7.829927444458008
2025-03-19,TLT,2.0936245918273926
2025-03-20,TLT,-0.23094813525676727
2025-03-21,TLT,5.579878807067871
2025-03-24,TLT,6.202356815338135
2025-03-25,TLT,9.16840648651123
2025-03-26,TLT,6.424647331237793
2025-03-27,TLT,0.3104691505432129
2025-03-28,TLT,7.430567264556885
2025-03-31,TLT,2.510537624359131
2025-04-01,TLT,-1.9637088775634766
2025-04-02,TLT,5.266630172729492
2025-04-03,TLT,6.382450103759766
2025-04-04,TLT,6.075267791748047
2025-04-07,TLT,7.360043048858643
2025-04-08,TLT,9.367947578430176
2025-04-09,TLT,9.787595748901367
2025-04-10,TLT,3.8141367435455322
2025-04-11,TLT,3.644909143447876
2025-04-14,TLT,3.2959420680999756
2025-04-15,TLT,6.5647101402282715
2025-04-16,TLT,6.189113140106201
2025-04-17,TLT,6.073774337768555
2025-04-21,TLT,7.047883987426758
2025-04-22,TLT,3.838423252105713
2025-04-23,TLT,7.6808929443359375
2025-04-24,TLT,1.1704418659210205
2025-04-25,TLT,1.6179918050765991
2025-04-28,TLT,3.2651796340942383
2025-04-29,TLT,0.09876791387796402
2025-04-30,TLT,4.33940315246582
2025-05-01,TLT,6.36387300491333
2025-05-02,TLT,6.794547080993652
2025-05-05,TLT,7.588979244232178
2025-05-06,TLT,5.338156223297119
2025-05-07,TLT,3.847541570663452
2025-05-08,TLT,2.3262932300567627
2025-05-09,TLT,6.74406623840332
2025-05-12,TLT,5.7268781661987305
2025-05-13,TLT,6.917552471160889
2025-05-14,TLT,5.918100833892822
2025-05-15,TLT,-3.062678098678589
2025-05-16,TLT,-4.328600883483887
2025-05-19,TLT,0.6893481612205505
2025-05-20,TLT,5.258260250091553
2025-05-21,TLT,5.888988971710205
2025-05-22,TLT,2.3354477882385254
2025-05-23,TLT,1.733199119567871
2025-05-27,TLT,-0.3228245973587036
2025-05-28,TLT,1.5233657360076904
2025-05-29,TLT,1.145907998085022
2025-05-30,TLT,1.143017292022705
2025-06-02,TLT,0.9688770771026611
2025-06-03,TLT,6.837937831878662
2025-06-04,TLT,7.582971572875977
2025-06-05,TLT,3.7791240215301514
2025-06-06,TLT,0.804619312286377
2025-06-09,TLT,5.891745090484619
2025-06-10,TLT,5.032628536224365
2025-06-11,TLT,-3.0626440048217773
2025-06-12,TLT,-0.18180835247039795
2025-06-13,TLT,-2.59639048576355
2025-06-16,TLT,9.57571029663086
2025-06-17,TLT,7.479351997375488
2025-06-18,TLT,-6.41544771194458
2025-06-20,TLT,1.8001443147659302
2025-06-23,TLT,9.569845199584961
2025-06-24,TLT,-4.518576622009277
2025-06-25,TLT,-8.014973640441895
2025-06-26,TLT,3.275594711303711
2025-06-27,TLT,2.10634183883667
2025-02-25,USDINR=X,13.761262893676758
2025-02-26,USDINR=X,26.74947738647461
2025-02-27,USDINR=X,8.018592834472656
2025-02-28,USDINR=X,20.157859802246094
2025-03-03,USDINR=X,26.50963592529297
2025-03-04,USDINR=X,21.639312744140625
2025-03-05,USDINR=X,28.348371505737305
2025-03-06,USDINR=X,43.30690383911133
2025-03-07,USDINR=X,44.466209411621094
2025-03-10,USDINR=X,12.131033897399902
2025-03-11,USDINR=X,28.011707305908203
2025-03-12,USDINR=X,24.955184936523438
2025-03-13,USDINR=X,42.903385162353516
2025-03-14,USDINR=X,41.917484283447266
2025-03-17,USDINR=X,40.193843841552734
2025-03-18,USDINR=X,33.2590446472168
2025-03-19,USDINR=X,13.324265480041504
2025-03-20,USDINR=X,27.588245391845703
2025-03-21,USDINR=X,28.211050033569336
2025-03-24,USDINR=X,10.57838249206543
2025-03-25,USDINR=X,39.132633209228516
2025-03-26,USDINR=X,38.08195495605469
2025-03-27,USDINR=X,25.27505874633789
2025-03-28,USDINR=X,-5.808671951293945
2025-03-31,USDINR=X,30.63936996459961
2025-04-01,USDINR=X,15.103107452392578
2025-04-02,USDINR=X,10.275853157043457
2025-04-03,USDINR=X,2.9699151515960693
2025-04-04,USDINR=X,14.713842391967773
2025-04-07,USDINR=X,16.65620994567871
2025-04-08,USDINR=X,13.585212707519531
2025-04-09,USDINR=X,7.725919246673584
2025-04-10,USDINR=X,9.386927604675293
2025-04-11,USDINR=X,25.319265365600586
2025-04-14,USDINR=X,26.496868133544922
2025-04-15,USDINR=X,16.957584381103516
2025-04-16,USDINR=X,29.28058624267578
2025-04-17,USDINR=X,33.61840057373047
2025-04-22,USDINR=X,25.706832885742188
2025-04-23,USDINR=X,4.524279594421387
2025-04-24,USDINR=X,-10.329686164855957
2025-04-25,USDINR=X,8.764897346496582
2025-04-28,USDINR=X,32.99653625488281
2025-04-29,USDINR=X,26.68609619140625
2025-04-30,USDINR=X,17.970455169677734
2025-05-01,USDINR=X,19.294204711914062
2025-05-02,USDINR=X,12.555198669433594
2025-05-05,USDINR=X,-4.009376525878906
2025-05-06,USDINR=X,12.778656959533691
2025-05-07,USDINR=X,15.928364753723145
2025-05-08,USDINR=X,12.417926788330078
2025-05-09,USDINR=X,2.7665064334869385
2025-05-12,USDINR=X,5.256775379180908
2025-05-13,USDINR=X,11.2769193649292
2025-05-14,USDINR=X,17.38412094116211
2025-05-15,USDINR=X,24.190162658691406
2025-05-16,USDINR=X,23.824323654174805
2025-05-19,USDINR=X,17.639158248901367
2025-05-20,USDINR=X,16.91478157043457
2025-05-21,USDINR=X,6.795773029327393
2025-05-22,USDINR=X,1.6304975748062134
2025-05-23,USDINR=X,20.89845848083496
2025-05-26,USDINR=X,12.091894149780273
2025-05-27,USDINR=X,26.838653564453125
2025-05-28,USDINR=X,-10.065136909484863
2025-05-29,USDINR=X,-23.2189884185791
2025-05-30,USDINR=X,24.65521812438965
2025-06-02,USDINR=X,25.57326316833496
2025-06-03,USDINR=X,0.15969781577587128
2025-06-04,USDINR=X,18.123449325561523
2025-06-05,USDINR=X,-4.85662841796875
2025-06-06,USDINR=X,2.1136820316314697
2025-06-09,USDINR=X,17.839046478271484
2025-06-10,USDINR=X,27.601919174194336
2025-06-11,USDINR=X,10.356645584106445
2025-06-12,USDINR=X,27.804214477539062
2025-06-13,USDINR=X,28.022491455078125
2025-06-16,USDINR=X,9.880363464355469
2025-06-17,USDINR=X,5.8794426918029785
2025-06-18,USDINR=X,19.349445343017578
2025-06-19,USDINR=X,27.13566780090332
2025-06-20,USDINR=X,24.237476348876953
2025-06-23,USDINR=X,23.93120765686035
2025-06-24,USDINR=X,8.245259284973145
2025-06-25,USDINR=X,14.058052062988281
2025-06-26,USDINR=X,27.409360885620117
2025-06-27,USDINR=X,-6.763911724090576
2025-02-26,IWM,5.185322284698486
2025-02-27,IWM,5.618492603302002
2025-02-28,IWM,5.25818395614624
2025-03-03,IWM,4.661665916442871
2025-03-04,IWM,6.239758491516113
2025-03-05,IWM,2.178314685821533
2025-03-06,IWM,5.935255527496338
2025-03-07,IWM,4.681748390197754
2025-03-10,IWM,4.339229583740234
2025-03-11,IWM,1.1320521831512451
2025-03-12,IWM,4.5153279304504395
2025-03-13,IWM,2.7866358757019043
2025-03-14,IWM,1.0498764514923096
2025-03-17,IWM,0.5685553550720215
2025-03-18,IWM,1.612478494644165
2025-03-19,IWM,0.6930645704269409
2025-03-20,IWM,2.434330701828003
2025-03-21,IWM,2.955204486846924
2025-03-24,IWM,2.1740047931671143
2025-03-25,IWM,2.810716390609741
2025-03-26,IWM,2.1089060306549072
2025-03-27,IWM,4.383128643035889
2025-03-28,IWM,2.507850170135498
2025-03-31,IWM,3.622312068939209
2025-04-01,IWM,4.3606977462768555
2025-04-02,IWM,-1.9361454248428345
2025-04-03,IWM,-2.9422855377197266
2025-04-04,IWM,5.644993782043457
2025-04-07,IWM,5.373652935028076
2025-04-08,IWM,-2.7730445861816406
2025-04-09,IWM,3.0450549125671387
2025-04-10,IWM,-1.37994384765625
2025-04-11,IWM,4.473787784576416
2025-04-14,IWM,2.9916043281555176
2025-04-15,IWM,1.436196208000183
2025-04-16,IWM,1.3014248609542847
2025-04-17,IWM,3.849691867828369
2025-04-21,IWM,4.558844566345215
2025-04-22,IWM,2.3831045627593994
2025-04-23,IWM,2.5063984394073486
2025-04-24,IWM,2.6449570655822754
2025-04-25,IWM,1.537110686302185
2025-04-28,IWM,2.4221584796905518
2025-04-29,IWM,0.3052365481853485
2025-04-30,IWM,2.0178661346435547
2025-05-01,IWM,2.668836832046509
2025-05-02,IWM,1.7515087127685547
2025-05-05,IWM,2.9907102584838867
2025-05-06,IWM,2.5052168369293213
2025-05-07,IWM,2.7083592414855957
2025-05-08,IWM,3.9448599815368652
2025-05-09,IWM,2.9919047355651855
2025-05-12,IWM,0.12317627668380737
2025-05-13,IWM,1.22831130027771
2025-05-14,IWM,2.7782411575317383
2025-05-15,IWM,3.958197593688965
2025-05-16,IWM,2.1312196254730225
2025-05-19,IWM,2.7062249183654785
2025-05-20,IWM,3.8244683742523193
2025-05-21,IWM,1.4481431245803833
2025-05-22,IWM,4.180878639221191
2025-05-23,IWM,4.547928810119629
2025-05-27,IWM,3.8480324745178223
2025-05-28,IWM,1.7211189270019531
2025-05-29,IWM,4.4643874168396
2025-05-30,IWM,3.5012876987457275
2025-06-02,IWM,2.627802610397339
2025-06-03,IWM,3.871979236602783
2025-06-04,IWM,0.7126207947731018
2025-06-05,IWM,3.0918126106262207
2025-06-06,IWM,3.5913007259368896
2025-06-09,IWM,2.5948517322540283
2025-06-10,IWM,3.0596227645874023
2025-06-11,IWM,4.484816074371338
2025-06-12,IWM,5.314813613891602
2025-06-13,IWM,1.9709651470184326
2025-06-16,IWM,5.332918167114258
2025-06-17,IWM,-2.351299524307251
2025-06-18,IWM,5.121589183807373
2025-06-20,IWM,4.90703010559082
2025-06-23,IWM,-3.1603474617004395
2025-06-24,IWM,3.8489432334899902
2025-06-25,IWM,4.426739692687988
2025-06-26,IWM,5.113798141479492
2025-06-27,IWM,-1.097769021987915
2025-02-26,JPM,0.9146495461463928
2025-02-27,JPM,3.1764638423919678
2025-02-28,JPM,5.561089515686035
2025-03-03,JPM,3.8363749980926514
2025-03-04,JPM,5.255187511444092
2025-03-05,JPM,5.022181034088135
2025-03-06,JPM,4.7024054527282715
2025-03-07,JPM,3.5178613662719727
2025-03-10,JPM,2.1308979988098145
2025-03-11,JPM,4.009389400482178
2025-03-12,JPM,3.5099496841430664
2025-03-13,JPM,2.464869976043701
2025-03-14,JPM,3.129128932952881
2025-03-17,JPM,2.8741517066955566
2025-03-18,JPM,2.7207019329071045
2025-03-19,JPM,1.2165207862854004
2025-03-20,JPM,1.0367071628570557
2025-03-21,JPM,2.030931234359741
2025-03-24,JPM,2.269758462905884
2025-03-25,JPM,2.021653413772583
2025-03-26,JPM,1.9004007577896118
2025-03-27,JPM,2.996821880340576
2025-03-28,JPM,3.2297940254211426
2025-03-31,JPM,3.4397523403167725
2025-04-01,JPM,3.448442220687866
2025-04-02,JPM,2.966796398162842
2025-04-03,JPM,1.2009587287902832
2025-04-04,JPM,4.311838150024414
2025-04-07,JPM,3.9893341064453125
2025-04-08,JPM,-3.249356746673584
2025-04-09,JPM,2.0073602199554443
2025-04-10,JPM,-0.3388495445251465
2025-04-11,JPM,3.9909703731536865
2025-04-14,JPM,3.7417492866516113
2025-04-15,JPM,2.832174301147461
2025-04-16,JPM,1.5916922092437744
2025-04-17,JPM,4.004100322723389
2025-04-21,JPM,4.200836181640625
2025-04-22,JPM,3.4925343990325928
2025-04-23,JPM,2.790041923522949
2025-04-24,JPM,2.8955326080322266
2025-04-25,JPM,2.120330572128296
2025-04-28,JPM,3.486178398132324
2025-04-29,JPM,1.1399251222610474
2025-04-30,JPM,2.905949115753174
2025-05-01,JPM,3.7970080375671387
2025-05-02,JPM,3.1186788082122803
2025-05-05,JPM,3.253053903579712
2025-05-06,JPM,2.8944592475891113
2025-05-07,JPM,2.985192060470581
2025-05-08,JPM,3.690715789794922
2025-05-09,JPM,3.0319602489471436
2025-05-12,JPM,2.3997445106506348
2025-05-13,JPM,2.5358657836914062
2025-05-14,JPM,3.1787471771240234
2025-05-15,JPM,3.5507960319519043
2025-05-16,JPM,3.167719841003418
2025-05-19,JPM,3.290410280227661
2025-05-20,JPM,3.860895872116089
2025-05-21,JPM,2.5828187465667725
2025-05-22,JPM,3.171842098236084
2025-05-23,JPM,4.12108850479126
2025-05-27,JPM,3.971696615219116
2025-05-28,JPM,3.001415967941284
2025-05-29,JPM,4.155048370361328
2025-05-30,JPM,3.690824270248413
2025-06-02,JPM,2.783148765563965
2025-06-03,JPM,3.202707529067993
2025-06-04,JPM,1.5932974815368652
2025-06-05,JPM,3.515080213546753
2025-06-06,JPM,4.132019519805908
2025-06-09,JPM,-0.07816623151302338
2025-06-10,JPM,3.2578864097595215
2025-06-11,JPM,3.9149169921875
2025-06-12,JPM,4.116535663604736
2025-06-13,JPM,3.2550652027130127
2025-06-16,JPM,4.200045108795166
2025-06-17,JPM,0.30447542667388916
2025-06-18,JPM,4.159118175506592
2025-06-20,JPM,4.324821949005127
2025-06-23,JPM,-1.8419091701507568
2025-06-24,JPM,3.6424036026000977
2025-06-25,JPM,4.81330680847168
2025-06-26,JPM,3.45544171333313
2025-06-27,JPM,2.8945717811584473
2025-02-26,UNH,0.6750347018241882
2025-02-27,UNH,2.8514864444732666
2025-02-28,UNH,3.18496036529541
2025-03-03,UNH,2.098360538482666
2025-03-04,UNH,0.07345949113368988
2025-03-05,UNH,1.9932612180709839
2025-03-06,UNH,-0.33856847882270813
2025-03-07,UNH,2.272645950317383
2025-03-10,UNH,0.9903856515884399
2025-03-11,UNH,0.5140286684036255
2025-03-12,UNH,2.6967289447784424
2025-03-13,UNH,1.802902340888977
2025-03-14,UNH,1.4096890687942505
2025-03-17,UNH,1.3861359357833862
2025-03-18,UNH,1.145545244216919
2025-03-19,UNH,1.111555576324463
2025-03-20,UNH,2.0575759410858154
2025-03-21,UNH,0.9185395240783691
2025-03-24,UNH,3.5704243183135986
2025-03-25,UNH,2.7199888229370117
2025-03-26,UNH,3.0303609371185303
2025-03-27,UNH,3.93172025680542
2025-03-28,UNH,2.3520143032073975
2025-03-31,UNH,0.6796213984489441
2025-04-01,UNH,3.6156020164489746
2025-04-02,UNH,3.4916069507598877
2025-04-03,UNH,2.1543872356414795
2025-04-04,UNH,-0.2577851116657257
2025-04-07,UNH,3.513420820236206
2025-04-08,UNH,3.486672878265381
2025-04-09,UNH,1.0422524213790894
2025-04-10,UNH,2.6882517337799072
2025-04-11,UNH,4.091670989990234
2025-04-14,UNH,4.072145462036133
2025-04-15,UNH,4.345107078552246
2025-04-16,UNH,3.7433159351348877
2025-04-17,UNH,0.7250373363494873
2025-04-21,UNH,2.8144545555114746
2025-04-22,UNH,2.624351739883423
2025-04-23,UNH,-2.4331858158111572
2025-04-24,UNH,1.880292534828186
2025-04-25,UNH,2.8950424194335938
2025-04-28,UNH,2.5823237895965576
2025-04-29,UNH,2.137376308441162
2025-04-30,UNH,1.9413878917694092
2025-05-01,UNH,1.968058705329895
2025-05-02,UNH,2.321505308151245
2025-05-05,UNH,2.4125986099243164
2025-05-06,UNH,0.17665454745292664
2025-05-07,UNH,1.3762105703353882
2025-05-08,UNH,1.7608798742294312
2025-05-09,UNH,0.8910863399505615
2025-05-12,UNH,0.7109693288803101
2025-05-13,UNH,0.6160387396812439
2025-05-14,UNH,1.0269750356674194
2025-05-15,UNH,0.2326640635728836
2025-05-16,UNH,0.0959039106965065
2025-05-19,UNH,-0.10646595805883408
2025-05-20,UNH,0.04924042895436287
2025-05-21,UNH,1.078910231590271
2025-05-22,UNH,1.5434921979904175
2025-05-23,UNH,1.128616213798523
2025-05-27,UNH,0.29438117146492004
2025-05-28,UNH,1.1996073722839355
2025-05-29,UNH,1.3743116855621338
2025-05-30,UNH,0.537381649017334
2025-06-02,UNH,0.9208340048789978
2025-06-03,UNH,0.7571490406990051
2025-06-04,UNH,1.380170226097107
2025-06-05,UNH,1.0037856101989746
2025-06-06,UNH,0.5339465737342834
2025-06-09,UNH,0.37278640270233154
2025-06-10,UNH,0.8338314890861511
2025-06-11,UNH,0.5460115671157837
2025-06-12,UNH,0.38793525099754333
2025-06-13,UNH,0.6349902153015137
2025-06-16,UNH,1.7010830640792847
2025-06-17,UNH,2.0922579765319824
2025-06-18,UNH,2.1917786598205566
2025-06-20,UNH,0.8745450377464294
2025-06-23,UNH,1.0638759136199951
2025-06-24,UNH,0.38096320629119873
2025-06-25,UNH,-0.8276201486587524
2025-06-26,UNH,0.17396678030490875
2025-06-27,UNH,2.5262818336486816
2025-02-26,SPY,0.6031211614608765
2025-02-27,SPY,7.9354095458984375
2025-02-28,SPY,8.506111145019531
2025-03-03,SPY,3.958055019378662
2025-03-04,SPY,10.362792015075684
2025-03-05,SPY,10.15677261352539
2025-03-06,SPY,2.3916494846343994
2025-03-07,SPY,3.608565330505371
2025-03-10,SPY,5.830149173736572
2025-03-11,SPY,2.683723211288452
2025-03-12,SPY,6.032802581787109
2025-03-13,SPY,3.3258419036865234
2025-03-14,SPY,4.447396278381348
2025-03-17,SPY,3.1914050579071045
2025-03-18,SPY,5.379158020019531
2025-03-19,SPY,1.129488229751587
2025-03-20,SPY,4.0406012535095215
2025-03-21,SPY,5.664936065673828
2025-03-24,SPY,3.011026620864868
2025-03-25,SPY,4.38411808013916
2025-03-26,SPY,2.2023777961730957
2025-03-27,SPY,5.369204521179199
2025-03-28,SPY,5.555977821350098
2025-03-31,SPY,5.685284614562988
2025-04-01,SPY,5.906955242156982
2025-04-02,SPY,1.7408215999603271
2025-04-03,SPY,-3.0798537731170654
2025-04-04,SPY,6.9091644287109375
2025-04-07,SPY,6.611853122711182
2025-04-08,SPY,-3.4698736667633057
2025-04-09,SPY,2.703099489212036
2025-04-10,SPY,-1.9151955842971802
2025-04-11,SPY,4.678527355194092
2025-04-14,SPY,4.619584083557129
2025-04-15,SPY,2.1682729721069336
2025-04-16,SPY,2.3714723587036133
2025-04-17,SPY,4.87891149520874
2025-04-21,SPY,4.811892032623291
2025-04-22,SPY,3.8153960704803467
2025-04-23,SPY,2.766773223876953
2025-04-24,SPY,3.809448003768921
2025-04-25,SPY,2.124645233154297
2025-04-28,SPY,2.9922642707824707
2025-04-29,SPY,0.1043531522154808
2025-04-30,SPY,3.2761330604553223
2025-05-01,SPY,3.3008906841278076
2025-05-02,SPY,3.0181150436401367
2025-05-05,SPY,3.8779778480529785
2025-05-06,SPY,3.7916271686553955
2025-05-07,SPY,3.5697264671325684
2025-05-08,SPY,4.275635719299316
2025-05-09,SPY,3.4724836349487305
2025-05-12,SPY,2.4620723724365234
2025-05-13,SPY,1.413545846939087
2025-05-14,SPY,1.4434984922409058
2025-05-15,SPY,3.90985107421875
2025-05-16,SPY,3.3877575397491455
2025-05-19,SPY,3.2668564319610596
2025-05-20,SPY,3.7520663738250732
2025-05-21,SPY,3.0326600074768066
2025-05-22,SPY,4.792914390563965
2025-05-23,SPY,4.864879608154297
2025-05-27,SPY,4.353928089141846
2025-05-28,SPY,3.7501039505004883
2025-05-29,SPY,4.929554462432861
2025-05-30,SPY,4.218392372131348
2025-06-02,SPY,2.8051836490631104
2025-06-03,SPY,3.803156852722168
2025-06-04,SPY,2.7942943572998047
2025-06-05,SPY,3.31227445602417
2025-06-06,SPY,4.500675678253174
2025-06-09,SPY,3.9548323154449463
2025-06-10,SPY,3.9867541790008545
2025-06-11,SPY,4.720366477966309
2025-06-12,SPY,5.134146690368652
2025-06-13,SPY,2.1047308444976807
2025-06-16,SPY,5.57611083984375
2025-06-17,SPY,1.1987837553024292
2025-06-18,SPY,4.959559440612793
2025-06-20,SPY,5.176253795623779
2025-06-23,SPY,1.0167378187179565
2025-06-24,SPY,-4.4947052001953125
2025-06-25,SPY,4.750987529754639
2025-06-26,SPY,5.742997646331787
2025-06-27,SPY,2.220172882080078
2025-02-26,MSFT,2.870959758758545
2025-02-27,MSFT,2.510143518447876
2025-02-28,MSFT,2.306828737258911
2025-03-03,MSFT,-0.3248465061187744
2025-03-04,MSFT,1.4800249338150024
2025-03-05,MSFT,2.434380531311035
2025-03-06,MSFT,1.7394713163375854
2025-03-07,MSFT,3.973618268966675
2025-03-10,MSFT,1.2072473764419556
2025-03-11,MSFT,1.2415324449539185
2025-03-12,MSFT,2.7589261531829834
2025-03-13,MSFT,3.006246328353882
2025-03-14,MSFT,2.532442569732666
2025-03-17,MSFT,1.3652393817901611
2025-03-18,MSFT,2.4554858207702637
2025-03-19,MSFT,1.0016822814941406
2025-03-20,MSFT,3.5230209827423096
2025-03-21,MSFT,4.468264579772949
2025-03-24,MSFT,0.9481513500213623
2025-03-25,MSFT,2.125645399093628
2025-03-26,MSFT,0.029993778094649315
2025-03-27,MSFT,2.5492875576019287
2025-03-28,MSFT,1.4594533443450928
2025-03-31,MSFT,3.704136371612549
2025-04-01,MSFT,3.7002878189086914
2025-04-02,MSFT,-4.22733736038208
2025-04-03,MSFT,-2.3779404163360596
2025-04-04,MSFT,5.7268781661987305
2025-04-07,MSFT,5.337553977966309
2025-04-08,MSFT,4.088871002197266
2025-04-09,MSFT,0.44549116492271423
2025-04-10,MSFT,-2.775380849838257
2025-04-11,MSFT,1.1974530220031738
2025-04-14,MSFT,4.099407196044922
2025-04-15,MSFT,1.2249912023544312
2025-04-16,MSFT,2.466933250427246
2025-04-17,MSFT,4.741461753845215
2025-04-21,MSFT,3.9700138568878174
2025-04-22,MSFT,2.5020751953125
2025-04-23,MSFT,2.058419704437256
2025-04-24,MSFT,1.9585270881652832
2025-04-25,MSFT,2.3488965034484863
2025-04-28,MSFT,4.534195423126221
2025-04-29,MSFT,0.3474738895893097
2025-04-30,MSFT,4.345869064331055
2025-05-01,MSFT,3.6297860145568848
2025-05-02,MSFT,1.89363694190979
2025-05-05,MSFT,3.2760796546936035
2025-05-06,MSFT,3.6766579151153564
2025-05-07,MSFT,3.214611768722534
2025-05-08,MSFT,3.446636199951172
2025-05-09,MSFT,2.6808879375457764
2025-05-12,MSFT,2.5612659454345703
2025-05-13,MSFT,0.31943565607070923
2025-05-14,MSFT,-0.8423448204994202
2025-05-15,MSFT,3.3575356006622314
2025-05-16,MSFT,4.3203444480896
2025-05-19,MSFT,4.277660846710205
2025-05-20,MSFT,2.204637050628662
2025-05-21,MSFT,1.7871121168136597
2025-05-22,MSFT,3.754241943359375
2025-05-23,MSFT,3.879985809326172
2025-05-27,MSFT,3.8435521125793457
2025-05-28,MSFT,3.1889491081237793
2025-05-29,MSFT,3.553197145462036
2025-05-30,MSFT,3.738717555999756
2025-06-02,MSFT,3.4120256900787354
2025-06-03,MSFT,3.5477025508880615
2025-06-04,MSFT,3.4175755977630615
2025-06-05,MSFT,3.6792025566101074
2025-06-06,MSFT,3.0063674449920654
2025-06-09,MSFT,3.4036264419555664
2025-06-10,MSFT,3.3436977863311768
2025-06-11,MSFT,4.51436185836792
2025-06-12,MSFT,4.3913469314575195
2025-06-13,MSFT,1.639486312866211
2025-06-16,MSFT,4.288110256195068
2025-06-17,MSFT,4.018404006958008
2025-06-18,MSFT,2.966323137283325
2025-06-20,MSFT,3.422245979309082
2025-06-23,MSFT,4.143922328948975
2025-06-24,MSFT,3.1147472858428955
2025-06-25,MSFT,3.2640347480773926
2025-06-26,MSFT,3.267864465713501
2025-06-27,MSFT,2.033759117126465
2025-02-25,EURUSD=X,2.963780403137207
2025-02-26,EURUSD=X,8.134806632995605
2025-02-27,EURUSD=X,3.3601741790771484
2025-02-28,EURUSD=X,17.031402587890625
2025-03-03,EURUSD=X,18.197154998779297
2025-03-04,EURUSD=X,3.7825047969818115
2025-03-05,EURUSD=X,-3.6158878803253174
2025-03-06,EURUSD=X,-2.3596506118774414
2025-03-07,EURUSD=X,2.077244997024536
2025-03-10,EURUSD=X,13.319692611694336
2025-03-11,EURUSD=X,18.162139892578125
2025-03-12,EURUSD=X,11.898503303527832
2025-03-13,EURUSD=X,9.440561294555664
2025-03-14,EURUSD=X,17.164316177368164
2025-03-17,EURUSD=X,11.146376609802246
2025-03-18,EURUSD=X,6.82269287109375
2025-03-19,EURUSD=X,14.926936149597168
2025-03-20,EURUSD=X,18.22475814819336
2025-03-21,EURUSD=X,17.323163986206055
2025-03-24,EURUSD=X,5.998001575469971
2025-03-25,EURUSD=X,-6.679937362670898
2025-03-26,EURUSD=X,8.687007904052734
2025-03-27,EURUSD=X,12.493627548217773
2025-03-28,EURUSD=X,13.291380882263184
2025-03-31,EURUSD=X,7.8167219161987305
2025-04-01,EURUSD=X,11.817098617553711
2025-04-02,EURUSD=X,16.930469512939453
2025-04-03,EURUSD=X,15.178913116455078
2025-04-04,EURUSD=X,2.6347169876098633
2025-04-07,EURUSD=X,-1.5799039602279663
2025-04-08,EURUSD=X,12.793986320495605
2025-04-09,EURUSD=X,14.230703353881836
2025-04-10,EURUSD=X,16.463146209716797
2025-04-11,EURUSD=X,14.170376777648926
2025-04-14,EURUSD=X,7.656700134277344
2025-04-15,EURUSD=X,11.679413795471191
2025-04-16,EURUSD=X,11.833409309387207
2025-04-17,EURUSD=X,7.355123043060303
2025-04-22,EURUSD=X,0.9047079086303711
2025-04-23,EURUSD=X,14.522476196289062
2025-04-24,EURUSD=X,9.225714683532715
2025-04-25,EURUSD=X,-10.650727272033691
2025-04-28,EURUSD=X,5.9136481285095215
2025-04-29,EURUSD=X,14.067604064941406
2025-04-30,EURUSD=X,14.495012283325195
2025-05-01,EURUSD=X,14.061102867126465
2025-05-02,EURUSD=X,0.45118433237075806
2025-05-05,EURUSD=X,-1.7188870906829834
2025-05-06,EURUSD=X,11.630838394165039
2025-05-07,EURUSD=X,12.967275619506836
2025-05-08,EURUSD=X,6.662710666656494
2025-05-09,EURUSD=X,6.052141189575195
2025-05-12,EURUSD=X,13.7839994430542
2025-05-13,EURUSD=X,13.223750114440918
2025-05-14,EURUSD=X,12.900861740112305
2025-05-15,EURUSD=X,6.813234806060791
2025-05-16,EURUSD=X,-2.3267805576324463
2025-05-19,EURUSD=X,13.169480323791504
2025-05-20,EURUSD=X,14.424257278442383
2025-05-21,EURUSD=X,11.496298789978027
2025-05-22,EURUSD=X,-0.8323739767074585
2025-05-23,EURUSD=X,8.839791297912598
2025-05-26,EURUSD=X,14.333093643188477
2025-05-27,EURUSD=X,13.236910820007324
2025-05-28,EURUSD=X,12.047916412353516
2025-05-29,EURUSD=X,7.686318397521973
2025-05-30,EURUSD=X,14.230137825012207
2025-06-02,EURUSD=X,0.22347308695316315
2025-06-03,EURUSD=X,0.923058032989502
2025-06-04,EURUSD=X,5.491805553436279
2025-06-05,EURUSD=X,14.897165298461914
2025-06-06,EURUSD=X,11.051369667053223
2025-06-09,EURUSD=X,-8.618027687072754
2025-06-10,EURUSD=X,2.0690839290618896
2025-06-11,EURUSD=X,11.28189468383789
2025-06-12,EURUSD=X,11.222180366516113
2025-06-13,EURUSD=X,-5.40979528427124
2025-06-16,EURUSD=X,-4.358522891998291
2025-06-17,EURUSD=X,13.624951362609863
2025-06-18,EURUSD=X,11.07062816619873
2025-06-19,EURUSD=X,7.084384918212891
2025-06-20,EURUSD=X,5.397270679473877
2025-06-23,EURUSD=X,9.956974029541016
2025-06-24,EURUSD=X,13.141005516052246
2025-06-25,EURUSD=X,-3.406654119491577
2025-06-26,EURUSD=X,11.132328033447266
2025-06-27,EURUSD=X,13.83959674835205
2025-02-26,NVDA,1.8802131414413452
2025-02-27,NVDA,-1.2585338354110718
2025-02-28,NVDA,1.0587795972824097
2025-03-03,NVDA,1.0862195491790771
2025-03-04,NVDA,2.3263375759124756
2025-03-05,NVDA,1.699167251586914
2025-03-06,NVDA,-1.465893268585205
2025-03-07,NVDA,2.2445530891418457
2025-03-10,NVDA,1.6930814981460571
2025-03-11,NVDA,0.8105436563491821
2025-03-12,NVDA,1.276906967163086
2025-03-13,NVDA,0.6240706443786621
2025-03-14,NVDA,1.2010489702224731
2025-03-17,NVDA,0.1604328155517578
2025-03-18,NVDA,1.5233656167984009
2025-03-19,NVDA,0.7336306571960449
2025-03-20,NVDA,1.5612480640411377
2025-03-21,NVDA,1.5615662336349487
2025-03-24,NVDA,1.2505520582199097
2025-03-25,NVDA,1.3942604064941406
2025-03-26,NVDA,0.8287375569343567
2025-03-27,NVDA,2.08864426612854
2025-03-28,NVDA,1.733191728591919
2025-03-31,NVDA,1.0390949249267578
2025-04-01,NVDA,1.1639955043792725
2025-04-02,NVDA,-1.3013591766357422
2025-04-03,NVDA,-0.14901705086231232
2025-04-04,NVDA,2.276052951812744
2025-04-07,NVDA,2.20383620262146
2025-04-08,NVDA,0.7902063727378845
2025-04-09,NVDA,1.167270541191101
2025-04-10,NVDA,-1.6892881393432617
2025-04-11,NVDA,0.7053394317626953
2025-04-14,NVDA,1.1805953979492188
2025-04-15,NVDA,0.9897428750991821
2025-04-16,NVDA,1.3152216672897339
2025-04-17,NVDA,2.0636065006256104
2025-04-21,NVDA,2.0075042247772217
2025-04-22,NVDA,1.5053476095199585
2025-04-23,NVDA,1.3829644918441772
2025-04-24,NVDA,1.3809900283813477
2025-04-25,NVDA,0.976376473903656
2025-04-28,NVDA,1.724035382270813
2025-04-29,NVDA,0.4741482138633728
2025-04-30,NVDA,1.9340101480484009
2025-05-01,NVDA,1.9497140645980835
2025-05-02,NVDA,1.8603222370147705
2025-05-05,NVDA,1.903795838356018
2025-05-06,NVDA,1.759553074836731
2025-05-07,NVDA,1.748134732246399
2025-05-08,NVDA,1.4992233514785767
2025-05-09,NVDA,1.6758490800857544
2025-05-12,NVDA,1.8794394731521606
2025-05-13,NVDA,1.1951186656951904
2025-05-14,NVDA,0.2311498075723648
2025-05-15,NVDA,1.6673939228057861
2025-05-16,NVDA,2.097466230392456
2025-05-19,NVDA,2.0487074851989746
2025-05-20,NVDA,1.4873026609420776
2025-05-21,NVDA,1.1008511781692505
2025-05-22,NVDA,2.007413387298584
2025-05-23,NVDA,2.158130168914795
2025-05-27,NVDA,1.3622446060180664
2025-05-28,NVDA,1.86025071144104
2025-05-29,NVDA,2.1734392642974854
2025-05-30,NVDA,2.027907609939575
2025-06-02,NVDA,1.4771008491516113
2025-06-03,NVDA,1.4590576887130737
2025-06-04,NVDA,1.7639970779418945
2025-06-05,NVDA,1.886269211769104
2025-06-06,NVDA,2.0930676460266113
2025-06-09,NVDA,2.060717821121216
2025-06-10,NVDA,1.921228051185608
2025-06-11,NVDA,2.0941994190216064
2025-06-12,NVDA,2.099985122680664
2025-06-13,NVDA,1.9012938737869263
2025-06-16,NVDA,2.1138951778411865
2025-06-17,NVDA,0.538158118724823
2025-06-18,NVDA,2.0292091369628906
2025-06-20,NVDA,2.2759170532226562
2025-06-23,NVDA,1.7452220916748047
2025-06-24,NVDA,1.889201045036316
2025-06-25,NVDA,1.9543745517730713
2025-06-26,NVDA,1.7672239542007446
2025-06-27,NVDA,1.805040955543518
2025-02-26,AAPL,-1.771329641342163
2025-02-27,AAPL,5.920912742614746
2025-02-28,AAPL,6.116914749145508
2025-03-03,AAPL,0.8660212159156799
2025-03-04,AAPL,4.9463324546813965
2025-03-05,AAPL,5.346611976623535
2025-03-06,AAPL,2.5190305709838867
2025-03-07,AAPL,4.831474304199219
2025-03-10,AAPL,3.310539722442627
2025-03-11,AAPL,5.435998916625977
2025-03-12,AAPL,5.311023712158203
2025-03-13,AAPL,0.44626694917678833
2025-03-14,AAPL,2.867551565170288
2025-03-17,AAPL,4.861440658569336
2025-03-18,AAPL,4.857003211975098
2025-03-19,AAPL,3.2679710388183594
2025-03-20,AAPL,2.8524258136749268
2025-03-21,AAPL,1.0014888048171997
2025-03-24,AAPL,-0.07532630115747452
2025-03-25,AAPL,5.1224541664123535
2025-03-26,AAPL,3.6850008964538574
2025-03-27,AAPL,1.9747308492660522
2025-03-28,AAPL,2.8270418643951416
2025-03-31,AAPL,2.488091230392456
2025-04-01,AAPL,2.9999897480010986
2025-04-02,AAPL,2.396359443664551
2025-04-03,AAPL,0.3580670654773712
2025-04-04,AAPL,4.248703479766846
2025-04-07,AAPL,3.3556113243103027
2025-04-08,AAPL,-2.3952059745788574
2025-04-09,AAPL,-0.33522677421569824
2025-04-10,AAPL,-1.2285571098327637
2025-04-11,AAPL,2.349266290664673
2025-04-14,AAPL,3.0783798694610596
2025-04-15,AAPL,1.747789740562439
2025-04-16,AAPL,2.2630014419555664
2025-04-17,AAPL,2.9753458499908447
2025-04-21,AAPL,3.076587677001953
2025-04-22,AAPL,2.669205665588379
2025-04-23,AAPL,2.3655073642730713
2025-04-24,AAPL,2.1905882358551025
2025-04-25,AAPL,1.7820674180984497
2025-04-28,AAPL,2.2052066326141357
2025-04-29,AAPL,0.6501840353012085
2025-04-30,AAPL,1.7644120454788208
2025-05-01,AAPL,1.8226397037506104
2025-05-02,AAPL,1.163989782333374
2025-05-05,AAPL,2.568666934967041
2025-05-06,AAPL,2.883665084838867
2025-05-07,AAPL,0.7203373908996582
2025-05-08,AAPL,2.4358465671539307
2025-05-09,AAPL,2.579672336578369
2025-05-12,AAPL,1.2800300121307373
2025-05-13,AAPL,-2.158923387527466
2025-05-14,AAPL,1.082006573677063
2025-05-15,AAPL,3.2803308963775635
2025-05-16,AAPL,2.895685911178589
2025-05-19,AAPL,3.2922966480255127
2025-05-20,AAPL,2.997976303100586
2025-05-21,AAPL,3.3402514457702637
2025-05-22,AAPL,3.3480405807495117
2025-05-23,AAPL,1.5312391519546509
2025-05-27,AAPL,1.3968274593353271
2025-05-28,AAPL,2.1637156009674072
2025-05-29,AAPL,3.1722686290740967
2025-05-30,AAPL,-0.040481626987457275
2025-06-02,AAPL,0.5467978119850159
2025-06-03,AAPL,1.430546522140503
2025-06-04,AAPL,0.9059709906578064
2025-06-05,AAPL,1.8055170774459839
2025-06-06,AAPL,2.029210090637207
2025-06-09,AAPL,2.060927391052246
2025-06-10,AAPL,2.1927249431610107
2025-06-11,AAPL,1.840867519378662
2025-06-12,AAPL,2.7641050815582275
2025-06-13,AAPL,0.7448795437812805
2025-06-16,AAPL,0.08688341081142426
2025-06-17,AAPL,-0.4149984121322632
2025-06-18,AAPL,2.4574878215789795
2025-06-20,AAPL,1.2982770204544067
2025-06-23,AAPL,-1.438381314277649
2025-06-24,AAPL,-0.6121147274971008
2025-06-25,AAPL,3.214210271835327
2025-06-26,AAPL,3.2414236068725586
2025-06-27,AAPL,1.8858646154403687
2025-02-26,GC=F,8.343706130981445
2025-02-27,GC=F,6.594725608825684
2025-02-28,GC=F,5.234001159667969
2025-03-03,GC=F,7.807906150817871
2025-03-04,GC=F,-3.6844518184661865
2025-03-05,GC=F,0.3449532985687256
2025-03-06,GC=F,8.954100608825684
2025-03-07,GC=F,8.548250198364258
2025-03-10,GC=F,7.5430989265441895
2025-03-11,GC=F,6.835871696472168
2025-03-12,GC=F,3.5544581413269043
2025-03-13,GC=F,4.510128974914551
2025-03-14,GC=F,6.86780309677124
2025-03-17,GC=F,5.790313243865967
2025-03-18,GC=F,3.9104485511779785
2025-03-19,GC=F,8.176753997802734
2025-03-20,GC=F,7.6042890548706055
2025-03-21,GC=F,5.051266193389893
2025-03-24,GC=F,8.723522186279297
2025-03-25,GC=F,6.434658527374268
2025-03-26,GC=F,-0.05072363466024399
2025-03-27,GC=F,9.717902183532715
2025-03-28,GC=F,9.414026260375977
2025-03-31,GC=F,7.53417444229126
2025-04-01,GC=F,-2.9435157775878906
2025-04-02,GC=F,5.973761081695557
2025-04-03,GC=F,6.284594535827637
2025-04-04,GC=F,6.484405994415283
2025-04-07,GC=F,8.105786323547363
2025-04-08,GC=F,7.976669788360596
2025-04-09,GC=F,6.552862167358398
2025-04-10,GC=F,7.062798976898193
2025-04-11,GC=F,4.668137550354004
2025-04-14,GC=F,8.109332084655762
2025-04-15,GC=F,8.224321365356445
2025-04-16,GC=F,7.655388355255127
2025-04-17,GC=F,6.046738624572754
2025-04-21,GC=F,6.947226047515869
2025-04-22,GC=F,7.239538192749023
2025-04-23,GC=F,6.58875036239624
2025-04-24,GC=F,6.423414707183838
2025-04-25,GC=F,7.203203201293945
2025-04-28,GC=F,7.320984840393066
2025-04-29,GC=F,6.470577716827393
2025-04-30,GC=F,-4.02947473526001
2025-05-01,GC=F,-0.5091938972473145
2025-05-02,GC=F,6.516651630401611
2025-05-05,GC=F,5.646217346191406
2025-05-06,GC=F,2.88061785697937
2025-05-07,GC=F,3.5492398738861084
2025-05-08,GC=F,3.2823164463043213
2025-05-09,GC=F,6.058533191680908
2025-05-12,GC=F,4.989363670349121
2025-05-13,GC=F,5.459368705749512
2025-05-14,GC=F,5.19824743270874
2025-05-15,GC=F,5.270648956298828
2025-05-16,GC=F,2.5635697841644287
2025-05-19,GC=F,1.9954979419708252
2025-05-20,GC=F,5.520051002502441
2025-05-21,GC=F,5.8702006340026855
2025-05-22,GC=F,5.187178611755371
2025-05-23,GC=F,1.9529829025268555
2025-05-27,GC=F,5.550941467285156
2025-05-28,GC=F,6.407548904418945
2025-05-29,GC=F,6.1687846183776855
2025-05-30,GC=F,6.311760902404785
2025-06-02,GC=F,4.909337043762207
2025-06-03,GC=F,4.087589263916016
2025-06-04,GC=F,1.8111735582351685
2025-06-05,GC=F,5.252458572387695
2025-06-06,GC=F,5.362855911254883
2025-06-09,GC=F,4.48537540435791
2025-06-10,GC=F,3.6830830574035645
2025-06-11,GC=F,4.046034336090088
2025-06-12,GC=F,3.710118055343628
2025-06-13,GC=F,-0.7511369585990906
2025-06-16,GC=F,3.4732680320739746
2025-06-17,GC=F,6.489702224731445
2025-06-18,GC=F,6.268043518066406
2025-06-20,GC=F,2.940594434738159
2025-06-23,GC=F,5.859765529632568
2025-06-24,GC=F,1.4236334562301636
2025-06-25,GC=F,6.094504356384277
2025-06-26,GC=F,6.087549686431885
2025-06-27,GC=F,-3.3451015949249268
2025-02-25,GBPUSD=X,10.579059600830078
2025-02-26,GBPUSD=X,16.67901611328125
2025-02-27,GBPUSD=X,14.993637084960938
2025-02-28,GBPUSD=X,16.359222412109375
2025-03-03,GBPUSD=X,17.460405349731445
2025-03-04,GBPUSD=X,17.33000373840332
2025-03-05,GBPUSD=X,-4.531481742858887
2025-03-06,GBPUSD=X,0.4075658619403839
2025-03-07,GBPUSD=X,0.08214342594146729
2025-03-10,GBPUSD=X,13.052068710327148
2025-03-11,GBPUSD=X,16.888444900512695
2025-03-12,GBPUSD=X,12.530808448791504
2025-03-13,GBPUSD=X,7.428944110870361
2025-03-14,GBPUSD=X,17.278348922729492
2025-03-17,GBPUSD=X,14.293200492858887
2025-03-18,GBPUSD=X,7.673159122467041
2025-03-19,GBPUSD=X,15.119504928588867
2025-03-20,GBPUSD=X,17.219898223876953
2025-03-21,GBPUSD=X,16.481597900390625
2025-03-24,GBPUSD=X,7.55117130279541
2025-03-25,GBPUSD=X,10.073708534240723
2025-03-26,GBPUSD=X,8.9844331741333
2025-03-27,GBPUSD=X,7.699025630950928
2025-03-28,GBPUSD=X,15.78230094909668
2025-03-31,GBPUSD=X,6.13215970993042
2025-04-01,GBPUSD=X,4.489650726318359
2025-04-02,GBPUSD=X,17.708406448364258
2025-04-03,GBPUSD=X,14.209136962890625
2025-04-04,GBPUSD=X,2.1917507648468018
2025-04-07,GBPUSD=X,2.3714518547058105
2025-04-08,GBPUSD=X,17.187496185302734
2025-04-09,GBPUSD=X,16.063495635986328
2025-04-10,GBPUSD=X,-2.9760756492614746
2025-04-11,GBPUSD=X,14.832540512084961
2025-04-14,GBPUSD=X,10.945759773254395
2025-04-15,GBPUSD=X,16.25489616394043
2025-04-16,GBPUSD=X,13.015573501586914
2025-04-17,GBPUSD=X,12.950217247009277
2025-04-22,GBPUSD=X,1.0035479068756104
2025-04-23,GBPUSD=X,14.05574893951416
2025-04-24,GBPUSD=X,14.559475898742676
2025-04-25,GBPUSD=X,4.160958290100098
2025-04-28,GBPUSD=X,14.649540901184082
2025-04-29,GBPUSD=X,16.640350341796875
2025-04-30,GBPUSD=X,6.467555999755859
2025-05-01,GBPUSD=X,15.88162612915039
2025-05-02,GBPUSD=X,15.209775924682617
2025-05-05,GBPUSD=X,1.7864576578140259
2025-05-06,GBPUSD=X,3.0351130962371826
2025-05-07,GBPUSD=X,12.620798110961914
2025-05-08,GBPUSD=X,9.715670585632324
2025-05-09,GBPUSD=X,9.431831359863281
2025-05-12,GBPUSD=X,15.412398338317871
2025-05-13,GBPUSD=X,9.900216102600098
2025-05-14,GBPUSD=X,14.878046035766602
2025-05-15,GBPUSD=X,5.57224702835083
2025-05-16,GBPUSD=X,9.103373527526855
2025-05-19,GBPUSD=X,12.371851921081543
2025-05-20,GBPUSD=X,9.56496810913086
2025-05-21,GBPUSD=X,-0.5803672671318054
2025-05-22,GBPUSD=X,6.7853288650512695
2025-05-23,GBPUSD=X,14.922280311584473
2025-05-26,GBPUSD=X,13.899657249450684
2025-05-27,GBPUSD=X,16.109195709228516
2025-05-28,GBPUSD=X,12.908753395080566
2025-05-29,GBPUSD=X,16.603195190429688
2025-05-30,GBPUSD=X,17.315610885620117
2025-06-02,GBPUSD=X,-9.093825340270996
2025-06-03,GBPUSD=X,-0.7687326073646545
2025-06-04,GBPUSD=X,2.444446563720703
2025-06-05,GBPUSD=X,17.29399871826172
2025-06-06,GBPUSD=X,11.175042152404785
2025-06-09,GBPUSD=X,-12.532466888427734
2025-06-10,GBPUSD=X,12.773809432983398
2025-06-11,GBPUSD=X,13.919379234313965
2025-06-12,GBPUSD=X,7.753763675689697
2025-06-13,GBPUSD=X,0.2610054016113281
2025-06-16,GBPUSD=X,9.653518676757812
2025-06-17,GBPUSD=X,16.513874053955078
2025-06-18,GBPUSD=X,14.010421752929688
2025-06-19,GBPUSD=X,15.929670333862305
2025-06-20,GBPUSD=X,14.017049789428711
2025-06-23,GBPUSD=X,-10.914652824401855
2025-06-24,GBPUSD=X,15.244087219238281
2025-06-25,GBPUSD=X,11.640439987182617
2025-06-26,GBPUSD=X,-8.780777931213379
2025-06-27,GBPUSD=X,12.729752540588379
2025-02-26,GOOGL,2.423572063446045
2025-02-27,GOOGL,2.687819004058838
2025-02-28,GOOGL,2.4832818508148193
2025-03-03,GOOGL,1.5153918266296387
2025-03-04,GOOGL,2.2255189418792725
2025-03-05,GOOGL,1.1184653043746948
2025-03-06,GOOGL,1.666628122329712
2025-03-07,GOOGL,2.277078866958618
2025-03-10,GOOGL,2.2545740604400635
2025-03-11,GOOGL,1.9608790874481201
2025-03-12,GOOGL,2.970367431640625
2025-03-13,GOOGL,2.94295597076416
2025-03-14,GOOGL,2.4518301486968994
2025-03-17,GOOGL,2.6424882411956787
2025-03-18,GOOGL,2.127363681793213
2025-03-19,GOOGL,2.012190103530884
2025-03-20,GOOGL,2.6877403259277344
2025-03-21,GOOGL,2.2759974002838135
2025-03-24,GOOGL,1.729980230331421
2025-03-25,GOOGL,1.5123741626739502
2025-03-26,GOOGL,-0.1057749092578888
2025-03-27,GOOGL,2.2677297592163086
2025-03-28,GOOGL,3.3942368030548096
2025-03-31,GOOGL,2.5847434997558594
2025-04-01,GOOGL,2.615102767944336
2025-04-02,GOOGL,0.8281913995742798
2025-04-03,GOOGL,0.435239315032959
2025-04-04,GOOGL,3.9334449768066406
2025-04-07,GOOGL,2.7519071102142334
2025-04-08,GOOGL,2.3194358348846436
2025-04-09,GOOGL,1.6804757118225098
2025-04-10,GOOGL,-0.31852924823760986
2025-04-11,GOOGL,0.08630009740591049
2025-04-14,GOOGL,1.3994487524032593
2025-04-15,GOOGL,0.34349676966667175
2025-04-16,GOOGL,2.1115200519561768
2025-04-17,GOOGL,3.3969271183013916
2025-04-21,GOOGL,3.0527052879333496
2025-04-22,GOOGL,2.269791841506958
2025-04-23,GOOGL,2.216458320617676
2025-04-24,GOOGL,2.004929780960083
2025-04-25,GOOGL,1.003110647201538
2025-04-28,GOOGL,2.9774374961853027
2025-04-29,GOOGL,1.6375770568847656
2025-04-30,GOOGL,3.617516279220581
2025-05-01,GOOGL,3.7558817863464355
2025-05-02,GOOGL,2.951228141784668
2025-05-05,GOOGL,3.424072027206421
2025-05-06,GOOGL,2.4054877758026123
2025-05-07,GOOGL,2.6410462856292725
2025-05-08,GOOGL,3.8740200996398926
2025-05-09,GOOGL,2.921449899673462
2025-05-12,GOOGL,0.1955329179763794
2025-05-13,GOOGL,-0.529747486114502
2025-05-14,GOOGL,-1.3416063785552979
2025-05-15,GOOGL,2.3604319095611572
2025-05-16,GOOGL,2.9404449462890625
2025-05-19,GOOGL,2.6908798217773438
2025-05-20,GOOGL,2.380486011505127
2025-05-21,GOOGL,3.8408043384552
2025-05-22,GOOGL,0.040563952177762985
2025-05-23,GOOGL,2.887606382369995
2025-05-27,GOOGL,3.6575987339019775
2025-05-28,GOOGL,2.38523268699646
2025-05-29,GOOGL,3.234344244003296
2025-05-30,GOOGL,2.659890651702881
2025-06-02,GOOGL,1.26300847530365
2025-06-03,GOOGL,1.7538564205169678
2025-06-04,GOOGL,3.4713540077209473
2025-06-05,GOOGL,-1.9521231651306152
2025-06-06,GOOGL,2.4679934978485107
2025-06-09,GOOGL,3.210340738296509
2025-06-10,GOOGL,1.3469841480255127
2025-06-11,GOOGL,3.0580642223358154
2025-06-12,GOOGL,3.771592617034912
2025-06-13,GOOGL,3.424635887145996
2025-06-16,GOOGL,3.619140148162842
2025-06-17,GOOGL,3.0270941257476807
2025-06-18,GOOGL,3.080226182937622
2025-06-20,GOOGL,3.791879415512085
2025-06-23,GOOGL,4.00322151184082
2025-06-24,GOOGL,3.4957470893859863
2025-06-25,GOOGL,2.744117259979248
2025-06-26,GOOGL,0.7486764788627625
2025-06-27,GOOGL,2.3862509727478027
2025-02-25,USDJPY=X,6.832249164581299
2025-02-26,USDJPY=X,5.119671821594238
2025-02-27,USDJPY=X,5.520201206207275
2025-02-28,USDJPY=X,9.957980155944824
2025-03-03,USDJPY=X,2.2309539318084717
2025-03-04,USDJPY=X,-4.038882255554199
2025-03-05,USDJPY=X,5.515589714050293
2025-03-06,USDJPY=X,5.863434314727783
2025-03-07,USDJPY=X,7.894408226013184
2025-03-10,USDJPY=X,5.894896030426025
2025-03-11,USDJPY=X,5.810208320617676
2025-03-12,USDJPY=X,8.035898208618164
2025-03-13,USDJPY=X,5.092947006225586
2025-03-14,USDJPY=X,1.3471019268035889
2025-03-17,USDJPY=X,8.574223518371582
2025-03-18,USDJPY=X,7.91035795211792
2025-03-19,USDJPY=X,0.9196940660476685
2025-03-20,USDJPY=X,0.5408093929290771
2025-03-21,USDJPY=X,10.262290954589844
2025-03-24,USDJPY=X,7.681221961975098
2025-03-25,USDJPY=X,4.816809177398682
2025-03-26,USDJPY=X,4.303567409515381
2025-03-27,USDJPY=X,8.589890480041504
2025-03-28,USDJPY=X,10.465689659118652
2025-03-31,USDJPY=X,2.0252106189727783
2025-04-01,USDJPY=X,3.3775720596313477
2025-04-02,USDJPY=X,9.419215202331543
2025-04-03,USDJPY=X,2.2457077503204346
2025-04-04,USDJPY=X,8.64193058013916
2025-04-07,USDJPY=X,2.3894567489624023
2025-04-08,USDJPY=X,11.698810577392578
2025-04-09,USDJPY=X,8.510355949401855
2025-04-10,USDJPY=X,7.060428142547607
2025-04-11,USDJPY=X,6.630754470825195
2025-04-14,USDJPY=X,11.861418724060059
2025-04-15,USDJPY=X,7.729897499084473
2025-04-16,USDJPY=X,1.1810383796691895
2025-04-17,USDJPY=X,6.915241241455078
2025-04-22,USDJPY=X,6.446966648101807
2025-04-23,USDJPY=X,2.0596563816070557
2025-04-24,USDJPY=X,3.5594866275787354
2025-04-25,USDJPY=X,1.6368266344070435
2025-04-28,USDJPY=X,9.581775665283203
2025-04-29,USDJPY=X,-0.10999734699726105
2025-04-30,USDJPY=X,5.676418304443359
2025-05-01,USDJPY=X,2.0531625747680664
2025-05-02,USDJPY=X,6.3513503074646
2025-05-05,USDJPY=X,3.1847755908966064
2025-05-06,USDJPY=X,1.6388435363769531
2025-05-07,USDJPY=X,5.2268548011779785
2025-05-08,USDJPY=X,4.7428202629089355
2025-05-09,USDJPY=X,4.674291610717773
2025-05-12,USDJPY=X,1.5495030879974365
2025-05-13,USDJPY=X,-0.28734326362609863
2025-05-14,USDJPY=X,3.2576634883880615
2025-05-15,USDJPY=X,6.478519916534424
2025-05-16,USDJPY=X,11.398303985595703
2025-05-19,USDJPY=X,11.771958351135254
2025-05-20,USDJPY=X,4.361569881439209
2025-05-21,USDJPY=X,-2.349135398864746
2025-05-22,USDJPY=X,-2.6160662174224854
2025-05-23,USDJPY=X,9.138598442077637
2025-05-26,USDJPY=X,11.543434143066406
2025-05-27,USDJPY=X,11.376968383789062
2025-05-28,USDJPY=X,10.60830020904541
2025-05-29,USDJPY=X,-6.391022205352783
2025-05-30,USDJPY=X,-8.472929000854492
2025-06-02,USDJPY=X,5.761982440948486
2025-06-03,USDJPY=X,6.320634365081787
2025-06-04,USDJPY=X,3.575648546218872
2025-06-05,USDJPY=X,0.8221442103385925
2025-06-06,USDJPY=X,5.741199016571045
2025-06-09,USDJPY=X,5.222792625427246
2025-06-10,USDJPY=X,2.4404382705688477
2025-06-11,USDJPY=X,0.513716459274292
2025-06-12,USDJPY=X,7.147036552429199
2025-06-13,USDJPY=X,7.147558689117432
2025-06-16,USDJPY=X,10.789139747619629
2025-06-17,USDJPY=X,8.718050003051758
2025-06-18,USDJPY=X,1.6057610511779785
2025-06-19,USDJPY=X,3.0802292823791504
2025-06-20,USDJPY=X,9.730374336242676
2025-06-23,USDJPY=X,-2.0929343700408936
2025-06-24,USDJPY=X,4.652359962463379
2025-06-25,USDJPY=X,6.871315002441406
2025-06-26,USDJPY=X,7.522823810577393
2025-06-27,USDJPY=X,8.194005012512207
2025-02-26,META,4.320192337036133
2025-02-27,META,2.036255359649658
2025-02-28,META,4.392333030700684
2025-03-03,META,4.470389366149902
2025-03-04,META,4.356524467468262
2025-03-05,META,3.7160112857818604
2025-03-06,META,1.199242353439331
2025-03-07,META,1.3444052934646606
2025-03-10,META,2.75711727142334
2025-03-11,META,2.8285906314849854
2025-03-12,META,1.8843778371810913
2025-03-13,META,2.0216052532196045
2025-03-14,META,3.1342554092407227
2025-03-17,META,1.940917730331421
2025-03-18,META,2.029315948486328
2025-03-19,META,1.8485075235366821
2025-03-20,META,2.221683979034424
2025-03-21,META,2.3182897567749023
2025-03-24,META,1.076823353767395
2025-03-25,META,1.2001841068267822
2025-03-26,META,0.5922458171844482
2025-03-27,META,2.639695644378662
2025-03-28,META,3.29995059967041
2025-03-31,META,3.533916473388672
2025-04-01,META,3.554579734802246
2025-04-02,META,1.1117138862609863
2025-04-03,META,-0.3018262982368469
2025-04-04,META,3.413874626159668
2025-04-07,META,2.5996997356414795
2025-04-08,META,0.40191197395324707
2025-04-09,META,1.002737283706665
2025-04-10,META,-1.3554120063781738
2025-04-11,META,2.677868366241455
2025-04-14,META,2.387608051300049
2025-04-15,META,1.3337228298187256
2025-04-16,META,2.333631753921509
2025-04-17,META,3.020359516143799
2025-04-21,META,2.323859691619873
2025-04-22,META,0.6428272128105164
2025-04-23,META,1.4176857471466064
2025-04-24,META,1.9736363887786865
2025-04-25,META,1.2043075561523438
2025-04-28,META,2.1911394596099854
2025-04-29,META,0.27943155169487
2025-04-30,META,1.8614588975906372
2025-05-01,META,1.495652675628662
2025-05-02,META,2.0929064750671387
2025-05-05,META,1.949702262878418
2025-05-06,META,1.8543322086334229
2025-05-07,META,1.8540946245193481
2025-05-08,META,2.0396924018859863
2025-05-09,META,1.6544841527938843
2025-05-12,META,1.6051102876663208
2025-05-13,META,0.7601251602172852
2025-05-14,META,-0.736101508140564
2025-05-15,META,2.2681925296783447
2025-05-16,META,2.7613420486450195
2025-05-19,META,2.570126533508301
2025-05-20,META,1.8406295776367188
2025-05-21,META,0.9074372053146362
2025-05-22,META,2.3365654945373535
2025-05-23,META,2.6997759342193604
2025-05-27,META,2.5712924003601074
2025-05-28,META,2.589905261993408
2025-05-29,META,2.68280291557312
2025-05-30,META,2.276474952697754
2025-06-02,META,2.15523624420166
2025-06-03,META,1.7260289192199707
2025-06-04,META,2.5296499729156494
2025-06-05,META,2.435765266418457
2025-06-06,META,2.783090353012085
2025-06-09,META,3.0446932315826416
2025-06-10,META,2.985908031463623
2025-06-11,META,2.7520456314086914
2025-06-12,META,3.241520643234253
2025-06-13,META,2.495011329650879
2025-06-16,META,2.4703121185302734
2025-06-17,META,1.993218183517456
2025-06-18,META,3.1816980838775635
2025-06-20,META,3.1452810764312744
2025-06-23,META,3.099052906036377
2025-06-24,META,1.1614335775375366
2025-06-25,META,1.0097551345825195
2025-06-26,META,2.761378288269043
2025-06-27,META,2.602952718734741
2025-02-26,AMZN,1.936233401298523
2025-02-27,AMZN,3.544243812561035
2025-02-28,AMZN,2.5229790210723877
2025-03-03,AMZN,1.4890974760055542
2025-03-04,AMZN,1.6560208797454834
2025-03-05,AMZN,0.7784097790718079
2025-03-06,AMZN,1.0892220735549927
2025-03-07,AMZN,1.9109082221984863
2025-03-10,AMZN,2.101466178894043
2025-03-11,AMZN,1.7004202604293823
2025-03-12,AMZN,2.1307079792022705
2025-03-13,AMZN,2.067291021347046
2025-03-14,AMZN,1.8831244707107544
2025-03-17,AMZN,1.3027503490447998
2025-03-18,AMZN,1.9091352224349976
2025-03-19,AMZN,1.338714599609375
2025-03-20,AMZN,1.8327072858810425
2025-03-21,AMZN,1.7311110496520996
2025-03-24,AMZN,0.9087936282157898
2025-03-25,AMZN,0.6281453967094421
2025-03-26,AMZN,0.22314879298210144
2025-03-27,AMZN,2.6285250186920166
2025-03-28,AMZN,3.0234792232513428
2025-03-31,AMZN,4.048924922943115
2025-04-01,AMZN,3.605648994445801
2025-04-02,AMZN,0.7452983260154724
2025-04-03,AMZN,-1.362779974937439
2025-04-04,AMZN,3.97650146484375
2025-04-07,AMZN,3.2331039905548096
2025-04-08,AMZN,-1.3158611059188843
2025-04-09,AMZN,1.4111483097076416
2025-04-10,AMZN,-0.6353829503059387
2025-04-11,AMZN,3.3097801208496094
2025-04-14,AMZN,2.146998405456543
2025-04-15,AMZN,1.3810399770736694
2025-04-16,AMZN,2.2836005687713623
2025-04-17,AMZN,3.290900707244873
2025-04-21,AMZN,3.047459840774536
2025-04-22,AMZN,0.15657219290733337
2025-04-23,AMZN,1.6166197061538696
2025-04-24,AMZN,2.1039693355560303
2025-04-25,AMZN,0.6621712446212769
2025-04-28,AMZN,2.3663489818573
2025-04-29,AMZN,0.584991455078125
2025-04-30,AMZN,3.105232000350952
2025-05-01,AMZN,2.5562431812286377
2025-05-02,AMZN,2.6492345333099365
2025-05-05,AMZN,2.3670287132263184
2025-05-06,AMZN,2.430778980255127
2025-05-07,AMZN,1.1627413034439087
2025-05-08,AMZN,0.6075118780136108
2025-05-09,AMZN,0.9302784204483032
2025-05-12,AMZN,0.9264972805976868
2025-05-13,AMZN,0.2185841053724289
2025-05-14,AMZN,0.7786092758178711
2025-05-15,AMZN,2.2535600662231445
2025-05-16,AMZN,3.397280693054199
2025-05-19,AMZN,3.020900011062622
2025-05-20,AMZN,1.6108144521713257
2025-05-21,AMZN,1.5782288312911987
2025-05-22,AMZN,3.2394919395446777
2025-05-23,AMZN,2.879149913787842
2025-05-27,AMZN,2.2994983196258545
2025-05-28,AMZN,3.0717051029205322
2025-05-29,AMZN,2.699927806854248
2025-05-30,AMZN,0.5683214664459229
2025-06-02,AMZN,0.3416009247303009
2025-06-03,AMZN,2.261492967605591
2025-06-04,AMZN,2.747731924057007
2025-06-05,AMZN,2.1529407501220703
2025-06-06,AMZN,2.0344836711883545
2025-06-09,AMZN,2.5644590854644775
2025-06-10,AMZN,2.431373119354248
2025-06-11,AMZN,2.6889002323150635
2025-06-12,AMZN,3.8637478351593018
2025-06-13,AMZN,2.7489888668060303
2025-06-16,AMZN,2.665580987930298
2025-06-17,AMZN,0.21504811942577362
2025-06-18,AMZN,3.169386863708496
2025-06-20,AMZN,3.1963109970092773
2025-06-23,AMZN,2.5540432929992676
2025-06-24,AMZN,3.3196229934692383
2025-06-25,AMZN,2.537497043609619
2025-06-26,AMZN,0.7440734505653381
2025-06-27,AMZN,-1.8462663888931274
2025-07-23,USDJPY=X,2.575796365737915
2025-07-24,USDJPY=X,11.781001091003418
2025-07-25,USDJPY=X,-4.642223358154297
2025-07-28,USDJPY=X,-12.36526870727539
2025-07-29,USDJPY=X,2.725170612335205
2025-07-30,USDJPY=X,1.5194647312164307
2025-07-31,USDJPY=X,-0.947458028793335
2025-08-01,USDJPY=X,-3.17071533203125
2025-08-04,USDJPY=X,-9.156810760498047
2025-08-05,USDJPY=X,5.398613452911377
2025-08-06,USDJPY=X,9.99168586730957
2025-08-07,USDJPY=X,-5.730927467346191
2025-08-08,USDJPY=X,0.5298724174499512
2025-08-11,USDJPY=X,13.201835632324219
2025-08-12,USDJPY=X,0.4033699333667755
2025-08-13,USDJPY=X,-4.660469055175781
2025-08-14,USDJPY=X,-4.990880489349365
2025-08-15,USDJPY=X,-3.580897569656372
2025-08-18,USDJPY=X,2.0636537075042725
2025-08-19,USDJPY=X,8.8187255859375
2025-08-20,USDJPY=X,5.5097575187683105
2025-08-21,USDJPY=X,6.429890155792236
2025-08-22,USDJPY=X,9.24068546295166
2025-08-25,USDJPY=X,-10.492165565490723
2025-08-26,USDJPY=X,-0.7602114081382751
2025-08-27,USDJPY=X,5.146471977233887
2025-08-28,USDJPY=X,1.049415946006775
2025-08-29,USDJPY=X,-9.95901870727539
2025-09-01,USDJPY=X,2.274897813796997
2025-09-02,USDJPY=X,-6.190385818481445
2025-09-03,USDJPY=X,-3.628852128982544
2025-09-04,USDJPY=X,-9.396920204162598
2025-09-05,USDJPY=X,-2.569121837615967
2025-09-08,USDJPY=X,8.399438858032227
2025-09-09,USDJPY=X,-6.38602876663208
2025-09-10,USDJPY=X,7.539261341094971
2025-09-11,USDJPY=X,4.1235270500183105
2025-09-12,USDJPY=X,-1.364034652709961
2025-09-15,USDJPY=X,7.5421342849731445
2025-09-16,USDJPY=X,3.416867971420288
2025-09-17,USDJPY=X,-2.28869891166687
2025-09-18,USDJPY=X,8.981866836547852
2025-09-19,USDJPY=X,6.129397869110107
2025-09-22,USDJPY=X,-10.178094863891602
2025-09-23,USDJPY=X,0.4450118839740753
2025-09-24,USDJPY=X,0.1845601201057434
2025-09-25,USDJPY=X,6.083118915557861
2025-09-26,USDJPY=X,5.543764114379883
2025-09-29,USDJPY=X,-4.42813777923584
2025-09-30,USDJPY=X,9.94022274017334
2025-10-01,USDJPY=X,12.215937614440918
2025-10-02,USDJPY=X,-11.946694374084473
2025-10-03,USDJPY=X,-13.20044231414795
2025-10-06,USDJPY=X,13.907676696777344
2025-10-07,USDJPY=X,4.437674045562744
2025-10-08,USDJPY=X,-10.537086486816406
2025-10-09,USDJPY=X,-0.5415980815887451
2025-10-10,USDJPY=X,-5.5598883628845215
2025-10-13,USDJPY=X,-2.3043603897094727
2025-10-14,USDJPY=X,4.757854461669922
2025-10-15,USDJPY=X,0.7553794384002686
2025-10-16,USDJPY=X,5.071916103363037
2025-10-17,USDJPY=X,13.939210891723633
2025-10-20,USDJPY=X,9.999530792236328
2025-10-21,USDJPY=X,11.393620491027832
2025-10-22,USDJPY=X,10.900533676147461
2025-10-23,USDJPY=X,-9.833674430847168
2025-10-24,USDJPY=X,-4.649723529815674
2025-10-27,USDJPY=X,-4.770157337188721
2025-10-28,USDJPY=X,-6.880506992340088
2025-10-29,USDJPY=X,-0.2664790451526642
2025-10-30,USDJPY=X,7.755134105682373
2025-10-31,USDJPY=X,7.426454544067383
2025-11-03,USDJPY=X,-0.19321680068969727
2025-11-04,USDJPY=X,7.672945022583008
2025-11-05,USDJPY=X,7.5882673263549805
2025-11-06,USDJPY=X,5.742759704589844
2025-11-07,USDJPY=X,-8.928536415100098
2025-11-10,USDJPY=X,-0.7164075374603271
2025-11-11,USDJPY=X,7.1306867599487305
2025-11-12,USDJPY=X,-1.0099176168441772
2025-11-13,USDJPY=X,3.263432502746582
2025-11-14,USDJPY=X,-3.0544140338897705
2025-11-17,USDJPY=X,3.934582471847534
2025-11-18,USDJPY=X,3.845649480819702
2025-11-19,USDJPY=X,-7.41137170791626
2025-11-20,USDJPY=X,0.49033471941947937
2025-11-21,USDJPY=X,7.433238506317139
2025-11-24,USDJPY=X,3.7817776203155518
2025-11-25,USDJPY=X,6.618711948394775
2025-11-26,USDJPY=X,1.753556728363037
2025-11-27,USDJPY=X,-8.906516075134277
2025-07-23,INFY.NS,0.31243473291397095
2025-07-24,INFY.NS,2.1745941638946533
2025-07-25,INFY.NS,2.404406785964966
2025-07-28,INFY.NS,2.9756407737731934
2025-07-29,INFY.NS,3.878038167953491
2025-07-30,INFY.NS,4.173011779785156
2025-07-31,INFY.NS,4.424098491668701
2025-08-01,INFY.NS,3.415375232696533
2025-08-04,INFY.NS,-0.33602288365364075
2025-08-05,INFY.NS,2.2443015575408936
2025-08-06,INFY.NS,1.1635074615478516
2025-08-07,INFY.NS,1.7092819213867188
2025-08-08,INFY.NS,1.8322287797927856
2025-08-11,INFY.NS,-1.385562539100647
2025-08-12,INFY.NS,0.9980876445770264
2025-08-13,INFY.NS,2.143508195877075
2025-08-14,INFY.NS,0.9995405673980713
2025-08-18,INFY.NS,-0.33135613799095154
2025-08-19,INFY.NS,-1.3621571063995361
2025-08-20,INFY.NS,-1.9709851741790771
2025-08-21,INFY.NS,0.7544888257980347
2025-08-22,INFY.NS,-2.0985124111175537
2025-08-25,INFY.NS,-1.1771504878997803
2025-08-26,INFY.NS,1.0138306617736816
2025-08-28,INFY.NS,-1.1823768615722656
2025-08-29,INFY.NS,2.941937208175659
2025-09-01,INFY.NS,3.64542555809021
2025-09-02,INFY.NS,-2.7703659534454346
2025-09-03,INFY.NS,-2.1107518672943115
2025-09-04,INFY.NS,-0.4082874059677124
2025-09-05,INFY.NS,2.152863025665283
2025-09-08,INFY.NS,1.8277052640914917
2025-09-09,INFY.NS,-3.711641550064087
2025-09-10,INFY.NS,-3.9305858612060547
2025-09-11,INFY.NS,-0.7121303081512451
2025-09-12,INFY.NS,2.2150766849517822
2025-09-15,INFY.NS,-2.870182514190674
2025-09-16,INFY.NS,-1.8128845691680908
2025-09-17,INFY.NS,3.8947489261627197
2025-09-18,INFY.NS,2.4505419731140137
2025-09-19,INFY.NS,-0.23568278551101685
2025-09-22,INFY.NS,1.771034598350525
2025-09-23,INFY.NS,1.6481486558914185
2025-09-24,INFY.NS,3.781294584274292
2025-09-25,INFY.NS,4.253179550170898
2025-09-26,INFY.NS,-2.377612590789795
2025-09-29,INFY.NS,1.2278975248336792
2025-09-30,INFY.NS,0.36927860975265503
2025-10-01,INFY.NS,-2.6007421016693115
2025-10-03,INFY.NS,1.1477411985397339
2025-10-06,INFY.NS,3.5418519973754883
2025-10-07,INFY.NS,2.065237283706665
2025-10-08,INFY.NS,0.2748798131942749
2025-10-09,INFY.NS,-3.488520622253418
2025-10-10,INFY.NS,-0.8923797607421875
2025-10-13,INFY.NS,1.316016435623169
2025-10-14,INFY.NS,3.0831127166748047
2025-10-15,INFY.NS,4.717268943786621
2025-10-16,INFY.NS,4.509475231170654
2025-10-17,INFY.NS,-2.2373764514923096
2025-10-20,INFY.NS,-1.4058510065078735
2025-10-21,INFY.NS,-3.233813762664795
2025-10-23,INFY.NS,-3.472071647644043
2025-10-24,INFY.NS,-4.4504313468933105
2025-10-27,INFY.NS,1.7092902660369873
2025-10-28,INFY.NS,2.7354564666748047
2025-10-29,INFY.NS,1.660640001296997
2025-10-30,INFY.NS,0.5928114652633667
2025-10-31,INFY.NS,2.628486394882202
2025-11-03,INFY.NS,5.124634742736816
2025-11-04,INFY.NS,1.371569275856018
2025-11-06,INFY.NS,1.2265753746032715
2025-11-07,INFY.NS,4.7067718505859375
2025-11-10,INFY.NS,0.7202478051185608
2025-11-11,INFY.NS,-0.8439787030220032
2025-11-12,INFY.NS,-5.5401458740234375
2025-11-13,INFY.NS,-3.369718074798584
2025-11-14,INFY.NS,-1.5487347841262817
2025-11-17,INFY.NS,3.1741034984588623
2025-11-18,INFY.NS,1.5307252407073975
2025-11-19,INFY.NS,5.162219047546387
2025-11-20,INFY.NS,4.408638954162598
2025-11-21,INFY.NS,2.315486192703247
2025-11-24,INFY.NS,4.300256252288818
2025-11-25,INFY.NS,1.445408821105957
2025-11-26,INFY.NS,3.424562692642212
2025-11-27,INFY.NS,-0.8543163537979126
2025-07-24,IWM,-0.3972773849964142
2025-07-25,IWM,1.9925860166549683
2025-07-28,IWM,-0.3701012134552002
2025-07-29,IWM,-0.7428322434425354
2025-07-30,IWM,0.5812656283378601
2025-07-31,IWM,-1.4088051319122314
2025-08-01,IWM,0.7894395589828491
2025-08-04,IWM,2.8542230129241943
2025-08-05,IWM,-5.704836368560791
2025-08-06,IWM,-3.811702251434326
2025-08-07,IWM,1.87267005443573
2025-08-08,IWM,-1.1237717866897583
2025-08-11,IWM,-0.3658161759376526
2025-08-12,IWM,1.004995584487915
2025-08-13,IWM,2.1473228931427
2025-08-14,IWM,0.6346148252487183
2025-08-15,IWM,4.208888530731201
2025-08-18,IWM,4.8076982498168945
2025-08-19,IWM,0.8557628393173218
2025-08-20,IWM,3.5152266025543213
2025-08-21,IWM,-4.476228713989258
2025-08-22,IWM,-0.9290463328361511
2025-08-25,IWM,-0.6451659202575684
2025-08-26,IWM,1.7740118503570557
2025-08-27,IWM,4.2264299392700195
2025-08-28,IWM,3.3778231143951416
2025-08-29,IWM,-3.0670220851898193
2025-09-02,IWM,-2.949784278869629
2025-09-03,IWM,3.584317922592163
2025-09-04,IWM,5.372072696685791
2025-09-05,IWM,1.4585902690887451
2025-09-08,IWM,1.361419677734375
2025-09-09,IWM,3.888819456100464
2025-09-10,IWM,3.877852201461792
2025-09-11,IWM,-3.7011420726776123
2025-09-12,IWM,-3.409574270248413
2025-09-15,IWM,2.5468578338623047
2025-09-16,IWM,0.5705933570861816
2025-09-17,IWM,0.8832579255104065
2025-09-18,IWM,3.268389940261841
2025-09-19,IWM,-0.2364712357521057
2025-09-22,IWM,4.253638744354248
2025-09-23,IWM,2.144548177719116
2025-09-24,IWM,-1.6902921199798584
2025-09-25,IWM,-3.085155963897705
2025-09-26,IWM,4.732915878295898
2025-09-29,IWM,2.3920888900756836
2025-09-30,IWM,1.1734424829483032
2025-10-01,IWM,3.8430469036102295
2025-10-02,IWM,1.3100892305374146
2025-10-03,IWM,-1.7014952898025513
2025-10-06,IWM,-3.115051507949829
2025-10-07,IWM,-4.4922685623168945
2025-10-08,IWM,2.289534568786621
2025-10-09,IWM,-0.6459877490997314
2025-10-10,IWM,-4.938405990600586
2025-10-13,IWM,5.83150053024292
2025-10-14,IWM,5.737253665924072
2025-10-15,IWM,-1.691683053970337
2025-10-16,IWM,4.146417140960693
2025-10-17,IWM,3.8928213119506836
2025-10-20,IWM,4.133674621582031
2025-10-21,IWM,-2.494297981262207
2025-10-22,IWM,-4.434855937957764
2025-10-23,IWM,6.38761568069458
2025-10-24,IWM,4.2839155197143555
2025-10-27,IWM,-6.318416595458984
2025-10-28,IWM,0.810049295425415
2025-10-29,IWM,1.9031169414520264
2025-10-30,IWM,5.885529518127441
2025-10-31,IWM,3.4057438373565674
2025-11-03,IWM,-4.541941165924072
2025-11-04,IWM,3.3927574157714844
2025-11-05,IWM,6.132684707641602
2025-11-06,IWM,-6.687746524810791
2025-11-07,IWM,-5.00838041305542
2025-11-10,IWM,3.9652764797210693
2025-11-11,IWM,-1.8849928379058838
2025-11-12,IWM,-3.0345537662506104
2025-11-13,IWM,0.3182763457298279
2025-11-14,IWM,3.272054433822632
2025-11-17,IWM,3.465282440185547
2025-11-18,IWM,3.420989513397217
2025-11-19,IWM,1.9919524192810059
2025-11-20,IWM,4.165539264678955
2025-11-21,IWM,2.2035861015319824
2025-11-24,IWM,-1.8902406692504883
2025-11-25,IWM,-4.572716236114502
2025-11-26,IWM,1.0104761123657227
2025-07-24,DX-Y.NYB,-15.883136749267578
2025-07-25,DX-Y.NYB,-8.114106178283691
2025-07-28,DX-Y.NYB,-7.450925350189209
2025-07-29,DX-Y.NYB,-2.929575204849243
2025-07-30,DX-Y.NYB,5.550984859466553
2025-07-31,DX-Y.NYB,1.6676106452941895
2025-08-01,DX-Y.NYB,-11.81626033782959
2025-08-04,DX-Y.NYB,4.922526836395264
2025-08-05,DX-Y.NYB,14.00694751739502
2025-08-06,DX-Y.NYB,-7.291162967681885
2025-08-07,DX-Y.NYB,15.000713348388672
2025-08-08,DX-Y.NYB,16.764873504638672
2025-08-11,DX-Y.NYB,8.560230255126953
2025-08-12,DX-Y.NYB,-1.6294364929199219
2025-08-13,DX-Y.NYB,9.338203430175781
2025-08-14,DX-Y.NYB,10.675915718078613
2025-08-15,DX-Y.NYB,-3.211916923522949
2025-08-18,DX-Y.NYB,-2.8718066215515137
2025-08-19,DX-Y.NYB,4.010113716125488
2025-08-20,DX-Y.NYB,7.137548923492432
2025-08-21,DX-Y.NYB,4.324007034301758
2025-08-22,DX-Y.NYB,-6.846086025238037
2025-08-25,DX-Y.NYB,4.446798324584961
2025-08-26,DX-Y.NYB,5.719414710998535
2025-08-27,DX-Y.NYB,-3.8841946125030518
2025-08-28,DX-Y.NYB,-9.038064002990723
2025-08-29,DX-Y.NYB,5.075303554534912
2025-09-02,DX-Y.NYB,-3.397263765335083
2025-09-03,DX-Y.NYB,3.518655300140381
2025-09-04,DX-Y.NYB,-11.622381210327148
2025-09-05,DX-Y.NYB,6.945953845977783
2025-09-08,DX-Y.NYB,14.51960563659668
2025-09-09,DX-Y.NYB,2.523048162460327
2025-09-10,DX-Y.NYB,5.257424831390381
2025-09-11,DX-Y.NYB,4.052534103393555
2025-09-12,DX-Y.NYB,6.252966403961182
2025-09-15,DX-Y.NYB,12.877687454223633
2025-09-16,DX-Y.NYB,-10.640990257263184
2025-09-17,DX-Y.NYB,10.199152946472168
2025-09-18,DX-Y.NYB,14.933769226074219
2025-09-19,DX-Y.NYB,-10.94282341003418
2025-09-22,DX-Y.NYB,-0.353525847196579
2025-09-23,DX-Y.NYB,-1.868067979812622
2025-09-24,DX-Y.NYB,-6.752285957336426
2025-09-25,DX-Y.NYB,-2.48883318901062
2025-09-26,DX-Y.NYB,-13.676457405090332
2025-09-29,DX-Y.NYB,5.5863165855407715
2025-09-30,DX-Y.NYB,13.848624229431152
2025-10-01,DX-Y.NYB,12.402486801147461
2025-10-02,DX-Y.NYB,9.260973930358887
2025-10-03,DX-Y.NYB,15.273015022277832
2025-10-06,DX-Y.NYB,7.415341854095459
2025-10-07,DX-Y.NYB,-11.488088607788086
2025-10-08,DX-Y.NYB,-17.945219039916992
2025-10-09,DX-Y.NYB,4.9828619956970215
2025-10-10,DX-Y.NYB,9.050444602966309
2025-10-13,DX-Y.NYB,8.773134231567383
2025-10-14,DX-Y.NYB,-4.825891017913818
2025-10-15,DX-Y.NYB,2.967909574508667
2025-10-16,DX-Y.NYB,10.983213424682617
2025-10-17,DX-Y.NYB,16.69722557067871
2025-10-20,DX-Y.NYB,7.063922882080078
2025-10-21,DX-Y.NYB,-0.6002278327941895
2025-10-22,DX-Y.NYB,6.141209602355957
2025-10-23,DX-Y.NYB,3.7850911617279053
2025-10-24,DX-Y.NYB,-2.524231195449829
2025-10-27,DX-Y.NYB,-8.520020484924316
2025-10-28,DX-Y.NYB,-2.4842848777770996
2025-10-29,DX-Y.NYB,8.97458267211914
2025-10-30,DX-Y.NYB,5.005192756652832
2025-10-31,DX-Y.NYB,0.856925904750824
2025-11-03,DX-Y.NYB,-1.7731850147247314
2025-11-04,DX-Y.NYB,2.334628105163574
2025-11-05,DX-Y.NYB,0.8166373372077942
2025-11-06,DX-Y.NYB,-6.74517822265625
2025-11-07,DX-Y.NYB,-9.241647720336914
2025-11-10,DX-Y.NYB,-6.703307628631592
2025-11-11,DX-Y.NYB,3.417851209640503
2025-11-12,DX-Y.NYB,8.893352508544922
2025-11-13,DX-Y.NYB,11.84557056427002
2025-11-14,DX-Y.NYB,10.463834762573242
2025-11-17,DX-Y.NYB,-6.937125205993652
2025-11-18,DX-Y.NYB,-16.600629806518555
2025-11-19,DX-Y.NYB,-8.651138305664062
2025-11-20,DX-Y.NYB,-12.957014083862305
2025-11-21,DX-Y.NYB,-12.848323822021484
2025-11-24,DX-Y.NYB,-11.66649055480957
2025-11-25,DX-Y.NYB,-3.7031211853027344
2025-11-26,DX-Y.NYB,9.602924346923828
2025-07-24,AAPL,-1.0862313508987427
2025-07-25,AAPL,2.0150487422943115
2025-07-28,AAPL,0.6562827229499817
2025-07-29,AAPL,-2.127777576446533
2025-07-30,AAPL,0.5656373500823975
2025-07-31,AAPL,1.0499945878982544
2025-08-01,AAPL,-1.0689643621444702
2025-08-04,AAPL,-1.9461314678192139
2025-08-05,AAPL,2.9170994758605957
2025-08-06,AAPL,-3.0757737159729004
2025-08-07,AAPL,-3.2859325408935547
2025-08-08,AAPL,-2.6782689094543457
2025-08-11,AAPL,-0.34743040800094604
2025-08-12,AAPL,-0.36909425258636475
2025-08-13,AAPL,3.421347141265869
2025-08-14,AAPL,3.89188289642334
2025-08-15,AAPL,4.129143714904785
2025-08-18,AAPL,3.8265769481658936
2025-08-19,AAPL,3.1637752056121826
2025-08-20,AAPL,3.079721212387085
2025-08-21,AAPL,3.520122528076172
2025-08-22,AAPL,3.489670753479004
2025-08-25,AAPL,-0.6753614544868469
2025-08-26,AAPL,-2.018481969833374
2025-08-27,AAPL,-3.1006579399108887
2025-08-28,AAPL,-0.1405131071805954
2025-08-29,AAPL,0.43726927042007446
2025-09-02,AAPL,-0.4742810130119324
2025-09-03,AAPL,2.167553424835205
2025-09-04,AAPL,-0.024157553911209106
2025-09-05,AAPL,-0.0922681987285614
2025-09-08,AAPL,0.24660718441009521
2025-09-09,AAPL,0.8714662790298462
2025-09-10,AAPL,0.1835871785879135
2025-09-11,AAPL,1.5485743284225464
2025-09-12,AAPL,1.8133773803710938
2025-09-15,AAPL,2.0292649269104004
2025-09-16,AAPL,1.8694405555725098
2025-09-17,AAPL,1.223099708557129
2025-09-18,AAPL,-0.27974221110343933
2025-09-19,AAPL,-1.4109350442886353
2025-09-22,AAPL,-2.1541597843170166
2025-09-23,AAPL,-0.2600657045841217
2025-09-24,AAPL,3.8080809116363525
2025-09-25,AAPL,3.132032632827759
2025-09-26,AAPL,1.2737528085708618
2025-09-29,AAPL,3.9483840465545654
2025-09-30,AAPL,3.9132535457611084
2025-10-01,AAPL,0.6843048930168152
2025-10-02,AAPL,1.6167809963226318
2025-10-03,AAPL,0.17487187683582306
2025-10-06,AAPL,0.7403469681739807
2025-10-07,AAPL,2.845701217651367
2025-10-08,AAPL,1.278914213180542
2025-10-09,AAPL,-3.2191646099090576
2025-10-10,AAPL,0.29382625222206116
2025-10-13,AAPL,2.510856866836548
2025-10-14,AAPL,0.45606479048728943
2025-10-15,AAPL,-0.32080286741256714
2025-10-16,AAPL,2.464571952819824
2025-10-17,AAPL,2.263963222503662
2025-10-20,AAPL,0.18273477256298065
2025-10-21,AAPL,-2.123626232147217
2025-10-22,AAPL,-2.381105899810791
2025-10-23,AAPL,-0.001308622071519494
2025-10-24,AAPL,3.2107527256011963
2025-10-27,AAPL,3.456244945526123
2025-10-28,AAPL,2.9938108921051025
2025-10-29,AAPL,4.539405345916748
2025-10-30,AAPL,4.09525203704834
2025-10-31,AAPL,-0.405609130859375
2025-11-03,AAPL,-2.433952808380127
2025-11-04,AAPL,3.2704193592071533
2025-11-05,AAPL,4.402069568634033
2025-11-06,AAPL,-4.69746208190918
2025-11-07,AAPL,-2.153169870376587
2025-11-10,AAPL,2.48002290725708
2025-11-11,AAPL,2.1418941020965576
2025-11-12,AAPL,-1.1599211692810059
2025-11-13,AAPL,-1.7877633571624756
2025-11-14,AAPL,0.09757672995328903
2025-11-17,AAPL,0.49658870697021484
2025-11-18,AAPL,1.771823763847351
2025-11-19,AAPL,2.051039457321167
2025-11-20,AAPL,-0.9047732353210449
2025-11-21,AAPL,3.2917473316192627
2025-11-24,AAPL,2.7046730518341064
2025-11-25,AAPL,-0.890762209892273
2025-11-26,AAPL,-0.6129299402236938
2025-07-23,RELIANCE.NS,3.7076756954193115
2025-07-24,RELIANCE.NS,-0.423167884349823
2025-07-25,RELIANCE.NS,4.304382801055908
2025-07-28,RELIANCE.NS,5.959933280944824
2025-07-29,RELIANCE.NS,3.6095621585845947
2025-07-30,RELIANCE.NS,4.20534610748291
2025-07-31,RELIANCE.NS,2.220470666885376
2025-08-01,RELIANCE.NS,2.4719765186309814
2025-08-04,RELIANCE.NS,1.621247410774231
2025-08-05,RELIANCE.NS,2.7504329681396484
2025-08-06,RELIANCE.NS,2.401428461074829
2025-08-07,RELIANCE.NS,4.922928810119629
2025-08-08,RELIANCE.NS,3.432199001312256
2025-08-11,RELIANCE.NS,-2.302297592163086
2025-08-12,RELIANCE.NS,0.40641316771507263
2025-08-13,RELIANCE.NS,1.3989167213439941
2025-08-14,RELIANCE.NS,-0.14695459604263306
2025-08-18,RELIANCE.NS,-2.4968361854553223
2025-08-19,RELIANCE.NS,-4.92564058303833
2025-08-20,RELIANCE.NS,-3.391695976257324
2025-08-21,RELIANCE.NS,-4.659188270568848
2025-08-22,RELIANCE.NS,3.4773895740509033
2025-08-25,RELIANCE.NS,4.1895751953125
2025-08-26,RELIANCE.NS,-0.07389361411333084
2025-08-28,RELIANCE.NS,3.9069888591766357
2025-08-29,RELIANCE.NS,-5.841700077056885
2025-09-01,RELIANCE.NS,-3.8724730014801025
2025-09-02,RELIANCE.NS,-2.6659271717071533
2025-09-03,RELIANCE.NS,-5.863694667816162
2025-09-04,RELIANCE.NS,-1.8533298969268799
2025-09-05,RELIANCE.NS,1.9114961624145508
2025-09-08,RELIANCE.NS,-3.9555654525756836
2025-09-09,RELIANCE.NS,0.6143466830253601
2025-09-10,RELIANCE.NS,-3.0344669818878174
2025-09-11,RELIANCE.NS,2.4894466400146484
2025-09-12,RELIANCE.NS,2.077255964279175
2025-09-15,RELIANCE.NS,3.7255849838256836
2025-09-16,RELIANCE.NS,0.5358425974845886
2025-09-17,RELIANCE.NS,4.680717468261719
2025-09-18,RELIANCE.NS,3.810041666030884
2025-09-19,RELIANCE.NS,-4.461843967437744
2025-09-22,RELIANCE.NS,-1.4365249872207642
2025-09-23,RELIANCE.NS,2.3492672443389893
2025-09-24,RELIANCE.NS,-3.8015217781066895
2025-09-25,RELIANCE.NS,-6.314521312713623
2025-09-26,RELIANCE.NS,-0.4280693233013153
2025-09-29,RELIANCE.NS,-4.523512363433838
2025-09-30,RELIANCE.NS,-4.35092306137085
2025-10-01,RELIANCE.NS,-4.398577690124512
2025-10-03,RELIANCE.NS,-3.827767848968506
2025-10-06,RELIANCE.NS,0.30883264541625977
2025-10-07,RELIANCE.NS,-0.3767198324203491
2025-10-08,RELIANCE.NS,-1.9595263004302979
2025-10-09,RELIANCE.NS,2.6240146160125732
2025-10-10,RELIANCE.NS,1.95901358127594
2025-10-13,RELIANCE.NS,-2.0301294326782227
2025-10-14,RELIANCE.NS,2.219538688659668
2025-10-15,RELIANCE.NS,4.246288299560547
2025-10-16,RELIANCE.NS,-2.346975088119507
2025-10-17,RELIANCE.NS,0.21128594875335693
2025-10-20,RELIANCE.NS,-4.534832000732422
2025-10-21,RELIANCE.NS,-3.070344924926758
2025-10-23,RELIANCE.NS,6.28374719619751
2025-10-24,RELIANCE.NS,2.5281574726104736
2025-10-27,RELIANCE.NS,-0.37318137288093567
2025-10-28,RELIANCE.NS,-3.8162999153137207
2025-10-29,RELIANCE.NS,3.887977361679077
2025-10-30,RELIANCE.NS,4.402841567993164
2025-10-31,RELIANCE.NS,4.440613746643066
2025-11-03,RELIANCE.NS,2.708052396774292
2025-11-04,RELIANCE.NS,3.944624185562134
2025-11-06,RELIANCE.NS,5.029813766479492
2025-11-07,RELIANCE.NS,0.39078274369239807
2025-11-10,RELIANCE.NS,-5.745556354522705
2025-11-11,RELIANCE.NS,-1.4212725162506104
2025-11-12,RELIANCE.NS,2.5232129096984863
2025-11-13,RELIANCE.NS,1.4582414627075195
2025-11-14,RELIANCE.NS,-2.9583053588867188
2025-11-17,RELIANCE.NS,0.14965809881687164
2025-11-18,RELIANCE.NS,-1.2905257940292358
2025-11-19,RELIANCE.NS,1.1650075912475586
2025-11-20,RELIANCE.NS,3.967719316482544
2025-11-21,RELIANCE.NS,3.276407480239868
2025-11-24,RELIANCE.NS,3.250278949737549
2025-11-25,RELIANCE.NS,3.478944778442383
2025-11-26,RELIANCE.NS,1.0680997371673584
2025-11-27,RELIANCE.NS,-3.82328200340271
2025-07-24,NVDA,1.003297209739685
2025-07-25,NVDA,0.8071704506874084
2025-07-28,NVDA,1.3458970785140991
2025-07-29,NVDA,0.3781175911426544
2025-07-30,NVDA,0.28707990050315857
2025-07-31,NVDA,0.28927409648895264
2025-08-01,NVDA,-0.1527300626039505
2025-08-04,NVDA,1.383660912513733
2025-08-05,NVDA,-0.493032842874527
2025-08-06,NVDA,0.17645107209682465
2025-08-07,NVDA,1.8030412197113037
2025-08-08,NVDA,1.273661494255066
2025-08-11,NVDA,0.37776103615760803
2025-08-12,NVDA,0.35650795698165894
2025-08-13,NVDA,-0.5542364716529846
2025-08-14,NVDA,0.5084646940231323
2025-08-15,NVDA,1.6425390243530273
2025-08-18,NVDA,-1.1081346273422241
2025-08-19,NVDA,0.4056020677089691
2025-08-20,NVDA,2.3501808643341064
2025-08-21,NVDA,1.9290356636047363
2025-08-22,NVDA,0.5540658831596375
2025-08-25,NVDA,-0.8916243314743042
2025-08-26,NVDA,-1.0384089946746826
2025-08-27,NVDA,-1.8929821252822876
2025-08-28,NVDA,-0.029821548610925674
2025-08-29,NVDA,0.3542253077030182
2025-09-02,NVDA,0.2214650958776474
2025-09-03,NVDA,2.3848602771759033
2025-09-04,NVDA,1.8071662187576294
2025-09-05,NVDA,-0.11771838366985321
2025-09-08,NVDA,2.7252659797668457
2025-09-09,NVDA,0.5666343569755554
2025-09-10,NVDA,-0.13386204838752747
2025-09-11,NVDA,-1.4776880741119385
2025-09-12,NVDA,-0.5359187722206116
2025-09-15,NVDA,-0.1869845986366272
2025-09-16,NVDA,2.9396603107452393
2025-09-17,NVDA,3.0115935802459717
2025-09-18,NVDA,3.2146410942077637
2025-09-19,NVDA,2.826909303665161
2025-09-22,NVDA,0.010042096488177776
2025-09-23,NVDA,-1.238686442375183
2025-09-24,NVDA,2.398343563079834
2025-09-25,NVDA,2.1510796546936035
2025-09-26,NVDA,0.8777920603752136
2025-09-29,NVDA,-0.08692236989736557
2025-09-30,NVDA,1.2063490152359009
2025-10-01,NVDA,1.999502420425415
2025-10-02,NVDA,-0.5123440027236938
2025-10-03,NVDA,0.9176254868507385
2025-10-06,NVDA,-0.7110196948051453
2025-10-07,NVDA,-0.8618793487548828
2025-10-08,NVDA,-0.8343340158462524
2025-10-09,NVDA,-3.058817148208618
2025-10-10,NVDA,2.005439281463623
2025-10-13,NVDA,2.692748546600342
2025-10-14,NVDA,0.5430589914321899
2025-10-15,NVDA,1.4177157878875732
2025-10-16,NVDA,2.5920960903167725
2025-10-17,NVDA,-0.374662846326828
2025-10-20,NVDA,-0.4925256371498108
2025-10-21,NVDA,0.12339716404676437
2025-10-22,NVDA,-0.5510593056678772
2025-10-23,NVDA,1.2594975233078003
2025-10-24,NVDA,0.19319333136081696
2025-10-27,NVDA,-2.082771062850952
2025-10-28,NVDA,-0.6304970979690552
2025-10-29,NVDA,1.23433518409729
2025-10-30,NVDA,0.6967818737030029
2025-10-31,NVDA,2.6636478900909424
2025-11-03,NVDA,2.6990389823913574
2025-11-04,NVDA,-2.2503697872161865
2025-11-05,NVDA,-1.549597144126892
2025-11-06,NVDA,0.893839955329895
2025-11-07,NVDA,0.7780126929283142
2025-11-10,NVDA,2.1086151599884033
2025-11-11,NVDA,0.3013085722923279
2025-11-12,NVDA,1.2659070491790771
2025-11-13,NVDA,2.3943493366241455
2025-11-14,NVDA,-0.9598254561424255
2025-11-17,NVDA,-0.5682591795921326
2025-11-18,NVDA,1.3073310852050781
2025-11-19,NVDA,2.7566890716552734
2025-11-20,NVDA,-0.11692597717046738
2025-11-21,NVDA,0.023395564407110214
2025-11-24,NVDA,2.078867197036743
2025-11-25,NVDA,1.4110432863235474
2025-11-26,NVDA,1.645141363143921
2025-07-24,EEM,2.7618587017059326
2025-07-25,EEM,3.6890928745269775
2025-07-28,EEM,0.11732202023267746
2025-07-29,EEM,-4.057398319244385
2025-07-30,EEM,-0.8955517411231995
2025-07-31,EEM,5.693742275238037
2025-08-01,EEM,4.753997325897217
2025-08-04,EEM,1.9026563167572021
2025-08-05,EEM,-5.899798393249512
2025-08-06,EEM,-3.813600778579712
2025-08-07,EEM,-3.630805253982544
2025-08-08,EEM,-5.62567138671875
2025-08-11,EEM,-3.334493398666382
2025-08-12,EEM,-0.915910005569458
2025-08-13,EEM,3.9704723358154297
2025-08-14,EEM,-0.7479568123817444
2025-08-15,EEM,6.733248710632324
2025-08-18,EEM,5.542740821838379
2025-08-19,EEM,-4.54573392868042
2025-08-20,EEM,5.603067874908447
2025-08-21,EEM,3.522566080093384
2025-08-22,EEM,5.57761812210083
2025-08-25,EEM,-1.5175048112869263
2025-08-26,EEM,-5.588537216186523
2025-08-27,EEM,2.191451072692871
2025-08-28,EEM,5.096534252166748
2025-08-29,EEM,-3.7123465538024902
2025-09-02,EEM,-3.032205104827881
2025-09-03,EEM,6.086970806121826
2025-09-04,EEM,5.047244071960449
2025-09-05,EEM,-4.117949485778809
2025-09-08,EEM,0.4311297833919525
2025-09-09,EEM,-2.340989589691162
2025-09-10,EEM,1.3630156517028809
2025-09-11,EEM,-5.729360580444336
2025-09-12,EEM,-1.7636988162994385
2025-09-15,EEM,5.913132190704346
2025-09-16,EEM,4.494225025177002
2025-09-17,EEM,-3.406130790710449
2025-09-18,EEM,6.0711894035339355
2025-09-19,EEM,6.1465535163879395
2025-09-22,EEM,4.999195575714111
2025-09-23,EEM,7.333257675170898
2025-09-24,EEM,0.48513495922088623
2025-09-25,EEM,-1.6821540594100952
2025-09-26,EEM,0.720439612865448
2025-09-29,EEM,-0.37229928374290466
2025-09-30,EEM,-4.102182388305664
2025-10-01,EEM,0.5263450741767883
2025-10-02,EEM,1.7245570421218872
2025-10-03,EEM,-0.5048227310180664
2025-10-06,EEM,-2.053964138031006
2025-10-07,EEM,-0.34167763590812683
2025-10-08,EEM,5.504639148712158
2025-10-09,EEM,-1.725811243057251
2025-10-10,EEM,-5.182886600494385
2025-10-13,EEM,3.786115884780884
2025-10-14,EEM,-7.322586536407471
2025-10-15,EEM,-4.218543529510498
2025-10-16,EEM,5.78657341003418
2025-10-17,EEM,-1.5969302654266357
2025-10-20,EEM,1.3168706893920898
2025-10-21,EEM,-4.54442834854126
2025-10-22,EEM,-1.6377222537994385
2025-10-23,EEM,4.107585906982422
2025-10-24,EEM,7.8487114906311035
2025-10-27,EEM,-3.0380778312683105
2025-10-28,EEM,7.196538925170898
2025-10-29,EEM,8.026155471801758
2025-10-30,EEM,-1.257102131843567
2025-10-31,EEM,4.589080333709717
2025-11-03,EEM,-4.375506401062012
2025-11-04,EEM,-7.320785045623779
2025-11-05,EEM,6.66785192489624
2025-11-06,EEM,-1.7210365533828735
2025-11-07,EEM,1.187913417816162
2025-11-10,EEM,4.451405048370361
2025-11-11,EEM,-2.2017581462860107
2025-11-12,EEM,-4.3058180809021
2025-11-13,EEM,0.029350919649004936
2025-11-14,EEM,2.015293836593628
2025-11-17,EEM,0.7656427621841431
2025-11-18,EEM,4.166251182556152
2025-11-19,EEM,4.8390421867370605
2025-11-20,EEM,-1.2503464221954346
2025-11-21,EEM,-0.26221615076065063
2025-11-24,EEM,-2.9487504959106445
2025-11-25,EEM,0.23969757556915283
2025-11-26,EEM,6.1201605796813965
2025-07-24,TLT,1.2306329011917114
2025-07-25,TLT,5.652143955230713
2025-07-28,TLT,7.297401428222656
2025-07-29,TLT,0.05212271213531494
2025-07-30,TLT,8.677145957946777
2025-07-31,TLT,-2.2492313385009766
2025-08-01,TLT,-2.2733676433563232
2025-08-04,TLT,-5.223092079162598
2025-08-05,TLT,2.169823408126831
2025-08-06,TLT,7.388875484466553
2025-08-07,TLT,0.44787025451660156
2025-08-08,TLT,-8.321769714355469
2025-08-11,TLT,5.37314510345459
2025-08-12,TLT,-5.602375030517578
2025-08-13,TLT,1.8676986694335938
2025-08-14,TLT,6.288504123687744
2025-08-15,TLT,-8.992361068725586
2025-08-18,TLT,1.7013497352600098
2025-08-19,TLT,3.83039927482605
2025-08-20,TLT,-7.0353851318359375
2025-08-21,TLT,-3.9035961627960205
2025-08-22,TLT,3.6342804431915283
2025-08-25,TLT,-0.014990893192589283
2025-08-26,TLT,-3.5001015663146973
2025-08-27,TLT,2.2460544109344482
2025-08-28,TLT,2.8805248737335205
2025-08-29,TLT,2.202404022216797
2025-09-02,TLT,1.1781185865402222
2025-09-03,TLT,2.106395721435547
2025-09-04,TLT,7.995189666748047
2025-09-05,TLT,1.2399340867996216
2025-09-08,TLT,-5.6760640144348145
2025-09-09,TLT,3.1760051250457764
2025-09-10,TLT,7.949917793273926
2025-09-11,TLT,5.760089874267578
2025-09-12,TLT,-1.7123653888702393
2025-09-15,TLT,2.5716936588287354
2025-09-16,TLT,7.901636600494385
2025-09-17,TLT,-7.434421539306641
2025-09-18,TLT,6.249098300933838
2025-09-19,TLT,9.635929107666016
2025-09-22,TLT,6.726358890533447
2025-09-23,TLT,5.617612838745117
2025-09-24,TLT,-9.199398040771484
2025-09-25,TLT,-5.993922233581543
2025-09-26,TLT,3.7741334438323975
2025-09-29,TLT,1.9815504550933838
2025-09-30,TLT,-4.301738262176514
2025-10-01,TLT,2.365424156188965
2025-10-02,TLT,4.391046047210693
2025-10-03,TLT,-5.56527853012085
2025-10-06,TLT,-6.090956211090088
2025-10-07,TLT,4.716230392456055
2025-10-08,TLT,2.689229965209961
2025-10-09,TLT,-0.09927553683519363
2025-10-10,TLT,3.7199177742004395
2025-10-13,TLT,-5.34063196182251
2025-10-14,TLT,-0.11662647128105164
2025-10-15,TLT,3.753286123275757
2025-10-16,TLT,6.651360511779785
2025-10-17,TLT,1.4973186254501343
2025-10-20,TLT,6.846575736999512
2025-10-21,TLT,-9.598992347717285
2025-10-22,TLT,5.431556701660156
2025-10-23,TLT,10.879070281982422
2025-10-24,TLT,2.108783006668091
2025-10-27,TLT,5.716129302978516
2025-10-28,TLT,7.508727550506592
2025-10-29,TLT,-10.088619232177734
2025-10-30,TLT,-3.81964373588562
2025-10-31,TLT,1.3893176317214966
2025-11-03,TLT,-0.08618248254060745
2025-11-04,TLT,2.310264825820923
2025-11-05,TLT,9.458869934082031
2025-11-06,TLT,8.01982307434082
2025-11-07,TLT,-3.297699213027954
2025-11-10,TLT,-6.816261291503906
2025-11-11,TLT,6.036649703979492
2025-11-12,TLT,1.2659868001937866
2025-11-13,TLT,1.027054786682129
2025-11-14,TLT,4.155582427978516
2025-11-17,TLT,3.354503870010376
2025-11-18,TLT,7.036136627197266
2025-11-19,TLT,4.751821041107178
2025-11-20,TLT,1.8498979806900024
2025-11-21,TLT,-1.1122499704360962
2025-11-24,TLT,-1.4732627868652344
2025-11-25,TLT,-11.252365112304688
2025-11-26,TLT,-9.750405311584473
2025-07-24,MSFT,0.3567257523536682
2025-07-25,MSFT,0.6070204973220825
2025-07-28,MSFT,1.1145312786102295
2025-07-29,MSFT,2.3741087913513184
2025-07-30,MSFT,1.4151793718338013
2025-07-31,MSFT,-0.7280728816986084
2025-08-01,MSFT,-3.602524995803833
2025-08-04,MSFT,3.903209924697876
2025-08-05,MSFT,0.9217720031738281
2025-08-06,MSFT,1.2704665660858154
2025-08-07,MSFT,-3.3366005420684814
2025-08-08,MSFT,2.6699442863464355
2025-08-11,MSFT,4.263927936553955
2025-08-12,MSFT,3.842595338821411
2025-08-13,MSFT,-0.6833720803260803
2025-08-14,MSFT,1.3119646310806274
2025-08-15,MSFT,2.438783645629883
2025-08-18,MSFT,0.5968086123466492
2025-08-19,MSFT,-0.6725559830665588
2025-08-20,MSFT,4.6147847175598145
2025-08-21,MSFT,3.4154341220855713
2025-08-22,MSFT,3.69429087638855
2025-08-25,MSFT,2.7530109882354736
2025-08-26,MSFT,5.0985941886901855
2025-08-27,MSFT,3.2323291301727295
2025-08-28,MSFT,1.841762900352478
2025-08-29,MSFT,-1.0891560316085815
2025-09-02,MSFT,2.287846565246582
2025-09-03,MSFT,1.6226216554641724
2025-09-04,MSFT,0.9490077495574951
2025-09-05,MSFT,2.332610845565796
2025-09-08,MSFT,3.3697762489318848
2025-09-09,MSFT,2.679917097091675
2025-09-10,MSFT,0.10170059651136398
2025-09-11,MSFT,-4.730273723602295
2025-09-12,MSFT,-0.03929741680622101
2025-09-15,MSFT,-3.801206350326538
2025-09-16,MSFT,-3.953864336013794
2025-09-17,MSFT,2.073523998260498
2025-09-18,MSFT,3.2757833003997803
2025-09-19,MSFT,5.07796049118042
2025-09-22,MSFT,-3.1645069122314453
2025-09-23,MSFT,0.7591049075126648
2025-09-24,MSFT,5.602584362030029
2025-09-25,MSFT,2.1992528438568115
2025-09-26,MSFT,-4.618819713592529
2025-09-29,MSFT,3.3872435092926025
2025-09-30,MSFT,5.3283467292785645
2025-10-01,MSFT,-2.7512927055358887
2025-10-02,MSFT,-5.485186576843262
2025-10-03,MSFT,-2.368213176727295
2025-10-06,MSFT,2.739755868911743
2025-10-07,MSFT,0.21784082055091858
2025-10-08,MSFT,-1.3374431133270264
2025-10-09,MSFT,4.102726459503174
2025-10-10,MSFT,-2.006350040435791
2025-10-13,MSFT,2.378410577774048
2025-10-14,MSFT,2.4520435333251953
2025-10-15,MSFT,-1.5409550666809082
2025-10-16,MSFT,4.878848552703857
2025-10-17,MSFT,-1.470681071281433
2025-10-20,MSFT,-5.543659210205078
2025-10-21,MSFT,0.7776896953582764
2025-10-22,MSFT,-3.403336763381958
2025-10-23,MSFT,-3.7997758388519287
2025-10-24,MSFT,-2.727511167526245
2025-10-27,MSFT,0.5247272253036499
2025-10-28,MSFT,2.2163121700286865
2025-10-29,MSFT,5.3201470375061035
2025-10-30,MSFT,3.517749547958374
2025-10-31,MSFT,-1.5736039876937866
2025-11-03,MSFT,-1.6750171184539795
2025-11-04,MSFT,-6.051138877868652
2025-11-05,MSFT,-4.417733192443848
2025-11-06,MSFT,4.9637980461120605
2025-11-07,MSFT,1.4950181245803833
2025-11-10,MSFT,-6.224490642547607
2025-11-11,MSFT,-3.523881673812866
2025-11-12,MSFT,0.9590110778808594
2025-11-13,MSFT,-1.6800163984298706
2025-11-14,MSFT,3.2958052158355713
2025-11-17,MSFT,3.6698429584503174
2025-11-18,MSFT,3.800534963607788
2025-11-19,MSFT,5.586284637451172
2025-11-20,MSFT,4.156185150146484
2025-11-21,MSFT,3.904310464859009
2025-11-24,MSFT,3.1957361698150635
2025-11-25,MSFT,2.8788647651672363
2025-11-26,MSFT,1.8174315690994263
2025-07-24,QQQ,1.349226474761963
2025-07-25,QQQ,1.2626571655273438
2025-07-28,QQQ,0.10999426245689392
2025-07-29,QQQ,0.013993325643241405
2025-07-30,QQQ,1.577972412109375
2025-07-31,QQQ,-1.6484688520431519
2025-08-01,QQQ,-2.227271556854248
2025-08-04,QQQ,3.87660813331604
2025-08-05,QQQ,-1.9096914529800415
2025-08-06,QQQ,-0.08859280496835709
2025-08-07,QQQ,2.2297470569610596
2025-08-08,QQQ,-0.25167116522789
2025-08-11,QQQ,-1.3198983669281006
2025-08-12,QQQ,-3.0673651695251465
2025-08-13,QQQ,-2.794992208480835
2025-08-14,QQQ,0.9720261693000793
2025-08-15,QQQ,4.990999698638916
2025-08-18,QQQ,-4.06362247467041
2025-08-19,QQQ,0.8872141242027283
2025-08-20,QQQ,5.074122905731201
2025-08-21,QQQ,3.02888560295105
2025-08-22,QQQ,5.032530307769775
2025-08-25,QQQ,-5.1747918128967285
2025-08-26,QQQ,-2.3756425380706787
2025-08-27,QQQ,-0.7385202050209045
2025-08-28,QQQ,-1.5304124355316162
2025-08-29,QQQ,-2.7114293575286865
2025-09-02,QQQ,-0.00013915631279814988
2025-09-03,QQQ,4.265871047973633
2025-09-04,QQQ,4.500771999359131
2025-09-05,QQQ,5.583333969116211
2025-09-08,QQQ,6.1379475593566895
2025-09-09,QQQ,1.918544054031372
2025-09-10,QQQ,2.3494622707366943
2025-09-11,QQQ,-3.7517917156219482
2025-09-12,QQQ,0.3276287019252777
2025-09-15,QQQ,4.2034993171691895
2025-09-16,QQQ,4.458127498626709
2025-09-17,QQQ,-2.1862783432006836
2025-09-18,QQQ,4.145291805267334
2025-09-19,QQQ,5.151604652404785
2025-09-22,QQQ,1.4151095151901245
2025-09-23,QQQ,-1.5239145755767822
2025-09-24,QQQ,2.6013407707214355
2025-09-25,QQQ,-0.7588265538215637
2025-09-26,QQQ,-1.1671067476272583
2025-09-29,QQQ,1.5957424640655518
2025-09-30,QQQ,1.4336715936660767
2025-10-01,QQQ,1.3352669477462769
2025-10-02,QQQ,-2.103588104248047
2025-10-03,QQQ,-1.0553604364395142
2025-10-06,QQQ,1.2103888988494873
2025-10-07,QQQ,-0.02733641117811203
2025-10-08,QQQ,1.7981345653533936
2025-10-09,QQQ,-1.0935285091400146
2025-10-10,QQQ,-2.2466225624084473
2025-10-13,QQQ,4.9413299560546875
2025-10-14,QQQ,-1.6773347854614258
2025-10-15,QQQ,-5.519006729125977
2025-10-16,QQQ,6.468118190765381
2025-10-17,QQQ,1.3320592641830444
2025-10-20,QQQ,-2.6333565711975098
2025-10-21,QQQ,-5.091292381286621
2025-10-22,QQQ,-4.7663068771362305
2025-10-23,QQQ,0.9069890975952148
2025-10-24,QQQ,5.800142288208008
2025-10-27,QQQ,0.23552529513835907
2025-10-28,QQQ,4.5802154541015625
2025-10-29,QQQ,6.675124645233154
2025-10-30,QQQ,4.136497497558594
2025-10-31,QQQ,2.4234609603881836
2025-11-03,QQQ,-5.612069606781006
2025-11-04,QQQ,-3.466602325439453
2025-11-05,QQQ,6.927316188812256
2025-11-06,QQQ,-1.3623545169830322
2025-11-07,QQQ,-1.1115124225616455
2025-11-10,QQQ,4.729712963104248
2025-11-11,QQQ,0.9674559831619263
2025-11-12,QQQ,0.1542995125055313
2025-11-13,QQQ,0.5516211986541748
2025-11-14,QQQ,1.3616912364959717
2025-11-17,QQQ,2.7068209648132324
2025-11-18,QQQ,3.44596004486084
2025-11-19,QQQ,5.946398735046387
2025-11-20,QQQ,2.684410572052002
2025-11-21,QQQ,2.857710361480713
2025-11-24,QQQ,3.2517244815826416
2025-11-25,QQQ,1.7334009408950806
2025-11-26,QQQ,3.879495859146118
2025-07-23,USDINR=X,17.116506576538086
2025-07-24,USDINR=X,19.54323387145996
2025-07-25,USDINR=X,-16.366472244262695
2025-07-28,USDINR=X,-4.509746551513672
2025-07-29,USDINR=X,15.02670955657959
2025-07-30,USDINR=X,12.168314933776855
2025-07-31,USDINR=X,13.33504867553711
2025-08-01,USDINR=X,-10.817842483520508
2025-08-04,USDINR=X,-0.3713219165802002
2025-08-05,USDINR=X,13.288325309753418
2025-08-06,USDINR=X,-18.811458587646484
2025-08-07,USDINR=X,-12.811307907104492
2025-08-08,USDINR=X,9.993695259094238
2025-08-11,USDINR=X,4.342385768890381
2025-08-12,USDINR=X,3.931309223175049
2025-08-13,USDINR=X,0.13252578675746918
2025-08-14,USDINR=X,5.135523319244385
2025-08-15,USDINR=X,9.443943977355957
2025-08-18,USDINR=X,-1.639456868171692
2025-08-19,USDINR=X,-17.08153533935547
2025-08-20,USDINR=X,8.540634155273438
2025-08-21,USDINR=X,13.135903358459473
2025-08-22,USDINR=X,4.63791036605835
2025-08-25,USDINR=X,-12.858582496643066
2025-08-26,USDINR=X,11.126901626586914
2025-08-27,USDINR=X,10.47227954864502
2025-08-28,USDINR=X,-11.689192771911621
2025-08-29,USDINR=X,-18.14265251159668
2025-09-01,USDINR=X,-4.254462718963623
2025-09-02,USDINR=X,-0.04420214891433716
2025-09-03,USDINR=X,6.818118095397949
2025-09-04,USDINR=X,19.954179763793945
2025-09-05,USDINR=X,16.731647491455078
2025-09-08,USDINR=X,14.265817642211914
2025-09-09,USDINR=X,10.539935111999512
2025-09-10,USDINR=X,17.66394805908203
2025-09-11,USDINR=X,-4.73803186416626
2025-09-12,USDINR=X,-8.818368911743164
2025-09-15,USDINR=X,-1.4394445419311523
2025-09-16,USDINR=X,2.863513231277466
2025-09-17,USDINR=X,16.789203643798828
2025-09-18,USDINR=X,-16.848970413208008
2025-09-19,USDINR=X,-2.1520843505859375
2025-09-22,USDINR=X,-2.767441987991333
2025-09-23,USDINR=X,-0.3812128007411957
2025-09-24,USDINR=X,-3.913670063018799
2025-09-25,USDINR=X,-0.1745249181985855
2025-09-26,USDINR=X,7.8645405769348145
2025-09-29,USDINR=X,-7.127416610717773
2025-09-30,USDINR=X,0.5372809171676636
2025-10-01,USDINR=X,-1.6866551637649536
2025-10-02,USDINR=X,-21.581483840942383
2025-10-03,USDINR=X,20.740488052368164
2025-10-06,USDINR=X,30.648101806640625
2025-10-07,USDINR=X,17.954063415527344
2025-10-08,USDINR=X,-10.986184120178223
2025-10-09,USDINR=X,13.261995315551758
2025-10-10,USDINR=X,17.824512481689453
2025-10-13,USDINR=X,-25.92082405090332
2025-10-14,USDINR=X,-11.871273040771484
2025-10-15,USDINR=X,-0.6056658625602722
2025-10-16,USDINR=X,2.8240175247192383
2025-10-17,USDINR=X,20.815336227416992
2025-10-20,USDINR=X,16.133037567138672
2025-10-21,USDINR=X,-16.513031005859375
2025-10-22,USDINR=X,29.436296463012695
2025-10-23,USDINR=X,20.823179244995117
2025-10-24,USDINR=X,7.474733352661133
2025-10-27,USDINR=X,17.28928565979004
2025-10-28,USDINR=X,-3.7194485664367676
2025-10-29,USDINR=X,-1.8049468994140625
2025-10-30,USDINR=X,2.94994854927063
2025-10-31,USDINR=X,29.013906478881836
2025-11-03,USDINR=X,15.994739532470703
2025-11-04,USDINR=X,26.98516845703125
2025-11-05,USDINR=X,19.74454116821289
2025-11-06,USDINR=X,8.537132263183594
2025-11-07,USDINR=X,10.35584545135498
2025-11-10,USDINR=X,-23.744033813476562
2025-11-11,USDINR=X,-3.633734703063965
2025-11-12,USDINR=X,6.157552719116211
2025-11-13,USDINR=X,22.161380767822266
2025-11-14,USDINR=X,-12.941761016845703
2025-11-17,USDINR=X,-14.36336612701416
2025-11-18,USDINR=X,18.392545700073242
2025-11-19,USDINR=X,4.469738006591797
2025-11-20,USDINR=X,0.2936631143093109
2025-11-21,USDINR=X,5.0546464920043945
2025-11-24,USDINR=X,11.185222625732422
2025-11-25,USDINR=X,-18.899415969848633
2025-11-26,USDINR=X,14.833467483520508
2025-11-27,USDINR=X,-0.7822978496551514
2025-07-24,GOOGL,2.9736762046813965
2025-07-25,GOOGL,2.1310110092163086
2025-07-28,GOOGL,-0.6927198767662048
2025-07-29,GOOGL,1.5532190799713135
2025-07-30,GOOGL,-0.8903478980064392
2025-07-31,GOOGL,-0.8483408093452454
2025-08-01,GOOGL,1.5626128911972046
2025-08-04,GOOGL,0.6327314972877502
2025-08-05,GOOGL,-0.9682092070579529
2025-08-06,GOOGL,1.6081558465957642
2025-08-07,GOOGL,0.6567277312278748
2025-08-08,GOOGL,-0.6315063238143921
2025-08-11,GOOGL,-0.8859652280807495
2025-08-12,GOOGL,-1.1353503465652466
2025-08-13,GOOGL,-0.7104910016059875
2025-08-14,GOOGL,1.5484317541122437
2025-08-15,GOOGL,0.8511837720870972
2025-08-18,GOOGL,-2.6239192485809326
2025-08-19,GOOGL,2.1967597007751465
2025-08-20,GOOGL,3.5601398944854736
2025-08-21,GOOGL,1.1339807510375977
2025-08-22,GOOGL,1.2211425304412842
2025-08-25,GOOGL,-0.8147763609886169
2025-08-26,GOOGL,0.9451775550842285
2025-08-27,GOOGL,1.349196434020996
2025-08-28,GOOGL,-0.6946784257888794
2025-08-29,GOOGL,-2.230450391769409
2025-09-02,GOOGL,-0.3633134365081787
2025-09-03,GOOGL,3.686805009841919
2025-09-04,GOOGL,1.2179105281829834
2025-09-05,GOOGL,2.2711784839630127
2025-09-08,GOOGL,2.3547523021698
2025-09-09,GOOGL,1.237033724784851
2025-09-10,GOOGL,-0.3074493408203125
2025-09-11,GOOGL,-0.7397082448005676
2025-09-12,GOOGL,0.8283922672271729
2025-09-15,GOOGL,3.5807902812957764
2025-09-16,GOOGL,2.573087453842163
2025-09-17,GOOGL,0.10979283601045609
2025-09-18,GOOGL,1.670250415802002
2025-09-19,GOOGL,2.505344867706299
2025-09-22,GOOGL,-2.4513936042785645
2025-09-23,GOOGL,-0.4745227098464966
2025-09-24,GOOGL,1.2535628080368042
2025-09-25,GOOGL,1.6172775030136108
2025-09-26,GOOGL,0.5840035080909729
2025-09-29,GOOGL,0.5367369651794434
2025-09-30,GOOGL,2.405031442642212
2025-10-01,GOOGL,2.665940523147583
2025-10-02,GOOGL,0.419418603181839
2025-10-03,GOOGL,0.4835326671600342
2025-10-06,GOOGL,1.4124244451522827
2025-10-07,GOOGL,-0.3204994201660156
2025-10-08,GOOGL,-0.06412561982870102
2025-10-09,GOOGL,1.3205000162124634
2025-10-10,GOOGL,1.7558553218841553
2025-10-13,GOOGL,0.6089951395988464
2025-10-14,GOOGL,2.9834086894989014
2025-10-15,GOOGL,2.653977870941162
2025-10-16,GOOGL,4.019618988037109
2025-10-17,GOOGL,3.137467384338379
2025-10-20,GOOGL,-0.09778984636068344
2025-10-21,GOOGL,2.4093496799468994
2025-10-22,GOOGL,4.321314334869385
2025-10-23,GOOGL,2.7782235145568848
2025-10-24,GOOGL,4.352107048034668
2025-10-27,GOOGL,3.5260727405548096
2025-10-28,GOOGL,4.153013229370117
2025-10-29,GOOGL,4.127593517303467
2025-10-30,GOOGL,2.2757396697998047
2025-10-31,GOOGL,-0.5597651600837708
2025-11-03,GOOGL,-2.1522552967071533
2025-11-04,GOOGL,1.5126463174819946
2025-11-05,GOOGL,1.2226375341415405
2025-11-06,GOOGL,-0.83673495054245
2025-11-07,GOOGL,3.1210734844207764
2025-11-10,GOOGL,3.742860794067383
2025-11-11,GOOGL,2.4634218215942383
2025-11-12,GOOGL,-0.3256485164165497
2025-11-13,GOOGL,-0.4069247245788574
2025-11-14,GOOGL,1.3083614110946655
2025-11-17,GOOGL,0.6818632483482361
2025-11-18,GOOGL,-1.944198727607727
2025-11-19,GOOGL,0.48554861545562744
2025-11-20,GOOGL,1.7197855710983276
2025-11-21,GOOGL,2.1372978687286377
2025-11-24,GOOGL,1.1850484609603882
2025-11-25,GOOGL,-0.5305082201957703
2025-11-26,GOOGL,2.1417126655578613
2025-07-23,GBPUSD=X,3.3326752185821533
2025-07-24,GBPUSD=X,-6.645627021789551
2025-07-25,GBPUSD=X,-4.925723552703857
2025-07-28,GBPUSD=X,1.8512563705444336
2025-07-29,GBPUSD=X,4.774932384490967
2025-07-30,GBPUSD=X,12.440688133239746
2025-07-31,GBPUSD=X,5.870612621307373
2025-08-01,GBPUSD=X,2.4511682987213135
2025-08-04,GBPUSD=X,-12.488256454467773
2025-08-05,GBPUSD=X,-14.03782844543457
2025-08-06,GBPUSD=X,-13.170758247375488
2025-08-07,GBPUSD=X,4.729763984680176
2025-08-08,GBPUSD=X,2.052938461303711
2025-08-11,GBPUSD=X,-12.302879333496094
2025-08-12,GBPUSD=X,-11.13623332977295
2025-08-13,GBPUSD=X,6.940121650695801
2025-08-14,GBPUSD=X,12.1852445602417
2025-08-15,GBPUSD=X,8.65453815460205
2025-08-18,GBPUSD=X,11.00039291381836
2025-08-19,GBPUSD=X,12.618668556213379
2025-08-20,GBPUSD=X,7.817561149597168
2025-08-21,GBPUSD=X,-14.381352424621582
2025-08-22,GBPUSD=X,-9.3693265914917
2025-08-25,GBPUSD=X,8.715801239013672
2025-08-26,GBPUSD=X,-4.70045804977417
2025-08-27,GBPUSD=X,-13.535390853881836
2025-08-28,GBPUSD=X,-1.9480862617492676
2025-08-29,GBPUSD=X,3.3048551082611084
2025-09-01,GBPUSD=X,-6.558910369873047
2025-09-02,GBPUSD=X,-1.482631802558899
2025-09-03,GBPUSD=X,-9.63239574432373
2025-09-04,GBPUSD=X,6.4280171394348145
2025-09-05,GBPUSD=X,1.3384723663330078
2025-09-08,GBPUSD=X,-10.472229957580566
2025-09-09,GBPUSD=X,16.6984806060791
2025-09-10,GBPUSD=X,15.361043930053711
2025-09-11,GBPUSD=X,5.495100021362305
2025-09-12,GBPUSD=X,-2.1343836784362793
2025-09-15,GBPUSD=X,-0.4308706223964691
2025-09-16,GBPUSD=X,8.425414085388184
2025-09-17,GBPUSD=X,16.932741165161133
2025-09-18,GBPUSD=X,-5.088475704193115
2025-09-19,GBPUSD=X,-5.086080074310303
2025-09-22,GBPUSD=X,11.561685562133789
2025-09-23,GBPUSD=X,0.8421652317047119
2025-09-24,GBPUSD=X,-13.428824424743652
2025-09-25,GBPUSD=X,-17.184476852416992
2025-09-26,GBPUSD=X,-2.8716437816619873
2025-09-29,GBPUSD=X,7.869142532348633
2025-09-30,GBPUSD=X,-16.54461669921875
2025-10-01,GBPUSD=X,-11.357656478881836
2025-10-02,GBPUSD=X,3.863731622695923
2025-10-03,GBPUSD=X,-8.16201114654541
2025-10-06,GBPUSD=X,3.220435619354248
2025-10-07,GBPUSD=X,2.8673970699310303
2025-10-08,GBPUSD=X,7.72440767288208
2025-10-09,GBPUSD=X,14.552968978881836
2025-10-10,GBPUSD=X,5.881293773651123
2025-10-13,GBPUSD=X,14.757735252380371
2025-10-14,GBPUSD=X,10.286481857299805
2025-10-15,GBPUSD=X,14.617830276489258
2025-10-16,GBPUSD=X,-9.684727668762207
2025-10-17,GBPUSD=X,-14.21251392364502
2025-10-20,GBPUSD=X,-12.112642288208008
2025-10-21,GBPUSD=X,-9.447184562683105
2025-10-22,GBPUSD=X,5.806369304656982
2025-10-23,GBPUSD=X,13.994685173034668
2025-10-24,GBPUSD=X,15.930747032165527
2025-10-27,GBPUSD=X,10.473780632019043
2025-10-28,GBPUSD=X,5.978724956512451
2025-10-29,GBPUSD=X,1.0528712272644043
2025-10-30,GBPUSD=X,-17.300445556640625
2025-10-31,GBPUSD=X,-2.0568063259124756
2025-11-03,GBPUSD=X,14.679391860961914
2025-11-04,GBPUSD=X,12.162246704101562
2025-11-05,GBPUSD=X,3.0330400466918945
2025-11-06,GBPUSD=X,11.559487342834473
2025-11-07,GBPUSD=X,13.320477485656738
2025-11-10,GBPUSD=X,5.230137825012207
2025-11-11,GBPUSD=X,-7.417269229888916
2025-11-12,GBPUSD=X,4.279982089996338
2025-11-13,GBPUSD=X,4.113499164581299
2025-11-14,GBPUSD=X,7.623607635498047
2025-11-17,GBPUSD=X,13.12195873260498
2025-11-18,GBPUSD=X,15.471479415893555
2025-11-19,GBPUSD=X,7.587022304534912
2025-11-20,GBPUSD=X,-6.002526760101318
2025-11-21,GBPUSD=X,-0.6706066727638245
2025-11-24,GBPUSD=X,2.762643575668335
2025-11-25,GBPUSD=X,-7.8419647216796875
2025-11-26,GBPUSD=X,-15.608412742614746
2025-11-27,GBPUSD=X,-17.079648971557617
2025-07-24,JPM,-3.1806488037109375
2025-07-25,JPM,2.295212507247925
2025-07-28,JPM,3.102886915206909
2025-07-29,JPM,-1.7598705291748047
2025-07-30,JPM,0.8631861805915833
2025-07-31,JPM,-3.5023248195648193
2025-08-01,JPM,-0.6871417760848999
2025-08-04,JPM,5.314280033111572
2025-08-05,JPM,-2.0846824645996094
2025-08-06,JPM,-3.7543463706970215
2025-08-07,JPM,3.815171718597412
2025-08-08,JPM,3.2215707302093506
2025-08-11,JPM,-3.4159328937530518
2025-08-12,JPM,-2.8078489303588867
2025-08-13,JPM,-3.058340072631836
2025-08-14,JPM,0.43163520097732544
2025-08-15,JPM,-0.2848705053329468
2025-08-18,JPM,-0.37237024307250977
2025-08-19,JPM,0.8126479983329773
2025-08-20,JPM,3.2617781162261963
2025-08-21,JPM,-1.0783673524856567
2025-08-22,JPM,2.3573153018951416
2025-08-25,JPM,1.2007993459701538
2025-08-26,JPM,1.7646070718765259
2025-08-27,JPM,0.11081439256668091
2025-08-28,JPM,0.46577098965644836
2025-08-29,JPM,1.7768117189407349
2025-09-02,JPM,1.259514570236206
2025-09-03,JPM,-1.653775930404663
2025-09-04,JPM,3.123593330383301
2025-09-05,JPM,-1.3971199989318848
2025-09-08,JPM,1.3628274202346802
2025-09-09,JPM,4.016810417175293
2025-09-10,JPM,-2.3867743015289307
2025-09-11,JPM,-5.156432151794434
2025-09-12,JPM,3.437772274017334
2025-09-15,JPM,0.038300443440675735
2025-09-16,JPM,-1.5633858442306519
2025-09-17,JPM,-2.821249485015869
2025-09-18,JPM,-0.30277901887893677
2025-09-19,JPM,4.420642375946045
2025-09-22,JPM,4.375298023223877
2025-09-23,JPM,-2.3130552768707275
2025-09-24,JPM,5.402881622314453
2025-09-25,JPM,5.730350494384766
2025-09-26,JPM,4.350224494934082
2025-09-29,JPM,1.376131534576416
2025-09-30,JPM,-1.0299898386001587
2025-10-01,JPM,-0.7824661731719971
2025-10-02,JPM,0.14134033024311066
2025-10-03,JPM,1.5227420330047607
2025-10-06,JPM,-0.0602896511554718
2025-10-07,JPM,-1.1396918296813965
2025-10-08,JPM,2.206105947494507
2025-10-09,JPM,3.6942062377929688
2025-10-10,JPM,1.2565046548843384
2025-10-13,JPM,0.5822167992591858
2025-10-14,JPM,5.373561859130859
2025-10-15,JPM,2.1449334621429443
2025-10-16,JPM,1.4043604135513306
2025-10-17,JPM,1.250085711479187
2025-10-20,JPM,2.8815231323242188
2025-10-21,JPM,3.7005808353424072
2025-10-22,JPM,0.5510653853416443
2025-10-23,JPM,3.7514243125915527
2025-10-24,JPM,0.01856232061982155
2025-10-27,JPM,3.029376268386841
2025-10-28,JPM,-1.1013615131378174
2025-10-29,JPM,3.974551200866699
2025-10-30,JPM,-3.5784356594085693
2025-10-31,JPM,1.7810239791870117
2025-11-03,JPM,-1.2529823780059814
2025-11-04,JPM,5.713179111480713
2025-11-05,JPM,5.5730180740356445
2025-11-06,JPM,-5.126399040222168
2025-11-07,JPM,2.635068655014038
2025-11-10,JPM,5.632087707519531
2025-11-11,JPM,4.991157531738281
2025-11-12,JPM,2.373009443283081
2025-11-13,JPM,-4.986593723297119
2025-11-14,JPM,-1.2722067832946777
2025-11-17,JPM,2.5262234210968018
2025-11-18,JPM,-0.26480549573898315
2025-11-19,JPM,-3.4094016551971436
2025-11-20,JPM,5.015010356903076
2025-11-21,JPM,2.348322868347168
2025-11-24,JPM,-0.3900262117385864
2025-11-25,JPM,-2.8842570781707764
2025-11-26,JPM,-2.338602066040039
2025-07-24,TSLA,0.4458477199077606
2025-07-25,TSLA,0.8689018487930298
2025-07-28,TSLA,0.5841103196144104
2025-07-29,TSLA,-1.9788856506347656
2025-07-30,TSLA,-0.5913230180740356
2025-07-31,TSLA,1.1328307390213013
2025-08-01,TSLA,0.8190656900405884
2025-08-04,TSLA,-0.34493497014045715
2025-08-05,TSLA,-0.4770636260509491
2025-08-06,TSLA,0.28791823983192444
2025-08-07,TSLA,0.6144164204597473
2025-08-08,TSLA,-0.3173268139362335
2025-08-11,TSLA,-1.4808049201965332
2025-08-12,TSLA,-0.18110980093479156
2025-08-13,TSLA,0.9358539581298828
2025-08-14,TSLA,1.4538277387619019
2025-08-15,TSLA,1.8323208093643188
2025-08-18,TSLA,1.1577036380767822
2025-08-19,TSLA,1.8168591260910034
2025-08-20,TSLA,1.4415513277053833
2025-08-21,TSLA,1.0236345529556274
2025-08-22,TSLA,1.4438573122024536
2025-08-25,TSLA,-2.0446696281433105
2025-08-26,TSLA,-1.0191811323165894
2025-08-27,TSLA,0.265947163105011
2025-08-28,TSLA,-0.24804507195949554
2025-08-29,TSLA,-0.42488333582878113
2025-09-02,TSLA,0.5391247868537903
2025-09-03,TSLA,1.2392001152038574
2025-09-04,TSLA,1.4000803232192993
2025-09-05,TSLA,1.0986738204956055
2025-09-08,TSLA,0.28297483921051025
2025-09-09,TSLA,1.2017722129821777
2025-09-10,TSLA,0.8670694231987
2025-09-11,TSLA,-1.1482897996902466
2025-09-12,TSLA,-0.36976346373558044
2025-09-15,TSLA,0.5051219463348389
2025-09-16,TSLA,1.6902086734771729
2025-09-17,TSLA,0.9697631001472473
2025-09-18,TSLA,1.2181485891342163
2025-09-19,TSLA,-0.27766144275665283
2025-09-22,TSLA,-0.0114204753190279
2025-09-23,TSLA,1.6361427307128906
2025-09-24,TSLA,0.9080383777618408
2025-09-25,TSLA,0.9743776917457581
2025-09-26,TSLA,1.002525806427002
2025-09-29,TSLA,1.1210585832595825
2025-09-30,TSLA,0.355893075466156
2025-10-01,TSLA,-0.39288362860679626
2025-10-02,TSLA,-0.4225972294807434
2025-10-03,TSLA,0.34738218784332275
2025-10-06,TSLA,0.6197842955589294
2025-10-07,TSLA,-0.37326961755752563
2025-10-08,TSLA,0.8441362977027893
2025-10-09,TSLA,1.2541545629501343
2025-10-10,TSLA,0.2867933213710785
2025-10-13,TSLA,0.5536316633224487
2025-10-14,TSLA,0.5204294919967651
2025-10-15,TSLA,-0.7124188542366028
2025-10-16,TSLA,1.8448022603988647
2025-10-17,TSLA,-0.6132524609565735
2025-10-20,TSLA,-1.2950940132141113
2025-10-21,TSLA,-0.25885143876075745
2025-10-22,TSLA,1.0897225141525269
2025-10-23,TSLA,0.21566197276115417
2025-10-24,TSLA,1.3277297019958496
2025-10-27,TSLA,1.4937409162521362
2025-10-28,TSLA,2.1069743633270264
2025-10-29,TSLA,2.0375442504882812
2025-10-30,TSLA,-0.3798586428165436
2025-10-31,TSLA,1.7510110139846802
2025-11-03,TSLA,-0.6583530306816101
2025-11-04,TSLA,-1.4859243631362915
2025-11-05,TSLA,2.127894163131714
2025-11-06,TSLA,-1.8061881065368652
2025-11-07,TSLA,1.177403450012207
2025-11-10,TSLA,1.828825831413269
2025-11-11,TSLA,-1.7046178579330444
2025-11-12,TSLA,1.3652551174163818
2025-11-13,TSLA,2.3245599269866943
2025-11-14,TSLA,0.7541819214820862
2025-11-17,TSLA,-0.4072883427143097
2025-11-18,TSLA,1.9521170854568481
2025-11-19,TSLA,0.6604582071304321
2025-11-20,TSLA,1.4048875570297241
2025-11-21,TSLA,1.8390148878097534
2025-11-24,TSLA,0.3558080792427063
2025-11-25,TSLA,-0.6154650449752808
2025-11-26,TSLA,1.6030634641647339
2025-07-24,XOM,-2.4287285804748535
2025-07-25,XOM,-4.105867385864258
2025-07-28,XOM,2.2886860370635986
2025-07-29,XOM,-0.4076068699359894
2025-07-30,XOM,-3.694453716278076
2025-07-31,XOM,0.2823302745819092
2025-08-01,XOM,3.064159393310547
2025-08-04,XOM,3.9922678470611572
2025-08-05,XOM,2.35327410697937
2025-08-06,XOM,2.449500799179077
2025-08-07,XOM,-2.6167192459106445
2025-08-08,XOM,-4.241542816162109
2025-08-11,XOM,-4.308951377868652
2025-08-12,XOM,0.013527948409318924
2025-08-13,XOM,2.2097980976104736
2025-08-14,XOM,1.1785277128219604
2025-08-15,XOM,-1.623021125793457
2025-08-18,XOM,0.1554720103740692
2025-08-19,XOM,0.916816234588623
2025-08-20,XOM,0.9609344601631165
2025-08-21,XOM,2.377128839492798
2025-08-22,XOM,-2.0166332721710205
2025-08-25,XOM,-2.7385621070861816
2025-08-26,XOM,-2.4566152095794678
2025-08-27,XOM,0.04392622411251068
2025-08-28,XOM,3.47784686088562
2025-08-29,XOM,1.1302437782287598
2025-09-02,XOM,-2.5198097229003906
2025-09-03,XOM,-1.6452616453170776
2025-09-04,XOM,2.981419086456299
2025-09-05,XOM,-2.169466972351074
2025-09-08,XOM,-1.0569779872894287
2025-09-09,XOM,0.6570513844490051
2025-09-10,XOM,-0.007474072277545929
2025-09-11,XOM,-3.7812139987945557
2025-09-12,XOM,-0.3697536289691925
2025-09-15,XOM,0.3186468780040741
2025-09-16,XOM,-1.4022775888442993
2025-09-17,XOM,-4.038910388946533
2025-09-18,XOM,-3.191737413406372
2025-09-19,XOM,0.8257636427879333
2025-09-22,XOM,2.4159953594207764
2025-09-23,XOM,2.616058349609375
2025-09-24,XOM,3.1175577640533447
2025-09-25,XOM,5.67568302154541
2025-09-26,XOM,4.680160045623779
2025-09-29,XOM,-1.0957753658294678
2025-09-30,XOM,-0.3294471204280853
2025-10-01,XOM,2.5874853134155273
2025-10-02,XOM,2.8067216873168945
2025-10-03,XOM,3.5699000358581543
2025-10-06,XOM,3.6689279079437256
2025-10-07,XOM,3.2707724571228027
2025-10-08,XOM,4.612983226776123
2025-10-09,XOM,0.6784282326698303
2025-10-10,XOM,3.4095704555511475
2025-10-13,XOM,3.711409091949463
2025-10-14,XOM,4.602345943450928
2025-10-15,XOM,2.7181975841522217
2025-10-16,XOM,6.074576377868652
2025-10-17,XOM,5.414742946624756
2025-10-20,XOM,1.0658491849899292
2025-10-21,XOM,2.7239797115325928
2025-10-22,XOM,-1.7089403867721558
2025-10-23,XOM,-3.1443445682525635
2025-10-24,XOM,-2.2884716987609863
2025-10-27,XOM,-0.5249126553535461
2025-10-28,XOM,2.6664927005767822
2025-10-29,XOM,4.967251777648926
2025-10-30,XOM,-3.5746326446533203
2025-10-31,XOM,-4.6007866859436035
2025-11-03,XOM,4.2650628089904785
2025-11-04,XOM,5.273087978363037
2025-11-05,XOM,-5.582633018493652
2025-11-06,XOM,0.7760502099990845
2025-11-07,XOM,2.5288639068603516
2025-11-10,XOM,-6.295924663543701
2025-11-11,XOM,-4.452404499053955
2025-11-12,XOM,-2.1015517711639404
2025-11-13,XOM,0.6337394118309021
2025-11-14,XOM,2.2787203788757324
2025-11-17,XOM,-1.9282960891723633
2025-11-18,XOM,5.013833522796631
2025-11-19,XOM,5.610414505004883
2025-11-20,XOM,3.852910041809082
2025-11-21,XOM,2.0113887786865234
2025-11-24,XOM,1.0547312498092651
2025-11-25,XOM,5.518190860748291
2025-11-26,XOM,2.9654810428619385
2025-07-24,SPY,-0.5816357135772705
2025-07-25,SPY,2.871253252029419
2025-07-28,SPY,0.5473253726959229
2025-07-29,SPY,-0.4964255392551422
2025-07-30,SPY,-1.2712554931640625
2025-07-31,SPY,-3.4888603687286377
2025-08-01,SPY,-4.527907848358154
2025-08-04,SPY,5.620594501495361
2025-08-05,SPY,-2.5687997341156006
2025-08-06,SPY,-0.1158834919333458
2025-08-07,SPY,3.4163320064544678
2025-08-08,SPY,-0.13436275720596313
2025-08-11,SPY,-2.6022510528564453
2025-08-12,SPY,-4.6421308517456055
2025-08-13,SPY,-3.212588310241699
2025-08-14,SPY,-0.5149049162864685
2025-08-15,SPY,5.51439094543457
2025-08-18,SPY,-1.594105839729309
2025-08-19,SPY,1.5326813459396362
2025-08-20,SPY,5.649411678314209
2025-08-21,SPY,-4.560363292694092
2025-08-22,SPY,5.394251823425293
2025-08-25,SPY,-3.3359999656677246
2025-08-26,SPY,2.4930970668792725
2025-08-27,SPY,1.9508639574050903
2025-08-28,SPY,-1.3388365507125854
2025-08-29,SPY,-2.2866976261138916
2025-09-02,SPY,-1.6617953777313232
2025-09-03,SPY,4.638787746429443
2025-09-04,SPY,4.276985168457031
2025-09-05,SPY,0.5372137427330017
2025-09-08,SPY,6.292663097381592
2025-09-09,SPY,3.1603219509124756
2025-09-10,SPY,2.6287243366241455
2025-09-11,SPY,-4.6286468505859375
2025-09-12,SPY,-3.2667970657348633
2025-09-15,SPY,3.1703178882598877
2025-09-16,SPY,0.62980717420578
2025-09-17,SPY,-3.267871141433716
2025-09-18,SPY,0.1428287774324417
2025-09-19,SPY,7.156583786010742
2025-09-22,SPY,4.913679599761963
2025-09-23,SPY,-2.139333486557007
2025-09-24,SPY,1.8594706058502197
2025-09-25,SPY,0.5371002554893494
2025-09-26,SPY,1.0128226280212402
2025-09-29,SPY,-0.7214586734771729
2025-09-30,SPY,-2.9721314907073975
2025-10-01,SPY,1.8754782676696777
2025-10-02,SPY,-1.4739006757736206
2025-10-03,SPY,-1.0306789875030518
2025-10-06,SPY,-0.43415310978889465
2025-10-07,SPY,-0.8186737298965454
2025-10-08,SPY,2.5609326362609863
2025-10-09,SPY,-0.1901252567768097
2025-10-10,SPY,-3.550450086593628
2025-10-13,SPY,5.849997520446777
2025-10-14,SPY,0.6350744962692261
2025-10-15,SPY,-7.845493316650391
2025-10-16,SPY,7.2649245262146
2025-10-17,SPY,1.7615915536880493
2025-10-20,SPY,-3.518505096435547
2025-10-21,SPY,-5.901257514953613
2025-10-22,SPY,-6.321072578430176
2025-10-23,SPY,0.9038785099983215
2025-10-24,SPY,6.484567642211914
2025-10-27,SPY,3.155151844024658
2025-10-28,SPY,4.909138202667236
2025-10-29,SPY,7.649196624755859
2025-10-30,SPY,5.641707897186279
2025-10-31,SPY,-2.7236826419830322
2025-11-03,SPY,-7.759727954864502
2025-11-04,SPY,-1.1964309215545654
2025-11-05,SPY,7.979836463928223
2025-11-06,SPY,-3.1988303661346436
2025-11-07,SPY,-2.2318296432495117
2025-11-10,SPY,4.840755462646484
2025-11-11,SPY,-1.1370638608932495
2025-11-12,SPY,-2.2999942302703857
2025-11-13,SPY,-2.377312421798706
2025-11-14,SPY,1.3886346817016602
2025-11-17,SPY,2.161508083343506
2025-11-18,SPY,3.8863279819488525
2025-11-19,SPY,6.853336334228516
2025-11-20,SPY,0.48004961013793945
2025-11-21,SPY,-0.7732053995132446
2025-11-24,SPY,-2.6244454383850098
2025-11-25,SPY,0.1185489147901535
2025-11-26,SPY,3.3885228633880615
2025-07-23,EURUSD=X,0.5181160569190979
2025-07-24,EURUSD=X,-9.7142333984375
2025-07-25,EURUSD=X,-9.775814056396484
2025-07-28,EURUSD=X,-4.080471515655518
2025-07-29,EURUSD=X,-3.4020402431488037
2025-07-30,EURUSD=X,9.775129318237305
2025-07-31,EURUSD=X,1.3137708902359009
2025-08-01,EURUSD=X,-3.3012027740478516
2025-08-04,EURUSD=X,-9.117939949035645
2025-08-05,EURUSD=X,1.5321179628372192
2025-08-06,EURUSD=X,1.8806469440460205
2025-08-07,EURUSD=X,9.782695770263672
2025-08-08,EURUSD=X,3.805166006088257
2025-08-11,EURUSD=X,-8.607301712036133
2025-08-12,EURUSD=X,6.601317882537842
2025-08-13,EURUSD=X,16.462329864501953
2025-08-14,EURUSD=X,14.431207656860352
2025-08-15,EURUSD=X,16.373525619506836
2025-08-18,EURUSD=X,15.799785614013672
2025-08-19,EURUSD=X,11.509915351867676
2025-08-20,EURUSD=X,10.195158004760742
2025-08-21,EURUSD=X,-14.357673645019531
2025-08-22,EURUSD=X,-6.973743915557861
2025-08-25,EURUSD=X,10.211045265197754
2025-08-26,EURUSD=X,-12.648438453674316
2025-08-27,EURUSD=X,-0.15879839658737183
2025-08-28,EURUSD=X,1.020895004272461
2025-08-29,EURUSD=X,0.2679796814918518
2025-09-01,EURUSD=X,-11.50313663482666
2025-09-02,EURUSD=X,-7.48570442199707
2025-09-03,EURUSD=X,-2.308453321456909
2025-09-04,EURUSD=X,-0.8974568247795105
2025-09-05,EURUSD=X,-4.02364444732666
2025-09-08,EURUSD=X,-0.15630127489566803
2025-09-09,EURUSD=X,10.864880561828613
2025-09-10,EURUSD=X,10.752427101135254
2025-09-11,EURUSD=X,7.257707118988037
2025-09-12,EURUSD=X,3.785008668899536
2025-09-15,EURUSD=X,-2.805741548538208
2025-09-16,EURUSD=X,1.6734740734100342
2025-09-17,EURUSD=X,15.757749557495117
2025-09-18,EURUSD=X,-9.768589973449707
2025-09-19,EURUSD=X,-0.4895227551460266
2025-09-22,EURUSD=X,3.401463747024536
2025-09-23,EURUSD=X,2.790088653564453
2025-09-24,EURUSD=X,4.548611640930176
2025-09-25,EURUSD=X,-16.549823760986328
2025-09-26,EURUSD=X,-11.113873481750488
2025-09-29,EURUSD=X,12.712654113769531
2025-09-30,EURUSD=X,-5.661294460296631
2025-10-01,EURUSD=X,-14.421114921569824
2025-10-02,EURUSD=X,12.91305160522461
2025-10-03,EURUSD=X,-5.4948272705078125
2025-10-06,EURUSD=X,-7.845473766326904
2025-10-07,EURUSD=X,-2.103374481201172
2025-10-08,EURUSD=X,9.263679504394531
2025-10-09,EURUSD=X,12.126673698425293
2025-10-10,EURUSD=X,9.084158897399902
2025-10-13,EURUSD=X,11.517518997192383
2025-10-14,EURUSD=X,14.040620803833008
2025-10-15,EURUSD=X,16.418479919433594
2025-10-16,EURUSD=X,5.748681545257568
2025-10-17,EURUSD=X,-6.850010871887207
2025-10-20,EURUSD=X,-3.4313933849334717
2025-10-21,EURUSD=X,-7.538218021392822
2025-10-22,EURUSD=X,10.599218368530273
2025-10-23,EURUSD=X,14.562431335449219
2025-10-24,EURUSD=X,11.763313293457031
2025-10-27,EURUSD=X,16.299301147460938
2025-10-28,EURUSD=X,3.8772566318511963
2025-10-29,EURUSD=X,2.4292426109313965
2025-10-30,EURUSD=X,-11.387794494628906
2025-10-31,EURUSD=X,16.83698081970215
2025-11-03,EURUSD=X,16.287900924682617
2025-11-04,EURUSD=X,10.911773681640625
2025-11-05,EURUSD=X,-6.258012771606445
2025-11-06,EURUSD=X,-7.365692138671875
2025-11-07,EURUSD=X,-7.09017276763916
2025-11-10,EURUSD=X,7.428960800170898
2025-11-11,EURUSD=X,0.988524854183197
2025-11-12,EURUSD=X,10.595063209533691
2025-11-13,EURUSD=X,-8.139941215515137
2025-11-14,EURUSD=X,-5.640416622161865
2025-11-17,EURUSD=X,2.4343583583831787
2025-11-18,EURUSD=X,13.385346412658691
2025-11-19,EURUSD=X,17.2930908203125
2025-11-20,EURUSD=X,12.14389419555664
2025-11-21,EURUSD=X,-1.5866807699203491
2025-11-24,EURUSD=X,-3.2870821952819824
2025-11-25,EURUSD=X,-13.433799743652344
2025-11-26,EURUSD=X,-18.455957412719727
2025-11-27,EURUSD=X,-9.390081405639648
2025-07-24,GLD,4.867548942565918
2025-07-25,GLD,-1.9622386693954468
2025-07-28,GLD,-0.8182876110076904
2025-07-29,GLD,-5.580266952514648
2025-07-30,GLD,-7.617371082305908
2025-07-31,GLD,0.019827358424663544
2025-08-01,GLD,1.006176471710205
2025-08-04,GLD,-7.536787986755371
2025-08-05,GLD,-2.559474468231201
2025-08-06,GLD,1.3096389770507812
2025-08-07,GLD,-2.8320960998535156
2025-08-08,GLD,6.205447196960449
2025-08-11,GLD,6.0019307136535645
2025-08-12,GLD,7.119715213775635
2025-08-13,GLD,7.776167869567871
2025-08-14,GLD,5.4794721603393555
2025-08-15,GLD,-0.9015170931816101
2025-08-18,GLD,6.105660915374756
2025-08-19,GLD,5.420540809631348
2025-08-20,GLD,-4.90466833114624
2025-08-21,GLD,-7.356788635253906
2025-08-22,GLD,0.8719966411590576
2025-08-25,GLD,1.5838119983673096
2025-08-26,GLD,-3.1908812522888184
2025-08-27,GLD,-2.834702968597412
2025-08-28,GLD,1.174383282661438
2025-08-29,GLD,-1.2985358238220215
2025-09-02,GLD,0.8240050077438354
2025-09-03,GLD,4.798978328704834
2025-09-04,GLD,3.163057327270508
2025-09-05,GLD,4.571203231811523
2025-09-08,GLD,-2.5520901679992676
2025-09-09,GLD,-6.270748615264893
2025-09-10,GLD,5.905029773712158
2025-09-11,GLD,3.785024404525757
2025-09-12,GLD,4.962902545928955
2025-09-15,GLD,2.769806146621704
2025-09-16,GLD,1.5511126518249512
2025-09-17,GLD,2.8892500400543213
2025-09-18,GLD,1.6813596487045288
2025-09-19,GLD,-3.4258460998535156
2025-09-22,GLD,-2.3094303607940674
2025-09-23,GLD,2.0662078857421875
2025-09-24,GLD,0.7342378497123718
2025-09-25,GLD,2.0321836471557617
2025-09-26,GLD,0.20072439312934875
2025-09-29,GLD,1.3825130462646484
2025-09-30,GLD,2.9237236976623535
2025-10-01,GLD,4.718069076538086
2025-10-02,GLD,3.316263437271118
2025-10-03,GLD,0.9939594864845276
2025-10-06,GLD,0.7745429277420044
2025-10-07,GLD,3.630816698074341
2025-10-08,GLD,4.136836051940918
2025-10-09,GLD,0.05699245259165764
2025-10-10,GLD,0.8196067810058594
2025-10-13,GLD,2.3792641162872314
2025-10-14,GLD,-0.5168359279632568
2025-10-15,GLD,1.7215299606323242
2025-10-16,GLD,3.355844736099243
2025-10-17,GLD,-1.9498637914657593
2025-10-20,GLD,1.366376519203186
2025-10-21,GLD,0.5379897952079773
2025-10-22,GLD,2.8577606678009033
2025-10-23,GLD,2.756885290145874
2025-10-24,GLD,-3.116591691970825
2025-10-27,GLD,1.5112425088882446
2025-10-28,GLD,5.127380847930908
2025-10-29,GLD,3.7956392765045166
2025-10-30,GLD,-0.7733756899833679
2025-10-31,GLD,-1.4194977283477783
2025-11-03,GLD,-1.4631768465042114
2025-11-04,GLD,0.7412406206130981
2025-11-05,GLD,0.8749099969863892
2025-11-06,GLD,-1.7289588451385498
2025-11-07,GLD,3.5237185955047607
2025-11-10,GLD,4.760771751403809
2025-11-11,GLD,1.4044362306594849
2025-11-12,GLD,-0.9765535593032837
2025-11-13,GLD,1.959707498550415
2025-11-14,GLD,3.565652370452881
2025-11-17,GLD,0.9916521906852722
2025-11-18,GLD,4.783514022827148
2025-11-19,GLD,-1.4188209772109985
2025-11-20,GLD,2.1469478607177734
2025-11-21,GLD,3.436494827270508
2025-11-24,GLD,0.9009693264961243
2025-11-25,GLD,1.7702586650848389
2025-11-26,GLD,2.388737678527832
2025-07-23,GC=F,-2.3942320346832275
2025-07-24,GC=F,4.845293998718262
2025-07-25,GC=F,-3.660944938659668
2025-07-28,GC=F,-1.9915311336517334
2025-07-29,GC=F,-3.464735507965088
2025-07-30,GC=F,-7.1653852462768555
2025-07-31,GC=F,-2.160191059112549
2025-08-01,GC=F,2.7727160453796387
2025-08-04,GC=F,-7.068562984466553
2025-08-05,GC=F,-2.647780179977417
2025-08-06,GC=F,-1.7120109796524048
2025-08-07,GC=F,-3.638943672180176
2025-08-08,GC=F,6.467279434204102
2025-08-11,GC=F,4.415795803070068
2025-08-12,GC=F,6.4162187576293945
2025-08-13,GC=F,7.0937018394470215
2025-08-14,GC=F,3.833303213119507
2025-08-15,GC=F,-5.307986259460449
2025-08-18,GC=F,5.215719223022461
2025-08-19,GC=F,4.944664001464844
2025-08-20,GC=F,-5.8253912925720215
2025-08-21,GC=F,-7.418355941772461
2025-08-22,GC=F,-0.47362104058265686
2025-08-25,GC=F,0.6402575373649597
2025-08-26,GC=F,-1.6769440174102783
2025-08-27,GC=F,1.0668506622314453
2025-08-28,GC=F,2.859722375869751
2025-08-29,GC=F,3.0751230716705322
2025-09-02,GC=F,0.8364760279655457
2025-09-03,GC=F,6.046979904174805
2025-09-04,GC=F,2.7771568298339844
2025-09-05,GC=F,4.8675408363342285
2025-09-08,GC=F,-2.733229160308838
2025-09-09,GC=F,-5.492898941040039
2025-09-10,GC=F,6.197866439819336
2025-09-11,GC=F,2.6211068630218506
2025-09-12,GC=F,4.0631561279296875
2025-09-15,GC=F,3.218336820602417
2025-09-16,GC=F,2.070006847381592
2025-09-17,GC=F,2.8732845783233643
2025-09-18,GC=F,1.4215538501739502
2025-09-19,GC=F,-2.3988802433013916
2025-09-22,GC=F,-1.8179082870483398
2025-09-23,GC=F,1.3306585550308228
2025-09-24,GC=F,-0.4217551350593567
2025-09-25,GC=F,2.1403613090515137
2025-09-26,GC=F,1.2830675840377808
2025-09-29,GC=F,-0.16787639260292053
2025-09-30,GC=F,0.9030391573905945
2025-10-01,GC=F,4.572871208190918
2025-10-02,GC=F,3.373338222503662
2025-10-03,GC=F,0.5828330516815186
2025-10-06,GC=F,0.07621441036462784
2025-10-07,GC=F,3.5653111934661865
2025-10-08,GC=F,5.8783698081970215
2025-10-09,GC=F,0.13758841156959534
2025-10-10,GC=F,-0.7439064383506775
2025-10-13,GC=F,3.3542003631591797
2025-10-14,GC=F,0.22020788490772247
2025-10-15,GC=F,-0.42074117064476013
2025-10-16,GC=F,4.152168273925781
2025-10-17,GC=F,-1.1333621740341187
2025-10-20,GC=F,0.28505444526672363
2025-10-21,GC=F,2.8195948600769043
2025-10-22,GC=F,4.374453067779541
2025-10-23,GC=F,3.716536045074463
2025-10-24,GC=F,-2.5005922317504883
2025-10-27,GC=F,-2.7438251972198486
2025-10-28,GC=F,3.837106704711914
2025-10-29,GC=F,2.6253273487091064
2025-10-30,GC=F,-0.40084272623062134
2025-10-31,GC=F,0.6959141492843628
2025-11-03,GC=F,2.292391538619995
2025-11-04,GC=F,2.9101204872131348
2025-11-05,GC=F,3.0692739486694336
2025-11-06,GC=F,1.2972311973571777
2025-11-07,GC=F,1.5737696886062622
2025-11-10,GC=F,2.8466544151306152
2025-11-11,GC=F,0.09928591549396515
2025-11-12,GC=F,-2.9119160175323486
2025-11-13,GC=F,0.2679732143878937
2025-11-14,GC=F,2.5973100662231445
2025-11-17,GC=F,2.401937961578369
2025-11-18,GC=F,3.747097969055176
2025-11-19,GC=F,0.8342929482460022
2025-11-20,GC=F,2.049630641937256
2025-11-21,GC=F,1.9785326719284058
2025-11-24,GC=F,0.7836134433746338
2025-11-25,GC=F,2.3906874656677246
2025-11-26,GC=F,1.9459813833236694
2025-07-23,HDFCBANK.NS,-3.2139554023742676
2025-07-24,HDFCBANK.NS,4.6813178062438965
2025-07-25,HDFCBANK.NS,1.2142198085784912
2025-07-28,HDFCBANK.NS,-2.5148396492004395
2025-07-29,HDFCBANK.NS,2.562422513961792
2025-07-30,HDFCBANK.NS,3.0502023696899414
2025-07-31,HDFCBANK.NS,3.367553949356079
2025-08-01,HDFCBANK.NS,4.993488311767578
2025-08-04,HDFCBANK.NS,-6.136322021484375
2025-08-05,HDFCBANK.NS,1.0508517026901245
2025-08-06,HDFCBANK.NS,5.752802848815918
2025-08-07,HDFCBANK.NS,3.840339183807373
2025-08-08,HDFCBANK.NS,-3.82426381111145
2025-08-11,HDFCBANK.NS,-4.342217922210693
2025-08-12,HDFCBANK.NS,-4.255000114440918
2025-08-13,HDFCBANK.NS,2.855348825454712
2025-08-14,HDFCBANK.NS,0.2260763943195343
2025-08-18,HDFCBANK.NS,-0.9272900223731995
2025-08-19,HDFCBANK.NS,-2.3468353748321533
2025-08-20,HDFCBANK.NS,0.2167556881904602
2025-08-21,HDFCBANK.NS,0.595844030380249
2025-08-22,HDFCBANK.NS,1.1661243438720703
2025-08-25,HDFCBANK.NS,5.236011505126953
2025-08-26,HDFCBANK.NS,-2.030599355697632
2025-08-28,HDFCBANK.NS,-1.6796231269836426
2025-08-29,HDFCBANK.NS,-6.004429340362549
2025-09-01,HDFCBANK.NS,-1.7281625270843506
2025-09-02,HDFCBANK.NS,-0.44225990772247314
2025-09-03,HDFCBANK.NS,6.5834455490112305
2025-09-04,HDFCBANK.NS,0.2296181470155716
2025-09-05,HDFCBANK.NS,-2.0702579021453857
2025-09-08,HDFCBANK.NS,-0.04902327060699463
2025-09-09,HDFCBANK.NS,0.13142535090446472
2025-09-10,HDFCBANK.NS,3.4700517654418945
2025-09-11,HDFCBANK.NS,7.098332405090332
2025-09-12,HDFCBANK.NS,6.225488185882568
2025-09-15,HDFCBANK.NS,4.26690149307251
2025-09-16,HDFCBANK.NS,6.276451587677002
2025-09-17,HDFCBANK.NS,1.4135798215866089
2025-09-18,HDFCBANK.NS,-4.863943099975586
2025-09-19,HDFCBANK.NS,0.028216587379574776
2025-09-22,HDFCBANK.NS,1.030668020248413
2025-09-23,HDFCBANK.NS,3.6813509464263916
2025-09-24,HDFCBANK.NS,-3.0971519947052
2025-09-25,HDFCBANK.NS,-3.6740875244140625
2025-09-26,HDFCBANK.NS,-5.86431884765625
2025-09-29,HDFCBANK.NS,-6.567348480224609
2025-09-30,HDFCBANK.NS,-7.034555435180664
2025-10-01,HDFCBANK.NS,-1.5272576808929443
2025-10-03,HDFCBANK.NS,-5.611988544464111
2025-10-06,HDFCBANK.NS,-5.1321516036987305
2025-10-07,HDFCBANK.NS,-0.7742030620574951
2025-10-08,HDFCBANK.NS,-4.7571120262146
2025-10-09,HDFCBANK.NS,5.902002811431885
2025-10-10,HDFCBANK.NS,7.93658971786499
2025-10-13,HDFCBANK.NS,7.663219928741455
2025-10-14,HDFCBANK.NS,5.998568058013916
2025-10-15,HDFCBANK.NS,6.839339733123779
2025-10-16,HDFCBANK.NS,4.87069845199585
2025-10-17,HDFCBANK.NS,-0.4453882873058319
2025-10-20,HDFCBANK.NS,6.33204984664917
2025-10-21,HDFCBANK.NS,1.3488386869430542
2025-10-23,HDFCBANK.NS,3.588513135910034
2025-10-24,HDFCBANK.NS,-4.184533596038818
2025-10-27,HDFCBANK.NS,-1.9623841047286987
2025-10-28,HDFCBANK.NS,1.925624966621399
2025-10-29,HDFCBANK.NS,4.985624313354492
2025-10-30,HDFCBANK.NS,3.199077606201172
2025-10-31,HDFCBANK.NS,0.7049798369407654
2025-11-03,HDFCBANK.NS,3.939478874206543
2025-11-04,HDFCBANK.NS,1.4437378644943237
2025-11-06,HDFCBANK.NS,-0.9056649208068848
2025-11-07,HDFCBANK.NS,2.314743757247925
2025-11-10,HDFCBANK.NS,1.8448512554168701
2025-11-11,HDFCBANK.NS,-3.590881586074829
2025-11-12,HDFCBANK.NS,-2.940058469772339
2025-11-13,HDFCBANK.NS,1.1977460384368896
2025-11-14,HDFCBANK.NS,2.4917144775390625
2025-11-17,HDFCBANK.NS,-1.5899790525436401
2025-11-18,HDFCBANK.NS,-4.283145904541016
2025-11-19,HDFCBANK.NS,0.23599816858768463
2025-11-20,HDFCBANK.NS,3.4720988273620605
2025-11-21,HDFCBANK.NS,-2.9727375507354736
2025-11-24,HDFCBANK.NS,0.23151488602161407
2025-11-25,HDFCBANK.NS,1.2872039079666138
2025-11-26,HDFCBANK.NS,7.887933731079102
2025-11-27,HDFCBANK.NS,-1.638933539390564
2025-07-24,AMZN,0.7406157851219177
2025-07-25,AMZN,-1.1981333494186401
2025-07-28,AMZN,-0.654674768447876
2025-07-29,AMZN,0.2147621512413025
2025-07-30,AMZN,0.753132164478302
2025-07-31,AMZN,-0.5341273546218872
2025-08-01,AMZN,-3.479886293411255
2025-08-04,AMZN,1.8859996795654297
2025-08-05,AMZN,3.63230037689209
2025-08-06,AMZN,-2.7856392860412598
2025-08-07,AMZN,-3.451627254486084
2025-08-08,AMZN,2.2171900272369385
2025-08-11,AMZN,0.591307520866394
2025-08-12,AMZN,2.1417694091796875
2025-08-13,AMZN,-0.3556680381298065
2025-08-14,AMZN,1.7257872819900513
2025-08-15,AMZN,2.981104850769043
2025-08-18,AMZN,3.3562915325164795
2025-08-19,AMZN,2.6261589527130127
2025-08-20,AMZN,3.597228527069092
2025-08-21,AMZN,3.2424068450927734
2025-08-22,AMZN,1.874159336090088
2025-08-25,AMZN,-3.6149754524230957
2025-08-26,AMZN,-1.44338858127594
2025-08-27,AMZN,2.287405252456665
2025-08-28,AMZN,-0.7767196297645569
2025-08-29,AMZN,0.3831411302089691
2025-09-02,AMZN,2.1221156120300293
2025-09-03,AMZN,2.607766628265381
2025-09-04,AMZN,3.212028980255127
2025-09-05,AMZN,-2.90435528755188
2025-09-08,AMZN,2.7304279804229736
2025-09-09,AMZN,2.793928384780884
2025-09-10,AMZN,-0.06169157847762108
2025-09-11,AMZN,0.1444522589445114
2025-09-12,AMZN,-0.5887033343315125
2025-09-15,AMZN,1.5578011274337769
2025-09-16,AMZN,3.4698708057403564
2025-09-17,AMZN,-1.124122977256775
2025-09-18,AMZN,1.811489462852478
2025-09-19,AMZN,1.9350510835647583
2025-09-22,AMZN,1.068658709526062
2025-09-23,AMZN,1.2990282773971558
2025-09-24,AMZN,3.4552698135375977
2025-09-25,AMZN,3.0639660358428955
2025-09-26,AMZN,-2.1090357303619385
2025-09-29,AMZN,4.2563886642456055
2025-09-30,AMZN,3.984919309616089
2025-10-01,AMZN,3.7166543006896973
2025-10-02,AMZN,2.5046193599700928
2025-10-03,AMZN,1.2738853693008423
2025-10-06,AMZN,2.2858994007110596
2025-10-07,AMZN,2.761510133743286
2025-10-08,AMZN,3.951781749725342
2025-10-09,AMZN,3.3262059688568115
2025-10-10,AMZN,3.0185277462005615
2025-10-13,AMZN,3.464845657348633
2025-10-14,AMZN,2.7348215579986572
2025-10-15,AMZN,1.5237957239151
2025-10-16,AMZN,-3.3279898166656494
2025-10-17,AMZN,-0.7705848813056946
2025-10-20,AMZN,-2.621727228164673
2025-10-21,AMZN,-2.956838369369507
2025-10-22,AMZN,-3.494579553604126
2025-10-23,AMZN,2.516956090927124
2025-10-24,AMZN,3.490147829055786
2025-10-27,AMZN,1.3248560428619385
2025-10-28,AMZN,-1.0638201236724854
2025-10-29,AMZN,4.030951499938965
2025-10-30,AMZN,1.8544094562530518
2025-10-31,AMZN,2.5661556720733643
2025-11-03,AMZN,0.20341303944587708
2025-11-04,AMZN,-0.20215144753456116
2025-11-05,AMZN,3.868739366531372
2025-11-06,AMZN,0.47560009360313416
2025-11-07,AMZN,-3.9490132331848145
2025-11-10,AMZN,2.0780928134918213
2025-11-11,AMZN,2.6644744873046875
2025-11-12,AMZN,2.509512424468994
2025-11-13,AMZN,1.8461318016052246
2025-11-14,AMZN,-2.3565351963043213
2025-11-17,AMZN,0.06981825828552246
2025-11-18,AMZN,3.5829992294311523
2025-11-19,AMZN,1.295457363128662
2025-11-20,AMZN,-0.8572686910629272
2025-11-21,AMZN,2.05403733253479
2025-11-24,AMZN,2.0584752559661865
2025-11-25,AMZN,2.5247573852539062
2025-11-26,AMZN,1.7647944688796997
2025-07-24,UNH,2.0314714908599854
2025-07-25,UNH,0.09063135832548141
2025-07-28,UNH,1.3731435537338257
2025-07-29,UNH,1.7611393928527832
2025-07-30,UNH,1.0300171375274658
2025-07-31,UNH,1.7298450469970703
2025-08-01,UNH,1.8772618770599365
2025-08-04,UNH,0.12361246347427368
2025-08-05,UNH,-0.35806384682655334
2025-08-06,UNH,0.5496978163719177
2025-08-07,UNH,1.2528549432754517
2025-08-08,UNH,1.8858531713485718
2025-08-11,UNH,0.27882564067840576
2025-08-12,UNH,0.5579343438148499
2025-08-13,UNH,1.664602518081665
2025-08-14,UNH,1.431773066520691
2025-08-15,UNH,0.39431172609329224
2025-08-18,UNH,-1.015658974647522
2025-08-19,UNH,-0.48613306879997253
2025-08-20,UNH,2.4441568851470947
2025-08-21,UNH,1.6105071306228638
2025-08-22,UNH,-0.9875708818435669
2025-08-25,UNH,-0.5689069032669067
2025-08-26,UNH,1.4673079252243042
2025-08-27,UNH,1.3442219495773315
2025-08-28,UNH,1.3906131982803345
2025-08-29,UNH,-0.5071517825126648
2025-09-02,UNH,-0.3307487964630127
2025-09-03,UNH,1.5305155515670776
2025-09-04,UNH,-1.1221702098846436
2025-09-05,UNH,-1.2090198993682861
2025-09-08,UNH,-0.46221670508384705
2025-09-09,UNH,1.481081247329712
2025-09-10,UNH,0.2779633104801178
2025-09-11,UNH,0.9557658433914185
2025-09-12,UNH,1.3239179849624634
2025-09-15,UNH,-0.14936910569667816
2025-09-16,UNH,-0.7796990871429443
2025-09-17,UNH,-0.014573636464774609
2025-09-18,UNH,-1.7201297283172607
2025-09-19,UNH,1.4353936910629272
2025-09-22,UNH,1.5592678785324097
2025-09-23,UNH,0.063269704580307
2025-09-24,UNH,0.759829044342041
2025-09-25,UNH,1.02567458152771
2025-09-26,UNH,-0.6028086543083191
2025-09-29,UNH,0.5377258658409119
2025-09-30,UNH,0.416156142950058
2025-10-01,UNH,1.0322022438049316
2025-10-02,UNH,0.7929354906082153
2025-10-03,UNH,0.7158191204071045
2025-10-06,UNH,-0.16459733247756958
2025-10-07,UNH,0.6015927195549011
2025-10-08,UNH,1.1654616594314575
2025-10-09,UNH,0.5515583753585815
2025-10-10,UNH,-0.729080855846405
2025-10-13,UNH,1.265781044960022
2025-10-14,UNH,-0.18136955797672272
2025-10-15,UNH,0.29889413714408875
2025-10-16,UNH,2.06241512298584
2025-10-17,UNH,2.047936201095581
2025-10-20,UNH,1.5838205814361572
2025-10-21,UNH,-1.8218278884887695
2025-10-22,UNH,-2.1495847702026367
2025-10-23,UNH,0.9072375893592834
2025-10-24,UNH,1.1875842809677124
2025-10-27,UNH,-0.4469027817249298
2025-10-28,UNH,-0.5305582880973816
2025-10-29,UNH,1.3456933498382568
2025-10-30,UNH,2.1679201126098633
2025-10-31,UNH,1.5578638315200806
2025-11-03,UNH,-1.1140022277832031
2025-11-04,UNH,-0.4908173382282257
2025-11-05,UNH,3.1985528469085693
2025-11-06,UNH,-1.7789463996887207
2025-11-07,UNH,0.38011282682418823
2025-11-10,UNH,1.580768346786499
2025-11-11,UNH,1.519136905670166
2025-11-12,UNH,1.3824584484100342
2025-11-13,UNH,0.218500018119812
2025-11-14,UNH,2.598771333694458
2025-11-17,UNH,2.4389848709106445
2025-11-18,UNH,3.0202555656433105
2025-11-19,UNH,1.783722162246704
2025-11-20,UNH,0.03850477561354637
2025-11-21,UNH,-0.6201376914978027
2025-11-24,UNH,-1.9306814670562744
2025-11-25,UNH,-1.5780212879180908
2025-11-26,UNH,-1.1653850078582764
2025-07-24,META,0.28289732336997986
2025-07-25,META,0.12556572258472443
2025-07-28,META,-0.280632883310318
2025-07-29,META,0.609921932220459
2025-07-30,META,1.60397469997406
2025-07-31,META,1.9600101709365845
2025-08-01,META,-2.708265781402588
2025-08-04,META,0.3765261173248291
2025-08-05,META,2.68679141998291
2025-08-06,META,1.9098652601242065
2025-08-07,META,-0.800666332244873
2025-08-08,META,2.4075026512145996
2025-08-11,META,-2.7738327980041504
2025-08-12,META,2.884685516357422
2025-08-13,META,1.8860361576080322
2025-08-14,META,-2.6105427742004395
2025-08-15,META,2.953230381011963
2025-08-18,META,2.999387741088867
2025-08-19,META,-3.5490453243255615
2025-08-20,META,0.6721548438072205
2025-08-21,META,0.5158247351646423
2025-08-22,META,1.2189851999282837
2025-08-25,META,0.014638963155448437
2025-08-26,META,0.1520552784204483
2025-08-27,META,2.0277750492095947
2025-08-28,META,1.0420724153518677
2025-08-29,META,-0.5377204418182373
2025-09-02,META,0.8283475041389465
2025-09-03,META,2.2851715087890625
2025-09-04,META,2.3752634525299072
2025-09-05,META,2.128624200820923
2025-09-08,META,2.828669548034668
2025-09-09,META,0.16124263405799866
2025-09-10,META,0.8198689818382263
2025-09-11,META,1.600474238395691
2025-09-12,META,2.0296244621276855
2025-09-15,META,1.2099443674087524
2025-09-16,META,1.1644377708435059
2025-09-17,META,-0.9849868416786194
2025-09-18,META,2.5449352264404297
2025-09-19,META,2.699676036834717
2025-09-22,META,-2.074463367462158
2025-09-23,META,-2.2252309322357178
2025-09-24,META,0.8154447078704834
2025-09-25,META,-3.0597524642944336
2025-09-26,META,-2.020061731338501
2025-09-29,META,1.8066493272781372
2025-09-30,META,1.1452440023422241
2025-10-01,META,3.1018118858337402
2025-10-02,META,2.9088876247406006
2025-10-03,META,-1.9769086837768555
2025-10-06,META,1.2787107229232788
2025-10-07,META,2.188141345977783
2025-10-08,META,1.894582748413086
2025-10-09,META,3.157205581665039
2025-10-10,META,2.3082797527313232
2025-10-13,META,-0.7768944501876831
2025-10-14,META,2.028204917907715
2025-10-15,META,1.6449962854385376
2025-10-16,META,1.6034126281738281
2025-10-17,META,1.7522376775741577
2025-10-20,META,1.2751742601394653
2025-10-21,META,-2.4768552780151367
2025-10-22,META,-2.7539188861846924
2025-10-23,META,1.3007994890213013
2025-10-24,META,2.2595109939575195
2025-10-27,META,0.1375655084848404
2025-10-28,META,-1.9989575147628784
2025-10-29,META,2.900805950164795
2025-10-30,META,-2.0690019130706787
2025-10-31,META,2.050539970397949
2025-11-03,META,-3.2963125705718994
2025-11-04,META,-3.5551609992980957
2025-11-05,META,-1.7503089904785156
2025-11-06,META,-0.4387145936489105
2025-11-07,META,-1.1100438833236694
2025-11-10,META,2.62780499458313
2025-11-11,META,1.8505866527557373
2025-11-12,META,2.2398693561553955
2025-11-13,META,0.8184731602668762
2025-11-14,META,3.73836612701416
2025-11-17,META,3.431936264038086
2025-11-18,META,3.8739171028137207
2025-11-19,META,3.5692079067230225
2025-11-20,META,1.6401525735855103
2025-11-21,META,1.3038069009780884
2025-11-24,META,-0.339778870344162
2025-11-25,META,-0.5102618932723999
2025-11-26,META,-1.768588900566101
2025-09-09,^NSEI,1.9593273401260376
2025-09-10,^NSEI,2.9804270267486572
2025-09-11,^NSEI,4.071608543395996
2025-09-12,^NSEI,4.313704490661621
2025-09-15,^NSEI,-0.2881799340248108
2025-09-16,^NSEI,2.287666082382202
2025-09-17,^NSEI,-1.2215100526809692
2025-09-18,^NSEI,-6.2613677978515625
2025-09-19,^NSEI,-3.662025213241577
2025-09-22,^NSEI,-5.031078338623047
2025-09-23,^NSEI,-4.498592376708984
2025-09-24,^NSEI,-2.4971354007720947
2025-09-25,^NSEI,0.27503785490989685
2025-09-26,^NSEI,-4.571749687194824
2025-09-29,^NSEI,2.8526225090026855
2025-09-30,^NSEI,-4.318342685699463
2025-10-01,^NSEI,-8.675101280212402
2025-10-03,^NSEI,-6.592166900634766
2025-10-06,^NSEI,-6.428818702697754
2025-10-07,^NSEI,-5.182568073272705
2025-10-08,^NSEI,1.7538164854049683
2025-10-09,^NSEI,-1.332684874534607
2025-10-10,^NSEI,2.823697328567505
2025-10-13,^NSEI,1.7204208374023438
2025-10-14,^NSEI,3.0081138610839844
2025-10-15,^NSEI,8.977872848510742
2025-10-16,^NSEI,8.211122512817383
2025-10-17,^NSEI,4.326559066772461
2025-10-20,^NSEI,4.100790977478027
2025-10-21,^NSEI,7.938601016998291
2025-10-23,^NSEI,3.988374710083008
2025-10-24,^NSEI,-9.578726768493652
2025-10-27,^NSEI,-3.825255870819092
2025-10-28,^NSEI,2.3697216510772705
2025-10-29,^NSEI,1.7498974800109863
2025-10-30,^NSEI,0.07803841680288315
2025-10-31,^NSEI,2.1451241970062256
2025-11-03,^NSEI,4.883505344390869
2025-11-04,^NSEI,-1.6608045101165771
2025-11-06,^NSEI,-4.141842842102051
2025-11-07,^NSEI,-5.686965465545654
2025-11-10,^NSEI,-1.0849958658218384
2025-11-11,^NSEI,0.3467393219470978
2025-11-12,^NSEI,0.5456855893135071
2025-11-13,^NSEI,3.0411977767944336
2025-11-14,^NSEI,0.35082441568374634
2025-11-17,^NSEI,-1.496891736984253
2025-11-18,^NSEI,-3.003539562225342
2025-11-19,^NSEI,1.8259625434875488
2025-11-20,^NSEI,4.364981174468994
2025-11-21,^NSEI,-1.0749952793121338
2025-11-24,^NSEI,4.350739479064941
2025-11-25,^NSEI,4.536188125610352
2025-11-26,^NSEI,3.312791109085083
2025-11-27,^NSEI,0.3030892014503479
2025-12-23,DX-Y.NYB,10.9618558883667
2025-12-24,DX-Y.NYB,18.023759841918945
2025-12-26,DX-Y.NYB,-5.997354030609131
2025-12-29,DX-Y.NYB,-15.94040584564209
2025-12-30,DX-Y.NYB,-9.075909614562988
2025-12-31,DX-Y.NYB,-1.942142128944397
2026-01-02,DX-Y.NYB,-18.480632781982422
2026-01-05,DX-Y.NYB,-13.92529296875
2026-01-06,DX-Y.NYB,6.107748031616211
2026-01-07,DX-Y.NYB,-14.433342933654785
2026-01-08,DX-Y.NYB,-17.579259872436523
2026-01-09,DX-Y.NYB,-19.850839614868164
2026-01-12,DX-Y.NYB,-4.533904075622559
2026-01-13,DX-Y.NYB,14.127788543701172
2026-01-14,DX-Y.NYB,-21.115995407104492
2026-01-15,DX-Y.NYB,-19.83116340637207
2026-01-16,DX-Y.NYB,-2.871020793914795
2026-01-20,DX-Y.NYB,-15.250753402709961
2026-01-21,DX-Y.NYB,17.96983528137207
2026-01-22,DX-Y.NYB,7.027867317199707
2026-01-23,DX-Y.NYB,20.723304748535156
2026-01-26,DX-Y.NYB,24.71227264404297
2026-01-27,DX-Y.NYB,24.469223022460938
2026-01-28,DX-Y.NYB,15.425572395324707
2026-01-29,DX-Y.NYB,18.448566436767578
2026-01-30,DX-Y.NYB,22.287433624267578
2026-02-02,DX-Y.NYB,18.76658058166504
2026-02-03,DX-Y.NYB,16.504764556884766
2026-02-04,DX-Y.NYB,3.5108323097229004
2026-02-05,DX-Y.NYB,-6.288908004760742
2026-02-06,DX-Y.NYB,11.378918647766113
2026-02-09,DX-Y.NYB,14.324503898620605
2026-02-10,DX-Y.NYB,20.91082763671875
2026-02-11,DX-Y.NYB,17.67270851135254
2026-02-12,DX-Y.NYB,-4.700198650360107
2026-02-13,DX-Y.NYB,6.396595001220703
2026-02-17,DX-Y.NYB,-10.241546630859375
2026-02-18,DX-Y.NYB,9.705045700073242
2026-02-19,DX-Y.NYB,-17.673553466796875
2026-02-20,DX-Y.NYB,-19.10210418701172
2026-02-23,DX-Y.NYB,13.195661544799805
2026-02-24,DX-Y.NYB,13.500469207763672
2026-02-25,DX-Y.NYB,1.980641484260559
2026-02-26,DX-Y.NYB,-0.6622347235679626
2026-02-27,DX-Y.NYB,2.770228385925293
2026-03-02,DX-Y.NYB,4.413642406463623
2026-03-03,DX-Y.NYB,-13.468478202819824
2026-03-04,DX-Y.NYB,-13.520255088806152
2026-03-05,DX-Y.NYB,22.4952392578125
2026-03-06,DX-Y.NYB,6.04788064956665
2026-03-09,DX-Y.NYB,-13.767655372619629
2026-03-10,DX-Y.NYB,-17.63933753967285
2026-03-11,DX-Y.NYB,3.103351593017578
2026-03-12,DX-Y.NYB,9.058292388916016
2026-03-13,DX-Y.NYB,8.40353012084961
2026-03-16,DX-Y.NYB,4.88694953918457
2026-03-17,DX-Y.NYB,20.166654586791992
2026-03-18,DX-Y.NYB,18.9719295501709
2026-03-19,DX-Y.NYB,-9.89760684967041
2026-03-20,DX-Y.NYB,-5.454843997955322
2026-03-23,DX-Y.NYB,12.721467018127441
2026-03-24,DX-Y.NYB,13.441218376159668
2026-03-25,DX-Y.NYB,11.661224365234375
2026-03-26,DX-Y.NYB,8.976544380187988
2026-03-27,DX-Y.NYB,11.103931427001953
2026-03-30,DX-Y.NYB,12.393962860107422
2026-03-31,DX-Y.NYB,7.561474800109863
2026-04-01,DX-Y.NYB,8.740853309631348
2026-04-02,DX-Y.NYB,17.454851150512695
2026-04-06,DX-Y.NYB,5.669027328491211
2026-04-07,DX-Y.NYB,-8.059964179992676
2026-04-08,DX-Y.NYB,19.794557571411133
2026-04-09,DX-Y.NYB,20.497533798217773
2026-04-10,DX-Y.NYB,22.61249542236328
2026-04-13,DX-Y.NYB,19.88690948486328
2026-04-14,DX-Y.NYB,21.516082763671875
2026-04-15,DX-Y.NYB,23.315153121948242
2026-04-16,DX-Y.NYB,18.422542572021484
2026-04-17,DX-Y.NYB,8.40893268585205
2026-04-20,DX-Y.NYB,16.80752182006836
2026-04-21,DX-Y.NYB,18.189455032348633
2026-04-22,DX-Y.NYB,-2.960901975631714
2026-04-23,DX-Y.NYB,-5.0208420753479
2026-04-24,DX-Y.NYB,-6.524302959442139
2026-04-27,DX-Y.NYB,1.8131498098373413
2026-04-28,DX-Y.NYB,3.129481792449951
2026-04-29,DX-Y.NYB,-17.278470993041992
2025-12-23,GBPUSD=X,-10.007078170776367
2025-12-24,GBPUSD=X,10.324176788330078
2025-12-26,GBPUSD=X,11.332640647888184
2025-12-29,GBPUSD=X,13.901659965515137
2025-12-30,GBPUSD=X,17.372766494750977
2025-12-31,GBPUSD=X,2.1311326026916504
2026-01-02,GBPUSD=X,3.811302661895752
2026-01-05,GBPUSD=X,14.574098587036133
2026-01-06,GBPUSD=X,17.59946632385254
2026-01-07,GBPUSD=X,0.33786454796791077
2026-01-08,GBPUSD=X,16.084957122802734
2026-01-09,GBPUSD=X,21.867460250854492
2026-01-12,GBPUSD=X,22.808324813842773
2026-01-13,GBPUSD=X,16.199129104614258
2026-01-14,GBPUSD=X,-7.78106164932251
2026-01-15,GBPUSD=X,14.745747566223145
2026-01-16,GBPUSD=X,16.479000091552734
2026-01-19,GBPUSD=X,18.353242874145508
2026-01-20,GBPUSD=X,13.178444862365723
2026-01-21,GBPUSD=X,17.349166870117188
2026-01-22,GBPUSD=X,15.416702270507812
2026-01-23,GBPUSD=X,-12.079780578613281
2026-01-26,GBPUSD=X,-15.120186805725098
2026-01-27,GBPUSD=X,15.773219108581543
2026-01-28,GBPUSD=X,3.6433446407318115
2026-01-29,GBPUSD=X,10.6160888671875
2026-01-30,GBPUSD=X,9.245920181274414
2026-02-02,GBPUSD=X,7.572083473205566
2026-02-03,GBPUSD=X,5.9709367752075195
2026-02-04,GBPUSD=X,0.3776291310787201
2026-02-05,GBPUSD=X,5.7344441413879395
2026-02-06,GBPUSD=X,5.397456169128418
2026-02-09,GBPUSD=X,21.056686401367188
2026-02-10,GBPUSD=X,21.830854415893555
2026-02-11,GBPUSD=X,11.238588333129883
2026-02-12,GBPUSD=X,-12.42843246459961
2026-02-13,GBPUSD=X,16.727798461914062
2026-02-16,GBPUSD=X,7.523648738861084
2026-02-17,GBPUSD=X,7.246728897094727
2026-02-18,GBPUSD=X,2.4564309120178223
2026-02-19,GBPUSD=X,11.62149429321289
2026-02-20,GBPUSD=X,14.949469566345215
2026-02-23,GBPUSD=X,-0.309122771024704
2026-02-24,GBPUSD=X,10.88698673248291
2026-02-25,GBPUSD=X,20.456087112426758
2026-02-26,GBPUSD=X,18.742151260375977
2026-02-27,GBPUSD=X,-3.076584815979004
2026-03-02,GBPUSD=X,11.438752174377441
2026-03-03,GBPUSD=X,11.628499984741211
2026-03-04,GBPUSD=X,5.689364910125732
2026-03-05,GBPUSD=X,-13.943138122558594
2026-03-06,GBPUSD=X,-6.2000203132629395
2026-03-09,GBPUSD=X,-3.713040828704834
2026-03-10,GBPUSD=X,3.653594970703125
2026-03-11,GBPUSD=X,-1.8965929746627808
2026-03-12,GBPUSD=X,-16.292613983154297
2026-03-13,GBPUSD=X,10.90700626373291
2026-03-16,GBPUSD=X,16.4285945892334
2026-03-17,GBPUSD=X,-7.660019874572754
2026-03-18,GBPUSD=X,-5.952109336853027
2026-03-19,GBPUSD=X,-11.204941749572754
2026-03-20,GBPUSD=X,-7.94185733795166
2026-03-23,GBPUSD=X,-3.0990488529205322
2026-03-24,GBPUSD=X,-11.689784049987793
2026-03-25,GBPUSD=X,-8.085748672485352
2026-03-26,GBPUSD=X,14.928502082824707
2026-03-27,GBPUSD=X,1.2077466249465942
2026-03-30,GBPUSD=X,6.6081318855285645
2026-03-31,GBPUSD=X,6.010159492492676
2026-04-01,GBPUSD=X,10.299850463867188
2026-04-02,GBPUSD=X,10.61992073059082
2026-04-03,GBPUSD=X,-16.662899017333984
2026-04-06,GBPUSD=X,8.93332290649414
2026-04-07,GBPUSD=X,20.664796829223633
2026-04-08,GBPUSD=X,-13.714339256286621
2026-04-09,GBPUSD=X,-3.072239875793457
2026-04-10,GBPUSD=X,4.577165126800537
2026-04-13,GBPUSD=X,12.956805229187012
2026-04-14,GBPUSD=X,18.05815315246582
2026-04-15,GBPUSD=X,14.61353874206543
2026-04-16,GBPUSD=X,14.410929679870605
2026-04-17,GBPUSD=X,17.407081604003906
2026-04-20,GBPUSD=X,3.3277101516723633
2026-04-21,GBPUSD=X,-18.15598487854004
2026-04-22,GBPUSD=X,-5.1733784675598145
2026-04-23,GBPUSD=X,18.000715255737305
2026-04-24,GBPUSD=X,20.208786010742188
2026-04-27,GBPUSD=X,-14.497846603393555
2026-04-28,GBPUSD=X,-2.9989259243011475
2026-04-29,GBPUSD=X,10.0172700881958
2025-12-23,AAPL,2.6095142364501953
2025-12-24,AAPL,3.8989691734313965
2025-12-26,AAPL,2.195244789123535
2025-12-29,AAPL,1.9520903825759888
2025-12-30,AAPL,1.3266444206237793
2025-12-31,AAPL,0.031496576964855194
2026-01-02,AAPL,-1.121519923210144
2026-01-05,AAPL,0.939914882183075
2026-01-06,AAPL,-1.7630019187927246
2026-01-07,AAPL,3.2168118953704834
2026-01-08,AAPL,3.0841314792633057
2026-01-09,AAPL,-0.5478618741035461
2026-01-12,AAPL,5.085625648498535
2026-01-13,AAPL,3.0516531467437744
2026-01-14,AAPL,-0.5062239766120911
2026-01-15,AAPL,0.14142177999019623
2026-01-16,AAPL,-2.0222280025482178
2026-01-20,AAPL,3.1262030601501465
2026-01-21,AAPL,4.11174201965332
2026-01-22,AAPL,2.1410021781921387
2026-01-23,AAPL,0.2735079824924469
2026-01-26,AAPL,1.647390365600586
2026-01-27,AAPL,-1.6923058032989502
2026-01-28,AAPL,-2.129075527191162
2026-01-29,AAPL,-0.26507502794265747
2026-01-30,AAPL,1.386569857597351
2026-02-02,AAPL,-2.9878430366516113
2026-02-03,AAPL,0.23222100734710693
2026-02-04,AAPL,-1.8902148008346558
2026-02-05,AAPL,-2.6248719692230225
2026-02-06,AAPL,-0.4320715665817261
2026-02-09,AAPL,-3.2734732627868652
2026-02-10,AAPL,-0.5928308367729187
2026-02-11,AAPL,3.7164177894592285
2026-02-12,AAPL,-5.013638019561768
2026-02-13,AAPL,1.066617488861084
2026-02-17,AAPL,5.407316207885742
2026-02-18,AAPL,5.449571132659912
2026-02-19,AAPL,5.394716739654541
2026-02-20,AAPL,5.529731273651123
2026-02-23,AAPL,5.548137664794922
2026-02-24,AAPL,1.4194512367248535
2026-02-25,AAPL,1.8756954669952393
2026-02-26,AAPL,1.3782936334609985
2026-02-27,AAPL,3.7876241207122803
2026-03-02,AAPL,4.897546291351318
2026-03-03,AAPL,-0.9535138010978699
2026-03-04,AAPL,3.405933141708374
2026-03-05,AAPL,5.197885990142822
2026-03-06,AAPL,-0.42475882172584534
2026-03-09,AAPL,1.8615199327468872
2026-03-10,AAPL,5.429686546325684
2026-03-11,AAPL,3.7536609172821045
2026-03-12,AAPL,5.1181182861328125
2026-03-13,AAPL,2.488278865814209
2026-03-16,AAPL,-1.1207445859909058
2026-03-17,AAPL,-1.585013508796692
2026-03-18,AAPL,1.7709932327270508
2026-03-19,AAPL,2.338510513305664
2026-03-20,AAPL,2.29203462600708
2026-03-23,AAPL,-1.512533187866211
2026-03-24,AAPL,-1.6225873231887817
2026-03-25,AAPL,1.1703572273254395
2026-03-26,AAPL,0.851415753364563
2026-03-27,AAPL,0.15219765901565552
2026-03-30,AAPL,0.5467394590377808
2026-03-31,AAPL,1.274056315422058
2026-04-01,AAPL,1.5519593954086304
2026-04-02,AAPL,-3.735419750213623
2026-04-06,AAPL,-3.6682138442993164
2026-04-07,AAPL,2.084610939025879
2026-04-08,AAPL,3.4176077842712402
2026-04-09,AAPL,-1.2483727931976318
2026-04-10,AAPL,-0.5713915228843689
2026-04-13,AAPL,0.4476485848426819
2026-04-14,AAPL,0.9718772172927856
2026-04-15,AAPL,-4.805776119232178
2026-04-16,AAPL,1.4092668294906616
2026-04-17,AAPL,4.484836578369141
2026-04-20,AAPL,2.169172763824463
2026-04-21,AAPL,-3.1534337997436523
2026-04-22,AAPL,2.660733938217163
2026-04-23,AAPL,-0.29115405678749084
2026-04-24,AAPL,2.8631057739257812
2026-04-27,AAPL,4.1694016456604
2026-04-28,AAPL,2.656958818435669
2026-04-29,AAPL,-0.41036078333854675
2025-12-23,XOM,-1.064237356185913
2025-12-24,XOM,1.2377511262893677
2025-12-26,XOM,6.716871738433838
2025-12-29,XOM,-1.021963357925415
2025-12-30,XOM,1.0016175508499146
2025-12-31,XOM,5.852652072906494
2026-01-02,XOM,4.718239784240723
2026-01-05,XOM,5.267304420471191
2026-01-06,XOM,4.953820705413818
2026-01-07,XOM,1.8093641996383667
2026-01-08,XOM,5.913119316101074
2026-01-09,XOM,0.380403608083725
2026-01-12,XOM,-4.803340911865234
2026-01-13,XOM,3.542729616165161
2026-01-14,XOM,4.771320343017578
2026-01-15,XOM,3.906327486038208
2026-01-16,XOM,1.387468934059143
2026-01-20,XOM,0.6565918326377869
2026-01-21,XOM,3.363069534301758
2026-01-22,XOM,1.315811038017273
2026-01-23,XOM,-5.539645671844482
2026-01-26,XOM,5.0460124015808105
2026-01-27,XOM,6.149293899536133
2026-01-28,XOM,-0.8521703481674194
2026-01-29,XOM,-2.498037815093994
2026-01-30,XOM,5.438124179840088
2026-02-02,XOM,4.205878257751465
2026-02-03,XOM,3.269390821456909
2026-02-04,XOM,4.033935070037842
2026-02-05,XOM,3.8867151737213135
2026-02-06,XOM,4.323529243469238
2026-02-09,XOM,3.9734206199645996
2026-02-10,XOM,3.6311957836151123
2026-02-11,XOM,3.893174171447754
2026-02-12,XOM,3.7391183376312256
2026-02-13,XOM,4.255966663360596
2026-02-17,XOM,4.887857913970947
2026-02-18,XOM,3.054443120956421
2026-02-19,XOM,2.280075788497925
2026-02-20,XOM,5.463905334472656
2026-02-23,XOM,5.331300258636475
2026-02-24,XOM,4.273643970489502
2026-02-25,XOM,4.721714496612549
2026-02-26,XOM,4.333498477935791
2026-02-27,XOM,4.456902503967285
2026-03-02,XOM,2.981532096862793
2026-03-03,XOM,0.2563539743423462
2026-03-04,XOM,4.708558559417725
2026-03-05,XOM,5.109004974365234
2026-03-06,XOM,4.929595470428467
2026-03-09,XOM,-3.956564426422119
2026-03-10,XOM,0.16036540269851685
2026-03-11,XOM,5.3321309089660645
2026-03-12,XOM,-0.8927318453788757
2026-03-13,XOM,-3.5968568325042725
2026-03-16,XOM,1.2472622394561768
2026-03-17,XOM,4.771753787994385
2026-03-18,XOM,3.083035945892334
2026-03-19,XOM,2.869922161102295
2026-03-20,XOM,2.7147858142852783
2026-03-23,XOM,3.544966697692871
2026-03-24,XOM,3.3028981685638428
2026-03-25,XOM,-3.1104300022125244
2026-03-26,XOM,4.556994915008545
2026-03-27,XOM,5.923255443572998
2026-03-30,XOM,1.6226556301116943
2026-03-31,XOM,-0.6674767136573792
2026-04-01,XOM,2.3560492992401123
2026-04-02,XOM,4.219691753387451
2026-04-06,XOM,1.8781658411026
2026-04-07,XOM,3.2952075004577637
2026-04-08,XOM,3.971266984939575
2026-04-09,XOM,5.45700740814209
2026-04-10,XOM,5.5346150398254395
2026-04-13,XOM,4.385214328765869
2026-04-14,XOM,5.058095932006836
2026-04-15,XOM,4.9934868812561035
2026-04-16,XOM,4.1943254470825195
2026-04-17,XOM,3.208996057510376
2026-04-20,XOM,3.732257843017578
2026-04-21,XOM,4.767890930175781
2026-04-22,XOM,2.3841118812561035
2026-04-23,XOM,-3.035316228866577
2026-04-24,XOM,-2.8945116996765137
2026-04-27,XOM,0.4974529445171356
2026-04-28,XOM,0.07580666244029999
2026-04-29,XOM,0.49070340394973755
2025-12-23,^NSEI,10.63998031616211
2025-12-24,^NSEI,-1.3198946714401245
2025-12-26,^NSEI,6.879122257232666
2025-12-29,^NSEI,5.130230903625488
2025-12-30,^NSEI,9.25399398803711
2025-12-31,^NSEI,8.704654693603516
2026-01-01,^NSEI,-11.490248680114746
2026-01-02,^NSEI,-6.160062313079834
2026-01-05,^NSEI,8.242972373962402
2026-01-06,^NSEI,11.908387184143066
2026-01-07,^NSEI,13.327173233032227
2026-01-08,^NSEI,3.187858819961548
2026-01-09,^NSEI,-3.285881757736206
2026-01-12,^NSEI,4.2001447677612305
2026-01-13,^NSEI,-3.4352128505706787
2026-01-14,^NSEI,2.7195770740509033
2026-01-16,^NSEI,14.415251731872559
2026-01-19,^NSEI,15.750371932983398
2026-01-20,^NSEI,9.118603706359863
2026-01-21,^NSEI,11.374585151672363
2026-01-22,^NSEI,3.3775181770324707
2026-01-23,^NSEI,-4.289731979370117
2026-01-27,^NSEI,-1.6851305961608887
2026-01-28,^NSEI,-3.3938958644866943
2026-01-29,^NSEI,2.3000454902648926
2026-01-30,^NSEI,4.663454532623291
2026-02-02,^NSEI,-2.2087600231170654
2026-02-03,^NSEI,-2.7707231044769287
2026-02-04,^NSEI,-9.770878791809082
2026-02-05,^NSEI,-9.586594581604004
2026-02-06,^NSEI,-4.372527122497559
2026-02-09,^NSEI,-5.963577747344971
2026-02-10,^NSEI,-8.784834861755371
2026-02-11,^NSEI,-9.602198600769043
2026-02-12,^NSEI,-1.5636273622512817
2026-02-13,^NSEI,2.0779716968536377
2026-02-16,^NSEI,-1.0078980922698975
2026-02-17,^NSEI,-4.877506256103516
2026-02-18,^NSEI,6.166006565093994
2026-02-19,^NSEI,7.692023754119873
2026-02-20,^NSEI,0.8862252235412598
2026-02-23,^NSEI,-1.7490473985671997
2026-02-24,^NSEI,2.618579626083374
2026-02-25,^NSEI,3.5263283252716064
2026-02-26,^NSEI,5.302639007568359
2026-02-27,^NSEI,-1.3717706203460693
2026-03-02,^NSEI,1.3987514972686768
2026-03-04,^NSEI,4.886795997619629
2026-03-05,^NSEI,6.2317585945129395
2026-03-06,^NSEI,7.104401111602783
2026-03-09,^NSEI,6.623255729675293
2026-03-10,^NSEI,5.0241312980651855
2026-03-11,^NSEI,6.710017681121826
2026-03-12,^NSEI,4.626861572265625
2026-03-13,^NSEI,3.0832526683807373
2026-03-16,^NSEI,4.787984848022461
2026-03-17,^NSEI,2.7235915660858154
2026-03-18,^NSEI,3.8171005249023438
2026-03-19,^NSEI,2.6747281551361084
2026-03-20,^NSEI,2.7362277507781982
2026-03-23,^NSEI,-0.3702407777309418
2026-03-24,^NSEI,-3.376992702484131
2026-03-25,^NSEI,-4.957366466522217
2026-03-27,^NSEI,-0.05425208806991577
2026-03-30,^NSEI,-3.0474846363067627
2026-04-01,^NSEI,1.1453626155853271
2026-04-02,^NSEI,-0.2281143218278885
2026-04-06,^NSEI,2.566026210784912
2026-04-07,^NSEI,-1.4886428117752075
2026-04-08,^NSEI,-1.5616589784622192
2026-04-09,^NSEI,-2.031020164489746
2026-04-10,^NSEI,-2.278510332107544
2026-04-13,^NSEI,-2.648049831390381
2026-04-15,^NSEI,-1.6601232290267944
2026-04-16,^NSEI,-2.303178071975708
2026-04-17,^NSEI,-0.1424621045589447
2026-04-20,^NSEI,0.008473466150462627
2026-04-21,^NSEI,1.4988532066345215
2026-04-22,^NSEI,0.7598411440849304
2026-04-23,^NSEI,1.0683481693267822
2026-04-24,^NSEI,1.5065977573394775
2026-04-27,^NSEI,1.5664327144622803
2026-04-28,^NSEI,-0.7836125493049622
2026-04-29,^NSEI,-1.9454091787338257
2025-12-23,QQQ,4.165552616119385
2025-12-24,QQQ,4.455115795135498
2025-12-26,QQQ,3.4513607025146484
2025-12-29,QQQ,3.5479488372802734
2025-12-30,QQQ,3.3831217288970947
2025-12-31,QQQ,0.649644672870636
2026-01-02,QQQ,4.949042797088623
2026-01-05,QQQ,5.954875946044922
2026-01-06,QQQ,1.3897268772125244
2026-01-07,QQQ,5.86091947555542
2026-01-08,QQQ,5.601495265960693
2026-01-09,QQQ,6.68037748336792
2026-01-12,QQQ,1.1171257495880127
2026-01-13,QQQ,0.4037904143333435
2026-01-14,QQQ,-0.868191659450531
2026-01-15,QQQ,6.153728008270264
2026-01-16,QQQ,2.3996222019195557
2026-01-20,QQQ,-6.603064060211182
2026-01-21,QQQ,6.727697849273682
2026-01-22,QQQ,7.883264064788818
2026-01-23,QQQ,-5.4806809425354
2026-01-26,QQQ,-4.065573692321777
2026-01-27,QQQ,6.422239780426025
2026-01-28,QQQ,2.152482271194458
2026-01-29,QQQ,4.346888065338135
2026-01-30,QQQ,5.8190836906433105
2026-02-02,QQQ,5.280238628387451
2026-02-03,QQQ,6.470115661621094
2026-02-04,QQQ,-3.019458293914795
2026-02-05,QQQ,2.2133259773254395
2026-02-06,QQQ,8.069167137145996
2026-02-09,QQQ,-2.261357545852661
2026-02-10,QQQ,-4.3252387046813965
2026-02-11,QQQ,8.283692359924316
2026-02-12,QQQ,7.983551979064941
2026-02-13,QQQ,6.952487468719482
2026-02-17,QQQ,1.7501929998397827
2026-02-18,QQQ,-0.8474534749984741
2026-02-19,QQQ,4.143429279327393
2026-02-20,QQQ,3.4833664894104004
2026-02-23,QQQ,-0.11130692809820175
2026-02-24,QQQ,5.001585006713867
2026-02-25,QQQ,7.384672164916992
2026-02-26,QQQ,-1.5705430507659912
2026-02-27,QQQ,-5.213420867919922
2026-03-02,QQQ,5.566098690032959
2026-03-03,QQQ,1.226251482963562
2026-03-04,QQQ,3.896305799484253
2026-03-05,QQQ,-3.2734389305114746
2026-03-06,QQQ,-6.930478096008301
2026-03-09,QQQ,7.258209705352783
2026-03-10,QQQ,-1.5938955545425415
2026-03-11,QQQ,-6.559051990509033
2026-03-12,QQQ,7.080561637878418
2026-03-13,QQQ,7.642162322998047
2026-03-16,QQQ,-3.7373476028442383
2026-03-17,QQQ,6.100374221801758
2026-03-18,QQQ,-6.897531986236572
2026-03-19,QQQ,7.6145734786987305
2026-03-20,QQQ,8.028277397155762
2026-03-23,QQQ,-6.657294273376465
2026-03-24,QQQ,0.11474689841270447
2026-03-25,QQQ,7.557371139526367
2026-03-26,QQQ,-1.413012981414795
2026-03-27,QQQ,0.7436827421188354
2026-03-30,QQQ,-4.497803211212158
2026-03-31,QQQ,5.208138942718506
2026-04-01,QQQ,-1.616884708404541
2026-04-02,QQQ,-4.158666610717773
2026-04-06,QQQ,-4.149057865142822
2026-04-07,QQQ,1.566032886505127
2026-04-08,QQQ,-5.078091144561768
2026-04-09,QQQ,2.1798148155212402
2026-04-10,QQQ,3.9952144622802734
2026-04-13,QQQ,-2.569779396057129
2026-04-14,QQQ,-2.7309184074401855
2026-04-15,QQQ,-3.633878469467163
2026-04-16,QQQ,3.2275359630584717
2026-04-17,QQQ,6.974447727203369
2026-04-20,QQQ,-1.0084524154663086
2026-04-21,QQQ,-5.4034295082092285
2026-04-22,QQQ,2.0780117511749268
2026-04-23,QQQ,5.720409393310547
2026-04-24,QQQ,7.227025032043457
2026-04-27,QQQ,0.6426414847373962
2026-04-28,QQQ,1.6076760292053223
2026-04-29,QQQ,6.623442649841309
2025-12-23,TSLA,-0.9170278310775757
2025-12-24,TSLA,1.0755562782287598
2025-12-26,TSLA,2.309040069580078
2025-12-29,TSLA,2.2434849739074707
2025-12-30,TSLA,2.2474308013916016
2025-12-31,TSLA,2.6777164936065674
2026-01-02,TSLA,2.6352806091308594
2026-01-05,TSLA,1.9859271049499512
2026-01-06,TSLA,1.444398045539856
2026-01-07,TSLA,2.632648229598999
2026-01-08,TSLA,2.506653070449829
2026-01-09,TSLA,2.3540797233581543
2026-01-12,TSLA,0.5869919061660767
2026-01-13,TSLA,0.536883533000946
2026-01-14,TSLA,-0.6489387154579163
2026-01-15,TSLA,-1.0284923315048218
2026-01-16,TSLA,-0.5309418439865112
2026-01-20,TSLA,-0.8940653800964355
2026-01-21,TSLA,0.0755487009882927
2026-01-22,TSLA,0.8032857179641724
2026-01-23,TSLA,-1.4498579502105713
2026-01-26,TSLA,-0.6331185102462769
2026-01-27,TSLA,2.565417766571045
2026-01-28,TSLA,2.5280323028564453
2026-01-29,TSLA,-0.8763649463653564
2026-01-30,TSLA,-1.3030085563659668
2026-02-02,TSLA,-2.084414482116699
2026-02-03,TSLA,0.39735931158065796
2026-02-04,TSLA,0.4656902551651001
2026-02-05,TSLA,1.9130280017852783
2026-02-06,TSLA,2.684979200363159
2026-02-09,TSLA,2.5570921897888184
2026-02-10,TSLA,-1.5295450687408447
2026-02-11,TSLA,-1.7347464561462402
2026-02-12,TSLA,1.3888946771621704
2026-02-13,TSLA,0.59066241979599
2026-02-17,TSLA,0.36499983072280884
2026-02-18,TSLA,2.7498512268066406
2026-02-19,TSLA,-0.42330098152160645
2026-02-20,TSLA,-0.03491155058145523
2026-02-23,TSLA,-1.9549592733383179
2026-02-24,TSLA,2.5475196838378906
2026-02-25,TSLA,2.7436203956604004
2026-02-26,TSLA,-2.1673600673675537
2026-02-27,TSLA,2.0339694023132324
2026-03-02,TSLA,2.7795214653015137
2026-03-03,TSLA,-0.5092370510101318
2026-03-04,TSLA,-1.3625963926315308
2026-03-05,TSLA,-1.1552413702011108
2026-03-06,TSLA,-1.63181471824646
2026-03-09,TSLA,2.292809247970581
2026-03-10,TSLA,1.5002241134643555
2026-03-11,TSLA,-2.053478240966797
2026-03-12,TSLA,2.6419405937194824
2026-03-13,TSLA,2.571993827819824
2026-03-16,TSLA,-1.3513516187667847
2026-03-17,TSLA,0.8025042414665222
2026-03-18,TSLA,-2.209226369857788
2026-03-19,TSLA,2.195664882659912
2026-03-20,TSLA,3.0490055084228516
2026-03-23,TSLA,-0.9822959303855896
2026-03-24,TSLA,-2.242953062057495
2026-03-25,TSLA,1.2010209560394287
2026-03-26,TSLA,2.4501140117645264
2026-03-27,TSLA,3.001157760620117
2026-03-30,TSLA,-2.244311809539795
2026-03-31,TSLA,0.7061062455177307
2026-04-01,TSLA,-1.0513017177581787
2026-04-02,TSLA,-0.8365659117698669
2026-04-06,TSLA,0.07933539152145386
2026-04-07,TSLA,0.9555788636207581
2026-04-08,TSLA,1.3133877515792847
2026-04-09,TSLA,2.9077391624450684
2026-04-10,TSLA,-1.1790672540664673
2026-04-13,TSLA,-2.040109395980835
2026-04-14,TSLA,-1.4828472137451172
2026-04-15,TSLA,-0.9223684072494507
2026-04-16,TSLA,-1.1670253276824951
2026-04-17,TSLA,2.4345853328704834
2026-04-20,TSLA,0.8279256820678711
2026-04-21,TSLA,1.0515581369400024
2026-04-22,TSLA,2.187286853790283
2026-04-23,TSLA,1.8193799257278442
2026-04-24,TSLA,-0.34064584970474243
2026-04-27,TSLA,-0.039903704077005386
2026-04-28,TSLA,-1.2894243001937866
2026-04-29,TSLA,1.6499322652816772
2025-12-23,TLT,-1.5906659364700317
2025-12-24,TLT,-6.498790264129639
2025-12-26,TLT,-4.956624507904053
2025-12-29,TLT,-8.426616668701172
2025-12-30,TLT,-11.910323143005371
2025-12-31,TLT,-10.428397178649902
2026-01-02,TLT,12.468077659606934
2026-01-05,TLT,12.025799751281738
2026-01-06,TLT,-13.731196403503418
2026-01-07,TLT,-12.110892295837402
2026-01-08,TLT,-10.40047550201416
2026-01-09,TLT,10.174571990966797
2026-01-12,TLT,9.964460372924805
2026-01-13,TLT,7.724417686462402
2026-01-14,TLT,2.983978509902954
2026-01-15,TLT,11.287055015563965
2026-01-16,TLT,-1.1407465934753418
2026-01-20,TLT,4.189975738525391
2026-01-21,TLT,13.260543823242188
2026-01-22,TLT,5.132411003112793
2026-01-23,TLT,-12.459112167358398
2026-01-26,TLT,8.208528518676758
2026-01-27,TLT,-0.48274508118629456
2026-01-28,TLT,15.257780075073242
2026-01-29,TLT,6.817177772521973
2026-01-30,TLT,8.396450996398926
2026-02-02,TLT,5.580478668212891
2026-02-03,TLT,5.745625972747803
2026-02-04,TLT,-12.56953239440918
2026-02-05,TLT,-4.313501358032227
2026-02-06,TLT,13.772954940795898
2026-02-09,TLT,12.956462860107422
2026-02-10,TLT,14.379626274108887
2026-02-11,TLT,3.017317056655884
2026-02-12,TLT,8.405104637145996
2026-02-13,TLT,10.447763442993164
2026-02-17,TLT,12.092378616333008
2026-02-18,TLT,-1.7364170551300049
2026-02-19,TLT,9.041216850280762
2026-02-20,TLT,-10.645456314086914
2026-02-23,TLT,-1.2820523977279663
2026-02-24,TLT,12.819095611572266
2026-02-25,TLT,-8.100835800170898
2026-02-26,TLT,9.954734802246094
2026-02-27,TLT,11.281906127929688
2026-03-02,TLT,-3.09694766998291
2026-03-03,TLT,13.919012069702148
2026-03-04,TLT,7.46232795715332
2026-03-05,TLT,-4.216744422912598
2026-03-06,TLT,5.936053276062012
2026-03-09,TLT,10.117660522460938
2026-03-10,TLT,-0.7337469458580017
2026-03-11,TLT,13.281427383422852
2026-03-12,TLT,13.653033256530762
2026-03-13,TLT,11.206707000732422
2026-03-16,TLT,11.627640724182129
2026-03-17,TLT,13.533317565917969
2026-03-18,TLT,9.440572738647461
2026-03-19,TLT,10.684562683105469
2026-03-20,TLT,8.118669509887695
2026-03-23,TLT,-0.14098873734474182
2026-03-24,TLT,-1.2338145971298218
2026-03-25,TLT,8.508284568786621
2026-03-26,TLT,-8.423600196838379
2026-03-27,TLT,-0.8273597955703735
2026-03-30,TLT,4.559628486633301
2026-03-31,TLT,-5.910696983337402
2026-04-01,TLT,-6.3660197257995605
2026-04-02,TLT,-9.365076065063477
2026-04-06,TLT,-9.528092384338379
2026-04-07,TLT,-9.966041564941406
2026-04-08,TLT,-9.307707786560059
2026-04-09,TLT,1.036604881286621
2026-04-10,TLT,-2.472666025161743
2026-04-13,TLT,7.519296646118164
2026-04-14,TLT,-12.041229248046875
2026-04-15,TLT,-6.5643439292907715
2026-04-16,TLT,11.844301223754883
2026-04-17,TLT,9.525945663452148
2026-04-20,TLT,-10.962181091308594
2026-04-21,TLT,-2.468569755554199
2026-04-22,TLT,10.680770874023438
2026-04-23,TLT,5.003659725189209
2026-04-24,TLT,7.337414264678955
2026-04-27,TLT,-7.641526699066162
2026-04-28,TLT,10.765714645385742
2026-04-29,TLT,14.464658737182617
2025-12-23,SPY,5.2563581466674805
2025-12-24,SPY,4.199197292327881
2025-12-26,SPY,4.241808891296387
2025-12-29,SPY,6.698091983795166
2025-12-30,SPY,6.2662034034729
2025-12-31,SPY,3.523040533065796
2026-01-02,SPY,6.88512659072876
2026-01-05,SPY,6.3846635818481445
2026-01-06,SPY,3.196732521057129
2026-01-07,SPY,8.320640563964844
2026-01-08,SPY,9.925540924072266
2026-01-09,SPY,9.512032508850098
2026-01-12,SPY,0.3267363905906677
2026-01-13,SPY,1.390785574913025
2026-01-14,SPY,0.5107115507125854
2026-01-15,SPY,8.14833927154541
2026-01-16,SPY,6.866148948669434
2026-01-20,SPY,-8.117098808288574
2026-01-21,SPY,8.164787292480469
2026-01-22,SPY,10.128501892089844
2026-01-23,SPY,-7.694833278656006
2026-01-26,SPY,-4.933478355407715
2026-01-27,SPY,9.212607383728027
2026-01-28,SPY,6.662960529327393
2026-01-29,SPY,5.80483865737915
2026-01-30,SPY,6.769857883453369
2026-02-02,SPY,3.908569812774658
2026-02-03,SPY,7.214539051055908
2026-02-04,SPY,-0.04832318425178528
2026-02-05,SPY,-4.68108606338501
2026-02-06,SPY,9.240900039672852
2026-02-09,SPY,-0.5708587765693665
2026-02-10,SPY,-9.317760467529297
2026-02-11,SPY,10.589838981628418
2026-02-12,SPY,10.141145706176758
2026-02-13,SPY,10.242240905761719
2026-02-17,SPY,6.630643844604492
2026-02-18,SPY,-1.8687045574188232
2026-02-19,SPY,6.264272212982178
2026-02-20,SPY,3.3480093479156494
2026-02-23,SPY,-0.15573911368846893
2026-02-24,SPY,4.6776204109191895
2026-02-25,SPY,10.204543113708496
2026-02-26,SPY,3.9670703411102295
2026-02-27,SPY,-5.784418106079102
2026-03-02,SPY,7.542677879333496
2026-03-03,SPY,0.6685988306999207
2026-03-04,SPY,4.999865531921387
2026-03-05,SPY,5.098875045776367
2026-03-06,SPY,-9.733078002929688
2026-03-09,SPY,8.52397632598877
2026-03-10,SPY,3.6662964820861816
2026-03-11,SPY,-10.027921676635742
2026-03-12,SPY,10.512171745300293
2026-03-13,SPY,9.87952995300293
2026-03-16,SPY,-6.347245693206787
2026-03-17,SPY,5.29561185836792
2026-03-18,SPY,-3.310960054397583
2026-03-19,SPY,1.9907252788543701
2026-03-20,SPY,7.24867057800293
2026-03-23,SPY,-7.787655830383301
2026-03-24,SPY,-6.24739408493042
2026-03-25,SPY,7.108302116394043
2026-03-26,SPY,-6.092586040496826
2026-03-27,SPY,-0.1272401213645935
2026-03-30,SPY,-6.575839042663574
2026-03-31,SPY,7.372674465179443
2026-04-01,SPY,-2.7127130031585693
2026-04-02,SPY,-7.4758195877075195
2026-04-06,SPY,-5.976019859313965
2026-04-07,SPY,0.7582399845123291
2026-04-08,SPY,-5.504214763641357
2026-04-09,SPY,-0.7772083878517151
2026-04-10,SPY,2.7701451778411865
2026-04-13,SPY,-2.2212812900543213
2026-04-14,SPY,-4.951197147369385
2026-04-15,SPY,-5.06247091293335
2026-04-16,SPY,3.4050168991088867
2026-04-17,SPY,8.275567054748535
2026-04-20,SPY,-4.859862804412842
2026-04-21,SPY,-6.182431221008301
2026-04-22,SPY,5.118260383605957
2026-04-23,SPY,8.364344596862793
2026-04-24,SPY,9.255120277404785
2026-04-27,SPY,-0.6042137145996094
2026-04-28,SPY,1.8347594738006592
2026-04-29,SPY,8.41856575012207
2025-12-23,INFY.NS,0.6775286793708801
2025-12-24,INFY.NS,3.8560709953308105
2025-12-26,INFY.NS,3.7238476276397705
2025-12-29,INFY.NS,3.812166690826416
2025-12-30,INFY.NS,2.506669282913208
2025-12-31,INFY.NS,3.7618284225463867
2026-01-01,INFY.NS,4.207236289978027
2026-01-02,INFY.NS,3.1924710273742676
2026-01-05,INFY.NS,6.034409523010254
2026-01-06,INFY.NS,6.6826372146606445
2026-01-07,INFY.NS,6.54982852935791
2026-01-08,INFY.NS,4.2718095779418945
2026-01-09,INFY.NS,-4.05443000793457
2026-01-12,INFY.NS,4.977825164794922
2026-01-13,INFY.NS,4.6330389976501465
2026-01-14,INFY.NS,-0.46607083082199097
2026-01-15,INFY.NS,1.83403742313385
2026-01-16,INFY.NS,-2.8969359397888184
2026-01-19,INFY.NS,1.5792579650878906
2026-01-20,INFY.NS,-0.6039764285087585
2026-01-21,INFY.NS,-2.0951309204101562
2026-01-22,INFY.NS,5.993956565856934
2026-01-23,INFY.NS,5.122109413146973
2026-01-27,INFY.NS,4.562517166137695
2026-01-28,INFY.NS,1.5273960828781128
2026-01-29,INFY.NS,3.339357614517212
2026-01-30,INFY.NS,4.596211910247803
2026-02-02,INFY.NS,0.754461944103241
2026-02-03,INFY.NS,6.36194372177124
2026-02-04,INFY.NS,5.62227201461792
2026-02-05,INFY.NS,-5.187989711761475
2026-02-06,INFY.NS,4.452844142913818
2026-02-09,INFY.NS,4.140310764312744
2026-02-10,INFY.NS,4.928110599517822
2026-02-11,INFY.NS,5.609043121337891
2026-02-12,INFY.NS,4.667496204376221
2026-02-13,INFY.NS,4.54731559753418
2026-02-16,INFY.NS,4.214181900024414
2026-02-17,INFY.NS,2.5356216430664062
2026-02-18,INFY.NS,1.3938260078430176
2026-02-19,INFY.NS,3.679225444793701
2026-02-20,INFY.NS,-3.4298360347747803
2026-02-23,INFY.NS,3.2109599113464355
2026-02-24,INFY.NS,1.284512996673584
2026-02-25,INFY.NS,-0.3820161521434784
2026-02-26,INFY.NS,-2.159600257873535
2026-02-27,INFY.NS,-3.384256362915039
2026-03-02,INFY.NS,-2.6501572132110596
2026-03-04,INFY.NS,1.3118188381195068
2026-03-05,INFY.NS,-1.2678885459899902
2026-03-06,INFY.NS,-2.0689375400543213
2026-03-09,INFY.NS,-3.2007176876068115
2026-03-10,INFY.NS,-1.698323130607605
2026-03-11,INFY.NS,-1.0036115646362305
2026-03-12,INFY.NS,1.345312237739563
2026-03-13,INFY.NS,0.9637241363525391
2026-03-16,INFY.NS,1.0512819290161133
2026-03-17,INFY.NS,-0.25128036737442017
2026-03-18,INFY.NS,-0.8547090888023376
2026-03-19,INFY.NS,-1.5997925996780396
2026-03-20,INFY.NS,1.6831380128860474
2026-03-23,INFY.NS,0.17142190039157867
2026-03-24,INFY.NS,-1.3734164237976074
2026-03-25,INFY.NS,-2.761106252670288
2026-03-27,INFY.NS,0.2224760502576828
2026-03-30,INFY.NS,1.0583754777908325
2026-04-01,INFY.NS,2.5232300758361816
2026-04-02,INFY.NS,0.5189070701599121
2026-04-06,INFY.NS,-0.9344612956047058
2026-04-07,INFY.NS,-0.6827849745750427
2026-04-08,INFY.NS,-0.31635981798171997
2026-04-09,INFY.NS,-4.371497631072998
2026-04-10,INFY.NS,-0.019816406071186066
2026-04-13,INFY.NS,-1.3556110858917236
2026-04-15,INFY.NS,0.7329689264297485
2026-04-16,INFY.NS,-3.993350028991699
2026-04-17,INFY.NS,-3.046604633331299
2026-04-20,INFY.NS,4.386653423309326
2026-04-21,INFY.NS,5.322123050689697
2026-04-22,INFY.NS,4.137526035308838
2026-04-23,INFY.NS,4.646668434143066
2026-04-24,INFY.NS,3.3840980529785156
2026-04-27,INFY.NS,1.8492252826690674
2026-04-28,INFY.NS,-2.505967378616333
2026-04-29,INFY.NS,1.8438098430633545
2025-12-23,MSFT,6.335310935974121
2025-12-24,MSFT,6.09880256652832
2025-12-26,MSFT,-0.8754556179046631
2025-12-29,MSFT,-2.3808486461639404
2025-12-30,MSFT,5.95878267288208
2025-12-31,MSFT,-3.6974258422851562
2026-01-02,MSFT,3.917842388153076
2026-01-05,MSFT,6.975647449493408
2026-01-06,MSFT,7.074531078338623
2026-01-07,MSFT,-0.059762630611658096
2026-01-08,MSFT,-5.827891826629639
2026-01-09,MSFT,6.708183765411377
2026-01-12,MSFT,7.177189826965332
2026-01-13,MSFT,4.691197872161865
2026-01-14,MSFT,0.48345330357551575
2026-01-15,MSFT,4.408086776733398
2026-01-16,MSFT,0.03427932783961296
2026-01-20,MSFT,-2.3325788974761963
2026-01-21,MSFT,2.456573009490967
2026-01-22,MSFT,6.856369495391846
2026-01-23,MSFT,6.3874101638793945
2026-01-26,MSFT,-5.129894256591797
2026-01-27,MSFT,-6.029600143432617
2026-01-28,MSFT,2.9292311668395996
2026-01-29,MSFT,1.657209038734436
2026-01-30,MSFT,5.161678314208984
2026-02-02,MSFT,4.692547798156738
2026-02-03,MSFT,2.257887125015259
2026-02-04,MSFT,-2.6029410362243652
2026-02-05,MSFT,-1.3437016010284424
2026-02-06,MSFT,2.0507004261016846
2026-02-09,MSFT,4.918529510498047
2026-02-10,MSFT,4.1711039543151855
2026-02-11,MSFT,4.567698001861572
2026-02-12,MSFT,4.294245719909668
2026-02-13,MSFT,0.6638727784156799
2026-02-17,MSFT,-2.455033779144287
2026-02-18,MSFT,3.1980762481689453
2026-02-19,MSFT,0.9525817632675171
2026-02-20,MSFT,-2.7883076667785645
2026-02-23,MSFT,-0.13609907031059265
2026-02-24,MSFT,-2.3300318717956543
2026-02-25,MSFT,3.6119306087493896
2026-02-26,MSFT,-2.9969851970672607
2026-02-27,MSFT,-4.311494827270508
2026-03-02,MSFT,0.64326012134552
2026-03-03,MSFT,0.270744651556015
2026-03-04,MSFT,-2.653162717819214
2026-03-05,MSFT,-3.296537399291992
2026-03-06,MSFT,3.1641738414764404
2026-03-09,MSFT,1.9388104677200317
2026-03-10,MSFT,-2.7935373783111572
2026-03-11,MSFT,-2.4710044860839844
2026-03-12,MSFT,0.2161373794078827
2026-03-13,MSFT,1.7420711517333984
2026-03-16,MSFT,-2.2464888095855713
2026-03-17,MSFT,-4.003474235534668
2026-03-18,MSFT,5.17210054397583
2026-03-19,MSFT,5.6091485023498535
2026-03-20,MSFT,5.5683441162109375
2026-03-23,MSFT,4.981428623199463
2026-03-24,MSFT,1.394871473312378
2026-03-25,MSFT,3.0299017429351807
2026-03-26,MSFT,2.751215696334839
2026-03-27,MSFT,3.2923686504364014
2026-03-30,MSFT,0.8648848533630371
2026-03-31,MSFT,3.942549467086792
2026-04-01,MSFT,2.6787006855010986
2026-04-02,MSFT,-3.681316375732422
2026-04-06,MSFT,-3.9683868885040283
2026-04-07,MSFT,-1.0488710403442383
2026-04-08,MSFT,-0.1585400551557541
2026-04-09,MSFT,0.7691624760627747
2026-04-10,MSFT,-3.3538055419921875
2026-04-13,MSFT,-0.19662459194660187
2026-04-14,MSFT,-4.243174076080322
2026-04-15,MSFT,-4.474490165710449
2026-04-16,MSFT,-3.1828360557556152
2026-04-17,MSFT,3.369802951812744
2026-04-20,MSFT,1.657262921333313
2026-04-21,MSFT,-3.9632580280303955
2026-04-22,MSFT,-3.790442943572998
2026-04-23,MSFT,-3.6925272941589355
2026-04-24,MSFT,2.3976755142211914
2026-04-27,MSFT,-0.26819998025894165
2026-04-28,MSFT,2.463815450668335
2026-04-29,MSFT,5.210659027099609
2025-12-23,META,1.763166069984436
2025-12-24,META,0.9923037886619568
2025-12-26,META,0.7869138121604919
2025-12-29,META,2.6535117626190186
2025-12-30,META,3.368910789489746
2025-12-31,META,-2.177640438079834
2026-01-02,META,3.2833187580108643
2026-01-05,META,4.121215343475342
2026-01-06,META,2.0679049491882324
2026-01-07,META,-2.0842933654785156
2026-01-08,META,3.0829098224639893
2026-01-09,META,4.391003608703613
2026-01-12,META,1.6296745538711548
2026-01-13,META,1.1594955921173096
2026-01-14,META,2.488598346710205
2026-01-15,META,2.259613037109375
2026-01-16,META,3.491912364959717
2026-01-20,META,0.8034409284591675
2026-01-21,META,2.7118122577667236
2026-01-22,META,3.8073554039001465
2026-01-23,META,-2.429274797439575
2026-01-26,META,-3.758263349533081
2026-01-27,META,2.2732231616973877
2026-01-28,META,2.888360023498535
2026-01-29,META,0.27973589301109314
2026-01-30,META,1.470249056816101
2026-02-02,META,2.009732484817505
2026-02-03,META,3.4708304405212402
2026-02-04,META,-2.636787176132202
2026-02-05,META,-3.2767586708068848
2026-02-06,META,3.3155176639556885
2026-02-09,META,3.9199063777923584
2026-02-10,META,0.18646864593029022
2026-02-11,META,2.5548880100250244
2026-02-12,META,3.0779154300689697
2026-02-13,META,3.8713159561157227
2026-02-17,META,3.709510564804077
2026-02-18,META,-3.293070077896118
2026-02-19,META,0.9217769503593445
2026-02-20,META,1.359109878540039
2026-02-23,META,1.0011659860610962
2026-02-24,META,2.0612101554870605
2026-02-25,META,1.5390169620513916
2026-02-26,META,0.490750253200531
2026-02-27,META,-2.6915223598480225
2026-03-02,META,0.8833233714103699
2026-03-03,META,0.768600583076477
2026-03-04,META,-1.8971104621887207
2026-03-05,META,-0.9219604730606079
2026-03-06,META,0.15447570383548737
2026-03-09,META,3.4671568870544434
2026-03-10,META,0.027765806764364243
2026-03-11,META,-3.4417684078216553
2026-03-12,META,-1.5068072080612183
2026-03-13,META,3.989478588104248
2026-03-16,META,3.8756279945373535
2026-03-17,META,0.06918127089738846
2026-03-18,META,2.1987781524658203
2026-03-19,META,4.210022926330566
2026-03-20,META,4.301487445831299
2026-03-23,META,-3.5472888946533203
2026-03-24,META,0.8537987470626831
2026-03-25,META,3.2035071849823
2026-03-26,META,3.0982139110565186
2026-03-27,META,-0.367151141166687
2026-03-30,META,-1.6889947652816772
2026-03-31,META,1.1475508213043213
2026-04-01,META,2.394017457962036
2026-04-02,META,-2.730903387069702
2026-04-06,META,-0.7114356756210327
2026-04-07,META,-0.646754264831543
2026-04-08,META,-1.3712424039840698
2026-04-09,META,0.38114485144615173
2026-04-10,META,-1.4637805223464966
2026-04-13,META,-2.1286544799804688
2026-04-14,META,-2.2636873722076416
2026-04-15,META,-1.9432895183563232
2026-04-16,META,0.6406722068786621
2026-04-17,META,2.2433223724365234
2026-04-20,META,-1.9027793407440186
2026-04-21,META,-1.7764573097229004
2026-04-22,META,-0.42542850971221924
2026-04-23,META,1.9256019592285156
2026-04-24,META,3.4720253944396973
2026-04-27,META,2.3943166732788086
2026-04-28,META,1.8429876565933228
2026-04-29,META,3.4485459327697754
2025-12-23,EURUSD=X,-1.3998082876205444
2025-12-24,EURUSD=X,13.986551284790039
2025-12-26,EURUSD=X,10.249417304992676
2025-12-29,EURUSD=X,20.290512084960938
2025-12-30,EURUSD=X,21.019638061523438
2025-12-31,EURUSD=X,7.313244342803955
2026-01-02,EURUSD=X,-4.411359786987305
2026-01-05,EURUSD=X,4.210622787475586
2026-01-06,EURUSD=X,13.02083969116211
2026-01-07,EURUSD=X,12.870923042297363
2026-01-08,EURUSD=X,11.563000679016113
2026-01-09,EURUSD=X,20.835472106933594
2026-01-12,EURUSD=X,23.367416381835938
2026-01-13,EURUSD=X,14.722185134887695
2026-01-14,EURUSD=X,14.603545188903809
2026-01-15,EURUSD=X,15.21282958984375
2026-01-16,EURUSD=X,15.558685302734375
2026-01-19,EURUSD=X,6.580682754516602
2026-01-20,EURUSD=X,0.4565659463405609
2026-01-21,EURUSD=X,-8.82453727722168
2026-01-22,EURUSD=X,-6.465604782104492
2026-01-23,EURUSD=X,-14.977591514587402
2026-01-26,EURUSD=X,-9.110404968261719
2026-01-27,EURUSD=X,9.347984313964844
2026-01-28,EURUSD=X,-9.380021095275879
2026-01-29,EURUSD=X,15.100289344787598
2026-01-30,EURUSD=X,-8.557174682617188
2026-02-02,EURUSD=X,-15.076998710632324
2026-02-03,EURUSD=X,-9.245203018188477
2026-02-04,EURUSD=X,-1.7353410720825195
2026-02-05,EURUSD=X,5.675145626068115
2026-02-06,EURUSD=X,12.078200340270996
2026-02-09,EURUSD=X,9.954147338867188
2026-02-10,EURUSD=X,22.49980926513672
2026-02-11,EURUSD=X,15.411998748779297
2026-02-12,EURUSD=X,12.520158767700195
2026-02-13,EURUSD=X,16.440608978271484
2026-02-16,EURUSD=X,0.32989564538002014
2026-02-17,EURUSD=X,6.759355068206787
2026-02-18,EURUSD=X,0.5749730467796326
2026-02-19,EURUSD=X,-1.9309495687484741
2026-02-20,EURUSD=X,14.250164031982422
2026-02-23,EURUSD=X,10.76814079284668
2026-02-24,EURUSD=X,1.1856799125671387
2026-02-25,EURUSD=X,18.44970703125
2026-02-26,EURUSD=X,21.80548858642578
2026-02-27,EURUSD=X,-10.096277236938477
2026-03-02,EURUSD=X,-2.679394245147705
2026-03-03,EURUSD=X,14.460834503173828
2026-03-04,EURUSD=X,3.463351249694824
2026-03-05,EURUSD=X,-8.45479679107666
2026-03-06,EURUSD=X,1.8296732902526855
2026-03-09,EURUSD=X,-0.6491930484771729
2026-03-10,EURUSD=X,16.814990997314453
2026-03-11,EURUSD=X,17.769657135009766
2026-03-12,EURUSD=X,-17.185808181762695
2026-03-13,EURUSD=X,5.223697185516357
2026-03-16,EURUSD=X,13.110702514648438
2026-03-17,EURUSD=X,-7.8293046951293945
2026-03-18,EURUSD=X,-0.33293500542640686
2026-03-19,EURUSD=X,-2.420811414718628
2026-03-20,EURUSD=X,-1.383353590965271
2026-03-23,EURUSD=X,9.493497848510742
2026-03-24,EURUSD=X,-15.505000114440918
2026-03-25,EURUSD=X,-14.250772476196289
2026-03-26,EURUSD=X,18.347332000732422
2026-03-27,EURUSD=X,-9.66976547241211
2026-03-30,EURUSD=X,-9.793232917785645
2026-03-31,EURUSD=X,-7.091878414154053
2026-04-01,EURUSD=X,-11.645357131958008
2026-04-02,EURUSD=X,-7.2085652351379395
2026-04-03,EURUSD=X,-18.264211654663086
2026-04-06,EURUSD=X,17.372390747070312
2026-04-07,EURUSD=X,21.38744354248047
2026-04-08,EURUSD=X,-6.300496578216553
2026-04-09,EURUSD=X,2.4923856258392334
2026-04-10,EURUSD=X,12.111456871032715
2026-04-13,EURUSD=X,14.292862892150879
2026-04-14,EURUSD=X,18.024394989013672
2026-04-15,EURUSD=X,-3.655669689178467
2026-04-16,EURUSD=X,12.213261604309082
2026-04-17,EURUSD=X,15.279450416564941
2026-04-20,EURUSD=X,-12.806351661682129
2026-04-21,EURUSD=X,-16.464092254638672
2026-04-22,EURUSD=X,7.24163818359375
2026-04-23,EURUSD=X,20.909257888793945
2026-04-24,EURUSD=X,19.741317749023438
2026-04-27,EURUSD=X,-18.5159912109375
2026-04-28,EURUSD=X,15.238937377929688
2026-04-29,EURUSD=X,10.601194381713867
2025-12-23,HDFCBANK.NS,3.562994956970215
2025-12-24,HDFCBANK.NS,-1.3615473508834839
2025-12-26,HDFCBANK.NS,-3.6189005374908447
2025-12-29,HDFCBANK.NS,-1.8362107276916504
2025-12-30,HDFCBANK.NS,6.123172283172607
2025-12-31,HDFCBANK.NS,7.028597831726074
2026-01-01,HDFCBANK.NS,4.6032891273498535
2026-01-02,HDFCBANK.NS,9.326141357421875
2026-01-05,HDFCBANK.NS,-9.262487411499023
2026-01-06,HDFCBANK.NS,9.61741828918457
2026-01-07,HDFCBANK.NS,10.35606575012207
2026-01-08,HDFCBANK.NS,7.31141471862793
2026-01-09,HDFCBANK.NS,-6.130514621734619
2026-01-12,HDFCBANK.NS,4.193811416625977
2026-01-13,HDFCBANK.NS,6.276960372924805
2026-01-14,HDFCBANK.NS,9.39586067199707
2026-01-15,HDFCBANK.NS,5.150613307952881
2026-01-16,HDFCBANK.NS,7.981179237365723
2026-01-19,HDFCBANK.NS,0.3388875126838684
2026-01-20,HDFCBANK.NS,8.029190063476562
2026-01-21,HDFCBANK.NS,-2.8480236530303955
2026-01-22,HDFCBANK.NS,4.334366321563721
2026-01-23,HDFCBANK.NS,4.327097415924072
2026-01-27,HDFCBANK.NS,-1.1786576509475708
2026-01-28,HDFCBANK.NS,-8.075788497924805
2026-01-29,HDFCBANK.NS,-6.603561878204346
2026-01-30,HDFCBANK.NS,-6.095396518707275
2026-02-02,HDFCBANK.NS,-5.468291759490967
2026-02-03,HDFCBANK.NS,-3.791731834411621
2026-02-04,HDFCBANK.NS,-6.843353748321533
2026-02-05,HDFCBANK.NS,-7.174335479736328
2026-02-06,HDFCBANK.NS,8.153358459472656
2026-02-09,HDFCBANK.NS,4.485109806060791
2026-02-10,HDFCBANK.NS,-4.467412948608398
2026-02-11,HDFCBANK.NS,1.343795895576477
2026-02-12,HDFCBANK.NS,-1.9821330308914185
2026-02-13,HDFCBANK.NS,0.5141071081161499
2026-02-16,HDFCBANK.NS,5.350409507751465
2026-02-17,HDFCBANK.NS,-3.8125696182250977
2026-02-18,HDFCBANK.NS,8.644450187683105
2026-02-19,HDFCBANK.NS,10.662121772766113
2026-02-20,HDFCBANK.NS,9.825019836425781
2026-02-23,HDFCBANK.NS,-1.0668548345565796
2026-02-24,HDFCBANK.NS,-1.2873084545135498
2026-02-25,HDFCBANK.NS,-3.6729016304016113
2026-02-26,HDFCBANK.NS,2.5997977256774902
2026-02-27,HDFCBANK.NS,2.584805965423584
2026-03-02,HDFCBANK.NS,-3.351433277130127
2026-03-04,HDFCBANK.NS,8.47674560546875
2026-03-05,HDFCBANK.NS,10.136757850646973
2026-03-06,HDFCBANK.NS,-5.167388916015625
2026-03-09,HDFCBANK.NS,-2.3605270385742188
2026-03-10,HDFCBANK.NS,2.0244598388671875
2026-03-11,HDFCBANK.NS,5.668241500854492
2026-03-12,HDFCBANK.NS,-0.9425384402275085
2026-03-13,HDFCBANK.NS,-4.787298202514648
2026-03-16,HDFCBANK.NS,-0.2928483486175537
2026-03-17,HDFCBANK.NS,-3.830656051635742
2026-03-18,HDFCBANK.NS,-3.2777342796325684
2026-03-19,HDFCBANK.NS,-1.5699323415756226
2026-03-20,HDFCBANK.NS,5.001262664794922
2026-03-23,HDFCBANK.NS,3.4816091060638428
2026-03-24,HDFCBANK.NS,-4.68237829208374
2026-03-25,HDFCBANK.NS,-4.124317169189453
2026-03-27,HDFCBANK.NS,-1.822331190109253
2026-03-30,HDFCBANK.NS,-2.866302013397217
2026-04-01,HDFCBANK.NS,2.7548792362213135
2026-04-02,HDFCBANK.NS,-2.2172181606292725
2026-04-06,HDFCBANK.NS,0.13727322220802307
2026-04-07,HDFCBANK.NS,-3.3114962577819824
2026-04-08,HDFCBANK.NS,-2.7184014320373535
2026-04-09,HDFCBANK.NS,-2.8701295852661133
2026-04-10,HDFCBANK.NS,0.12346901744604111
2026-04-13,HDFCBANK.NS,-0.3593684136867523
2026-04-15,HDFCBANK.NS,4.851757526397705
2026-04-16,HDFCBANK.NS,-3.1443440914154053
2026-04-17,HDFCBANK.NS,-4.892338752746582
2026-04-20,HDFCBANK.NS,-2.88942551612854
2026-04-21,HDFCBANK.NS,0.7472145557403564
2026-04-22,HDFCBANK.NS,-4.071506023406982
2026-04-23,HDFCBANK.NS,2.357856273651123
2026-04-24,HDFCBANK.NS,4.922213077545166
2026-04-27,HDFCBANK.NS,3.4961342811584473
2026-04-28,HDFCBANK.NS,-4.088660717010498
2026-04-29,HDFCBANK.NS,3.7376861572265625
2025-12-23,RELIANCE.NS,7.061827182769775
2025-12-24,RELIANCE.NS,5.7171783447265625
2025-12-26,RELIANCE.NS,7.715161323547363
2025-12-29,RELIANCE.NS,6.416245460510254
2025-12-30,RELIANCE.NS,4.265776634216309
2025-12-31,RELIANCE.NS,6.75726318359375
2026-01-01,RELIANCE.NS,-7.199748992919922
2026-01-02,RELIANCE.NS,-3.474113941192627
2026-01-05,RELIANCE.NS,6.9316792488098145
2026-01-06,RELIANCE.NS,7.845655918121338
2026-01-07,RELIANCE.NS,8.16304874420166
2026-01-08,RELIANCE.NS,6.024646282196045
2026-01-09,RELIANCE.NS,-3.4934964179992676
2026-01-12,RELIANCE.NS,5.957369327545166
2026-01-13,RELIANCE.NS,7.198417663574219
2026-01-14,RELIANCE.NS,6.490340709686279
2026-01-15,RELIANCE.NS,7.419801712036133
2026-01-16,RELIANCE.NS,7.877890586853027
2026-01-19,RELIANCE.NS,4.8114471435546875
2026-01-20,RELIANCE.NS,5.208195209503174
2026-01-21,RELIANCE.NS,-0.3502642810344696
2026-01-22,RELIANCE.NS,-4.916184902191162
2026-01-23,RELIANCE.NS,1.8862472772598267
2026-01-27,RELIANCE.NS,1.484087347984314
2026-01-28,RELIANCE.NS,4.591810703277588
2026-01-29,RELIANCE.NS,-5.050967216491699
2026-01-30,RELIANCE.NS,-6.420018196105957
2026-02-02,RELIANCE.NS,-0.176015242934227
2026-02-03,RELIANCE.NS,-4.80243444442749
2026-02-04,RELIANCE.NS,-6.111347198486328
2026-02-05,RELIANCE.NS,-5.937148571014404
2026-02-06,RELIANCE.NS,-0.6551264524459839
2026-02-09,RELIANCE.NS,3.127479314804077
2026-02-10,RELIANCE.NS,-5.355635643005371
2026-02-11,RELIANCE.NS,-5.7374420166015625
2026-02-12,RELIANCE.NS,-3.0163702964782715
2026-02-13,RELIANCE.NS,0.19855180382728577
2026-02-16,RELIANCE.NS,-0.8621880412101746
2026-02-17,RELIANCE.NS,-6.231500625610352
2026-02-18,RELIANCE.NS,-0.6759290099143982
2026-02-19,RELIANCE.NS,7.013480186462402
2026-02-20,RELIANCE.NS,5.242934226989746
2026-02-23,RELIANCE.NS,1.0653584003448486
2026-02-24,RELIANCE.NS,4.635720729827881
2026-02-25,RELIANCE.NS,2.0399909019470215
2026-02-26,RELIANCE.NS,5.728549480438232
2026-02-27,RELIANCE.NS,2.188978433609009
2026-03-02,RELIANCE.NS,-4.2659735679626465
2026-03-04,RELIANCE.NS,2.6776604652404785
2026-03-05,RELIANCE.NS,6.530076503753662
2026-03-06,RELIANCE.NS,1.5448060035705566
2026-03-09,RELIANCE.NS,1.0840133428573608
2026-03-10,RELIANCE.NS,-3.5993120670318604
2026-03-11,RELIANCE.NS,3.7680611610412598
2026-03-12,RELIANCE.NS,2.0866904258728027
2026-03-13,RELIANCE.NS,3.734717607498169
2026-03-16,RELIANCE.NS,1.8729766607284546
2026-03-17,RELIANCE.NS,6.0818986892700195
2026-03-18,RELIANCE.NS,2.286558151245117
2026-03-19,RELIANCE.NS,-3.7041897773742676
2026-03-20,RELIANCE.NS,6.599681377410889
2026-03-23,RELIANCE.NS,7.035715579986572
2026-03-24,RELIANCE.NS,-2.1314079761505127
2026-03-25,RELIANCE.NS,-1.4320478439331055
2026-03-27,RELIANCE.NS,-3.799755334854126
2026-03-30,RELIANCE.NS,5.810819625854492
2026-04-01,RELIANCE.NS,5.927248477935791
2026-04-02,RELIANCE.NS,-5.465874671936035
2026-04-06,RELIANCE.NS,3.824523687362671
2026-04-07,RELIANCE.NS,6.699820041656494
2026-04-08,RELIANCE.NS,5.706512928009033
2026-04-09,RELIANCE.NS,1.0815988779067993
2026-04-10,RELIANCE.NS,5.993495464324951
2026-04-13,RELIANCE.NS,4.834224224090576
2026-04-15,RELIANCE.NS,4.092251777648926
2026-04-16,RELIANCE.NS,0.14343518018722534
2026-04-17,RELIANCE.NS,-3.787844181060791
2026-04-20,RELIANCE.NS,2.5455174446105957
2026-04-21,RELIANCE.NS,4.90836238861084
2026-04-22,RELIANCE.NS,-4.795653820037842
2026-04-23,RELIANCE.NS,-3.4343409538269043
2026-04-24,RELIANCE.NS,5.545784950256348
2026-04-27,RELIANCE.NS,5.438802242279053
2026-04-28,RELIANCE.NS,-5.776470184326172
2026-04-29,RELIANCE.NS,-5.594435691833496
2025-12-23,USDJPY=X,1.6283055543899536
2025-12-24,USDJPY=X,13.57580852508545
2025-12-26,USDJPY=X,14.256186485290527
2025-12-29,USDJPY=X,14.932244300842285
2025-12-30,USDJPY=X,3.657508611679077
2025-12-31,USDJPY=X,15.024714469909668
2026-01-02,USDJPY=X,14.986967086791992
2026-01-05,USDJPY=X,-11.573258399963379
2026-01-06,USDJPY=X,9.467248916625977
2026-01-07,USDJPY=X,17.01972007751465
2026-01-08,USDJPY=X,16.838878631591797
2026-01-09,USDJPY=X,11.930526733398438
2026-01-12,USDJPY=X,-15.866985321044922
2026-01-13,USDJPY=X,-14.338903427124023
2026-01-14,USDJPY=X,10.84215259552002
2026-01-15,USDJPY=X,8.618006706237793
2026-01-16,USDJPY=X,5.913938999176025
2026-01-19,USDJPY=X,5.538041591644287
2026-01-20,USDJPY=X,8.848843574523926
2026-01-21,USDJPY=X,-10.014932632446289
2026-01-22,USDJPY=X,-7.684617519378662
2026-01-23,USDJPY=X,9.71361255645752
2026-01-26,USDJPY=X,12.76102066040039
2026-01-27,USDJPY=X,16.509689331054688
2026-01-28,USDJPY=X,15.942659378051758
2026-01-29,USDJPY=X,1.633756160736084
2026-01-30,USDJPY=X,5.296855449676514
2026-02-02,USDJPY=X,10.314168930053711
2026-02-03,USDJPY=X,12.763007164001465
2026-02-04,USDJPY=X,11.399371147155762
2026-02-05,USDJPY=X,12.600784301757812
2026-02-06,USDJPY=X,5.328785419464111
2026-02-09,USDJPY=X,8.783801078796387
2026-02-10,USDJPY=X,9.063830375671387
2026-02-11,USDJPY=X,10.72516918182373
2026-02-12,USDJPY=X,12.306061744689941
2026-02-13,USDJPY=X,9.502388954162598
2026-02-16,USDJPY=X,9.315169334411621
2026-02-17,USDJPY=X,-6.326015472412109
2026-02-18,USDJPY=X,-0.6360071301460266
2026-02-19,USDJPY=X,-7.639697074890137
2026-02-20,USDJPY=X,1.451934814453125
2026-02-23,USDJPY=X,0.9072216749191284
2026-02-24,USDJPY=X,-1.1866540908813477
2026-02-25,USDJPY=X,6.433486461639404
2026-02-26,USDJPY=X,10.65693187713623
2026-02-27,USDJPY=X,8.303791999816895
2026-03-02,USDJPY=X,9.902220726013184
2026-03-03,USDJPY=X,5.478649616241455
2026-03-04,USDJPY=X,-1.631346344947815
2026-03-05,USDJPY=X,-5.959494590759277
2026-03-06,USDJPY=X,7.152305603027344
2026-03-09,USDJPY=X,6.830156326293945
2026-03-10,USDJPY=X,-13.910807609558105
2026-03-11,USDJPY=X,-11.980000495910645
2026-03-12,USDJPY=X,8.814484596252441
2026-03-13,USDJPY=X,3.314194679260254
2026-03-16,USDJPY=X,-8.779841423034668
2026-03-17,USDJPY=X,0.4770168662071228
2026-03-18,USDJPY=X,8.98570442199707
2026-03-19,USDJPY=X,9.8523588180542
2026-03-20,USDJPY=X,-10.04449462890625
2026-03-23,USDJPY=X,9.636832237243652
2026-03-24,USDJPY=X,14.617471694946289
2026-03-25,USDJPY=X,11.289251327514648
2026-03-26,USDJPY=X,5.740444183349609
2026-03-27,USDJPY=X,11.827849388122559
2026-03-30,USDJPY=X,8.84016227722168
2026-03-31,USDJPY=X,9.64401626586914
2026-04-01,USDJPY=X,12.80040454864502
2026-04-02,USDJPY=X,13.025240898132324
2026-04-03,USDJPY=X,12.549352645874023
2026-04-06,USDJPY=X,4.614850997924805
2026-04-07,USDJPY=X,7.157406330108643
2026-04-08,USDJPY=X,15.798239707946777
2026-04-09,USDJPY=X,16.43403434753418
2026-04-10,USDJPY=X,15.399978637695312
2026-04-13,USDJPY=X,13.969012260437012
2026-04-14,USDJPY=X,8.5012845993042
2026-04-15,USDJPY=X,11.935665130615234
2026-04-16,USDJPY=X,15.539448738098145
2026-04-17,USDJPY=X,2.1256279945373535
2026-04-20,USDJPY=X,5.153284072875977
2026-04-21,USDJPY=X,16.01802635192871
2026-04-22,USDJPY=X,11.646262168884277
2026-04-23,USDJPY=X,-3.726369619369507
2026-04-24,USDJPY=X,-7.022812366485596
2026-04-27,USDJPY=X,-0.1641187071800232
2026-04-28,USDJPY=X,11.635915756225586
2026-04-29,USDJPY=X,10.975985527038574
2025-12-23,GOOGL,3.100482940673828
2025-12-24,GOOGL,3.0639760494232178
2025-12-26,GOOGL,3.0474586486816406
2025-12-29,GOOGL,2.0123391151428223
2025-12-30,GOOGL,0.9486830234527588
2025-12-31,GOOGL,1.8216522932052612
2026-01-02,GOOGL,2.6491403579711914
2026-01-05,GOOGL,3.0685627460479736
2026-01-06,GOOGL,2.312732696533203
2026-01-07,GOOGL,3.4637153148651123
2026-01-08,GOOGL,0.5573272705078125
2026-01-09,GOOGL,-1.4542838335037231
2026-01-12,GOOGL,1.573836088180542
2026-01-13,GOOGL,-2.1635165214538574
2026-01-14,GOOGL,-2.0452804565429688
2026-01-15,GOOGL,0.7465612292289734
2026-01-16,GOOGL,0.16150029003620148
2026-01-20,GOOGL,0.3860914409160614
2026-01-21,GOOGL,3.8653955459594727
2026-01-22,GOOGL,2.0747063159942627
2026-01-23,GOOGL,2.8846092224121094
2026-01-26,GOOGL,5.101410388946533
2026-01-27,GOOGL,4.651454448699951
2026-01-28,GOOGL,4.05308723449707
2026-01-29,GOOGL,3.069687843322754
2026-01-30,GOOGL,2.456879138946533
2026-02-02,GOOGL,2.0151333808898926
2026-02-03,GOOGL,2.490023612976074
2026-02-04,GOOGL,3.173705816268921
2026-02-05,GOOGL,3.1828315258026123
2026-02-06,GOOGL,4.910495758056641
2026-02-09,GOOGL,2.4614953994750977
2026-02-10,GOOGL,0.5020803213119507
2026-02-11,GOOGL,4.708995342254639
2026-02-12,GOOGL,4.896602153778076
2026-02-13,GOOGL,5.052924156188965
2026-02-17,GOOGL,4.695891857147217
2026-02-18,GOOGL,4.891041278839111
2026-02-19,GOOGL,4.392845630645752
2026-02-20,GOOGL,1.6271591186523438
2026-02-23,GOOGL,-0.6824671030044556
2026-02-24,GOOGL,-1.3172001838684082
2026-02-25,GOOGL,-2.6744961738586426
2026-02-26,GOOGL,0.6949601173400879
2026-02-27,GOOGL,0.4222041070461273
2026-03-02,GOOGL,0.24963639676570892
2026-03-03,GOOGL,1.588930368423462
2026-03-04,GOOGL,-1.0551108121871948
2026-03-05,GOOGL,-1.8309258222579956
2026-03-06,GOOGL,-1.867559552192688
2026-03-09,GOOGL,0.2521744668483734
2026-03-10,GOOGL,-1.4803422689437866
2026-03-11,GOOGL,-3.241795063018799
2026-03-12,GOOGL,0.10698004066944122
2026-03-13,GOOGL,3.078415632247925
2026-03-16,GOOGL,0.04058271273970604
2026-03-17,GOOGL,4.147069931030273
2026-03-18,GOOGL,-1.4663382768630981
2026-03-19,GOOGL,2.5505597591400146
2026-03-20,GOOGL,4.270802021026611
2026-03-23,GOOGL,3.7025115489959717
2026-03-24,GOOGL,0.16592657566070557
2026-03-25,GOOGL,4.9480977058410645
2026-03-26,GOOGL,-1.6598507165908813
2026-03-27,GOOGL,-3.426029682159424
2026-03-30,GOOGL,0.353339821100235
2026-03-31,GOOGL,4.623490810394287
2026-04-01,GOOGL,3.621419906616211
2026-04-02,GOOGL,3.0646626949310303
2026-04-06,GOOGL,-1.8189332485198975
2026-04-07,GOOGL,0.04480564221739769
2026-04-08,GOOGL,-1.6118451356887817
2026-04-09,GOOGL,4.33966064453125
2026-04-10,GOOGL,3.490694522857666
2026-04-13,GOOGL,3.440772533416748
2026-04-14,GOOGL,-1.0337599515914917
2026-04-15,GOOGL,-2.7076001167297363
2026-04-16,GOOGL,3.2485110759735107
2026-04-17,GOOGL,4.812906265258789
2026-04-20,GOOGL,1.2087087631225586
2026-04-21,GOOGL,-4.406885147094727
2026-04-22,GOOGL,3.519089937210083
2026-04-23,GOOGL,3.9412782192230225
2026-04-24,GOOGL,3.9523541927337646
2026-04-27,GOOGL,-1.0911431312561035
2026-04-28,GOOGL,1.9638807773590088
2026-04-29,GOOGL,4.118036270141602
2025-12-23,GC=F,2.2597179412841797
2025-12-24,GC=F,2.149379253387451
2025-12-26,GC=F,4.760982990264893
2025-12-29,GC=F,3.37050724029541
2025-12-30,GC=F,6.2151923179626465
2025-12-31,GC=F,0.2604069113731384
2026-01-02,GC=F,-2.749737501144409
2026-01-05,GC=F,5.559108257293701
2026-01-06,GC=F,5.242767810821533
2026-01-07,GC=F,2.172170639038086
2026-01-08,GC=F,6.297430038452148
2026-01-09,GC=F,6.2855353355407715
2026-01-12,GC=F,1.8682806491851807
2026-01-13,GC=F,2.9082839488983154
2026-01-14,GC=F,4.398016929626465
2026-01-15,GC=F,4.2213239669799805
2026-01-16,GC=F,6.068066596984863
2026-01-20,GC=F,2.899261474609375
2026-01-21,GC=F,4.891435623168945
2026-01-22,GC=F,5.190788745880127
2026-01-23,GC=F,2.1279540061950684
2026-01-26,GC=F,-1.6608473062515259
2026-01-27,GC=F,2.81473970413208
2026-01-28,GC=F,4.4518351554870605
2026-01-29,GC=F,2.4653961658477783
2026-01-30,GC=F,-2.218688488006592
2026-02-02,GC=F,4.5331807136535645
2026-02-03,GC=F,3.967458963394165
2026-02-04,GC=F,1.1506080627441406
2026-02-05,GC=F,3.8174855709075928
2026-02-06,GC=F,4.142363548278809
2026-02-09,GC=F,4.380908012390137
2026-02-10,GC=F,3.555292844772339
2026-02-11,GC=F,3.4049434661865234
2026-02-12,GC=F,2.3133797645568848
2026-02-13,GC=F,2.8770883083343506
2026-02-17,GC=F,0.18555445969104767
2026-02-18,GC=F,-0.6575677990913391
2026-02-19,GC=F,2.761822462081909
2026-02-20,GC=F,3.8840134143829346
2026-02-23,GC=F,2.096661329269409
2026-02-24,GC=F,2.7062125205993652
2026-02-25,GC=F,3.1837923526763916
2026-02-26,GC=F,3.180222988128662
2026-02-27,GC=F,2.6260693073272705
2026-03-02,GC=F,3.1429309844970703
2026-03-03,GC=F,2.788625717163086
2026-03-04,GC=F,3.5889434814453125
2026-03-05,GC=F,3.007293462753296
2026-03-06,GC=F,3.3705132007598877
2026-03-09,GC=F,2.984107494354248
2026-03-10,GC=F,3.9664366245269775
2026-03-11,GC=F,3.1383652687072754
2026-03-12,GC=F,0.39804282784461975
2026-03-13,GC=F,3.3757011890411377
2026-03-16,GC=F,2.9863553047180176
2026-03-17,GC=F,2.4097418785095215
2026-03-18,GC=F,1.2708559036254883
2026-03-19,GC=F,-1.9798051118850708
2026-03-20,GC=F,3.6714673042297363
2026-03-23,GC=F,3.8385071754455566
2026-03-24,GC=F,4.219568252563477
2026-03-25,GC=F,3.4020214080810547
2026-03-26,GC=F,4.215126991271973
2026-03-27,GC=F,1.2020121812820435
2026-03-30,GC=F,1.6063745021820068
2026-03-31,GC=F,-1.362548828125
2026-04-01,GC=F,1.1754146814346313
2026-04-02,GC=F,2.7979438304901123
2026-04-06,GC=F,0.2977284789085388
2026-04-07,GC=F,0.2972313165664673
2026-04-08,GC=F,1.4753886461257935
2026-04-09,GC=F,-2.9469733238220215
2026-04-10,GC=F,-1.513122320175171
2026-04-13,GC=F,-1.0987869501113892
2026-04-14,GC=F,-2.3684637546539307
2026-04-15,GC=F,-1.0456032752990723
2026-04-16,GC=F,0.5042054057121277
2026-04-17,GC=F,1.8827579021453857
2026-04-20,GC=F,1.472886085510254
2026-04-21,GC=F,0.2151610255241394
2026-04-22,GC=F,1.61947500705719
2026-04-23,GC=F,2.0711090564727783
2026-04-24,GC=F,2.6750295162200928
2026-04-27,GC=F,2.0555179119110107
2026-04-28,GC=F,1.784569263458252
2026-04-29,GC=F,4.078495979309082
2025-12-23,EEM,5.377373218536377
2025-12-24,EEM,2.287520170211792
2025-12-26,EEM,2.679985523223877
2025-12-29,EEM,5.953848838806152
2025-12-30,EEM,5.321664810180664
2025-12-31,EEM,3.2539985179901123
2026-01-02,EEM,7.648002624511719
2026-01-05,EEM,4.871642589569092
2026-01-06,EEM,1.7437938451766968
2026-01-07,EEM,8.429604530334473
2026-01-08,EEM,5.695281028747559
2026-01-09,EEM,-2.2583675384521484
2026-01-12,EEM,-3.38912034034729
2026-01-13,EEM,-0.40062421560287476
2026-01-14,EEM,6.113743782043457
2026-01-15,EEM,5.130678176879883
2026-01-16,EEM,6.885737895965576
2026-01-20,EEM,8.403934478759766
2026-01-21,EEM,9.259923934936523
2026-01-22,EEM,4.407870292663574
2026-01-23,EEM,1.2618132829666138
2026-01-26,EEM,4.265000343322754
2026-01-27,EEM,6.1352972984313965
2026-01-28,EEM,5.811733722686768
2026-01-29,EEM,5.368503093719482
2026-01-30,EEM,3.9581754207611084
2026-02-02,EEM,7.379354953765869
2026-02-03,EEM,6.167857646942139
2026-02-04,EEM,-5.140048027038574
2026-02-05,EEM,7.037075996398926
2026-02-06,EEM,8.76764965057373
2026-02-09,EEM,2.5446035861968994
2026-02-10,EEM,-0.7679839134216309
2026-02-11,EEM,7.1091508865356445
2026-02-12,EEM,7.502352237701416
2026-02-13,EEM,6.078578948974609
2026-02-17,EEM,2.57970929145813
2026-02-18,EEM,1.8994989395141602
2026-02-19,EEM,6.902746677398682
2026-02-20,EEM,6.484674453735352
2026-02-23,EEM,-7.602737903594971
2026-02-24,EEM,7.269382953643799
2026-02-25,EEM,5.217046737670898
2026-02-26,EEM,-4.732741355895996
2026-02-27,EEM,4.030857563018799
2026-03-02,EEM,5.562851905822754
2026-03-03,EEM,2.563411235809326
2026-03-04,EEM,7.212549686431885
2026-03-05,EEM,5.536750316619873
2026-03-06,EEM,3.5432546138763428
2026-03-09,EEM,7.304231643676758
2026-03-10,EEM,7.785473823547363
2026-03-11,EEM,2.233093023300171
2026-03-12,EEM,7.358604431152344
2026-03-13,EEM,6.227097988128662
2026-03-16,EEM,3.7153432369232178
2026-03-17,EEM,2.8995201587677
2026-03-18,EEM,-5.340973377227783
2026-03-19,EEM,-0.8285035490989685
2026-03-20,EEM,2.6998183727264404
2026-03-23,EEM,1.041325330734253
2026-03-24,EEM,1.0757570266723633
2026-03-25,EEM,4.974354267120361
2026-03-26,EEM,-3.7515676021575928
2026-03-27,EEM,0.36061304807662964
2026-03-30,EEM,-3.0526320934295654
2026-03-31,EEM,5.406708717346191
2026-04-01,EEM,-0.45423030853271484
2026-04-02,EEM,-2.62309193611145
2026-04-06,EEM,0.8676697015762329
2026-04-07,EEM,0.9046098589897156
2026-04-08,EEM,-3.663553237915039
2026-04-09,EEM,3.617241621017456
2026-04-10,EEM,4.085160255432129
2026-04-13,EEM,3.7749812602996826
2026-04-14,EEM,0.08533039689064026
2026-04-15,EEM,-1.7385128736495972
2026-04-16,EEM,3.03558087348938
2026-04-17,EEM,5.712264060974121
2026-04-20,EEM,-5.0520243644714355
2026-04-21,EEM,-4.607442378997803
2026-04-22,EEM,5.677013874053955
2026-04-23,EEM,6.065692901611328
2026-04-24,EEM,5.888406753540039
2026-04-27,EEM,-5.043087005615234
2026-04-28,EEM,3.0188148021698
2026-04-29,EEM,5.03494930267334
2025-12-23,UNH,0.6734738945960999
2025-12-24,UNH,1.4331337213516235
2025-12-26,UNH,3.3897361755371094
2025-12-29,UNH,3.687026023864746
2025-12-30,UNH,3.735405206680298
2025-12-31,UNH,2.6914103031158447
2026-01-02,UNH,0.6308217644691467
2026-01-05,UNH,-0.5403655767440796
2026-01-06,UNH,2.3541150093078613
2026-01-07,UNH,2.6832895278930664
2026-01-08,UNH,3.4876954555511475
2026-01-09,UNH,1.4266760349273682
2026-01-12,UNH,0.5228814482688904
2026-01-13,UNH,1.193808674812317
2026-01-14,UNH,0.8858430981636047
2026-01-15,UNH,-2.7643725872039795
2026-01-16,UNH,1.5122178792953491
2026-01-20,UNH,3.37074875831604
2026-01-21,UNH,3.9870989322662354
2026-01-22,UNH,-1.8923858404159546
2026-01-23,UNH,-3.3193986415863037
2026-01-26,UNH,1.0381312370300293
2026-01-27,UNH,2.215759515762329
2026-01-28,UNH,2.751823663711548
2026-01-29,UNH,1.932483196258545
2026-01-30,UNH,-2.2527050971984863
2026-02-02,UNH,2.331230878829956
2026-02-03,UNH,2.9327642917633057
2026-02-04,UNH,2.3374223709106445
2026-02-05,UNH,2.9809112548828125
2026-02-06,UNH,2.6175312995910645
2026-02-09,UNH,2.305307388305664
2026-02-10,UNH,0.8172502517700195
2026-02-11,UNH,1.6164824962615967
2026-02-12,UNH,-1.7581607103347778
2026-02-13,UNH,2.3295114040374756
2026-02-17,UNH,0.8124691843986511
2026-02-18,UNH,-0.7210758924484253
2026-02-19,UNH,0.4766131341457367
2026-02-20,UNH,-0.7387978434562683
2026-02-23,UNH,-1.7871710062026978
2026-02-24,UNH,0.7369810342788696
2026-02-25,UNH,2.4110589027404785
2026-02-26,UNH,-2.1197636127471924
2026-02-27,UNH,-2.3816094398498535
2026-03-02,UNH,0.10264667868614197
2026-03-03,UNH,2.991429090499878
2026-03-04,UNH,3.139336109161377
2026-03-05,UNH,-1.828762173652649
2026-03-06,UNH,1.0604405403137207
2026-03-09,UNH,1.2603508234024048
2026-03-10,UNH,0.82486891746521
2026-03-11,UNH,-1.9305962324142456
2026-03-12,UNH,2.515465259552002
2026-03-13,UNH,3.3189918994903564
2026-03-16,UNH,3.183297634124756
2026-03-17,UNH,0.30036577582359314
2026-03-18,UNH,-2.53806471824646
2026-03-19,UNH,1.1450037956237793
2026-03-20,UNH,3.2513210773468018
2026-03-23,UNH,1.3338910341262817
2026-03-24,UNH,-0.25237298011779785
2026-03-25,UNH,1.2960797548294067
2026-03-26,UNH,2.002201557159424
2026-03-27,UNH,2.6324303150177
2026-03-30,UNH,0.8155391812324524
2026-03-31,UNH,3.070523738861084
2026-04-01,UNH,0.486541211605072
2026-04-02,UNH,-1.5134693384170532
2026-04-06,UNH,-1.398176670074463
2026-04-07,UNH,-0.6813938021659851
2026-04-08,UNH,1.8923170566558838
2026-04-09,UNH,1.9113831520080566
2026-04-10,UNH,2.7023913860321045
2026-04-13,UNH,0.6571888327598572
2026-04-14,UNH,-2.1337499618530273
2026-04-15,UNH,-2.2782797813415527
2026-04-16,UNH,2.71449613571167
2026-04-17,UNH,2.1195566654205322
2026-04-20,UNH,-2.0075466632843018
2026-04-21,UNH,2.5682122707366943
2026-04-22,UNH,3.132891893386841
2026-04-23,UNH,2.7186014652252197
2026-04-24,UNH,-2.1987416744232178
2026-04-27,UNH,1.52800714969635
2026-04-28,UNH,2.0286622047424316
2026-04-29,UNH,2.381531000137329
2025-12-23,NVDA,-2.255903959274292
2025-12-24,NVDA,1.8644120693206787
2025-12-26,NVDA,1.0736939907073975
2025-12-29,NVDA,2.6248509883880615
2025-12-30,NVDA,3.276477098464966
2025-12-31,NVDA,2.3165810108184814
2026-01-02,NVDA,3.2235500812530518
2026-01-05,NVDA,-0.8442487120628357
2026-01-06,NVDA,-2.909011125564575
2026-01-07,NVDA,3.781689167022705
2026-01-08,NVDA,3.8477795124053955
2026-01-09,NVDA,3.3646037578582764
2026-01-12,NVDA,3.2103145122528076
2026-01-13,NVDA,-1.3141194581985474
2026-01-14,NVDA,0.8817203640937805
2026-01-15,NVDA,2.2541983127593994
2026-01-16,NVDA,1.2258691787719727
2026-01-20,NVDA,1.9847317934036255
2026-01-21,NVDA,3.3170650005340576
2026-01-22,NVDA,2.5762245655059814
2026-01-23,NVDA,2.243518590927124
2026-01-26,NVDA,1.8654714822769165
2026-01-27,NVDA,1.827321171760559
2026-01-28,NVDA,1.3067723512649536
2026-01-29,NVDA,2.1873621940612793
2026-01-30,NVDA,0.5799373388290405
2026-02-02,NVDA,2.311222791671753
2026-02-03,NVDA,3.749103546142578
2026-02-04,NVDA,1.0266366004943848
2026-02-05,NVDA,-1.7504595518112183
2026-02-06,NVDA,3.653353691101074
2026-02-09,NVDA,-1.6742771863937378
2026-02-10,NVDA,-1.1699283123016357
2026-02-11,NVDA,3.5802338123321533
2026-02-12,NVDA,3.7874083518981934
2026-02-13,NVDA,3.274862051010132
2026-02-17,NVDA,2.3804242610931396
2026-02-18,NVDA,1.510948896408081
2026-02-19,NVDA,2.543919563293457
2026-02-20,NVDA,3.0942344665527344
2026-02-23,NVDA,2.4552853107452393
2026-02-24,NVDA,3.7576067447662354
2026-02-25,NVDA,3.9402549266815186
2026-02-26,NVDA,0.9928244948387146
2026-02-27,NVDA,2.2256240844726562
2026-03-02,NVDA,2.873579502105713
2026-03-03,NVDA,-2.9580883979797363
2026-03-04,NVDA,1.0792747735977173
2026-03-05,NVDA,3.6715571880340576
2026-03-06,NVDA,3.725494861602783
2026-03-09,NVDA,3.537731647491455
2026-03-10,NVDA,3.4351654052734375
2026-03-11,NVDA,0.48530980944633484
2026-03-12,NVDA,1.8855979442596436
2026-03-13,NVDA,2.6353890895843506
2026-03-16,NVDA,-0.5630561113357544
2026-03-17,NVDA,1.67292058467865
2026-03-18,NVDA,0.6813384294509888
2026-03-19,NVDA,-0.09794822335243225
2026-03-20,NVDA,2.2995059490203857
2026-03-23,NVDA,-1.5402312278747559
2026-03-24,NVDA,1.0630093812942505
2026-03-25,NVDA,3.257368564605713
2026-03-26,NVDA,-0.9521951079368591
2026-03-27,NVDA,2.2051000595092773
2026-03-30,NVDA,0.36778756976127625
2026-03-31,NVDA,1.3906902074813843
2026-04-01,NVDA,-1.144458532333374
2026-04-02,NVDA,-0.3642675280570984
2026-04-06,NVDA,-0.43013623356819153
2026-04-07,NVDA,-0.6157650947570801
2026-04-08,NVDA,-2.0233163833618164
2026-04-09,NVDA,1.8296239376068115
2026-04-10,NVDA,2.4093425273895264
2026-04-13,NVDA,-0.13660380244255066
2026-04-14,NVDA,-1.6710071563720703
2026-04-15,NVDA,-0.3628956079483032
2026-04-16,NVDA,1.0922977924346924
2026-04-17,NVDA,3.632230281829834
2026-04-20,NVDA,-1.3140361309051514
2026-04-21,NVDA,-2.5523180961608887
2026-04-22,NVDA,0.12666068971157074
2026-04-23,NVDA,2.4903039932250977
2026-04-24,NVDA,3.590676784515381
2026-04-27,NVDA,2.732684850692749
2026-04-28,NVDA,1.3807814121246338
2026-04-29,NVDA,3.0153462886810303
2025-12-23,JPM,3.7434442043304443
2025-12-24,JPM,0.2882513403892517
2025-12-26,JPM,0.43108296394348145
2025-12-29,JPM,5.501357078552246
2025-12-30,JPM,3.930023193359375
2025-12-31,JPM,-3.664909601211548
2026-01-02,JPM,-0.31860244274139404
2026-01-05,JPM,4.289329528808594
2026-01-06,JPM,3.1636383533477783
2026-01-07,JPM,4.420558452606201
2026-01-08,JPM,6.239621639251709
2026-01-09,JPM,5.274413108825684
2026-01-12,JPM,0.020604752004146576
2026-01-13,JPM,2.701982259750366
2026-01-14,JPM,4.294459819793701
2026-01-15,JPM,3.3508760929107666
2026-01-16,JPM,3.270115852355957
2026-01-20,JPM,5.0740485191345215
2026-01-21,JPM,6.266258239746094
2026-01-22,JPM,6.335083484649658
2026-01-23,JPM,2.237422227859497
2026-01-26,JPM,3.226247787475586
2026-01-27,JPM,4.980100631713867
2026-01-28,JPM,1.5899583101272583
2026-01-29,JPM,-2.8405261039733887
2026-01-30,JPM,-3.1146788597106934
2026-02-02,JPM,-0.7402201890945435
2026-02-03,JPM,0.5739851593971252
2026-02-04,JPM,-3.048881769180298
2026-02-05,JPM,-4.414438724517822
2026-02-06,JPM,2.97562313079834
2026-02-09,JPM,-2.0597329139709473
2026-02-10,JPM,-4.6206254959106445
2026-02-11,JPM,2.0996174812316895
2026-02-12,JPM,1.1249444484710693
2026-02-13,JPM,2.359571695327759
2026-02-17,JPM,-1.17180335521698
2026-02-18,JPM,-4.994505405426025
2026-02-19,JPM,2.403064012527466
2026-02-20,JPM,5.669839382171631
2026-02-23,JPM,-0.8493450284004211
2026-02-24,JPM,4.77040958404541
2026-02-25,JPM,5.541657447814941
2026-02-26,JPM,-0.15842825174331665
2026-02-27,JPM,-3.1846351623535156
2026-03-02,JPM,-0.1487683802843094
2026-03-03,JPM,1.0283464193344116
2026-03-04,JPM,4.224843502044678
2026-03-05,JPM,0.973109781742096
2026-03-06,JPM,2.4479620456695557
2026-03-09,JPM,0.49542856216430664
2026-03-10,JPM,0.585760235786438
2026-03-11,JPM,-2.883589506149292
2026-03-12,JPM,4.829431533813477
2026-03-13,JPM,4.738439559936523
2026-03-16,JPM,-2.673703908920288
2026-03-17,JPM,-4.174803733825684
2026-03-18,JPM,-1.5008946657180786
2026-03-19,JPM,1.0638214349746704
2026-03-20,JPM,-2.581974744796753
2026-03-23,JPM,-3.062769651412964
2026-03-24,JPM,-0.10162866115570068
2026-03-25,JPM,-1.2114202976226807
2026-03-26,JPM,-3.0556063652038574
2026-03-27,JPM,0.6159610152244568
2026-03-30,JPM,5.56533670425415
2026-03-31,JPM,3.1278929710388184
2026-04-01,JPM,-3.96152925491333
2026-04-02,JPM,-4.71726131439209
2026-04-06,JPM,5.795400142669678
2026-04-07,JPM,3.4483816623687744
2026-04-08,JPM,-3.173173427581787
2026-04-09,JPM,1.496916651725769
2026-04-10,JPM,2.3492207527160645
2026-04-13,JPM,-2.3573739528656006
2026-04-14,JPM,-4.04128360748291
2026-04-15,JPM,-4.8230485916137695
2026-04-16,JPM,5.575917720794678
2026-04-17,JPM,5.806694507598877
2026-04-20,JPM,-4.62408971786499
2026-04-21,JPM,-2.1632659435272217
2026-04-22,JPM,5.247915744781494
2026-04-23,JPM,5.506242275238037
2026-04-24,JPM,5.573150157928467
2026-04-27,JPM,0.300243079662323
2026-04-28,JPM,2.1649837493896484
2026-04-29,JPM,3.462327241897583
2025-12-23,IWM,0.807379961013794
2025-12-24,IWM,5.244737148284912
2025-12-26,IWM,5.3646159172058105
2025-12-29,IWM,5.573117256164551
2025-12-30,IWM,3.291050672531128
2025-12-31,IWM,1.1737005710601807
2026-01-02,IWM,3.065042734146118
2026-01-05,IWM,5.1667890548706055
2026-01-06,IWM,0.8325588703155518
2026-01-07,IWM,2.0983211994171143
2026-01-08,IWM,6.3845534324646
2026-01-09,IWM,0.4077249765396118
2026-01-12,IWM,1.2506879568099976
2026-01-13,IWM,4.592907428741455
2026-01-14,IWM,5.102295875549316
2026-01-15,IWM,4.219185829162598
2026-01-16,IWM,2.1487302780151367
2026-01-20,IWM,2.072577714920044
2026-01-21,IWM,7.222959041595459
2026-01-22,IWM,7.037810802459717
2026-01-23,IWM,-3.434689521789551
2026-01-26,IWM,-1.4933384656906128
2026-01-27,IWM,6.8962883949279785
2026-01-28,IWM,5.324103355407715
2026-01-29,IWM,4.181652069091797
2026-01-30,IWM,3.522174596786499
2026-02-02,IWM,6.370155334472656
2026-02-03,IWM,5.659187316894531
2026-02-04,IWM,0.3629875183105469
2026-02-05,IWM,6.002822399139404
2026-02-06,IWM,6.327269077301025
2026-02-09,IWM,2.830728769302368
2026-02-10,IWM,1.000505805015564
2026-02-11,IWM,2.3267836570739746
2026-02-12,IWM,6.749945163726807
2026-02-13,IWM,7.032629489898682
2026-02-17,IWM,5.315535545349121
2026-02-18,IWM,-0.8858423829078674
2026-02-19,IWM,6.342648983001709
2026-02-20,IWM,2.2640540599823
2026-02-23,IWM,-6.687045574188232
2026-02-24,IWM,4.942142486572266
2026-02-25,IWM,7.4669575691223145
2026-02-26,IWM,1.9808448553085327
2026-02-27,IWM,-6.374533653259277
2026-03-02,IWM,4.9912333488464355
2026-03-03,IWM,-3.0461575984954834
2026-03-04,IWM,4.953446865081787
2026-03-05,IWM,-0.5668110251426697
2026-03-06,IWM,-4.267236232757568
2026-03-09,IWM,6.642770290374756
2026-03-10,IWM,1.8240262269973755
2026-03-11,IWM,-4.785144329071045
2026-03-12,IWM,7.187708377838135
2026-03-13,IWM,6.695030212402344
2026-03-16,IWM,3.3456761837005615
2026-03-17,IWM,-0.16875924170017242
2026-03-18,IWM,4.405155181884766
2026-03-19,IWM,-4.901490688323975
2026-03-20,IWM,3.386202812194824
2026-03-23,IWM,0.5113045573234558
2026-03-24,IWM,-2.560182571411133
2026-03-25,IWM,4.313679218292236
2026-03-26,IWM,-4.552001953125
2026-03-27,IWM,-2.9660515785217285
2026-03-30,IWM,-0.9401264190673828
2026-03-31,IWM,5.121914386749268
2026-04-01,IWM,-1.9436159133911133
2026-04-02,IWM,-4.5597686767578125
2026-04-06,IWM,-3.16943621635437
2026-04-07,IWM,4.153936862945557
2026-04-08,IWM,-3.369037389755249
2026-04-09,IWM,-0.33665621280670166
2026-04-10,IWM,3.473001480102539
2026-04-13,IWM,0.26154541969299316
2026-04-14,IWM,-4.674333095550537
2026-04-15,IWM,-4.812899589538574
2026-04-16,IWM,4.317215919494629
2026-04-17,IWM,6.683892726898193
2026-04-20,IWM,-0.2700258791446686
2026-04-21,IWM,-1.33351469039917
2026-04-22,IWM,4.125859260559082
2026-04-23,IWM,5.560207843780518
2026-04-24,IWM,5.556898593902588
2026-04-27,IWM,-2.1942572593688965
2026-04-28,IWM,4.091115951538086
2026-04-29,IWM,6.015355587005615
2025-12-23,GLD,1.906603217124939
2025-12-24,GLD,1.096293568611145
2025-12-26,GLD,5.066251754760742
2025-12-29,GLD,3.2263026237487793
2025-12-30,GLD,5.671111106872559
2025-12-31,GLD,3.606588125228882
2026-01-02,GLD,0.59975266456604
2026-01-05,GLD,5.844995021820068
2026-01-06,GLD,5.064606666564941
2026-01-07,GLD,3.106675386428833
2026-01-08,GLD,6.503226280212402
2026-01-09,GLD,6.537202835083008
2026-01-12,GLD,1.3757727146148682
2026-01-13,GLD,2.3438620567321777
2026-01-14,GLD,4.654989242553711
2026-01-15,GLD,4.184606075286865
2026-01-16,GLD,6.056180477142334
2026-01-20,GLD,3.193591594696045
2026-01-21,GLD,5.202017784118652
2026-01-22,GLD,4.797247409820557
2026-01-23,GLD,-1.788813591003418
2026-01-26,GLD,-0.5985332727432251
2026-01-27,GLD,3.7060205936431885
2026-01-28,GLD,3.155757188796997
2026-01-29,GLD,0.9850049018859863
2026-01-30,GLD,-0.09866027534008026
2026-02-02,GLD,4.3334150314331055
2026-02-03,GLD,3.5181503295898438
2026-02-04,GLD,3.554649591445923
2026-02-05,GLD,4.539157390594482
2026-02-06,GLD,4.51920747756958
2026-02-09,GLD,4.506840229034424
2026-02-10,GLD,3.163430690765381
2026-02-11,GLD,3.1910483837127686
2026-02-12,GLD,2.8543341159820557
2026-02-13,GLD,3.517561197280884
2026-02-17,GLD,1.7818639278411865
2026-02-18,GLD,0.7612261772155762
2026-02-19,GLD,3.0536816120147705
2026-02-20,GLD,3.917165994644165
2026-02-23,GLD,-0.3336021900177002
2026-02-24,GLD,-1.327177882194519
2026-02-25,GLD,3.930294990539551
2026-02-26,GLD,2.751861572265625
2026-02-27,GLD,0.874739944934845
2026-03-02,GLD,1.5871902704238892
2026-03-03,GLD,1.180747628211975
2026-03-04,GLD,4.268547534942627
2026-03-05,GLD,0.7244480848312378
2026-03-06,GLD,3.246938943862915
2026-03-09,GLD,3.42572283744812
2026-03-10,GLD,3.790972948074341
2026-03-11,GLD,3.3175439834594727
2026-03-12,GLD,0.9306290149688721
2026-03-13,GLD,4.63787841796875
2026-03-16,GLD,4.464776039123535
2026-03-17,GLD,3.8119919300079346
2026-03-18,GLD,-3.722841739654541
2026-03-19,GLD,-1.3879185914993286
2026-03-20,GLD,4.100904941558838
2026-03-23,GLD,3.6430811882019043
2026-03-24,GLD,4.3231072425842285
2026-03-25,GLD,3.912447929382324
2026-03-26,GLD,4.135289192199707
2026-03-27,GLD,2.9403645992279053
2026-03-30,GLD,1.703285813331604
2026-03-31,GLD,-1.1225168704986572
2026-04-01,GLD,-2.3970742225646973
2026-04-02,GLD,1.9789670705795288
2026-04-06,GLD,1.9722683429718018
2026-04-07,GLD,1.5189646482467651
2026-04-08,GLD,2.118603467941284
2026-04-09,GLD,-0.829655647277832
2026-04-10,GLD,0.3159749507904053
2026-04-13,GLD,-1.2802940607070923
2026-04-14,GLD,-2.581566333770752
2026-04-15,GLD,-0.4290805160999298
2026-04-16,GLD,-0.20105431973934174
2026-04-17,GLD,3.0139338970184326
2026-04-20,GLD,-1.197881817817688
2026-04-21,GLD,-3.676772356033325
2026-04-22,GLD,3.6398258209228516
2026-04-23,GLD,1.572232961654663
2026-04-24,GLD,0.5494938492774963
2026-04-27,GLD,2.8080084323883057
2026-04-28,GLD,3.4664928913116455
2026-04-29,GLD,4.575277805328369
2025-12-23,USDINR=X,13.732605934143066
2025-12-24,USDINR=X,22.50963020324707
2025-12-26,USDINR=X,24.55022430419922
2025-12-29,USDINR=X,-9.691363334655762
2025-12-30,USDINR=X,27.93900489807129
2025-12-31,USDINR=X,30.633745193481445
2026-01-02,USDINR=X,28.58024024963379
2026-01-05,USDINR=X,12.781668663024902
2026-01-06,USDINR=X,8.105921745300293
2026-01-07,USDINR=X,-1.8479799032211304
2026-01-08,USDINR=X,11.310099601745605
2026-01-09,USDINR=X,-2.3306033611297607
2026-01-12,USDINR=X,8.35987377166748
2026-01-13,USDINR=X,6.170810222625732
2026-01-14,USDINR=X,9.428186416625977
2026-01-15,USDINR=X,-19.18233299255371
2026-01-16,USDINR=X,-0.6630333065986633
2026-01-19,USDINR=X,-7.186855316162109
2026-01-20,USDINR=X,-7.7943620681762695
2026-01-21,USDINR=X,-2.636674404144287
2026-01-22,USDINR=X,-7.821039199829102
2026-01-23,USDINR=X,-21.438587188720703
2026-01-26,USDINR=X,-11.730310440063477
2026-01-27,USDINR=X,12.855962753295898
2026-01-28,USDINR=X,-6.979299068450928
2026-01-29,USDINR=X,-17.388427734375
2026-01-30,USDINR=X,8.16289234161377
2026-02-02,USDINR=X,23.053098678588867
2026-02-03,USDINR=X,25.049531936645508
2026-02-04,USDINR=X,26.13153839111328
2026-02-05,USDINR=X,22.561384201049805
2026-02-06,USDINR=X,22.540393829345703
2026-02-09,USDINR=X,18.42812156677246
2026-02-10,USDINR=X,13.649441719055176
2026-02-11,USDINR=X,20.0755615234375
2026-02-12,USDINR=X,22.893415451049805
2026-02-13,USDINR=X,20.75196647644043
2026-02-16,USDINR=X,15.803149223327637
2026-02-17,USDINR=X,-2.9145309925079346
2026-02-18,USDINR=X,-7.845538139343262
2026-02-19,USDINR=X,-13.755374908447266
2026-02-20,USDINR=X,13.20391845703125
2026-02-23,USDINR=X,3.1149797439575195
2026-02-24,USDINR=X,6.095256805419922
2026-02-25,USDINR=X,13.96608829498291
2026-02-26,USDINR=X,-1.060677409172058
2026-02-27,USDINR=X,-6.789689064025879
2026-03-02,USDINR=X,4.292572975158691
2026-03-03,USDINR=X,-11.276134490966797
2026-03-04,USDINR=X,1.7701815366744995
2026-03-05,USDINR=X,1.6309170722961426
2026-03-06,USDINR=X,-13.239757537841797
2026-03-09,USDINR=X,10.577922821044922
2026-03-10,USDINR=X,-9.533808708190918
2026-03-11,USDINR=X,-6.146663188934326
2026-03-12,USDINR=X,3.0090935230255127
2026-03-13,USDINR=X,-3.909132480621338
2026-03-16,USDINR=X,23.987815856933594
2026-03-17,USDINR=X,22.08826446533203
2026-03-18,USDINR=X,21.130769729614258
2026-03-19,USDINR=X,23.950597763061523
2026-03-20,USDINR=X,-2.198486328125
2026-03-23,USDINR=X,1.4495124816894531
2026-03-24,USDINR=X,14.07741928100586
2026-03-25,USDINR=X,15.784357070922852
2026-03-26,USDINR=X,6.722992420196533
2026-03-27,USDINR=X,19.135347366333008
2026-03-30,USDINR=X,4.173903942108154
2026-03-31,USDINR=X,4.95864725112915
2026-04-01,USDINR=X,11.0513277053833
2026-04-02,USDINR=X,10.786334991455078
2026-04-03,USDINR=X,21.409244537353516
2026-04-06,USDINR=X,21.39893913269043
2026-04-07,USDINR=X,13.201637268066406
2026-04-08,USDINR=X,22.2281436920166
2026-04-09,USDINR=X,20.586427688598633
2026-04-10,USDINR=X,22.587791442871094
2026-04-13,USDINR=X,9.81563949584961
2026-04-14,USDINR=X,0.6148782968521118
2026-04-15,USDINR=X,6.609172344207764
2026-04-16,USDINR=X,14.914886474609375
2026-04-17,USDINR=X,15.795544624328613
2026-04-20,USDINR=X,4.725378036499023
2026-04-21,USDINR=X,9.8428316116333
2026-04-22,USDINR=X,9.516526222229004
2026-04-23,USDINR=X,0.6967753171920776
2026-04-24,USDINR=X,6.98514461517334
2026-04-27,USDINR=X,-3.1527183055877686
2026-04-28,USDINR=X,15.600723266601562
2026-04-29,USDINR=X,15.670816421508789
2025-12-23,AMZN,1.1217573881149292
2025-12-24,AMZN,-2.0789480209350586
2025-12-26,AMZN,2.102036237716675
2025-12-29,AMZN,3.3466598987579346
2025-12-30,AMZN,1.915930986404419
2025-12-31,AMZN,-0.9908524751663208
2026-01-02,AMZN,3.421372413635254
2026-01-05,AMZN,2.3216216564178467
2026-01-06,AMZN,-1.5124329328536987
2026-01-07,AMZN,-0.16621263325214386
2026-01-08,AMZN,-1.3505538702011108
2026-01-09,AMZN,3.334674596786499
2026-01-12,AMZN,-0.1646529734134674
2026-01-13,AMZN,-0.9426591396331787
2026-01-14,AMZN,-0.9160857200622559
2026-01-15,AMZN,0.16669592261314392
2026-01-16,AMZN,2.578219413757324
2026-01-20,AMZN,-1.9729090929031372
2026-01-21,AMZN,4.44166898727417
2026-01-22,AMZN,4.802415370941162
2026-01-23,AMZN,4.249168395996094
2026-01-26,AMZN,-2.0449013710021973
2026-01-27,AMZN,2.8003311157226562
2026-01-28,AMZN,1.327433466911316
2026-01-29,AMZN,2.4373319149017334
2026-01-30,AMZN,1.7135730981826782
2026-02-02,AMZN,1.920318841934204
2026-02-03,AMZN,1.248396635055542
2026-02-04,AMZN,-0.4042724668979645
2026-02-05,AMZN,-0.8288023471832275
2026-02-06,AMZN,4.152299880981445
2026-02-09,AMZN,4.202274322509766
2026-02-10,AMZN,2.5492260456085205
2026-02-11,AMZN,2.921095132827759
2026-02-12,AMZN,4.553161144256592
2026-02-13,AMZN,3.1689038276672363
2026-02-17,AMZN,3.335598945617676
2026-02-18,AMZN,1.8107720613479614
2026-02-19,AMZN,1.9549273252487183
2026-02-20,AMZN,-1.7086225748062134
2026-02-23,AMZN,1.823482871055603
2026-02-24,AMZN,1.4351199865341187
2026-02-25,AMZN,1.678414225578308
2026-02-26,AMZN,2.8754186630249023
2026-02-27,AMZN,-2.371539354324341
2026-03-02,AMZN,-3.034640073776245
2026-03-03,AMZN,-3.214266538619995
2026-03-04,AMZN,-2.8752241134643555
2026-03-05,AMZN,-3.2369167804718018
2026-03-06,AMZN,-3.179579019546509
2026-03-09,AMZN,3.9360873699188232
2026-03-10,AMZN,-0.4306212365627289
2026-03-11,AMZN,-3.0738232135772705
2026-03-12,AMZN,-0.18558965623378754
2026-03-13,AMZN,0.7662357687950134
2026-03-16,AMZN,3.565282106399536
2026-03-17,AMZN,-1.905824065208435
2026-03-18,AMZN,-2.0622174739837646
2026-03-19,AMZN,4.787958145141602
2026-03-20,AMZN,4.788730144500732
2026-03-23,AMZN,1.881115436553955
2026-03-24,AMZN,-3.8500592708587646
2026-03-25,AMZN,3.069993257522583
2026-03-26,AMZN,1.5247611999511719
2026-03-27,AMZN,3.2489845752716064
2026-03-30,AMZN,3.1333727836608887
2026-03-31,AMZN,3.756840229034424
2026-04-01,AMZN,1.4601396322250366
2026-04-02,AMZN,-0.6970521211624146
2026-04-06,AMZN,-2.8849265575408936
2026-04-07,AMZN,-0.4009301960468292
2026-04-08,AMZN,-2.2847607135772705
2026-04-09,AMZN,1.6540253162384033
2026-04-10,AMZN,2.9247052669525146
2026-04-13,AMZN,2.7263574600219727
2026-04-14,AMZN,-1.4205856323242188
2026-04-15,AMZN,-2.701131820678711
2026-04-16,AMZN,1.984364628791809
2026-04-17,AMZN,3.655195713043213
2026-04-20,AMZN,-2.7320680618286133
2026-04-21,AMZN,-0.7530732750892639
2026-04-22,AMZN,3.834350347518921
2026-04-23,AMZN,4.296656608581543
2026-04-24,AMZN,4.3433098793029785
2026-04-27,AMZN,3.4031693935394287
2026-04-28,AMZN,-0.244065523147583
2026-04-29,AMZN,2.4361541271209717
