time,symbol,weight
2025-02-24,HDFCBANK.NS,0.8678207993507385
2025-02-25,HDFCBANK.NS,0.5276325345039368
2025-02-27,HDFCBANK.NS,0.17275230586528778
2025-02-28,HDFCBANK.NS,1.7302508354187012
2025-03-03,HDFCBANK.NS,1.3970199823379517
2025-03-04,HDFCBANK.NS,1.8767234086990356
2025-03-05,HDFCBANK.NS,1.4894407987594604
2025-03-06,HDFCBANK.NS,1.090317726135254
2025-03-07,HDFCBANK.NS,-0.08500601351261139
2025-03-10,HDFCBANK.NS,0.6094071269035339
2025-03-11,HDFCBANK.NS,0.5868927240371704
2025-03-12,HDFCBANK.NS,0.9408287405967712
2025-03-13,HDFCBANK.NS,0.3859005868434906
2025-03-17,HDFCBANK.NS,0.6284773349761963
2025-03-18,HDFCBANK.NS,0.33462241291999817
2025-03-19,HDFCBANK.NS,0.22923879325389862
2025-03-20,HDFCBANK.NS,-0.8278840780258179
2025-03-21,HDFCBANK.NS,-0.643499493598938
2025-03-24,HDFCBANK.NS,-0.7633690237998962
2025-03-25,HDFCBANK.NS,-0.7604112029075623
2025-03-26,HDFCBANK.NS,-0.9183428287506104
2025-03-27,HDFCBANK.NS,-0.37429797649383545
2025-03-28,HDFCBANK.NS,0.3044968247413635
2025-04-01,HDFCBANK.NS,1.1316627264022827
2025-04-02,HDFCBANK.NS,0.0936768501996994
2025-04-03,HDFCBANK.NS,0.5438600778579712
2025-04-04,HDFCBANK.NS,1.7187105417251587
2025-04-07,HDFCBANK.NS,0.9447799921035767
2025-04-08,HDFCBANK.NS,0.5167118310928345
2025-04-09,HDFCBANK.NS,0.34963613748550415
2025-04-11,HDFCBANK.NS,1.0671608448028564
2025-04-15,HDFCBANK.NS,1.3134280443191528
2025-04-16,HDFCBANK.NS,1.3981889486312866
2025-04-17,HDFCBANK.NS,0.5134350061416626
2025-04-21,HDFCBANK.NS,0.44434991478919983
2025-04-22,HDFCBANK.NS,0.4224224090576172
2025-04-23,HDFCBANK.NS,0.32009953260421753
2025-04-24,HDFCBANK.NS,0.046000149101018906
2025-04-25,HDFCBANK.NS,0.1934961974620819
2025-04-28,HDFCBANK.NS,0.4439661204814911
2025-04-29,HDFCBANK.NS,1.2477116584777832
2025-04-30,HDFCBANK.NS,0.434901624917984
2025-05-02,HDFCBANK.NS,0.8768888115882874
2025-05-05,HDFCBANK.NS,0.6854743957519531
2025-05-06,HDFCBANK.NS,0.5747886896133423
2025-05-07,HDFCBANK.NS,0.36011725664138794
2025-05-08,HDFCBANK.NS,0.32081571221351624
2025-05-09,HDFCBANK.NS,0.25285476446151733
2025-05-12,HDFCBANK.NS,1.037724494934082
2025-05-13,HDFCBANK.NS,0.47089168429374695
2025-05-14,HDFCBANK.NS,0.17907069623470306
2025-05-15,HDFCBANK.NS,0.3152463734149933
2025-05-16,HDFCBANK.NS,0.31231629848480225
2025-05-19,HDFCBANK.NS,0.33873191475868225
2025-05-20,HDFCBANK.NS,1.2471446990966797
2025-05-21,HDFCBANK.NS,0.4659998416900635
2025-05-22,HDFCBANK.NS,-0.11455602943897247
2025-05-23,HDFCBANK.NS,0.14379842579364777
2025-05-26,HDFCBANK.NS,0.20728503167629242
2025-05-27,HDFCBANK.NS,1.6216490268707275
2025-05-28,HDFCBANK.NS,1.1025946140289307
2025-05-29,HDFCBANK.NS,-0.4300733208656311
2025-05-30,HDFCBANK.NS,1.7068873643875122
2025-06-02,HDFCBANK.NS,1.1405137777328491
2025-06-03,HDFCBANK.NS,-0.6497732400894165
2025-06-04,HDFCBANK.NS,1.02065110206604
2025-06-05,HDFCBANK.NS,1.2125931978225708
2025-06-06,HDFCBANK.NS,0.19409748911857605
2025-06-09,HDFCBANK.NS,0.2635509967803955
2025-06-10,HDFCBANK.NS,1.0234968662261963
2025-06-11,HDFCBANK.NS,0.31845101714134216
2025-06-12,HDFCBANK.NS,0.5602043867111206
2025-06-13,HDFCBANK.NS,0.16481831669807434
2025-06-16,HDFCBANK.NS,-0.7010795474052429
2025-06-17,HDFCBANK.NS,-0.8557894229888916
2025-06-18,HDFCBANK.NS,-0.9276878833770752
2025-06-19,HDFCBANK.NS,-0.9387896656990051
2025-06-20,HDFCBANK.NS,-0.15305577218532562
2025-06-23,HDFCBANK.NS,-0.43706780672073364
2025-06-24,HDFCBANK.NS,-0.6199743747711182
2025-06-25,HDFCBANK.NS,0.4457996189594269
2025-06-26,HDFCBANK.NS,-0.6237667798995972
2025-06-27,HDFCBANK.NS,-0.6164894700050354
2025-02-24,RELIANCE.NS,2.558680772781372
2025-02-25,RELIANCE.NS,3.053283452987671
2025-02-27,RELIANCE.NS,2.8214974403381348
2025-02-28,RELIANCE.NS,2.8658945560455322
2025-03-03,RELIANCE.NS,2.4264822006225586
2025-03-04,RELIANCE.NS,2.5894787311553955
2025-03-05,RELIANCE.NS,2.8041677474975586
2025-03-06,RELIANCE.NS,2.440214157104492
2025-03-07,RELIANCE.NS,1.8908963203430176
2025-03-10,RELIANCE.NS,0.9429668188095093
2025-03-11,RELIANCE.NS,1.4876582622528076
2025-03-12,RELIANCE.NS,1.6658477783203125
2025-03-13,RELIANCE.NS,0.9051044583320618
2025-03-17,RELIANCE.NS,0.8233010172843933
2025-03-18,RELIANCE.NS,0.9445578455924988
2025-03-19,RELIANCE.NS,0.8514050245285034
2025-03-20,RELIANCE.NS,1.5251092910766602
2025-03-21,RELIANCE.NS,1.4455649852752686
2025-03-24,RELIANCE.NS,0.06342920660972595
2025-03-25,RELIANCE.NS,1.0846689939498901
2025-03-26,RELIANCE.NS,-0.4546435475349426
2025-03-27,RELIANCE.NS,-0.23862922191619873
2025-03-28,RELIANCE.NS,-0.6239677667617798
2025-04-01,RELIANCE.NS,0.4316522777080536
2025-04-02,RELIANCE.NS,0.22436940670013428
2025-04-03,RELIANCE.NS,-0.3156283497810364
2025-04-04,RELIANCE.NS,1.9818131923675537
2025-04-07,RELIANCE.NS,0.4189462661743164
2025-04-08,RELIANCE.NS,1.1701809167861938
2025-04-09,RELIANCE.NS,1.0716556310653687
2025-04-11,RELIANCE.NS,1.011998176574707
2025-04-15,RELIANCE.NS,0.8299384117126465
2025-04-16,RELIANCE.NS,0.6657919883728027
2025-04-17,RELIANCE.NS,-0.09937595576047897
2025-04-21,RELIANCE.NS,-0.37725991010665894
2025-04-22,RELIANCE.NS,-0.6535906791687012
2025-04-23,RELIANCE.NS,-0.5982014536857605
2025-04-24,RELIANCE.NS,-0.5466623902320862
2025-04-25,RELIANCE.NS,-0.3667432963848114
2025-04-28,RELIANCE.NS,-0.7030711770057678
2025-04-29,RELIANCE.NS,-0.6567226648330688
2025-04-30,RELIANCE.NS,-0.6753037571907043
2025-05-02,RELIANCE.NS,-1.0901802778244019
2025-05-05,RELIANCE.NS,-1.349179983139038
2025-05-06,RELIANCE.NS,-1.2502955198287964
2025-05-07,RELIANCE.NS,-0.8449806571006775
2025-05-08,RELIANCE.NS,-0.09851472079753876
2025-05-09,RELIANCE.NS,0.061795592308044434
2025-05-12,RELIANCE.NS,1.8741499185562134
2025-05-13,RELIANCE.NS,0.6609971523284912
2025-05-14,RELIANCE.NS,2.566960334777832
2025-05-15,RELIANCE.NS,2.401897668838501
2025-05-16,RELIANCE.NS,0.24892602860927582
2025-05-19,RELIANCE.NS,0.2491753101348877
2025-05-20,RELIANCE.NS,0.3215790390968323
2025-05-21,RELIANCE.NS,0.2675778865814209
2025-05-22,RELIANCE.NS,0.5881084203720093
2025-05-23,RELIANCE.NS,0.40646252036094666
2025-05-26,RELIANCE.NS,0.24064992368221283
2025-05-27,RELIANCE.NS,0.48801252245903015
2025-05-28,RELIANCE.NS,1.3068238496780396
2025-05-29,RELIANCE.NS,0.9128909111022949
2025-05-30,RELIANCE.NS,0.9112600088119507
2025-06-02,RELIANCE.NS,0.8213483095169067
2025-06-03,RELIANCE.NS,0.6171863675117493
2025-06-04,RELIANCE.NS,-0.3799889087677002
2025-06-05,RELIANCE.NS,0.12100452929735184
2025-06-06,RELIANCE.NS,0.2418002188205719
2025-06-09,RELIANCE.NS,0.3489781618118286
2025-06-10,RELIANCE.NS,0.5510283708572388
2025-06-11,RELIANCE.NS,0.17954830825328827
2025-06-12,RELIANCE.NS,0.588046133518219
2025-06-13,RELIANCE.NS,0.6422023177146912
2025-06-16,RELIANCE.NS,-0.35817161202430725
2025-06-17,RELIANCE.NS,-0.15668058395385742
2025-06-18,RELIANCE.NS,-0.02267790585756302
2025-06-19,RELIANCE.NS,-0.2666212320327759
2025-06-20,RELIANCE.NS,-0.5347128510475159
2025-06-23,RELIANCE.NS,0.1852102130651474
2025-06-24,RELIANCE.NS,-0.5496238470077515
2025-06-25,RELIANCE.NS,1.2042096853256226
2025-06-26,RELIANCE.NS,0.3862784206867218
2025-06-27,RELIANCE.NS,0.39281269907951355
2025-02-24,INFY.NS,0.8718846440315247
2025-02-25,INFY.NS,0.7729291915893555
2025-02-27,INFY.NS,0.8518308997154236
2025-02-28,INFY.NS,0.5563222169876099
2025-03-03,INFY.NS,1.432446837425232
2025-03-04,INFY.NS,1.71257483959198
2025-03-05,INFY.NS,2.4181125164031982
2025-03-06,INFY.NS,2.658200263977051
2025-03-07,INFY.NS,2.3021843433380127
2025-03-10,INFY.NS,2.28926944732666
2025-03-11,INFY.NS,1.5725047588348389
2025-03-12,INFY.NS,0.5915850400924683
2025-03-13,INFY.NS,0.07310787588357925
2025-03-17,INFY.NS,-0.4148246943950653
2025-03-18,INFY.NS,0.12129844725131989
2025-03-19,INFY.NS,0.17585285007953644
2025-03-20,INFY.NS,-0.31414249539375305
2025-03-21,INFY.NS,-0.011806540191173553
2025-03-24,INFY.NS,0.04849739372730255
2025-03-25,INFY.NS,-0.2392822653055191
2025-03-26,INFY.NS,-0.34492966532707214
2025-03-27,INFY.NS,-0.3111250102519989
2025-03-28,INFY.NS,-0.5732795596122742
2025-04-01,INFY.NS,-1.1560944318771362
2025-04-02,INFY.NS,-1.339282512664795
2025-04-03,INFY.NS,-1.025457739830017
2025-04-04,INFY.NS,-0.9120790958404541
2025-04-07,INFY.NS,-0.5814915895462036
2025-04-08,INFY.NS,-0.5192604064941406
2025-04-09,INFY.NS,-0.7869569659233093
2025-04-11,INFY.NS,-0.4586268663406372
2025-04-15,INFY.NS,-0.3081020414829254
2025-04-16,INFY.NS,-0.6040850281715393
2025-04-17,INFY.NS,-0.42708948254585266
2025-04-21,INFY.NS,-0.17593199014663696
2025-04-22,INFY.NS,-0.2653506100177765
2025-04-23,INFY.NS,1.311988115310669
2025-04-24,INFY.NS,1.2169029712677002
2025-04-25,INFY.NS,0.7093217372894287
2025-04-28,INFY.NS,-0.02648163214325905
2025-04-29,INFY.NS,0.55083829164505
2025-04-30,INFY.NS,0.6064844131469727
2025-05-02,INFY.NS,0.7505135536193848
2025-05-05,INFY.NS,0.6994643211364746
2025-05-06,INFY.NS,0.9743257164955139
2025-05-07,INFY.NS,0.7018650770187378
2025-05-08,INFY.NS,0.5236272215843201
2025-05-09,INFY.NS,0.3482411503791809
2025-05-12,INFY.NS,-0.8110408782958984
2025-05-13,INFY.NS,0.8677242398262024
2025-05-14,INFY.NS,0.0052178967744112015
2025-05-15,INFY.NS,0.07234891504049301
2025-05-16,INFY.NS,1.2553433179855347
2025-05-19,INFY.NS,1.571123480796814
2025-05-20,INFY.NS,1.241099238395691
2025-05-21,INFY.NS,1.3320952653884888
2025-05-22,INFY.NS,0.9184869527816772
2025-05-23,INFY.NS,1.4727777242660522
2025-05-26,INFY.NS,1.6144951581954956
2025-05-27,INFY.NS,1.518428921699524
2025-05-28,INFY.NS,1.511480689048767
2025-05-29,INFY.NS,1.195809006690979
2025-05-30,INFY.NS,1.429411768913269
2025-06-02,INFY.NS,0.8118056654930115
2025-06-03,INFY.NS,0.9920100569725037
2025-06-04,INFY.NS,1.9233721494674683
2025-06-05,INFY.NS,1.9380706548690796
2025-06-06,INFY.NS,1.8827927112579346
2025-06-09,INFY.NS,2.0381393432617188
2025-06-10,INFY.NS,0.5419919490814209
2025-06-11,INFY.NS,0.31387099623680115
2025-06-12,INFY.NS,0.32201799750328064
2025-06-13,INFY.NS,0.3128536641597748
2025-06-16,INFY.NS,0.3641664385795593
2025-06-17,INFY.NS,0.44097208976745605
2025-06-18,INFY.NS,1.3522263765335083
2025-06-19,INFY.NS,1.3367605209350586
2025-06-20,INFY.NS,1.128964900970459
2025-06-23,INFY.NS,0.504254937171936
2025-06-24,INFY.NS,0.3903837203979492
2025-06-25,INFY.NS,0.6851485371589661
2025-06-26,INFY.NS,0.39099928736686707
2025-06-27,INFY.NS,0.42670324444770813
2025-02-26,QQQ,1.5308165550231934
2025-02-27,QQQ,1.7572110891342163
2025-02-28,QQQ,2.3447415828704834
2025-03-03,QQQ,2.1622443199157715
2025-03-04,QQQ,2.529017686843872
2025-03-05,QQQ,2.268390417098999
2025-03-06,QQQ,2.718583106994629
2025-03-07,QQQ,2.7317616939544678
2025-03-10,QQQ,2.396592855453491
2025-03-11,QQQ,2.502098321914673
2025-03-12,QQQ,2.561769485473633
2025-03-13,QQQ,2.6004550457000732
2025-03-14,QQQ,2.985220193862915
2025-03-17,QQQ,2.7709827423095703
2025-03-18,QQQ,2.7208638191223145
2025-03-19,QQQ,2.1122822761535645
2025-03-20,QQQ,2.1221253871917725
2025-03-21,QQQ,2.34489369392395
2025-03-24,QQQ,2.510456085205078
2025-03-25,QQQ,0.7911756634712219
2025-03-26,QQQ,2.4807822704315186
2025-03-27,QQQ,2.403364658355713
2025-03-28,QQQ,1.609673261642456
2025-03-31,QQQ,1.5124753713607788
2025-04-01,QQQ,-0.21823768317699432
2025-04-02,QQQ,1.1628694534301758
2025-04-03,QQQ,1.2165981531143188
2025-04-04,QQQ,0.5550532937049866
2025-04-07,QQQ,1.7337501049041748
2025-04-08,QQQ,1.455750823020935
2025-04-09,QQQ,0.7659986615180969
2025-04-10,QQQ,1.689427375793457
2025-04-11,QQQ,1.062878966331482
2025-04-14,QQQ,0.8528738617897034
2025-04-15,QQQ,0.8298166394233704
2025-04-16,QQQ,1.5179635286331177
2025-04-17,QQQ,1.782249093055725
2025-04-21,QQQ,1.9454818964004517
2025-04-22,QQQ,1.83571457862854
2025-04-23,QQQ,1.7362369298934937
2025-04-24,QQQ,0.5637306571006775
2025-04-25,QQQ,0.32836267352104187
2025-04-28,QQQ,-0.022292982786893845
2025-04-29,QQQ,1.0195189714431763
2025-04-30,QQQ,-0.14084868133068085
2025-05-01,QQQ,0.41250723600387573
2025-05-02,QQQ,0.4081246256828308
2025-05-05,QQQ,0.13189342617988586
2025-05-06,QQQ,0.3229568600654602
2025-05-07,QQQ,0.5441880822181702
2025-05-08,QQQ,0.4014400541782379
2025-05-09,QQQ,0.7248622179031372
2025-05-12,QQQ,0.08215890824794769
2025-05-13,QQQ,0.0009899450233206153
2025-05-14,QQQ,0.7558001279830933
2025-05-15,QQQ,1.2080610990524292
2025-05-16,QQQ,1.1440809965133667
2025-05-19,QQQ,1.3770431280136108
2025-05-20,QQQ,1.371846318244934
2025-05-21,QQQ,1.4767982959747314
2025-05-22,QQQ,1.5141282081604004
2025-05-23,QQQ,1.4963356256484985
2025-05-27,QQQ,1.52089262008667
2025-05-28,QQQ,1.5309476852416992
2025-05-29,QQQ,1.5406242609024048
2025-05-30,QQQ,0.9009729623794556
2025-06-02,QQQ,1.3583329916000366
2025-06-03,QQQ,1.3510569334030151
2025-06-04,QQQ,1.3519487380981445
2025-06-05,QQQ,1.390075922012329
2025-06-06,QQQ,1.5222384929656982
2025-06-09,QQQ,1.4915238618850708
2025-06-10,QQQ,1.1147021055221558
2025-06-11,QQQ,1.2329151630401611
2025-06-12,QQQ,1.5139095783233643
2025-06-13,QQQ,0.4158814251422882
2025-06-16,QQQ,1.2409673929214478
2025-06-17,QQQ,0.6010077595710754
2025-06-18,QQQ,1.027852177619934
2025-06-20,QQQ,0.5129674077033997
2025-06-23,QQQ,0.579692542552948
2025-06-24,QQQ,1.0204333066940308
2025-06-25,QQQ,1.087423324584961
2025-06-26,QQQ,0.797060489654541
2025-06-27,QQQ,0.8065651059150696
2025-02-26,EEM,1.0650267601013184
2025-02-27,EEM,0.9008657932281494
2025-02-28,EEM,1.121139407157898
2025-03-03,EEM,0.4197842478752136
2025-03-04,EEM,-0.6748347282409668
2025-03-05,EEM,1.3500970602035522
2025-03-06,EEM,1.3345997333526611
2025-03-07,EEM,1.5210988521575928
2025-03-10,EEM,0.07381581515073776
2025-03-11,EEM,1.1081531047821045
2025-03-12,EEM,1.3388268947601318
2025-03-13,EEM,0.8803122639656067
2025-03-14,EEM,2.002657890319824
2025-03-17,EEM,1.4300625324249268
2025-03-18,EEM,1.190801978111267
2025-03-19,EEM,1.2493374347686768
2025-03-20,EEM,1.1190378665924072
2025-03-21,EEM,0.9510308504104614
2025-03-24,EEM,0.026328323408961296
2025-03-25,EEM,1.4036781787872314
2025-03-26,EEM,1.9677659273147583
2025-03-27,EEM,1.9650636911392212
2025-03-28,EEM,0.7243270874023438
2025-03-31,EEM,0.3895535469055176
2025-04-01,EEM,-0.1805219203233719
2025-04-02,EEM,-1.381063461303711
2025-04-03,EEM,3.333491086959839
2025-04-04,EEM,1.6110169887542725
2025-04-07,EEM,1.4391778707504272
2025-04-08,EEM,1.7087007761001587
2025-04-09,EEM,2.3204150199890137
2025-04-10,EEM,1.6769055128097534
2025-04-11,EEM,1.9926466941833496
2025-04-14,EEM,1.7901374101638794
2025-04-15,EEM,1.8271400928497314
2025-04-16,EEM,2.0015673637390137
2025-04-17,EEM,1.8562731742858887
2025-04-21,EEM,1.8642882108688354
2025-04-22,EEM,1.7979340553283691
2025-04-23,EEM,0.9655154943466187
2025-04-24,EEM,0.29852354526519775
2025-04-25,EEM,0.5900459289550781
2025-04-28,EEM,0.8863685131072998
2025-04-29,EEM,0.8222860097885132
2025-04-30,EEM,0.6961767077445984
2025-05-01,EEM,0.8433651328086853
2025-05-02,EEM,0.7834186553955078
2025-05-05,EEM,1.079074740409851
2025-05-06,EEM,1.7023619413375854
2025-05-07,EEM,1.7619661092758179
2025-05-08,EEM,1.8169949054718018
2025-05-09,EEM,1.2693928480148315
2025-05-12,EEM,1.5339699983596802
2025-05-13,EEM,2.2557132244110107
2025-05-14,EEM,2.0253043174743652
2025-05-15,EEM,1.8590202331542969
2025-05-16,EEM,1.883208155632019
2025-05-19,EEM,1.918458342552185
2025-05-20,EEM,2.073303699493408
2025-05-21,EEM,2.053713083267212
2025-05-22,EEM,2.1467397212982178
2025-05-23,EEM,2.1451292037963867
2025-05-27,EEM,2.151310920715332
2025-05-28,EEM,2.187692642211914
2025-05-29,EEM,2.195847988128662
2025-05-30,EEM,0.11215735971927643
2025-06-02,EEM,0.49647682905197144
2025-06-03,EEM,0.5350503325462341
2025-06-04,EEM,2.1682987213134766
2025-06-05,EEM,2.4102425575256348
2025-06-06,EEM,2.099048137664795
2025-06-09,EEM,0.4146515727043152
2025-06-10,EEM,0.4180019497871399
2025-06-11,EEM,0.5061002969741821
2025-06-12,EEM,1.7187707424163818
2025-06-13,EEM,2.215646982192993
2025-06-16,EEM,1.9716730117797852
2025-06-17,EEM,2.1037862300872803
2025-06-18,EEM,2.183983325958252
2025-06-20,EEM,0.7835088968276978
2025-06-23,EEM,0.6857602596282959
2025-06-24,EEM,1.3777282238006592
2025-06-25,EEM,1.7660112380981445
2025-06-26,EEM,2.196104049682617
2025-06-27,EEM,2.099407434463501
2025-02-26,TSLA,0.7243469953536987
2025-02-27,TSLA,0.6058146953582764
2025-02-28,TSLA,0.7058118581771851
2025-03-03,TSLA,0.8289395570755005
2025-03-04,TSLA,0.8248330950737
2025-03-05,TSLA,0.9001402258872986
2025-03-06,TSLA,0.8948135375976562
2025-03-07,TSLA,0.9807024002075195
2025-03-10,TSLA,0.5381306409835815
2025-03-11,TSLA,0.8002297282218933
2025-03-12,TSLA,0.984343945980072
2025-03-13,TSLA,0.9684313535690308
2025-03-14,TSLA,0.8492732048034668
2025-03-17,TSLA,0.7335611581802368
2025-03-18,TSLA,0.7451058030128479
2025-03-19,TSLA,0.5900701880455017
2025-03-20,TSLA,0.12463358789682388
2025-03-21,TSLA,-0.041394300758838654
2025-03-24,TSLA,0.27817103266716003
2025-03-25,TSLA,0.25603002309799194
2025-03-26,TSLA,0.009164424613118172
2025-03-27,TSLA,-0.0007697147666476667
2025-03-28,TSLA,0.25344932079315186
2025-03-31,TSLA,0.12584996223449707
2025-04-01,TSLA,0.18908970057964325
2025-04-02,TSLA,0.2621108591556549
2025-04-03,TSLA,0.2710822820663452
2025-04-04,TSLA,-0.017624178901314735
2025-04-07,TSLA,-0.2830333411693573
2025-04-08,TSLA,0.01535977516323328
2025-04-09,TSLA,0.6177340745925903
2025-04-10,TSLA,0.17237211763858795
2025-04-11,TSLA,0.27008160948753357
2025-04-14,TSLA,0.26229944825172424
2025-04-15,TSLA,0.26834091544151306
2025-04-16,TSLA,0.26595452427864075
2025-04-17,TSLA,0.29936668276786804
2025-04-21,TSLA,0.4810808300971985
2025-04-22,TSLA,0.3743407130241394
2025-04-23,TSLA,0.4754580855369568
2025-04-24,TSLA,0.40749824047088623
2025-04-25,TSLA,0.4904794692993164
2025-04-28,TSLA,0.5244506597518921
2025-04-29,TSLA,0.5037295818328857
2025-04-30,TSLA,0.30208539962768555
2025-05-01,TSLA,0.26659077405929565
2025-05-02,TSLA,0.30683672428131104
2025-05-05,TSLA,0.26860055327415466
2025-05-06,TSLA,0.35771283507347107
2025-05-07,TSLA,0.46901628375053406
2025-05-08,TSLA,0.2960730791091919
2025-05-09,TSLA,0.3698291480541229
2025-05-12,TSLA,0.1431330442428589
2025-05-13,TSLA,-0.13842013478279114
2025-05-14,TSLA,-0.014446597546339035
2025-05-15,TSLA,0.17592793703079224
2025-05-16,TSLA,0.3534184396266937
2025-05-19,TSLA,0.5068154335021973
2025-05-20,TSLA,0.4715343415737152
2025-05-21,TSLA,0.5406039357185364
2025-05-22,TSLA,0.5834957361221313
2025-05-23,TSLA,0.5915561318397522
2025-05-27,TSLA,0.36410361528396606
2025-05-28,TSLA,0.4877029061317444
2025-05-29,TSLA,0.5037956237792969
2025-05-30,TSLA,0.15687313675880432
2025-06-02,TSLA,0.14086580276489258
2025-06-03,TSLA,0.14776673913002014
2025-06-04,TSLA,0.042235132306814194
2025-06-05,TSLA,0.3415697515010834
2025-06-06,TSLA,0.4784541130065918
2025-06-09,TSLA,0.42332544922828674
2025-06-10,TSLA,0.2502807378768921
2025-06-11,TSLA,0.2946213483810425
2025-06-12,TSLA,0.4100230932235718
2025-06-13,TSLA,0.3577941358089447
2025-06-16,TSLA,0.3518931567668915
2025-06-17,TSLA,0.482187420129776
2025-06-18,TSLA,0.3843103051185608
2025-06-20,TSLA,0.39983704686164856
2025-06-23,TSLA,0.23893533647060394
2025-06-24,TSLA,0.31678006052970886
2025-06-25,TSLA,0.3428526520729065
2025-06-26,TSLA,0.3431890904903412
2025-06-27,TSLA,-0.11116675287485123
2025-02-26,DX-Y.NYB,-0.31984227895736694
2025-02-27,DX-Y.NYB,-2.1485676765441895
2025-02-28,DX-Y.NYB,3.4713079929351807
2025-03-03,DX-Y.NYB,3.9020237922668457
2025-03-04,DX-Y.NYB,1.0571542978286743
2025-03-05,DX-Y.NYB,-0.28195613622665405
2025-03-06,DX-Y.NYB,2.5149810314178467
2025-03-07,DX-Y.NYB,5.045947074890137
2025-03-10,DX-Y.NYB,5.4752888679504395
2025-03-11,DX-Y.NYB,5.459957122802734
2025-03-12,DX-Y.NYB,6.943567276000977
2025-03-13,DX-Y.NYB,4.963047981262207
2025-03-14,DX-Y.NYB,3.4371349811553955
2025-03-17,DX-Y.NYB,1.569361686706543
2025-03-18,DX-Y.NYB,0.7162922024726868
2025-03-19,DX-Y.NYB,3.0543031692504883
2025-03-20,DX-Y.NYB,3.5457777976989746
2025-03-21,DX-Y.NYB,5.505092620849609
2025-03-24,DX-Y.NYB,5.904821872711182
2025-03-25,DX-Y.NYB,2.216576099395752
2025-03-26,DX-Y.NYB,1.3235032558441162
2025-03-27,DX-Y.NYB,3.605964183807373
2025-03-28,DX-Y.NYB,4.090780735015869
2025-03-31,DX-Y.NYB,3.6649105548858643
2025-04-01,DX-Y.NYB,3.5512070655822754
2025-04-02,DX-Y.NYB,3.636683464050293
2025-04-03,DX-Y.NYB,1.145050048828125
2025-04-04,DX-Y.NYB,1.4014034271240234
2025-04-07,DX-Y.NYB,4.527892112731934
2025-04-08,DX-Y.NYB,2.103762149810791
2025-04-09,DX-Y.NYB,3.191474199295044
2025-04-10,DX-Y.NYB,1.4439733028411865
2025-04-11,DX-Y.NYB,1.3183296918869019
2025-04-14,DX-Y.NYB,2.438680648803711
2025-04-15,DX-Y.NYB,1.193656086921692
2025-04-16,DX-Y.NYB,1.4244601726531982
2025-04-17,DX-Y.NYB,3.0875935554504395
2025-04-21,DX-Y.NYB,2.1635375022888184
2025-04-22,DX-Y.NYB,3.8449490070343018
2025-04-23,DX-Y.NYB,4.554934501647949
2025-04-24,DX-Y.NYB,4.059879302978516
2025-04-25,DX-Y.NYB,5.996670246124268
2025-04-28,DX-Y.NYB,4.528850555419922
2025-04-29,DX-Y.NYB,4.8191375732421875
2025-04-30,DX-Y.NYB,3.5740907192230225
2025-05-01,DX-Y.NYB,-0.14245916903018951
2025-05-02,DX-Y.NYB,0.05190170556306839
2025-05-05,DX-Y.NYB,-0.584712028503418
2025-05-06,DX-Y.NYB,-2.627629280090332
2025-05-07,DX-Y.NYB,3.7454421520233154
2025-05-08,DX-Y.NYB,1.6453078985214233
2025-05-09,DX-Y.NYB,0.5153856873512268
2025-05-12,DX-Y.NYB,-1.8445206880569458
2025-05-13,DX-Y.NYB,0.7344732284545898
2025-05-14,DX-Y.NYB,0.7434754371643066
2025-05-15,DX-Y.NYB,-0.6544638276100159
2025-05-16,DX-Y.NYB,-0.06090335175395012
2025-05-19,DX-Y.NYB,-0.49944114685058594
2025-05-20,DX-Y.NYB,-0.5201749801635742
2025-05-21,DX-Y.NYB,-1.733207106590271
2025-05-22,DX-Y.NYB,0.8356000185012817
2025-05-23,DX-Y.NYB,-1.5979472398757935
2025-05-26,DX-Y.NYB,-1.242962121963501
2025-05-27,DX-Y.NYB,-3.387373685836792
2025-05-28,DX-Y.NYB,-0.47062948346138
2025-05-29,DX-Y.NYB,2.3049705028533936
2025-05-30,DX-Y.NYB,2.4313266277313232
2025-06-02,DX-Y.NYB,3.317225933074951
2025-06-03,DX-Y.NYB,0.35964497923851013
2025-06-04,DX-Y.NYB,0.3788101077079773
2025-06-05,DX-Y.NYB,-2.3127036094665527
2025-06-06,DX-Y.NYB,-2.7201621532440186
2025-06-09,DX-Y.NYB,-3.95702862739563
2025-06-10,DX-Y.NYB,-3.015535354614258
2025-06-11,DX-Y.NYB,-3.6108319759368896
2025-06-12,DX-Y.NYB,1.4351757764816284
2025-06-13,DX-Y.NYB,3.1256191730499268
2025-06-16,DX-Y.NYB,2.9205682277679443
2025-06-17,DX-Y.NYB,1.9278644323349
2025-06-18,DX-Y.NYB,3.2536380290985107
2025-06-20,DX-Y.NYB,0.09140083938837051
2025-06-23,DX-Y.NYB,-1.5979560613632202
2025-06-24,DX-Y.NYB,-1.2617486715316772
2025-06-25,DX-Y.NYB,0.6908277273178101
2025-06-26,DX-Y.NYB,2.1788179874420166
2025-06-27,DX-Y.NYB,2.78426456451416
2025-02-26,GLD,1.4200423955917358
2025-02-27,GLD,0.5679023265838623
2025-02-28,GLD,0.7915095686912537
2025-03-03,GLD,-1.1247432231903076
2025-03-04,GLD,-0.472621887922287
2025-03-05,GLD,0.19570781290531158
2025-03-06,GLD,1.7254502773284912
2025-03-07,GLD,1.5961233377456665
2025-03-10,GLD,0.9531735777854919
2025-03-11,GLD,1.0545119047164917
2025-03-12,GLD,0.8698675036430359
2025-03-13,GLD,-0.9159047603607178
2025-03-14,GLD,0.6190793514251709
2025-03-17,GLD,-0.19599169492721558
2025-03-18,GLD,-0.996260941028595
2025-03-19,GLD,-0.9290200471878052
2025-03-20,GLD,-0.1524120420217514
2025-03-21,GLD,0.6031398773193359
2025-03-24,GLD,1.304322361946106
2025-03-25,GLD,1.6589949131011963
2025-03-26,GLD,1.7631200551986694
2025-03-27,GLD,1.6620917320251465
2025-03-28,GLD,-0.07831285893917084
2025-03-31,GLD,-0.8611799478530884
2025-04-01,GLD,0.9615523219108582
2025-04-02,GLD,1.806872844696045
2025-04-03,GLD,0.9930164813995361
2025-04-04,GLD,0.7911033630371094
2025-04-07,GLD,0.1048278659582138
2025-04-08,GLD,-0.5102884769439697
2025-04-09,GLD,1.2151297330856323
2025-04-10,GLD,0.007743640802800655
2025-04-11,GLD,-0.7791154980659485
2025-04-14,GLD,0.1076042428612709
2025-04-15,GLD,1.1507413387298584
2025-04-16,GLD,-0.8146769404411316
2025-04-17,GLD,-0.3899758458137512
2025-04-21,GLD,-0.7935574650764465
2025-04-22,GLD,0.8876240849494934
2025-04-23,GLD,1.892812967300415
2025-04-24,GLD,1.0847761631011963
2025-04-25,GLD,1.492470145225525
2025-04-28,GLD,1.0970782041549683
2025-04-29,GLD,-0.4196462035179138
2025-04-30,GLD,-0.3296847343444824
2025-05-01,GLD,0.11454295367002487
2025-05-02,GLD,1.0241683721542358
2025-05-05,GLD,1.3911617994308472
2025-05-06,GLD,1.1006977558135986
2025-05-07,GLD,0.4472593069076538
2025-05-08,GLD,0.3356539011001587
2025-05-09,GLD,0.6690692901611328
2025-05-12,GLD,-0.9836814999580383
2025-05-13,GLD,-0.5107212662696838
2025-05-14,GLD,0.8295602202415466
2025-05-15,GLD,-0.7453701496124268
2025-05-16,GLD,-0.35648977756500244
2025-05-19,GLD,-1.333780288696289
2025-05-20,GLD,-0.5876824259757996
2025-05-21,GLD,-0.5409725904464722
2025-05-22,GLD,-0.4569791555404663
2025-05-23,GLD,-0.3935437798500061
2025-05-27,GLD,1.047729730606079
2025-05-28,GLD,1.2047430276870728
2025-05-29,GLD,1.1485466957092285
2025-05-30,GLD,1.3612436056137085
2025-06-02,GLD,1.0616652965545654
2025-06-03,GLD,1.0176726579666138
2025-06-04,GLD,0.8212131857872009
2025-06-05,GLD,0.6324263215065002
2025-06-06,GLD,-0.3492974638938904
2025-06-09,GLD,-0.3174050450325012
2025-06-10,GLD,0.04159386456012726
2025-06-11,GLD,1.031531810760498
2025-06-12,GLD,1.0090118646621704
2025-06-13,GLD,1.4294161796569824
2025-06-16,GLD,0.37391042709350586
2025-06-17,GLD,0.34058669209480286
2025-06-18,GLD,0.502311110496521
2025-06-20,GLD,0.5900686979293823
2025-06-23,GLD,0.48198261857032776
2025-06-24,GLD,0.6600350141525269
2025-06-25,GLD,-0.07460989058017731
2025-06-26,GLD,-0.2992706000804901
2025-06-27,GLD,1.8750478029251099
2025-02-26,XOM,0.7941805124282837
2025-02-27,XOM,0.5604850649833679
2025-02-28,XOM,1.434720754623413
2025-03-03,XOM,0.8948572278022766
2025-03-04,XOM,0.3664191961288452
2025-03-05,XOM,1.7336949110031128
2025-03-06,XOM,-0.8715219497680664
2025-03-07,XOM,0.5145130753517151
2025-03-10,XOM,1.2881442308425903
2025-03-11,XOM,1.1185678243637085
2025-03-12,XOM,1.1674884557724
2025-03-13,XOM,0.4738057851791382
2025-03-14,XOM,1.5777647495269775
2025-03-17,XOM,0.41376352310180664
2025-03-18,XOM,1.8068777322769165
2025-03-19,XOM,0.9522281885147095
2025-03-20,XOM,1.5517991781234741
2025-03-21,XOM,1.4204847812652588
2025-03-24,XOM,1.0520737171173096
2025-03-25,XOM,1.1855205297470093
2025-03-26,XOM,1.3063538074493408
2025-03-27,XOM,1.0623283386230469
2025-03-28,XOM,1.9149314165115356
2025-03-31,XOM,2.0230026245117188
2025-04-01,XOM,2.1832613945007324
2025-04-02,XOM,2.1957929134368896
2025-04-03,XOM,0.6310024857521057
2025-04-04,XOM,0.44760972261428833
2025-04-07,XOM,1.051889419555664
2025-04-08,XOM,0.8749440908432007
2025-04-09,XOM,1.0742872953414917
2025-04-10,XOM,0.6389256119728088
2025-04-11,XOM,0.7407467365264893
2025-04-14,XOM,0.7019259333610535
2025-04-15,XOM,0.7510340809822083
2025-04-16,XOM,0.8896787166595459
2025-04-17,XOM,0.6613222360610962
2025-04-21,XOM,1.0706521272659302
2025-04-22,XOM,0.6719772219657898
2025-04-23,XOM,0.720129132270813
2025-04-24,XOM,0.4329466223716736
2025-04-25,XOM,1.2273496389389038
2025-04-28,XOM,1.2773706912994385
2025-04-29,XOM,1.4070123434066772
2025-04-30,XOM,0.9591534733772278
2025-05-01,XOM,0.6569051146507263
2025-05-02,XOM,0.34078726172447205
2025-05-05,XOM,-0.30464303493499756
2025-05-06,XOM,-0.09835416823625565
2025-05-07,XOM,-0.4574093818664551
2025-05-08,XOM,0.11684444546699524
2025-05-09,XOM,1.2280778884887695
2025-05-12,XOM,1.6443839073181152
2025-05-13,XOM,1.2190608978271484
2025-05-14,XOM,1.2400567531585693
2025-05-15,XOM,0.9267580509185791
2025-05-16,XOM,1.1595460176467896
2025-05-19,XOM,1.60365629196167
2025-05-20,XOM,1.7656313180923462
2025-05-21,XOM,1.4740958213806152
2025-05-22,XOM,1.3091824054718018
2025-05-23,XOM,-0.25501567125320435
2025-05-27,XOM,-0.8081738948822021
2025-05-28,XOM,0.3999328017234802
2025-05-29,XOM,-0.5328369736671448
2025-05-30,XOM,-0.10181313008069992
2025-06-02,XOM,-0.4643779993057251
2025-06-03,XOM,-0.08531326055526733
2025-06-04,XOM,0.23032090067863464
2025-06-05,XOM,1.029471755027771
2025-06-06,XOM,0.5603082776069641
2025-06-09,XOM,1.5966507196426392
2025-06-10,XOM,0.6666528582572937
2025-06-11,XOM,1.242978811264038
2025-06-12,XOM,1.2203840017318726
2025-06-13,XOM,-0.5776607394218445
2025-06-16,XOM,-0.21624931693077087
2025-06-17,XOM,-0.42795997858047485
2025-06-18,XOM,0.7720476984977722
2025-06-20,XOM,0.8193878531455994
2025-06-23,XOM,0.9741870760917664
2025-06-24,XOM,1.6292731761932373
2025-06-25,XOM,1.370625376701355
2025-06-26,XOM,0.41143566370010376
2025-06-27,XOM,0.4182274639606476
2025-02-26,TLT,0.9460806250572205
2025-02-27,TLT,3.523634433746338
2025-02-28,TLT,2.713945150375366
2025-03-03,TLT,3.081195831298828
2025-03-04,TLT,2.864839553833008
2025-03-05,TLT,2.6835787296295166
2025-03-06,TLT,2.636317491531372
2025-03-07,TLT,2.4299283027648926
2025-03-10,TLT,1.4423590898513794
2025-03-11,TLT,1.347975254058838
2025-03-12,TLT,0.09562911838293076
2025-03-13,TLT,0.9066147804260254
2025-03-14,TLT,1.9357867240905762
2025-03-17,TLT,0.9424561262130737
2025-03-18,TLT,0.9342427849769592
2025-03-19,TLT,1.0676648616790771
2025-03-20,TLT,0.9776820540428162
2025-03-21,TLT,4.332914352416992
2025-03-24,TLT,-0.44095227122306824
2025-03-25,TLT,-1.134450912475586
2025-03-26,TLT,1.5189498662948608
2025-03-27,TLT,1.9717128276824951
2025-03-28,TLT,0.2581406235694885
2025-03-31,TLT,2.282214641571045
2025-04-01,TLT,0.48363909125328064
2025-04-02,TLT,2.767448902130127
2025-04-03,TLT,2.617172956466675
2025-04-04,TLT,-1.111602544784546
2025-04-07,TLT,2.222146987915039
2025-04-08,TLT,0.9876064658164978
2025-04-09,TLT,1.270004391670227
2025-04-10,TLT,1.5770134925842285
2025-04-11,TLT,2.334442377090454
2025-04-14,TLT,2.088630199432373
2025-04-15,TLT,0.9525355696678162
2025-04-16,TLT,-0.13616691529750824
2025-04-17,TLT,2.2962069511413574
2025-04-21,TLT,3.4356565475463867
2025-04-22,TLT,1.9846861362457275
2025-04-23,TLT,-0.12806472182273865
2025-04-24,TLT,-0.30319756269454956
2025-04-25,TLT,2.2565581798553467
2025-04-28,TLT,2.7628283500671387
2025-04-29,TLT,2.4202489852905273
2025-04-30,TLT,2.1534266471862793
2025-05-01,TLT,1.7884291410446167
2025-05-02,TLT,1.785520076751709
2025-05-05,TLT,1.3105257749557495
2025-05-06,TLT,1.4460662603378296
2025-05-07,TLT,1.1098085641860962
2025-05-08,TLT,1.859754204750061
2025-05-09,TLT,-0.8874088525772095
2025-05-12,TLT,0.5135738849639893
2025-05-13,TLT,1.6736266613006592
2025-05-14,TLT,3.474470853805542
2025-05-15,TLT,0.8471067547798157
2025-05-16,TLT,1.706793189048767
2025-05-19,TLT,2.1606035232543945
2025-05-20,TLT,3.0218050479888916
2025-05-21,TLT,1.9429556131362915
2025-05-22,TLT,3.3029510974884033
2025-05-23,TLT,2.705179452896118
2025-05-27,TLT,1.8239026069641113
2025-05-28,TLT,1.6801661252975464
2025-05-29,TLT,1.9773908853530884
2025-05-30,TLT,1.1105315685272217
2025-06-02,TLT,-0.08645470440387726
2025-06-03,TLT,-0.7297264933586121
2025-06-04,TLT,1.715823769569397
2025-06-05,TLT,1.1853870153427124
2025-06-06,TLT,1.7351850271224976
2025-06-09,TLT,1.908208966255188
2025-06-10,TLT,1.4281578063964844
2025-06-11,TLT,2.086425304412842
2025-06-12,TLT,0.568234384059906
2025-06-13,TLT,-0.4786291718482971
2025-06-16,TLT,-1.7315714359283447
2025-06-17,TLT,0.16895349323749542
2025-06-18,TLT,0.8795728087425232
2025-06-20,TLT,2.2323572635650635
2025-06-23,TLT,3.013413906097412
2025-06-24,TLT,2.3591716289520264
2025-06-25,TLT,4.245229244232178
2025-06-26,TLT,3.918041706085205
2025-06-27,TLT,2.6670753955841064
2025-02-25,USDINR=X,-8.025138854980469
2025-02-26,USDINR=X,-3.6575748920440674
2025-02-27,USDINR=X,-1.2597955465316772
2025-02-28,USDINR=X,4.552733898162842
2025-03-03,USDINR=X,6.482320308685303
2025-03-04,USDINR=X,6.074175834655762
2025-03-05,USDINR=X,7.22409200668335
2025-03-06,USDINR=X,6.721277713775635
2025-03-07,USDINR=X,0.7399469614028931
2025-03-10,USDINR=X,2.637669086456299
2025-03-11,USDINR=X,-0.578860878944397
2025-03-12,USDINR=X,4.979696750640869
2025-03-13,USDINR=X,2.2282795906066895
2025-03-14,USDINR=X,-7.276914596557617
2025-03-17,USDINR=X,-6.43153715133667
2025-03-18,USDINR=X,-5.960123062133789
2025-03-19,USDINR=X,2.1184754371643066
2025-03-20,USDINR=X,12.21899700164795
2025-03-21,USDINR=X,10.249796867370605
2025-03-24,USDINR=X,7.452807903289795
2025-03-25,USDINR=X,5.195857524871826
2025-03-26,USDINR=X,8.584349632263184
2025-03-27,USDINR=X,10.976579666137695
2025-03-28,USDINR=X,8.830909729003906
2025-03-31,USDINR=X,10.912697792053223
2025-04-01,USDINR=X,5.850650310516357
2025-04-02,USDINR=X,-0.9032389521598816
2025-04-03,USDINR=X,-1.0540724992752075
2025-04-04,USDINR=X,1.408601999282837
2025-04-07,USDINR=X,-1.1812059879302979
2025-04-08,USDINR=X,8.701408386230469
2025-04-09,USDINR=X,9.597612380981445
2025-04-10,USDINR=X,9.07031536102295
2025-04-11,USDINR=X,6.950523376464844
2025-04-14,USDINR=X,7.3871893882751465
2025-04-15,USDINR=X,7.91077184677124
2025-04-16,USDINR=X,5.31757926940918
2025-04-17,USDINR=X,4.930675029754639
2025-04-22,USDINR=X,9.112796783447266
2025-04-23,USDINR=X,-0.7438279986381531
2025-04-24,USDINR=X,-6.569389820098877
2025-04-25,USDINR=X,-1.6555109024047852
2025-04-28,USDINR=X,-3.8223931789398193
2025-04-29,USDINR=X,-1.8253273963928223
2025-04-30,USDINR=X,-2.2866485118865967
2025-05-01,USDINR=X,7.495452880859375
2025-05-02,USDINR=X,10.886252403259277
2025-05-05,USDINR=X,11.569855690002441
2025-05-06,USDINR=X,8.325555801391602
2025-05-07,USDINR=X,9.228501319885254
2025-05-08,USDINR=X,8.395411491394043
2025-05-09,USDINR=X,7.70374870300293
2025-05-12,USDINR=X,6.6554670333862305
2025-05-13,USDINR=X,5.044018745422363
2025-05-14,USDINR=X,6.627867221832275
2025-05-15,USDINR=X,-1.2837108373641968
2025-05-16,USDINR=X,1.3902857303619385
2025-05-19,USDINR=X,0.10659591108560562
2025-05-20,USDINR=X,3.6777875423431396
2025-05-21,USDINR=X,-0.9568984508514404
2025-05-22,USDINR=X,-0.05043964833021164
2025-05-23,USDINR=X,2.325148344039917
2025-05-26,USDINR=X,-1.6693077087402344
2025-05-27,USDINR=X,-2.4223575592041016
2025-05-28,USDINR=X,0.7354683876037598
2025-05-29,USDINR=X,-0.6278145909309387
2025-05-30,USDINR=X,3.0576882362365723
2025-06-02,USDINR=X,3.2785086631774902
2025-06-03,USDINR=X,4.332667350769043
2025-06-04,USDINR=X,4.8915486335754395
2025-06-05,USDINR=X,5.8976149559021
2025-06-06,USDINR=X,7.038699150085449
2025-06-09,USDINR=X,6.119575023651123
2025-06-10,USDINR=X,7.1436896324157715
2025-06-11,USDINR=X,8.896174430847168
2025-06-12,USDINR=X,11.52652645111084
2025-06-13,USDINR=X,7.061920642852783
2025-06-16,USDINR=X,3.8484179973602295
2025-06-17,USDINR=X,6.188060760498047
2025-06-18,USDINR=X,6.309939861297607
2025-06-19,USDINR=X,4.302137851715088
2025-06-20,USDINR=X,8.16160774230957
2025-06-23,USDINR=X,10.074666976928711
2025-06-24,USDINR=X,8.175882339477539
2025-06-25,USDINR=X,8.124098777770996
2025-06-26,USDINR=X,3.993472099304199
2025-06-27,USDINR=X,2.9166460037231445
2025-02-26,IWM,2.677018642425537
2025-02-27,IWM,2.7725441455841064
2025-02-28,IWM,3.3541524410247803
2025-03-03,IWM,2.831463098526001
2025-03-04,IWM,2.9782814979553223
2025-03-05,IWM,3.20577335357666
2025-03-06,IWM,3.4908432960510254
2025-03-07,IWM,3.1264851093292236
2025-03-10,IWM,3.0382163524627686
2025-03-11,IWM,3.1864752769470215
2025-03-12,IWM,2.7892544269561768
2025-03-13,IWM,2.884899139404297
2025-03-14,IWM,3.375598669052124
2025-03-17,IWM,2.886143445968628
2025-03-18,IWM,3.3297173976898193
2025-03-19,IWM,2.549429178237915
2025-03-20,IWM,1.7600858211517334
2025-03-21,IWM,1.8906159400939941
2025-03-24,IWM,0.4475249946117401
2025-03-25,IWM,0.32634323835372925
2025-03-26,IWM,2.0395021438598633
2025-03-27,IWM,2.1096420288085938
2025-03-28,IWM,1.0900623798370361
2025-03-31,IWM,1.9636070728302002
2025-04-01,IWM,1.5096405744552612
2025-04-02,IWM,-0.19096322357654572
2025-04-03,IWM,0.1823882907629013
2025-04-04,IWM,0.1987762451171875
2025-04-07,IWM,0.6890890598297119
2025-04-08,IWM,0.7750803828239441
2025-04-09,IWM,1.2150009870529175
2025-04-10,IWM,0.4985453486442566
2025-04-11,IWM,1.1962175369262695
2025-04-14,IWM,1.3593183755874634
2025-04-15,IWM,1.33245849609375
2025-04-16,IWM,1.5403825044631958
2025-04-17,IWM,1.5466541051864624
2025-04-21,IWM,1.5651228427886963
2025-04-22,IWM,1.2634721994400024
2025-04-23,IWM,0.46581119298934937
2025-04-24,IWM,0.4530307650566101
2025-04-25,IWM,0.23994921147823334
2025-04-28,IWM,-0.00930092018097639
2025-04-29,IWM,0.6874678730964661
2025-04-30,IWM,-0.002044247230514884
2025-05-01,IWM,0.6363734602928162
2025-05-02,IWM,1.0904741287231445
2025-05-05,IWM,0.5926790237426758
2025-05-06,IWM,0.6906458735466003
2025-05-07,IWM,0.7592702507972717
2025-05-08,IWM,0.4848456084728241
2025-05-09,IWM,0.7560471296310425
2025-05-12,IWM,0.1326477825641632
2025-05-13,IWM,0.7450016140937805
2025-05-14,IWM,1.315719723701477
2025-05-15,IWM,2.044236183166504
2025-05-16,IWM,2.027888298034668
2025-05-19,IWM,1.5050309896469116
2025-05-20,IWM,1.484944462776184
2025-05-21,IWM,1.5283747911453247
2025-05-22,IWM,1.5340683460235596
2025-05-23,IWM,0.8722020983695984
2025-05-27,IWM,1.165475845336914
2025-05-28,IWM,0.4848771393299103
2025-05-29,IWM,0.9637770652770996
2025-05-30,IWM,0.4872020483016968
2025-06-02,IWM,0.5124043822288513
2025-06-03,IWM,1.7302325963974
2025-06-04,IWM,1.5037658214569092
2025-06-05,IWM,1.5297435522079468
2025-06-06,IWM,2.175959825515747
2025-06-09,IWM,1.4574919939041138
2025-06-10,IWM,1.7641617059707642
2025-06-11,IWM,1.7082701921463013
2025-06-12,IWM,1.5133280754089355
2025-06-13,IWM,0.7149280309677124
2025-06-16,IWM,0.6965898275375366
2025-06-17,IWM,0.5062046051025391
2025-06-18,IWM,0.5572177171707153
2025-06-20,IWM,0.4974249303340912
2025-06-23,IWM,0.8367327451705933
2025-06-24,IWM,1.0823614597320557
2025-06-25,IWM,0.39226940274238586
2025-06-26,IWM,1.552850604057312
2025-06-27,IWM,2.0995609760284424
2025-02-26,JPM,0.7454458475112915
2025-02-27,JPM,1.480098843574524
2025-02-28,JPM,0.17597804963588715
2025-03-03,JPM,0.5194589495658875
2025-03-04,JPM,1.3438007831573486
2025-03-05,JPM,1.6891860961914062
2025-03-06,JPM,1.5512772798538208
2025-03-07,JPM,1.5248287916183472
2025-03-10,JPM,1.3176946640014648
2025-03-11,JPM,1.1693596839904785
2025-03-12,JPM,1.2329773902893066
2025-03-13,JPM,1.3422621488571167
2025-03-14,JPM,2.057129144668579
2025-03-17,JPM,2.0713536739349365
2025-03-18,JPM,2.0911900997161865
2025-03-19,JPM,1.8643879890441895
2025-03-20,JPM,1.9882261753082275
2025-03-21,JPM,1.7316110134124756
2025-03-24,JPM,0.9472447633743286
2025-03-25,JPM,0.46863698959350586
2025-03-26,JPM,0.4327118992805481
2025-03-27,JPM,0.14957571029663086
2025-03-28,JPM,0.8280539512634277
2025-03-31,JPM,0.8469856381416321
2025-04-01,JPM,0.8895646333694458
2025-04-02,JPM,0.44429317116737366
2025-04-03,JPM,1.1059296131134033
2025-04-04,JPM,0.9045360684394836
2025-04-07,JPM,1.3243625164031982
2025-04-08,JPM,1.4335044622421265
2025-04-09,JPM,1.21244215965271
2025-04-10,JPM,1.3216737508773804
2025-04-11,JPM,1.2516453266143799
2025-04-14,JPM,1.2705260515213013
2025-04-15,JPM,1.3798243999481201
2025-04-16,JPM,1.2569944858551025
2025-04-17,JPM,1.474629282951355
2025-04-21,JPM,1.4196703433990479
2025-04-22,JPM,1.5831007957458496
2025-04-23,JPM,0.45611345767974854
2025-04-24,JPM,0.47545209527015686
2025-04-25,JPM,0.5370703339576721
2025-04-28,JPM,0.5336463451385498
2025-04-29,JPM,0.7991234660148621
2025-04-30,JPM,0.5972580313682556
2025-05-01,JPM,0.5755380392074585
2025-05-02,JPM,0.8472910523414612
2025-05-05,JPM,1.2209889888763428
2025-05-06,JPM,1.1333800554275513
2025-05-07,JPM,1.2308074235916138
2025-05-08,JPM,1.1110926866531372
2025-05-09,JPM,1.1957967281341553
2025-05-12,JPM,1.0788218975067139
2025-05-13,JPM,0.9669052958488464
2025-05-14,JPM,0.9169055819511414
2025-05-15,JPM,0.818314254283905
2025-05-16,JPM,1.1578131914138794
2025-05-19,JPM,1.2116132974624634
2025-05-20,JPM,1.221787929534912
2025-05-21,JPM,1.052328109741211
2025-05-22,JPM,1.2995884418487549
2025-05-23,JPM,1.1132477521896362
2025-05-27,JPM,1.3405812978744507
2025-05-28,JPM,1.1015979051589966
2025-05-29,JPM,1.493524432182312
2025-05-30,JPM,0.3740997016429901
2025-06-02,JPM,0.2674749195575714
2025-06-03,JPM,0.8509677648544312
2025-06-04,JPM,0.6209206581115723
2025-06-05,JPM,0.07619050145149231
2025-06-06,JPM,1.2111467123031616
2025-06-09,JPM,1.3189246654510498
2025-06-10,JPM,1.8340425491333008
2025-06-11,JPM,1.3371788263320923
2025-06-12,JPM,1.3657816648483276
2025-06-13,JPM,0.939513623714447
2025-06-16,JPM,0.9998223185539246
2025-06-17,JPM,0.9527623653411865
2025-06-18,JPM,0.6004235148429871
2025-06-20,JPM,0.8860536217689514
2025-06-23,JPM,0.35792186856269836
2025-06-24,JPM,0.31735295057296753
2025-06-25,JPM,0.3280635476112366
2025-06-26,JPM,0.32618555426597595
2025-06-27,JPM,0.35249045491218567
2025-02-26,UNH,1.5571699142456055
2025-02-27,UNH,1.7649438381195068
2025-02-28,UNH,1.8446565866470337
2025-03-03,UNH,1.782212495803833
2025-03-04,UNH,1.7988322973251343
2025-03-05,UNH,1.6849982738494873
2025-03-06,UNH,1.6095513105392456
2025-03-07,UNH,1.6393221616744995
2025-03-10,UNH,1.6362159252166748
2025-03-11,UNH,1.6228998899459839
2025-03-12,UNH,1.6703823804855347
2025-03-13,UNH,1.6162344217300415
2025-03-14,UNH,0.9238101840019226
2025-03-17,UNH,0.8635568022727966
2025-03-18,UNH,1.114018440246582
2025-03-19,UNH,1.128074288368225
2025-03-20,UNH,1.12459397315979
2025-03-21,UNH,0.8678774833679199
2025-03-24,UNH,1.2288589477539062
2025-03-25,UNH,0.7759848833084106
2025-03-26,UNH,0.6907135844230652
2025-03-27,UNH,1.0007679462432861
2025-03-28,UNH,1.3366150856018066
2025-03-31,UNH,1.2243874073028564
2025-04-01,UNH,1.4130038022994995
2025-04-02,UNH,1.4591591358184814
2025-04-03,UNH,0.6892421841621399
2025-04-04,UNH,0.31083741784095764
2025-04-07,UNH,0.22287684679031372
2025-04-08,UNH,0.2650100588798523
2025-04-09,UNH,0.26834607124328613
2025-04-10,UNH,0.27124902606010437
2025-04-11,UNH,0.27385878562927246
2025-04-14,UNH,0.03963988646864891
2025-04-15,UNH,0.23816870152950287
2025-04-16,UNH,0.19582043588161469
2025-04-17,UNH,0.12943120300769806
2025-04-21,UNH,0.2617032825946808
2025-04-22,UNH,0.7868217825889587
2025-04-23,UNH,0.9342338442802429
2025-04-24,UNH,0.7829810380935669
2025-04-25,UNH,0.7975789308547974
2025-04-28,UNH,0.9044320583343506
2025-04-29,UNH,1.3377366065979004
2025-04-30,UNH,1.415038824081421
2025-05-01,UNH,1.4701855182647705
2025-05-02,UNH,1.2112489938735962
2025-05-05,UNH,0.6419097781181335
2025-05-06,UNH,0.448727011680603
2025-05-07,UNH,0.3441030979156494
2025-05-08,UNH,0.38899847865104675
2025-05-09,UNH,0.2092553824186325
2025-05-12,UNH,0.20514549314975739
2025-05-13,UNH,-0.45231515169143677
2025-05-14,UNH,-0.4208415448665619
2025-05-15,UNH,-0.6413414478302002
2025-05-16,UNH,-0.09716525673866272
2025-05-19,UNH,-0.0918709933757782
2025-05-20,UNH,-0.10008274018764496
2025-05-21,UNH,-0.11233647912740707
2025-05-22,UNH,-0.03162149712443352
2025-05-23,UNH,0.15929576754570007
2025-05-27,UNH,0.22806686162948608
2025-05-28,UNH,0.1472337692975998
2025-05-29,UNH,0.09272627532482147
2025-05-30,UNH,-0.06780818104743958
2025-06-02,UNH,-0.5767032504081726
2025-06-03,UNH,-0.8284235596656799
2025-06-04,UNH,-0.8593157529830933
2025-06-05,UNH,-0.02400152198970318
2025-06-06,UNH,-0.017394691705703735
2025-06-09,UNH,-0.39265966415405273
2025-06-10,UNH,0.08996405452489853
2025-06-11,UNH,0.23879998922348022
2025-06-12,UNH,0.11690793186426163
2025-06-13,UNH,0.03742913529276848
2025-06-16,UNH,0.021456822752952576
2025-06-17,UNH,0.04673964902758598
2025-06-18,UNH,0.35494664311408997
2025-06-20,UNH,-0.0025503085926175117
2025-06-23,UNH,0.03961154818534851
2025-06-24,UNH,0.37147852778434753
2025-06-25,UNH,0.15915875136852264
2025-06-26,UNH,-0.4619302451610565
2025-06-27,UNH,0.1838555485010147
2025-02-26,SPY,2.271233320236206
2025-02-27,SPY,2.3316807746887207
2025-02-28,SPY,2.6023764610290527
2025-03-03,SPY,2.584977149963379
2025-03-04,SPY,2.720846652984619
2025-03-05,SPY,3.561659336090088
2025-03-06,SPY,3.367405652999878
2025-03-07,SPY,3.743509292602539
2025-03-10,SPY,3.3299503326416016
2025-03-11,SPY,3.330535650253296
2025-03-12,SPY,3.2673280239105225
2025-03-13,SPY,3.3240272998809814
2025-03-14,SPY,4.065413475036621
2025-03-17,SPY,3.8112432956695557
2025-03-18,SPY,3.8281490802764893
2025-03-19,SPY,3.2938520908355713
2025-03-20,SPY,3.2704761028289795
2025-03-21,SPY,3.3208353519439697
2025-03-24,SPY,3.5209150314331055
2025-03-25,SPY,1.2911345958709717
2025-03-26,SPY,3.6315970420837402
2025-03-27,SPY,3.5113348960876465
2025-03-28,SPY,1.8901026248931885
2025-03-31,SPY,2.604257106781006
2025-04-01,SPY,2.9376237392425537
2025-04-02,SPY,0.4545638859272003
2025-04-03,SPY,1.372729778289795
2025-04-04,SPY,0.8537108898162842
2025-04-07,SPY,1.9376157522201538
2025-04-08,SPY,2.117705821990967
2025-04-09,SPY,1.040242075920105
2025-04-10,SPY,1.917170524597168
2025-04-11,SPY,1.7283778190612793
2025-04-14,SPY,1.469154715538025
2025-04-15,SPY,1.5545787811279297
2025-04-16,SPY,1.9629836082458496
2025-04-17,SPY,2.0667548179626465
2025-04-21,SPY,2.1141958236694336
2025-04-22,SPY,1.980920672416687
2025-04-23,SPY,2.079922676086426
2025-04-24,SPY,0.667145848274231
2025-04-25,SPY,0.4230305254459381
2025-04-28,SPY,0.5181909799575806
2025-04-29,SPY,1.3573440313339233
2025-04-30,SPY,-0.3540041446685791
2025-05-01,SPY,0.21781203150749207
2025-05-02,SPY,0.41001439094543457
2025-05-05,SPY,0.030530760064721107
2025-05-06,SPY,0.44414377212524414
2025-05-07,SPY,0.7044435143470764
2025-05-08,SPY,0.5478951334953308
2025-05-09,SPY,0.8860871195793152
2025-05-12,SPY,0.2581738531589508
2025-05-13,SPY,0.8943992853164673
2025-05-14,SPY,1.9638608694076538
2025-05-15,SPY,1.9403653144836426
2025-05-16,SPY,1.8355200290679932
2025-05-19,SPY,1.73995041847229
2025-05-20,SPY,1.589083194732666
2025-05-21,SPY,1.7221319675445557
2025-05-22,SPY,1.7688491344451904
2025-05-23,SPY,1.6023048162460327
2025-05-27,SPY,1.6826651096343994
2025-05-28,SPY,1.7375409603118896
2025-05-29,SPY,1.8269319534301758
2025-05-30,SPY,0.4183970093727112
2025-06-02,SPY,1.5956515073776245
2025-06-03,SPY,1.6134791374206543
2025-06-04,SPY,1.6168111562728882
2025-06-05,SPY,1.6630094051361084
2025-06-06,SPY,1.830705165863037
2025-06-09,SPY,1.9365556240081787
2025-06-10,SPY,2.1893441677093506
2025-06-11,SPY,1.7907066345214844
2025-06-12,SPY,1.8042110204696655
2025-06-13,SPY,0.6409863829612732
2025-06-16,SPY,1.541585087776184
2025-06-17,SPY,0.5591130256652832
2025-06-18,SPY,0.724686861038208
2025-06-20,SPY,0.5729328989982605
2025-06-23,SPY,0.9108138680458069
2025-06-24,SPY,1.2142283916473389
2025-06-25,SPY,1.714444875717163
2025-06-26,SPY,1.2516118288040161
2025-06-27,SPY,0.9067239761352539
2025-02-26,MSFT,2.3918404579162598
2025-02-27,MSFT,1.5444334745407104
2025-02-28,MSFT,2.118760108947754
2025-03-03,MSFT,2.298651695251465
2025-03-04,MSFT,2.280491352081299
2025-03-05,MSFT,1.898268461227417
2025-03-06,MSFT,2.0400233268737793
2025-03-07,MSFT,2.4055306911468506
2025-03-10,MSFT,1.3868012428283691
2025-03-11,MSFT,1.9353631734848022
2025-03-12,MSFT,2.376676321029663
2025-03-13,MSFT,2.231412172317505
2025-03-14,MSFT,1.9187382459640503
2025-03-17,MSFT,1.8190853595733643
2025-03-18,MSFT,2.01908278465271
2025-03-19,MSFT,1.5537854433059692
2025-03-20,MSFT,1.6303869485855103
2025-03-21,MSFT,2.302257776260376
2025-03-24,MSFT,1.5943747758865356
2025-03-25,MSFT,1.1994177103042603
2025-03-26,MSFT,2.0738911628723145
2025-03-27,MSFT,1.9394032955169678
2025-03-28,MSFT,0.43011292815208435
2025-03-31,MSFT,1.075360894203186
2025-04-01,MSFT,0.7826610207557678
2025-04-02,MSFT,1.2950876951217651
2025-04-03,MSFT,1.2071255445480347
2025-04-04,MSFT,1.3265817165374756
2025-04-07,MSFT,2.283940553665161
2025-04-08,MSFT,2.406473398208618
2025-04-09,MSFT,2.076451539993286
2025-04-10,MSFT,1.9032505750656128
2025-04-11,MSFT,0.8908275365829468
2025-04-14,MSFT,0.5305339097976685
2025-04-15,MSFT,0.8221177458763123
2025-04-16,MSFT,0.7031509876251221
2025-04-17,MSFT,1.7824820280075073
2025-04-21,MSFT,1.6320796012878418
2025-04-22,MSFT,1.6202001571655273
2025-04-23,MSFT,1.8993982076644897
2025-04-24,MSFT,1.2368899583816528
2025-04-25,MSFT,1.1982014179229736
2025-04-28,MSFT,0.7227748036384583
2025-04-29,MSFT,0.812874972820282
2025-04-30,MSFT,-0.5264689326286316
2025-05-01,MSFT,-0.5417574644088745
2025-05-02,MSFT,-0.5067808628082275
2025-05-05,MSFT,-0.30345430970191956
2025-05-06,MSFT,0.37599658966064453
2025-05-07,MSFT,0.2847420871257782
2025-05-08,MSFT,0.5969308018684387
2025-05-09,MSFT,0.6836118102073669
2025-05-12,MSFT,0.6198104023933411
2025-05-13,MSFT,0.8898872137069702
2025-05-14,MSFT,1.4296104907989502
2025-05-15,MSFT,1.4997161626815796
2025-05-16,MSFT,1.511517882347107
2025-05-19,MSFT,1.4991297721862793
2025-05-20,MSFT,1.3695162534713745
2025-05-21,MSFT,1.0808446407318115
2025-05-22,MSFT,1.4724944829940796
2025-05-23,MSFT,1.1371469497680664
2025-05-27,MSFT,1.5125614404678345
2025-05-28,MSFT,1.402466058731079
2025-05-29,MSFT,1.5477927923202515
2025-05-30,MSFT,1.2007215023040771
2025-06-02,MSFT,1.3490180969238281
2025-06-03,MSFT,1.3459795713424683
2025-06-04,MSFT,1.3725229501724243
2025-06-05,MSFT,0.9874741435050964
2025-06-06,MSFT,0.6278019547462463
2025-06-09,MSFT,0.4609985947608948
2025-06-10,MSFT,0.9926356673240662
2025-06-11,MSFT,0.8421654105186462
2025-06-12,MSFT,0.07955536991357803
2025-06-13,MSFT,0.43434661626815796
2025-06-16,MSFT,0.8621273636817932
2025-06-17,MSFT,0.8319588303565979
2025-06-18,MSFT,1.2321679592132568
2025-06-20,MSFT,1.3785946369171143
2025-06-23,MSFT,0.5422276854515076
2025-06-24,MSFT,0.4815658628940582
2025-06-25,MSFT,0.556828498840332
2025-06-26,MSFT,0.6156275868415833
2025-06-27,MSFT,0.544653594493866
2025-02-25,EURUSD=X,5.671205997467041
2025-02-26,EURUSD=X,7.469605922698975
2025-02-27,EURUSD=X,5.607334136962891
2025-02-28,EURUSD=X,6.172525405883789
2025-03-03,EURUSD=X,0.48800164461135864
2025-03-04,EURUSD=X,2.909463405609131
2025-03-05,EURUSD=X,1.9752146005630493
2025-03-06,EURUSD=X,1.0676097869873047
2025-03-07,EURUSD=X,1.09679114818573
2025-03-10,EURUSD=X,1.106935977935791
2025-03-11,EURUSD=X,4.692078113555908
2025-03-12,EURUSD=X,5.187647819519043
2025-03-13,EURUSD=X,5.855406284332275
2025-03-14,EURUSD=X,5.334449291229248
2025-03-17,EURUSD=X,5.529870986938477
2025-03-18,EURUSD=X,6.104641437530518
2025-03-19,EURUSD=X,6.604559898376465
2025-03-20,EURUSD=X,6.092370510101318
2025-03-21,EURUSD=X,5.957573890686035
2025-03-24,EURUSD=X,5.820527076721191
2025-03-25,EURUSD=X,2.0367441177368164
2025-03-26,EURUSD=X,3.3449203968048096
2025-03-27,EURUSD=X,2.200922727584839
2025-03-28,EURUSD=X,2.394315719604492
2025-03-31,EURUSD=X,2.472463369369507
2025-04-01,EURUSD=X,7.1277570724487305
2025-04-02,EURUSD=X,6.530361652374268
2025-04-03,EURUSD=X,4.611580848693848
2025-04-04,EURUSD=X,-0.7756293416023254
2025-04-07,EURUSD=X,1.9716949462890625
2025-04-08,EURUSD=X,3.8787293434143066
2025-04-09,EURUSD=X,0.8403112292289734
2025-04-10,EURUSD=X,1.4430546760559082
2025-04-11,EURUSD=X,-0.6959683895111084
2025-04-14,EURUSD=X,-0.5941996574401855
2025-04-15,EURUSD=X,-0.4390999972820282
2025-04-16,EURUSD=X,2.0662684440612793
2025-04-17,EURUSD=X,2.7320611476898193
2025-04-22,EURUSD=X,1.969652533531189
2025-04-23,EURUSD=X,3.0042998790740967
2025-04-24,EURUSD=X,1.7096093893051147
2025-04-25,EURUSD=X,2.0343329906463623
2025-04-28,EURUSD=X,4.626228332519531
2025-04-29,EURUSD=X,4.766380310058594
2025-04-30,EURUSD=X,4.702489852905273
2025-05-01,EURUSD=X,4.812628746032715
2025-05-02,EURUSD=X,1.4816786050796509
2025-05-05,EURUSD=X,1.945088505744934
2025-05-06,EURUSD=X,1.711223840713501
2025-05-07,EURUSD=X,1.8184001445770264
2025-05-08,EURUSD=X,3.7891507148742676
2025-05-09,EURUSD=X,1.1779152154922485
2025-05-12,EURUSD=X,3.2643179893493652
2025-05-13,EURUSD=X,0.969190239906311
2025-05-14,EURUSD=X,1.809891700744629
2025-05-15,EURUSD=X,1.2932047843933105
2025-05-16,EURUSD=X,2.4988350868225098
2025-05-19,EURUSD=X,2.962491750717163
2025-05-20,EURUSD=X,1.4486032724380493
2025-05-21,EURUSD=X,2.7697625160217285
2025-05-22,EURUSD=X,2.7019355297088623
2025-05-23,EURUSD=X,2.94796085357666
2025-05-26,EURUSD=X,1.8692234754562378
2025-05-27,EURUSD=X,1.4186984300613403
2025-05-28,EURUSD=X,1.8736869096755981
2025-05-29,EURUSD=X,2.591595411300659
2025-05-30,EURUSD=X,2.6007113456726074
2025-06-02,EURUSD=X,0.7376788258552551
2025-06-03,EURUSD=X,1.0596952438354492
2025-06-04,EURUSD=X,-0.10530747473239899
2025-06-05,EURUSD=X,1.147845983505249
2025-06-06,EURUSD=X,3.169344425201416
2025-06-09,EURUSD=X,2.0986642837524414
2025-06-10,EURUSD=X,3.261476993560791
2025-06-11,EURUSD=X,4.76804256439209
2025-06-12,EURUSD=X,5.417132377624512
2025-06-13,EURUSD=X,1.2182831764221191
2025-06-16,EURUSD=X,4.016307830810547
2025-06-17,EURUSD=X,3.298625946044922
2025-06-18,EURUSD=X,0.8221402764320374
2025-06-19,EURUSD=X,1.2115049362182617
2025-06-20,EURUSD=X,1.583795189857483
2025-06-23,EURUSD=X,0.9640032649040222
2025-06-24,EURUSD=X,2.5661942958831787
2025-06-25,EURUSD=X,4.226824760437012
2025-06-26,EURUSD=X,2.6395492553710938
2025-06-27,EURUSD=X,3.820666551589966
2025-02-26,NVDA,-0.22758716344833374
2025-02-27,NVDA,0.5251567363739014
2025-02-28,NVDA,-0.2574869990348816
2025-03-03,NVDA,0.8628553152084351
2025-03-04,NVDA,0.9912945032119751
2025-03-05,NVDA,1.0360863208770752
2025-03-06,NVDA,0.9366841316223145
2025-03-07,NVDA,1.156075358390808
2025-03-10,NVDA,1.2438310384750366
2025-03-11,NVDA,1.0828008651733398
2025-03-12,NVDA,0.6018429398536682
2025-03-13,NVDA,0.5842395424842834
2025-03-14,NVDA,0.8052002191543579
2025-03-17,NVDA,0.85091233253479
2025-03-18,NVDA,0.5458991527557373
2025-03-19,NVDA,0.8908147215843201
2025-03-20,NVDA,1.106245517730713
2025-03-21,NVDA,0.9850833415985107
2025-03-24,NVDA,0.6645797491073608
2025-03-25,NVDA,0.6047148704528809
2025-03-26,NVDA,0.4730674624443054
2025-03-27,NVDA,0.7772130966186523
2025-03-28,NVDA,0.6757926344871521
2025-03-31,NVDA,0.35774853825569153
2025-04-01,NVDA,0.003117459360510111
2025-04-02,NVDA,-0.32347357273101807
2025-04-03,NVDA,0.7387537360191345
2025-04-04,NVDA,0.7845038175582886
2025-04-07,NVDA,0.8393821120262146
2025-04-08,NVDA,0.8371583819389343
2025-04-09,NVDA,0.9578981399536133
2025-04-10,NVDA,0.7286245822906494
2025-04-11,NVDA,0.7393994927406311
2025-04-14,NVDA,0.8986594080924988
2025-04-15,NVDA,0.8392131328582764
2025-04-16,NVDA,0.489961713552475
2025-04-17,NVDA,0.5891159772872925
2025-04-21,NVDA,0.6130356788635254
2025-04-22,NVDA,0.8929058313369751
2025-04-23,NVDA,0.7980655431747437
2025-04-24,NVDA,0.7571702599525452
2025-04-25,NVDA,0.5847159028053284
2025-04-28,NVDA,0.4434305429458618
2025-04-29,NVDA,0.4196545481681824
2025-04-30,NVDA,0.42674246430397034
2025-05-01,NVDA,0.3636080026626587
2025-05-02,NVDA,0.223267063498497
2025-05-05,NVDA,0.2334178239107132
2025-05-06,NVDA,0.18482641875743866
2025-05-07,NVDA,0.4176551103591919
2025-05-08,NVDA,0.4579908847808838
2025-05-09,NVDA,0.3064951002597809
2025-05-12,NVDA,0.07077091932296753
2025-05-13,NVDA,-0.1979563981294632
2025-05-14,NVDA,-0.0024233474396169186
2025-05-15,NVDA,0.23338620364665985
2025-05-16,NVDA,0.4919511675834656
2025-05-19,NVDA,0.6498578190803528
2025-05-20,NVDA,0.7071141004562378
2025-05-21,NVDA,0.7412881255149841
2025-05-22,NVDA,0.7531413435935974
2025-05-23,NVDA,0.7575122117996216
2025-05-27,NVDA,0.7591778635978699
2025-05-28,NVDA,0.7576161623001099
2025-05-29,NVDA,0.763679563999176
2025-05-30,NVDA,0.7546678185462952
2025-06-02,NVDA,0.5040431618690491
2025-06-03,NVDA,0.6675125956535339
2025-06-04,NVDA,0.6804100275039673
2025-06-05,NVDA,0.6741260290145874
2025-06-06,NVDA,0.7006674408912659
2025-06-09,NVDA,0.8047202229499817
2025-06-10,NVDA,0.814988911151886
2025-06-11,NVDA,0.6950476765632629
2025-06-12,NVDA,0.7333260774612427
2025-06-13,NVDA,0.5271595120429993
2025-06-16,NVDA,0.6973883509635925
2025-06-17,NVDA,0.7025945782661438
2025-06-18,NVDA,0.7004730701446533
2025-06-20,NVDA,0.7440105080604553
2025-06-23,NVDA,0.5082544684410095
2025-06-24,NVDA,0.6685555577278137
2025-06-25,NVDA,0.15224070847034454
2025-06-26,NVDA,0.16813312470912933
2025-06-27,NVDA,0.1605159044265747
2025-02-26,AAPL,1.4161717891693115
2025-02-27,AAPL,1.450782060623169
2025-02-28,AAPL,1.3295248746871948
2025-03-03,AAPL,-0.001956529449671507
2025-03-04,AAPL,-0.5608586072921753
2025-03-05,AAPL,-0.4905610978603363
2025-03-06,AAPL,-0.700666606426239
2025-03-07,AAPL,0.1327621042728424
2025-03-10,AAPL,1.593523383140564
2025-03-11,AAPL,0.5216660499572754
2025-03-12,AAPL,1.1318532228469849
2025-03-13,AAPL,1.2065080404281616
2025-03-14,AAPL,1.2740598917007446
2025-03-17,AAPL,0.8892505764961243
2025-03-18,AAPL,1.4002248048782349
2025-03-19,AAPL,1.6336404085159302
2025-03-20,AAPL,1.8902275562286377
2025-03-21,AAPL,1.9100323915481567
2025-03-24,AAPL,1.658582091331482
2025-03-25,AAPL,1.6073429584503174
2025-03-26,AAPL,1.8102526664733887
2025-03-27,AAPL,2.0723471641540527
2025-03-28,AAPL,1.2210958003997803
2025-03-31,AAPL,1.8419311046600342
2025-04-01,AAPL,1.5015029907226562
2025-04-02,AAPL,1.6934963464736938
2025-04-03,AAPL,0.19295206665992737
2025-04-04,AAPL,0.9650079011917114
2025-04-07,AAPL,0.9555334448814392
2025-04-08,AAPL,1.224165678024292
2025-04-09,AAPL,1.1441259384155273
2025-04-10,AAPL,0.9137791991233826
2025-04-11,AAPL,1.005011796951294
2025-04-14,AAPL,0.797064483165741
2025-04-15,AAPL,0.823797881603241
2025-04-16,AAPL,1.3586152791976929
2025-04-17,AAPL,1.2629448175430298
2025-04-21,AAPL,1.4846031665802002
2025-04-22,AAPL,1.268770694732666
2025-04-23,AAPL,0.8452451229095459
2025-04-24,AAPL,0.4719349443912506
2025-04-25,AAPL,0.3486088812351227
2025-04-28,AAPL,0.23928290605545044
2025-04-29,AAPL,0.6548115611076355
2025-04-30,AAPL,-0.0013491619611158967
2025-05-01,AAPL,0.566807210445404
2025-05-02,AAPL,0.536546528339386
2025-05-05,AAPL,0.5585007071495056
2025-05-06,AAPL,0.2163562774658203
2025-05-07,AAPL,0.3174375295639038
2025-05-08,AAPL,0.040734753012657166
2025-05-09,AAPL,-0.6572242379188538
2025-05-12,AAPL,0.11182449012994766
2025-05-13,AAPL,0.5770782232284546
2025-05-14,AAPL,-0.12662404775619507
2025-05-15,AAPL,-0.05791853740811348
2025-05-16,AAPL,0.03251596540212631
2025-05-19,AAPL,0.4799405038356781
2025-05-20,AAPL,0.5778324007987976
2025-05-21,AAPL,0.68268883228302
2025-05-22,AAPL,0.7590340971946716
2025-05-23,AAPL,1.2218899726867676
2025-05-27,AAPL,-0.14149802923202515
2025-05-28,AAPL,-0.33631348609924316
2025-05-29,AAPL,0.024023544043302536
2025-05-30,AAPL,0.07054301351308823
2025-06-02,AAPL,0.8931662440299988
2025-06-03,AAPL,0.8812512159347534
2025-06-04,AAPL,0.8972867727279663
2025-06-05,AAPL,1.301243782043457
2025-06-06,AAPL,1.024723768234253
2025-06-09,AAPL,0.9816266298294067
2025-06-10,AAPL,1.2591633796691895
2025-06-11,AAPL,0.4589935839176178
2025-06-12,AAPL,0.6981958746910095
2025-06-13,AAPL,0.7994256615638733
2025-06-16,AAPL,1.303878903388977
2025-06-17,AAPL,1.136669635772705
2025-06-18,AAPL,0.7403813600540161
2025-06-20,AAPL,0.3619824945926666
2025-06-23,AAPL,0.6340426802635193
2025-06-24,AAPL,0.9186791777610779
2025-06-25,AAPL,0.675331711769104
2025-06-26,AAPL,0.9060904383659363
2025-06-27,AAPL,0.9833989143371582
2025-02-26,GC=F,0.7680472135543823
2025-02-27,GC=F,1.0038858652114868
2025-02-28,GC=F,1.0148530006408691
2025-03-03,GC=F,0.0679028332233429
2025-03-04,GC=F,-0.621131420135498
2025-03-05,GC=F,-0.5956540703773499
2025-03-06,GC=F,-0.1685379147529602
2025-03-07,GC=F,1.0126920938491821
2025-03-10,GC=F,2.4807941913604736
2025-03-11,GC=F,0.39816519618034363
2025-03-12,GC=F,-0.9810377359390259
2025-03-13,GC=F,-1.0529948472976685
2025-03-14,GC=F,-1.0192131996154785
2025-03-17,GC=F,-1.2389428615570068
2025-03-18,GC=F,-1.027569055557251
2025-03-19,GC=F,-2.054882526397705
2025-03-20,GC=F,-2.079632520675659
2025-03-21,GC=F,-2.0409696102142334
2025-03-24,GC=F,-1.608583688735962
2025-03-25,GC=F,1.1617292165756226
2025-03-26,GC=F,2.9232890605926514
2025-03-27,GC=F,2.8058693408966064
2025-03-28,GC=F,-1.6462687253952026
2025-03-31,GC=F,-1.827028512954712
2025-04-01,GC=F,-0.53925621509552
2025-04-02,GC=F,-0.5595000982284546
2025-04-03,GC=F,-0.8550931215286255
2025-04-04,GC=F,0.848967969417572
2025-04-07,GC=F,0.9943406581878662
2025-04-08,GC=F,0.5793172121047974
2025-04-09,GC=F,-0.37783658504486084
2025-04-10,GC=F,-0.03609294071793556
2025-04-11,GC=F,0.08614818006753922
2025-04-14,GC=F,-0.8242843747138977
2025-04-15,GC=F,-0.43272584676742554
2025-04-16,GC=F,0.07792098820209503
2025-04-17,GC=F,2.23822021484375
2025-04-21,GC=F,2.0004448890686035
2025-04-22,GC=F,2.916762590408325
2025-04-23,GC=F,2.9794321060180664
2025-04-24,GC=F,2.772808074951172
2025-04-25,GC=F,2.8819069862365723
2025-04-28,GC=F,2.709648370742798
2025-04-29,GC=F,3.4239182472229004
2025-04-30,GC=F,-0.08081663399934769
2025-05-01,GC=F,0.033027730882167816
2025-05-02,GC=F,-0.2976861596107483
2025-05-05,GC=F,0.15985074639320374
2025-05-06,GC=F,2.7082676887512207
2025-05-07,GC=F,2.9218740463256836
2025-05-08,GC=F,2.0656635761260986
2025-05-09,GC=F,1.7807246446609497
2025-05-12,GC=F,0.728100597858429
2025-05-13,GC=F,0.7515097856521606
2025-05-14,GC=F,0.9414376616477966
2025-05-15,GC=F,0.6303791999816895
2025-05-16,GC=F,0.6347422003746033
2025-05-19,GC=F,-1.0968642234802246
2025-05-20,GC=F,-0.5747552514076233
2025-05-21,GC=F,-0.9711208939552307
2025-05-22,GC=F,-0.478598952293396
2025-05-23,GC=F,-0.6495680809020996
2025-05-27,GC=F,-0.17984627187252045
2025-05-28,GC=F,0.24361339211463928
2025-05-29,GC=F,-0.26478520035743713
2025-05-30,GC=F,0.6527822613716125
2025-06-02,GC=F,0.31190428137779236
2025-06-03,GC=F,0.7360026836395264
2025-06-04,GC=F,0.5778258442878723
2025-06-05,GC=F,0.17915642261505127
2025-06-06,GC=F,-0.5229506492614746
2025-06-09,GC=F,-0.13327480852603912
2025-06-10,GC=F,-0.03520264849066734
2025-06-11,GC=F,0.9045776724815369
2025-06-12,GC=F,1.1699706315994263
2025-06-13,GC=F,0.39154329895973206
2025-06-16,GC=F,0.5870872735977173
2025-06-17,GC=F,0.07716996222734451
2025-06-18,GC=F,-0.21116958558559418
2025-06-20,GC=F,0.3884144723415375
2025-06-23,GC=F,-0.1992558091878891
2025-06-24,GC=F,0.5376441478729248
2025-06-25,GC=F,-0.7919113636016846
2025-06-26,GC=F,-1.5850682258605957
2025-06-27,GC=F,2.0384681224823
2025-02-25,GBPUSD=X,5.360718250274658
2025-02-26,GBPUSD=X,5.332255840301514
2025-02-27,GBPUSD=X,5.245657444000244
2025-02-28,GBPUSD=X,6.016046524047852
2025-03-03,GBPUSD=X,5.725366115570068
2025-03-04,GBPUSD=X,6.400304317474365
2025-03-05,GBPUSD=X,3.7660655975341797
2025-03-06,GBPUSD=X,2.6952548027038574
2025-03-07,GBPUSD=X,4.208535671234131
2025-03-10,GBPUSD=X,3.946984052658081
2025-03-11,GBPUSD=X,4.570596694946289
2025-03-12,GBPUSD=X,6.7104268074035645
2025-03-13,GBPUSD=X,6.238412380218506
2025-03-14,GBPUSD=X,5.42995023727417
2025-03-17,GBPUSD=X,5.856610298156738
2025-03-18,GBPUSD=X,5.528963565826416
2025-03-19,GBPUSD=X,5.997650146484375
2025-03-20,GBPUSD=X,6.558080196380615
2025-03-21,GBPUSD=X,6.242537021636963
2025-03-24,GBPUSD=X,5.031937122344971
2025-03-25,GBPUSD=X,1.6897644996643066
2025-03-26,GBPUSD=X,1.7099944353103638
2025-03-27,GBPUSD=X,2.936535596847534
2025-03-28,GBPUSD=X,1.8529177904129028
2025-03-31,GBPUSD=X,1.7361509799957275
2025-04-01,GBPUSD=X,0.8774360418319702
2025-04-02,GBPUSD=X,2.166351079940796
2025-04-03,GBPUSD=X,2.3070521354675293
2025-04-04,GBPUSD=X,1.1806789636611938
2025-04-07,GBPUSD=X,3.878800630569458
2025-04-08,GBPUSD=X,2.1895389556884766
2025-04-09,GBPUSD=X,2.7045705318450928
2025-04-10,GBPUSD=X,1.4286376237869263
2025-04-11,GBPUSD=X,2.238013744354248
2025-04-14,GBPUSD=X,1.5011792182922363
2025-04-15,GBPUSD=X,0.107681505382061
2025-04-16,GBPUSD=X,-0.12121257185935974
2025-04-17,GBPUSD=X,3.531967878341675
2025-04-22,GBPUSD=X,-1.4835484027862549
2025-04-23,GBPUSD=X,3.4098994731903076
2025-04-24,GBPUSD=X,4.3669867515563965
2025-04-25,GBPUSD=X,4.612751483917236
2025-04-28,GBPUSD=X,4.42310905456543
2025-04-29,GBPUSD=X,4.711195468902588
2025-04-30,GBPUSD=X,4.43451452255249
2025-05-01,GBPUSD=X,4.903565883636475
2025-05-02,GBPUSD=X,1.4159071445465088
2025-05-05,GBPUSD=X,-0.6197824478149414
2025-05-06,GBPUSD=X,1.4951205253601074
2025-05-07,GBPUSD=X,1.7712239027023315
2025-05-08,GBPUSD=X,1.198830485343933
2025-05-09,GBPUSD=X,2.0572216510772705
2025-05-12,GBPUSD=X,2.5307769775390625
2025-05-13,GBPUSD=X,0.021232398226857185
2025-05-14,GBPUSD=X,-0.7618184089660645
2025-05-15,GBPUSD=X,-2.4037890434265137
2025-05-16,GBPUSD=X,-1.0916539430618286
2025-05-19,GBPUSD=X,2.2628960609436035
2025-05-20,GBPUSD=X,3.297645330429077
2025-05-21,GBPUSD=X,3.7875118255615234
2025-05-22,GBPUSD=X,4.301168918609619
2025-05-23,GBPUSD=X,2.5098962783813477
2025-05-26,GBPUSD=X,-0.8776459693908691
2025-05-27,GBPUSD=X,-0.9925991296768188
2025-05-28,GBPUSD=X,0.8735043406486511
2025-05-29,GBPUSD=X,1.8808249235153198
2025-05-30,GBPUSD=X,-0.654286801815033
2025-06-02,GBPUSD=X,-1.417471170425415
2025-06-03,GBPUSD=X,2.32273006439209
2025-06-04,GBPUSD=X,2.2132411003112793
2025-06-05,GBPUSD=X,3.1288764476776123
2025-06-06,GBPUSD=X,4.997389793395996
2025-06-09,GBPUSD=X,4.50571346282959
2025-06-10,GBPUSD=X,4.808592319488525
2025-06-11,GBPUSD=X,1.9281259775161743
2025-06-12,GBPUSD=X,4.8046770095825195
2025-06-13,GBPUSD=X,5.8673906326293945
2025-06-16,GBPUSD=X,4.654771327972412
2025-06-17,GBPUSD=X,3.3054168224334717
2025-06-18,GBPUSD=X,-2.3863377571105957
2025-06-19,GBPUSD=X,-0.8814100027084351
2025-06-20,GBPUSD=X,-3.7730870246887207
2025-06-23,GBPUSD=X,-0.23817259073257446
2025-06-24,GBPUSD=X,-1.1064521074295044
2025-06-25,GBPUSD=X,-0.23258307576179504
2025-06-26,GBPUSD=X,0.28651657700538635
2025-06-27,GBPUSD=X,0.1268719881772995
2025-02-26,GOOGL,2.3736252784729004
2025-02-27,GOOGL,1.9122891426086426
2025-02-28,GOOGL,1.9495595693588257
2025-03-03,GOOGL,1.951086163520813
2025-03-04,GOOGL,1.988855242729187
2025-03-05,GOOGL,2.253931760787964
2025-03-06,GOOGL,2.2870450019836426
2025-03-07,GOOGL,2.1796107292175293
2025-03-10,GOOGL,1.7135789394378662
2025-03-11,GOOGL,1.834285020828247
2025-03-12,GOOGL,1.287132978439331
2025-03-13,GOOGL,1.0885145664215088
2025-03-14,GOOGL,1.439132571220398
2025-03-17,GOOGL,0.6873164772987366
2025-03-18,GOOGL,0.7021748423576355
2025-03-19,GOOGL,0.7405306696891785
2025-03-20,GOOGL,0.7327066659927368
2025-03-21,GOOGL,0.3435344994068146
2025-03-24,GOOGL,1.1566661596298218
2025-03-25,GOOGL,0.7493562698364258
2025-03-26,GOOGL,1.064376711845398
2025-03-27,GOOGL,0.26147839426994324
2025-03-28,GOOGL,0.6938778758049011
2025-03-31,GOOGL,1.1246614456176758
2025-04-01,GOOGL,0.8315744996070862
2025-04-02,GOOGL,0.9357911944389343
2025-04-03,GOOGL,0.7147750854492188
2025-04-04,GOOGL,0.9256267547607422
2025-04-07,GOOGL,0.7422730922698975
2025-04-08,GOOGL,0.838333249092102
2025-04-09,GOOGL,0.7386287450790405
2025-04-10,GOOGL,1.20774245262146
2025-04-11,GOOGL,1.0096584558486938
2025-04-14,GOOGL,1.023168683052063
2025-04-15,GOOGL,1.087614893913269
2025-04-16,GOOGL,0.3050115406513214
2025-04-17,GOOGL,0.6046772003173828
2025-04-21,GOOGL,0.6024414896965027
2025-04-22,GOOGL,0.6983924508094788
2025-04-23,GOOGL,1.137123465538025
2025-04-24,GOOGL,1.1229676008224487
2025-04-25,GOOGL,1.0745302438735962
2025-04-28,GOOGL,0.5699456930160522
2025-04-29,GOOGL,0.5413601398468018
2025-04-30,GOOGL,0.5045604109764099
2025-05-01,GOOGL,0.48770225048065186
2025-05-02,GOOGL,0.5347704887390137
2025-05-05,GOOGL,0.41903096437454224
2025-05-06,GOOGL,0.36424168944358826
2025-05-07,GOOGL,-0.29054370522499084
2025-05-08,GOOGL,0.5339498519897461
2025-05-09,GOOGL,-0.3508718013763428
2025-05-12,GOOGL,-0.25922244787216187
2025-05-13,GOOGL,-0.0009194532176479697
2025-05-14,GOOGL,1.0208841562271118
2025-05-15,GOOGL,0.6490879058837891
2025-05-16,GOOGL,0.688429057598114
2025-05-19,GOOGL,0.6865071058273315
2025-05-20,GOOGL,0.6726710796356201
2025-05-21,GOOGL,1.1380159854888916
2025-05-22,GOOGL,1.2001367807388306
2025-05-23,GOOGL,0.6887431144714355
2025-05-27,GOOGL,1.1721384525299072
2025-05-28,GOOGL,0.7589916586875916
2025-05-29,GOOGL,0.6512059569358826
2025-05-30,GOOGL,0.6365787386894226
2025-06-02,GOOGL,0.8084142804145813
2025-06-03,GOOGL,0.34155189990997314
2025-06-04,GOOGL,0.3507293164730072
2025-06-05,GOOGL,0.3597254455089569
2025-06-06,GOOGL,1.0390104055404663
2025-06-09,GOOGL,0.8763216733932495
2025-06-10,GOOGL,0.8366330862045288
2025-06-11,GOOGL,1.0899415016174316
2025-06-12,GOOGL,0.9761894345283508
2025-06-13,GOOGL,0.7042379975318909
2025-06-16,GOOGL,1.0592334270477295
2025-06-17,GOOGL,1.1629300117492676
2025-06-18,GOOGL,1.33332097530365
2025-06-20,GOOGL,0.10483291745185852
2025-06-23,GOOGL,0.6267751455307007
2025-06-24,GOOGL,-0.21628902852535248
2025-06-25,GOOGL,-0.4081149399280548
2025-06-26,GOOGL,-0.28302884101867676
2025-06-27,GOOGL,0.7611783742904663
2025-02-25,USDJPY=X,0.4054759442806244
2025-02-26,USDJPY=X,1.7582472562789917
2025-02-27,USDJPY=X,1.2055033445358276
2025-02-28,USDJPY=X,-0.9615215063095093
2025-03-03,USDJPY=X,-0.8338474631309509
2025-03-04,USDJPY=X,2.370605945587158
2025-03-05,USDJPY=X,1.709189772605896
2025-03-06,USDJPY=X,-1.2403147220611572
2025-03-07,USDJPY=X,0.11035695672035217
2025-03-10,USDJPY=X,0.574008047580719
2025-03-11,USDJPY=X,2.2704505920410156
2025-03-12,USDJPY=X,2.178161382675171
2025-03-13,USDJPY=X,2.4884166717529297
2025-03-14,USDJPY=X,3.028101921081543
2025-03-17,USDJPY=X,1.6252821683883667
2025-03-18,USDJPY=X,2.258195400238037
2025-03-19,USDJPY=X,2.8287642002105713
2025-03-20,USDJPY=X,2.5524051189422607
2025-03-21,USDJPY=X,2.6208629608154297
2025-03-24,USDJPY=X,2.771477460861206
2025-03-25,USDJPY=X,3.2104644775390625
2025-03-26,USDJPY=X,1.7762267589569092
2025-03-27,USDJPY=X,1.7517489194869995
2025-03-28,USDJPY=X,2.9012556076049805
2025-03-31,USDJPY=X,1.0603210926055908
2025-04-01,USDJPY=X,0.6905086636543274
2025-04-02,USDJPY=X,-0.3162554204463959
2025-04-03,USDJPY=X,-2.997004270553589
2025-04-04,USDJPY=X,2.5937204360961914
2025-04-07,USDJPY=X,3.8956897258758545
2025-04-08,USDJPY=X,1.1384317874908447
2025-04-09,USDJPY=X,2.1031110286712646
2025-04-10,USDJPY=X,0.996536135673523
2025-04-11,USDJPY=X,0.608654260635376
2025-04-14,USDJPY=X,1.7074735164642334
2025-04-15,USDJPY=X,3.982039451599121
2025-04-16,USDJPY=X,3.6231307983398438
2025-04-17,USDJPY=X,3.964402914047241
2025-04-22,USDJPY=X,4.30011510848999
2025-04-23,USDJPY=X,3.361445188522339
2025-04-24,USDJPY=X,3.294950246810913
2025-04-25,USDJPY=X,3.5749173164367676
2025-04-28,USDJPY=X,2.8045573234558105
2025-04-29,USDJPY=X,3.066436529159546
2025-04-30,USDJPY=X,3.1287479400634766
2025-05-01,USDJPY=X,2.65997576713562
2025-05-02,USDJPY=X,1.5599313974380493
2025-05-05,USDJPY=X,3.047544479370117
2025-05-06,USDJPY=X,3.105854034423828
2025-05-07,USDJPY=X,2.099104404449463
2025-05-08,USDJPY=X,2.829669952392578
2025-05-09,USDJPY=X,0.9256169199943542
2025-05-12,USDJPY=X,0.8264569044113159
2025-05-13,USDJPY=X,-1.3062560558319092
2025-05-14,USDJPY=X,0.6616460680961609
2025-05-15,USDJPY=X,0.9568260312080383
2025-05-16,USDJPY=X,0.6931845545768738
2025-05-19,USDJPY=X,-0.35210171341896057
2025-05-20,USDJPY=X,-0.3248235583305359
2025-05-21,USDJPY=X,-0.5296328067779541
2025-05-22,USDJPY=X,-0.45100998878479004
2025-05-23,USDJPY=X,-0.3101338744163513
2025-05-26,USDJPY=X,-0.5361671447753906
2025-05-27,USDJPY=X,-0.7749559879302979
2025-05-28,USDJPY=X,-0.5672231316566467
2025-05-29,USDJPY=X,-1.1134417057037354
2025-05-30,USDJPY=X,1.2249433994293213
2025-06-02,USDJPY=X,2.176793098449707
2025-06-03,USDJPY=X,2.9365689754486084
2025-06-04,USDJPY=X,1.5783860683441162
2025-06-05,USDJPY=X,0.5830698013305664
2025-06-06,USDJPY=X,1.0524388551712036
2025-06-09,USDJPY=X,3.395573854446411
2025-06-10,USDJPY=X,3.469237804412842
2025-06-11,USDJPY=X,2.294142723083496
2025-06-12,USDJPY=X,2.8765015602111816
2025-06-13,USDJPY=X,1.3861732482910156
2025-06-16,USDJPY=X,0.553308367729187
2025-06-17,USDJPY=X,0.3980460464954376
2025-06-18,USDJPY=X,3.387969732284546
2025-06-19,USDJPY=X,2.9771785736083984
2025-06-20,USDJPY=X,2.967900514602661
2025-06-23,USDJPY=X,1.742719054222107
2025-06-24,USDJPY=X,3.395005702972412
2025-06-25,USDJPY=X,2.496530294418335
2025-06-26,USDJPY=X,1.8000541925430298
2025-06-27,USDJPY=X,3.020080327987671
2025-02-26,META,0.0770328938961029
2025-02-27,META,1.2251619100570679
2025-02-28,META,-0.0031414374243468046
2025-03-03,META,0.4440036416053772
2025-03-04,META,1.4931379556655884
2025-03-05,META,0.08222607523202896
2025-03-06,META,1.3328096866607666
2025-03-07,META,0.9902966022491455
2025-03-10,META,0.8353076577186584
2025-03-11,META,1.033371925354004
2025-03-12,META,1.100077748298645
2025-03-13,META,0.7880470156669617
2025-03-14,META,1.1227864027023315
2025-03-17,META,1.0259672403335571
2025-03-18,META,1.3493627309799194
2025-03-19,META,1.5684032440185547
2025-03-20,META,1.2355058193206787
2025-03-21,META,0.9389458298683167
2025-03-24,META,1.271752953529358
2025-03-25,META,0.6949939131736755
2025-03-26,META,1.2610207796096802
2025-03-27,META,0.4565180540084839
2025-03-28,META,-0.09374319016933441
2025-03-31,META,0.7532259821891785
2025-04-01,META,-0.017016110941767693
2025-04-02,META,-0.0359404981136322
2025-04-03,META,0.6391645073890686
2025-04-04,META,0.5497518181800842
2025-04-07,META,0.46658194065093994
2025-04-08,META,0.576849639415741
2025-04-09,META,1.0585700273513794
2025-04-10,META,1.0311003923416138
2025-04-11,META,1.033158302307129
2025-04-14,META,1.1102689504623413
2025-04-15,META,1.201460361480713
2025-04-16,META,0.9060333967208862
2025-04-17,META,0.49955177307128906
2025-04-21,META,0.10205144435167313
2025-04-22,META,-0.09636830538511276
2025-04-23,META,-0.07043876498937607
2025-04-24,META,-0.0728413388133049
2025-04-25,META,0.4351345896720886
2025-04-28,META,0.5274009108543396
2025-04-29,META,0.8154256343841553
2025-04-30,META,0.9864286780357361
2025-05-01,META,0.9484254717826843
2025-05-02,META,0.7602184414863586
2025-05-05,META,0.8619129061698914
2025-05-06,META,0.647097110748291
2025-05-07,META,0.8157680034637451
2025-05-08,META,0.7867506146430969
2025-05-09,META,0.5356966853141785
2025-05-12,META,0.3386330008506775
2025-05-13,META,0.28018486499786377
2025-05-14,META,0.7521263957023621
2025-05-15,META,0.6207985877990723
2025-05-16,META,0.9028141498565674
2025-05-19,META,0.9186369180679321
2025-05-20,META,0.5145654082298279
2025-05-21,META,0.36274227499961853
2025-05-22,META,0.6239542961120605
2025-05-23,META,0.5052416920661926
2025-05-27,META,0.4587821364402771
2025-05-28,META,0.7398679852485657
2025-05-29,META,0.9955576062202454
2025-05-30,META,0.2217906266450882
2025-06-02,META,0.637633204460144
2025-06-03,META,0.8982856273651123
2025-06-04,META,0.20578640699386597
2025-06-05,META,0.06838154792785645
2025-06-06,META,0.19708962738513947
2025-06-09,META,0.056844454258680344
2025-06-10,META,0.03841933608055115
2025-06-11,META,0.5951677560806274
2025-06-12,META,0.8059611320495605
2025-06-13,META,0.3237592279911041
2025-06-16,META,0.6331454515457153
2025-06-17,META,0.8814943432807922
2025-06-18,META,1.0570061206817627
2025-06-20,META,0.29670146107673645
2025-06-23,META,0.5105195641517639
2025-06-24,META,0.4783983826637268
2025-06-25,META,0.37947559356689453
2025-06-26,META,0.6639041900634766
2025-06-27,META,0.35061508417129517
2025-02-26,AMZN,1.5815199613571167
2025-02-27,AMZN,1.1562495231628418
2025-02-28,AMZN,1.3941221237182617
2025-03-03,AMZN,1.7912697792053223
2025-03-04,AMZN,2.0131258964538574
2025-03-05,AMZN,2.024688482284546
2025-03-06,AMZN,1.8007656335830688
2025-03-07,AMZN,1.852333903312683
2025-03-10,AMZN,1.8325773477554321
2025-03-11,AMZN,1.8281762599945068
2025-03-12,AMZN,1.8886100053787231
2025-03-13,AMZN,1.5882905721664429
2025-03-14,AMZN,1.679323434829712
2025-03-17,AMZN,1.0421794652938843
2025-03-18,AMZN,0.9978777766227722
2025-03-19,AMZN,0.541405439376831
2025-03-20,AMZN,0.6620636582374573
2025-03-21,AMZN,0.445703387260437
2025-03-24,AMZN,1.6379282474517822
2025-03-25,AMZN,0.6588501930236816
2025-03-26,AMZN,1.3765593767166138
2025-03-27,AMZN,1.244736909866333
2025-03-28,AMZN,0.092585988342762
2025-03-31,AMZN,0.31984826922416687
2025-04-01,AMZN,-0.2601971924304962
2025-04-02,AMZN,-0.2383066713809967
2025-04-03,AMZN,0.4199013113975525
2025-04-04,AMZN,0.2902366518974304
2025-04-07,AMZN,0.8746585249900818
2025-04-08,AMZN,0.8443313837051392
2025-04-09,AMZN,0.7574383616447449
2025-04-10,AMZN,1.0027763843536377
2025-04-11,AMZN,0.879237949848175
2025-04-14,AMZN,0.8236204981803894
2025-04-15,AMZN,1.0250117778778076
2025-04-16,AMZN,0.8064039945602417
2025-04-17,AMZN,0.9279801845550537
2025-04-21,AMZN,0.9363938570022583
2025-04-22,AMZN,0.4518851339817047
2025-04-23,AMZN,0.8073622584342957
2025-04-24,AMZN,0.7648612856864929
2025-04-25,AMZN,0.6284708976745605
2025-04-28,AMZN,0.5577932000160217
2025-04-29,AMZN,0.5501830577850342
2025-04-30,AMZN,0.592106819152832
2025-05-01,AMZN,0.452582985162735
2025-05-02,AMZN,0.3249891996383667
2025-05-05,AMZN,0.48530206084251404
2025-05-06,AMZN,0.6093260645866394
2025-05-07,AMZN,0.4873129725456238
2025-05-08,AMZN,0.5193738341331482
2025-05-09,AMZN,0.6947502493858337
2025-05-12,AMZN,-0.40233170986175537
2025-05-13,AMZN,-0.3509535789489746
2025-05-14,AMZN,0.09259140491485596
2025-05-15,AMZN,0.9218606948852539
2025-05-16,AMZN,0.835536003112793
2025-05-19,AMZN,0.8886286020278931
2025-05-20,AMZN,1.0594803094863892
2025-05-21,AMZN,1.1393675804138184
2025-05-22,AMZN,1.132081389427185
2025-05-23,AMZN,1.1231540441513062
2025-05-27,AMZN,1.0128928422927856
2025-05-28,AMZN,0.8528976440429688
2025-05-29,AMZN,1.0504063367843628
2025-05-30,AMZN,0.2749289870262146
2025-06-02,AMZN,0.278189480304718
2025-06-03,AMZN,0.5188710689544678
2025-06-04,AMZN,0.7359166145324707
2025-06-05,AMZN,0.956434428691864
2025-06-06,AMZN,0.7068207859992981
2025-06-09,AMZN,0.22463123500347137
2025-06-10,AMZN,0.35104867815971375
2025-06-11,AMZN,0.5116828083992004
2025-06-12,AMZN,0.34762415289878845
2025-06-13,AMZN,0.22770728170871735
2025-06-16,AMZN,0.6627368330955505
2025-06-17,AMZN,0.6000483632087708
2025-06-18,AMZN,0.9208331108093262
2025-06-20,AMZN,0.3589614927768707
2025-06-23,AMZN,0.08054789900779724
2025-06-24,AMZN,0.37645038962364197
2025-06-25,AMZN,0.34307390451431274
2025-06-26,AMZN,0.7100632190704346
2025-06-27,AMZN,0.3340212106704712
2025-07-23,USDJPY=X,-0.9333512783050537
2025-07-24,USDJPY=X,-0.9538987278938293
2025-07-25,USDJPY=X,2.6174967288970947
2025-07-28,USDJPY=X,2.550295114517212
2025-07-29,USDJPY=X,2.6474201679229736
2025-07-30,USDJPY=X,2.2520639896392822
2025-07-31,USDJPY=X,3.6201529502868652
2025-08-01,USDJPY=X,1.46755850315094
2025-08-04,USDJPY=X,2.847395181655884
2025-08-05,USDJPY=X,1.4749650955200195
2025-08-06,USDJPY=X,2.32572603225708
2025-08-07,USDJPY=X,1.795945167541504
2025-08-08,USDJPY=X,1.0468958616256714
2025-08-11,USDJPY=X,1.1487408876419067
2025-08-12,USDJPY=X,1.6772208213806152
2025-08-13,USDJPY=X,1.1836236715316772
2025-08-14,USDJPY=X,0.9069395661354065
2025-08-15,USDJPY=X,1.0198596715927124
2025-08-18,USDJPY=X,0.9294587969779968
2025-08-19,USDJPY=X,2.3380494117736816
2025-08-20,USDJPY=X,0.9481517672538757
2025-08-21,USDJPY=X,-0.8312248587608337
2025-08-22,USDJPY=X,6.497013092041016
2025-08-25,USDJPY=X,-1.234287977218628
2025-08-26,USDJPY=X,1.6288506984710693
2025-08-27,USDJPY=X,-0.8250609040260315
2025-08-28,USDJPY=X,-2.548879384994507
2025-08-29,USDJPY=X,-1.9261412620544434
2025-09-01,USDJPY=X,-1.0513354539871216
2025-09-02,USDJPY=X,-1.2118110656738281
2025-09-03,USDJPY=X,1.6608753204345703
2025-09-04,USDJPY=X,3.092618942260742
2025-09-05,USDJPY=X,2.0590686798095703
2025-09-08,USDJPY=X,3.919628381729126
2025-09-09,USDJPY=X,-0.33397167921066284
2025-09-10,USDJPY=X,-1.151141881942749
2025-09-11,USDJPY=X,-0.16355834901332855
2025-09-12,USDJPY=X,-0.37852874398231506
2025-09-15,USDJPY=X,0.8716989755630493
2025-09-16,USDJPY=X,0.3337079584598541
2025-09-17,USDJPY=X,0.25062069296836853
2025-09-18,USDJPY=X,-0.4671078324317932
2025-09-19,USDJPY=X,2.7317192554473877
2025-09-22,USDJPY=X,3.1611156463623047
2025-09-23,USDJPY=X,3.841848850250244
2025-09-24,USDJPY=X,4.3004350662231445
2025-09-25,USDJPY=X,1.267612099647522
2025-09-26,USDJPY=X,-0.681458055973053
2025-09-29,USDJPY=X,-0.7844963669776917
2025-09-30,USDJPY=X,1.3253177404403687
2025-10-01,USDJPY=X,-0.21494224667549133
2025-10-02,USDJPY=X,0.681622326374054
2025-10-03,USDJPY=X,-1.3421993255615234
2025-10-06,USDJPY=X,-0.8017830848693848
2025-10-07,USDJPY=X,-0.435232937335968
2025-10-08,USDJPY=X,-0.8133692741394043
2025-10-09,USDJPY=X,-0.3963468074798584
2025-10-10,USDJPY=X,1.3035306930541992
2025-10-13,USDJPY=X,2.824510097503662
2025-10-14,USDJPY=X,3.286665678024292
2025-10-15,USDJPY=X,4.678254127502441
2025-10-16,USDJPY=X,5.870837688446045
2025-10-17,USDJPY=X,4.6537251472473145
2025-10-20,USDJPY=X,3.1119062900543213
2025-10-21,USDJPY=X,3.3999269008636475
2025-10-22,USDJPY=X,2.798938751220703
2025-10-23,USDJPY=X,2.5059118270874023
2025-10-24,USDJPY=X,2.8801486492156982
2025-10-27,USDJPY=X,3.905463695526123
2025-10-28,USDJPY=X,4.482142925262451
2025-10-29,USDJPY=X,3.3172030448913574
2025-10-30,USDJPY=X,3.6747498512268066
2025-10-31,USDJPY=X,2.495112419128418
2025-11-03,USDJPY=X,2.873511552810669
2025-11-04,USDJPY=X,3.304427146911621
2025-11-05,USDJPY=X,3.6984968185424805
2025-11-06,USDJPY=X,2.058825731277466
2025-11-07,USDJPY=X,3.0841264724731445
2025-11-10,USDJPY=X,2.0685362815856934
2025-11-11,USDJPY=X,3.6804487705230713
2025-11-12,USDJPY=X,3.7466518878936768
2025-11-13,USDJPY=X,3.6542797088623047
2025-11-14,USDJPY=X,4.060679912567139
2025-11-17,USDJPY=X,4.328369617462158
2025-11-18,USDJPY=X,2.8185646533966064
2025-11-19,USDJPY=X,2.8978540897369385
2025-11-20,USDJPY=X,1.6647188663482666
2025-11-21,USDJPY=X,1.6732040643692017
2025-11-24,USDJPY=X,0.3194979429244995
2025-11-25,USDJPY=X,0.45527932047843933
2025-11-26,USDJPY=X,2.269779682159424
2025-11-27,USDJPY=X,1.2694580554962158
2025-07-23,INFY.NS,-0.023334715515375137
2025-07-24,INFY.NS,1.3082544803619385
2025-07-25,INFY.NS,1.0565122365951538
2025-07-28,INFY.NS,0.8856106400489807
2025-07-29,INFY.NS,1.1992660760879517
2025-07-30,INFY.NS,1.952247977256775
2025-07-31,INFY.NS,1.920935869216919
2025-08-01,INFY.NS,0.6731258034706116
2025-08-04,INFY.NS,1.5879449844360352
2025-08-05,INFY.NS,0.8574696183204651
2025-08-06,INFY.NS,0.29059749841690063
2025-08-07,INFY.NS,0.9328538179397583
2025-08-08,INFY.NS,0.38306522369384766
2025-08-11,INFY.NS,0.6464826464653015
2025-08-12,INFY.NS,0.3036894202232361
2025-08-13,INFY.NS,0.22313612699508667
2025-08-14,INFY.NS,0.8091346025466919
2025-08-18,INFY.NS,0.8440908193588257
2025-08-19,INFY.NS,0.9922435879707336
2025-08-20,INFY.NS,0.9387137293815613
2025-08-21,INFY.NS,0.65475994348526
2025-08-22,INFY.NS,-0.17869135737419128
2025-08-25,INFY.NS,-0.0020222957246005535
2025-08-26,INFY.NS,-0.20854903757572174
2025-08-28,INFY.NS,-0.08741680532693863
2025-08-29,INFY.NS,-0.1719159632921219
2025-09-01,INFY.NS,0.0015205815434455872
2025-09-02,INFY.NS,0.3559195101261139
2025-09-03,INFY.NS,0.5395330786705017
2025-09-04,INFY.NS,-0.8418344259262085
2025-09-05,INFY.NS,-0.9046359062194824
2025-09-08,INFY.NS,-1.6689598560333252
2025-09-09,INFY.NS,0.22931286692619324
2025-09-10,INFY.NS,1.3982088565826416
2025-09-11,INFY.NS,0.9084875583648682
2025-09-12,INFY.NS,1.6419060230255127
2025-09-15,INFY.NS,1.0145033597946167
2025-09-16,INFY.NS,1.0626839399337769
2025-09-17,INFY.NS,1.3501302003860474
2025-09-18,INFY.NS,1.8313987255096436
2025-09-19,INFY.NS,1.4245930910110474
2025-09-22,INFY.NS,0.850749135017395
2025-09-23,INFY.NS,1.4094829559326172
2025-09-24,INFY.NS,0.8690486550331116
2025-09-25,INFY.NS,1.3097565174102783
2025-09-26,INFY.NS,-0.4131830036640167
2025-09-29,INFY.NS,1.130505919456482
2025-09-30,INFY.NS,0.9349271655082703
2025-10-01,INFY.NS,0.08511622250080109
2025-10-03,INFY.NS,0.5038244724273682
2025-10-06,INFY.NS,-0.4037148654460907
2025-10-07,INFY.NS,0.4690995514392853
2025-10-08,INFY.NS,0.8876162767410278
2025-10-09,INFY.NS,1.1040443181991577
2025-10-10,INFY.NS,0.8701736330986023
2025-10-13,INFY.NS,0.5817995667457581
2025-10-14,INFY.NS,0.5545151233673096
2025-10-15,INFY.NS,0.6336079239845276
2025-10-16,INFY.NS,1.0024486780166626
2025-10-17,INFY.NS,-0.9006881713867188
2025-10-20,INFY.NS,-1.0016645193099976
2025-10-21,INFY.NS,-1.0999131202697754
2025-10-23,INFY.NS,-0.14143846929073334
2025-10-24,INFY.NS,0.28355756402015686
2025-10-27,INFY.NS,1.3783196210861206
2025-10-28,INFY.NS,0.9857956171035767
2025-10-29,INFY.NS,0.8661580681800842
2025-10-30,INFY.NS,1.1673349142074585
2025-10-31,INFY.NS,1.428417682647705
2025-11-03,INFY.NS,1.2680429220199585
2025-11-04,INFY.NS,1.7576465606689453
2025-11-06,INFY.NS,1.8752539157867432
2025-11-07,INFY.NS,1.4160892963409424
2025-11-10,INFY.NS,0.8811624646186829
2025-11-11,INFY.NS,0.5812283158302307
2025-11-12,INFY.NS,-0.04443136602640152
2025-11-13,INFY.NS,0.5178069472312927
2025-11-14,INFY.NS,1.0071680545806885
2025-11-17,INFY.NS,0.6320840716362
2025-11-18,INFY.NS,0.7240198254585266
2025-11-19,INFY.NS,1.0434013605117798
2025-11-20,INFY.NS,1.5315797328948975
2025-11-21,INFY.NS,1.7477502822875977
2025-11-24,INFY.NS,1.8928303718566895
2025-11-25,INFY.NS,1.7750648260116577
2025-11-26,INFY.NS,1.957915186882019
2025-11-27,INFY.NS,1.895936131477356
2025-07-24,IWM,0.1621202826499939
2025-07-25,IWM,0.40807411074638367
2025-07-28,IWM,0.29947006702423096
2025-07-29,IWM,0.38439658284187317
2025-07-30,IWM,1.157963752746582
2025-07-31,IWM,-0.9430720210075378
2025-08-01,IWM,0.2943504750728607
2025-08-04,IWM,0.2359417974948883
2025-08-05,IWM,1.0466161966323853
2025-08-06,IWM,1.9156864881515503
2025-08-07,IWM,1.8121509552001953
2025-08-08,IWM,1.7638195753097534
2025-08-11,IWM,1.869996428489685
2025-08-12,IWM,-0.36588722467422485
2025-08-13,IWM,-0.3982062041759491
2025-08-14,IWM,-0.5995515584945679
2025-08-15,IWM,0.5503323078155518
2025-08-18,IWM,0.11927659809589386
2025-08-19,IWM,1.1918331384658813
2025-08-20,IWM,0.9356616139411926
2025-08-21,IWM,0.04841643199324608
2025-08-22,IWM,-0.563569188117981
2025-08-25,IWM,0.6551975607872009
2025-08-26,IWM,0.9099667072296143
2025-08-27,IWM,1.111474633216858
2025-08-28,IWM,1.1969473361968994
2025-08-29,IWM,1.2874857187271118
2025-09-02,IWM,1.7209901809692383
2025-09-03,IWM,1.48966646194458
2025-09-04,IWM,1.560943841934204
2025-09-05,IWM,1.557329535484314
2025-09-08,IWM,1.8554103374481201
2025-09-09,IWM,1.879731297492981
2025-09-10,IWM,1.8947606086730957
2025-09-11,IWM,1.1988582611083984
2025-09-12,IWM,0.46091708540916443
2025-09-15,IWM,0.43062472343444824
2025-09-16,IWM,0.30190372467041016
2025-09-17,IWM,0.4983319938182831
2025-09-18,IWM,0.7021301984786987
2025-09-19,IWM,0.6598562002182007
2025-09-22,IWM,0.8125507831573486
2025-09-23,IWM,1.1973572969436646
2025-09-24,IWM,0.2656090259552002
2025-09-25,IWM,0.25081148743629456
2025-09-26,IWM,0.19677674770355225
2025-09-29,IWM,0.23519286513328552
2025-09-30,IWM,0.17545633018016815
2025-10-01,IWM,0.21134410798549652
2025-10-02,IWM,0.9063951969146729
2025-10-03,IWM,1.2364188432693481
2025-10-06,IWM,1.2558860778808594
2025-10-07,IWM,0.313810259103775
2025-10-08,IWM,1.063771367073059
2025-10-09,IWM,0.9733017683029175
2025-10-10,IWM,-0.37151700258255005
2025-10-13,IWM,0.23113581538200378
2025-10-14,IWM,1.3139212131500244
2025-10-15,IWM,0.14444494247436523
2025-10-16,IWM,1.289485216140747
2025-10-17,IWM,1.0094541311264038
2025-10-20,IWM,1.3238821029663086
2025-10-21,IWM,0.5702247619628906
2025-10-22,IWM,1.0293388366699219
2025-10-23,IWM,0.2668165862560272
2025-10-24,IWM,1.297530174255371
2025-10-27,IWM,1.332727313041687
2025-10-28,IWM,1.797286033630371
2025-10-29,IWM,1.6350767612457275
2025-10-30,IWM,-1.5609872341156006
2025-10-31,IWM,-0.4929557144641876
2025-11-03,IWM,0.23397743701934814
2025-11-04,IWM,-1.8472672700881958
2025-11-05,IWM,-1.0831278562545776
2025-11-06,IWM,-0.7998756766319275
2025-11-07,IWM,-0.4641493856906891
2025-11-10,IWM,-1.0970056056976318
2025-11-11,IWM,-0.8667759299278259
2025-11-12,IWM,-0.4483198821544647
2025-11-13,IWM,0.06504958122968674
2025-11-14,IWM,0.9822396636009216
2025-11-17,IWM,0.4044851064682007
2025-11-18,IWM,0.5280691981315613
2025-11-19,IWM,0.3425341248512268
2025-11-20,IWM,0.6435457468032837
2025-11-21,IWM,0.9687566757202148
2025-11-24,IWM,1.083915114402771
2025-11-25,IWM,1.2435932159423828
2025-11-26,IWM,1.5246797800064087
2025-07-24,DX-Y.NYB,-3.00274395942688
2025-07-25,DX-Y.NYB,-2.0939314365386963
2025-07-28,DX-Y.NYB,0.9403943419456482
2025-07-29,DX-Y.NYB,3.2447726726531982
2025-07-30,DX-Y.NYB,1.9298661947250366
2025-07-31,DX-Y.NYB,2.349534034729004
2025-08-01,DX-Y.NYB,2.695629596710205
2025-08-04,DX-Y.NYB,1.5606319904327393
2025-08-05,DX-Y.NYB,0.8057833909988403
2025-08-06,DX-Y.NYB,5.417369365692139
2025-08-07,DX-Y.NYB,1.6316678524017334
2025-08-08,DX-Y.NYB,3.0568337440490723
2025-08-11,DX-Y.NYB,1.4993600845336914
2025-08-12,DX-Y.NYB,2.534939765930176
2025-08-13,DX-Y.NYB,0.49679285287857056
2025-08-14,DX-Y.NYB,0.728408932685852
2025-08-15,DX-Y.NYB,0.4780137538909912
2025-08-18,DX-Y.NYB,-1.0187145471572876
2025-08-19,DX-Y.NYB,-0.8969830274581909
2025-08-20,DX-Y.NYB,-0.03350212052464485
2025-08-21,DX-Y.NYB,5.706172466278076
2025-08-22,DX-Y.NYB,-2.636331558227539
2025-08-25,DX-Y.NYB,3.6963024139404297
2025-08-26,DX-Y.NYB,4.263777732849121
2025-08-27,DX-Y.NYB,3.3385257720947266
2025-08-28,DX-Y.NYB,-2.4464049339294434
2025-08-29,DX-Y.NYB,-4.8292083740234375
2025-09-02,DX-Y.NYB,2.3530282974243164
2025-09-03,DX-Y.NYB,-2.6052277088165283
2025-09-04,DX-Y.NYB,0.469011515378952
2025-09-05,DX-Y.NYB,-6.202767372131348
2025-09-08,DX-Y.NYB,-1.3409978151321411
2025-09-09,DX-Y.NYB,-2.3763091564178467
2025-09-10,DX-Y.NYB,-2.253364086151123
2025-09-11,DX-Y.NYB,-3.8632304668426514
2025-09-12,DX-Y.NYB,-3.061167001724243
2025-09-15,DX-Y.NYB,2.653266191482544
2025-09-16,DX-Y.NYB,0.05775125324726105
2025-09-17,DX-Y.NYB,3.034407615661621
2025-09-18,DX-Y.NYB,2.836747884750366
2025-09-19,DX-Y.NYB,2.492276668548584
2025-09-22,DX-Y.NYB,2.004556655883789
2025-09-23,DX-Y.NYB,1.9271517992019653
2025-09-24,DX-Y.NYB,-2.1679749488830566
2025-09-25,DX-Y.NYB,0.42525914311408997
2025-09-26,DX-Y.NYB,4.355771541595459
2025-09-29,DX-Y.NYB,4.572415828704834
2025-09-30,DX-Y.NYB,4.377849578857422
2025-10-01,DX-Y.NYB,3.6858086585998535
2025-10-02,DX-Y.NYB,0.28354084491729736
2025-10-03,DX-Y.NYB,2.049182176589966
2025-10-06,DX-Y.NYB,2.912224292755127
2025-10-07,DX-Y.NYB,0.34720805287361145
2025-10-08,DX-Y.NYB,-0.24462954699993134
2025-10-09,DX-Y.NYB,-0.5010547637939453
2025-10-10,DX-Y.NYB,2.9179813861846924
2025-10-13,DX-Y.NYB,4.031017303466797
2025-10-14,DX-Y.NYB,5.822987079620361
2025-10-15,DX-Y.NYB,1.3052806854248047
2025-10-16,DX-Y.NYB,0.7612262964248657
2025-10-17,DX-Y.NYB,0.7012035846710205
2025-10-20,DX-Y.NYB,0.9262798428535461
2025-10-21,DX-Y.NYB,3.439896821975708
2025-10-22,DX-Y.NYB,0.4530332386493683
2025-10-23,DX-Y.NYB,2.139495849609375
2025-10-24,DX-Y.NYB,3.297400712966919
2025-10-27,DX-Y.NYB,0.85862135887146
2025-10-28,DX-Y.NYB,0.8046311736106873
2025-10-29,DX-Y.NYB,5.560008525848389
2025-10-30,DX-Y.NYB,3.6792919635772705
2025-10-31,DX-Y.NYB,2.4232027530670166
2025-11-03,DX-Y.NYB,2.8867688179016113
2025-11-04,DX-Y.NYB,2.2137725353240967
2025-11-05,DX-Y.NYB,2.240414619445801
2025-11-06,DX-Y.NYB,1.6000151634216309
2025-11-07,DX-Y.NYB,1.3359748125076294
2025-11-10,DX-Y.NYB,0.892324686050415
2025-11-11,DX-Y.NYB,1.0513123273849487
2025-11-12,DX-Y.NYB,0.9965868592262268
2025-11-13,DX-Y.NYB,3.1991989612579346
2025-11-14,DX-Y.NYB,1.6293232440948486
2025-11-17,DX-Y.NYB,4.695423126220703
2025-11-18,DX-Y.NYB,0.6696101427078247
2025-11-19,DX-Y.NYB,3.710237503051758
2025-11-20,DX-Y.NYB,5.104514122009277
2025-11-21,DX-Y.NYB,5.966799736022949
2025-11-24,DX-Y.NYB,7.326268196105957
2025-11-25,DX-Y.NYB,6.431361675262451
2025-11-26,DX-Y.NYB,9.14452075958252
2025-07-24,AAPL,1.1327391862869263
2025-07-25,AAPL,1.0863274335861206
2025-07-28,AAPL,1.1004153490066528
2025-07-29,AAPL,1.529382586479187
2025-07-30,AAPL,-0.03050166554749012
2025-07-31,AAPL,0.6437960267066956
2025-08-01,AAPL,0.6567595601081848
2025-08-04,AAPL,0.8924345374107361
2025-08-05,AAPL,0.893372118473053
2025-08-06,AAPL,0.47956588864326477
2025-08-07,AAPL,-0.07684478908777237
2025-08-08,AAPL,-0.28631022572517395
2025-08-11,AAPL,-0.2837817668914795
2025-08-12,AAPL,-0.27931931614875793
2025-08-13,AAPL,-0.27267134189605713
2025-08-14,AAPL,0.4953139126300812
2025-08-15,AAPL,0.9134693741798401
2025-08-18,AAPL,1.0731074810028076
2025-08-19,AAPL,1.3352851867675781
2025-08-20,AAPL,1.3846203088760376
2025-08-21,AAPL,1.0514565706253052
2025-08-22,AAPL,1.0565221309661865
2025-08-25,AAPL,0.30250054597854614
2025-08-26,AAPL,0.29054152965545654
2025-08-27,AAPL,0.07944614440202713
2025-08-28,AAPL,1.0747978687286377
2025-08-29,AAPL,1.093462586402893
2025-09-02,AAPL,0.8712037801742554
2025-09-03,AAPL,0.4124405086040497
2025-09-04,AAPL,0.4875604808330536
2025-09-05,AAPL,0.5863018035888672
2025-09-08,AAPL,0.7534768581390381
2025-09-09,AAPL,1.214599609375
2025-09-10,AAPL,0.08840648084878922
2025-09-11,AAPL,0.1964901089668274
2025-09-12,AAPL,0.9065112471580505
2025-09-15,AAPL,0.8604608774185181
2025-09-16,AAPL,0.6009507179260254
2025-09-17,AAPL,0.9804092049598694
2025-09-18,AAPL,1.1658204793930054
2025-09-19,AAPL,0.2354547083377838
2025-09-22,AAPL,-0.07007984071969986
2025-09-23,AAPL,-0.07048410177230835
2025-09-24,AAPL,-0.32117465138435364
2025-09-25,AAPL,0.037116486579179764
2025-09-26,AAPL,0.7369918823242188
2025-09-29,AAPL,1.1202707290649414
2025-09-30,AAPL,0.9712585210800171
2025-10-01,AAPL,1.1276648044586182
2025-10-02,AAPL,1.6851087808609009
2025-10-03,AAPL,1.4713211059570312
2025-10-06,AAPL,1.7480651140213013
2025-10-07,AAPL,1.8250927925109863
2025-10-08,AAPL,1.2955842018127441
2025-10-09,AAPL,-0.4000895023345947
2025-10-10,AAPL,0.1736842393875122
2025-10-13,AAPL,0.12504656612873077
2025-10-14,AAPL,-0.34732115268707275
2025-10-15,AAPL,0.7654534578323364
2025-10-16,AAPL,0.8178411722183228
2025-10-17,AAPL,0.8778654336929321
2025-10-20,AAPL,-0.21305154263973236
2025-10-21,AAPL,0.3130006194114685
2025-10-22,AAPL,0.9852416515350342
2025-10-23,AAPL,0.847350537776947
2025-10-24,AAPL,0.7165481448173523
2025-10-27,AAPL,-0.35335853695869446
2025-10-28,AAPL,0.1984771192073822
2025-10-29,AAPL,0.3474529981613159
2025-10-30,AAPL,-0.1012752428650856
2025-10-31,AAPL,0.502265989780426
2025-11-03,AAPL,0.8978479504585266
2025-11-04,AAPL,1.0846948623657227
2025-11-05,AAPL,0.9700757265090942
2025-11-06,AAPL,0.7639040350914001
2025-11-07,AAPL,1.5800350904464722
2025-11-10,AAPL,1.7796428203582764
2025-11-11,AAPL,0.40545889735221863
2025-11-12,AAPL,0.5026922225952148
2025-11-13,AAPL,0.20893174409866333
2025-11-14,AAPL,0.15287470817565918
2025-11-17,AAPL,0.4163017272949219
2025-11-18,AAPL,0.1373046189546585
2025-11-19,AAPL,0.24549785256385803
2025-11-20,AAPL,-0.08446609228849411
2025-11-21,AAPL,1.0205044746398926
2025-11-24,AAPL,-0.04256587475538254
2025-11-25,AAPL,0.21026408672332764
2025-11-26,AAPL,0.4688740074634552
2025-07-23,RELIANCE.NS,1.4833219051361084
2025-07-24,RELIANCE.NS,1.4856380224227905
2025-07-25,RELIANCE.NS,1.549613118171692
2025-07-28,RELIANCE.NS,2.251232624053955
2025-07-29,RELIANCE.NS,2.323718309402466
2025-07-30,RELIANCE.NS,1.9767680168151855
2025-07-31,RELIANCE.NS,1.348333477973938
2025-08-01,RELIANCE.NS,0.4974261522293091
2025-08-04,RELIANCE.NS,0.8290271162986755
2025-08-05,RELIANCE.NS,-0.4028221666812897
2025-08-06,RELIANCE.NS,-0.5054513216018677
2025-08-07,RELIANCE.NS,-1.0131546258926392
2025-08-08,RELIANCE.NS,-0.07560703903436661
2025-08-11,RELIANCE.NS,1.1161309480667114
2025-08-12,RELIANCE.NS,0.9900972247123718
2025-08-13,RELIANCE.NS,1.26022207736969
2025-08-14,RELIANCE.NS,1.3491837978363037
2025-08-18,RELIANCE.NS,1.908227801322937
2025-08-19,RELIANCE.NS,1.063546061515808
2025-08-20,RELIANCE.NS,2.0795087814331055
2025-08-21,RELIANCE.NS,1.0331199169158936
2025-08-22,RELIANCE.NS,0.9822626113891602
2025-08-25,RELIANCE.NS,0.949313223361969
2025-08-26,RELIANCE.NS,0.5391774773597717
2025-08-28,RELIANCE.NS,0.7604414820671082
2025-08-29,RELIANCE.NS,-1.005014181137085
2025-09-01,RELIANCE.NS,0.8864384889602661
2025-09-02,RELIANCE.NS,-1.323830008506775
2025-09-03,RELIANCE.NS,-0.6919228434562683
2025-09-04,RELIANCE.NS,-0.3650280237197876
2025-09-05,RELIANCE.NS,-1.5895380973815918
2025-09-08,RELIANCE.NS,-1.6380621194839478
2025-09-09,RELIANCE.NS,0.8654084801673889
2025-09-10,RELIANCE.NS,0.7925208806991577
2025-09-11,RELIANCE.NS,0.7479963302612305
2025-09-12,RELIANCE.NS,0.7427854537963867
2025-09-15,RELIANCE.NS,1.7664717435836792
2025-09-16,RELIANCE.NS,1.2092859745025635
2025-09-17,RELIANCE.NS,1.3000144958496094
2025-09-18,RELIANCE.NS,1.2192602157592773
2025-09-19,RELIANCE.NS,1.1910974979400635
2025-09-22,RELIANCE.NS,1.2061634063720703
2025-09-23,RELIANCE.NS,0.9472212791442871
2025-09-24,RELIANCE.NS,-1.0083550214767456
2025-09-25,RELIANCE.NS,-1.2405054569244385
2025-09-26,RELIANCE.NS,-1.0967010259628296
2025-09-29,RELIANCE.NS,-1.5294245481491089
2025-09-30,RELIANCE.NS,-0.3036358654499054
2025-10-01,RELIANCE.NS,-1.066902756690979
2025-10-03,RELIANCE.NS,0.4682955741882324
2025-10-06,RELIANCE.NS,-0.39924386143684387
2025-10-07,RELIANCE.NS,-0.4831236004829407
2025-10-08,RELIANCE.NS,0.5902184844017029
2025-10-09,RELIANCE.NS,0.31174227595329285
2025-10-10,RELIANCE.NS,1.2177753448486328
2025-10-13,RELIANCE.NS,0.04600531607866287
2025-10-14,RELIANCE.NS,-1.5574257373809814
2025-10-15,RELIANCE.NS,-0.43415147066116333
2025-10-16,RELIANCE.NS,2.2542316913604736
2025-10-17,RELIANCE.NS,-0.4270854890346527
2025-10-20,RELIANCE.NS,-0.5024961233139038
2025-10-21,RELIANCE.NS,-0.5037031769752502
2025-10-23,RELIANCE.NS,-0.6053696870803833
2025-10-24,RELIANCE.NS,0.21085940301418304
2025-10-27,RELIANCE.NS,-0.2751006782054901
2025-10-28,RELIANCE.NS,0.3201180100440979
2025-10-29,RELIANCE.NS,0.03312825784087181
2025-10-30,RELIANCE.NS,0.2248992770910263
2025-10-31,RELIANCE.NS,0.9627150297164917
2025-11-03,RELIANCE.NS,1.2112741470336914
2025-11-04,RELIANCE.NS,1.8743221759796143
2025-11-06,RELIANCE.NS,1.278178334236145
2025-11-07,RELIANCE.NS,1.4896420240402222
2025-11-10,RELIANCE.NS,0.29331016540527344
2025-11-11,RELIANCE.NS,0.40057069063186646
2025-11-12,RELIANCE.NS,0.6029365658760071
2025-11-13,RELIANCE.NS,0.6693201065063477
2025-11-14,RELIANCE.NS,0.3508625030517578
2025-11-17,RELIANCE.NS,0.3653309643268585
2025-11-18,RELIANCE.NS,0.384846955537796
2025-11-19,RELIANCE.NS,1.7404791116714478
2025-11-20,RELIANCE.NS,0.6254960298538208
2025-11-21,RELIANCE.NS,-0.44478461146354675
2025-11-24,RELIANCE.NS,-0.21018867194652557
2025-11-25,RELIANCE.NS,-0.21276812255382538
2025-11-26,RELIANCE.NS,0.5937384366989136
2025-11-27,RELIANCE.NS,-0.4878762662410736
2025-07-24,NVDA,0.39527589082717896
2025-07-25,NVDA,0.6630504131317139
2025-07-28,NVDA,0.3993450403213501
2025-07-29,NVDA,0.4841856360435486
2025-07-30,NVDA,0.26739880442619324
2025-07-31,NVDA,0.40998733043670654
2025-08-01,NVDA,0.23467917740345
2025-08-04,NVDA,0.19122624397277832
2025-08-05,NVDA,0.19553399085998535
2025-08-06,NVDA,0.6362243294715881
2025-08-07,NVDA,0.5667665004730225
2025-08-08,NVDA,0.36003848910331726
2025-08-11,NVDA,0.24927933514118195
2025-08-12,NVDA,0.37102875113487244
2025-08-13,NVDA,0.5001189708709717
2025-08-14,NVDA,0.5612878799438477
2025-08-15,NVDA,0.6377173662185669
2025-08-18,NVDA,0.6440128684043884
2025-08-19,NVDA,-0.10300428420305252
2025-08-20,NVDA,-0.2696458399295807
2025-08-21,NVDA,-0.3778279423713684
2025-08-22,NVDA,-0.1893504410982132
2025-08-25,NVDA,-0.036181509494781494
2025-08-26,NVDA,0.06936587393283844
2025-08-27,NVDA,0.5777668356895447
2025-08-28,NVDA,0.73763507604599
2025-08-29,NVDA,0.07720144838094711
2025-09-02,NVDA,0.05627283453941345
2025-09-03,NVDA,0.21091513335704803
2025-09-04,NVDA,-0.1261969953775406
2025-09-05,NVDA,0.23537282645702362
2025-09-08,NVDA,0.18141892552375793
2025-09-09,NVDA,-0.2924763560295105
2025-09-10,NVDA,0.43818560242652893
2025-09-11,NVDA,0.49583449959754944
2025-09-12,NVDA,0.6137897968292236
2025-09-15,NVDA,0.6735762357711792
2025-09-16,NVDA,0.7517009377479553
2025-09-17,NVDA,-0.4304162859916687
2025-09-18,NVDA,0.7343937158584595
2025-09-19,NVDA,0.936845600605011
2025-09-22,NVDA,0.7288558483123779
2025-09-23,NVDA,0.48302391171455383
2025-09-24,NVDA,0.3863851726055145
2025-09-25,NVDA,-0.09451401978731155
2025-09-26,NVDA,0.0035878708586096764
2025-09-29,NVDA,0.4202643632888794
2025-09-30,NVDA,-0.16936996579170227
2025-10-01,NVDA,0.35010266304016113
2025-10-02,NVDA,0.3613552749156952
2025-10-03,NVDA,0.6478086709976196
2025-10-06,NVDA,1.0887393951416016
2025-10-07,NVDA,0.5624410510063171
2025-10-08,NVDA,1.031173586845398
2025-10-09,NVDA,0.6391282081604004
2025-10-10,NVDA,0.3582717478275299
2025-10-13,NVDA,0.13183408975601196
2025-10-14,NVDA,0.25418856739997864
2025-10-15,NVDA,0.09571512788534164
2025-10-16,NVDA,0.007002003025263548
2025-10-17,NVDA,0.16766995191574097
2025-10-20,NVDA,0.2580893635749817
2025-10-21,NVDA,0.09214262664318085
2025-10-22,NVDA,-0.04769456386566162
2025-10-23,NVDA,-0.04967108368873596
2025-10-24,NVDA,0.9957045912742615
2025-10-27,NVDA,0.7889069318771362
2025-10-28,NVDA,0.3023466467857361
2025-10-29,NVDA,0.22713571786880493
2025-10-30,NVDA,0.16207483410835266
2025-10-31,NVDA,-0.04696982726454735
2025-11-03,NVDA,0.5629532337188721
2025-11-04,NVDA,0.6573116779327393
2025-11-05,NVDA,0.5780819654464722
2025-11-06,NVDA,0.40244296193122864
2025-11-07,NVDA,0.32704854011535645
2025-11-10,NVDA,0.743754506111145
2025-11-11,NVDA,0.1413678526878357
2025-11-12,NVDA,-0.03443519398570061
2025-11-13,NVDA,0.052353303879499435
2025-11-14,NVDA,-0.0981600359082222
2025-11-17,NVDA,-0.12441510707139969
2025-11-18,NVDA,-0.04110734909772873
2025-11-19,NVDA,-0.5885376930236816
2025-11-20,NVDA,0.04545358195900917
2025-11-21,NVDA,-0.03677723556756973
2025-11-24,NVDA,-0.5646734833717346
2025-11-25,NVDA,-0.21765896677970886
2025-11-26,NVDA,-0.3598267138004303
2025-07-24,EEM,0.37222820520401
2025-07-25,EEM,0.3155583143234253
2025-07-28,EEM,0.6767920255661011
2025-07-29,EEM,0.3774949610233307
2025-07-30,EEM,1.3087958097457886
2025-07-31,EEM,0.24158048629760742
2025-08-01,EEM,-0.7421461939811707
2025-08-04,EEM,-0.2907565236091614
2025-08-05,EEM,-0.5388659834861755
2025-08-06,EEM,-0.459011048078537
2025-08-07,EEM,-0.40379828214645386
2025-08-08,EEM,0.24712179601192474
2025-08-11,EEM,1.1341606378555298
2025-08-12,EEM,0.4300590753555298
2025-08-13,EEM,-0.5133370161056519
2025-08-14,EEM,0.6883900761604309
2025-08-15,EEM,-0.24445176124572754
2025-08-18,EEM,-0.3526372015476227
2025-08-19,EEM,1.0552783012390137
2025-08-20,EEM,0.5098164081573486
2025-08-21,EEM,-0.45053571462631226
2025-08-22,EEM,0.5952582955360413
2025-08-25,EEM,0.7293580770492554
2025-08-26,EEM,0.6538742780685425
2025-08-27,EEM,0.27106884121894836
2025-08-28,EEM,0.08846255391836166
2025-08-29,EEM,0.5164839029312134
2025-09-02,EEM,0.8887373208999634
2025-09-03,EEM,1.0705591440200806
2025-09-04,EEM,0.7516931891441345
2025-09-05,EEM,2.385087490081787
2025-09-08,EEM,1.1460436582565308
2025-09-09,EEM,1.0202480554580688
2025-09-10,EEM,0.9532723426818848
2025-09-11,EEM,0.9359797835350037
2025-09-12,EEM,0.9264504909515381
2025-09-15,EEM,0.8828073143959045
2025-09-16,EEM,1.3833611011505127
2025-09-17,EEM,1.1693154573440552
2025-09-18,EEM,1.787066102027893
2025-09-19,EEM,2.6100363731384277
2025-09-22,EEM,3.2038090229034424
2025-09-23,EEM,3.828977584838867
2025-09-24,EEM,3.650958299636841
2025-09-25,EEM,3.550877094268799
2025-09-26,EEM,2.08713960647583
2025-09-29,EEM,2.5737829208374023
2025-09-30,EEM,2.2433900833129883
2025-10-01,EEM,2.263521194458008
2025-10-02,EEM,0.9704340696334839
2025-10-03,EEM,0.6971918344497681
2025-10-06,EEM,0.5097605586051941
2025-10-07,EEM,0.5278013348579407
2025-10-08,EEM,0.6411182284355164
2025-10-09,EEM,1.3522720336914062
2025-10-10,EEM,0.08053293079137802
2025-10-13,EEM,0.3704374134540558
2025-10-14,EEM,1.6447187662124634
2025-10-15,EEM,0.5605015754699707
2025-10-16,EEM,0.5615398287773132
2025-10-17,EEM,1.7411985397338867
2025-10-20,EEM,1.4051434993743896
2025-10-21,EEM,1.7877012491226196
2025-10-22,EEM,1.9601612091064453
2025-10-23,EEM,1.6149381399154663
2025-10-24,EEM,1.2992757558822632
2025-10-27,EEM,-0.3872617185115814
2025-10-28,EEM,0.29643210768699646
2025-10-29,EEM,-0.04996579512953758
2025-10-30,EEM,0.1878127157688141
2025-10-31,EEM,1.5346159934997559
2025-11-03,EEM,0.4391201436519623
2025-11-04,EEM,-0.47407177090644836
2025-11-05,EEM,0.7369419932365417
2025-11-06,EEM,0.39834797382354736
2025-11-07,EEM,1.1566883325576782
2025-11-10,EEM,2.6772212982177734
2025-11-11,EEM,2.666325569152832
2025-11-12,EEM,1.2489920854568481
2025-11-13,EEM,0.5710434317588806
2025-11-14,EEM,1.0157185792922974
2025-11-17,EEM,-0.6938778162002563
2025-11-18,EEM,-0.7842586040496826
2025-11-19,EEM,-0.17437595129013062
2025-11-20,EEM,1.4728554487228394
2025-11-21,EEM,1.2608838081359863
2025-11-24,EEM,0.5190149545669556
2025-11-25,EEM,1.8077876567840576
2025-11-26,EEM,1.3794435262680054
2025-07-24,TLT,2.188836097717285
2025-07-25,TLT,2.46571683883667
2025-07-28,TLT,2.907749652862549
2025-07-29,TLT,4.099149703979492
2025-07-30,TLT,2.504981279373169
2025-07-31,TLT,2.0110630989074707
2025-08-01,TLT,-0.6264849305152893
2025-08-04,TLT,-0.7390289902687073
2025-08-05,TLT,-0.41051602363586426
2025-08-06,TLT,1.652396559715271
2025-08-07,TLT,1.2933616638183594
2025-08-08,TLT,0.717001736164093
2025-08-11,TLT,2.025815725326538
2025-08-12,TLT,1.9799108505249023
2025-08-13,TLT,2.3301494121551514
2025-08-14,TLT,2.5839169025421143
2025-08-15,TLT,0.16631612181663513
2025-08-18,TLT,0.3023090660572052
2025-08-19,TLT,-0.7591593265533447
2025-08-20,TLT,-0.2533263862133026
2025-08-21,TLT,0.4091704785823822
2025-08-22,TLT,0.10874395072460175
2025-08-25,TLT,2.406219482421875
2025-08-26,TLT,2.916945457458496
2025-08-27,TLT,2.819633960723877
2025-08-28,TLT,3.7873761653900146
2025-08-29,TLT,1.3971322774887085
2025-09-02,TLT,-0.19161856174468994
2025-09-03,TLT,3.9732017517089844
2025-09-04,TLT,3.112344980239868
2025-09-05,TLT,-0.35253143310546875
2025-09-08,TLT,-0.3541238009929657
2025-09-09,TLT,-0.35342103242874146
2025-09-10,TLT,-0.35229331254959106
2025-09-11,TLT,-0.40674006938934326
2025-09-12,TLT,2.4503560066223145
2025-09-15,TLT,2.6508827209472656
2025-09-16,TLT,2.892902374267578
2025-09-17,TLT,3.3992910385131836
2025-09-18,TLT,3.7212343215942383
2025-09-19,TLT,3.3467767238616943
2025-09-22,TLT,1.3487733602523804
2025-09-23,TLT,0.5294671654701233
2025-09-24,TLT,1.0362975597381592
2025-09-25,TLT,0.7220104336738586
2025-09-26,TLT,-0.04884371906518936
2025-09-29,TLT,2.5136640071868896
2025-09-30,TLT,0.5139507055282593
2025-10-01,TLT,1.12607741355896
2025-10-02,TLT,1.0752646923065186
2025-10-03,TLT,2.8301169872283936
2025-10-06,TLT,0.3438834846019745
2025-10-07,TLT,3.775336742401123
2025-10-08,TLT,3.7094366550445557
2025-10-09,TLT,2.8283472061157227
2025-10-10,TLT,1.4967751502990723
2025-10-13,TLT,1.446422815322876
2025-10-14,TLT,1.2976826429367065
2025-10-15,TLT,2.037694215774536
2025-10-16,TLT,1.2789582014083862
2025-10-17,TLT,3.043070077896118
2025-10-20,TLT,3.163550615310669
2025-10-21,TLT,2.0871336460113525
2025-10-22,TLT,3.1829140186309814
2025-10-23,TLT,3.8749189376831055
2025-10-24,TLT,3.120684862136841
2025-10-27,TLT,3.5093142986297607
2025-10-28,TLT,3.2046358585357666
2025-10-29,TLT,0.09007573872804642
2025-10-30,TLT,1.2518179416656494
2025-10-31,TLT,0.31661832332611084
2025-11-03,TLT,-0.9402183294296265
2025-11-04,TLT,-1.5857353210449219
2025-11-05,TLT,2.5016698837280273
2025-11-06,TLT,1.43129563331604
2025-11-07,TLT,2.484419822692871
2025-11-10,TLT,2.9334752559661865
2025-11-11,TLT,3.1124188899993896
2025-11-12,TLT,3.2090094089508057
2025-11-13,TLT,2.1746678352355957
2025-11-14,TLT,3.6616337299346924
2025-11-17,TLT,0.6812485456466675
2025-11-18,TLT,0.645551860332489
2025-11-19,TLT,1.016196608543396
2025-11-20,TLT,-0.7556374073028564
2025-11-21,TLT,-0.37951725721359253
2025-11-24,TLT,3.1814301013946533
2025-11-25,TLT,3.7007172107696533
2025-11-26,TLT,1.0601887702941895
2025-07-24,MSFT,0.23345357179641724
2025-07-25,MSFT,0.23896543681621552
2025-07-28,MSFT,0.25877878069877625
2025-07-29,MSFT,0.787406325340271
2025-07-30,MSFT,0.5848941206932068
2025-07-31,MSFT,0.627007246017456
2025-08-01,MSFT,0.5322242975234985
2025-08-04,MSFT,0.622868001461029
2025-08-05,MSFT,0.21040105819702148
2025-08-06,MSFT,0.09108945727348328
2025-08-07,MSFT,0.4476813077926636
2025-08-08,MSFT,0.47810661792755127
2025-08-11,MSFT,0.42914292216300964
2025-08-12,MSFT,0.5375429391860962
2025-08-13,MSFT,0.208512082695961
2025-08-14,MSFT,0.25020632147789
2025-08-15,MSFT,0.2596978545188904
2025-08-18,MSFT,0.5621219277381897
2025-08-19,MSFT,-0.48014822602272034
2025-08-20,MSFT,0.6791890263557434
2025-08-21,MSFT,0.2197817713022232
2025-08-22,MSFT,0.28313761949539185
2025-08-25,MSFT,0.07481998950242996
2025-08-26,MSFT,0.09780430048704147
2025-08-27,MSFT,-1.134395956993103
2025-08-28,MSFT,-0.5672925114631653
2025-08-29,MSFT,-0.34648922085762024
2025-09-02,MSFT,0.5772874355316162
2025-09-03,MSFT,0.2608920633792877
2025-09-04,MSFT,0.9942842125892639
2025-09-05,MSFT,1.0108742713928223
2025-09-08,MSFT,0.4119035601615906
2025-09-09,MSFT,1.0458248853683472
2025-09-10,MSFT,1.0978918075561523
2025-09-11,MSFT,1.2640076875686646
2025-09-12,MSFT,1.7252980470657349
2025-09-15,MSFT,0.2596328556537628
2025-09-16,MSFT,0.8001527786254883
2025-09-17,MSFT,0.2150290459394455
2025-09-18,MSFT,0.606097936630249
2025-09-19,MSFT,-0.46328529715538025
2025-09-22,MSFT,0.6096321940422058
2025-09-23,MSFT,1.105185866355896
2025-09-24,MSFT,0.6954110860824585
2025-09-25,MSFT,-0.7279559373855591
2025-09-26,MSFT,-0.7717866897583008
2025-09-29,MSFT,0.14388829469680786
2025-09-30,MSFT,0.2631104588508606
2025-10-01,MSFT,0.268891304731369
2025-10-02,MSFT,-0.6580368280410767
2025-10-03,MSFT,0.6569657325744629
2025-10-06,MSFT,0.6940100789070129
2025-10-07,MSFT,1.1907755136489868
2025-10-08,MSFT,1.1961253881454468
2025-10-09,MSFT,0.3101767897605896
2025-10-10,MSFT,0.41610607504844666
2025-10-13,MSFT,0.6625027060508728
2025-10-14,MSFT,0.5978818535804749
2025-10-15,MSFT,0.26946255564689636
2025-10-16,MSFT,0.02207196317613125
2025-10-17,MSFT,-0.24977564811706543
2025-10-20,MSFT,0.5556601285934448
2025-10-21,MSFT,0.4086530804634094
2025-10-22,MSFT,0.9069294929504395
2025-10-23,MSFT,0.2805945873260498
2025-10-24,MSFT,1.7390193939208984
2025-10-27,MSFT,0.44468292593955994
2025-10-28,MSFT,0.5375854969024658
2025-10-29,MSFT,0.5212261080741882
2025-10-30,MSFT,0.5479017496109009
2025-10-31,MSFT,1.096155047416687
2025-11-03,MSFT,0.5650221109390259
2025-11-04,MSFT,-0.45307350158691406
2025-11-05,MSFT,0.3718617558479309
2025-11-06,MSFT,1.420050859451294
2025-11-07,MSFT,1.3797550201416016
2025-11-10,MSFT,0.025829633697867393
2025-11-11,MSFT,0.6532494425773621
2025-11-12,MSFT,0.9887529611587524
2025-11-13,MSFT,1.3281898498535156
2025-11-14,MSFT,1.0279579162597656
2025-11-17,MSFT,1.8216221332550049
2025-11-18,MSFT,0.44868597388267517
2025-11-19,MSFT,0.9362120628356934
2025-11-20,MSFT,1.0563781261444092
2025-11-21,MSFT,0.9367153644561768
2025-11-24,MSFT,1.0116807222366333
2025-11-25,MSFT,1.0467190742492676
2025-11-26,MSFT,1.2675868272781372
2025-07-24,QQQ,0.38125157356262207
2025-07-25,QQQ,0.23766498267650604
2025-07-28,QQQ,0.24653621017932892
2025-07-29,QQQ,0.7342413663864136
2025-07-30,QQQ,1.0182877779006958
2025-07-31,QQQ,0.6610572338104248
2025-08-01,QQQ,-0.8219806551933289
2025-08-04,QQQ,1.0205702781677246
2025-08-05,QQQ,0.46151119470596313
2025-08-06,QQQ,0.7697205543518066
2025-08-07,QQQ,0.9918991327285767
2025-08-08,QQQ,0.5598777532577515
2025-08-11,QQQ,0.5081746578216553
2025-08-12,QQQ,0.31915438175201416
2025-08-13,QQQ,0.3954288065433502
2025-08-14,QQQ,0.3697144091129303
2025-08-15,QQQ,1.5222489833831787
2025-08-18,QQQ,1.6736361980438232
2025-08-19,QQQ,2.15554141998291
2025-08-20,QQQ,2.3556013107299805
2025-08-21,QQQ,-0.7561330795288086
2025-08-22,QQQ,0.11928783357143402
2025-08-25,QQQ,-0.6764729022979736
2025-08-26,QQQ,-0.69159996509552
2025-08-27,QQQ,-0.5398963093757629
2025-08-28,QQQ,-0.2501032054424286
2025-08-29,QQQ,1.1029118299484253
2025-09-02,QQQ,-0.05375967547297478
2025-09-03,QQQ,0.4053925573825836
2025-09-04,QQQ,1.2070071697235107
2025-09-05,QQQ,1.7115424871444702
2025-09-08,QQQ,1.7467116117477417
2025-09-09,QQQ,1.5865228176116943
2025-09-10,QQQ,1.61989164352417
2025-09-11,QQQ,1.0277916193008423
2025-09-12,QQQ,0.019528962671756744
2025-09-15,QQQ,0.2630208730697632
2025-09-16,QQQ,0.44777634739875793
2025-09-17,QQQ,1.2090750932693481
2025-09-18,QQQ,0.2830745577812195
2025-09-19,QQQ,0.7541797757148743
2025-09-22,QQQ,1.0080056190490723
2025-09-23,QQQ,0.6163568496704102
2025-09-24,QQQ,0.9894858598709106
2025-09-25,QQQ,0.46161869168281555
2025-09-26,QQQ,0.5192154049873352
2025-09-29,QQQ,0.5597705245018005
2025-09-30,QQQ,0.3711729645729065
2025-10-01,QQQ,0.6542714834213257
2025-10-02,QQQ,0.4698007106781006
2025-10-03,QQQ,0.7660485506057739
2025-10-06,QQQ,0.4409816861152649
2025-10-07,QQQ,0.28406769037246704
2025-10-08,QQQ,1.210004448890686
2025-10-09,QQQ,0.3915282189846039
2025-10-10,QQQ,-0.22523267567157745
2025-10-13,QQQ,1.1165452003479004
2025-10-14,QQQ,0.47857019305229187
2025-10-15,QQQ,0.34615060687065125
2025-10-16,QQQ,0.44144245982170105
2025-10-17,QQQ,0.3146486282348633
2025-10-20,QQQ,1.0887619256973267
2025-10-21,QQQ,1.1077606678009033
2025-10-22,QQQ,0.9877659678459167
2025-10-23,QQQ,1.4260480403900146
2025-10-24,QQQ,0.48196813464164734
2025-10-27,QQQ,-0.014352538622915745
2025-10-28,QQQ,-0.015838494524359703
2025-10-29,QQQ,-0.020742671564221382
2025-10-30,QQQ,0.039528656750917435
2025-10-31,QQQ,-0.20059530436992645
2025-11-03,QQQ,0.21083003282546997
2025-11-04,QQQ,0.30815640091896057
2025-11-05,QQQ,1.0231653451919556
2025-11-06,QQQ,1.2122069597244263
2025-11-07,QQQ,0.5427200794219971
2025-11-10,QQQ,2.0142712593078613
2025-11-11,QQQ,1.0324935913085938
2025-11-12,QQQ,0.40133747458457947
2025-11-13,QQQ,-0.34520474076271057
2025-11-14,QQQ,-0.7569004893302917
2025-11-17,QQQ,-0.17747066915035248
2025-11-18,QQQ,0.6586567163467407
2025-11-19,QQQ,0.48344773054122925
2025-11-20,QQQ,1.3446422815322876
2025-11-21,QQQ,0.7284588813781738
2025-11-24,QQQ,0.837409496307373
2025-11-25,QQQ,0.7888503670692444
2025-11-26,QQQ,1.0826395750045776
2025-07-23,USDINR=X,-0.7549000978469849
2025-07-24,USDINR=X,0.05848181992769241
2025-07-25,USDINR=X,3.103100538253784
2025-07-28,USDINR=X,3.095496892929077
2025-07-29,USDINR=X,3.2260024547576904
2025-07-30,USDINR=X,2.659654140472412
2025-07-31,USDINR=X,3.2464730739593506
2025-08-01,USDINR=X,2.940077066421509
2025-08-04,USDINR=X,-0.41641104221343994
2025-08-05,USDINR=X,2.5502095222473145
2025-08-06,USDINR=X,2.9922986030578613
2025-08-07,USDINR=X,3.916438579559326
2025-08-08,USDINR=X,5.426955223083496
2025-08-11,USDINR=X,3.4871366024017334
2025-08-12,USDINR=X,4.5625529289245605
2025-08-13,USDINR=X,6.993063926696777
2025-08-14,USDINR=X,5.28896951675415
2025-08-15,USDINR=X,1.911070466041565
2025-08-18,USDINR=X,0.5110854506492615
2025-08-19,USDINR=X,0.9108625054359436
2025-08-20,USDINR=X,1.1736886501312256
2025-08-21,USDINR=X,-2.5829246044158936
2025-08-22,USDINR=X,-1.4055747985839844
2025-08-25,USDINR=X,1.7023205757141113
2025-08-26,USDINR=X,5.072513580322266
2025-08-27,USDINR=X,8.549477577209473
2025-08-28,USDINR=X,9.320359230041504
2025-08-29,USDINR=X,8.653607368469238
2025-09-01,USDINR=X,-0.6356735229492188
2025-09-02,USDINR=X,1.2239865064620972
2025-09-03,USDINR=X,2.434774160385132
2025-09-04,USDINR=X,2.1177334785461426
2025-09-05,USDINR=X,4.254422187805176
2025-09-08,USDINR=X,6.364162921905518
2025-09-09,USDINR=X,9.836459159851074
2025-09-10,USDINR=X,5.567647457122803
2025-09-11,USDINR=X,7.956873893737793
2025-09-12,USDINR=X,8.57892894744873
2025-09-15,USDINR=X,11.678098678588867
2025-09-16,USDINR=X,6.902172088623047
2025-09-17,USDINR=X,2.2475717067718506
2025-09-18,USDINR=X,2.288426637649536
2025-09-19,USDINR=X,4.957879543304443
2025-09-22,USDINR=X,1.1285957098007202
2025-09-23,USDINR=X,7.93182897567749
2025-09-24,USDINR=X,3.6463654041290283
2025-09-25,USDINR=X,3.519111156463623
2025-09-26,USDINR=X,4.79678201675415
2025-09-29,USDINR=X,4.4436235427856445
2025-09-30,USDINR=X,2.9033584594726562
2025-10-01,USDINR=X,4.810107707977295
2025-10-02,USDINR=X,9.030168533325195
2025-10-03,USDINR=X,9.732276916503906
2025-10-06,USDINR=X,10.27906322479248
2025-10-07,USDINR=X,11.37295913696289
2025-10-08,USDINR=X,9.162632942199707
2025-10-09,USDINR=X,12.124918937683105
2025-10-10,USDINR=X,8.74744701385498
2025-10-13,USDINR=X,-2.4938242435455322
2025-10-14,USDINR=X,-0.20406876504421234
2025-10-15,USDINR=X,5.943111896514893
2025-10-16,USDINR=X,-2.09366774559021
2025-10-17,USDINR=X,2.765845537185669
2025-10-20,USDINR=X,7.479246616363525
2025-10-21,USDINR=X,4.382233619689941
2025-10-22,USDINR=X,10.243691444396973
2025-10-23,USDINR=X,7.624850273132324
2025-10-24,USDINR=X,1.717990756034851
2025-10-27,USDINR=X,-1.5596345663070679
2025-10-28,USDINR=X,-3.0419788360595703
2025-10-29,USDINR=X,1.5680007934570312
2025-10-30,USDINR=X,5.559155464172363
2025-10-31,USDINR=X,6.2892937660217285
2025-11-03,USDINR=X,5.5663743019104
2025-11-04,USDINR=X,3.8010268211364746
2025-11-05,USDINR=X,9.19162368774414
2025-11-06,USDINR=X,8.65234375
2025-11-07,USDINR=X,9.005763053894043
2025-11-10,USDINR=X,8.963168144226074
2025-11-11,USDINR=X,9.485098838806152
2025-11-12,USDINR=X,7.496407508850098
2025-11-13,USDINR=X,5.576530456542969
2025-11-14,USDINR=X,1.8835890293121338
2025-11-17,USDINR=X,2.9373085498809814
2025-11-18,USDINR=X,0.6722239851951599
2025-11-19,USDINR=X,-0.08982360363006592
2025-11-20,USDINR=X,4.423742771148682
2025-11-21,USDINR=X,5.797807693481445
2025-11-24,USDINR=X,5.59365701675415
2025-11-25,USDINR=X,3.5933027267456055
2025-11-26,USDINR=X,2.9849562644958496
2025-11-27,USDINR=X,3.0086169242858887
2025-07-24,GOOGL,0.2961883544921875
2025-07-25,GOOGL,0.2465418428182602
2025-07-28,GOOGL,0.6371651887893677
2025-07-29,GOOGL,0.3035806715488434
2025-07-30,GOOGL,0.17856918275356293
2025-07-31,GOOGL,0.5566992163658142
2025-08-01,GOOGL,0.20632697641849518
2025-08-04,GOOGL,0.18481652438640594
2025-08-05,GOOGL,0.3189683258533478
2025-08-06,GOOGL,0.9273343086242676
2025-08-07,GOOGL,0.7825490832328796
2025-08-08,GOOGL,0.6482421159744263
2025-08-11,GOOGL,0.28229278326034546
2025-08-12,GOOGL,0.6027905344963074
2025-08-13,GOOGL,0.25501346588134766
2025-08-14,GOOGL,0.3724861145019531
2025-08-15,GOOGL,0.44346535205841064
2025-08-18,GOOGL,1.3657810688018799
2025-08-19,GOOGL,1.699811577796936
2025-08-20,GOOGL,1.443100094795227
2025-08-21,GOOGL,0.21715928614139557
2025-08-22,GOOGL,0.523797333240509
2025-08-25,GOOGL,0.7459390759468079
2025-08-26,GOOGL,0.2486651986837387
2025-08-27,GOOGL,0.20856937766075134
2025-08-28,GOOGL,0.4929470717906952
2025-08-29,GOOGL,0.4458003342151642
2025-09-02,GOOGL,0.19546465575695038
2025-09-03,GOOGL,0.4760061800479889
2025-09-04,GOOGL,0.4787003695964813
2025-09-05,GOOGL,0.4807862341403961
2025-09-08,GOOGL,-0.22202570736408234
2025-09-09,GOOGL,-0.269951194524765
2025-09-10,GOOGL,-0.1364816278219223
2025-09-11,GOOGL,0.30875280499458313
2025-09-12,GOOGL,1.008110761642456
2025-09-15,GOOGL,-0.2442960888147354
2025-09-16,GOOGL,0.30501899123191833
2025-09-17,GOOGL,0.6076905131340027
2025-09-18,GOOGL,0.8104912638664246
2025-09-19,GOOGL,0.5713348984718323
2025-09-22,GOOGL,0.40536877512931824
2025-09-23,GOOGL,0.7134672403335571
2025-09-24,GOOGL,0.42531564831733704
2025-09-25,GOOGL,0.37929099798202515
2025-09-26,GOOGL,0.37390071153640747
2025-09-29,GOOGL,0.15176652371883392
2025-09-30,GOOGL,1.0240129232406616
2025-10-01,GOOGL,0.8344665169715881
2025-10-02,GOOGL,0.8465227484703064
2025-10-03,GOOGL,1.2282068729400635
2025-10-06,GOOGL,1.5539239645004272
2025-10-07,GOOGL,1.6276617050170898
2025-10-08,GOOGL,1.2755591869354248
2025-10-09,GOOGL,-0.15805435180664062
2025-10-10,GOOGL,0.9150026440620422
2025-10-13,GOOGL,1.0589771270751953
2025-10-14,GOOGL,1.51751708984375
2025-10-15,GOOGL,1.1034998893737793
2025-10-16,GOOGL,1.441429615020752
2025-10-17,GOOGL,0.9092687964439392
2025-10-20,GOOGL,-0.19992594420909882
2025-10-21,GOOGL,0.15711010992527008
2025-10-22,GOOGL,-0.044247858226299286
2025-10-23,GOOGL,-0.06117760017514229
2025-10-24,GOOGL,-0.2185829132795334
2025-10-27,GOOGL,-0.31964224576950073
2025-10-28,GOOGL,-0.3243381381034851
2025-10-29,GOOGL,-0.3136456310749054
2025-10-30,GOOGL,-0.2789407968521118
2025-10-31,GOOGL,-0.38878220319747925
2025-11-03,GOOGL,-0.3964764475822449
2025-11-04,GOOGL,0.05899662896990776
2025-11-05,GOOGL,0.17616134881973267
2025-11-06,GOOGL,0.40688031911849976
2025-11-07,GOOGL,1.0994272232055664
2025-11-10,GOOGL,0.15274782478809357
2025-11-11,GOOGL,0.23362186551094055
2025-11-12,GOOGL,0.3557809293270111
2025-11-13,GOOGL,0.1838197261095047
2025-11-14,GOOGL,0.21166780591011047
2025-11-17,GOOGL,0.11803710460662842
2025-11-18,GOOGL,0.008125083521008492
2025-11-19,GOOGL,0.444168359041214
2025-11-20,GOOGL,0.19576917588710785
2025-11-21,GOOGL,0.5572901964187622
2025-11-24,GOOGL,0.4822463095188141
2025-11-25,GOOGL,0.48432016372680664
2025-11-26,GOOGL,0.43257007002830505
2025-07-23,GBPUSD=X,4.199062824249268
2025-07-24,GBPUSD=X,3.893254518508911
2025-07-25,GBPUSD=X,3.506859064102173
2025-07-28,GBPUSD=X,-3.1603081226348877
2025-07-29,GBPUSD=X,-1.5448890924453735
2025-07-30,GBPUSD=X,0.5400910377502441
2025-07-31,GBPUSD=X,1.8889174461364746
2025-08-01,GBPUSD=X,1.8480144739151
2025-08-04,GBPUSD=X,1.108273983001709
2025-08-05,GBPUSD=X,0.3374307453632355
2025-08-06,GBPUSD=X,1.020615816116333
2025-08-07,GBPUSD=X,0.9553187489509583
2025-08-08,GBPUSD=X,0.8227678537368774
2025-08-11,GBPUSD=X,1.6832901239395142
2025-08-12,GBPUSD=X,3.33534574508667
2025-08-13,GBPUSD=X,5.023860931396484
2025-08-14,GBPUSD=X,1.3288377523422241
2025-08-15,GBPUSD=X,5.641571044921875
2025-08-18,GBPUSD=X,5.490804672241211
2025-08-19,GBPUSD=X,6.197098255157471
2025-08-20,GBPUSD=X,5.406801700592041
2025-08-21,GBPUSD=X,0.14047890901565552
2025-08-22,GBPUSD=X,-2.142317056655884
2025-08-25,GBPUSD=X,-1.3504388332366943
2025-08-26,GBPUSD=X,-2.365065336227417
2025-08-27,GBPUSD=X,0.701126754283905
2025-08-28,GBPUSD=X,2.427370309829712
2025-08-29,GBPUSD=X,3.4297449588775635
2025-09-01,GBPUSD=X,1.209151268005371
2025-09-02,GBPUSD=X,3.5845234394073486
2025-09-03,GBPUSD=X,-0.15789905190467834
2025-09-04,GBPUSD=X,0.7268940806388855
2025-09-05,GBPUSD=X,-0.029807038605213165
2025-09-08,GBPUSD=X,3.111025810241699
2025-09-09,GBPUSD=X,4.449089527130127
2025-09-10,GBPUSD=X,3.2140085697174072
2025-09-11,GBPUSD=X,4.484992027282715
2025-09-12,GBPUSD=X,3.390275001525879
2025-09-15,GBPUSD=X,4.044031143188477
2025-09-16,GBPUSD=X,0.7112573385238647
2025-09-17,GBPUSD=X,-0.8893330097198486
2025-09-18,GBPUSD=X,1.0369873046875
2025-09-19,GBPUSD=X,4.128224849700928
2025-09-22,GBPUSD=X,0.05956999585032463
2025-09-23,GBPUSD=X,-1.4915094375610352
2025-09-24,GBPUSD=X,-2.320645570755005
2025-09-25,GBPUSD=X,-1.9842036962509155
2025-09-26,GBPUSD=X,1.8468811511993408
2025-09-29,GBPUSD=X,0.9002162218093872
2025-09-30,GBPUSD=X,-1.3896974325180054
2025-10-01,GBPUSD=X,2.75455379486084
2025-10-02,GBPUSD=X,4.001387119293213
2025-10-03,GBPUSD=X,4.370492458343506
2025-10-06,GBPUSD=X,4.726167678833008
2025-10-07,GBPUSD=X,4.704681396484375
2025-10-08,GBPUSD=X,0.5849707126617432
2025-10-09,GBPUSD=X,-1.8725124597549438
2025-10-10,GBPUSD=X,-1.120435357093811
2025-10-13,GBPUSD=X,3.124082088470459
2025-10-14,GBPUSD=X,0.2698878049850464
2025-10-15,GBPUSD=X,0.29113420844078064
2025-10-16,GBPUSD=X,-1.9254915714263916
2025-10-17,GBPUSD=X,2.181063652038574
2025-10-20,GBPUSD=X,3.250028371810913
2025-10-21,GBPUSD=X,3.1264030933380127
2025-10-22,GBPUSD=X,-0.1560283750295639
2025-10-23,GBPUSD=X,1.9455159902572632
2025-10-24,GBPUSD=X,1.0678895711898804
2025-10-27,GBPUSD=X,-1.002228021621704
2025-10-28,GBPUSD=X,-2.029844045639038
2025-10-29,GBPUSD=X,1.8016159534454346
2025-10-30,GBPUSD=X,3.1336898803710938
2025-10-31,GBPUSD=X,3.5771706104278564
2025-11-03,GBPUSD=X,3.588442087173462
2025-11-04,GBPUSD=X,3.4134020805358887
2025-11-05,GBPUSD=X,2.344967842102051
2025-11-06,GBPUSD=X,2.6702136993408203
2025-11-07,GBPUSD=X,4.126154899597168
2025-11-10,GBPUSD=X,4.344310760498047
2025-11-11,GBPUSD=X,4.968686103820801
2025-11-12,GBPUSD=X,5.1225666999816895
2025-11-13,GBPUSD=X,5.151388645172119
2025-11-14,GBPUSD=X,5.357544422149658
2025-11-17,GBPUSD=X,5.101831912994385
2025-11-18,GBPUSD=X,-1.6100959777832031
2025-11-19,GBPUSD=X,-4.353504180908203
2025-11-20,GBPUSD=X,-5.336676597595215
2025-11-21,GBPUSD=X,-4.24297571182251
2025-11-24,GBPUSD=X,2.047583818435669
2025-11-25,GBPUSD=X,4.8392133712768555
2025-11-26,GBPUSD=X,5.619243144989014
2025-11-27,GBPUSD=X,-1.4347617626190186
2025-07-24,JPM,0.5651494860649109
2025-07-25,JPM,0.38419070839881897
2025-07-28,JPM,0.21802757680416107
2025-07-29,JPM,0.4035141170024872
2025-07-30,JPM,0.7648410201072693
2025-07-31,JPM,1.2616311311721802
2025-08-01,JPM,1.3932629823684692
2025-08-04,JPM,0.9778163433074951
2025-08-05,JPM,0.40283203125
2025-08-06,JPM,0.7788494825363159
2025-08-07,JPM,-0.37721627950668335
2025-08-08,JPM,-0.7730526328086853
2025-08-11,JPM,-0.7910352945327759
2025-08-12,JPM,-0.5354655981063843
2025-08-13,JPM,-0.2876664102077484
2025-08-14,JPM,0.14641273021697998
2025-08-15,JPM,-0.4092648923397064
2025-08-18,JPM,0.011799233965575695
2025-08-19,JPM,0.15163083374500275
2025-08-20,JPM,0.46990713477134705
2025-08-21,JPM,0.9855236411094666
2025-08-22,JPM,1.8184517621994019
2025-08-25,JPM,0.6312859654426575
2025-08-26,JPM,0.41246601939201355
2025-08-27,JPM,0.13304097950458527
2025-08-28,JPM,-0.15560194849967957
2025-08-29,JPM,0.42226681113243103
2025-09-02,JPM,0.2525457739830017
2025-09-03,JPM,0.5825581550598145
2025-09-04,JPM,1.0197622776031494
2025-09-05,JPM,0.43128475546836853
2025-09-08,JPM,0.1979748159646988
2025-09-09,JPM,1.061495065689087
2025-09-10,JPM,1.2808266878128052
2025-09-11,JPM,1.6605591773986816
2025-09-12,JPM,1.6003071069717407
2025-09-15,JPM,1.3321270942687988
2025-09-16,JPM,1.19944167137146
2025-09-17,JPM,0.9942437410354614
2025-09-18,JPM,0.8892152905464172
2025-09-19,JPM,1.146363377571106
2025-09-22,JPM,2.0187113285064697
2025-09-23,JPM,2.15317702293396
2025-09-24,JPM,2.4774813652038574
2025-09-25,JPM,2.5599112510681152
2025-09-26,JPM,1.6397020816802979
2025-09-29,JPM,2.40201997756958
2025-09-30,JPM,1.4849495887756348
2025-10-01,JPM,0.2643110156059265
2025-10-02,JPM,0.9656485915184021
2025-10-03,JPM,0.23408940434455872
2025-10-06,JPM,0.259572297334671
2025-10-07,JPM,0.7585996985435486
2025-10-08,JPM,0.5621460676193237
2025-10-09,JPM,0.21753448247909546
2025-10-10,JPM,1.4556536674499512
2025-10-13,JPM,0.3370814621448517
2025-10-14,JPM,0.4369727671146393
2025-10-15,JPM,0.2639378309249878
2025-10-16,JPM,0.08354327082633972
2025-10-17,JPM,0.1219911053776741
2025-10-20,JPM,-0.4340454339981079
2025-10-21,JPM,-1.884857416152954
2025-10-22,JPM,-0.2861389219760895
2025-10-23,JPM,0.1213100329041481
2025-10-24,JPM,-0.5774598121643066
2025-10-27,JPM,1.0370182991027832
2025-10-28,JPM,0.9811679124832153
2025-10-29,JPM,0.399097740650177
2025-10-30,JPM,0.7559741139411926
2025-10-31,JPM,0.9349094033241272
2025-11-03,JPM,0.9930351972579956
2025-11-04,JPM,1.1624141931533813
2025-11-05,JPM,1.0757771730422974
2025-11-06,JPM,0.809683084487915
2025-11-07,JPM,1.421937346458435
2025-11-10,JPM,-0.1348487287759781
2025-11-11,JPM,0.6410413384437561
2025-11-12,JPM,0.4914518892765045
2025-11-13,JPM,-0.5412812829017639
2025-11-14,JPM,-0.6194412112236023
2025-11-17,JPM,-0.3056999742984772
2025-11-18,JPM,-0.2866710126399994
2025-11-19,JPM,-0.6198844313621521
2025-11-20,JPM,0.6225249171257019
2025-11-21,JPM,0.2052706480026245
2025-11-24,JPM,-0.19181865453720093
2025-11-25,JPM,-0.4158587157726288
2025-11-26,JPM,-0.3501126170158386
2025-07-24,TSLA,-0.16226112842559814
2025-07-25,TSLA,0.10128938406705856
2025-07-28,TSLA,0.25258669257164
2025-07-29,TSLA,0.03229686990380287
2025-07-30,TSLA,-0.027969710528850555
2025-07-31,TSLA,-0.4763130247592926
2025-08-01,TSLA,-0.15944495797157288
2025-08-04,TSLA,-0.2148187756538391
2025-08-05,TSLA,-0.2605215311050415
2025-08-06,TSLA,0.12910349667072296
2025-08-07,TSLA,0.11212677508592606
2025-08-08,TSLA,0.5148475766181946
2025-08-11,TSLA,0.09989424049854279
2025-08-12,TSLA,0.3305239677429199
2025-08-13,TSLA,0.4304278790950775
2025-08-14,TSLA,0.6028774976730347
2025-08-15,TSLA,0.6980747580528259
2025-08-18,TSLA,0.582973301410675
2025-08-19,TSLA,0.5923285484313965
2025-08-20,TSLA,0.53242427110672
2025-08-21,TSLA,0.0357031412422657
2025-08-22,TSLA,0.3166709244251251
2025-08-25,TSLA,0.33554401993751526
2025-08-26,TSLA,0.4246251583099365
2025-08-27,TSLA,0.5800585746765137
2025-08-28,TSLA,0.6292916536331177
2025-08-29,TSLA,0.40742945671081543
2025-09-02,TSLA,0.404439240694046
2025-09-03,TSLA,0.1410474330186844
2025-09-04,TSLA,0.13360564410686493
2025-09-05,TSLA,0.42760664224624634
2025-09-08,TSLA,0.3517424166202545
2025-09-09,TSLA,0.5075762867927551
2025-09-10,TSLA,0.44904473423957825
2025-09-11,TSLA,0.2179086059331894
2025-09-12,TSLA,0.2440527081489563
2025-09-15,TSLA,0.24491828680038452
2025-09-16,TSLA,0.24581339955329895
2025-09-17,TSLA,0.23401899635791779
2025-09-18,TSLA,-0.10643011331558228
2025-09-19,TSLA,-0.09108682721853256
2025-09-22,TSLA,-0.07470208406448364
2025-09-23,TSLA,0.1854603886604309
2025-09-24,TSLA,0.056713905185461044
2025-09-25,TSLA,0.2812488377094269
2025-09-26,TSLA,0.23782333731651306
2025-09-29,TSLA,0.3667329251766205
2025-09-30,TSLA,0.35241520404815674
2025-10-01,TSLA,0.10213246196508408
2025-10-02,TSLA,0.09786548465490341
2025-10-03,TSLA,0.04441278055310249
2025-10-06,TSLA,0.2140137255191803
2025-10-07,TSLA,0.04625856131315231
2025-10-08,TSLA,-0.013895325362682343
2025-10-09,TSLA,0.06347860395908356
2025-10-10,TSLA,-0.5582631230354309
2025-10-13,TSLA,-0.2055436223745346
2025-10-14,TSLA,-0.20945090055465698
2025-10-15,TSLA,-0.27578356862068176
2025-10-16,TSLA,-0.25822293758392334
2025-10-17,TSLA,0.30769801139831543
2025-10-20,TSLA,0.6539139747619629
2025-10-21,TSLA,0.34438300132751465
2025-10-22,TSLA,0.35491320490837097
2025-10-23,TSLA,0.14056411385536194
2025-10-24,TSLA,-0.1649625450372696
2025-10-27,TSLA,0.44107428193092346
2025-10-28,TSLA,0.41526681184768677
2025-10-29,TSLA,0.0707441121339798
2025-10-30,TSLA,-0.5815268158912659
2025-10-31,TSLA,0.03768520429730415
2025-11-03,TSLA,-0.07244841009378433
2025-11-04,TSLA,-0.5004082322120667
2025-11-05,TSLA,0.1608380228281021
2025-11-06,TSLA,-0.24777083098888397
2025-11-07,TSLA,-0.6171959042549133
2025-11-10,TSLA,-0.01790076494216919
2025-11-11,TSLA,-0.23812681436538696
2025-11-12,TSLA,-0.6410662531852722
2025-11-13,TSLA,0.0320294089615345
2025-11-14,TSLA,0.32194408774375916
2025-11-17,TSLA,0.12504304945468903
2025-11-18,TSLA,-0.12904508411884308
2025-11-19,TSLA,0.028982946649193764
2025-11-20,TSLA,0.31268343329429626
2025-11-21,TSLA,0.17631445825099945
2025-11-24,TSLA,-0.06402090191841125
2025-11-25,TSLA,0.47792860865592957
2025-11-26,TSLA,0.3103220760822296
2025-07-24,XOM,-0.8515456318855286
2025-07-25,XOM,-0.21923887729644775
2025-07-28,XOM,0.48658573627471924
2025-07-29,XOM,0.23748993873596191
2025-07-30,XOM,1.4132938385009766
2025-07-31,XOM,1.682165265083313
2025-08-01,XOM,-0.392447292804718
2025-08-04,XOM,-0.4112842082977295
2025-08-05,XOM,0.20438127219676971
2025-08-06,XOM,0.5466942191123962
2025-08-07,XOM,0.5896127820014954
2025-08-08,XOM,0.20782668888568878
2025-08-11,XOM,0.15118622779846191
2025-08-12,XOM,0.10994146019220352
2025-08-13,XOM,0.047200947999954224
2025-08-14,XOM,-0.11170625686645508
2025-08-15,XOM,0.566192090511322
2025-08-18,XOM,1.5111513137817383
2025-08-19,XOM,0.8856573700904846
2025-08-20,XOM,0.912362277507782
2025-08-21,XOM,0.31512078642845154
2025-08-22,XOM,0.9025322198867798
2025-08-25,XOM,0.6772482991218567
2025-08-26,XOM,0.4441930055618286
2025-08-27,XOM,-0.16289880871772766
2025-08-28,XOM,-0.17205269634723663
2025-08-29,XOM,-0.20364831387996674
2025-09-02,XOM,-0.1143478974699974
2025-09-03,XOM,0.8195305466651917
2025-09-04,XOM,0.7662786841392517
2025-09-05,XOM,0.9156497716903687
2025-09-08,XOM,0.301913321018219
2025-09-09,XOM,0.28385552763938904
2025-09-10,XOM,1.2872813940048218
2025-09-11,XOM,0.4506763517856598
2025-09-12,XOM,0.2880221903324127
2025-09-15,XOM,0.32303333282470703
2025-09-16,XOM,1.1711475849151611
2025-09-17,XOM,1.3594471216201782
2025-09-18,XOM,1.568320870399475
2025-09-19,XOM,1.6601520776748657
2025-09-22,XOM,2.4869093894958496
2025-09-23,XOM,1.2228693962097168
2025-09-24,XOM,1.88787841796875
2025-09-25,XOM,2.1577951908111572
2025-09-26,XOM,1.1701534986495972
2025-09-29,XOM,0.7451820373535156
2025-09-30,XOM,0.7637234330177307
2025-10-01,XOM,0.2298477739095688
2025-10-02,XOM,-0.34556540846824646
2025-10-03,XOM,0.4484230875968933
2025-10-06,XOM,0.6065576672554016
2025-10-07,XOM,-0.36636072397232056
2025-10-08,XOM,-0.3802471160888672
2025-10-09,XOM,-0.2323395162820816
2025-10-10,XOM,0.03421967849135399
2025-10-13,XOM,-0.6325765252113342
2025-10-14,XOM,-0.7637441158294678
2025-10-15,XOM,0.07989032566547394
2025-10-16,XOM,-1.021696925163269
2025-10-17,XOM,-0.5186266303062439
2025-10-20,XOM,0.9635210633277893
2025-10-21,XOM,1.5994881391525269
2025-10-22,XOM,1.9537428617477417
2025-10-23,XOM,0.5723452568054199
2025-10-24,XOM,0.6685827374458313
2025-10-27,XOM,0.981209397315979
2025-10-28,XOM,1.0179424285888672
2025-10-29,XOM,1.1858032941818237
2025-10-30,XOM,0.7476841807365417
2025-10-31,XOM,1.152129888534546
2025-11-03,XOM,0.5621035695075989
2025-11-04,XOM,-0.23004931211471558
2025-11-05,XOM,-0.8553565144538879
2025-11-06,XOM,-0.4297002851963043
2025-11-07,XOM,0.34931066632270813
2025-11-10,XOM,1.1311701536178589
2025-11-11,XOM,0.7152246236801147
2025-11-12,XOM,0.7446423768997192
2025-11-13,XOM,1.1274863481521606
2025-11-14,XOM,1.092167615890503
2025-11-17,XOM,0.4575730264186859
2025-11-18,XOM,1.098037838935852
2025-11-19,XOM,0.958473265171051
2025-11-20,XOM,0.8783159852027893
2025-11-21,XOM,0.5538588762283325
2025-11-24,XOM,0.7458215355873108
2025-11-25,XOM,0.20295007526874542
2025-11-26,XOM,0.19710469245910645
2025-07-24,SPY,0.4315349757671356
2025-07-25,SPY,0.5785211324691772
2025-07-28,SPY,0.39940494298934937
2025-07-29,SPY,0.4680587947368622
2025-07-30,SPY,0.9743016958236694
2025-07-31,SPY,0.9648273587226868
2025-08-01,SPY,-0.315559059381485
2025-08-04,SPY,1.1075875759124756
2025-08-05,SPY,0.7784780263900757
2025-08-06,SPY,0.9727959632873535
2025-08-07,SPY,1.2234466075897217
2025-08-08,SPY,1.736361026763916
2025-08-11,SPY,2.2005906105041504
2025-08-12,SPY,0.6821526885032654
2025-08-13,SPY,0.6242537498474121
2025-08-14,SPY,0.6794209480285645
2025-08-15,SPY,1.986458659172058
2025-08-18,SPY,2.193779706954956
2025-08-19,SPY,2.8294506072998047
2025-08-20,SPY,2.7267541885375977
2025-08-21,SPY,1.071790337562561
2025-08-22,SPY,1.6834776401519775
2025-08-25,SPY,1.0289520025253296
2025-08-26,SPY,2.44872784614563
2025-08-27,SPY,2.360358953475952
2025-08-28,SPY,2.5676472187042236
2025-08-29,SPY,1.8319281339645386
2025-09-02,SPY,1.1715916395187378
2025-09-03,SPY,1.1912541389465332
2025-09-04,SPY,2.203301191329956
2025-09-05,SPY,2.1550345420837402
2025-09-08,SPY,2.537687063217163
2025-09-09,SPY,2.314669132232666
2025-09-10,SPY,1.7553128004074097
2025-09-11,SPY,0.9079988598823547
2025-09-12,SPY,1.290806770324707
2025-09-15,SPY,0.8072265982627869
2025-09-16,SPY,1.2484644651412964
2025-09-17,SPY,1.8839484453201294
2025-09-18,SPY,1.9572174549102783
2025-09-19,SPY,0.8458190560340881
2025-09-22,SPY,1.1535743474960327
2025-09-23,SPY,1.2814656496047974
2025-09-24,SPY,0.9015770554542542
2025-09-25,SPY,0.4464438855648041
2025-09-26,SPY,0.6524207592010498
2025-09-29,SPY,0.4100351333618164
2025-09-30,SPY,0.6861074566841125
2025-10-01,SPY,0.7281632423400879
2025-10-02,SPY,0.8552110195159912
2025-10-03,SPY,1.8196640014648438
2025-10-06,SPY,0.67155522108078
2025-10-07,SPY,0.5969868898391724
2025-10-08,SPY,0.6315221190452576
2025-10-09,SPY,1.4880279302597046
2025-10-10,SPY,-0.15681739151477814
2025-10-13,SPY,1.3874777555465698
2025-10-14,SPY,0.7040631175041199
2025-10-15,SPY,0.5962149500846863
2025-10-16,SPY,0.7276864647865295
2025-10-17,SPY,1.4168144464492798
2025-10-20,SPY,0.4127311706542969
2025-10-21,SPY,1.3418631553649902
2025-10-22,SPY,1.44795560836792
2025-10-23,SPY,1.3900794982910156
2025-10-24,SPY,0.2389468252658844
2025-10-27,SPY,-0.5763837695121765
2025-10-28,SPY,-0.574372410774231
2025-10-29,SPY,-0.4790293276309967
2025-10-30,SPY,-0.3851754665374756
2025-10-31,SPY,-0.3876768946647644
2025-11-03,SPY,-0.22879423201084137
2025-11-04,SPY,0.5617523193359375
2025-11-05,SPY,-0.028303245082497597
2025-11-06,SPY,0.4739854633808136
2025-11-07,SPY,1.405733585357666
2025-11-10,SPY,2.7641355991363525
2025-11-11,SPY,2.6979331970214844
2025-11-12,SPY,1.4394633769989014
2025-11-13,SPY,-1.39738130569458
2025-11-14,SPY,0.13333362340927124
2025-11-17,SPY,0.7541604042053223
2025-11-18,SPY,1.035298466682434
2025-11-19,SPY,0.8398600220680237
2025-11-20,SPY,1.4563027620315552
2025-11-21,SPY,0.4956941306591034
2025-11-24,SPY,1.027745008468628
2025-11-25,SPY,0.9493717551231384
2025-11-26,SPY,1.380947232246399
2025-07-23,EURUSD=X,1.5271047353744507
2025-07-24,EURUSD=X,2.7848398685455322
2025-07-25,EURUSD=X,3.3356924057006836
2025-07-28,EURUSD=X,3.0171329975128174
2025-07-29,EURUSD=X,-1.769803762435913
2025-07-30,EURUSD=X,0.38693398237228394
2025-07-31,EURUSD=X,2.6612768173217773
2025-08-01,EURUSD=X,2.5752243995666504
2025-08-04,EURUSD=X,1.4994558095932007
2025-08-05,EURUSD=X,2.971360445022583
2025-08-06,EURUSD=X,4.667957305908203
2025-08-07,EURUSD=X,1.5880918502807617
2025-08-08,EURUSD=X,2.3758153915405273
2025-08-11,EURUSD=X,4.339259624481201
2025-08-12,EURUSD=X,4.500974655151367
2025-08-13,EURUSD=X,4.218360900878906
2025-08-14,EURUSD=X,3.887394666671753
2025-08-15,EURUSD=X,3.71927809715271
2025-08-18,EURUSD=X,3.941500663757324
2025-08-19,EURUSD=X,4.220720291137695
2025-08-20,EURUSD=X,4.460608005523682
2025-08-21,EURUSD=X,-2.126173496246338
2025-08-22,EURUSD=X,-2.376424551010132
2025-08-25,EURUSD=X,0.7012783885002136
2025-08-26,EURUSD=X,-1.7233200073242188
2025-08-27,EURUSD=X,0.49571141600608826
2025-08-28,EURUSD=X,3.09041166305542
2025-08-29,EURUSD=X,2.175475597381592
2025-09-01,EURUSD=X,2.2091546058654785
2025-09-02,EURUSD=X,3.1995112895965576
2025-09-03,EURUSD=X,-2.698477268218994
2025-09-04,EURUSD=X,-0.6741041541099548
2025-09-05,EURUSD=X,0.8925893902778625
2025-09-08,EURUSD=X,3.2074403762817383
2025-09-09,EURUSD=X,3.3618481159210205
2025-09-10,EURUSD=X,0.01925034075975418
2025-09-11,EURUSD=X,0.8482761979103088
2025-09-12,EURUSD=X,3.5126912593841553
2025-09-15,EURUSD=X,4.070432662963867
2025-09-16,EURUSD=X,3.604635000228882
2025-09-17,EURUSD=X,2.131835460662842
2025-09-18,EURUSD=X,1.8274277448654175
2025-09-19,EURUSD=X,1.5526524782180786
2025-09-22,EURUSD=X,0.8437368273735046
2025-09-23,EURUSD=X,2.788789749145508
2025-09-24,EURUSD=X,3.2077882289886475
2025-09-25,EURUSD=X,0.5883784294128418
2025-09-26,EURUSD=X,-1.0285226106643677
2025-09-29,EURUSD=X,0.17291970551013947
2025-09-30,EURUSD=X,0.30202093720436096
2025-10-01,EURUSD=X,0.5861708521842957
2025-10-02,EURUSD=X,1.0153703689575195
2025-10-03,EURUSD=X,0.8197981119155884
2025-10-06,EURUSD=X,0.654019296169281
2025-10-07,EURUSD=X,4.098181247711182
2025-10-08,EURUSD=X,0.6892842650413513
2025-10-09,EURUSD=X,3.0131731033325195
2025-10-10,EURUSD=X,2.727349281311035
2025-10-13,EURUSD=X,3.4273159503936768
2025-10-14,EURUSD=X,2.227257251739502
2025-10-15,EURUSD=X,2.852285146713257
2025-10-16,EURUSD=X,2.939920425415039
2025-10-17,EURUSD=X,4.275238990783691
2025-10-20,EURUSD=X,3.9289865493774414
2025-10-21,EURUSD=X,3.560765504837036
2025-10-22,EURUSD=X,-0.42202621698379517
2025-10-23,EURUSD=X,2.6193127632141113
2025-10-24,EURUSD=X,1.9703248739242554
2025-10-27,EURUSD=X,4.391714096069336
2025-10-28,EURUSD=X,4.738851070404053
2025-10-29,EURUSD=X,4.591597080230713
2025-10-30,EURUSD=X,0.03495767340064049
2025-10-31,EURUSD=X,-1.5666730403900146
2025-11-03,EURUSD=X,3.4871134757995605
2025-11-04,EURUSD=X,3.717987537384033
2025-11-05,EURUSD=X,3.34531831741333
2025-11-06,EURUSD=X,3.5728554725646973
2025-11-07,EURUSD=X,5.311476707458496
2025-11-10,EURUSD=X,4.8461384773254395
2025-11-11,EURUSD=X,5.13895320892334
2025-11-12,EURUSD=X,4.188011646270752
2025-11-13,EURUSD=X,4.01483678817749
2025-11-14,EURUSD=X,3.6237518787384033
2025-11-17,EURUSD=X,3.370084047317505
2025-11-18,EURUSD=X,3.740642786026001
2025-11-19,EURUSD=X,4.095037937164307
2025-11-20,EURUSD=X,3.7200677394866943
2025-11-21,EURUSD=X,3.200127363204956
2025-11-24,EURUSD=X,0.0833207294344902
2025-11-25,EURUSD=X,-4.124998092651367
2025-11-26,EURUSD=X,-1.7811315059661865
2025-11-27,EURUSD=X,1.2201734781265259
2025-07-24,GLD,-0.11754357069730759
2025-07-25,GLD,0.06421451270580292
2025-07-28,GLD,-0.5578902363777161
2025-07-29,GLD,-0.9815042018890381
2025-07-30,GLD,1.7182551622390747
2025-07-31,GLD,1.352481722831726
2025-08-01,GLD,0.4158169627189636
2025-08-04,GLD,0.9590708613395691
2025-08-05,GLD,-0.12141028046607971
2025-08-06,GLD,-0.10896220803260803
2025-08-07,GLD,0.6684687733650208
2025-08-08,GLD,0.7135913372039795
2025-08-11,GLD,2.060304880142212
2025-08-12,GLD,2.4506947994232178
2025-08-13,GLD,2.372814893722534
2025-08-14,GLD,2.158560276031494
2025-08-15,GLD,2.2665014266967773
2025-08-18,GLD,2.331275701522827
2025-08-19,GLD,-0.6717910170555115
2025-08-20,GLD,-0.6767162084579468
2025-08-21,GLD,-0.22045132517814636
2025-08-22,GLD,0.9473810791969299
2025-08-25,GLD,0.2199125587940216
2025-08-26,GLD,1.1886085271835327
2025-08-27,GLD,2.2243542671203613
2025-08-28,GLD,0.5713707804679871
2025-08-29,GLD,-0.07691338658332825
2025-09-02,GLD,-0.07962443679571152
2025-09-03,GLD,-0.08116092532873154
2025-09-04,GLD,-0.2169053703546524
2025-09-05,GLD,-0.11741508543491364
2025-09-08,GLD,0.41380131244659424
2025-09-09,GLD,0.040488433092832565
2025-09-10,GLD,0.6755540370941162
2025-09-11,GLD,2.411525011062622
2025-09-12,GLD,3.6093153953552246
2025-09-15,GLD,1.7890394926071167
2025-09-16,GLD,2.377396583557129
2025-09-17,GLD,2.4915030002593994
2025-09-18,GLD,2.232203960418701
2025-09-19,GLD,1.543778657913208
2025-09-22,GLD,0.6476999521255493
2025-09-23,GLD,0.9743719696998596
2025-09-24,GLD,0.3858075439929962
2025-09-25,GLD,0.33643782138824463
2025-09-26,GLD,0.5138250589370728
2025-09-29,GLD,0.7050638794898987
2025-09-30,GLD,0.4117031693458557
2025-10-01,GLD,0.15449145436286926
2025-10-02,GLD,0.4192800223827362
2025-10-03,GLD,0.3948972225189209
2025-10-06,GLD,-0.436360239982605
2025-10-07,GLD,-0.4653506278991699
2025-10-08,GLD,-0.45269834995269775
2025-10-09,GLD,0.3098165988922119
2025-10-10,GLD,0.08881562948226929
2025-10-13,GLD,-0.41810935735702515
2025-10-14,GLD,-0.3204766511917114
2025-10-15,GLD,-0.4902196228504181
2025-10-16,GLD,-0.4318370223045349
2025-10-17,GLD,-0.03765662759542465
2025-10-20,GLD,-0.45281702280044556
2025-10-21,GLD,0.5634214878082275
2025-10-22,GLD,0.5606600642204285
2025-10-23,GLD,0.2119954377412796
2025-10-24,GLD,0.1378244161605835
2025-10-27,GLD,0.6505444049835205
2025-10-28,GLD,-0.5905731916427612
2025-10-29,GLD,-0.9792537093162537
2025-10-30,GLD,-0.5703396201133728
2025-10-31,GLD,-0.9300481677055359
2025-11-03,GLD,-0.9171069860458374
2025-11-04,GLD,-0.43739771842956543
2025-11-05,GLD,-0.8183401226997375
2025-11-06,GLD,-0.8476316928863525
2025-11-07,GLD,0.682015061378479
2025-11-10,GLD,2.3562731742858887
2025-11-11,GLD,1.9249272346496582
2025-11-12,GLD,1.6697907447814941
2025-11-13,GLD,1.7508082389831543
2025-11-14,GLD,1.4067554473876953
2025-11-17,GLD,-0.04520116746425629
2025-11-18,GLD,-0.366275429725647
2025-11-19,GLD,-0.3896670639514923
2025-11-20,GLD,-0.40918055176734924
2025-11-21,GLD,-0.3975593149662018
2025-11-24,GLD,0.5730980038642883
2025-11-25,GLD,-0.23434039950370789
2025-11-26,GLD,0.7547391057014465
2025-07-23,GC=F,-0.12586815655231476
2025-07-24,GC=F,-0.051330652087926865
2025-07-25,GC=F,-0.2171020209789276
2025-07-28,GC=F,-0.45793136954307556
2025-07-29,GC=F,-1.4424922466278076
2025-07-30,GC=F,-0.16137221455574036
2025-07-31,GC=F,0.09085465222597122
2025-08-01,GC=F,0.9652185440063477
2025-08-04,GC=F,1.1958928108215332
2025-08-05,GC=F,1.2567051649093628
2025-08-06,GC=F,1.3989561796188354
2025-08-07,GC=F,1.204108715057373
2025-08-08,GC=F,0.8510379791259766
2025-08-11,GC=F,1.4455957412719727
2025-08-12,GC=F,1.8537167310714722
2025-08-13,GC=F,1.441815972328186
2025-08-14,GC=F,2.216106414794922
2025-08-15,GC=F,2.3214681148529053
2025-08-18,GC=F,2.0496604442596436
2025-08-19,GC=F,1.375616431236267
2025-08-20,GC=F,1.3733104467391968
2025-08-21,GC=F,-0.11102484166622162
2025-08-22,GC=F,1.437443733215332
2025-08-25,GC=F,1.5148669481277466
2025-08-26,GC=F,1.4746179580688477
2025-08-27,GC=F,1.3261895179748535
2025-08-28,GC=F,2.3206238746643066
2025-08-29,GC=F,-0.5236287713050842
2025-09-02,GC=F,-0.5293453335762024
2025-09-03,GC=F,-0.5297621488571167
2025-09-04,GC=F,-0.39090678095817566
2025-09-05,GC=F,-0.303335577249527
2025-09-08,GC=F,-0.7691792845726013
2025-09-09,GC=F,-1.4207433462142944
2025-09-10,GC=F,-1.3078693151474
2025-09-11,GC=F,-0.9644339680671692
2025-09-12,GC=F,0.1250564455986023
2025-09-15,GC=F,-0.2705795466899872
2025-09-16,GC=F,0.027358034625649452
2025-09-17,GC=F,0.33991897106170654
2025-09-18,GC=F,0.2899676263332367
2025-09-19,GC=F,0.246916264295578
2025-09-22,GC=F,-0.5274242758750916
2025-09-23,GC=F,-0.5407735705375671
2025-09-24,GC=F,-0.5384952425956726
2025-09-25,GC=F,-0.5428830981254578
2025-09-26,GC=F,-0.5432952046394348
2025-09-29,GC=F,-0.5287993550300598
2025-09-30,GC=F,-0.5473657846450806
2025-10-01,GC=F,-0.5499721765518188
2025-10-02,GC=F,-0.5483630299568176
2025-10-03,GC=F,-0.5486705303192139
2025-10-06,GC=F,-0.5473608374595642
2025-10-07,GC=F,-0.5507346391677856
2025-10-08,GC=F,-0.5380568504333496
2025-10-09,GC=F,-0.5342667102813721
2025-10-10,GC=F,-0.5366477370262146
2025-10-13,GC=F,-0.44468554854393005
2025-10-14,GC=F,-0.5157742500305176
2025-10-15,GC=F,-0.5206812024116516
2025-10-16,GC=F,-0.5080496668815613
2025-10-17,GC=F,-0.5033525228500366
2025-10-20,GC=F,-0.48150894045829773
2025-10-21,GC=F,1.4362021684646606
2025-10-22,GC=F,-0.1345781683921814
2025-10-23,GC=F,-0.4280816614627838
2025-10-24,GC=F,-0.41894686222076416
2025-10-27,GC=F,0.5275496244430542
2025-10-28,GC=F,0.16297775506973267
2025-10-29,GC=F,-0.19545623660087585
2025-10-30,GC=F,0.07058302313089371
2025-10-31,GC=F,-0.2943645715713501
2025-11-03,GC=F,1.0358444452285767
2025-11-04,GC=F,0.4892719089984894
2025-11-05,GC=F,1.0428906679153442
2025-11-06,GC=F,0.9584453701972961
2025-11-07,GC=F,2.7384064197540283
2025-11-10,GC=F,5.060757637023926
2025-11-11,GC=F,4.430534839630127
2025-11-12,GC=F,2.7419519424438477
2025-11-13,GC=F,2.376331329345703
2025-11-14,GC=F,2.2452943325042725
2025-11-17,GC=F,2.3195197582244873
2025-11-18,GC=F,2.3337595462799072
2025-11-19,GC=F,2.3452882766723633
2025-11-20,GC=F,2.194582223892212
2025-11-21,GC=F,2.254227638244629
2025-11-24,GC=F,1.3304829597473145
2025-11-25,GC=F,1.6852266788482666
2025-11-26,GC=F,1.9670495986938477
2025-07-23,HDFCBANK.NS,0.1465318202972412
2025-07-24,HDFCBANK.NS,1.253764271736145
2025-07-25,HDFCBANK.NS,1.1679205894470215
2025-07-28,HDFCBANK.NS,1.1015180349349976
2025-07-29,HDFCBANK.NS,0.4011074900627136
2025-07-30,HDFCBANK.NS,0.03995290398597717
2025-07-31,HDFCBANK.NS,1.8867173194885254
2025-08-01,HDFCBANK.NS,2.359257459640503
2025-08-04,HDFCBANK.NS,2.3928043842315674
2025-08-05,HDFCBANK.NS,-0.08672543615102768
2025-08-06,HDFCBANK.NS,1.8692443370819092
2025-08-07,HDFCBANK.NS,-1.0342150926589966
2025-08-08,HDFCBANK.NS,-1.0036795139312744
2025-08-11,HDFCBANK.NS,-1.0779087543487549
2025-08-12,HDFCBANK.NS,-0.47307252883911133
2025-08-13,HDFCBANK.NS,-1.4245814085006714
2025-08-14,HDFCBANK.NS,-1.5434703826904297
2025-08-18,HDFCBANK.NS,-0.9182389974594116
2025-08-19,HDFCBANK.NS,0.7099712491035461
2025-08-20,HDFCBANK.NS,-0.1105119064450264
2025-08-21,HDFCBANK.NS,0.36701834201812744
2025-08-22,HDFCBANK.NS,-1.523364543914795
2025-08-25,HDFCBANK.NS,-1.7726714611053467
2025-08-26,HDFCBANK.NS,1.1818245649337769
2025-08-28,HDFCBANK.NS,-0.24570022523403168
2025-08-29,HDFCBANK.NS,0.34657567739486694
2025-09-01,HDFCBANK.NS,0.8328024744987488
2025-09-02,HDFCBANK.NS,0.8683383464813232
2025-09-03,HDFCBANK.NS,1.4241701364517212
2025-09-04,HDFCBANK.NS,1.5961804389953613
2025-09-05,HDFCBANK.NS,1.6258111000061035
2025-09-08,HDFCBANK.NS,1.6048412322998047
2025-09-09,HDFCBANK.NS,1.634070634841919
2025-09-10,HDFCBANK.NS,1.7381547689437866
2025-09-11,HDFCBANK.NS,1.8218982219696045
2025-09-12,HDFCBANK.NS,1.926550269126892
2025-09-15,HDFCBANK.NS,1.33966863155365
2025-09-16,HDFCBANK.NS,0.24353906512260437
2025-09-17,HDFCBANK.NS,-0.1985720992088318
2025-09-18,HDFCBANK.NS,1.260751485824585
2025-09-19,HDFCBANK.NS,1.3978101015090942
2025-09-22,HDFCBANK.NS,-0.008594070561230183
2025-09-23,HDFCBANK.NS,-1.745881199836731
2025-09-24,HDFCBANK.NS,0.7379360198974609
2025-09-25,HDFCBANK.NS,-0.0763934850692749
2025-09-26,HDFCBANK.NS,1.1282520294189453
2025-09-29,HDFCBANK.NS,0.21340984106063843
2025-09-30,HDFCBANK.NS,0.14095500111579895
2025-10-01,HDFCBANK.NS,-0.08582434803247452
2025-10-03,HDFCBANK.NS,0.9233322143554688
2025-10-06,HDFCBANK.NS,1.3603581190109253
2025-10-07,HDFCBANK.NS,-0.7642686367034912
2025-10-08,HDFCBANK.NS,1.5753655433654785
2025-10-09,HDFCBANK.NS,1.4645891189575195
2025-10-10,HDFCBANK.NS,1.995861530303955
2025-10-13,HDFCBANK.NS,2.251415729522705
2025-10-14,HDFCBANK.NS,2.5641839504241943
2025-10-15,HDFCBANK.NS,2.690260410308838
2025-10-16,HDFCBANK.NS,0.6518170237541199
2025-10-17,HDFCBANK.NS,0.0844767764210701
2025-10-20,HDFCBANK.NS,1.1861921548843384
2025-10-21,HDFCBANK.NS,1.3112415075302124
2025-10-23,HDFCBANK.NS,1.1001489162445068
2025-10-24,HDFCBANK.NS,0.7190192341804504
2025-10-27,HDFCBANK.NS,0.6934105753898621
2025-10-28,HDFCBANK.NS,1.1619279384613037
2025-10-29,HDFCBANK.NS,2.323531150817871
2025-10-30,HDFCBANK.NS,2.1578965187072754
2025-10-31,HDFCBANK.NS,1.6464587450027466
2025-11-03,HDFCBANK.NS,0.6350036859512329
2025-11-04,HDFCBANK.NS,0.5456730127334595
2025-11-06,HDFCBANK.NS,0.21302323043346405
2025-11-07,HDFCBANK.NS,-0.7936537861824036
2025-11-10,HDFCBANK.NS,-0.9180453419685364
2025-11-11,HDFCBANK.NS,-1.0196532011032104
2025-11-12,HDFCBANK.NS,-0.02012195624411106
2025-11-13,HDFCBANK.NS,-0.5763356685638428
2025-11-14,HDFCBANK.NS,-0.5888432860374451
2025-11-17,HDFCBANK.NS,0.7174321413040161
2025-11-18,HDFCBANK.NS,0.2875984311103821
2025-11-19,HDFCBANK.NS,2.2133865356445312
2025-11-20,HDFCBANK.NS,1.204735279083252
2025-11-21,HDFCBANK.NS,0.38177478313446045
2025-11-24,HDFCBANK.NS,0.37449777126312256
2025-11-25,HDFCBANK.NS,0.23956398665905
2025-11-26,HDFCBANK.NS,1.4460638761520386
2025-11-27,HDFCBANK.NS,0.44225919246673584
2025-07-24,AMZN,0.42676177620887756
2025-07-25,AMZN,0.6585692763328552
2025-07-28,AMZN,0.8031367063522339
2025-07-29,AMZN,0.3050818145275116
2025-07-30,AMZN,0.22639837861061096
2025-07-31,AMZN,0.7839491963386536
2025-08-01,AMZN,0.16805745661258698
2025-08-04,AMZN,0.07155528664588928
2025-08-05,AMZN,0.5741471648216248
2025-08-06,AMZN,0.33190444111824036
2025-08-07,AMZN,0.9021438956260681
2025-08-08,AMZN,1.1931616067886353
2025-08-11,AMZN,1.2262301445007324
2025-08-12,AMZN,1.2055926322937012
2025-08-13,AMZN,1.0643168687820435
2025-08-14,AMZN,0.737726092338562
2025-08-15,AMZN,0.9877078533172607
2025-08-18,AMZN,1.0891817808151245
2025-08-19,AMZN,1.0160740613937378
2025-08-20,AMZN,0.4412175714969635
2025-08-21,AMZN,1.2365659475326538
2025-08-22,AMZN,1.1099845170974731
2025-08-25,AMZN,-0.037446338683366776
2025-08-26,AMZN,0.13664264976978302
2025-08-27,AMZN,0.08914364129304886
2025-08-28,AMZN,0.909268319606781
2025-08-29,AMZN,0.6547187566757202
2025-09-02,AMZN,-0.4793381989002228
2025-09-03,AMZN,0.13289549946784973
2025-09-04,AMZN,0.46420449018478394
2025-09-05,AMZN,0.5586798787117004
2025-09-08,AMZN,0.9629570841789246
2025-09-09,AMZN,0.701066255569458
2025-09-10,AMZN,0.82350754737854
2025-09-11,AMZN,0.17578817903995514
2025-09-12,AMZN,0.3926457464694977
2025-09-15,AMZN,1.4044990539550781
2025-09-16,AMZN,1.298987627029419
2025-09-17,AMZN,0.6134875416755676
2025-09-18,AMZN,0.6386441588401794
2025-09-19,AMZN,0.570406973361969
2025-09-22,AMZN,-0.400799036026001
2025-09-23,AMZN,0.07760248333215714
2025-09-24,AMZN,0.8045235872268677
2025-09-25,AMZN,0.8504212498664856
2025-09-26,AMZN,1.0503520965576172
2025-09-29,AMZN,0.40714630484580994
2025-09-30,AMZN,0.8115795850753784
2025-10-01,AMZN,0.03416217863559723
2025-10-02,AMZN,0.23967508971691132
2025-10-03,AMZN,0.1658806949853897
2025-10-06,AMZN,0.37226104736328125
2025-10-07,AMZN,0.25228098034858704
2025-10-08,AMZN,0.5287980437278748
2025-10-09,AMZN,1.0549379587173462
2025-10-10,AMZN,-0.720807671546936
2025-10-13,AMZN,0.21683980524539948
2025-10-14,AMZN,0.030565345659852028
2025-10-15,AMZN,0.16496849060058594
2025-10-16,AMZN,0.21449537575244904
2025-10-17,AMZN,0.576219916343689
2025-10-20,AMZN,-0.5820747017860413
2025-10-21,AMZN,0.5450495481491089
2025-10-22,AMZN,0.4771495759487152
2025-10-23,AMZN,0.23250780999660492
2025-10-24,AMZN,0.8594573736190796
2025-10-27,AMZN,0.5981015563011169
2025-10-28,AMZN,0.4865996241569519
2025-10-29,AMZN,0.9216911196708679
2025-10-30,AMZN,0.8454297780990601
2025-10-31,AMZN,-0.2738836705684662
2025-11-03,AMZN,-0.265212744474411
2025-11-04,AMZN,-0.29031383991241455
2025-11-05,AMZN,-0.15533828735351562
2025-11-06,AMZN,-0.04399937763810158
2025-11-07,AMZN,0.0265005175024271
2025-11-10,AMZN,0.5105465054512024
2025-11-11,AMZN,1.064074993133545
2025-11-12,AMZN,1.3117388486862183
2025-11-13,AMZN,0.35972315073013306
2025-11-14,AMZN,0.3029104471206665
2025-11-17,AMZN,0.6362746357917786
2025-11-18,AMZN,-0.23390890657901764
2025-11-19,AMZN,-0.112044557929039
2025-11-20,AMZN,1.0698615312576294
2025-11-21,AMZN,1.1306819915771484
2025-11-24,AMZN,0.851873517036438
2025-11-25,AMZN,1.058140754699707
2025-11-26,AMZN,1.2952346801757812
2025-07-24,UNH,0.22469612956047058
2025-07-25,UNH,0.330189973115921
2025-07-28,UNH,0.0750248059630394
2025-07-29,UNH,0.028487330302596092
2025-07-30,UNH,0.2545150816440582
2025-07-31,UNH,0.030200840905308723
2025-08-01,UNH,-0.11266960203647614
2025-08-04,UNH,0.2606610953807831
2025-08-05,UNH,0.03446067497134209
2025-08-06,UNH,0.06131007522344589
2025-08-07,UNH,0.23946423828601837
2025-08-08,UNH,0.5149536728858948
2025-08-11,UNH,0.5597317218780518
2025-08-12,UNH,0.4525386095046997
2025-08-13,UNH,0.47658059000968933
2025-08-14,UNH,0.3917423188686371
2025-08-15,UNH,0.35970067977905273
2025-08-18,UNH,0.3746623992919922
2025-08-19,UNH,0.43635356426239014
2025-08-20,UNH,0.3712944984436035
2025-08-21,UNH,0.2850862145423889
2025-08-22,UNH,0.5332661867141724
2025-08-25,UNH,0.6417572498321533
2025-08-26,UNH,0.7873837947845459
2025-08-27,UNH,0.7025489807128906
2025-08-28,UNH,0.8312555551528931
2025-08-29,UNH,0.7177934050559998
2025-09-02,UNH,0.7449817061424255
2025-09-03,UNH,0.836825430393219
2025-09-04,UNH,0.2718833088874817
2025-09-05,UNH,0.7811909914016724
2025-09-08,UNH,0.7280773520469666
2025-09-09,UNH,0.2931194305419922
2025-09-10,UNH,0.29498186707496643
2025-09-11,UNH,0.29610466957092285
2025-09-12,UNH,0.21686464548110962
2025-09-15,UNH,-0.08809306472539902
2025-09-16,UNH,0.2514857053756714
2025-09-17,UNH,0.300138920545578
2025-09-18,UNH,0.26323971152305603
2025-09-19,UNH,0.300851047039032
2025-09-22,UNH,0.33003440499305725
2025-09-23,UNH,0.5185536742210388
2025-09-24,UNH,0.7054029703140259
2025-09-25,UNH,0.7220402359962463
2025-09-26,UNH,-0.1476566195487976
2025-09-29,UNH,0.11246869713068008
2025-09-30,UNH,0.14320781826972961
2025-10-01,UNH,0.5157819390296936
2025-10-02,UNH,0.5934081673622131
2025-10-03,UNH,0.2661323547363281
2025-10-06,UNH,0.23462748527526855
2025-10-07,UNH,0.2590312361717224
2025-10-08,UNH,0.3241176903247833
2025-10-09,UNH,0.1781795471906662
2025-10-10,UNH,0.17676183581352234
2025-10-13,UNH,0.12035270035266876
2025-10-14,UNH,0.03751802071928978
2025-10-15,UNH,0.1361009031534195
2025-10-16,UNH,0.10850908607244492
2025-10-17,UNH,0.111460842192173
2025-10-20,UNH,0.4908446669578552
2025-10-21,UNH,0.5174948573112488
2025-10-22,UNH,0.002629057038575411
2025-10-23,UNH,0.09784849733114243
2025-10-24,UNH,0.03365441411733627
2025-10-27,UNH,0.4187232255935669
2025-10-28,UNH,0.40149256587028503
2025-10-29,UNH,-0.6153878569602966
2025-10-30,UNH,0.041910599917173386
2025-10-31,UNH,0.4849901795387268
2025-11-03,UNH,0.4832395315170288
2025-11-04,UNH,0.5551917552947998
2025-11-05,UNH,0.5707714557647705
2025-11-06,UNH,0.5554881691932678
2025-11-07,UNH,0.8868053555488586
2025-11-10,UNH,1.0933427810668945
2025-11-11,UNH,0.9062474370002747
2025-11-12,UNH,0.5308658480644226
2025-11-13,UNH,0.9169201254844666
2025-11-14,UNH,0.42831096053123474
2025-11-17,UNH,0.08760597556829453
2025-11-18,UNH,0.36712127923965454
2025-11-19,UNH,0.4820910692214966
2025-11-20,UNH,-0.02377726323902607
2025-11-21,UNH,0.46923530101776123
2025-11-24,UNH,0.798362672328949
2025-11-25,UNH,0.6185874342918396
2025-11-26,UNH,0.4324811100959778
2025-07-24,META,-0.35993584990501404
2025-07-25,META,-0.22485971450805664
2025-07-28,META,-0.16869935393333435
2025-07-29,META,-0.5943220257759094
2025-07-30,META,-0.4799085259437561
2025-07-31,META,-0.12414857000112534
2025-08-01,META,-0.10754472762346268
2025-08-04,META,-0.23438237607479095
2025-08-05,META,-0.09573525935411453
2025-08-06,META,0.20053863525390625
2025-08-07,META,0.09459035098552704
2025-08-08,META,0.3464990556240082
2025-08-11,META,0.5255582332611084
2025-08-12,META,0.3040446639060974
2025-08-13,META,0.6874244213104248
2025-08-14,META,0.8104676008224487
2025-08-15,META,0.9056041836738586
2025-08-18,META,1.0606966018676758
2025-08-19,META,-1.0626558065414429
2025-08-20,META,-0.38855451345443726
2025-08-21,META,-0.24181294441223145
2025-08-22,META,-0.08665678650140762
2025-08-25,META,0.28481847047805786
2025-08-26,META,0.4186462461948395
2025-08-27,META,-0.04384782910346985
2025-08-28,META,-0.3804885745048523
2025-08-29,META,0.14852701127529144
2025-09-02,META,0.7193595767021179
2025-09-03,META,0.006608378607779741
2025-09-04,META,-0.27164116501808167
2025-09-05,META,0.4065881371498108
2025-09-08,META,0.6614050269126892
2025-09-09,META,0.899614155292511
2025-09-10,META,0.333550363779068
2025-09-11,META,0.955158531665802
2025-09-12,META,0.7368959188461304
2025-09-15,META,0.4945446848869324
2025-09-16,META,-0.2618653178215027
2025-09-17,META,-0.267306387424469
2025-09-18,META,-0.2766978144645691
2025-09-19,META,0.34179455041885376
2025-09-22,META,0.28126776218414307
2025-09-23,META,-0.40320760011672974
2025-09-24,META,-0.17971369624137878
2025-09-25,META,-0.1298440545797348
2025-09-26,META,-0.3767552673816681
2025-09-29,META,-0.30124396085739136
2025-09-30,META,-0.07943996042013168
2025-10-01,META,0.7989555597305298
2025-10-02,META,0.8585301041603088
2025-10-03,META,0.7968539595603943
2025-10-06,META,1.0220468044281006
2025-10-07,META,1.0911047458648682
2025-10-08,META,0.6580658555030823
2025-10-09,META,0.637535035610199
2025-10-10,META,0.28523173928260803
2025-10-13,META,-0.19618509709835052
2025-10-14,META,-0.4946298599243164
2025-10-15,META,-0.3457612097263336
2025-10-16,META,-0.8191264271736145
2025-10-17,META,-0.32994920015335083
2025-10-20,META,0.9314491152763367
2025-10-21,META,0.42528432607650757
2025-10-22,META,-0.26969146728515625
2025-10-23,META,0.14348557591438293
2025-10-24,META,0.18628208339214325
2025-10-27,META,-0.0211089588701725
2025-10-28,META,0.5459983944892883
2025-10-29,META,0.5886935591697693
2025-10-30,META,-0.712656557559967
2025-10-31,META,-0.6781318783760071
2025-11-03,META,0.3422878086566925
2025-11-04,META,0.7676411867141724
2025-11-05,META,1.0196622610092163
2025-11-06,META,0.5115841031074524
2025-11-07,META,0.37387412786483765
2025-11-10,META,0.12536287307739258
2025-11-11,META,-0.06026799976825714
2025-11-12,META,-0.22787272930145264
2025-11-13,META,-0.08826988190412521
2025-11-14,META,-0.10177251696586609
2025-11-17,META,-0.28012794256210327
2025-11-18,META,-1.1514943838119507
2025-11-19,META,-0.5233951210975647
2025-11-20,META,-0.21763452887535095
2025-11-21,META,-0.26305171847343445
2025-11-24,META,0.08681152015924454
2025-11-25,META,0.4863331615924835
2025-11-26,META,0.18879498541355133
2025-09-09,^NSEI,0.9035747051239014
2025-09-10,^NSEI,0.32926034927368164
2025-09-11,^NSEI,-0.8717716932296753
2025-09-12,^NSEI,-2.483440637588501
2025-09-15,^NSEI,-2.7885751724243164
2025-09-16,^NSEI,-1.9818177223205566
2025-09-17,^NSEI,1.8268725872039795
2025-09-18,^NSEI,1.471044898033142
2025-09-19,^NSEI,3.139153242111206
2025-09-22,^NSEI,1.4668070077896118
2025-09-23,^NSEI,0.9276533126831055
2025-09-24,^NSEI,0.7484237551689148
2025-09-25,^NSEI,1.2964061498641968
2025-09-26,^NSEI,2.252387762069702
2025-09-29,^NSEI,2.785539150238037
2025-09-30,^NSEI,3.5706937313079834
2025-10-01,^NSEI,6.044444561004639
2025-10-03,^NSEI,6.163379192352295
2025-10-06,^NSEI,2.92458176612854
2025-10-07,^NSEI,2.454284429550171
2025-10-08,^NSEI,1.0223785638809204
2025-10-09,^NSEI,1.3723798990249634
2025-10-10,^NSEI,1.6505379676818848
2025-10-13,^NSEI,2.0690627098083496
2025-10-14,^NSEI,3.027736186981201
2025-10-15,^NSEI,2.852428674697876
2025-10-16,^NSEI,8.54405403137207
2025-10-17,^NSEI,8.627204895019531
2025-10-20,^NSEI,9.051180839538574
2025-10-21,^NSEI,8.570085525512695
2025-10-23,^NSEI,6.864169120788574
2025-10-24,^NSEI,6.685441017150879
2025-10-27,^NSEI,6.781301975250244
2025-10-28,^NSEI,7.510829448699951
2025-10-29,^NSEI,7.478708744049072
2025-10-30,^NSEI,7.243637561798096
2025-10-31,^NSEI,5.827350616455078
2025-11-03,^NSEI,5.249305248260498
2025-11-04,^NSEI,5.936525344848633
2025-11-06,^NSEI,5.843113899230957
2025-11-07,^NSEI,5.956282615661621
2025-11-10,^NSEI,6.262789726257324
2025-11-11,^NSEI,7.880603790283203
2025-11-12,^NSEI,6.881204128265381
2025-11-13,^NSEI,6.905183792114258
2025-11-14,^NSEI,6.961719989776611
2025-11-17,^NSEI,7.101158142089844
2025-11-18,^NSEI,7.900840759277344
2025-11-19,^NSEI,7.832383632659912
2025-11-20,^NSEI,7.111928462982178
2025-11-21,^NSEI,7.682100772857666
2025-11-24,^NSEI,7.899170398712158
2025-11-25,^NSEI,7.803182601928711
2025-11-26,^NSEI,7.895907402038574
2025-11-27,^NSEI,7.127438068389893
2025-12-23,DX-Y.NYB,2.841590642929077
2025-12-24,DX-Y.NYB,-0.38748058676719666
2025-12-26,DX-Y.NYB,-1.7606430053710938
2025-12-29,DX-Y.NYB,-1.2286559343338013
2025-12-30,DX-Y.NYB,3.8014209270477295
2025-12-31,DX-Y.NYB,5.274887561798096
2026-01-02,DX-Y.NYB,2.205474376678467
2026-01-05,DX-Y.NYB,2.394205093383789
2026-01-06,DX-Y.NYB,4.9479875564575195
2026-01-07,DX-Y.NYB,4.278452396392822
2026-01-08,DX-Y.NYB,3.6751906871795654
2026-01-09,DX-Y.NYB,-0.03185559809207916
2026-01-12,DX-Y.NYB,3.2842509746551514
2026-01-13,DX-Y.NYB,1.7767058610916138
2026-01-14,DX-Y.NYB,1.7931290864944458
2026-01-15,DX-Y.NYB,1.6630538702011108
2026-01-16,DX-Y.NYB,1.39811372756958
2026-01-20,DX-Y.NYB,-4.427112579345703
2026-01-21,DX-Y.NYB,-0.8416750431060791
2026-01-22,DX-Y.NYB,2.7395904064178467
2026-01-23,DX-Y.NYB,-0.35588207840919495
2026-01-26,DX-Y.NYB,-0.24760951101779938
2026-01-27,DX-Y.NYB,-0.5585751533508301
2026-01-28,DX-Y.NYB,3.3998658657073975
2026-01-29,DX-Y.NYB,2.947636604309082
2026-01-30,DX-Y.NYB,4.495540142059326
2026-02-02,DX-Y.NYB,6.70361328125
2026-02-03,DX-Y.NYB,7.134501934051514
2026-02-04,DX-Y.NYB,7.09451150894165
2026-02-05,DX-Y.NYB,6.706932067871094
2026-02-06,DX-Y.NYB,8.04687213897705
2026-02-09,DX-Y.NYB,3.901196002960205
2026-02-10,DX-Y.NYB,5.518507957458496
2026-02-11,DX-Y.NYB,5.714930057525635
2026-02-12,DX-Y.NYB,7.587015628814697
2026-02-13,DX-Y.NYB,7.788773536682129
2026-02-17,DX-Y.NYB,5.173596382141113
2026-02-18,DX-Y.NYB,7.404105186462402
2026-02-19,DX-Y.NYB,7.199337482452393
2026-02-20,DX-Y.NYB,4.781501293182373
2026-02-23,DX-Y.NYB,5.6709442138671875
2026-02-24,DX-Y.NYB,6.609133720397949
2026-02-25,DX-Y.NYB,8.561707496643066
2026-02-26,DX-Y.NYB,8.506115913391113
2026-02-27,DX-Y.NYB,7.940587997436523
2026-03-02,DX-Y.NYB,1.243004322052002
2026-03-03,DX-Y.NYB,4.9314374923706055
2026-03-04,DX-Y.NYB,4.057799339294434
2026-03-05,DX-Y.NYB,4.733123779296875
2026-03-06,DX-Y.NYB,4.6301984786987305
2026-03-09,DX-Y.NYB,4.419524192810059
2026-03-10,DX-Y.NYB,4.352673530578613
2026-03-11,DX-Y.NYB,2.163546562194824
2026-03-12,DX-Y.NYB,3.5000977516174316
2026-03-13,DX-Y.NYB,2.2438833713531494
2026-03-16,DX-Y.NYB,4.873960494995117
2026-03-17,DX-Y.NYB,4.146792888641357
2026-03-18,DX-Y.NYB,0.017022330313920975
2026-03-19,DX-Y.NYB,1.133674144744873
2026-03-20,DX-Y.NYB,4.4885172843933105
2026-03-23,DX-Y.NYB,-0.6803892850875854
2026-03-24,DX-Y.NYB,4.123218536376953
2026-03-25,DX-Y.NYB,4.863151550292969
2026-03-26,DX-Y.NYB,4.952699184417725
2026-03-27,DX-Y.NYB,4.8610148429870605
2026-03-30,DX-Y.NYB,4.425786018371582
2026-03-31,DX-Y.NYB,4.52251672744751
2026-04-01,DX-Y.NYB,0.05979752913117409
2026-04-02,DX-Y.NYB,2.918999433517456
2026-04-06,DX-Y.NYB,2.6993980407714844
2026-04-07,DX-Y.NYB,4.262286186218262
2026-04-08,DX-Y.NYB,-2.7379467487335205
2026-04-09,DX-Y.NYB,-4.456061840057373
2026-04-10,DX-Y.NYB,0.4266035854816437
2026-04-13,DX-Y.NYB,3.6407337188720703
2026-04-14,DX-Y.NYB,4.812736988067627
2026-04-15,DX-Y.NYB,4.405658721923828
2026-04-16,DX-Y.NYB,1.368880271911621
2026-04-17,DX-Y.NYB,1.3061238527297974
2026-04-20,DX-Y.NYB,0.3147837519645691
2026-04-21,DX-Y.NYB,-0.5428317189216614
2026-04-22,DX-Y.NYB,2.3789689540863037
2026-04-23,DX-Y.NYB,6.617412567138672
2026-04-24,DX-Y.NYB,6.068238258361816
2026-04-27,DX-Y.NYB,6.550820350646973
2026-04-28,DX-Y.NYB,3.541618585586548
2026-04-29,DX-Y.NYB,-0.8569833040237427
2025-12-23,GBPUSD=X,3.0673134326934814
2025-12-24,GBPUSD=X,4.737660884857178
2025-12-26,GBPUSD=X,5.2327351570129395
2025-12-29,GBPUSD=X,3.3430240154266357
2025-12-30,GBPUSD=X,2.4967570304870605
2025-12-31,GBPUSD=X,3.789275646209717
2026-01-02,GBPUSD=X,5.948008060455322
2026-01-05,GBPUSD=X,2.825366258621216
2026-01-06,GBPUSD=X,2.940751075744629
2026-01-07,GBPUSD=X,5.235116004943848
2026-01-08,GBPUSD=X,5.354040145874023
2026-01-09,GBPUSD=X,3.5196571350097656
2026-01-12,GBPUSD=X,1.9648797512054443
2026-01-13,GBPUSD=X,2.2540042400360107
2026-01-14,GBPUSD=X,2.591749668121338
2026-01-15,GBPUSD=X,1.7352982759475708
2026-01-16,GBPUSD=X,-4.065001010894775
2026-01-19,GBPUSD=X,-2.175248861312866
2026-01-20,GBPUSD=X,-2.1588497161865234
2026-01-21,GBPUSD=X,-0.5263742208480835
2026-01-22,GBPUSD=X,0.1293204128742218
2026-01-23,GBPUSD=X,5.491141319274902
2026-01-26,GBPUSD=X,0.5945980548858643
2026-01-27,GBPUSD=X,1.7152962684631348
2026-01-28,GBPUSD=X,1.7932311296463013
2026-01-29,GBPUSD=X,3.6731314659118652
2026-01-30,GBPUSD=X,1.3544427156448364
2026-02-02,GBPUSD=X,4.607787132263184
2026-02-03,GBPUSD=X,3.357764482498169
2026-02-04,GBPUSD=X,3.011096239089966
2026-02-05,GBPUSD=X,-0.7063698768615723
2026-02-06,GBPUSD=X,-0.6206901669502258
2026-02-09,GBPUSD=X,-1.8379554748535156
2026-02-10,GBPUSD=X,0.146211639046669
2026-02-11,GBPUSD=X,0.06172840669751167
2026-02-12,GBPUSD=X,0.224788099527359
2026-02-13,GBPUSD=X,0.345517098903656
2026-02-16,GBPUSD=X,0.3770054876804352
2026-02-17,GBPUSD=X,5.180253505706787
2026-02-18,GBPUSD=X,6.248350620269775
2026-02-19,GBPUSD=X,-4.134110450744629
2026-02-20,GBPUSD=X,-1.1484819650650024
2026-02-23,GBPUSD=X,2.4333176612854004
2026-02-24,GBPUSD=X,2.1531872749328613
2026-02-25,GBPUSD=X,2.4442954063415527
2026-02-26,GBPUSD=X,1.298448085784912
2026-02-27,GBPUSD=X,2.8899178504943848
2026-03-02,GBPUSD=X,-0.5248360633850098
2026-03-03,GBPUSD=X,3.0343854427337646
2026-03-04,GBPUSD=X,5.666252613067627
2026-03-05,GBPUSD=X,2.9783689975738525
2026-03-06,GBPUSD=X,0.6952801942825317
2026-03-09,GBPUSD=X,3.4409353733062744
2026-03-10,GBPUSD=X,4.890480995178223
2026-03-11,GBPUSD=X,4.870950222015381
2026-03-12,GBPUSD=X,3.1127121448516846
2026-03-13,GBPUSD=X,3.3895463943481445
2026-03-16,GBPUSD=X,-0.7017590999603271
2026-03-17,GBPUSD=X,2.857947587966919
2026-03-18,GBPUSD=X,5.446171283721924
2026-03-19,GBPUSD=X,-4.185297012329102
2026-03-20,GBPUSD=X,-0.8829723596572876
2026-03-23,GBPUSD=X,-3.0118606090545654
2026-03-24,GBPUSD=X,-0.9194462299346924
2026-03-25,GBPUSD=X,-2.0915777683258057
2026-03-26,GBPUSD=X,-4.3892059326171875
2026-03-27,GBPUSD=X,-3.488621950149536
2026-03-30,GBPUSD=X,-3.998420000076294
2026-03-31,GBPUSD=X,-3.4657130241394043
2026-04-01,GBPUSD=X,2.543928623199463
2026-04-02,GBPUSD=X,2.4146080017089844
2026-04-03,GBPUSD=X,-2.041436195373535
2026-04-06,GBPUSD=X,-3.184048652648926
2026-04-07,GBPUSD=X,-1.3996680974960327
2026-04-08,GBPUSD=X,1.5554137229919434
2026-04-09,GBPUSD=X,4.120570659637451
2026-04-10,GBPUSD=X,0.047005634754896164
2026-04-13,GBPUSD=X,4.462200164794922
2026-04-14,GBPUSD=X,4.020096778869629
2026-04-15,GBPUSD=X,4.293586730957031
2026-04-16,GBPUSD=X,5.07645845413208
2026-04-17,GBPUSD=X,2.73435640335083
2026-04-20,GBPUSD=X,5.281225681304932
2026-04-21,GBPUSD=X,2.9449193477630615
2026-04-22,GBPUSD=X,5.7715678215026855
2026-04-23,GBPUSD=X,6.08831787109375
2026-04-24,GBPUSD=X,2.5618231296539307
2026-04-27,GBPUSD=X,1.5314290523529053
2026-04-28,GBPUSD=X,4.06085729598999
2026-04-29,GBPUSD=X,4.059183597564697
2025-12-23,AAPL,0.5528310537338257
2025-12-24,AAPL,0.9842025637626648
2025-12-26,AAPL,0.9039796590805054
2025-12-29,AAPL,1.0985758304595947
2025-12-30,AAPL,0.3702821433544159
2025-12-31,AAPL,-0.24948391318321228
2026-01-02,AAPL,-0.5460397601127625
2026-01-05,AAPL,0.07510799914598465
2026-01-06,AAPL,0.380754292011261
2026-01-07,AAPL,0.5629895925521851
2026-01-08,AAPL,1.2204824686050415
2026-01-09,AAPL,1.584287166595459
2026-01-12,AAPL,1.377425193786621
2026-01-13,AAPL,1.3237015008926392
2026-01-14,AAPL,1.273107647895813
2026-01-15,AAPL,1.393547534942627
2026-01-16,AAPL,1.6115375757217407
2026-01-20,AAPL,1.307845115661621
2026-01-21,AAPL,1.5189998149871826
2026-01-22,AAPL,1.6061227321624756
2026-01-23,AAPL,1.4606223106384277
2026-01-26,AAPL,1.420283317565918
2026-01-27,AAPL,-0.06667270511388779
2026-01-28,AAPL,0.12693849205970764
2026-01-29,AAPL,-0.7985646724700928
2026-01-30,AAPL,-0.9308122992515564
2026-02-02,AAPL,-0.3064669966697693
2026-02-03,AAPL,0.6649128794670105
2026-02-04,AAPL,-0.6035301089286804
2026-02-05,AAPL,-0.29990771412849426
2026-02-06,AAPL,-0.519538164138794
2026-02-09,AAPL,-1.6365962028503418
2026-02-10,AAPL,-1.5828592777252197
2026-02-11,AAPL,-1.5729864835739136
2026-02-12,AAPL,-0.43902239203453064
2026-02-13,AAPL,-0.2612309753894806
2026-02-17,AAPL,-0.822199285030365
2026-02-18,AAPL,-0.1486569494009018
2026-02-19,AAPL,0.5939720869064331
2026-02-20,AAPL,-0.17860719561576843
2026-02-23,AAPL,0.11347781121730804
2026-02-24,AAPL,1.1581765413284302
2026-02-25,AAPL,1.346623420715332
2026-02-26,AAPL,1.4806915521621704
2026-02-27,AAPL,0.0720331147313118
2026-03-02,AAPL,1.3064528703689575
2026-03-03,AAPL,1.8345457315444946
2026-03-04,AAPL,1.710888385772705
2026-03-05,AAPL,1.5976086854934692
2026-03-06,AAPL,-0.0637403205037117
2026-03-09,AAPL,-0.2897835969924927
2026-03-10,AAPL,-0.560443639755249
2026-03-11,AAPL,-0.5642943978309631
2026-03-12,AAPL,0.8268897533416748
2026-03-13,AAPL,0.7076111435890198
2026-03-16,AAPL,1.104320764541626
2026-03-17,AAPL,0.8539797067642212
2026-03-18,AAPL,0.0810389593243599
2026-03-19,AAPL,1.0223100185394287
2026-03-20,AAPL,1.0504285097122192
2026-03-23,AAPL,0.7385655045509338
2026-03-24,AAPL,0.9458839297294617
2026-03-25,AAPL,1.3337100744247437
2026-03-26,AAPL,1.5982263088226318
2026-03-27,AAPL,0.9391759037971497
2026-03-30,AAPL,0.9902817010879517
2026-03-31,AAPL,0.5561108589172363
2026-04-01,AAPL,-0.0457453727722168
2026-04-02,AAPL,-0.4736254811286926
2026-04-06,AAPL,-0.6507554650306702
2026-04-07,AAPL,-0.48341941833496094
2026-04-08,AAPL,-0.06403174251317978
2026-04-09,AAPL,-0.09479313343763351
2026-04-10,AAPL,0.33993402123451233
2026-04-13,AAPL,-0.5436364412307739
2026-04-14,AAPL,-0.2302139550447464
2026-04-15,AAPL,-0.05517122894525528
2026-04-16,AAPL,0.47323188185691833
2026-04-17,AAPL,-0.20489338040351868
2026-04-20,AAPL,-0.30127212405204773
2026-04-21,AAPL,-0.7480559349060059
2026-04-22,AAPL,-0.07934276759624481
2026-04-23,AAPL,0.2698405683040619
2026-04-24,AAPL,0.5938265919685364
2026-04-27,AAPL,0.7186300158500671
2026-04-28,AAPL,1.3255746364593506
2026-04-29,AAPL,1.4388136863708496
2025-12-23,XOM,1.3580631017684937
2025-12-24,XOM,1.8132846355438232
2025-12-26,XOM,1.8689907789230347
2025-12-29,XOM,1.6286274194717407
2025-12-30,XOM,1.7636165618896484
2025-12-31,XOM,1.087458848953247
2026-01-02,XOM,1.4653749465942383
2026-01-05,XOM,1.5301045179367065
2026-01-06,XOM,1.3653537034988403
2026-01-07,XOM,0.7377276420593262
2026-01-08,XOM,2.0700297355651855
2026-01-09,XOM,1.9401196241378784
2026-01-12,XOM,2.3841729164123535
2026-01-13,XOM,1.7994625568389893
2026-01-14,XOM,1.7560139894485474
2026-01-15,XOM,1.9386612176895142
2026-01-16,XOM,1.3704816102981567
2026-01-20,XOM,1.3421961069107056
2026-01-21,XOM,1.0470863580703735
2026-01-22,XOM,1.2361761331558228
2026-01-23,XOM,1.3186694383621216
2026-01-26,XOM,1.6593384742736816
2026-01-27,XOM,1.5144541263580322
2026-01-28,XOM,1.2960405349731445
2026-01-29,XOM,0.7216962575912476
2026-01-30,XOM,0.41222110390663147
2026-02-02,XOM,0.7768347859382629
2026-02-03,XOM,0.29236677289009094
2026-02-04,XOM,0.16494761407375336
2026-02-05,XOM,0.3250093162059784
2026-02-06,XOM,0.3228600323200226
2026-02-09,XOM,0.26003971695899963
2026-02-10,XOM,0.8132955431938171
2026-02-11,XOM,0.2546771168708801
2026-02-12,XOM,0.9895040392875671
2026-02-13,XOM,1.4107134342193604
2026-02-17,XOM,0.5745055675506592
2026-02-18,XOM,1.2646044492721558
2026-02-19,XOM,1.535949468612671
2026-02-20,XOM,1.4036473035812378
2026-02-23,XOM,0.40013203024864197
2026-02-24,XOM,0.30005547404289246
2026-02-25,XOM,0.3005034029483795
2026-02-26,XOM,0.38272184133529663
2026-02-27,XOM,1.701791763305664
2026-03-02,XOM,0.903424859046936
2026-03-03,XOM,0.7099308967590332
2026-03-04,XOM,1.1255170106887817
2026-03-05,XOM,0.32569581270217896
2026-03-06,XOM,0.26866698265075684
2026-03-09,XOM,0.3862086832523346
2026-03-10,XOM,-0.07639329880475998
2026-03-11,XOM,0.3083517849445343
2026-03-12,XOM,0.8257683515548706
2026-03-13,XOM,1.2048237323760986
2026-03-16,XOM,1.2565675973892212
2026-03-17,XOM,1.2733649015426636
2026-03-18,XOM,-0.04353984817862511
2026-03-19,XOM,-0.19932188093662262
2026-03-20,XOM,0.11999160796403885
2026-03-23,XOM,-0.2157823145389557
2026-03-24,XOM,-0.029483994469046593
2026-03-25,XOM,-0.8148913383483887
2026-03-26,XOM,-0.6064186096191406
2026-03-27,XOM,0.29048407077789307
2026-03-30,XOM,-0.5542396306991577
2026-03-31,XOM,-0.6446391344070435
2026-04-01,XOM,0.37175068259239197
2026-04-02,XOM,0.32716256380081177
2026-04-06,XOM,0.29334449768066406
2026-04-07,XOM,0.2888874411582947
2026-04-08,XOM,0.2535420060157776
2026-04-09,XOM,-0.4672106206417084
2026-04-10,XOM,-0.6197107434272766
2026-04-13,XOM,-0.8093281984329224
2026-04-14,XOM,1.0353586673736572
2026-04-15,XOM,0.21062880754470825
2026-04-16,XOM,-0.7090275287628174
2026-04-17,XOM,0.8463433384895325
2026-04-20,XOM,0.07903328537940979
2026-04-21,XOM,-0.6535417437553406
2026-04-22,XOM,-0.27199459075927734
2026-04-23,XOM,0.2900271415710449
2026-04-24,XOM,0.5618493556976318
2026-04-27,XOM,0.2141105979681015
2026-04-28,XOM,1.5481467247009277
2026-04-29,XOM,0.19631017744541168
2025-12-23,^NSEI,9.34052848815918
2025-12-24,^NSEI,6.670312881469727
2025-12-26,^NSEI,6.923391342163086
2025-12-29,^NSEI,8.404095649719238
2025-12-30,^NSEI,8.869060516357422
2025-12-31,^NSEI,5.182229518890381
2026-01-01,^NSEI,8.18117618560791
2026-01-02,^NSEI,4.674530982971191
2026-01-05,^NSEI,4.426224708557129
2026-01-06,^NSEI,9.616567611694336
2026-01-07,^NSEI,9.541058540344238
2026-01-08,^NSEI,6.772923469543457
2026-01-09,^NSEI,2.955594062805176
2026-01-12,^NSEI,3.951793670654297
2026-01-13,^NSEI,3.073499917984009
2026-01-14,^NSEI,3.2251641750335693
2026-01-16,^NSEI,4.745357513427734
2026-01-19,^NSEI,2.154874563217163
2026-01-20,^NSEI,-1.4181275367736816
2026-01-21,^NSEI,-1.521955132484436
2026-01-22,^NSEI,4.245511054992676
2026-01-23,^NSEI,3.4521517753601074
2026-01-27,^NSEI,2.2962887287139893
2026-01-28,^NSEI,0.677908182144165
2026-01-29,^NSEI,-1.196803331375122
2026-01-30,^NSEI,-0.12194740027189255
2026-02-02,^NSEI,-2.4497716426849365
2026-02-03,^NSEI,-1.8134303092956543
2026-02-04,^NSEI,-1.4233016967773438
2026-02-05,^NSEI,-1.36348557472229
2026-02-06,^NSEI,-1.242406964302063
2026-02-09,^NSEI,0.37170249223709106
2026-02-10,^NSEI,1.7437909841537476
2026-02-11,^NSEI,1.480197787284851
2026-02-12,^NSEI,2.104398727416992
2026-02-13,^NSEI,2.8144614696502686
2026-02-16,^NSEI,2.871764898300171
2026-02-17,^NSEI,4.793194770812988
2026-02-18,^NSEI,3.9856531620025635
2026-02-19,^NSEI,4.888160705566406
2026-02-20,^NSEI,6.921603202819824
2026-02-23,^NSEI,8.493185043334961
2026-02-24,^NSEI,7.461147308349609
2026-02-25,^NSEI,8.260679244995117
2026-02-26,^NSEI,7.973285675048828
2026-02-27,^NSEI,2.8969902992248535
2026-03-02,^NSEI,0.6017443537712097
2026-03-04,^NSEI,0.2043958604335785
2026-03-05,^NSEI,3.5508909225463867
2026-03-06,^NSEI,1.8677442073822021
2026-03-09,^NSEI,0.008831438608467579
2026-03-10,^NSEI,-1.652148723602295
2026-03-11,^NSEI,-1.935674786567688
2026-03-12,^NSEI,-2.0834431648254395
2026-03-13,^NSEI,-2.7289342880249023
2026-03-16,^NSEI,-2.6382174491882324
2026-03-17,^NSEI,-2.6166584491729736
2026-03-18,^NSEI,-2.643427848815918
2026-03-19,^NSEI,-4.640018463134766
2026-03-20,^NSEI,-4.635616779327393
2026-03-23,^NSEI,-4.601182460784912
2026-03-24,^NSEI,-4.5053391456604
2026-03-25,^NSEI,-4.392525672912598
2026-03-27,^NSEI,-3.2331056594848633
2026-03-30,^NSEI,-3.1372897624969482
2026-04-01,^NSEI,-2.872596263885498
2026-04-02,^NSEI,-2.8069636821746826
2026-04-06,^NSEI,-2.7977895736694336
2026-04-07,^NSEI,-2.8039870262145996
2026-04-08,^NSEI,-2.591928005218506
2026-04-09,^NSEI,-2.596268892288208
2026-04-10,^NSEI,-2.591571569442749
2026-04-13,^NSEI,-2.5972206592559814
2026-04-15,^NSEI,-2.416579008102417
2026-04-16,^NSEI,-1.853738784790039
2026-04-17,^NSEI,-1.085762619972229
2026-04-20,^NSEI,-0.8889472484588623
2026-04-21,^NSEI,-0.7977257370948792
2026-04-22,^NSEI,-1.055442214012146
2026-04-23,^NSEI,-1.3743925094604492
2026-04-24,^NSEI,-0.48079198598861694
2026-04-27,^NSEI,-1.3248614072799683
2026-04-28,^NSEI,-0.3703075647354126
2026-04-29,^NSEI,-0.2686442732810974
2025-12-23,QQQ,1.8811997175216675
2025-12-24,QQQ,1.7416437864303589
2025-12-26,QQQ,1.7894755601882935
2025-12-29,QQQ,1.6584182977676392
2025-12-30,QQQ,1.5456998348236084
2025-12-31,QQQ,1.285197377204895
2026-01-02,QQQ,1.451566219329834
2026-01-05,QQQ,2.056030035018921
2026-01-06,QQQ,1.7759472131729126
2026-01-07,QQQ,0.950834333896637
2026-01-08,QQQ,1.4399549961090088
2026-01-09,QQQ,1.2263017892837524
2026-01-12,QQQ,1.6592063903808594
2026-01-13,QQQ,1.4265484809875488
2026-01-14,QQQ,1.986169457435608
2026-01-15,QQQ,2.2435290813446045
2026-01-16,QQQ,2.1934783458709717
2026-01-20,QQQ,-1.232747197151184
2026-01-21,QQQ,1.0306745767593384
2026-01-22,QQQ,0.8265396952629089
2026-01-23,QQQ,1.2454819679260254
2026-01-26,QQQ,1.5573399066925049
2026-01-27,QQQ,0.9817182421684265
2026-01-28,QQQ,1.5565718412399292
2026-01-29,QQQ,0.2777683436870575
2026-01-30,QQQ,0.7365216016769409
2026-02-02,QQQ,1.5625805854797363
2026-02-03,QQQ,-1.4585351943969727
2026-02-04,QQQ,-1.614424467086792
2026-02-05,QQQ,-0.841702401638031
2026-02-06,QQQ,1.0983006954193115
2026-02-09,QQQ,1.3838491439819336
2026-02-10,QQQ,1.4217798709869385
2026-02-11,QQQ,1.914738416671753
2026-02-12,QQQ,-1.1826045513153076
2026-02-13,QQQ,1.2417892217636108
2026-02-17,QQQ,1.191400170326233
2026-02-18,QQQ,1.183963418006897
2026-02-19,QQQ,1.1842246055603027
2026-02-20,QQQ,1.3657585382461548
2026-02-23,QQQ,-0.15529578924179077
2026-02-24,QQQ,-1.0298490524291992
2026-02-25,QQQ,0.5033761262893677
2026-02-26,QQQ,-0.6120117902755737
2026-02-27,QQQ,0.4458228051662445
2026-03-02,QQQ,0.21818140149116516
2026-03-03,QQQ,-1.5458080768585205
2026-03-04,QQQ,1.9951255321502686
2026-03-05,QQQ,0.9275595545768738
2026-03-06,QQQ,-1.3871327638626099
2026-03-09,QQQ,0.7240438461303711
2026-03-10,QQQ,1.0454245805740356
2026-03-11,QQQ,0.9072965979576111
2026-03-12,QQQ,-1.22776198387146
2026-03-13,QQQ,-1.2784743309020996
2026-03-16,QQQ,-0.14579254388809204
2026-03-17,QQQ,0.058710288256406784
2026-03-18,QQQ,-1.217094898223877
2026-03-19,QQQ,-0.7772430777549744
2026-03-20,QQQ,-0.22972044348716736
2026-03-23,QQQ,1.3547799587249756
2026-03-24,QQQ,0.916991651058197
2026-03-25,QQQ,1.672611117362976
2026-03-26,QQQ,-0.8139363527297974
2026-03-27,QQQ,-0.2175121158361435
2026-03-30,QQQ,0.865555465221405
2026-03-31,QQQ,1.8357548713684082
2026-04-01,QQQ,2.035538673400879
2026-04-02,QQQ,1.795880913734436
2026-04-06,QQQ,1.1450875997543335
2026-04-07,QQQ,0.2788788676261902
2026-04-08,QQQ,1.1793737411499023
2026-04-09,QQQ,2.142179012298584
2026-04-10,QQQ,1.5785096883773804
2026-04-13,QQQ,1.7040231227874756
2026-04-14,QQQ,1.3417822122573853
2026-04-15,QQQ,0.8327739834785461
2026-04-16,QQQ,-0.311691552400589
2026-04-17,QQQ,-1.3179088830947876
2026-04-20,QQQ,-1.6835618019104004
2026-04-21,QQQ,-0.9053822755813599
2026-04-22,QQQ,-0.42086607217788696
2026-04-23,QQQ,1.1093828678131104
2026-04-24,QQQ,1.4173415899276733
2026-04-27,QQQ,1.7448893785476685
2026-04-28,QQQ,2.60599422454834
2026-04-29,QQQ,2.2453064918518066
2025-12-23,TSLA,0.0561126247048378
2025-12-24,TSLA,0.4448186159133911
2025-12-26,TSLA,0.6874625086784363
2025-12-29,TSLA,0.05147388577461243
2025-12-30,TSLA,0.3041989803314209
2025-12-31,TSLA,0.08118950575590134
2026-01-02,TSLA,-0.31235894560813904
2026-01-05,TSLA,-0.3078150153160095
2026-01-06,TSLA,-0.3353949189186096
2026-01-07,TSLA,-0.17851319909095764
2026-01-08,TSLA,-0.4323914349079132
2026-01-09,TSLA,-0.11314219236373901
2026-01-12,TSLA,0.34607183933258057
2026-01-13,TSLA,0.6081113815307617
2026-01-14,TSLA,0.3235335648059845
2026-01-15,TSLA,0.10664033144712448
2026-01-16,TSLA,-0.3710889518260956
2026-01-20,TSLA,0.34240782260894775
2026-01-21,TSLA,0.770082414150238
2026-01-22,TSLA,0.14741823077201843
2026-01-23,TSLA,-0.13328701257705688
2026-01-26,TSLA,-0.5163460373878479
2026-01-27,TSLA,-0.25675469636917114
2026-01-28,TSLA,0.48711878061294556
2026-01-29,TSLA,-0.42661499977111816
2026-01-30,TSLA,0.6954862475395203
2026-02-02,TSLA,0.2821592390537262
2026-02-03,TSLA,0.28953418135643005
2026-02-04,TSLA,-0.31907814741134644
2026-02-05,TSLA,-0.04985867068171501
2026-02-06,TSLA,0.6910261511802673
2026-02-09,TSLA,0.7218234539031982
2026-02-10,TSLA,0.21291710436344147
2026-02-11,TSLA,0.3907642066478729
2026-02-12,TSLA,-0.22751636803150177
2026-02-13,TSLA,0.12294408679008484
2026-02-17,TSLA,-0.12706102430820465
2026-02-18,TSLA,-0.0076951561495661736
2026-02-19,TSLA,0.5730599164962769
2026-02-20,TSLA,0.6218796968460083
2026-02-23,TSLA,-0.46089038252830505
2026-02-24,TSLA,0.7465227246284485
2026-02-25,TSLA,0.6388922333717346
2026-02-26,TSLA,0.6122546792030334
2026-02-27,TSLA,0.25753864645957947
2026-03-02,TSLA,0.43126046657562256
2026-03-03,TSLA,0.04764522984623909
2026-03-04,TSLA,0.05848032981157303
2026-03-05,TSLA,0.7084170579910278
2026-03-06,TSLA,-0.4118730127811432
2026-03-09,TSLA,0.1738918274641037
2026-03-10,TSLA,0.6595432758331299
2026-03-11,TSLA,0.6151190400123596
2026-03-12,TSLA,-0.4264928996562958
2026-03-13,TSLA,-0.2847782075405121
2026-03-16,TSLA,0.030169542878866196
2026-03-17,TSLA,0.014725594781339169
2026-03-18,TSLA,-0.30999255180358887
2026-03-19,TSLA,-0.5166689157485962
2026-03-20,TSLA,0.06176207959651947
2026-03-23,TSLA,0.3481861650943756
2026-03-24,TSLA,0.4385486841201782
2026-03-25,TSLA,0.6360946893692017
2026-03-26,TSLA,-0.4902200400829315
2026-03-27,TSLA,-0.4939127564430237
2026-03-30,TSLA,0.05889526754617691
2026-03-31,TSLA,0.792434573173523
2026-04-01,TSLA,0.6266041398048401
2026-04-02,TSLA,-0.4785052239894867
2026-04-06,TSLA,-0.4603915214538574
2026-04-07,TSLA,0.08264750242233276
2026-04-08,TSLA,0.30300936102867126
2026-04-09,TSLA,0.4662637412548065
2026-04-10,TSLA,0.3647614121437073
2026-04-13,TSLA,0.6463876962661743
2026-04-14,TSLA,0.45116591453552246
2026-04-15,TSLA,0.908687174320221
2026-04-16,TSLA,0.88496333360672
2026-04-17,TSLA,0.8822824954986572
2026-04-20,TSLA,0.5353256464004517
2026-04-21,TSLA,0.49885550141334534
2026-04-22,TSLA,0.5040956139564514
2026-04-23,TSLA,0.363298237323761
2026-04-24,TSLA,0.33898255228996277
2026-04-27,TSLA,0.3056972324848175
2026-04-28,TSLA,0.280160129070282
2026-04-29,TSLA,0.1866307109594345
2025-12-23,TLT,3.376310110092163
2025-12-24,TLT,-0.6247236132621765
2025-12-26,TLT,-1.1638824939727783
2025-12-29,TLT,0.5499624013900757
2025-12-30,TLT,-2.041870594024658
2025-12-31,TLT,-2.7505056858062744
2026-01-02,TLT,-3.128342866897583
2026-01-05,TLT,-2.399125099182129
2026-01-06,TLT,-1.0708630084991455
2026-01-07,TLT,3.4131460189819336
2026-01-08,TLT,-0.24642349779605865
2026-01-09,TLT,3.753946304321289
2026-01-12,TLT,1.776544213294983
2026-01-13,TLT,2.003197431564331
2026-01-14,TLT,-0.45602306723594666
2026-01-15,TLT,1.1384251117706299
2026-01-16,TLT,0.8520438075065613
2026-01-20,TLT,-2.9350357055664062
2026-01-21,TLT,2.472586154937744
2026-01-22,TLT,0.1465243250131607
2026-01-23,TLT,2.717536449432373
2026-01-26,TLT,1.449120283126831
2026-01-27,TLT,1.8693662881851196
2026-01-28,TLT,-0.45278200507164
2026-01-29,TLT,1.3230265378952026
2026-01-30,TLT,-1.6558289527893066
2026-02-02,TLT,-2.9528298377990723
2026-02-03,TLT,2.2358994483947754
2026-02-04,TLT,1.4653791189193726
2026-02-05,TLT,2.0054304599761963
2026-02-06,TLT,2.4171817302703857
2026-02-09,TLT,1.9215333461761475
2026-02-10,TLT,0.6691864132881165
2026-02-11,TLT,2.4742748737335205
2026-02-12,TLT,0.978588879108429
2026-02-13,TLT,1.0733031034469604
2026-02-17,TLT,1.0169250965118408
2026-02-18,TLT,-0.14554761350154877
2026-02-19,TLT,-0.971795380115509
2026-02-20,TLT,-0.7586770057678223
2026-02-23,TLT,-0.8342953324317932
2026-02-24,TLT,-0.6365357637405396
2026-02-25,TLT,-0.27197858691215515
2026-02-26,TLT,0.22160793840885162
2026-02-27,TLT,2.046260118484497
2026-03-02,TLT,4.066032409667969
2026-03-03,TLT,4.039159774780273
2026-03-04,TLT,2.2762160301208496
2026-03-05,TLT,1.1280388832092285
2026-03-06,TLT,0.7610951662063599
2026-03-09,TLT,-0.4608902633190155
2026-03-10,TLT,0.9764406085014343
2026-03-11,TLT,-0.6342308521270752
2026-03-12,TLT,1.7237170934677124
2026-03-13,TLT,2.0806338787078857
2026-03-16,TLT,2.2099814414978027
2026-03-17,TLT,2.394817352294922
2026-03-18,TLT,2.7110400199890137
2026-03-19,TLT,2.8724863529205322
2026-03-20,TLT,1.3919488191604614
2026-03-23,TLT,2.5656044483184814
2026-03-24,TLT,1.0000169277191162
2026-03-25,TLT,2.053116798400879
2026-03-26,TLT,0.20758414268493652
2026-03-27,TLT,-0.505519449710846
2026-03-30,TLT,-0.41952189803123474
2026-03-31,TLT,1.8182014226913452
2026-04-01,TLT,-0.3704870939254761
2026-04-02,TLT,1.205366611480713
2026-04-06,TLT,0.06473790854215622
2026-04-07,TLT,1.5438201427459717
2026-04-08,TLT,3.2676889896392822
2026-04-09,TLT,0.8452502489089966
2026-04-10,TLT,1.3177367448806763
2026-04-13,TLT,2.6321890354156494
2026-04-14,TLT,1.6116315126419067
2026-04-15,TLT,2.783177614212036
2026-04-16,TLT,1.9309463500976562
2026-04-17,TLT,3.32643461227417
2026-04-20,TLT,5.458122253417969
2026-04-21,TLT,-2.23142147064209
2026-04-22,TLT,2.867588996887207
2026-04-23,TLT,-0.8165446519851685
2026-04-24,TLT,1.7985566854476929
2026-04-27,TLT,-3.6192948818206787
2026-04-28,TLT,-2.0483765602111816
2026-04-29,TLT,-0.8937426209449768
2025-12-23,SPY,2.878438711166382
2025-12-24,SPY,3.2171804904937744
2025-12-26,SPY,2.785975694656372
2025-12-29,SPY,2.1211788654327393
2025-12-30,SPY,3.397822618484497
2025-12-31,SPY,3.208815813064575
2026-01-02,SPY,2.864671468734741
2026-01-05,SPY,2.5646302700042725
2026-01-06,SPY,1.0439127683639526
2026-01-07,SPY,1.8343884944915771
2026-01-08,SPY,2.2831592559814453
2026-01-09,SPY,1.5370122194290161
2026-01-12,SPY,1.1006852388381958
2026-01-13,SPY,0.9329280257225037
2026-01-14,SPY,2.3197553157806396
2026-01-15,SPY,2.2889864444732666
2026-01-16,SPY,2.2916805744171143
2026-01-20,SPY,-1.9849845170974731
2026-01-21,SPY,2.0409886837005615
2026-01-22,SPY,0.9553297162055969
2026-01-23,SPY,1.5355403423309326
2026-01-26,SPY,1.7988917827606201
2026-01-27,SPY,0.7736944556236267
2026-01-28,SPY,0.35795295238494873
2026-01-29,SPY,0.9702188372612
2026-01-30,SPY,1.487018346786499
2026-02-02,SPY,0.2848472595214844
2026-02-03,SPY,-1.167028784751892
2026-02-04,SPY,-1.0954921245574951
2026-02-05,SPY,-2.2792680263519287
2026-02-06,SPY,1.010515809059143
2026-02-09,SPY,2.841101884841919
2026-02-10,SPY,1.8228371143341064
2026-02-11,SPY,2.0947325229644775
2026-02-12,SPY,-1.8992815017700195
2026-02-13,SPY,-1.7010676860809326
2026-02-17,SPY,1.7179207801818848
2026-02-18,SPY,2.1145715713500977
2026-02-19,SPY,1.5429189205169678
2026-02-20,SPY,1.3779855966567993
2026-02-23,SPY,-1.666481614112854
2026-02-24,SPY,1.283910870552063
2026-02-25,SPY,3.953352212905884
2026-02-26,SPY,0.890688419342041
2026-02-27,SPY,-0.3810574412345886
2026-03-02,SPY,-0.06593433767557144
2026-03-03,SPY,-2.7313430309295654
2026-03-04,SPY,-2.3040292263031006
2026-03-05,SPY,-0.930202305316925
2026-03-06,SPY,-0.7416422367095947
2026-03-09,SPY,2.213205575942993
2026-03-10,SPY,2.198140859603882
2026-03-11,SPY,2.0366737842559814
2026-03-12,SPY,-0.2659589648246765
2026-03-13,SPY,0.891907274723053
2026-03-16,SPY,2.4073615074157715
2026-03-17,SPY,2.5069901943206787
2026-03-18,SPY,-0.22993724048137665
2026-03-19,SPY,2.0325658321380615
2026-03-20,SPY,1.1370166540145874
2026-03-23,SPY,2.320935010910034
2026-03-24,SPY,2.324289560317993
2026-03-25,SPY,2.370723009109497
2026-03-26,SPY,1.4112625122070312
2026-03-27,SPY,-0.6716919541358948
2026-03-30,SPY,1.0319626331329346
2026-03-31,SPY,2.8237369060516357
2026-04-01,SPY,2.4726128578186035
2026-04-02,SPY,1.5370711088180542
2026-04-06,SPY,1.104819416999817
2026-04-07,SPY,-0.9395627975463867
2026-04-08,SPY,1.5035579204559326
2026-04-09,SPY,1.9322110414505005
2026-04-10,SPY,1.5821373462677002
2026-04-13,SPY,1.6815670728683472
2026-04-14,SPY,0.9533032178878784
2026-04-15,SPY,0.8279074430465698
2026-04-16,SPY,-1.6587311029434204
2026-04-17,SPY,-2.798583745956421
2026-04-20,SPY,-2.5734739303588867
2026-04-21,SPY,-1.9874987602233887
2026-04-22,SPY,-0.7781635522842407
2026-04-23,SPY,1.0491421222686768
2026-04-24,SPY,2.3180720806121826
2026-04-27,SPY,2.5625128746032715
2026-04-28,SPY,3.1967790126800537
2026-04-29,SPY,3.5293514728546143
2025-12-23,INFY.NS,2.3276355266571045
2025-12-24,INFY.NS,1.0729800462722778
2025-12-26,INFY.NS,0.5806819200515747
2025-12-29,INFY.NS,0.32936081290245056
2025-12-30,INFY.NS,0.36407679319381714
2025-12-31,INFY.NS,0.82193922996521
2026-01-01,INFY.NS,0.1303528994321823
2026-01-02,INFY.NS,0.33049100637435913
2026-01-05,INFY.NS,0.6715102195739746
2026-01-06,INFY.NS,0.9478684067726135
2026-01-07,INFY.NS,1.075359582901001
2026-01-08,INFY.NS,0.960021436214447
2026-01-09,INFY.NS,0.9032006859779358
2026-01-12,INFY.NS,-0.32462963461875916
2026-01-13,INFY.NS,-0.5639918446540833
2026-01-14,INFY.NS,-0.4292536675930023
2026-01-15,INFY.NS,-0.15761615335941315
2026-01-16,INFY.NS,0.5306112170219421
2026-01-19,INFY.NS,1.6222745180130005
2026-01-20,INFY.NS,0.8044683337211609
2026-01-21,INFY.NS,0.12343539297580719
2026-01-22,INFY.NS,-0.03287569433450699
2026-01-23,INFY.NS,0.41095805168151855
2026-01-27,INFY.NS,0.07995017617940903
2026-01-28,INFY.NS,0.7640022039413452
2026-01-29,INFY.NS,0.34634506702423096
2026-01-30,INFY.NS,-0.7210866808891296
2026-02-02,INFY.NS,-0.30875542759895325
2026-02-03,INFY.NS,-0.6761184334754944
2026-02-04,INFY.NS,-1.3159065246582031
2026-02-05,INFY.NS,-0.8632358908653259
2026-02-06,INFY.NS,1.2776515483856201
2026-02-09,INFY.NS,0.9657997488975525
2026-02-10,INFY.NS,0.7073462009429932
2026-02-11,INFY.NS,0.686709463596344
2026-02-12,INFY.NS,0.0260703656822443
2026-02-13,INFY.NS,0.5097977519035339
2026-02-16,INFY.NS,0.30045589804649353
2026-02-17,INFY.NS,0.5351362228393555
2026-02-18,INFY.NS,0.14711306989192963
2026-02-19,INFY.NS,0.2704015374183655
2026-02-20,INFY.NS,0.27349695563316345
2026-02-23,INFY.NS,-0.748619556427002
2026-02-24,INFY.NS,0.19095765054225922
2026-02-25,INFY.NS,0.24456651508808136
2026-02-26,INFY.NS,0.26817142963409424
2026-02-27,INFY.NS,0.2622698247432709
2026-03-02,INFY.NS,0.09579391032457352
2026-03-04,INFY.NS,-1.7640515565872192
2026-03-05,INFY.NS,-0.2949640452861786
2026-03-06,INFY.NS,-0.22937224805355072
2026-03-09,INFY.NS,-0.0016480425838381052
2026-03-10,INFY.NS,-0.6001946926116943
2026-03-11,INFY.NS,-0.8832404017448425
2026-03-12,INFY.NS,-1.466383695602417
2026-03-13,INFY.NS,-1.8516169786453247
2026-03-16,INFY.NS,-1.7741453647613525
2026-03-17,INFY.NS,-1.0692285299301147
2026-03-18,INFY.NS,-0.4218809902667999
2026-03-19,INFY.NS,-2.1026930809020996
2026-03-20,INFY.NS,-1.0408201217651367
2026-03-23,INFY.NS,-0.9344967603683472
2026-03-24,INFY.NS,0.1732325553894043
2026-03-25,INFY.NS,0.16413822770118713
2026-03-27,INFY.NS,-0.17085708677768707
2026-03-30,INFY.NS,-1.7710204124450684
2026-04-01,INFY.NS,0.11914215236902237
2026-04-02,INFY.NS,1.0937159061431885
2026-04-06,INFY.NS,1.2050721645355225
2026-04-07,INFY.NS,1.8231072425842285
2026-04-08,INFY.NS,1.9665234088897705
2026-04-09,INFY.NS,1.9594101905822754
2026-04-10,INFY.NS,0.8809439539909363
2026-04-13,INFY.NS,-0.12147621810436249
2026-04-15,INFY.NS,1.2396713495254517
2026-04-16,INFY.NS,1.411582589149475
2026-04-17,INFY.NS,1.3670603036880493
2026-04-20,INFY.NS,1.6020689010620117
2026-04-21,INFY.NS,1.4866389036178589
2026-04-22,INFY.NS,0.3376416265964508
2026-04-23,INFY.NS,0.1079084575176239
2026-04-24,INFY.NS,-0.6556318402290344
2026-04-27,INFY.NS,-0.3532906472682953
2026-04-28,INFY.NS,-0.3524291217327118
2026-04-29,INFY.NS,0.2817578613758087
2025-12-23,MSFT,0.9683749675750732
2025-12-24,MSFT,0.8434444665908813
2025-12-26,MSFT,0.4221125543117523
2025-12-29,MSFT,0.21149404346942902
2025-12-30,MSFT,-0.40961775183677673
2025-12-31,MSFT,0.1421617716550827
2026-01-02,MSFT,-1.623482346534729
2026-01-05,MSFT,0.32321828603744507
2026-01-06,MSFT,0.33319973945617676
2026-01-07,MSFT,1.1276906728744507
2026-01-08,MSFT,0.8504831194877625
2026-01-09,MSFT,1.1448334455490112
2026-01-12,MSFT,1.191233515739441
2026-01-13,MSFT,-0.3387942314147949
2026-01-14,MSFT,-0.547525942325592
2026-01-15,MSFT,0.014811830595135689
2026-01-16,MSFT,0.20151378214359283
2026-01-20,MSFT,0.5433918833732605
2026-01-21,MSFT,-0.3686482012271881
2026-01-22,MSFT,0.5545704364776611
2026-01-23,MSFT,0.7988659143447876
2026-01-26,MSFT,1.27262544631958
2026-01-27,MSFT,1.1788221597671509
2026-01-28,MSFT,0.12556332349777222
2026-01-29,MSFT,-1.1039193868637085
2026-01-30,MSFT,-1.4015387296676636
2026-02-02,MSFT,-0.4154590666294098
2026-02-03,MSFT,-0.5624551177024841
2026-02-04,MSFT,0.6320837140083313
2026-02-05,MSFT,-0.44677671790122986
2026-02-06,MSFT,0.576879620552063
2026-02-09,MSFT,0.6736491322517395
2026-02-10,MSFT,0.698842465877533
2026-02-11,MSFT,0.6053968071937561
2026-02-12,MSFT,0.6340951919555664
2026-02-13,MSFT,0.7205276489257812
2026-02-17,MSFT,0.7337732911109924
2026-02-18,MSFT,-0.1524677872657776
2026-02-19,MSFT,0.78266841173172
2026-02-20,MSFT,1.0710060596466064
2026-02-23,MSFT,-0.021151063963770866
2026-02-24,MSFT,0.9057962894439697
2026-02-25,MSFT,0.4731624722480774
2026-02-26,MSFT,0.7057893872261047
2026-02-27,MSFT,-0.6649650931358337
2026-03-02,MSFT,0.744642436504364
2026-03-03,MSFT,0.27266427874565125
2026-03-04,MSFT,0.03924395516514778
2026-03-05,MSFT,1.2372742891311646
2026-03-06,MSFT,0.6222667098045349
2026-03-09,MSFT,0.16261588037014008
2026-03-10,MSFT,0.5675956010818481
2026-03-11,MSFT,0.5642226934432983
2026-03-12,MSFT,-0.01981709524989128
2026-03-13,MSFT,-0.006369479466229677
2026-03-16,MSFT,-0.4001186192035675
2026-03-17,MSFT,-0.1197027936577797
2026-03-18,MSFT,0.07944975793361664
2026-03-19,MSFT,0.6767948865890503
2026-03-20,MSFT,0.5880842804908752
2026-03-23,MSFT,0.5457704067230225
2026-03-24,MSFT,0.28320395946502686
2026-03-25,MSFT,0.30946314334869385
2026-03-26,MSFT,0.28986451029777527
2026-03-27,MSFT,0.14034059643745422
2026-03-30,MSFT,0.28674301505088806
2026-03-31,MSFT,1.0423022508621216
2026-04-01,MSFT,1.0535696744918823
2026-04-02,MSFT,1.2109413146972656
2026-04-06,MSFT,1.5477344989776611
2026-04-07,MSFT,1.3811925649642944
2026-04-08,MSFT,1.5508798360824585
2026-04-09,MSFT,0.9053159952163696
2026-04-10,MSFT,0.997192919254303
2026-04-13,MSFT,0.6757700443267822
2026-04-14,MSFT,1.2680093050003052
2026-04-15,MSFT,0.4410432279109955
2026-04-16,MSFT,0.5565776824951172
2026-04-17,MSFT,0.6994606852531433
2026-04-20,MSFT,1.0531953573226929
2026-04-21,MSFT,0.15820617973804474
2026-04-22,MSFT,0.04757199436426163
2026-04-23,MSFT,1.088508129119873
2026-04-24,MSFT,1.1282258033752441
2026-04-27,MSFT,1.588625431060791
2026-04-28,MSFT,1.321289300918579
2026-04-29,MSFT,2.0085325241088867
2025-12-23,META,0.9704088568687439
2025-12-24,META,1.580397605895996
2025-12-26,META,0.9385556578636169
2025-12-29,META,0.6735842227935791
2025-12-30,META,1.1540569067001343
2025-12-31,META,0.8641057014465332
2026-01-02,META,-0.40642037987709045
2026-01-05,META,0.7308922410011292
2026-01-06,META,0.9754178524017334
2026-01-07,META,-0.6507449746131897
2026-01-08,META,-0.9853104948997498
2026-01-09,META,-1.1201356649398804
2026-01-12,META,0.013003885746002197
2026-01-13,META,-0.6884987354278564
2026-01-14,META,-0.3519125282764435
2026-01-15,META,0.02214212715625763
2026-01-16,META,0.14360427856445312
2026-01-20,META,-0.09954527765512466
2026-01-21,META,0.5191280841827393
2026-01-22,META,1.0090720653533936
2026-01-23,META,1.0349864959716797
2026-01-26,META,0.5650844573974609
2026-01-27,META,0.3934265971183777
2026-01-28,META,0.3665864169597626
2026-01-29,META,0.1692422330379486
2026-01-30,META,0.4823805093765259
2026-02-02,META,0.6913632154464722
2026-02-03,META,0.2613523304462433
2026-02-04,META,0.08949945122003555
2026-02-05,META,-0.18127696216106415
2026-02-06,META,-0.07969644665718079
2026-02-09,META,-0.30694106221199036
2026-02-10,META,0.12594594061374664
2026-02-11,META,0.47169575095176697
2026-02-12,META,0.42262399196624756
2026-02-13,META,-0.37420856952667236
2026-02-17,META,-0.6078882813453674
2026-02-18,META,-0.6340532898902893
2026-02-19,META,0.44846922159194946
2026-02-20,META,0.6421592831611633
2026-02-23,META,0.2910650372505188
2026-02-24,META,-0.0804993212223053
2026-02-25,META,0.35829994082450867
2026-02-26,META,0.49859169125556946
2026-02-27,META,0.5286325216293335
2026-03-02,META,0.1926143616437912
2026-03-03,META,0.3315369188785553
2026-03-04,META,1.1607083082199097
2026-03-05,META,0.6551629304885864
2026-03-06,META,-0.3248913884162903
2026-03-09,META,0.19485093653202057
2026-03-10,META,0.4332915246486664
2026-03-11,META,0.590422511100769
2026-03-12,META,-0.3557929992675781
2026-03-13,META,-0.1880239099264145
2026-03-16,META,0.647445559501648
2026-03-17,META,0.3557553291320801
2026-03-18,META,-0.13725771009922028
2026-03-19,META,0.4614752233028412
2026-03-20,META,0.31480005383491516
2026-03-23,META,0.6699995994567871
2026-03-24,META,0.6432026028633118
2026-03-25,META,0.6533923745155334
2026-03-26,META,-0.11555644124746323
2026-03-27,META,0.10959455370903015
2026-03-30,META,0.13367576897144318
2026-03-31,META,0.9789060950279236
2026-04-01,META,0.7501465082168579
2026-04-02,META,0.5958491563796997
2026-04-06,META,0.5465278029441833
2026-04-07,META,0.5581796765327454
2026-04-08,META,0.5345291495323181
2026-04-09,META,0.6614660620689392
2026-04-10,META,0.5854767560958862
2026-04-13,META,0.5009934902191162
2026-04-14,META,1.4391891956329346
2026-04-15,META,1.4619680643081665
2026-04-16,META,0.9534768462181091
2026-04-17,META,0.36014223098754883
2026-04-20,META,0.17123349010944366
2026-04-21,META,0.03942926973104477
2026-04-22,META,0.16353289783000946
2026-04-23,META,1.0518052577972412
2026-04-24,META,1.208615779876709
2026-04-27,META,1.403134822845459
2026-04-28,META,1.085577130317688
2026-04-29,META,0.7904661297798157
2025-12-23,EURUSD=X,2.0499420166015625
2025-12-24,EURUSD=X,1.8342156410217285
2025-12-26,EURUSD=X,2.2751011848449707
2025-12-29,EURUSD=X,2.6285030841827393
2025-12-30,EURUSD=X,3.368182420730591
2025-12-31,EURUSD=X,1.293134093284607
2026-01-02,EURUSD=X,1.3435460329055786
2026-01-05,EURUSD=X,2.668674945831299
2026-01-06,EURUSD=X,2.146165132522583
2026-01-07,EURUSD=X,-1.6013060808181763
2026-01-08,EURUSD=X,-2.5349433422088623
2026-01-09,EURUSD=X,4.7473602294921875
2026-01-12,EURUSD=X,2.7357821464538574
2026-01-13,EURUSD=X,2.099353075027466
2026-01-14,EURUSD=X,3.354789972305298
2026-01-15,EURUSD=X,3.9703309535980225
2026-01-16,EURUSD=X,4.022330284118652
2026-01-19,EURUSD=X,3.1621334552764893
2026-01-20,EURUSD=X,2.5851619243621826
2026-01-21,EURUSD=X,6.531040191650391
2026-01-22,EURUSD=X,1.5371878147125244
2026-01-23,EURUSD=X,4.09975528717041
2026-01-26,EURUSD=X,2.3730573654174805
2026-01-27,EURUSD=X,3.4893250465393066
2026-01-28,EURUSD=X,1.566033124923706
2026-01-29,EURUSD=X,4.090151309967041
2026-01-30,EURUSD=X,2.234595775604248
2026-02-02,EURUSD=X,2.9433400630950928
2026-02-03,EURUSD=X,-1.225095510482788
2026-02-04,EURUSD=X,-2.3149046897888184
2026-02-05,EURUSD=X,-2.494727373123169
2026-02-06,EURUSD=X,-3.871227264404297
2026-02-09,EURUSD=X,-2.273019552230835
2026-02-10,EURUSD=X,0.30265435576438904
2026-02-11,EURUSD=X,2.6869328022003174
2026-02-12,EURUSD=X,1.168260097503662
2026-02-13,EURUSD=X,1.0993328094482422
2026-02-16,EURUSD=X,1.1072403192520142
2026-02-17,EURUSD=X,3.1663739681243896
2026-02-18,EURUSD=X,4.5622429847717285
2026-02-19,EURUSD=X,2.381295919418335
2026-02-20,EURUSD=X,0.5818079113960266
2026-02-23,EURUSD=X,-0.1234399825334549
2026-02-24,EURUSD=X,-0.6779705882072449
2026-02-25,EURUSD=X,-0.828981339931488
2026-02-26,EURUSD=X,0.46176451444625854
2026-02-27,EURUSD=X,0.6733289361000061
2026-03-02,EURUSD=X,2.1576669216156006
2026-03-03,EURUSD=X,0.6988614201545715
2026-03-04,EURUSD=X,0.5900236964225769
2026-03-05,EURUSD=X,4.621781349182129
2026-03-06,EURUSD=X,4.548315048217773
2026-03-09,EURUSD=X,3.7669942378997803
2026-03-10,EURUSD=X,3.5663998126983643
2026-03-11,EURUSD=X,4.014008045196533
2026-03-12,EURUSD=X,3.4759817123413086
2026-03-13,EURUSD=X,3.0131466388702393
2026-03-16,EURUSD=X,5.012352466583252
2026-03-17,EURUSD=X,3.275965929031372
2026-03-18,EURUSD=X,4.954611301422119
2026-03-19,EURUSD=X,4.212944984436035
2026-03-20,EURUSD=X,4.867535591125488
2026-03-23,EURUSD=X,1.7873023748397827
2026-03-24,EURUSD=X,-1.7596749067306519
2026-03-25,EURUSD=X,-2.7819178104400635
2026-03-26,EURUSD=X,-5.147305011749268
2026-03-27,EURUSD=X,-3.752488136291504
2026-03-30,EURUSD=X,-3.6086437702178955
2026-03-31,EURUSD=X,-4.173327445983887
2026-04-01,EURUSD=X,1.6873432397842407
2026-04-02,EURUSD=X,2.1315982341766357
2026-04-03,EURUSD=X,-2.8993470668792725
2026-04-06,EURUSD=X,-1.2603074312210083
2026-04-07,EURUSD=X,-1.0485880374908447
2026-04-08,EURUSD=X,-1.5798825025558472
2026-04-09,EURUSD=X,-2.0968306064605713
2026-04-10,EURUSD=X,0.4479144215583801
2026-04-13,EURUSD=X,-1.7820804119110107
2026-04-14,EURUSD=X,-0.8120627999305725
2026-04-15,EURUSD=X,-0.6668697595596313
2026-04-16,EURUSD=X,1.7427752017974854
2026-04-17,EURUSD=X,-0.51738440990448
2026-04-20,EURUSD=X,2.452385663986206
2026-04-21,EURUSD=X,-0.2851340174674988
2026-04-22,EURUSD=X,5.717051982879639
2026-04-23,EURUSD=X,5.467005252838135
2026-04-24,EURUSD=X,4.42008638381958
2026-04-27,EURUSD=X,3.744452476501465
2026-04-28,EURUSD=X,1.692211627960205
2026-04-29,EURUSD=X,4.677968502044678
2025-12-23,HDFCBANK.NS,2.414607286453247
2025-12-24,HDFCBANK.NS,2.3864328861236572
2025-12-26,HDFCBANK.NS,0.4168027639389038
2025-12-29,HDFCBANK.NS,0.969286322593689
2025-12-30,HDFCBANK.NS,2.4574360847473145
2025-12-31,HDFCBANK.NS,2.7097721099853516
2026-01-01,HDFCBANK.NS,2.8413286209106445
2026-01-02,HDFCBANK.NS,2.7309770584106445
2026-01-05,HDFCBANK.NS,-1.8214373588562012
2026-01-06,HDFCBANK.NS,-0.02771846018731594
2026-01-07,HDFCBANK.NS,-0.0023120155092328787
2026-01-08,HDFCBANK.NS,1.9579006433486938
2026-01-09,HDFCBANK.NS,2.0857629776000977
2026-01-12,HDFCBANK.NS,2.6286280155181885
2026-01-13,HDFCBANK.NS,2.619428873062134
2026-01-14,HDFCBANK.NS,2.5615487098693848
2026-01-15,HDFCBANK.NS,2.491718053817749
2026-01-16,HDFCBANK.NS,3.026520252227783
2026-01-19,HDFCBANK.NS,2.64522123336792
2026-01-20,HDFCBANK.NS,2.834944248199463
2026-01-21,HDFCBANK.NS,2.2687528133392334
2026-01-22,HDFCBANK.NS,2.2951507568359375
2026-01-23,HDFCBANK.NS,2.155508041381836
2026-01-27,HDFCBANK.NS,2.996821880340576
2026-01-28,HDFCBANK.NS,2.7271811962127686
2026-01-29,HDFCBANK.NS,-0.3548295199871063
2026-01-30,HDFCBANK.NS,-2.1663904190063477
2026-02-02,HDFCBANK.NS,-2.0493009090423584
2026-02-03,HDFCBANK.NS,2.883788585662842
2026-02-04,HDFCBANK.NS,2.9833595752716064
2026-02-05,HDFCBANK.NS,2.963114023208618
2026-02-06,HDFCBANK.NS,1.2992489337921143
2026-02-09,HDFCBANK.NS,-0.14244091510772705
2026-02-10,HDFCBANK.NS,-0.36459168791770935
2026-02-11,HDFCBANK.NS,1.6066752672195435
2026-02-12,HDFCBANK.NS,1.482498049736023
2026-02-13,HDFCBANK.NS,-2.2585809230804443
2026-02-16,HDFCBANK.NS,0.08876316249370575
2026-02-17,HDFCBANK.NS,0.4606250524520874
2026-02-18,HDFCBANK.NS,0.989173948764801
2026-02-19,HDFCBANK.NS,0.029435649514198303
2026-02-20,HDFCBANK.NS,-0.13715986907482147
2026-02-23,HDFCBANK.NS,2.544922351837158
2026-02-24,HDFCBANK.NS,-0.6444953680038452
2026-02-25,HDFCBANK.NS,-1.4720603227615356
2026-02-26,HDFCBANK.NS,-1.5417858362197876
2026-02-27,HDFCBANK.NS,-1.7913914918899536
2026-03-02,HDFCBANK.NS,-0.8499497771263123
2026-03-04,HDFCBANK.NS,-0.49293971061706543
2026-03-05,HDFCBANK.NS,0.7546311616897583
2026-03-06,HDFCBANK.NS,-0.7465457320213318
2026-03-09,HDFCBANK.NS,-0.8885014057159424
2026-03-10,HDFCBANK.NS,0.5557109117507935
2026-03-11,HDFCBANK.NS,0.44729340076446533
2026-03-12,HDFCBANK.NS,1.4837799072265625
2026-03-13,HDFCBANK.NS,1.1824754476547241
2026-03-16,HDFCBANK.NS,1.9537408351898193
2026-03-17,HDFCBANK.NS,2.083165407180786
2026-03-18,HDFCBANK.NS,1.4063997268676758
2026-03-19,HDFCBANK.NS,-1.834560751914978
2026-03-20,HDFCBANK.NS,-1.5407688617706299
2026-03-23,HDFCBANK.NS,-1.2509441375732422
2026-03-24,HDFCBANK.NS,0.0009586535743437707
2026-03-25,HDFCBANK.NS,0.8287684917449951
2026-03-27,HDFCBANK.NS,-1.2907111644744873
2026-03-30,HDFCBANK.NS,-1.330937385559082
2026-04-01,HDFCBANK.NS,0.004667598754167557
2026-04-02,HDFCBANK.NS,0.9026113748550415
2026-04-06,HDFCBANK.NS,1.026813268661499
2026-04-07,HDFCBANK.NS,1.240720272064209
2026-04-08,HDFCBANK.NS,1.4710345268249512
2026-04-09,HDFCBANK.NS,0.4611252248287201
2026-04-10,HDFCBANK.NS,-0.18133015930652618
2026-04-13,HDFCBANK.NS,-0.7810664176940918
2026-04-15,HDFCBANK.NS,-0.42260244488716125
2026-04-16,HDFCBANK.NS,-0.5842146277427673
2026-04-17,HDFCBANK.NS,-0.4116818308830261
2026-04-20,HDFCBANK.NS,0.1068512424826622
2026-04-21,HDFCBANK.NS,1.5917590856552124
2026-04-22,HDFCBANK.NS,1.4272867441177368
2026-04-23,HDFCBANK.NS,0.10820698738098145
2026-04-24,HDFCBANK.NS,0.8952630758285522
2026-04-27,HDFCBANK.NS,0.9548212289810181
2026-04-28,HDFCBANK.NS,-0.10137483477592468
2026-04-29,HDFCBANK.NS,0.0849354937672615
2025-12-23,RELIANCE.NS,3.12682843208313
2025-12-24,RELIANCE.NS,1.4766148328781128
2025-12-26,RELIANCE.NS,0.9335349798202515
2025-12-29,RELIANCE.NS,1.5759786367416382
2025-12-30,RELIANCE.NS,1.0336135625839233
2025-12-31,RELIANCE.NS,3.359222888946533
2026-01-01,RELIANCE.NS,3.168807029724121
2026-01-02,RELIANCE.NS,2.373117446899414
2026-01-05,RELIANCE.NS,2.4216344356536865
2026-01-06,RELIANCE.NS,0.3656228482723236
2026-01-07,RELIANCE.NS,-0.6348665356636047
2026-01-08,RELIANCE.NS,-0.2922956049442291
2026-01-09,RELIANCE.NS,0.6540684700012207
2026-01-12,RELIANCE.NS,0.9069728851318359
2026-01-13,RELIANCE.NS,0.44489139318466187
2026-01-14,RELIANCE.NS,0.9404317736625671
2026-01-15,RELIANCE.NS,1.113189935684204
2026-01-16,RELIANCE.NS,1.4617384672164917
2026-01-19,RELIANCE.NS,1.0986900329589844
2026-01-20,RELIANCE.NS,0.8902817964553833
2026-01-21,RELIANCE.NS,1.1899549961090088
2026-01-22,RELIANCE.NS,1.5064014196395874
2026-01-23,RELIANCE.NS,0.8164702653884888
2026-01-27,RELIANCE.NS,1.2688456773757935
2026-01-28,RELIANCE.NS,2.015568494796753
2026-01-29,RELIANCE.NS,1.6304666996002197
2026-01-30,RELIANCE.NS,1.8159323930740356
2026-02-02,RELIANCE.NS,1.628966212272644
2026-02-03,RELIANCE.NS,1.512547254562378
2026-02-04,RELIANCE.NS,0.20514073967933655
2026-02-05,RELIANCE.NS,-0.2755119502544403
2026-02-06,RELIANCE.NS,-0.11024430394172668
2026-02-09,RELIANCE.NS,-0.04141484200954437
2026-02-10,RELIANCE.NS,0.3756418228149414
2026-02-11,RELIANCE.NS,0.4888070225715637
2026-02-12,RELIANCE.NS,0.8401368856430054
2026-02-13,RELIANCE.NS,-0.008097970858216286
2026-02-16,RELIANCE.NS,0.9877316355705261
2026-02-17,RELIANCE.NS,0.08480396121740341
2026-02-18,RELIANCE.NS,1.4457308053970337
2026-02-19,RELIANCE.NS,0.7923763990402222
2026-02-20,RELIANCE.NS,-0.3492577373981476
2026-02-23,RELIANCE.NS,0.28818631172180176
2026-02-24,RELIANCE.NS,0.9745259881019592
2026-02-25,RELIANCE.NS,0.7102579474449158
2026-02-26,RELIANCE.NS,-0.9256350994110107
2026-02-27,RELIANCE.NS,0.6547372937202454
2026-03-02,RELIANCE.NS,-1.7094950675964355
2026-03-04,RELIANCE.NS,-1.5389750003814697
2026-03-05,RELIANCE.NS,-1.3802239894866943
2026-03-06,RELIANCE.NS,-0.39285552501678467
2026-03-09,RELIANCE.NS,-0.06613896787166595
2026-03-10,RELIANCE.NS,0.0308020431548357
2026-03-11,RELIANCE.NS,-0.8771106600761414
2026-03-12,RELIANCE.NS,0.5009585618972778
2026-03-13,RELIANCE.NS,-0.373155802488327
2026-03-16,RELIANCE.NS,-0.18512454628944397
2026-03-17,RELIANCE.NS,0.26862844824790955
2026-03-18,RELIANCE.NS,1.1220730543136597
2026-03-19,RELIANCE.NS,-0.772304356098175
2026-03-20,RELIANCE.NS,3.1748900413513184
2026-03-23,RELIANCE.NS,2.548814058303833
2026-03-24,RELIANCE.NS,3.2704474925994873
2026-03-25,RELIANCE.NS,3.321260929107666
2026-03-27,RELIANCE.NS,-1.6627757549285889
2026-03-30,RELIANCE.NS,-1.6902719736099243
2026-04-01,RELIANCE.NS,-0.6813382506370544
2026-04-02,RELIANCE.NS,0.7028084397315979
2026-04-06,RELIANCE.NS,-1.516226053237915
2026-04-07,RELIANCE.NS,-0.4598369896411896
2026-04-08,RELIANCE.NS,-0.4913385212421417
2026-04-09,RELIANCE.NS,0.13213984668254852
2026-04-10,RELIANCE.NS,-0.10487045347690582
2026-04-13,RELIANCE.NS,-0.04122043401002884
2026-04-15,RELIANCE.NS,-0.06886754184961319
2026-04-16,RELIANCE.NS,-0.03707203269004822
2026-04-17,RELIANCE.NS,1.0570974349975586
2026-04-20,RELIANCE.NS,-0.14083358645439148
2026-04-21,RELIANCE.NS,-1.060715675354004
2026-04-22,RELIANCE.NS,-0.7776699662208557
2026-04-23,RELIANCE.NS,-2.1672797203063965
2026-04-24,RELIANCE.NS,-1.2417973279953003
2026-04-27,RELIANCE.NS,2.514190673828125
2026-04-28,RELIANCE.NS,1.5699548721313477
2026-04-29,RELIANCE.NS,0.38224267959594727
2025-12-23,USDJPY=X,2.549922466278076
2025-12-24,USDJPY=X,-1.4827537536621094
2025-12-26,USDJPY=X,-1.8145933151245117
2025-12-29,USDJPY=X,0.9560739398002625
2025-12-30,USDJPY=X,-2.4694135189056396
2025-12-31,USDJPY=X,-0.8628550171852112
2026-01-02,USDJPY=X,0.9234378337860107
2026-01-05,USDJPY=X,0.7300607562065125
2026-01-06,USDJPY=X,-0.15996812283992767
2026-01-07,USDJPY=X,-0.9945844411849976
2026-01-08,USDJPY=X,-0.2553480863571167
2026-01-09,USDJPY=X,1.1255688667297363
2026-01-12,USDJPY=X,1.9709628820419312
2026-01-13,USDJPY=X,3.888514518737793
2026-01-14,USDJPY=X,3.944493532180786
2026-01-15,USDJPY=X,3.5318195819854736
2026-01-16,USDJPY=X,3.2674005031585693
2026-01-19,USDJPY=X,1.3444098234176636
2026-01-20,USDJPY=X,2.4029383659362793
2026-01-21,USDJPY=X,3.2012510299682617
2026-01-22,USDJPY=X,2.8596649169921875
2026-01-23,USDJPY=X,1.5631192922592163
2026-01-26,USDJPY=X,-3.1265931129455566
2026-01-27,USDJPY=X,-2.6525933742523193
2026-01-28,USDJPY=X,-0.624556839466095
2026-01-29,USDJPY=X,1.9061752557754517
2026-01-30,USDJPY=X,2.441246271133423
2026-02-02,USDJPY=X,3.595597267150879
2026-02-03,USDJPY=X,4.163092613220215
2026-02-04,USDJPY=X,4.5895538330078125
2026-02-05,USDJPY=X,3.2867588996887207
2026-02-06,USDJPY=X,3.488755226135254
2026-02-09,USDJPY=X,3.42878794670105
2026-02-10,USDJPY=X,4.777153491973877
2026-02-11,USDJPY=X,0.03054218553006649
2026-02-12,USDJPY=X,-1.5612207651138306
2026-02-13,USDJPY=X,0.8540486097335815
2026-02-16,USDJPY=X,-0.42391520738601685
2026-02-17,USDJPY=X,-0.7110821008682251
2026-02-18,USDJPY=X,-0.6398294568061829
2026-02-19,USDJPY=X,-2.5733144283294678
2026-02-20,USDJPY=X,-1.4416358470916748
2026-02-23,USDJPY=X,-0.9505585432052612
2026-02-24,USDJPY=X,-2.04249906539917
2026-02-25,USDJPY=X,0.17739759385585785
2026-02-26,USDJPY=X,2.207639217376709
2026-02-27,USDJPY=X,2.1340157985687256
2026-03-02,USDJPY=X,0.107535719871521
2026-03-03,USDJPY=X,-0.015172717161476612
2026-03-04,USDJPY=X,0.002336757956072688
2026-03-05,USDJPY=X,0.9831038117408752
2026-03-06,USDJPY=X,-0.19008760154247284
2026-03-09,USDJPY=X,0.718574047088623
2026-03-10,USDJPY=X,-0.22472350299358368
2026-03-11,USDJPY=X,-0.29352954030036926
2026-03-12,USDJPY=X,0.7049911618232727
2026-03-13,USDJPY=X,1.2324590682983398
2026-03-16,USDJPY=X,1.4344457387924194
2026-03-17,USDJPY=X,0.848239004611969
2026-03-18,USDJPY=X,2.4275870323181152
2026-03-19,USDJPY=X,1.269761085510254
2026-03-20,USDJPY=X,0.8241159915924072
2026-03-23,USDJPY=X,1.9484531879425049
2026-03-24,USDJPY=X,0.8643773794174194
2026-03-25,USDJPY=X,0.9430639743804932
2026-03-26,USDJPY=X,3.046095848083496
2026-03-27,USDJPY=X,3.615757465362549
2026-03-30,USDJPY=X,2.5813910961151123
2026-03-31,USDJPY=X,3.2998969554901123
2026-04-01,USDJPY=X,-0.3294093906879425
2026-04-02,USDJPY=X,1.337792992591858
2026-04-03,USDJPY=X,5.318688869476318
2026-04-06,USDJPY=X,6.246373653411865
2026-04-07,USDJPY=X,6.187098503112793
2026-04-08,USDJPY=X,-0.41281184554100037
2026-04-09,USDJPY=X,-1.2404884099960327
2026-04-10,USDJPY=X,-0.8870892524719238
2026-04-13,USDJPY=X,3.7867002487182617
2026-04-14,USDJPY=X,-0.9793422818183899
2026-04-15,USDJPY=X,0.6752960681915283
2026-04-16,USDJPY=X,1.7070485353469849
2026-04-17,USDJPY=X,0.6851906180381775
2026-04-20,USDJPY=X,0.18784664571285248
2026-04-21,USDJPY=X,0.9710718393325806
2026-04-22,USDJPY=X,3.690176010131836
2026-04-23,USDJPY=X,5.116136074066162
2026-04-24,USDJPY=X,5.613808631896973
2026-04-27,USDJPY=X,5.896514415740967
2026-04-28,USDJPY=X,5.136573314666748
2026-04-29,USDJPY=X,5.428141117095947
2025-12-23,GOOGL,1.6779228448867798
2025-12-24,GOOGL,1.6720592975616455
2025-12-26,GOOGL,1.6453382968902588
2025-12-29,GOOGL,1.7506457567214966
2025-12-30,GOOGL,1.7526746988296509
2025-12-31,GOOGL,0.7455108165740967
2026-01-02,GOOGL,-0.4938185214996338
2026-01-05,GOOGL,-0.6876086592674255
2026-01-06,GOOGL,-0.11849406361579895
2026-01-07,GOOGL,-1.6850345134735107
2026-01-08,GOOGL,-1.4767138957977295
2026-01-09,GOOGL,-0.7427546977996826
2026-01-12,GOOGL,-0.802391767501831
2026-01-13,GOOGL,-0.8940626382827759
2026-01-14,GOOGL,-1.5649791955947876
2026-01-15,GOOGL,-1.431102991104126
2026-01-16,GOOGL,-1.0437486171722412
2026-01-20,GOOGL,0.3163681626319885
2026-01-21,GOOGL,-0.38691312074661255
2026-01-22,GOOGL,-0.5265516042709351
2026-01-23,GOOGL,-0.3375510573387146
2026-01-26,GOOGL,-0.13777536153793335
2026-01-27,GOOGL,0.5500351786613464
2026-01-28,GOOGL,0.22036167979240417
2026-01-29,GOOGL,0.5014978051185608
2026-01-30,GOOGL,0.9047260284423828
2026-02-02,GOOGL,-0.12790443003177643
2026-02-03,GOOGL,0.6090336441993713
2026-02-04,GOOGL,1.6194316148757935
2026-02-05,GOOGL,1.5859510898590088
2026-02-06,GOOGL,-0.4983695149421692
2026-02-09,GOOGL,-0.5364586710929871
2026-02-10,GOOGL,0.7535939812660217
2026-02-11,GOOGL,0.7674703598022461
2026-02-12,GOOGL,0.7150837779045105
2026-02-13,GOOGL,0.8649246096611023
2026-02-17,GOOGL,1.1201051473617554
2026-02-18,GOOGL,0.895637035369873
2026-02-19,GOOGL,0.8623753786087036
2026-02-20,GOOGL,0.8952842950820923
2026-02-23,GOOGL,1.4111204147338867
2026-02-24,GOOGL,1.3293485641479492
2026-02-25,GOOGL,1.4192324876785278
2026-02-26,GOOGL,1.174269676208496
2026-02-27,GOOGL,1.9088187217712402
2026-03-02,GOOGL,1.0288194417953491
2026-03-03,GOOGL,-0.7557476758956909
2026-03-04,GOOGL,-0.26678666472435
2026-03-05,GOOGL,-0.2649156451225281
2026-03-06,GOOGL,-0.2302403599023819
2026-03-09,GOOGL,-0.4681625962257385
2026-03-10,GOOGL,-0.2375832200050354
2026-03-11,GOOGL,0.5017732977867126
2026-03-12,GOOGL,1.025976538658142
2026-03-13,GOOGL,1.1024107933044434
2026-03-16,GOOGL,0.7381799221038818
2026-03-17,GOOGL,1.5709869861602783
2026-03-18,GOOGL,0.897746205329895
2026-03-19,GOOGL,0.18242278695106506
2026-03-20,GOOGL,-0.9182266592979431
2026-03-23,GOOGL,0.8122845888137817
2026-03-24,GOOGL,-0.40922003984451294
2026-03-25,GOOGL,-0.5318104028701782
2026-03-26,GOOGL,-0.12184633314609528
2026-03-27,GOOGL,0.4443678855895996
2026-03-30,GOOGL,0.6103439927101135
2026-03-31,GOOGL,1.2064807415008545
2026-04-01,GOOGL,0.787928581237793
2026-04-02,GOOGL,1.2465667724609375
2026-04-06,GOOGL,0.9251914024353027
2026-04-07,GOOGL,0.6141111254692078
2026-04-08,GOOGL,0.2510876953601837
2026-04-09,GOOGL,0.2305709570646286
2026-04-10,GOOGL,0.14136500656604767
2026-04-13,GOOGL,0.15356458723545074
2026-04-14,GOOGL,0.1256573647260666
2026-04-15,GOOGL,-0.12397749722003937
2026-04-16,GOOGL,-0.2362743318080902
2026-04-17,GOOGL,-0.7400050163269043
2026-04-20,GOOGL,-0.49696940183639526
2026-04-21,GOOGL,0.10790275037288666
2026-04-22,GOOGL,-0.1856851875782013
2026-04-23,GOOGL,0.4866751432418823
2026-04-24,GOOGL,0.9185571670532227
2026-04-27,GOOGL,0.9209218621253967
2026-04-28,GOOGL,1.3612346649169922
2026-04-29,GOOGL,1.4457836151123047
2025-12-23,GC=F,0.43426698446273804
2025-12-24,GC=F,0.15615685284137726
2025-12-26,GC=F,-0.06818565726280212
2025-12-29,GC=F,0.4700067639350891
2025-12-30,GC=F,0.33731797337532043
2025-12-31,GC=F,0.04933248087763786
2026-01-02,GC=F,0.25149303674697876
2026-01-05,GC=F,1.7620558738708496
2026-01-06,GC=F,1.7955334186553955
2026-01-07,GC=F,0.35413411259651184
2026-01-08,GC=F,0.34421053528785706
2026-01-09,GC=F,0.3499714136123657
2026-01-12,GC=F,1.433292031288147
2026-01-13,GC=F,0.9161922335624695
2026-01-14,GC=F,0.7253801226615906
2026-01-15,GC=F,0.863789975643158
2026-01-16,GC=F,0.484346866607666
2026-01-20,GC=F,0.0821644738316536
2026-01-21,GC=F,-0.502080500125885
2026-01-22,GC=F,-0.6159519553184509
2026-01-23,GC=F,0.020466618239879608
2026-01-26,GC=F,0.12447262555360794
2026-01-27,GC=F,0.6623857617378235
2026-01-28,GC=F,0.6144130229949951
2026-01-29,GC=F,2.8426918983459473
2026-01-30,GC=F,2.8117501735687256
2026-02-02,GC=F,3.3202593326568604
2026-02-03,GC=F,2.746229887008667
2026-02-04,GC=F,2.8803458213806152
2026-02-05,GC=F,2.8927040100097656
2026-02-06,GC=F,2.9040584564208984
2026-02-09,GC=F,2.9106202125549316
2026-02-10,GC=F,2.9210853576660156
2026-02-11,GC=F,2.933025360107422
2026-02-12,GC=F,2.8018782138824463
2026-02-13,GC=F,2.880406618118286
2026-02-17,GC=F,3.2982656955718994
2026-02-18,GC=F,2.79628324508667
2026-02-19,GC=F,2.7535080909729004
2026-02-20,GC=F,2.749825954437256
2026-02-23,GC=F,2.8477096557617188
2026-02-24,GC=F,2.9033265113830566
2026-02-25,GC=F,2.9220786094665527
2026-02-26,GC=F,2.92516827583313
2026-02-27,GC=F,1.4169412851333618
2026-03-02,GC=F,1.23136568069458
2026-03-03,GC=F,2.7892727851867676
2026-03-04,GC=F,2.761000394821167
2026-03-05,GC=F,2.7784390449523926
2026-03-06,GC=F,2.777245044708252
2026-03-09,GC=F,2.6560757160186768
2026-03-10,GC=F,1.498602032661438
2026-03-11,GC=F,0.8968470096588135
2026-03-12,GC=F,0.4286886155605316
2026-03-13,GC=F,-0.5103806853294373
2026-03-16,GC=F,-0.11148598045110703
2026-03-17,GC=F,0.9616268277168274
2026-03-18,GC=F,2.3557417392730713
2026-03-19,GC=F,0.4943483769893646
2026-03-20,GC=F,0.18925707042217255
2026-03-23,GC=F,0.12514735758304596
2026-03-24,GC=F,0.22879235446453094
2026-03-25,GC=F,0.8866676688194275
2026-03-26,GC=F,0.3421946167945862
2026-03-27,GC=F,1.739395022392273
2026-03-30,GC=F,2.317645311355591
2026-03-31,GC=F,2.1582326889038086
2026-04-01,GC=F,1.5640144348144531
2026-04-02,GC=F,1.1880929470062256
2026-04-06,GC=F,1.0253331661224365
2026-04-07,GC=F,0.09463397413492203
2026-04-08,GC=F,-0.15270446240901947
2026-04-09,GC=F,-0.1666695475578308
2026-04-10,GC=F,-0.1979777067899704
2026-04-13,GC=F,-0.13366930186748505
2026-04-14,GC=F,0.5736105442047119
2026-04-15,GC=F,0.5844628810882568
2026-04-16,GC=F,0.5427113175392151
2026-04-17,GC=F,0.9029985070228577
2026-04-20,GC=F,0.9379067420959473
2026-04-21,GC=F,1.3891435861587524
2026-04-22,GC=F,1.3850618600845337
2026-04-23,GC=F,1.4481031894683838
2026-04-24,GC=F,1.4504424333572388
2026-04-27,GC=F,0.49370262026786804
2026-04-28,GC=F,-1.722523808479309
2026-04-29,GC=F,-2.0939903259277344
2025-12-23,EEM,1.4641088247299194
2025-12-24,EEM,2.195453643798828
2025-12-26,EEM,1.9837908744812012
2025-12-29,EEM,1.1750843524932861
2025-12-30,EEM,1.4789423942565918
2025-12-31,EEM,1.2742245197296143
2026-01-02,EEM,0.982539713382721
2026-01-05,EEM,1.0746781826019287
2026-01-06,EEM,1.847516417503357
2026-01-07,EEM,0.6425542831420898
2026-01-08,EEM,-0.6411657333374023
2026-01-09,EEM,-0.04816996678709984
2026-01-12,EEM,0.8891146779060364
2026-01-13,EEM,0.6507059931755066
2026-01-14,EEM,0.9547527432441711
2026-01-15,EEM,1.7429962158203125
2026-01-16,EEM,2.2046761512756348
2026-01-20,EEM,3.529287099838257
2026-01-21,EEM,2.3722708225250244
2026-01-22,EEM,2.239351511001587
2026-01-23,EEM,2.4205586910247803
2026-01-26,EEM,2.3944284915924072
2026-01-27,EEM,3.2019126415252686
2026-01-28,EEM,3.340644598007202
2026-01-29,EEM,2.4300248622894287
2026-01-30,EEM,1.6644293069839478
2026-02-02,EEM,2.0299413204193115
2026-02-03,EEM,2.0367393493652344
2026-02-04,EEM,0.7894871830940247
2026-02-05,EEM,1.6871601343154907
2026-02-06,EEM,3.615792751312256
2026-02-09,EEM,3.8605799674987793
2026-02-10,EEM,3.3209426403045654
2026-02-11,EEM,3.6988348960876465
2026-02-12,EEM,3.5836281776428223
2026-02-13,EEM,2.742981195449829
2026-02-17,EEM,3.4903078079223633
2026-02-18,EEM,1.99778413772583
2026-02-19,EEM,2.9687881469726562
2026-02-20,EEM,1.5495654344558716
2026-02-23,EEM,2.1592767238616943
2026-02-24,EEM,1.787794828414917
2026-02-25,EEM,2.46089768409729
2026-02-26,EEM,1.780417561531067
2026-02-27,EEM,1.7759103775024414
2026-03-02,EEM,0.4478287696838379
2026-03-03,EEM,-1.1853781938552856
2026-03-04,EEM,1.237505316734314
2026-03-05,EEM,0.4676728844642639
2026-03-06,EEM,0.4822993576526642
2026-03-09,EEM,1.0240522623062134
2026-03-10,EEM,1.0325384140014648
2026-03-11,EEM,1.0630159378051758
2026-03-12,EEM,1.11636221408844
2026-03-13,EEM,-0.007678542286157608
2026-03-16,EEM,-0.27311021089553833
2026-03-17,EEM,1.194555640220642
2026-03-18,EEM,0.5308737754821777
2026-03-19,EEM,-0.2709692120552063
2026-03-20,EEM,-1.2358404397964478
2026-03-23,EEM,1.8031041622161865
2026-03-24,EEM,1.0716757774353027
2026-03-25,EEM,0.8017488718032837
2026-03-26,EEM,-1.0738325119018555
2026-03-27,EEM,-1.0190298557281494
2026-03-30,EEM,0.4049931466579437
2026-03-31,EEM,0.7031943798065186
2026-04-01,EEM,0.5365898609161377
2026-04-02,EEM,1.216456651687622
2026-04-06,EEM,0.7631223797798157
2026-04-07,EEM,0.14710861444473267
2026-04-08,EEM,-5.416632484411821e-05
2026-04-09,EEM,0.3025219440460205
2026-04-10,EEM,0.40003302693367004
2026-04-13,EEM,0.6995583176612854
2026-04-14,EEM,0.13095928728580475
2026-04-15,EEM,-0.32159578800201416
2026-04-16,EEM,-0.5054680109024048
2026-04-17,EEM,-0.6991560459136963
2026-04-20,EEM,-0.7299006581306458
2026-04-21,EEM,-0.14162199199199677
2026-04-22,EEM,0.5995905995368958
2026-04-23,EEM,1.455268383026123
2026-04-24,EEM,0.8071779012680054
2026-04-27,EEM,0.6817049980163574
2026-04-28,EEM,1.5685365200042725
2026-04-29,EEM,1.698368787765503
2025-12-23,UNH,0.20661459863185883
2025-12-24,UNH,0.03885190561413765
2025-12-26,UNH,0.6867721080780029
2025-12-29,UNH,-0.15277114510536194
2025-12-30,UNH,0.4166262447834015
2025-12-31,UNH,-0.196241095662117
2026-01-02,UNH,0.8329956531524658
2026-01-05,UNH,0.4000129997730255
2026-01-06,UNH,0.8497012257575989
2026-01-07,UNH,0.7526887655258179
2026-01-08,UNH,0.3956414461135864
2026-01-09,UNH,0.727230966091156
2026-01-12,UNH,0.8348205089569092
2026-01-13,UNH,0.13732673227787018
2026-01-14,UNH,-0.23755142092704773
2026-01-15,UNH,0.7936060428619385
2026-01-16,UNH,0.42499276995658875
2026-01-20,UNH,0.809355616569519
2026-01-21,UNH,0.6464280486106873
2026-01-22,UNH,0.44018086791038513
2026-01-23,UNH,0.4944538176059723
2026-01-26,UNH,0.8750803470611572
2026-01-27,UNH,0.19386497139930725
2026-01-28,UNH,0.22942984104156494
2026-01-29,UNH,0.08556866645812988
2026-01-30,UNH,0.22672946751117706
2026-02-02,UNH,0.7006055116653442
2026-02-03,UNH,0.7225335240364075
2026-02-04,UNH,0.6997479796409607
2026-02-05,UNH,0.6994701027870178
2026-02-06,UNH,0.5460124015808105
2026-02-09,UNH,0.5893964767456055
2026-02-10,UNH,0.5719567537307739
2026-02-11,UNH,0.6023457050323486
2026-02-12,UNH,0.6690941452980042
2026-02-13,UNH,-0.5731683373451233
2026-02-17,UNH,0.0589933805167675
2026-02-18,UNH,-0.3489474654197693
2026-02-19,UNH,-0.5484060049057007
2026-02-20,UNH,-0.5411646366119385
2026-02-23,UNH,-0.657530665397644
2026-02-24,UNH,-0.6013391017913818
2026-02-25,UNH,-0.003361279843375087
2026-02-26,UNH,0.16550879180431366
2026-02-27,UNH,-0.03077724203467369
2026-03-02,UNH,-0.08722866326570511
2026-03-03,UNH,-0.07332604378461838
2026-03-04,UNH,0.18390785157680511
2026-03-05,UNH,0.3715929388999939
2026-03-06,UNH,0.3645158112049103
2026-03-09,UNH,0.3575718104839325
2026-03-10,UNH,0.6091352105140686
2026-03-11,UNH,0.4128710627555847
2026-03-12,UNH,-0.49541303515434265
2026-03-13,UNH,0.36648860573768616
2026-03-16,UNH,0.043281543999910355
2026-03-17,UNH,0.6139623522758484
2026-03-18,UNH,0.13738323748111725
2026-03-19,UNH,0.07574176043272018
2026-03-20,UNH,-0.72157883644104
2026-03-23,UNH,-0.3891339898109436
2026-03-24,UNH,-0.2120475023984909
2026-03-25,UNH,-0.18043522536754608
2026-03-26,UNH,0.08298680931329727
2026-03-27,UNH,0.13982310891151428
2026-03-30,UNH,0.31186822056770325
2026-03-31,UNH,0.7441796660423279
2026-04-01,UNH,0.6886651515960693
2026-04-02,UNH,0.6177791357040405
2026-04-06,UNH,0.6793904900550842
2026-04-07,UNH,0.2162979692220688
2026-04-08,UNH,0.40855997800827026
2026-04-09,UNH,0.7440130114555359
2026-04-10,UNH,-0.008752833120524883
2026-04-13,UNH,0.1651715487241745
2026-04-14,UNH,-0.08689673244953156
2026-04-15,UNH,-0.10305275022983551
2026-04-16,UNH,0.06510228663682938
2026-04-17,UNH,0.2028939574956894
2026-04-20,UNH,0.3989570140838623
2026-04-21,UNH,-0.27798134088516235
2026-04-22,UNH,-0.1873175948858261
2026-04-23,UNH,0.2150561809539795
2026-04-24,UNH,0.27235347032546997
2026-04-27,UNH,0.815922737121582
2026-04-28,UNH,0.18758156895637512
2026-04-29,UNH,0.3063974678516388
2025-12-23,NVDA,0.645383894443512
2025-12-24,NVDA,0.9293901920318604
2025-12-26,NVDA,0.8560810089111328
2025-12-29,NVDA,0.2790367603302002
2025-12-30,NVDA,0.44067344069480896
2025-12-31,NVDA,0.9225145578384399
2026-01-02,NVDA,0.3748704493045807
2026-01-05,NVDA,0.7547088861465454
2026-01-06,NVDA,0.9594587087631226
2026-01-07,NVDA,0.41628745198249817
2026-01-08,NVDA,0.587099015712738
2026-01-09,NVDA,-0.5559320449829102
2026-01-12,NVDA,0.2307649403810501
2026-01-13,NVDA,1.228314757347107
2026-01-14,NVDA,0.24921518564224243
2026-01-15,NVDA,0.8247945308685303
2026-01-16,NVDA,0.23838090896606445
2026-01-20,NVDA,-0.6084679365158081
2026-01-21,NVDA,-0.030003763735294342
2026-01-22,NVDA,0.4729018807411194
2026-01-23,NVDA,1.1599777936935425
2026-01-26,NVDA,0.38541379570961
2026-01-27,NVDA,0.23879246413707733
2026-01-28,NVDA,0.8105970621109009
2026-01-29,NVDA,0.7899818420410156
2026-01-30,NVDA,0.13799786567687988
2026-02-02,NVDA,-0.556481659412384
2026-02-03,NVDA,-0.8433222770690918
2026-02-04,NVDA,-0.3166043162345886
2026-02-05,NVDA,-0.18612486124038696
2026-02-06,NVDA,0.2037888765335083
2026-02-09,NVDA,0.958743691444397
2026-02-10,NVDA,0.6949425935745239
2026-02-11,NVDA,0.3842497766017914
2026-02-12,NVDA,0.7180887460708618
2026-02-13,NVDA,0.03695910423994064
2026-02-17,NVDA,0.46589288115501404
2026-02-18,NVDA,0.7430558800697327
2026-02-19,NVDA,0.8044682145118713
2026-02-20,NVDA,0.3968642055988312
2026-02-23,NVDA,0.07200281322002411
2026-02-24,NVDA,0.06353220343589783
2026-02-25,NVDA,0.2956879138946533
2026-02-26,NVDA,-0.9705795645713806
2026-02-27,NVDA,-0.08722402155399323
2026-03-02,NVDA,0.06764477491378784
2026-03-03,NVDA,-0.015958724543452263
2026-03-04,NVDA,0.27828142046928406
2026-03-05,NVDA,0.48584118485450745
2026-03-06,NVDA,0.3464237153530121
2026-03-09,NVDA,0.01861829124391079
2026-03-10,NVDA,-0.5090199112892151
2026-03-11,NVDA,-0.3213300406932831
2026-03-12,NVDA,0.5536044836044312
2026-03-13,NVDA,0.4844023585319519
2026-03-16,NVDA,0.011180274188518524
2026-03-17,NVDA,-1.0753860473632812
2026-03-18,NVDA,0.10058487206697464
2026-03-19,NVDA,-0.7617897987365723
2026-03-20,NVDA,-0.29515042901039124
2026-03-23,NVDA,0.812877893447876
2026-03-24,NVDA,0.8377264142036438
2026-03-25,NVDA,0.9753743410110474
2026-03-26,NVDA,-0.543947160243988
2026-03-27,NVDA,0.022466186434030533
2026-03-30,NVDA,0.8113475441932678
2026-03-31,NVDA,1.2311352491378784
2026-04-01,NVDA,1.231992244720459
2026-04-02,NVDA,0.8708992004394531
2026-04-06,NVDA,0.5824287533760071
2026-04-07,NVDA,0.26585108041763306
2026-04-08,NVDA,0.14686734974384308
2026-04-09,NVDA,0.036965612322092056
2026-04-10,NVDA,0.8685867786407471
2026-04-13,NVDA,0.7563720345497131
2026-04-14,NVDA,0.2532353103160858
2026-04-15,NVDA,0.3679507076740265
2026-04-16,NVDA,-0.04332325980067253
2026-04-17,NVDA,-0.3265873193740845
2026-04-20,NVDA,-0.49350497126579285
2026-04-21,NVDA,-0.25506511330604553
2026-04-22,NVDA,0.15179161727428436
2026-04-23,NVDA,0.5893040299415588
2026-04-24,NVDA,0.5037195086479187
2026-04-27,NVDA,-0.16965997219085693
2026-04-28,NVDA,0.24246008694171906
2026-04-29,NVDA,0.5260344743728638
2025-12-23,JPM,1.2871084213256836
2025-12-24,JPM,1.388913631439209
2025-12-26,JPM,1.1865193843841553
2025-12-29,JPM,1.1554841995239258
2025-12-30,JPM,0.492550790309906
2025-12-31,JPM,0.4089837670326233
2026-01-02,JPM,0.9644466638565063
2026-01-05,JPM,0.08386528491973877
2026-01-06,JPM,0.5363956093788147
2026-01-07,JPM,1.4570519924163818
2026-01-08,JPM,0.2653045356273651
2026-01-09,JPM,0.4271944463253021
2026-01-12,JPM,-0.08161929249763489
2026-01-13,JPM,-0.11283446103334427
2026-01-14,JPM,1.0013326406478882
2026-01-15,JPM,0.626680850982666
2026-01-16,JPM,0.29478999972343445
2026-01-20,JPM,0.45173171162605286
2026-01-21,JPM,1.036218285560608
2026-01-22,JPM,-0.2709752917289734
2026-01-23,JPM,0.8196538090705872
2026-01-26,JPM,0.5995545387268066
2026-01-27,JPM,0.5099680423736572
2026-01-28,JPM,0.6006283164024353
2026-01-29,JPM,1.2848392724990845
2026-01-30,JPM,1.5902209281921387
2026-02-02,JPM,0.9795401096343994
2026-02-03,JPM,0.07633622735738754
2026-02-04,JPM,-0.3945992887020111
2026-02-05,JPM,-0.9716432094573975
2026-02-06,JPM,-0.4793940484523773
2026-02-09,JPM,-0.44950777292251587
2026-02-10,JPM,-0.45247191190719604
2026-02-11,JPM,-0.11338423192501068
2026-02-12,JPM,-0.596153974533081
2026-02-13,JPM,-0.47253963351249695
2026-02-17,JPM,-1.1211628913879395
2026-02-18,JPM,-0.45786312222480774
2026-02-19,JPM,-0.9096272587776184
2026-02-20,JPM,0.2935624122619629
2026-02-23,JPM,0.20495523512363434
2026-02-24,JPM,0.5032640695571899
2026-02-25,JPM,-0.4404648244380951
2026-02-26,JPM,-0.17881076037883759
2026-02-27,JPM,0.9170975685119629
2026-03-02,JPM,0.12911710143089294
2026-03-03,JPM,-1.4833592176437378
2026-03-04,JPM,-0.5072142481803894
2026-03-05,JPM,0.3101220428943634
2026-03-06,JPM,1.2538983821868896
2026-03-09,JPM,1.0483752489089966
2026-03-10,JPM,0.98378986120224
2026-03-11,JPM,1.0164856910705566
2026-03-12,JPM,0.5596594214439392
2026-03-13,JPM,1.095686912536621
2026-03-16,JPM,0.790654718875885
2026-03-17,JPM,1.253844141960144
2026-03-18,JPM,1.6290498971939087
2026-03-19,JPM,1.8152809143066406
2026-03-20,JPM,1.7892752885818481
2026-03-23,JPM,1.7705320119857788
2026-03-24,JPM,-0.03507812321186066
2026-03-25,JPM,-0.2592662274837494
2026-03-26,JPM,-0.3746492564678192
2026-03-27,JPM,-1.2874326705932617
2026-03-30,JPM,0.30721205472946167
2026-03-31,JPM,0.5203419327735901
2026-04-01,JPM,0.6376298666000366
2026-04-02,JPM,1.2401012182235718
2026-04-06,JPM,1.1128358840942383
2026-04-07,JPM,1.202082872390747
2026-04-08,JPM,-0.3024665117263794
2026-04-09,JPM,0.5787062048912048
2026-04-10,JPM,1.1253998279571533
2026-04-13,JPM,0.8965926170349121
2026-04-14,JPM,-0.03907718136906624
2026-04-15,JPM,0.7549111247062683
2026-04-16,JPM,0.15208818018436432
2026-04-17,JPM,0.8532657623291016
2026-04-20,JPM,0.6198685765266418
2026-04-21,JPM,1.3880928754806519
2026-04-22,JPM,1.4573557376861572
2026-04-23,JPM,1.5764049291610718
2026-04-24,JPM,1.0817352533340454
2026-04-27,JPM,1.0101277828216553
2026-04-28,JPM,0.36910387873649597
2026-04-29,JPM,0.36569687724113464
2025-12-23,IWM,0.6634346842765808
2025-12-24,IWM,0.6365187168121338
2025-12-26,IWM,0.3740529417991638
2025-12-29,IWM,0.647438645362854
2025-12-30,IWM,-0.044718991965055466
2025-12-31,IWM,0.6182661652565002
2026-01-02,IWM,0.27381452918052673
2026-01-05,IWM,2.3531084060668945
2026-01-06,IWM,0.05568337440490723
2026-01-07,IWM,0.7611386775970459
2026-01-08,IWM,0.5075255632400513
2026-01-09,IWM,0.6884423494338989
2026-01-12,IWM,0.6445363163948059
2026-01-13,IWM,0.39520183205604553
2026-01-14,IWM,0.05401014909148216
2026-01-15,IWM,-0.2645905315876007
2026-01-16,IWM,0.15011093020439148
2026-01-20,IWM,0.5656480193138123
2026-01-21,IWM,-0.32841920852661133
2026-01-22,IWM,-0.7902631759643555
2026-01-23,IWM,0.7583991885185242
2026-01-26,IWM,-0.22473493218421936
2026-01-27,IWM,0.5553340911865234
2026-01-28,IWM,0.3876413106918335
2026-01-29,IWM,0.4049057364463806
2026-01-30,IWM,0.8584159016609192
2026-02-02,IWM,-0.1140681803226471
2026-02-03,IWM,0.054560258984565735
2026-02-04,IWM,0.4071369767189026
2026-02-05,IWM,0.006849958095699549
2026-02-06,IWM,1.4876729249954224
2026-02-09,IWM,1.716320276260376
2026-02-10,IWM,2.228196144104004
2026-02-11,IWM,1.0088931322097778
2026-02-12,IWM,-1.0452802181243896
2026-02-13,IWM,0.90977543592453
2026-02-17,IWM,1.278411865234375
2026-02-18,IWM,1.3159055709838867
2026-02-19,IWM,1.4853026866912842
2026-02-20,IWM,1.3657084703445435
2026-02-23,IWM,-0.9347186088562012
2026-02-24,IWM,1.2164634466171265
2026-02-25,IWM,1.2055162191390991
2026-02-26,IWM,1.3512492179870605
2026-02-27,IWM,-0.3649876117706299
2026-03-02,IWM,1.7046881914138794
2026-03-03,IWM,-1.9906002283096313
2026-03-04,IWM,-1.5700196027755737
2026-03-05,IWM,-0.5163261294364929
2026-03-06,IWM,-0.14201410114765167
2026-03-09,IWM,0.45462608337402344
2026-03-10,IWM,0.43505731225013733
2026-03-11,IWM,1.0763729810714722
2026-03-12,IWM,0.06794644892215729
2026-03-13,IWM,1.7769196033477783
2026-03-16,IWM,1.3183491230010986
2026-03-17,IWM,1.1306613683700562
2026-03-18,IWM,0.7151893377304077
2026-03-19,IWM,-0.15510250627994537
2026-03-20,IWM,1.5378084182739258
2026-03-23,IWM,0.8874837160110474
2026-03-24,IWM,2.342193603515625
2026-03-25,IWM,-0.06066706404089928
2026-03-26,IWM,-0.2604188919067383
2026-03-27,IWM,-1.0026274919509888
2026-03-30,IWM,-0.9973340630531311
2026-03-31,IWM,0.6724547743797302
2026-04-01,IWM,1.0026932954788208
2026-04-02,IWM,0.8264343738555908
2026-04-06,IWM,-0.32453519105911255
2026-04-07,IWM,-0.5420998930931091
2026-04-08,IWM,-0.2386210709810257
2026-04-09,IWM,-0.1898609846830368
2026-04-10,IWM,-0.18112565577030182
2026-04-13,IWM,-0.237181156873703
2026-04-14,IWM,-0.31752339005470276
2026-04-15,IWM,-0.6289578080177307
2026-04-16,IWM,-0.8797799348831177
2026-04-17,IWM,-1.1082051992416382
2026-04-20,IWM,-1.3790709972381592
2026-04-21,IWM,-0.5795453190803528
2026-04-22,IWM,0.6203540563583374
2026-04-23,IWM,0.9236937761306763
2026-04-24,IWM,1.496544361114502
2026-04-27,IWM,1.895868182182312
2026-04-28,IWM,2.9771361351013184
2026-04-29,IWM,2.9286000728607178
2025-12-23,GLD,1.8148818016052246
2025-12-24,GLD,-0.08315874636173248
2025-12-26,GLD,0.15962593257427216
2025-12-29,GLD,0.9700026512145996
2025-12-30,GLD,0.4394345283508301
2025-12-31,GLD,0.6749446988105774
2026-01-02,GLD,0.8629669547080994
2026-01-05,GLD,1.6188366413116455
2026-01-06,GLD,1.7418897151947021
2026-01-07,GLD,0.4723895192146301
2026-01-08,GLD,0.7972967028617859
2026-01-09,GLD,0.3141484260559082
2026-01-12,GLD,0.4238162934780121
2026-01-13,GLD,0.9584141373634338
2026-01-14,GLD,0.9967830777168274
2026-01-15,GLD,1.1040332317352295
2026-01-16,GLD,1.350533127784729
2026-01-20,GLD,1.5886844396591187
2026-01-21,GLD,1.8489797115325928
2026-01-22,GLD,1.8999429941177368
2026-01-23,GLD,1.7289589643478394
2026-01-26,GLD,0.682476818561554
2026-01-27,GLD,0.3347363770008087
2026-01-28,GLD,0.9201998114585876
2026-01-29,GLD,0.2174900770187378
2026-01-30,GLD,0.45273545384407043
2026-02-02,GLD,0.5981375575065613
2026-02-03,GLD,0.23787255585193634
2026-02-04,GLD,0.2317580282688141
2026-02-05,GLD,0.6410738229751587
2026-02-06,GLD,0.22040672600269318
2026-02-09,GLD,0.27039483189582825
2026-02-10,GLD,0.23888172209262848
2026-02-11,GLD,0.2858477830886841
2026-02-12,GLD,0.7503828406333923
2026-02-13,GLD,0.231356680393219
2026-02-17,GLD,0.9272556900978088
2026-02-18,GLD,0.21372367441654205
2026-02-19,GLD,0.22708739340305328
2026-02-20,GLD,0.279733806848526
2026-02-23,GLD,-0.7252773642539978
2026-02-24,GLD,0.49167296290397644
2026-02-25,GLD,0.3191058933734894
2026-02-26,GLD,-0.35448750853538513
2026-02-27,GLD,-0.5280934572219849
2026-03-02,GLD,-0.6821858882904053
2026-03-03,GLD,0.5538618564605713
2026-03-04,GLD,0.2814719080924988
2026-03-05,GLD,-0.021861718967556953
2026-03-06,GLD,0.1830262839794159
2026-03-09,GLD,0.1693495661020279
2026-03-10,GLD,0.4339545965194702
2026-03-11,GLD,0.7712687253952026
2026-03-12,GLD,0.5245306491851807
2026-03-13,GLD,0.10581820458173752
2026-03-16,GLD,-0.5904959440231323
2026-03-17,GLD,-0.7458686232566833
2026-03-18,GLD,0.5377976298332214
2026-03-19,GLD,0.26936426758766174
2026-03-20,GLD,0.35067224502563477
2026-03-23,GLD,0.8226803541183472
2026-03-24,GLD,1.1221141815185547
2026-03-25,GLD,0.8685600757598877
2026-03-26,GLD,0.9973217248916626
2026-03-27,GLD,1.0137475728988647
2026-03-30,GLD,1.281226396560669
2026-03-31,GLD,1.319227695465088
2026-04-01,GLD,1.223482370376587
2026-04-02,GLD,1.550352931022644
2026-04-06,GLD,1.5757523775100708
2026-04-07,GLD,0.6435131430625916
2026-04-08,GLD,0.029104864224791527
2026-04-09,GLD,-0.26994451880455017
2026-04-10,GLD,-0.3402169346809387
2026-04-13,GLD,-0.43133965134620667
2026-04-14,GLD,-0.6622065901756287
2026-04-15,GLD,-0.5283717513084412
2026-04-16,GLD,0.1360521763563156
2026-04-17,GLD,-0.3497649133205414
2026-04-20,GLD,0.7368288040161133
2026-04-21,GLD,-0.9735769629478455
2026-04-22,GLD,0.7271466255187988
2026-04-23,GLD,0.1065337061882019
2026-04-24,GLD,0.3791302740573883
2026-04-27,GLD,-0.2686488926410675
2026-04-28,GLD,0.12846088409423828
2026-04-29,GLD,0.20847468078136444
2025-12-23,USDINR=X,3.3146770000457764
2025-12-24,USDINR=X,-2.274049997329712
2025-12-26,USDINR=X,-3.2079718112945557
2025-12-29,USDINR=X,-0.12410783767700195
2025-12-30,USDINR=X,-0.12539570033550262
2025-12-31,USDINR=X,-1.6064144372940063
2026-01-02,USDINR=X,-1.7755916118621826
2026-01-05,USDINR=X,-3.54935359954834
2026-01-06,USDINR=X,-1.9835789203643799
2026-01-07,USDINR=X,-1.8761342763900757
2026-01-08,USDINR=X,4.599361419677734
2026-01-09,USDINR=X,4.491324424743652
2026-01-12,USDINR=X,2.9875969886779785
2026-01-13,USDINR=X,-0.40575215220451355
2026-01-14,USDINR=X,-2.265868663787842
2026-01-15,USDINR=X,-3.4074411392211914
2026-01-16,USDINR=X,-3.3973190784454346
2026-01-19,USDINR=X,1.8178520202636719
2026-01-20,USDINR=X,1.980216145515442
2026-01-21,USDINR=X,2.332087278366089
2026-01-22,USDINR=X,2.301677703857422
2026-01-23,USDINR=X,1.6334879398345947
2026-01-26,USDINR=X,-4.638835430145264
2026-01-27,USDINR=X,-4.761326789855957
2026-01-28,USDINR=X,-3.7286739349365234
2026-01-29,USDINR=X,-7.069754600524902
2026-01-30,USDINR=X,-3.587639808654785
2026-02-02,USDINR=X,-2.7747628688812256
2026-02-03,USDINR=X,-1.1504803895950317
2026-02-04,USDINR=X,3.172894239425659
2026-02-05,USDINR=X,-1.6416242122650146
2026-02-06,USDINR=X,-1.8478047847747803
2026-02-09,USDINR=X,-1.013292908668518
2026-02-10,USDINR=X,-0.4421422481536865
2026-02-11,USDINR=X,0.9372665882110596
2026-02-12,USDINR=X,1.4605287313461304
2026-02-13,USDINR=X,0.5987711548805237
2026-02-16,USDINR=X,0.43616780638694763
2026-02-17,USDINR=X,0.44319188594818115
2026-02-18,USDINR=X,4.079962730407715
2026-02-19,USDINR=X,4.634618759155273
2026-02-20,USDINR=X,-1.3844046592712402
2026-02-23,USDINR=X,2.4761953353881836
2026-02-24,USDINR=X,-2.8829801082611084
2026-02-25,USDINR=X,-1.8333570957183838
2026-02-26,USDINR=X,-2.138887405395508
2026-02-27,USDINR=X,1.1063095331192017
2026-03-02,USDINR=X,3.023252248764038
2026-03-03,USDINR=X,1.8129875659942627
2026-03-04,USDINR=X,2.001030683517456
2026-03-05,USDINR=X,2.0375378131866455
2026-03-06,USDINR=X,1.0285701751708984
2026-03-09,USDINR=X,-0.7552992701530457
2026-03-10,USDINR=X,0.8600382208824158
2026-03-11,USDINR=X,-4.896251678466797
2026-03-12,USDINR=X,-3.4488770961761475
2026-03-13,USDINR=X,-3.001585006713867
2026-03-16,USDINR=X,-1.753159523010254
2026-03-17,USDINR=X,-1.078986406326294
2026-03-18,USDINR=X,0.9163854718208313
2026-03-19,USDINR=X,1.2889338731765747
2026-03-20,USDINR=X,0.5841697454452515
2026-03-23,USDINR=X,4.986997604370117
2026-03-24,USDINR=X,1.8773584365844727
2026-03-25,USDINR=X,5.104788780212402
2026-03-26,USDINR=X,5.05833625793457
2026-03-27,USDINR=X,1.4946080446243286
2026-03-30,USDINR=X,-0.1666007786989212
2026-03-31,USDINR=X,1.570382833480835
2026-04-01,USDINR=X,2.2484254837036133
2026-04-02,USDINR=X,2.52209734916687
2026-04-03,USDINR=X,-0.09614802896976471
2026-04-06,USDINR=X,0.6355654001235962
2026-04-07,USDINR=X,2.618819236755371
2026-04-08,USDINR=X,2.593651294708252
2026-04-09,USDINR=X,-1.7181280851364136
2026-04-10,USDINR=X,-2.4712421894073486
2026-04-13,USDINR=X,2.406733512878418
2026-04-14,USDINR=X,3.1169838905334473
2026-04-15,USDINR=X,-0.9649845361709595
2026-04-16,USDINR=X,1.9141494035720825
2026-04-17,USDINR=X,0.46903732419013977
2026-04-20,USDINR=X,-1.3541489839553833
2026-04-21,USDINR=X,-0.4820442199707031
2026-04-22,USDINR=X,-0.8688703179359436
2026-04-23,USDINR=X,0.09302781522274017
2026-04-24,USDINR=X,1.9403588771820068
2026-04-27,USDINR=X,2.554427146911621
2026-04-28,USDINR=X,1.791934609413147
2026-04-29,USDINR=X,0.8905593752861023
2025-12-23,AMZN,0.8240485787391663
2025-12-24,AMZN,0.5145074725151062
2025-12-26,AMZN,-0.013290748000144958
2025-12-29,AMZN,0.4075448215007782
2025-12-30,AMZN,0.0951426699757576
2025-12-31,AMZN,0.7906168103218079
2026-01-02,AMZN,-0.3052860200405121
2026-01-05,AMZN,1.1006253957748413
2026-01-06,AMZN,0.45576444268226624
2026-01-07,AMZN,0.6711147427558899
2026-01-08,AMZN,0.608669638633728
2026-01-09,AMZN,0.8105118274688721
2026-01-12,AMZN,1.0350632667541504
2026-01-13,AMZN,1.2983424663543701
2026-01-14,AMZN,1.091638207435608
2026-01-15,AMZN,0.7935024499893188
2026-01-16,AMZN,0.7415716052055359
2026-01-20,AMZN,1.2504560947418213
2026-01-21,AMZN,0.8677966594696045
2026-01-22,AMZN,0.3493596017360687
2026-01-23,AMZN,0.8272420763969421
2026-01-26,AMZN,0.18025363981723785
2026-01-27,AMZN,1.4384148120880127
2026-01-28,AMZN,1.265554428100586
2026-01-29,AMZN,1.3334364891052246
2026-01-30,AMZN,0.9350549578666687
2026-02-02,AMZN,1.3037961721420288
2026-02-03,AMZN,0.42446237802505493
2026-02-04,AMZN,-0.46581295132637024
2026-02-05,AMZN,-0.4899742603302002
2026-02-06,AMZN,-0.15023772418498993
2026-02-09,AMZN,0.5844355225563049
2026-02-10,AMZN,0.8324236273765564
2026-02-11,AMZN,1.0523031949996948
2026-02-12,AMZN,1.1423299312591553
2026-02-13,AMZN,1.0178965330123901
2026-02-17,AMZN,1.070796012878418
2026-02-18,AMZN,1.1362919807434082
2026-02-19,AMZN,1.3369170427322388
2026-02-20,AMZN,1.5450553894042969
2026-02-23,AMZN,1.7879301309585571
2026-02-24,AMZN,1.7432374954223633
2026-02-25,AMZN,1.8711384534835815
2026-02-26,AMZN,0.3221709728240967
2026-02-27,AMZN,0.09119552373886108
2026-03-02,AMZN,-0.5749960541725159
2026-03-03,AMZN,-0.8895446062088013
2026-03-04,AMZN,-0.385850727558136
2026-03-05,AMZN,0.44384443759918213
2026-03-06,AMZN,0.13974779844284058
2026-03-09,AMZN,-0.1084987223148346
2026-03-10,AMZN,-0.09586343169212341
2026-03-11,AMZN,0.015694452449679375
2026-03-12,AMZN,-0.04248800128698349
2026-03-13,AMZN,0.4134744703769684
2026-03-16,AMZN,0.9918960928916931
2026-03-17,AMZN,0.38433846831321716
2026-03-18,AMZN,0.2091616541147232
2026-03-19,AMZN,0.45370909571647644
2026-03-20,AMZN,-0.1883360892534256
2026-03-23,AMZN,-0.7872029542922974
2026-03-24,AMZN,0.46988725662231445
2026-03-25,AMZN,0.6544002294540405
2026-03-26,AMZN,-0.13553830981254578
2026-03-27,AMZN,-0.8997941017150879
2026-03-30,AMZN,-0.6467798352241516
2026-03-31,AMZN,0.4757552146911621
2026-04-01,AMZN,0.9352542757987976
2026-04-02,AMZN,0.9883667230606079
2026-04-06,AMZN,0.9785639643669128
2026-04-07,AMZN,0.484666645526886
2026-04-08,AMZN,0.3126855492591858
2026-04-09,AMZN,0.07622218132019043
2026-04-10,AMZN,0.2875993251800537
2026-04-13,AMZN,0.3282395899295807
2026-04-14,AMZN,0.2967250347137451
2026-04-15,AMZN,-0.32340332865715027
2026-04-16,AMZN,-0.3785553276538849
2026-04-17,AMZN,-0.325073778629303
2026-04-20,AMZN,-0.11501062661409378
2026-04-21,AMZN,0.5364648103713989
2026-04-22,AMZN,1.268835425376892
2026-04-23,AMZN,1.467424988746643
2026-04-24,AMZN,1.2887310981750488
2026-04-27,AMZN,1.3232591152191162
2026-04-28,AMZN,1.4854133129119873
2026-04-29,AMZN,1.3568506240844727
