time,symbol,weight
2025-02-24,HDFCBANK.NS,-0.6420714855194092
2025-02-25,HDFCBANK.NS,-2.9136874675750732
2025-02-27,HDFCBANK.NS,-2.1233062744140625
2025-02-28,HDFCBANK.NS,4.327717304229736
2025-03-03,HDFCBANK.NS,2.854987144470215
2025-03-04,HDFCBANK.NS,5.670083999633789
2025-03-05,HDFCBANK.NS,-2.4166312217712402
2025-03-06,HDFCBANK.NS,-2.255488872528076
2025-03-07,HDFCBANK.NS,-2.791081190109253
2025-03-10,HDFCBANK.NS,-2.785820960998535
2025-03-11,HDFCBANK.NS,-2.8421950340270996
2025-03-12,HDFCBANK.NS,-0.6098774671554565
2025-03-13,HDFCBANK.NS,-0.4696463346481323
2025-03-17,HDFCBANK.NS,-0.18756715953350067
2025-03-18,HDFCBANK.NS,0.5052381753921509
2025-03-19,HDFCBANK.NS,6.480845928192139
2025-03-20,HDFCBANK.NS,5.981485843658447
2025-03-21,HDFCBANK.NS,5.161798000335693
2025-03-24,HDFCBANK.NS,1.4638032913208008
2025-03-25,HDFCBANK.NS,0.7328220009803772
2025-03-26,HDFCBANK.NS,2.459881544113159
2025-03-27,HDFCBANK.NS,1.4496668577194214
2025-03-28,HDFCBANK.NS,3.1482431888580322
2025-04-01,HDFCBANK.NS,5.880187511444092
2025-04-02,HDFCBANK.NS,3.9827301502227783
2025-04-03,HDFCBANK.NS,3.3266656398773193
2025-04-04,HDFCBANK.NS,2.757697105407715
2025-04-07,HDFCBANK.NS,-0.2620175778865814
2025-04-08,HDFCBANK.NS,0.3059220016002655
2025-04-09,HDFCBANK.NS,1.2592859268188477
2025-04-11,HDFCBANK.NS,5.5218892097473145
2025-04-15,HDFCBANK.NS,3.458186149597168
2025-04-16,HDFCBANK.NS,4.494813919067383
2025-04-17,HDFCBANK.NS,3.0057106018066406
2025-04-21,HDFCBANK.NS,1.1438993215560913
2025-04-22,HDFCBANK.NS,0.2015145868062973
2025-04-23,HDFCBANK.NS,1.5559931993484497
2025-04-24,HDFCBANK.NS,2.658437967300415
2025-04-25,HDFCBANK.NS,3.8216300010681152
2025-04-28,HDFCBANK.NS,3.2924859523773193
2025-04-29,HDFCBANK.NS,4.474449634552002
2025-04-30,HDFCBANK.NS,4.207426071166992
2025-05-02,HDFCBANK.NS,3.936581611633301
2025-05-05,HDFCBANK.NS,2.6597468852996826
2025-05-06,HDFCBANK.NS,2.6245076656341553
2025-05-07,HDFCBANK.NS,1.9601706266403198
2025-05-08,HDFCBANK.NS,1.966286063194275
2025-05-09,HDFCBANK.NS,0.9290432333946228
2025-05-12,HDFCBANK.NS,2.704035758972168
2025-05-13,HDFCBANK.NS,2.593276262283325
2025-05-14,HDFCBANK.NS,-0.44136178493499756
2025-05-15,HDFCBANK.NS,2.9401285648345947
2025-05-16,HDFCBANK.NS,3.3405048847198486
2025-05-19,HDFCBANK.NS,3.0947041511535645
2025-05-20,HDFCBANK.NS,-2.279287576675415
2025-05-21,HDFCBANK.NS,2.952908754348755
2025-05-22,HDFCBANK.NS,1.3109878301620483
2025-05-23,HDFCBANK.NS,3.3624589443206787
2025-05-26,HDFCBANK.NS,4.60835599899292
2025-05-27,HDFCBANK.NS,5.491886615753174
2025-05-28,HDFCBANK.NS,1.4120100736618042
2025-05-29,HDFCBANK.NS,3.342024803161621
2025-05-30,HDFCBANK.NS,5.9868388175964355
2025-06-02,HDFCBANK.NS,5.671745300292969
2025-06-03,HDFCBANK.NS,-0.7337002754211426
2025-06-04,HDFCBANK.NS,3.661782741546631
2025-06-05,HDFCBANK.NS,5.146479606628418
2025-06-06,HDFCBANK.NS,5.75750732421875
2025-06-09,HDFCBANK.NS,5.032346248626709
2025-06-10,HDFCBANK.NS,4.872107982635498
2025-06-11,HDFCBANK.NS,4.853854656219482
2025-06-12,HDFCBANK.NS,3.9412989616394043
2025-06-13,HDFCBANK.NS,2.1178810596466064
2025-06-16,HDFCBANK.NS,3.7433419227600098
2025-06-17,HDFCBANK.NS,2.798372745513916
2025-06-18,HDFCBANK.NS,2.9241440296173096
2025-06-19,HDFCBANK.NS,2.428898334503174
2025-06-20,HDFCBANK.NS,2.126957654953003
2025-06-23,HDFCBANK.NS,5.316281318664551
2025-06-24,HDFCBANK.NS,5.950347900390625
2025-06-25,HDFCBANK.NS,5.225539684295654
2025-06-26,HDFCBANK.NS,3.9166617393493652
2025-06-27,HDFCBANK.NS,3.9930038452148438
2025-02-24,RELIANCE.NS,0.8102206587791443
2025-02-25,RELIANCE.NS,2.372746467590332
2025-02-27,RELIANCE.NS,0.9204911589622498
2025-02-28,RELIANCE.NS,2.4303014278411865
2025-03-03,RELIANCE.NS,4.091449737548828
2025-03-04,RELIANCE.NS,4.3968610763549805
2025-03-05,RELIANCE.NS,4.457828998565674
2025-03-06,RELIANCE.NS,0.6055017709732056
2025-03-07,RELIANCE.NS,0.8571842312812805
2025-03-10,RELIANCE.NS,1.932360291481018
2025-03-11,RELIANCE.NS,2.301265001296997
2025-03-12,RELIANCE.NS,1.9016566276550293
2025-03-13,RELIANCE.NS,1.9132397174835205
2025-03-17,RELIANCE.NS,2.2122883796691895
2025-03-18,RELIANCE.NS,2.4592041969299316
2025-03-19,RELIANCE.NS,3.349674940109253
2025-03-20,RELIANCE.NS,4.251501083374023
2025-03-21,RELIANCE.NS,3.8749897480010986
2025-03-24,RELIANCE.NS,2.407731771469116
2025-03-25,RELIANCE.NS,2.9731063842773438
2025-03-26,RELIANCE.NS,2.5179033279418945
2025-03-27,RELIANCE.NS,2.6011955738067627
2025-03-28,RELIANCE.NS,2.6755738258361816
2025-04-01,RELIANCE.NS,1.397171974182129
2025-04-02,RELIANCE.NS,1.7348639965057373
2025-04-03,RELIANCE.NS,2.524158477783203
2025-04-04,RELIANCE.NS,1.6921502351760864
2025-04-07,RELIANCE.NS,0.07253523916006088
2025-04-08,RELIANCE.NS,0.8894513845443726
2025-04-09,RELIANCE.NS,2.438965082168579
2025-04-11,RELIANCE.NS,-0.37920278310775757
2025-04-15,RELIANCE.NS,-1.462844729423523
2025-04-16,RELIANCE.NS,0.12093488872051239
2025-04-17,RELIANCE.NS,0.9931653141975403
2025-04-21,RELIANCE.NS,1.7241250276565552
2025-04-22,RELIANCE.NS,1.5497984886169434
2025-04-23,RELIANCE.NS,1.7563914060592651
2025-04-24,RELIANCE.NS,1.6232138872146606
2025-04-25,RELIANCE.NS,1.6073662042617798
2025-04-28,RELIANCE.NS,0.5192553400993347
2025-04-29,RELIANCE.NS,1.138513445854187
2025-04-30,RELIANCE.NS,0.8199834227561951
2025-05-02,RELIANCE.NS,0.5486918091773987
2025-05-05,RELIANCE.NS,0.713066816329956
2025-05-06,RELIANCE.NS,0.8405808210372925
2025-05-07,RELIANCE.NS,1.1155760288238525
2025-05-08,RELIANCE.NS,0.927126944065094
2025-05-09,RELIANCE.NS,3.0782153606414795
2025-05-12,RELIANCE.NS,-0.2902892827987671
2025-05-13,RELIANCE.NS,0.6363657116889954
2025-05-14,RELIANCE.NS,0.16770096123218536
2025-05-15,RELIANCE.NS,-0.32152241468429565
2025-05-16,RELIANCE.NS,-0.5489431619644165
2025-05-19,RELIANCE.NS,0.5810837745666504
2025-05-20,RELIANCE.NS,2.5504021644592285
2025-05-21,RELIANCE.NS,2.5902836322784424
2025-05-22,RELIANCE.NS,0.6840325593948364
2025-05-23,RELIANCE.NS,3.110619068145752
2025-05-26,RELIANCE.NS,2.700972318649292
2025-05-27,RELIANCE.NS,2.327063798904419
2025-05-28,RELIANCE.NS,1.552391767501831
2025-05-29,RELIANCE.NS,2.5979888439178467
2025-05-30,RELIANCE.NS,2.027492046356201
2025-06-02,RELIANCE.NS,2.5592873096466064
2025-06-03,RELIANCE.NS,2.7970988750457764
2025-06-04,RELIANCE.NS,-1.1692618131637573
2025-06-05,RELIANCE.NS,0.26070937514305115
2025-06-06,RELIANCE.NS,2.2184908390045166
2025-06-09,RELIANCE.NS,2.398149251937866
2025-06-10,RELIANCE.NS,3.7118325233459473
2025-06-11,RELIANCE.NS,2.8692216873168945
2025-06-12,RELIANCE.NS,3.375894784927368
2025-06-13,RELIANCE.NS,3.6457197666168213
2025-06-16,RELIANCE.NS,5.054959297180176
2025-06-17,RELIANCE.NS,5.037532329559326
2025-06-18,RELIANCE.NS,4.811633586883545
2025-06-19,RELIANCE.NS,4.303493499755859
2025-06-20,RELIANCE.NS,4.308620452880859
2025-06-23,RELIANCE.NS,5.068032741546631
2025-06-24,RELIANCE.NS,4.275426864624023
2025-06-25,RELIANCE.NS,2.704646587371826
2025-06-26,RELIANCE.NS,2.441117525100708
2025-06-27,RELIANCE.NS,2.3313918113708496
2025-02-24,INFY.NS,1.7456296682357788
2025-02-25,INFY.NS,2.5864222049713135
2025-02-27,INFY.NS,3.186652660369873
2025-02-28,INFY.NS,3.4340059757232666
2025-03-03,INFY.NS,3.6246466636657715
2025-03-04,INFY.NS,3.7417221069335938
2025-03-05,INFY.NS,3.8116536140441895
2025-03-06,INFY.NS,3.8671412467956543
2025-03-07,INFY.NS,3.9156672954559326
2025-03-10,INFY.NS,3.820966958999634
2025-03-11,INFY.NS,3.901822328567505
2025-03-12,INFY.NS,3.6640448570251465
2025-03-13,INFY.NS,3.7008614540100098
2025-03-17,INFY.NS,3.7404000759124756
2025-03-18,INFY.NS,3.8059937953948975
2025-03-19,INFY.NS,3.8616933822631836
2025-03-20,INFY.NS,3.129535436630249
2025-03-21,INFY.NS,3.5195071697235107
2025-03-24,INFY.NS,3.318655490875244
2025-03-25,INFY.NS,1.483612298965454
2025-03-26,INFY.NS,2.282722234725952
2025-03-27,INFY.NS,1.7400126457214355
2025-03-28,INFY.NS,2.4975430965423584
2025-04-01,INFY.NS,2.7521772384643555
2025-04-02,INFY.NS,2.2925353050231934
2025-04-03,INFY.NS,2.7825076580047607
2025-04-04,INFY.NS,2.624650001525879
2025-04-07,INFY.NS,2.678720474243164
2025-04-08,INFY.NS,2.9952807426452637
2025-04-09,INFY.NS,3.2606892585754395
2025-04-11,INFY.NS,3.4460439682006836
2025-04-15,INFY.NS,3.5195789337158203
2025-04-16,INFY.NS,3.5628864765167236
2025-04-17,INFY.NS,3.4359591007232666
2025-04-21,INFY.NS,2.364661693572998
2025-04-22,INFY.NS,2.388657331466675
2025-04-23,INFY.NS,0.8917250633239746
2025-04-24,INFY.NS,0.9512879252433777
2025-04-25,INFY.NS,0.9004672169685364
2025-04-28,INFY.NS,0.930986225605011
2025-04-29,INFY.NS,0.8442484736442566
2025-04-30,INFY.NS,1.4772319793701172
2025-05-02,INFY.NS,0.44863536953926086
2025-05-05,INFY.NS,0.4257885217666626
2025-05-06,INFY.NS,0.4466928243637085
2025-05-07,INFY.NS,0.42976388335227966
2025-05-08,INFY.NS,0.4269176721572876
2025-05-09,INFY.NS,0.3729008436203003
2025-05-12,INFY.NS,1.3387826681137085
2025-05-13,INFY.NS,1.346924901008606
2025-05-14,INFY.NS,1.3980404138565063
2025-05-15,INFY.NS,1.2966307401657104
2025-05-16,INFY.NS,1.372680902481079
2025-05-19,INFY.NS,1.5211265087127686
2025-05-20,INFY.NS,1.6973881721496582
2025-05-21,INFY.NS,1.9073784351348877
2025-05-22,INFY.NS,1.7837554216384888
2025-05-23,INFY.NS,2.1824374198913574
2025-05-26,INFY.NS,2.333037853240967
2025-05-27,INFY.NS,2.3934803009033203
2025-05-28,INFY.NS,2.419438123703003
2025-05-29,INFY.NS,2.228994846343994
2025-05-30,INFY.NS,2.7456471920013428
2025-06-02,INFY.NS,2.6963586807250977
2025-06-03,INFY.NS,1.8995532989501953
2025-06-04,INFY.NS,3.5938780307769775
2025-06-05,INFY.NS,4.143908500671387
2025-06-06,INFY.NS,2.895054340362549
2025-06-09,INFY.NS,3.418325901031494
2025-06-10,INFY.NS,3.308905839920044
2025-06-11,INFY.NS,3.1929819583892822
2025-06-12,INFY.NS,2.6952767372131348
2025-06-13,INFY.NS,2.711150646209717
2025-06-16,INFY.NS,1.5339354276657104
2025-06-17,INFY.NS,1.0537704229354858
2025-06-18,INFY.NS,1.4509283304214478
2025-06-19,INFY.NS,3.2242374420166016
2025-06-20,INFY.NS,3.0050153732299805
2025-06-23,INFY.NS,0.6542099714279175
2025-06-24,INFY.NS,1.0012295246124268
2025-06-25,INFY.NS,2.5640294551849365
2025-06-26,INFY.NS,2.7908151149749756
2025-06-27,INFY.NS,2.6581270694732666
2025-02-26,QQQ,-0.6936423182487488
2025-02-27,QQQ,0.30922576785087585
2025-02-28,QQQ,2.3235652446746826
2025-03-03,QQQ,3.417917251586914
2025-03-04,QQQ,3.9676034450531006
2025-03-05,QQQ,4.2760748863220215
2025-03-06,QQQ,4.531826496124268
2025-03-07,QQQ,4.690887451171875
2025-03-10,QQQ,4.48941707611084
2025-03-11,QQQ,4.573973178863525
2025-03-12,QQQ,4.503504276275635
2025-03-13,QQQ,4.5784759521484375
2025-03-14,QQQ,3.728963613510132
2025-03-17,QQQ,2.9135916233062744
2025-03-18,QQQ,3.399834156036377
2025-03-19,QQQ,2.039978504180908
2025-03-20,QQQ,2.023548126220703
2025-03-21,QQQ,1.6533671617507935
2025-03-24,QQQ,0.5256531834602356
2025-03-25,QQQ,1.1916208267211914
2025-03-26,QQQ,1.110205888748169
2025-03-27,QQQ,1.2823189496994019
2025-03-28,QQQ,-0.838591456413269
2025-03-31,QQQ,-1.479978084564209
2025-04-01,QQQ,-2.55031156539917
2025-04-02,QQQ,-2.0145423412323
2025-04-03,QQQ,-0.4671550393104553
2025-04-04,QQQ,-0.8652543425559998
2025-04-07,QQQ,1.4834612607955933
2025-04-08,QQQ,2.9469971656799316
2025-04-09,QQQ,-0.8710908889770508
2025-04-10,QQQ,1.4985878467559814
2025-04-11,QQQ,1.1997238397598267
2025-04-14,QQQ,0.8102251291275024
2025-04-15,QQQ,0.8449949622154236
2025-04-16,QQQ,1.2788965702056885
2025-04-17,QQQ,1.1680577993392944
2025-04-21,QQQ,1.2715492248535156
2025-04-22,QQQ,0.7501829862594604
2025-04-23,QQQ,0.5250725150108337
2025-04-24,QQQ,1.8072903156280518
2025-04-25,QQQ,2.442145824432373
2025-04-28,QQQ,3.1081435680389404
2025-04-29,QQQ,3.4575552940368652
2025-04-30,QQQ,3.8360517024993896
2025-05-01,QQQ,3.470338821411133
2025-05-02,QQQ,2.779961585998535
2025-05-05,QQQ,3.0292725563049316
2025-05-06,QQQ,3.3414649963378906
2025-05-07,QQQ,2.9810352325439453
2025-05-08,QQQ,2.7925240993499756
2025-05-09,QQQ,2.472156047821045
2025-05-12,QQQ,1.04758620262146
2025-05-13,QQQ,0.6325916051864624
2025-05-14,QQQ,0.356032133102417
2025-05-15,QQQ,0.026267647743225098
2025-05-16,QQQ,-0.27122464776039124
2025-05-19,QQQ,-0.2892461121082306
2025-05-20,QQQ,0.2820713520050049
2025-05-21,QQQ,1.2419617176055908
2025-05-22,QQQ,1.6051368713378906
2025-05-23,QQQ,2.5523159503936768
2025-05-27,QQQ,0.8007441163063049
2025-05-28,QQQ,0.6343862414360046
2025-05-29,QQQ,0.357822060585022
2025-05-30,QQQ,1.845780372619629
2025-06-02,QQQ,0.22957579791545868
2025-06-03,QQQ,1.082859992980957
2025-06-04,QQQ,0.8466604948043823
2025-06-05,QQQ,2.0167620182037354
2025-06-06,QQQ,0.6667969822883606
2025-06-09,QQQ,0.5702869892120361
2025-06-10,QQQ,0.37926527857780457
2025-06-11,QQQ,0.56173175573349
2025-06-12,QQQ,0.23195196688175201
2025-06-13,QQQ,1.9348666667938232
2025-06-16,QQQ,-0.21439868211746216
2025-06-17,QQQ,2.2265946865081787
2025-06-18,QQQ,2.4138529300689697
2025-06-20,QQQ,0.20357802510261536
2025-06-23,QQQ,1.8338959217071533
2025-06-24,QQQ,1.9309334754943848
2025-06-25,QQQ,3.1058318614959717
2025-06-26,QQQ,1.4431966543197632
2025-06-27,QQQ,0.5235669016838074
2025-02-26,EEM,2.376410961151123
2025-02-27,EEM,-0.46296462416648865
2025-02-28,EEM,1.6406078338623047
2025-03-03,EEM,1.6153581142425537
2025-03-04,EEM,0.4295510947704315
2025-03-05,EEM,1.4043779373168945
2025-03-06,EEM,4.378375053405762
2025-03-07,EEM,5.708724498748779
2025-03-10,EEM,-2.3394014835357666
2025-03-11,EEM,0.5645734667778015
2025-03-12,EEM,3.546302080154419
2025-03-13,EEM,-0.31351330876350403
2025-03-14,EEM,6.116649150848389
2025-03-17,EEM,6.84728479385376
2025-03-18,EEM,6.964028358459473
2025-03-19,EEM,7.299640655517578
2025-03-20,EEM,7.447519779205322
2025-03-21,EEM,6.982808589935303
2025-03-24,EEM,5.6802778244018555
2025-03-25,EEM,5.2103166580200195
2025-03-26,EEM,5.367831230163574
2025-03-27,EEM,4.773802280426025
2025-03-28,EEM,2.994295597076416
2025-03-31,EEM,2.462733030319214
2025-04-01,EEM,-0.990174412727356
2025-04-02,EEM,-3.2164371013641357
2025-04-03,EEM,0.06982318311929703
2025-04-04,EEM,-0.21572533249855042
2025-04-07,EEM,2.2912747859954834
2025-04-08,EEM,3.8470003604888916
2025-04-09,EEM,3.0631134510040283
2025-04-10,EEM,3.3358874320983887
2025-04-11,EEM,2.086000680923462
2025-04-14,EEM,1.3327468633651733
2025-04-15,EEM,1.5061873197555542
2025-04-16,EEM,1.879799723625183
2025-04-17,EEM,1.363709807395935
2025-04-21,EEM,1.333579182624817
2025-04-22,EEM,0.770180881023407
2025-04-23,EEM,1.4944263696670532
2025-04-24,EEM,2.0278422832489014
2025-04-25,EEM,1.95233952999115
2025-04-28,EEM,2.0947721004486084
2025-04-29,EEM,2.566072702407837
2025-04-30,EEM,3.8827145099639893
2025-05-01,EEM,3.690105676651001
2025-05-02,EEM,2.192051649093628
2025-05-05,EEM,2.1167385578155518
2025-05-06,EEM,2.436851978302002
2025-05-07,EEM,2.448633909225464
2025-05-08,EEM,2.361081600189209
2025-05-09,EEM,2.186173915863037
2025-05-12,EEM,1.4070334434509277
2025-05-13,EEM,1.2221542596817017
2025-05-14,EEM,1.0345215797424316
2025-05-15,EEM,1.0839439630508423
2025-05-16,EEM,1.0210845470428467
2025-05-19,EEM,0.659690260887146
2025-05-20,EEM,0.24872034788131714
2025-05-21,EEM,0.3657940626144409
2025-05-22,EEM,1.447963833808899
2025-05-23,EEM,1.4445366859436035
2025-05-27,EEM,2.3490865230560303
2025-05-28,EEM,2.7592358589172363
2025-05-29,EEM,1.8634490966796875
2025-05-30,EEM,1.6878068447113037
2025-06-02,EEM,0.7674599289894104
2025-06-03,EEM,5.2958598136901855
2025-06-04,EEM,3.8091585636138916
2025-06-05,EEM,4.797415733337402
2025-06-06,EEM,4.664578437805176
2025-06-09,EEM,2.412006378173828
2025-06-10,EEM,0.8290429711341858
2025-06-11,EEM,0.3436826467514038
2025-06-12,EEM,0.1471601128578186
2025-06-13,EEM,5.384188175201416
2025-06-16,EEM,2.8817155361175537
2025-06-17,EEM,4.953151702880859
2025-06-18,EEM,5.473614692687988
2025-06-20,EEM,0.018343769013881683
2025-06-23,EEM,3.2775838375091553
2025-06-24,EEM,1.3836948871612549
2025-06-25,EEM,3.1497044563293457
2025-06-26,EEM,2.0878918170928955
2025-06-27,EEM,3.7141289710998535
2025-02-26,TSLA,1.2576069831848145
2025-02-27,TSLA,1.3224592208862305
2025-02-28,TSLA,1.3367363214492798
2025-03-03,TSLA,1.3726493120193481
2025-03-04,TSLA,1.3978780508041382
2025-03-05,TSLA,1.4137002229690552
2025-03-06,TSLA,1.4385337829589844
2025-03-07,TSLA,1.4556877613067627
2025-03-10,TSLA,1.3530172109603882
2025-03-11,TSLA,1.3606696128845215
2025-03-12,TSLA,1.2886574268341064
2025-03-13,TSLA,1.2795182466506958
2025-03-14,TSLA,1.0172616243362427
2025-03-17,TSLA,1.073383092880249
2025-03-18,TSLA,1.11665940284729
2025-03-19,TSLA,0.8418616056442261
2025-03-20,TSLA,0.7480921745300293
2025-03-21,TSLA,0.32212772965431213
2025-03-24,TSLA,0.3989413380622864
2025-03-25,TSLA,0.6075930595397949
2025-03-26,TSLA,0.4348408281803131
2025-03-27,TSLA,0.49422168731689453
2025-03-28,TSLA,0.40521010756492615
2025-03-31,TSLA,0.34638258814811707
2025-04-01,TSLA,0.5464097857475281
2025-04-02,TSLA,1.263885498046875
2025-04-03,TSLA,0.6586942672729492
2025-04-04,TSLA,-0.6388643383979797
2025-04-07,TSLA,-0.6995810866355896
2025-04-08,TSLA,-0.7105649709701538
2025-04-09,TSLA,0.16991832852363586
2025-04-10,TSLA,-0.43108057975769043
2025-04-11,TSLA,0.14354832470417023
2025-04-14,TSLA,0.44227954745292664
2025-04-15,TSLA,0.27966463565826416
2025-04-16,TSLA,-0.7360154986381531
2025-04-17,TSLA,-0.7353633046150208
2025-04-21,TSLA,-0.6338953971862793
2025-04-22,TSLA,-0.5658960342407227
2025-04-23,TSLA,-0.18686652183532715
2025-04-24,TSLA,0.352641224861145
2025-04-25,TSLA,1.2857640981674194
2025-04-28,TSLA,1.4093936681747437
2025-04-29,TSLA,1.4071084260940552
2025-04-30,TSLA,1.3450250625610352
2025-05-01,TSLA,1.2603862285614014
2025-05-02,TSLA,1.441672444343567
2025-05-05,TSLA,1.3329575061798096
2025-05-06,TSLA,1.2859944105148315
2025-05-07,TSLA,1.494013786315918
2025-05-08,TSLA,1.406482219696045
2025-05-09,TSLA,1.0478547811508179
2025-05-12,TSLA,0.7036488652229309
2025-05-13,TSLA,0.5316311717033386
2025-05-14,TSLA,0.34429699182510376
2025-05-15,TSLA,0.2559845447540283
2025-05-16,TSLA,0.029071254655718803
2025-05-19,TSLA,0.3498022258281708
2025-05-20,TSLA,0.4166496992111206
2025-05-21,TSLA,0.6060137152671814
2025-05-22,TSLA,0.5503489375114441
2025-05-23,TSLA,0.5691003203392029
2025-05-27,TSLA,0.18833601474761963
2025-05-28,TSLA,0.34086471796035767
2025-05-29,TSLA,0.22034509479999542
2025-05-30,TSLA,0.8974525332450867
2025-06-02,TSLA,0.04073740169405937
2025-06-03,TSLA,0.4458390474319458
2025-06-04,TSLA,0.372555136680603
2025-06-05,TSLA,0.3410376012325287
2025-06-06,TSLA,0.34054622054100037
2025-06-09,TSLA,0.15557773411273956
2025-06-10,TSLA,-0.43082287907600403
2025-06-11,TSLA,-0.1469063013792038
2025-06-12,TSLA,0.633311927318573
2025-06-13,TSLA,0.10111206769943237
2025-06-16,TSLA,0.13242802023887634
2025-06-17,TSLA,0.7311877608299255
2025-06-18,TSLA,0.5702546834945679
2025-06-20,TSLA,0.4841684401035309
2025-06-23,TSLA,0.4135599434375763
2025-06-24,TSLA,1.1749483346939087
2025-06-25,TSLA,0.8052169680595398
2025-06-26,TSLA,0.5506350994110107
2025-06-27,TSLA,0.6257762312889099
2025-02-26,DX-Y.NYB,7.03406286239624
2025-02-27,DX-Y.NYB,-4.228100776672363
2025-02-28,DX-Y.NYB,-2.112095594406128
2025-03-03,DX-Y.NYB,2.313924551010132
2025-03-04,DX-Y.NYB,3.2511677742004395
2025-03-05,DX-Y.NYB,0.6773729920387268
2025-03-06,DX-Y.NYB,6.920224666595459
2025-03-07,DX-Y.NYB,9.256829261779785
2025-03-10,DX-Y.NYB,10.688153266906738
2025-03-11,DX-Y.NYB,11.682260513305664
2025-03-12,DX-Y.NYB,12.270084381103516
2025-03-13,DX-Y.NYB,12.022356033325195
2025-03-14,DX-Y.NYB,10.99151611328125
2025-03-17,DX-Y.NYB,10.104029655456543
2025-03-18,DX-Y.NYB,8.321020126342773
2025-03-19,DX-Y.NYB,6.017985820770264
2025-03-20,DX-Y.NYB,1.594621181488037
2025-03-21,DX-Y.NYB,1.5603852272033691
2025-03-24,DX-Y.NYB,0.9893472790718079
2025-03-25,DX-Y.NYB,4.108870029449463
2025-03-26,DX-Y.NYB,4.249072551727295
2025-03-27,DX-Y.NYB,4.223146915435791
2025-03-28,DX-Y.NYB,3.2434167861938477
2025-03-31,DX-Y.NYB,1.7839208841323853
2025-04-01,DX-Y.NYB,0.9532080888748169
2025-04-02,DX-Y.NYB,2.9952194690704346
2025-04-03,DX-Y.NYB,-5.745980262756348
2025-04-04,DX-Y.NYB,-5.630948543548584
2025-04-07,DX-Y.NYB,-4.9405646324157715
2025-04-08,DX-Y.NYB,0.2964304983615875
2025-04-09,DX-Y.NYB,1.2019109725952148
2025-04-10,DX-Y.NYB,0.18351846933364868
2025-04-11,DX-Y.NYB,2.682263135910034
2025-04-14,DX-Y.NYB,6.804413318634033
2025-04-15,DX-Y.NYB,8.185478210449219
2025-04-16,DX-Y.NYB,9.496654510498047
2025-04-17,DX-Y.NYB,9.901942253112793
2025-04-21,DX-Y.NYB,10.523923873901367
2025-04-22,DX-Y.NYB,9.385754585266113
2025-04-23,DX-Y.NYB,4.588444232940674
2025-04-24,DX-Y.NYB,6.408653736114502
2025-04-25,DX-Y.NYB,6.141977310180664
2025-04-28,DX-Y.NYB,6.580557823181152
2025-04-29,DX-Y.NYB,4.371598720550537
2025-04-30,DX-Y.NYB,2.0625054836273193
2025-05-01,DX-Y.NYB,2.3314461708068848
2025-05-02,DX-Y.NYB,3.0722525119781494
2025-05-05,DX-Y.NYB,3.1669576168060303
2025-05-06,DX-Y.NYB,3.645977020263672
2025-05-07,DX-Y.NYB,2.0154216289520264
2025-05-08,DX-Y.NYB,3.0696723461151123
2025-05-09,DX-Y.NYB,5.5797295570373535
2025-05-12,DX-Y.NYB,5.735718727111816
2025-05-13,DX-Y.NYB,4.9732770919799805
2025-05-14,DX-Y.NYB,7.220640659332275
2025-05-15,DX-Y.NYB,12.77011489868164
2025-05-16,DX-Y.NYB,12.992659568786621
2025-05-19,DX-Y.NYB,10.848514556884766
2025-05-20,DX-Y.NYB,4.369143486022949
2025-05-21,DX-Y.NYB,3.963880777359009
2025-05-22,DX-Y.NYB,3.191925287246704
2025-05-23,DX-Y.NYB,2.870654821395874
2025-05-26,DX-Y.NYB,2.069542407989502
2025-05-27,DX-Y.NYB,-2.509953498840332
2025-05-28,DX-Y.NYB,-4.738516807556152
2025-05-29,DX-Y.NYB,0.4436366558074951
2025-05-30,DX-Y.NYB,0.4345531463623047
2025-06-02,DX-Y.NYB,0.6847235560417175
2025-06-03,DX-Y.NYB,-2.1600914001464844
2025-06-04,DX-Y.NYB,3.252255916595459
2025-06-05,DX-Y.NYB,0.21288321912288666
2025-06-06,DX-Y.NYB,-2.183281421661377
2025-06-09,DX-Y.NYB,-2.011195182800293
2025-06-10,DX-Y.NYB,-0.818814218044281
2025-06-11,DX-Y.NYB,-1.6718426942825317
2025-06-12,DX-Y.NYB,7.287013530731201
2025-06-13,DX-Y.NYB,6.90939474105835
2025-06-16,DX-Y.NYB,9.16442584991455
2025-06-17,DX-Y.NYB,-0.5974628925323486
2025-06-18,DX-Y.NYB,1.4273788928985596
2025-06-20,DX-Y.NYB,1.2822620868682861
2025-06-23,DX-Y.NYB,1.8258389234542847
2025-06-24,DX-Y.NYB,0.5514861345291138
2025-06-25,DX-Y.NYB,-0.0030029078479856253
2025-06-26,DX-Y.NYB,3.730259656906128
2025-06-27,DX-Y.NYB,4.490701675415039
2025-02-26,GLD,7.575413227081299
2025-02-27,GLD,1.585749864578247
2025-02-28,GLD,1.8730309009552002
2025-03-03,GLD,-1.4980679750442505
2025-03-04,GLD,1.2222038507461548
2025-03-05,GLD,4.218785285949707
2025-03-06,GLD,3.6740970611572266
2025-03-07,GLD,4.351816654205322
2025-03-10,GLD,-3.017383337020874
2025-03-11,GLD,5.848021984100342
2025-03-12,GLD,6.218070983886719
2025-03-13,GLD,5.94823694229126
2025-03-14,GLD,7.558634281158447
2025-03-17,GLD,6.412661075592041
2025-03-18,GLD,2.9587247371673584
2025-03-19,GLD,2.774733066558838
2025-03-20,GLD,3.593665599822998
2025-03-21,GLD,7.774419784545898
2025-03-24,GLD,6.902748107910156
2025-03-25,GLD,6.50321102142334
2025-03-26,GLD,6.351933479309082
2025-03-27,GLD,6.606185436248779
2025-03-28,GLD,3.826965093612671
2025-03-31,GLD,1.2000818252563477
2025-04-01,GLD,0.7818917036056519
2025-04-02,GLD,-0.11436653882265091
2025-04-03,GLD,3.495518445968628
2025-04-04,GLD,-0.5684225559234619
2025-04-07,GLD,1.1909469366073608
2025-04-08,GLD,1.335167646408081
2025-04-09,GLD,4.756989002227783
2025-04-10,GLD,6.9345173835754395
2025-04-11,GLD,6.955974578857422
2025-04-14,GLD,6.653352737426758
2025-04-15,GLD,5.914470672607422
2025-04-16,GLD,2.5710928440093994
2025-04-17,GLD,3.34027099609375
2025-04-21,GLD,1.155707836151123
2025-04-22,GLD,3.305981159210205
2025-04-23,GLD,6.117023468017578
2025-04-24,GLD,6.242573261260986
2025-04-25,GLD,6.172203063964844
2025-04-28,GLD,6.416570663452148
2025-04-29,GLD,4.725781440734863
2025-04-30,GLD,4.025012016296387
2025-05-01,GLD,0.6725103855133057
2025-05-02,GLD,0.4016195237636566
2025-05-05,GLD,4.449823379516602
2025-05-06,GLD,4.371466159820557
2025-05-07,GLD,5.606225490570068
2025-05-08,GLD,1.1268318891525269
2025-05-09,GLD,3.8893842697143555
2025-05-12,GLD,-2.0678443908691406
2025-05-13,GLD,-1.0272490978240967
2025-05-14,GLD,-3.029926061630249
2025-05-15,GLD,-1.6912956237792969
2025-05-16,GLD,0.11212843656539917
2025-05-19,GLD,-2.221726894378662
2025-05-20,GLD,-1.5478999614715576
2025-05-21,GLD,-1.2598282098770142
2025-05-22,GLD,-1.150182843208313
2025-05-23,GLD,-0.7366319298744202
2025-05-27,GLD,0.15149694681167603
2025-05-28,GLD,0.7108750343322754
2025-05-29,GLD,0.37881311774253845
2025-05-30,GLD,0.3591179847717285
2025-06-02,GLD,2.068765878677368
2025-06-03,GLD,3.0206832885742188
2025-06-04,GLD,3.8028104305267334
2025-06-05,GLD,4.487198352813721
2025-06-06,GLD,2.8942110538482666
2025-06-09,GLD,2.7140390872955322
2025-06-10,GLD,2.6630687713623047
2025-06-11,GLD,2.8101484775543213
2025-06-12,GLD,2.6284637451171875
2025-06-13,GLD,3.360363245010376
2025-06-16,GLD,3.617213249206543
2025-06-17,GLD,3.4550318717956543
2025-06-18,GLD,3.3735151290893555
2025-06-20,GLD,3.130495071411133
2025-06-23,GLD,3.1421327590942383
2025-06-24,GLD,1.6922128200531006
2025-06-25,GLD,2.5721688270568848
2025-06-26,GLD,1.1453495025634766
2025-06-27,GLD,-2.3239307403564453
2025-02-26,XOM,4.0449323654174805
2025-02-27,XOM,3.648059606552124
2025-02-28,XOM,3.4949488639831543
2025-03-03,XOM,-3.114900827407837
2025-03-04,XOM,-3.005119800567627
2025-03-05,XOM,-2.8333003520965576
2025-03-06,XOM,-2.654637098312378
2025-03-07,XOM,-2.1320548057556152
2025-03-10,XOM,3.8666255474090576
2025-03-11,XOM,4.019898414611816
2025-03-12,XOM,3.590513229370117
2025-03-13,XOM,2.19785475730896
2025-03-14,XOM,4.615517616271973
2025-03-17,XOM,5.204827785491943
2025-03-18,XOM,5.1776251792907715
2025-03-19,XOM,4.044063568115234
2025-03-20,XOM,3.5007333755493164
2025-03-21,XOM,4.757523059844971
2025-03-24,XOM,5.160007953643799
2025-03-25,XOM,4.426809310913086
2025-03-26,XOM,2.310598611831665
2025-03-27,XOM,3.16939115524292
2025-03-28,XOM,3.459354877471924
2025-03-31,XOM,3.272580862045288
2025-04-01,XOM,3.553194046020508
2025-04-02,XOM,2.0179648399353027
2025-04-03,XOM,1.2434532642364502
2025-04-04,XOM,-1.328757405281067
2025-04-07,XOM,-1.9174052476882935
2025-04-08,XOM,-0.13990937173366547
2025-04-09,XOM,1.0087862014770508
2025-04-10,XOM,1.900151252746582
2025-04-11,XOM,2.1714861392974854
2025-04-14,XOM,2.1295485496520996
2025-04-15,XOM,2.3543598651885986
2025-04-16,XOM,1.5580625534057617
2025-04-17,XOM,0.055156514048576355
2025-04-21,XOM,0.7771069407463074
2025-04-22,XOM,-0.09209144115447998
2025-04-23,XOM,0.6074303388595581
2025-04-24,XOM,0.8305657505989075
2025-04-25,XOM,1.0790601968765259
2025-04-28,XOM,1.0528781414031982
2025-04-29,XOM,0.9355254173278809
2025-04-30,XOM,1.1031293869018555
2025-05-01,XOM,0.30678772926330566
2025-05-02,XOM,0.0043493229895830154
2025-05-05,XOM,-1.8927884101867676
2025-05-06,XOM,-1.5633264780044556
2025-05-07,XOM,-1.9833197593688965
2025-05-08,XOM,-0.7951099872589111
2025-05-09,XOM,1.6149641275405884
2025-05-12,XOM,4.348215579986572
2025-05-13,XOM,3.756943702697754
2025-05-14,XOM,3.7913742065429688
2025-05-15,XOM,3.1182267665863037
2025-05-16,XOM,3.0848731994628906
2025-05-19,XOM,3.6933515071868896
2025-05-20,XOM,1.476465106010437
2025-05-21,XOM,-0.062079548835754395
2025-05-22,XOM,-2.0342373847961426
2025-05-23,XOM,-2.2833473682403564
2025-05-27,XOM,-2.078427791595459
2025-05-28,XOM,-1.104123830795288
2025-05-29,XOM,-1.1988294124603271
2025-05-30,XOM,-0.593592643737793
2025-06-02,XOM,-0.697941243648529
2025-06-03,XOM,-0.8973497152328491
2025-06-04,XOM,0.3441755771636963
2025-06-05,XOM,0.9496336579322815
2025-06-06,XOM,-0.5893144607543945
2025-06-09,XOM,1.3686213493347168
2025-06-10,XOM,1.572417974472046
2025-06-11,XOM,1.6244853734970093
2025-06-12,XOM,1.7091450691223145
2025-06-13,XOM,1.0551344156265259
2025-06-16,XOM,1.0786207914352417
2025-06-17,XOM,1.068253755569458
2025-06-18,XOM,2.0612478256225586
2025-06-20,XOM,2.7352452278137207
2025-06-23,XOM,3.404865026473999
2025-06-24,XOM,3.4889614582061768
2025-06-25,XOM,3.999843120574951
2025-06-26,XOM,2.983154773712158
2025-06-27,XOM,2.6420867443084717
2025-02-26,TLT,4.421164512634277
2025-02-27,TLT,5.1817169189453125
2025-02-28,TLT,1.603318691253662
2025-03-03,TLT,1.0098015069961548
2025-03-04,TLT,7.366761684417725
2025-03-05,TLT,5.778289794921875
2025-03-06,TLT,5.302512168884277
2025-03-07,TLT,5.484092712402344
2025-03-10,TLT,4.539124011993408
2025-03-11,TLT,4.450381755828857
2025-03-12,TLT,2.5043320655822754
2025-03-13,TLT,3.7022881507873535
2025-03-14,TLT,2.44781756401062
2025-03-17,TLT,1.1065375804901123
2025-03-18,TLT,2.6632189750671387
2025-03-19,TLT,2.529885768890381
2025-03-20,TLT,5.941257953643799
2025-03-21,TLT,5.511026382446289
2025-03-24,TLT,-4.485561370849609
2025-03-25,TLT,-4.928633689880371
2025-03-26,TLT,-2.947551965713501
2025-03-27,TLT,-0.10696378350257874
2025-03-28,TLT,-4.209927558898926
2025-03-31,TLT,1.9234493970870972
2025-04-01,TLT,4.081681251525879
2025-04-02,TLT,6.19356632232666
2025-04-03,TLT,5.1701436042785645
2025-04-04,TLT,2.7219185829162598
2025-04-07,TLT,2.3224802017211914
2025-04-08,TLT,-3.165771484375
2025-04-09,TLT,-3.121527671813965
2025-04-10,TLT,-1.8539674282073975
2025-04-11,TLT,-0.011443886905908585
2025-04-14,TLT,0.9922997355461121
2025-04-15,TLT,0.5350642204284668
2025-04-16,TLT,-1.3349367380142212
2025-04-17,TLT,2.9234471321105957
2025-04-21,TLT,3.8355352878570557
2025-04-22,TLT,3.2110683917999268
2025-04-23,TLT,-0.9253367781639099
2025-04-24,TLT,-1.5664986371994019
2025-04-25,TLT,0.7830125093460083
2025-04-28,TLT,1.8392823934555054
2025-04-29,TLT,2.3573410511016846
2025-04-30,TLT,2.0339598655700684
2025-05-01,TLT,1.6082406044006348
2025-05-02,TLT,1.4135890007019043
2025-05-05,TLT,1.6529874801635742
2025-05-06,TLT,-0.555301308631897
2025-05-07,TLT,-0.839069128036499
2025-05-08,TLT,-1.9594112634658813
2025-05-09,TLT,-2.6254422664642334
2025-05-12,TLT,-3.6940789222717285
2025-05-13,TLT,-2.70772123336792
2025-05-14,TLT,0.09192894399166107
2025-05-15,TLT,-1.3302611112594604
2025-05-16,TLT,-1.1308388710021973
2025-05-19,TLT,3.9863357543945312
2025-05-20,TLT,4.530653476715088
2025-05-21,TLT,4.870893478393555
2025-05-22,TLT,5.254345417022705
2025-05-23,TLT,5.558204174041748
2025-05-27,TLT,0.5058102607727051
2025-05-28,TLT,2.9615302085876465
2025-05-29,TLT,0.6772091388702393
2025-05-30,TLT,1.759549617767334
2025-06-02,TLT,2.677619218826294
2025-06-03,TLT,2.4596595764160156
2025-06-04,TLT,2.5764691829681396
2025-06-05,TLT,3.5513193607330322
2025-06-06,TLT,2.537290096282959
2025-06-09,TLT,3.2867462635040283
2025-06-10,TLT,5.8601531982421875
2025-06-11,TLT,7.180375576019287
2025-06-12,TLT,6.652400970458984
2025-06-13,TLT,6.258810997009277
2025-06-16,TLT,5.626745223999023
2025-06-17,TLT,4.557613849639893
2025-06-18,TLT,4.578763484954834
2025-06-20,TLT,4.781617164611816
2025-06-23,TLT,4.518275260925293
2025-06-24,TLT,3.737368106842041
2025-06-25,TLT,3.295137882232666
2025-06-26,TLT,2.479337215423584
2025-06-27,TLT,4.117408275604248
2025-02-25,USDINR=X,-7.591978549957275
2025-02-26,USDINR=X,-4.005175590515137
2025-02-27,USDINR=X,1.5402275323867798
2025-02-28,USDINR=X,7.711180210113525
2025-03-03,USDINR=X,22.76549530029297
2025-03-04,USDINR=X,20.405202865600586
2025-03-05,USDINR=X,19.7484188079834
2025-03-06,USDINR=X,12.682254791259766
2025-03-07,USDINR=X,14.824371337890625
2025-03-10,USDINR=X,0.6462142467498779
2025-03-11,USDINR=X,6.382134914398193
2025-03-12,USDINR=X,32.93021011352539
2025-03-13,USDINR=X,30.33464813232422
2025-03-14,USDINR=X,15.13490104675293
2025-03-17,USDINR=X,15.9899320602417
2025-03-18,USDINR=X,14.687551498413086
2025-03-19,USDINR=X,-13.876632690429688
2025-03-20,USDINR=X,-7.828804016113281
2025-03-21,USDINR=X,2.160037040710449
2025-03-24,USDINR=X,14.835588455200195
2025-03-25,USDINR=X,21.373554229736328
2025-03-26,USDINR=X,24.24077606201172
2025-03-27,USDINR=X,22.78536033630371
2025-03-28,USDINR=X,24.463581085205078
2025-03-31,USDINR=X,24.887096405029297
2025-04-01,USDINR=X,24.127761840820312
2025-04-02,USDINR=X,18.577688217163086
2025-04-03,USDINR=X,12.044841766357422
2025-04-04,USDINR=X,22.64103126525879
2025-04-07,USDINR=X,12.56243896484375
2025-04-08,USDINR=X,3.0659940242767334
2025-04-09,USDINR=X,7.701685905456543
2025-04-10,USDINR=X,6.870713233947754
2025-04-11,USDINR=X,8.541613578796387
2025-04-14,USDINR=X,7.325454235076904
2025-04-15,USDINR=X,5.06014347076416
2025-04-16,USDINR=X,8.710124015808105
2025-04-17,USDINR=X,5.3228230476379395
2025-04-22,USDINR=X,-5.578267574310303
2025-04-23,USDINR=X,-8.222644805908203
2025-04-24,USDINR=X,-12.678417205810547
2025-04-25,USDINR=X,-5.312295913696289
2025-04-28,USDINR=X,-10.087464332580566
2025-04-29,USDINR=X,-3.4557628631591797
2025-04-30,USDINR=X,-0.6455512642860413
2025-05-01,USDINR=X,15.935454368591309
2025-05-02,USDINR=X,18.919553756713867
2025-05-05,USDINR=X,21.05173683166504
2025-05-06,USDINR=X,22.050086975097656
2025-05-07,USDINR=X,15.297818183898926
2025-05-08,USDINR=X,13.75883674621582
2025-05-09,USDINR=X,0.7198260426521301
2025-05-12,USDINR=X,2.866480588912964
2025-05-13,USDINR=X,6.874324321746826
2025-05-14,USDINR=X,4.2470011711120605
2025-05-15,USDINR=X,-0.23364152014255524
2025-05-16,USDINR=X,-0.21638154983520508
2025-05-19,USDINR=X,0.6003990769386292
2025-05-20,USDINR=X,1.067654013633728
2025-05-21,USDINR=X,3.8098301887512207
2025-05-22,USDINR=X,7.813610553741455
2025-05-23,USDINR=X,22.31616973876953
2025-05-26,USDINR=X,11.65240478515625
2025-05-27,USDINR=X,12.058772087097168
2025-05-28,USDINR=X,10.388921737670898
2025-05-29,USDINR=X,10.914372444152832
2025-05-30,USDINR=X,11.173813819885254
2025-06-02,USDINR=X,9.969891548156738
2025-06-03,USDINR=X,11.246818542480469
2025-06-04,USDINR=X,10.119967460632324
2025-06-05,USDINR=X,15.662744522094727
2025-06-06,USDINR=X,16.335773468017578
2025-06-09,USDINR=X,17.295425415039062
2025-06-10,USDINR=X,16.457897186279297
2025-06-11,USDINR=X,17.59673500061035
2025-06-12,USDINR=X,7.138113498687744
2025-06-13,USDINR=X,14.37303638458252
2025-06-16,USDINR=X,17.205358505249023
2025-06-17,USDINR=X,19.798419952392578
2025-06-18,USDINR=X,17.09052276611328
2025-06-19,USDINR=X,11.270347595214844
2025-06-20,USDINR=X,12.193948745727539
2025-06-23,USDINR=X,12.191824913024902
2025-06-24,USDINR=X,16.631498336791992
2025-06-25,USDINR=X,2.49573016166687
2025-06-26,USDINR=X,16.645902633666992
2025-06-27,USDINR=X,7.379401683807373
2025-02-26,IWM,3.4024722576141357
2025-02-27,IWM,3.998403549194336
2025-02-28,IWM,4.164694309234619
2025-03-03,IWM,4.412045955657959
2025-03-04,IWM,4.547831058502197
2025-03-05,IWM,4.660693645477295
2025-03-06,IWM,4.7659592628479
2025-03-07,IWM,4.808119297027588
2025-03-10,IWM,4.751093864440918
2025-03-11,IWM,4.786432266235352
2025-03-12,IWM,4.707076072692871
2025-03-13,IWM,4.875938892364502
2025-03-14,IWM,3.7681429386138916
2025-03-17,IWM,2.3199119567871094
2025-03-18,IWM,2.83860445022583
2025-03-19,IWM,1.1620821952819824
2025-03-20,IWM,1.4959782361984253
2025-03-21,IWM,2.038012981414795
2025-03-24,IWM,1.0557674169540405
2025-03-25,IWM,1.1997424364089966
2025-03-26,IWM,1.1964823007583618
2025-03-27,IWM,1.2635432481765747
2025-03-28,IWM,-0.1999678909778595
2025-03-31,IWM,-1.556387186050415
2025-04-01,IWM,-1.602943778038025
2025-04-02,IWM,-1.7928279638290405
2025-04-03,IWM,-1.2591155767440796
2025-04-04,IWM,-1.2060818672180176
2025-04-07,IWM,1.5778974294662476
2025-04-08,IWM,3.070625066757202
2025-04-09,IWM,1.948724389076233
2025-04-10,IWM,2.5154528617858887
2025-04-11,IWM,2.394683837890625
2025-04-14,IWM,1.7432938814163208
2025-04-15,IWM,1.6373283863067627
2025-04-16,IWM,1.748494267463684
2025-04-17,IWM,1.391090750694275
2025-04-21,IWM,1.7802982330322266
2025-04-22,IWM,0.6490792036056519
2025-04-23,IWM,0.7786539196968079
2025-04-24,IWM,1.2236624956130981
2025-04-25,IWM,1.4060224294662476
2025-04-28,IWM,1.6564512252807617
2025-04-29,IWM,1.5309122800827026
2025-04-30,IWM,1.4050447940826416
2025-05-01,IWM,2.6384503841400146
2025-05-02,IWM,2.5128095149993896
2025-05-05,IWM,2.9516539573669434
2025-05-06,IWM,2.919377326965332
2025-05-07,IWM,2.5773284435272217
2025-05-08,IWM,2.408257007598877
2025-05-09,IWM,2.3867993354797363
2025-05-12,IWM,1.2890809774398804
2025-05-13,IWM,0.9384413361549377
2025-05-14,IWM,1.2290922403335571
2025-05-15,IWM,0.5663147568702698
2025-05-16,IWM,0.1343633234500885
2025-05-19,IWM,0.7210984826087952
2025-05-20,IWM,0.4002535343170166
2025-05-21,IWM,2.61574387550354
2025-05-22,IWM,3.132359743118286
2025-05-23,IWM,1.3113998174667358
2025-05-27,IWM,1.6257572174072266
2025-05-28,IWM,2.35965895652771
2025-05-29,IWM,2.85538649559021
2025-05-30,IWM,1.205226182937622
2025-06-02,IWM,2.392089366912842
2025-06-03,IWM,2.5060274600982666
2025-06-04,IWM,2.727579355239868
2025-06-05,IWM,2.1833808422088623
2025-06-06,IWM,1.6322933435440063
2025-06-09,IWM,2.558745861053467
2025-06-10,IWM,2.147934675216675
2025-06-11,IWM,2.307124137878418
2025-06-12,IWM,3.1207168102264404
2025-06-13,IWM,1.1244454383850098
2025-06-16,IWM,2.453094482421875
2025-06-17,IWM,2.1757123470306396
2025-06-18,IWM,2.4310848712921143
2025-06-20,IWM,2.237347364425659
2025-06-23,IWM,2.1514744758605957
2025-06-24,IWM,2.21431827545166
2025-06-25,IWM,3.25864577293396
2025-06-26,IWM,1.5749077796936035
2025-06-27,IWM,1.6162831783294678
2025-02-26,JPM,0.7445743680000305
2025-02-27,JPM,2.082540512084961
2025-02-28,JPM,0.6000927686691284
2025-03-03,JPM,2.4340105056762695
2025-03-04,JPM,2.9968371391296387
2025-03-05,JPM,3.082942008972168
2025-03-06,JPM,3.333113670349121
2025-03-07,JPM,3.5612034797668457
2025-03-10,JPM,3.529252290725708
2025-03-11,JPM,3.495023250579834
2025-03-12,JPM,3.6731343269348145
2025-03-13,JPM,3.7939910888671875
2025-03-14,JPM,3.551326036453247
2025-03-17,JPM,3.300224781036377
2025-03-18,JPM,3.03249454498291
2025-03-19,JPM,1.8149164915084839
2025-03-20,JPM,1.993143081665039
2025-03-21,JPM,1.2541491985321045
2025-03-24,JPM,0.7097569704055786
2025-03-25,JPM,0.9365770220756531
2025-03-26,JPM,1.0559946298599243
2025-03-27,JPM,1.0780738592147827
2025-03-28,JPM,0.9901960492134094
2025-03-31,JPM,0.6350846886634827
2025-04-01,JPM,0.621934711933136
2025-04-02,JPM,1.340190052986145
2025-04-03,JPM,-1.7187296152114868
2025-04-04,JPM,-1.8478306531906128
2025-04-07,JPM,-1.275286316871643
2025-04-08,JPM,-0.08763191848993301
2025-04-09,JPM,-1.3724429607391357
2025-04-10,JPM,0.2564673125743866
2025-04-11,JPM,0.18549704551696777
2025-04-14,JPM,0.49987858533859253
2025-04-15,JPM,0.7424793839454651
2025-04-16,JPM,0.7884266376495361
2025-04-17,JPM,0.6418042778968811
2025-04-21,JPM,0.8376469612121582
2025-04-22,JPM,0.7973319888114929
2025-04-23,JPM,3.657857656478882
2025-04-24,JPM,3.721410036087036
2025-04-25,JPM,3.6061573028564453
2025-04-28,JPM,3.456557273864746
2025-04-29,JPM,3.116367816925049
2025-04-30,JPM,2.526132345199585
2025-05-01,JPM,2.2146713733673096
2025-05-02,JPM,1.6213690042495728
2025-05-05,JPM,1.7629640102386475
2025-05-06,JPM,1.9632834196090698
2025-05-07,JPM,1.8187650442123413
2025-05-08,JPM,1.7099928855895996
2025-05-09,JPM,1.5755608081817627
2025-05-12,JPM,0.8213539123535156
2025-05-13,JPM,0.4975659251213074
2025-05-14,JPM,0.28146860003471375
2025-05-15,JPM,0.09659776091575623
2025-05-16,JPM,0.13517674803733826
2025-05-19,JPM,0.9445905089378357
2025-05-20,JPM,0.46526989340782166
2025-05-21,JPM,2.1142213344573975
2025-05-22,JPM,2.746638298034668
2025-05-23,JPM,2.7375802993774414
2025-05-27,JPM,1.2351081371307373
2025-05-28,JPM,1.7057619094848633
2025-05-29,JPM,1.4992234706878662
2025-05-30,JPM,2.603484630584717
2025-06-02,JPM,2.659031629562378
2025-06-03,JPM,2.4807724952697754
2025-06-04,JPM,2.86993670463562
2025-06-05,JPM,0.34012657403945923
2025-06-06,JPM,2.7337517738342285
2025-06-09,JPM,2.9586143493652344
2025-06-10,JPM,3.329620122909546
2025-06-11,JPM,3.212066173553467
2025-06-12,JPM,3.2597577571868896
2025-06-13,JPM,3.2180140018463135
2025-06-16,JPM,1.3734760284423828
2025-06-17,JPM,2.5165419578552246
2025-06-18,JPM,1.7365792989730835
2025-06-20,JPM,1.1597273349761963
2025-06-23,JPM,0.45166102051734924
2025-06-24,JPM,0.1352297067642212
2025-06-25,JPM,0.1651649922132492
2025-06-26,JPM,-0.1617536097764969
2025-06-27,JPM,0.0211937315762043
2025-02-26,UNH,2.7504637241363525
2025-02-27,UNH,2.8053250312805176
2025-02-28,UNH,2.435544490814209
2025-03-03,UNH,2.5592033863067627
2025-03-04,UNH,1.5752997398376465
2025-03-05,UNH,0.836279571056366
2025-03-06,UNH,0.08440439403057098
2025-03-07,UNH,0.3706294894218445
2025-03-10,UNH,0.6872003078460693
2025-03-11,UNH,0.5319413542747498
2025-03-12,UNH,0.5753785371780396
2025-03-13,UNH,0.5691124796867371
2025-03-14,UNH,0.8012613654136658
2025-03-17,UNH,0.909529447555542
2025-03-18,UNH,1.651703953742981
2025-03-19,UNH,1.8318020105361938
2025-03-20,UNH,2.5823817253112793
2025-03-21,UNH,2.2855753898620605
2025-03-24,UNH,2.4698517322540283
2025-03-25,UNH,2.5833563804626465
2025-03-26,UNH,1.9473117589950562
2025-03-27,UNH,2.044661283493042
2025-03-28,UNH,1.8113056421279907
2025-03-31,UNH,1.5859348773956299
2025-04-01,UNH,1.5370919704437256
2025-04-02,UNH,1.1785234212875366
2025-04-03,UNH,0.485734760761261
2025-04-04,UNH,1.8266472816467285
2025-04-07,UNH,2.1075825691223145
2025-04-08,UNH,0.320895254611969
2025-04-09,UNH,1.3675775527954102
2025-04-10,UNH,1.005362629890442
2025-04-11,UNH,0.5347045063972473
2025-04-14,UNH,1.0529403686523438
2025-04-15,UNH,1.5983728170394897
2025-04-16,UNH,1.8054641485214233
2025-04-17,UNH,-0.2530181407928467
2025-04-21,UNH,-0.03129218891263008
2025-04-22,UNH,-0.20671966671943665
2025-04-23,UNH,0.14506806433200836
2025-04-24,UNH,0.7615933418273926
2025-04-25,UNH,1.04104483127594
2025-04-28,UNH,1.1332329511642456
2025-04-29,UNH,1.4024577140808105
2025-04-30,UNH,1.3850528001785278
2025-05-01,UNH,1.5247349739074707
2025-05-02,UNH,1.5056326389312744
2025-05-05,UNH,1.400376319885254
2025-05-06,UNH,1.4979819059371948
2025-05-07,UNH,1.308584451675415
2025-05-08,UNH,1.5201809406280518
2025-05-09,UNH,1.6500933170318604
2025-05-12,UNH,1.8480080366134644
2025-05-13,UNH,1.7072539329528809
2025-05-14,UNH,1.7122018337249756
2025-05-15,UNH,1.6620551347732544
2025-05-16,UNH,1.642831802368164
2025-05-19,UNH,1.5492554903030396
2025-05-20,UNH,1.3803412914276123
2025-05-21,UNH,1.4034937620162964
2025-05-22,UNH,1.3503180742263794
2025-05-23,UNH,1.2888675928115845
2025-05-27,UNH,1.2537153959274292
2025-05-28,UNH,1.1168595552444458
2025-05-29,UNH,1.028692603111267
2025-05-30,UNH,0.8720357418060303
2025-06-02,UNH,0.6115348935127258
2025-06-03,UNH,0.6894690990447998
2025-06-04,UNH,0.6755529046058655
2025-06-05,UNH,0.24723117053508759
2025-06-06,UNH,0.2555231750011444
2025-06-09,UNH,0.21667169034481049
2025-06-10,UNH,0.3601628243923187
2025-06-11,UNH,0.538445234298706
2025-06-12,UNH,1.2521893978118896
2025-06-13,UNH,0.9396539330482483
2025-06-16,UNH,0.847359299659729
2025-06-17,UNH,1.1076644659042358
2025-06-18,UNH,1.2432470321655273
2025-06-20,UNH,0.6886835098266602
2025-06-23,UNH,0.5132116079330444
2025-06-24,UNH,1.860097050666809
2025-06-25,UNH,1.0520426034927368
2025-06-26,UNH,0.814398467540741
2025-06-27,UNH,1.0840011835098267
2025-02-26,SPY,-2.1318085193634033
2025-02-27,SPY,0.5596514344215393
2025-02-28,SPY,2.98262357711792
2025-03-03,SPY,4.045894622802734
2025-03-04,SPY,4.688851833343506
2025-03-05,SPY,5.452935218811035
2025-03-06,SPY,5.903240203857422
2025-03-07,SPY,6.298379898071289
2025-03-10,SPY,6.120876789093018
2025-03-11,SPY,6.237222194671631
2025-03-12,SPY,6.244228363037109
2025-03-13,SPY,6.497813701629639
2025-03-14,SPY,5.719351291656494
2025-03-17,SPY,4.240835189819336
2025-03-18,SPY,4.957235336303711
2025-03-19,SPY,2.876138687133789
2025-03-20,SPY,2.904601573944092
2025-03-21,SPY,2.855201482772827
2025-03-24,SPY,0.9996015429496765
2025-03-25,SPY,1.6509073972702026
2025-03-26,SPY,1.8413828611373901
2025-03-27,SPY,1.885284423828125
2025-03-28,SPY,0.7905299663543701
2025-03-31,SPY,0.4315592050552368
2025-04-01,SPY,-0.8035204410552979
2025-04-02,SPY,-1.0835155248641968
2025-04-03,SPY,-2.2894139289855957
2025-04-04,SPY,-2.4074344635009766
2025-04-07,SPY,0.3270508348941803
2025-04-08,SPY,3.0763893127441406
2025-04-09,SPY,-0.9463312029838562
2025-04-10,SPY,1.7922855615615845
2025-04-11,SPY,1.599676251411438
2025-04-14,SPY,0.9344329237937927
2025-04-15,SPY,1.162219762802124
2025-04-16,SPY,1.484813928604126
2025-04-17,SPY,1.349858283996582
2025-04-21,SPY,1.568743348121643
2025-04-22,SPY,0.8634564876556396
2025-04-23,SPY,0.5668323040008545
2025-04-24,SPY,1.7695870399475098
2025-04-25,SPY,2.6916697025299072
2025-04-28,SPY,3.4538421630859375
2025-04-29,SPY,3.370941162109375
2025-04-30,SPY,4.214658737182617
2025-05-01,SPY,3.7320311069488525
2025-05-02,SPY,2.823312282562256
2025-05-05,SPY,2.9447500705718994
2025-05-06,SPY,3.1840643882751465
2025-05-07,SPY,2.8156957626342773
2025-05-08,SPY,2.7626326084136963
2025-05-09,SPY,2.5428481101989746
2025-05-12,SPY,1.5029016733169556
2025-05-13,SPY,1.197286605834961
2025-05-14,SPY,1.0615192651748657
2025-05-15,SPY,0.6943203210830688
2025-05-16,SPY,0.26958131790161133
2025-05-19,SPY,0.21396999061107635
2025-05-20,SPY,0.8567447662353516
2025-05-21,SPY,2.4622108936309814
2025-05-22,SPY,2.8957228660583496
2025-05-23,SPY,3.2922275066375732
2025-05-27,SPY,1.6637471914291382
2025-05-28,SPY,1.911799430847168
2025-05-29,SPY,1.6737109422683716
2025-05-30,SPY,2.8237051963806152
2025-06-02,SPY,2.1332054138183594
2025-06-03,SPY,1.698270320892334
2025-06-04,SPY,1.2207478284835815
2025-06-05,SPY,2.3391146659851074
2025-06-06,SPY,1.2697995901107788
2025-06-09,SPY,1.3294899463653564
2025-06-10,SPY,1.1147873401641846
2025-06-11,SPY,1.4883477687835693
2025-06-12,SPY,0.6355176568031311
2025-06-13,SPY,2.0585548877716064
2025-06-16,SPY,0.990839421749115
2025-06-17,SPY,2.541264295578003
2025-06-18,SPY,2.5979878902435303
2025-06-20,SPY,0.9125677943229675
2025-06-23,SPY,1.82921302318573
2025-06-24,SPY,2.4017887115478516
2025-06-25,SPY,3.3163437843322754
2025-06-26,SPY,1.5648378133773804
2025-06-27,SPY,0.5351492166519165
2025-02-26,MSFT,0.7188976407051086
2025-02-27,MSFT,2.0849030017852783
2025-02-28,MSFT,2.65229868888855
2025-03-03,MSFT,3.258420705795288
2025-03-04,MSFT,3.4868595600128174
2025-03-05,MSFT,-0.8299471735954285
2025-03-06,MSFT,1.7037161588668823
2025-03-07,MSFT,2.4817590713500977
2025-03-10,MSFT,3.1402313709259033
2025-03-11,MSFT,3.1473653316497803
2025-03-12,MSFT,2.9497148990631104
2025-03-13,MSFT,3.3862805366516113
2025-03-14,MSFT,0.4907124936580658
2025-03-17,MSFT,0.600299060344696
2025-03-18,MSFT,1.5392287969589233
2025-03-19,MSFT,0.46548929810523987
2025-03-20,MSFT,0.4856068193912506
2025-03-21,MSFT,-0.06822915375232697
2025-03-24,MSFT,-0.09510886669158936
2025-03-25,MSFT,0.8460405468940735
2025-03-26,MSFT,0.8224249482154846
2025-03-27,MSFT,0.9252663850784302
2025-03-28,MSFT,-1.2517783641815186
2025-03-31,MSFT,-1.7096720933914185
2025-04-01,MSFT,-2.451683282852173
2025-04-02,MSFT,-2.610490560531616
2025-04-03,MSFT,-0.7211737632751465
2025-04-04,MSFT,-0.5775808691978455
2025-04-07,MSFT,0.9126216173171997
2025-04-08,MSFT,2.545788526535034
2025-04-09,MSFT,-0.1756170094013214
2025-04-10,MSFT,0.9104897379875183
2025-04-11,MSFT,1.6717970371246338
2025-04-14,MSFT,3.3621768951416016
2025-04-15,MSFT,2.243260145187378
2025-04-16,MSFT,0.9910500645637512
2025-04-17,MSFT,-0.025803806260228157
2025-04-21,MSFT,-0.6791250109672546
2025-04-22,MSFT,-0.4566892087459564
2025-04-23,MSFT,-0.4228113889694214
2025-04-24,MSFT,1.5267465114593506
2025-04-25,MSFT,3.1924195289611816
2025-04-28,MSFT,3.197932243347168
2025-04-29,MSFT,3.444550037384033
2025-04-30,MSFT,2.9962987899780273
2025-05-01,MSFT,1.4738023281097412
2025-05-02,MSFT,1.670042634010315
2025-05-05,MSFT,0.9538124203681946
2025-05-06,MSFT,1.0382970571517944
2025-05-07,MSFT,1.8657959699630737
2025-05-08,MSFT,2.2382876873016357
2025-05-09,MSFT,3.3193788528442383
2025-05-12,MSFT,1.605948805809021
2025-05-13,MSFT,1.2320255041122437
2025-05-14,MSFT,0.619049608707428
2025-05-15,MSFT,0.19437679648399353
2025-05-16,MSFT,0.17584162950515747
2025-05-19,MSFT,0.21601524949073792
2025-05-20,MSFT,0.2548173666000366
2025-05-21,MSFT,2.2897987365722656
2025-05-22,MSFT,2.085533857345581
2025-05-23,MSFT,3.2166430950164795
2025-05-27,MSFT,1.3680216073989868
2025-05-28,MSFT,2.1841328144073486
2025-05-29,MSFT,1.7605787515640259
2025-05-30,MSFT,1.124213695526123
2025-06-02,MSFT,0.3620091378688812
2025-06-03,MSFT,0.1485343873500824
2025-06-04,MSFT,-0.05628225579857826
2025-06-05,MSFT,-0.12670232355594635
2025-06-06,MSFT,-0.37526118755340576
2025-06-09,MSFT,-0.48045435547828674
2025-06-10,MSFT,-0.1972745805978775
2025-06-11,MSFT,-0.4638283848762512
2025-06-12,MSFT,-0.5762456655502319
2025-06-13,MSFT,-0.6037647724151611
2025-06-16,MSFT,-0.7403632402420044
2025-06-17,MSFT,-0.842949628829956
2025-06-18,MSFT,-1.1486140489578247
2025-06-20,MSFT,0.029827194288372993
2025-06-23,MSFT,-1.009492039680481
2025-06-24,MSFT,-1.0369499921798706
2025-06-25,MSFT,-1.0162992477416992
2025-06-26,MSFT,-0.9518977999687195
2025-06-27,MSFT,-0.848054826259613
2025-02-25,EURUSD=X,12.065446853637695
2025-02-26,EURUSD=X,7.670228004455566
2025-02-27,EURUSD=X,12.016939163208008
2025-02-28,EURUSD=X,7.459683895111084
2025-03-03,EURUSD=X,8.628523826599121
2025-03-04,EURUSD=X,8.024480819702148
2025-03-05,EURUSD=X,9.067817687988281
2025-03-06,EURUSD=X,10.520339965820312
2025-03-07,EURUSD=X,9.226099967956543
2025-03-10,EURUSD=X,5.349552631378174
2025-03-11,EURUSD=X,6.376720905303955
2025-03-12,EURUSD=X,4.1407551765441895
2025-03-13,EURUSD=X,8.528217315673828
2025-03-14,EURUSD=X,10.790197372436523
2025-03-17,EURUSD=X,9.165005683898926
2025-03-18,EURUSD=X,7.51727819442749
2025-03-19,EURUSD=X,9.159379959106445
2025-03-20,EURUSD=X,9.543621063232422
2025-03-21,EURUSD=X,8.174249649047852
2025-03-24,EURUSD=X,9.878168106079102
2025-03-25,EURUSD=X,2.5876474380493164
2025-03-26,EURUSD=X,0.5753213167190552
2025-03-27,EURUSD=X,2.3855478763580322
2025-03-28,EURUSD=X,-1.4420506954193115
2025-03-31,EURUSD=X,-0.16762925684452057
2025-04-01,EURUSD=X,-2.170668840408325
2025-04-02,EURUSD=X,1.2516651153564453
2025-04-03,EURUSD=X,1.4132390022277832
2025-04-04,EURUSD=X,6.919911861419678
2025-04-07,EURUSD=X,11.696893692016602
2025-04-08,EURUSD=X,13.737252235412598
2025-04-09,EURUSD=X,12.754311561584473
2025-04-10,EURUSD=X,13.671249389648438
2025-04-11,EURUSD=X,3.7101328372955322
2025-04-14,EURUSD=X,10.67066478729248
2025-04-15,EURUSD=X,8.824563980102539
2025-04-16,EURUSD=X,9.328590393066406
2025-04-17,EURUSD=X,5.24153470993042
2025-04-22,EURUSD=X,3.7847888469696045
2025-04-23,EURUSD=X,10.77508544921875
2025-04-24,EURUSD=X,9.967626571655273
2025-04-25,EURUSD=X,8.964567184448242
2025-04-28,EURUSD=X,9.740996360778809
2025-04-29,EURUSD=X,8.608724594116211
2025-04-30,EURUSD=X,7.647528171539307
2025-05-01,EURUSD=X,10.04904556274414
2025-05-02,EURUSD=X,1.427943468093872
2025-05-05,EURUSD=X,0.10813289880752563
2025-05-06,EURUSD=X,0.43897783756256104
2025-05-07,EURUSD=X,2.514974355697632
2025-05-08,EURUSD=X,2.7276155948638916
2025-05-09,EURUSD=X,2.070261240005493
2025-05-12,EURUSD=X,1.0390357971191406
2025-05-13,EURUSD=X,-0.7922775745391846
2025-05-14,EURUSD=X,5.162905693054199
2025-05-15,EURUSD=X,7.495540142059326
2025-05-16,EURUSD=X,8.393354415893555
2025-05-19,EURUSD=X,9.156920433044434
2025-05-20,EURUSD=X,5.149845600128174
2025-05-21,EURUSD=X,0.8488172888755798
2025-05-22,EURUSD=X,4.8794426918029785
2025-05-23,EURUSD=X,4.320560932159424
2025-05-26,EURUSD=X,4.664976596832275
2025-05-27,EURUSD=X,5.576279640197754
2025-05-28,EURUSD=X,4.373736381530762
2025-05-29,EURUSD=X,5.749370098114014
2025-05-30,EURUSD=X,10.711536407470703
2025-06-02,EURUSD=X,8.693413734436035
2025-06-03,EURUSD=X,9.976282119750977
2025-06-04,EURUSD=X,10.227750778198242
2025-06-05,EURUSD=X,9.708850860595703
2025-06-06,EURUSD=X,7.090068817138672
2025-06-09,EURUSD=X,7.79922342300415
2025-06-10,EURUSD=X,6.433444499969482
2025-06-11,EURUSD=X,5.804285049438477
2025-06-12,EURUSD=X,2.591905355453491
2025-06-13,EURUSD=X,3.4651405811309814
2025-06-16,EURUSD=X,4.030463218688965
2025-06-17,EURUSD=X,5.13417387008667
2025-06-18,EURUSD=X,7.06939172744751
2025-06-19,EURUSD=X,7.049812316894531
2025-06-20,EURUSD=X,7.0516252517700195
2025-06-23,EURUSD=X,7.26375150680542
2025-06-24,EURUSD=X,2.6664609909057617
2025-06-25,EURUSD=X,4.566359043121338
2025-06-26,EURUSD=X,2.708115577697754
2025-06-27,EURUSD=X,1.2288068532943726
2025-02-26,NVDA,0.9873711466789246
2025-02-27,NVDA,0.0573049820959568
2025-02-28,NVDA,0.2598037123680115
2025-03-03,NVDA,-0.48131072521209717
2025-03-04,NVDA,0.14352095127105713
2025-03-05,NVDA,0.6056956052780151
2025-03-06,NVDA,1.0258898735046387
2025-03-07,NVDA,1.2368594408035278
2025-03-10,NVDA,1.3697240352630615
2025-03-11,NVDA,1.4061471223831177
2025-03-12,NVDA,0.18051932752132416
2025-03-13,NVDA,0.37547606229782104
2025-03-14,NVDA,0.11052373051643372
2025-03-17,NVDA,0.19810809195041656
2025-03-18,NVDA,0.4378145635128021
2025-03-19,NVDA,0.27945053577423096
2025-03-20,NVDA,0.2907763123512268
2025-03-21,NVDA,0.33523592352867126
2025-03-24,NVDA,0.6095409989356995
2025-03-25,NVDA,0.7515636682510376
2025-03-26,NVDA,0.46842488646507263
2025-03-27,NVDA,-0.45753011107444763
2025-03-28,NVDA,-0.8192461133003235
2025-03-31,NVDA,-0.8086279630661011
2025-04-01,NVDA,-1.0407426357269287
2025-04-02,NVDA,-0.9887984991073608
2025-04-03,NVDA,0.15974923968315125
2025-04-04,NVDA,0.402915894985199
2025-04-07,NVDA,0.9062124490737915
2025-04-08,NVDA,1.2488112449645996
2025-04-09,NVDA,-0.2697083652019501
2025-04-10,NVDA,0.32667964696884155
2025-04-11,NVDA,0.2537961006164551
2025-04-14,NVDA,0.4700387716293335
2025-04-15,NVDA,0.4371102452278137
2025-04-16,NVDA,0.574022650718689
2025-04-17,NVDA,0.23121431469917297
2025-04-21,NVDA,-0.16410686075687408
2025-04-22,NVDA,-0.24107618629932404
2025-04-23,NVDA,-0.4747755229473114
2025-04-24,NVDA,-0.2267047017812729
2025-04-25,NVDA,0.3054127097129822
2025-04-28,NVDA,0.37185028195381165
2025-04-29,NVDA,1.004994511604309
2025-04-30,NVDA,1.7505639791488647
2025-05-01,NVDA,1.7811180353164673
2025-05-02,NVDA,1.5770715475082397
2025-05-05,NVDA,1.2644351720809937
2025-05-06,NVDA,1.4246690273284912
2025-05-07,NVDA,1.3868050575256348
2025-05-08,NVDA,1.4513862133026123
2025-05-09,NVDA,1.472713828086853
2025-05-12,NVDA,0.7156088948249817
2025-05-13,NVDA,0.5235199928283691
2025-05-14,NVDA,0.38815462589263916
2025-05-15,NVDA,0.3743664026260376
2025-05-16,NVDA,0.41438376903533936
2025-05-19,NVDA,0.5463942289352417
2025-05-20,NVDA,0.37637558579444885
2025-05-21,NVDA,0.28393787145614624
2025-05-22,NVDA,0.17772002518177032
2025-05-23,NVDA,0.37099164724349976
2025-05-27,NVDA,-0.06219566985964775
2025-05-28,NVDA,-0.01702200621366501
2025-05-29,NVDA,0.17759305238723755
2025-05-30,NVDA,0.7669124603271484
2025-06-02,NVDA,0.9534862041473389
2025-06-03,NVDA,0.5886270403862
2025-06-04,NVDA,0.5937881469726562
2025-06-05,NVDA,0.9656373858451843
2025-06-06,NVDA,0.5839256644248962
2025-06-09,NVDA,0.44456103444099426
2025-06-10,NVDA,0.37531140446662903
2025-06-11,NVDA,0.7646081447601318
2025-06-12,NVDA,0.31235700845718384
2025-06-13,NVDA,0.9427354335784912
2025-06-16,NVDA,0.408943235874176
2025-06-17,NVDA,0.4359108507633209
2025-06-18,NVDA,0.4087669253349304
2025-06-20,NVDA,0.7781485319137573
2025-06-23,NVDA,0.8103633522987366
2025-06-24,NVDA,0.14227019250392914
2025-06-25,NVDA,0.656772792339325
2025-06-26,NVDA,0.717650830745697
2025-06-27,NVDA,0.28234049677848816
2025-02-26,AAPL,4.963834285736084
2025-02-27,AAPL,-0.4336602985858917
2025-02-28,AAPL,3.207581043243408
2025-03-03,AAPL,2.2973134517669678
2025-03-04,AAPL,1.9271689653396606
2025-03-05,AAPL,1.8226593732833862
2025-03-06,AAPL,-0.060069046914577484
2025-03-07,AAPL,-1.301216721534729
2025-03-10,AAPL,-1.295724630355835
2025-03-11,AAPL,-1.7441617250442505
2025-03-12,AAPL,0.9701793193817139
2025-03-13,AAPL,2.835343599319458
2025-03-14,AAPL,3.1868603229522705
2025-03-17,AAPL,3.3430025577545166
2025-03-18,AAPL,3.535125255584717
2025-03-19,AAPL,3.342264175415039
2025-03-20,AAPL,3.350362777709961
2025-03-21,AAPL,1.9008320569992065
2025-03-24,AAPL,0.6366418600082397
2025-03-25,AAPL,-0.09574797749519348
2025-03-26,AAPL,0.3533792495727539
2025-03-27,AAPL,0.6036104559898376
2025-03-28,AAPL,1.2385441064834595
2025-03-31,AAPL,0.8221375346183777
2025-04-01,AAPL,0.9924764633178711
2025-04-02,AAPL,1.2155641317367554
2025-04-03,AAPL,-0.983665943145752
2025-04-04,AAPL,-1.3828662633895874
2025-04-07,AAPL,-0.7694190144538879
2025-04-08,AAPL,0.800267219543457
2025-04-09,AAPL,0.4544558525085449
2025-04-10,AAPL,0.981512725353241
2025-04-11,AAPL,0.8493115305900574
2025-04-14,AAPL,0.42583155632019043
2025-04-15,AAPL,0.5905892252922058
2025-04-16,AAPL,0.9362632632255554
2025-04-17,AAPL,0.7546638250350952
2025-04-21,AAPL,0.9066964983940125
2025-04-22,AAPL,0.4802212715148926
2025-04-23,AAPL,0.7286184430122375
2025-04-24,AAPL,1.1486245393753052
2025-04-25,AAPL,1.3462514877319336
2025-04-28,AAPL,1.713792085647583
2025-04-29,AAPL,1.7851330041885376
2025-04-30,AAPL,2.441765308380127
2025-05-01,AAPL,1.944300651550293
2025-05-02,AAPL,1.4390555620193481
2025-05-05,AAPL,1.661774754524231
2025-05-06,AAPL,1.6843936443328857
2025-05-07,AAPL,1.1201722621917725
2025-05-08,AAPL,0.1958271563053131
2025-05-09,AAPL,-0.2537899911403656
2025-05-12,AAPL,2.6820034980773926
2025-05-13,AAPL,2.727067708969116
2025-05-14,AAPL,2.64778470993042
2025-05-15,AAPL,2.590991735458374
2025-05-16,AAPL,2.5324761867523193
2025-05-19,AAPL,2.540156126022339
2025-05-20,AAPL,2.372354030609131
2025-05-21,AAPL,0.3141729235649109
2025-05-22,AAPL,0.2581413686275482
2025-05-23,AAPL,-1.793041706085205
2025-05-27,AAPL,-1.1284160614013672
2025-05-28,AAPL,-1.1257656812667847
2025-05-29,AAPL,-1.0397393703460693
2025-05-30,AAPL,-0.7800062298774719
2025-06-02,AAPL,-0.556597888469696
2025-06-03,AAPL,-0.4612652361392975
2025-06-04,AAPL,-0.2348991185426712
2025-06-05,AAPL,0.3955036401748657
2025-06-06,AAPL,0.3403069078922272
2025-06-09,AAPL,0.9903825521469116
2025-06-10,AAPL,1.0064893960952759
2025-06-11,AAPL,-0.3719184696674347
2025-06-12,AAPL,-0.4677468240261078
2025-06-13,AAPL,-1.0479754209518433
2025-06-16,AAPL,-0.905063271522522
2025-06-17,AAPL,-0.29713207483291626
2025-06-18,AAPL,-0.2319180816411972
2025-06-20,AAPL,-0.26381081342697144
2025-06-23,AAPL,0.3360152244567871
2025-06-24,AAPL,1.2810102701187134
2025-06-25,AAPL,1.5984418392181396
2025-06-26,AAPL,1.2928000688552856
2025-06-27,AAPL,1.8362232446670532
2025-02-26,GC=F,2.7705395221710205
2025-02-27,GC=F,1.553632378578186
2025-02-28,GC=F,2.5376033782958984
2025-03-03,GC=F,-1.4705532789230347
2025-03-04,GC=F,-0.7774817943572998
2025-03-05,GC=F,1.887732982635498
2025-03-06,GC=F,6.87983512878418
2025-03-07,GC=F,3.927690267562866
2025-03-10,GC=F,-1.6096669435501099
2025-03-11,GC=F,7.641177654266357
2025-03-12,GC=F,4.07680082321167
2025-03-13,GC=F,2.4004430770874023
2025-03-14,GC=F,6.607345104217529
2025-03-17,GC=F,4.720649242401123
2025-03-18,GC=F,1.661188006401062
2025-03-19,GC=F,2.129495620727539
2025-03-20,GC=F,1.4278751611709595
2025-03-21,GC=F,1.89914870262146
2025-03-24,GC=F,2.3202896118164062
2025-03-25,GC=F,1.6353565454483032
2025-03-26,GC=F,2.5487148761749268
2025-03-27,GC=F,1.2756270170211792
2025-03-28,GC=F,0.6836132407188416
2025-03-31,GC=F,-0.3275282680988312
2025-04-01,GC=F,-0.7858660221099854
2025-04-02,GC=F,-1.512403964996338
2025-04-03,GC=F,-0.2528235614299774
2025-04-04,GC=F,0.8544139266014099
2025-04-07,GC=F,1.7740931510925293
2025-04-08,GC=F,1.5500868558883667
2025-04-09,GC=F,-2.258819580078125
2025-04-10,GC=F,2.2311995029449463
2025-04-11,GC=F,3.6058714389801025
2025-04-14,GC=F,5.8603339195251465
2025-04-15,GC=F,5.281485080718994
2025-04-16,GC=F,2.0652902126312256
2025-04-17,GC=F,1.7617154121398926
2025-04-21,GC=F,0.3097728490829468
2025-04-22,GC=F,0.2628413736820221
2025-04-23,GC=F,1.013809323310852
2025-04-24,GC=F,0.4392811059951782
2025-04-25,GC=F,0.3213847577571869
2025-04-28,GC=F,0.06956851482391357
2025-04-29,GC=F,0.3609022796154022
2025-04-30,GC=F,0.602055549621582
2025-05-01,GC=F,0.49481064081192017
2025-05-02,GC=F,-0.22195108234882355
2025-05-05,GC=F,-0.6621484160423279
2025-05-06,GC=F,2.703423500061035
2025-05-07,GC=F,4.913422107696533
2025-05-08,GC=F,1.7270152568817139
2025-05-09,GC=F,3.8269805908203125
2025-05-12,GC=F,1.798518180847168
2025-05-13,GC=F,2.2354109287261963
2025-05-14,GC=F,0.6944896578788757
2025-05-15,GC=F,-2.6241846084594727
2025-05-16,GC=F,-1.9529036283493042
2025-05-19,GC=F,-2.5532684326171875
2025-05-20,GC=F,-1.7599220275878906
2025-05-21,GC=F,-1.406005859375
2025-05-22,GC=F,-1.0662436485290527
2025-05-23,GC=F,-1.001073956489563
2025-05-27,GC=F,-0.282193124294281
2025-05-28,GC=F,-0.3821677565574646
2025-05-29,GC=F,1.0276963710784912
2025-05-30,GC=F,-0.2639327645301819
2025-06-02,GC=F,0.20203468203544617
2025-06-03,GC=F,1.74852454662323
2025-06-04,GC=F,1.4510419368743896
2025-06-05,GC=F,1.8953267335891724
2025-06-06,GC=F,4.717902660369873
2025-06-09,GC=F,3.0817246437072754
2025-06-10,GC=F,2.6434690952301025
2025-06-11,GC=F,2.620969533920288
2025-06-12,GC=F,2.3473148345947266
2025-06-13,GC=F,4.3197503089904785
2025-06-16,GC=F,3.763488292694092
2025-06-17,GC=F,3.315011739730835
2025-06-18,GC=F,3.032923698425293
2025-06-20,GC=F,3.3281097412109375
2025-06-23,GC=F,3.265733480453491
2025-06-24,GC=F,2.8658158779144287
2025-06-25,GC=F,3.1666665077209473
2025-06-26,GC=F,3.029440402984619
2025-06-27,GC=F,1.6861867904663086
2025-02-25,GBPUSD=X,6.955201148986816
2025-02-26,GBPUSD=X,5.58450174331665
2025-02-27,GBPUSD=X,7.055916786193848
2025-02-28,GBPUSD=X,10.549843788146973
2025-03-03,GBPUSD=X,6.689730167388916
2025-03-04,GBPUSD=X,3.569014310836792
2025-03-05,GBPUSD=X,3.3027913570404053
2025-03-06,GBPUSD=X,3.85870099067688
2025-03-07,GBPUSD=X,2.8885703086853027
2025-03-10,GBPUSD=X,1.4096572399139404
2025-03-11,GBPUSD=X,6.968541145324707
2025-03-12,GBPUSD=X,1.175031065940857
2025-03-13,GBPUSD=X,2.284813642501831
2025-03-14,GBPUSD=X,5.701140880584717
2025-03-17,GBPUSD=X,3.712111234664917
2025-03-18,GBPUSD=X,2.1063809394836426
2025-03-19,GBPUSD=X,3.5880658626556396
2025-03-20,GBPUSD=X,3.8019204139709473
2025-03-21,GBPUSD=X,0.2140781283378601
2025-03-24,GBPUSD=X,10.41850471496582
2025-03-25,GBPUSD=X,3.394000768661499
2025-03-26,GBPUSD=X,13.20669937133789
2025-03-27,GBPUSD=X,4.185333251953125
2025-03-28,GBPUSD=X,14.25299072265625
2025-03-31,GBPUSD=X,12.926287651062012
2025-04-01,GBPUSD=X,2.144972562789917
2025-04-02,GBPUSD=X,4.039245128631592
2025-04-03,GBPUSD=X,7.601446628570557
2025-04-04,GBPUSD=X,14.193472862243652
2025-04-07,GBPUSD=X,-6.122609615325928
2025-04-08,GBPUSD=X,-7.348494529724121
2025-04-09,GBPUSD=X,-7.380953311920166
2025-04-10,GBPUSD=X,-4.081172943115234
2025-04-11,GBPUSD=X,-1.1408389806747437
2025-04-14,GBPUSD=X,10.396714210510254
2025-04-15,GBPUSD=X,11.018193244934082
2025-04-16,GBPUSD=X,11.12679386138916
2025-04-17,GBPUSD=X,10.614079475402832
2025-04-22,GBPUSD=X,6.9427103996276855
2025-04-23,GBPUSD=X,8.90783977508545
2025-04-24,GBPUSD=X,9.448596954345703
2025-04-25,GBPUSD=X,9.371603965759277
2025-04-28,GBPUSD=X,9.257522583007812
2025-04-29,GBPUSD=X,8.979104995727539
2025-04-30,GBPUSD=X,10.641780853271484
2025-05-01,GBPUSD=X,9.322141647338867
2025-05-02,GBPUSD=X,9.597823143005371
2025-05-05,GBPUSD=X,8.891894340515137
2025-05-06,GBPUSD=X,8.827106475830078
2025-05-07,GBPUSD=X,10.395647048950195
2025-05-08,GBPUSD=X,2.514486074447632
2025-05-09,GBPUSD=X,3.7392799854278564
2025-05-12,GBPUSD=X,2.4654934406280518
2025-05-13,GBPUSD=X,2.4548630714416504
2025-05-14,GBPUSD=X,-1.9419758319854736
2025-05-15,GBPUSD=X,-3.029113292694092
2025-05-16,GBPUSD=X,-5.150286674499512
2025-05-19,GBPUSD=X,-5.123559951782227
2025-05-20,GBPUSD=X,-4.258326530456543
2025-05-21,GBPUSD=X,11.922419548034668
2025-05-22,GBPUSD=X,12.061854362487793
2025-05-23,GBPUSD=X,12.355447769165039
2025-05-26,GBPUSD=X,0.8919960260391235
2025-05-27,GBPUSD=X,0.019675396382808685
2025-05-28,GBPUSD=X,3.4630117416381836
2025-05-29,GBPUSD=X,11.125389099121094
2025-05-30,GBPUSD=X,13.697639465332031
2025-06-02,GBPUSD=X,8.899285316467285
2025-06-03,GBPUSD=X,6.27841854095459
2025-06-04,GBPUSD=X,7.557155132293701
2025-06-05,GBPUSD=X,7.463651180267334
2025-06-06,GBPUSD=X,2.9836008548736572
2025-06-09,GBPUSD=X,4.989589214324951
2025-06-10,GBPUSD=X,2.584148406982422
2025-06-11,GBPUSD=X,10.533607482910156
2025-06-12,GBPUSD=X,3.216123104095459
2025-06-13,GBPUSD=X,3.931079387664795
2025-06-16,GBPUSD=X,10.691418647766113
2025-06-17,GBPUSD=X,9.027793884277344
2025-06-18,GBPUSD=X,-7.627325534820557
2025-06-19,GBPUSD=X,-5.556678771972656
2025-06-20,GBPUSD=X,-6.445918083190918
2025-06-23,GBPUSD=X,-4.715514183044434
2025-06-24,GBPUSD=X,-2.2231218814849854
2025-06-25,GBPUSD=X,11.544658660888672
2025-06-26,GBPUSD=X,12.798389434814453
2025-06-27,GBPUSD=X,13.468583106994629
2025-02-26,GOOGL,3.0617754459381104
2025-02-27,GOOGL,3.1861536502838135
2025-02-28,GOOGL,3.2162017822265625
2025-03-03,GOOGL,3.2417378425598145
2025-03-04,GOOGL,3.1440114974975586
2025-03-05,GOOGL,2.797856092453003
2025-03-06,GOOGL,2.8509395122528076
2025-03-07,GOOGL,2.1642661094665527
2025-03-10,GOOGL,2.8886163234710693
2025-03-11,GOOGL,2.888664722442627
2025-03-12,GOOGL,2.14911150932312
2025-03-13,GOOGL,2.784975290298462
2025-03-14,GOOGL,1.8042693138122559
2025-03-17,GOOGL,1.7395775318145752
2025-03-18,GOOGL,2.5757341384887695
2025-03-19,GOOGL,1.3765422105789185
2025-03-20,GOOGL,1.813840389251709
2025-03-21,GOOGL,0.9774724841117859
2025-03-24,GOOGL,-0.17854435741901398
2025-03-25,GOOGL,0.013856520876288414
2025-03-26,GOOGL,0.7041762471199036
2025-03-27,GOOGL,-0.2430664598941803
2025-03-28,GOOGL,-0.5456116199493408
2025-03-31,GOOGL,0.0886140763759613
2025-04-01,GOOGL,0.7046924829483032
2025-04-02,GOOGL,1.332674264907837
2025-04-03,GOOGL,2.0693776607513428
2025-04-04,GOOGL,2.2153160572052
2025-04-07,GOOGL,2.4282987117767334
2025-04-08,GOOGL,2.708954334259033
2025-04-09,GOOGL,-0.7756239175796509
2025-04-10,GOOGL,0.9212220311164856
2025-04-11,GOOGL,0.019068630412220955
2025-04-14,GOOGL,0.2928667962551117
2025-04-15,GOOGL,0.47317254543304443
2025-04-16,GOOGL,0.8827651739120483
2025-04-17,GOOGL,0.9056886434555054
2025-04-21,GOOGL,0.5863929390907288
2025-04-22,GOOGL,0.20817948877811432
2025-04-23,GOOGL,0.4491650462150574
2025-04-24,GOOGL,1.3150385618209839
2025-04-25,GOOGL,1.9398224353790283
2025-04-28,GOOGL,2.42777156829834
2025-04-29,GOOGL,2.949164628982544
2025-04-30,GOOGL,3.2497808933258057
2025-05-01,GOOGL,3.413379192352295
2025-05-02,GOOGL,2.8329458236694336
2025-05-05,GOOGL,3.024033784866333
2025-05-06,GOOGL,3.2971768379211426
2025-05-07,GOOGL,-1.3886433839797974
2025-05-08,GOOGL,1.304262399673462
2025-05-09,GOOGL,0.7602083086967468
2025-05-12,GOOGL,-0.25692716240882874
2025-05-13,GOOGL,2.7532217502593994
2025-05-14,GOOGL,2.9765965938568115
2025-05-15,GOOGL,2.724151372909546
2025-05-16,GOOGL,2.6395504474639893
2025-05-19,GOOGL,2.5870845317840576
2025-05-20,GOOGL,2.44010329246521
2025-05-21,GOOGL,1.3120150566101074
2025-05-22,GOOGL,1.1119322776794434
2025-05-23,GOOGL,2.5832626819610596
2025-05-27,GOOGL,1.1638871431350708
2025-05-28,GOOGL,2.0907440185546875
2025-05-29,GOOGL,2.672855854034424
2025-05-30,GOOGL,1.9148950576782227
2025-06-02,GOOGL,1.4112460613250732
2025-06-03,GOOGL,1.4926172494888306
2025-06-04,GOOGL,1.6690908670425415
2025-06-05,GOOGL,1.796275019645691
2025-06-06,GOOGL,0.7458999752998352
2025-06-09,GOOGL,1.7473444938659668
2025-06-10,GOOGL,1.8450864553451538
2025-06-11,GOOGL,1.8362257480621338
2025-06-12,GOOGL,2.718592643737793
2025-06-13,GOOGL,2.5830798149108887
2025-06-16,GOOGL,2.0518345832824707
2025-06-17,GOOGL,2.1791229248046875
2025-06-18,GOOGL,3.087151527404785
2025-06-20,GOOGL,-0.3505145311355591
2025-06-23,GOOGL,0.2076537013053894
2025-06-24,GOOGL,-0.6618953347206116
2025-06-25,GOOGL,-1.4845943450927734
2025-06-26,GOOGL,-0.2860701084136963
2025-06-27,GOOGL,2.4397175312042236
2025-02-25,USDJPY=X,6.295708656311035
2025-02-26,USDJPY=X,8.02755355834961
2025-02-27,USDJPY=X,8.437090873718262
2025-02-28,USDJPY=X,0.8593276143074036
2025-03-03,USDJPY=X,-2.6852047443389893
2025-03-04,USDJPY=X,6.712230682373047
2025-03-05,USDJPY=X,3.038391351699829
2025-03-06,USDJPY=X,4.0616455078125
2025-03-07,USDJPY=X,7.380733013153076
2025-03-10,USDJPY=X,7.881955146789551
2025-03-11,USDJPY=X,8.444831848144531
2025-03-12,USDJPY=X,6.080411911010742
2025-03-13,USDJPY=X,4.932156085968018
2025-03-14,USDJPY=X,6.531571388244629
2025-03-17,USDJPY=X,1.5922917127609253
2025-03-18,USDJPY=X,-0.8849879503250122
2025-03-19,USDJPY=X,-0.5921404361724854
2025-03-20,USDJPY=X,3.1273868083953857
2025-03-21,USDJPY=X,2.473174810409546
2025-03-24,USDJPY=X,2.7003819942474365
2025-03-25,USDJPY=X,3.3488996028900146
2025-03-26,USDJPY=X,4.6001410484313965
2025-03-27,USDJPY=X,6.441895961761475
2025-03-28,USDJPY=X,8.906098365783691
2025-03-31,USDJPY=X,5.102435111999512
2025-04-01,USDJPY=X,10.109560012817383
2025-04-02,USDJPY=X,9.278176307678223
2025-04-03,USDJPY=X,-5.910583972930908
2025-04-04,USDJPY=X,-7.454131126403809
2025-04-07,USDJPY=X,-5.467549800872803
2025-04-08,USDJPY=X,-4.990099906921387
2025-04-09,USDJPY=X,-0.8876828551292419
2025-04-10,USDJPY=X,-3.393462657928467
2025-04-11,USDJPY=X,2.1347262859344482
2025-04-14,USDJPY=X,3.01069974899292
2025-04-15,USDJPY=X,4.347869873046875
2025-04-16,USDJPY=X,5.844228744506836
2025-04-17,USDJPY=X,6.857739448547363
2025-04-22,USDJPY=X,7.631349086761475
2025-04-23,USDJPY=X,5.805919647216797
2025-04-24,USDJPY=X,3.246891975402832
2025-04-25,USDJPY=X,4.183727264404297
2025-04-28,USDJPY=X,1.4655187129974365
2025-04-29,USDJPY=X,4.08668851852417
2025-04-30,USDJPY=X,4.105815887451172
2025-05-01,USDJPY=X,-0.0828186646103859
2025-05-02,USDJPY=X,2.398813009262085
2025-05-05,USDJPY=X,2.6891024112701416
2025-05-06,USDJPY=X,1.9881163835525513
2025-05-07,USDJPY=X,2.0845906734466553
2025-05-08,USDJPY=X,1.8454521894454956
2025-05-09,USDJPY=X,4.265505790710449
2025-05-12,USDJPY=X,7.413785934448242
2025-05-13,USDJPY=X,7.634091377258301
2025-05-14,USDJPY=X,6.789921760559082
2025-05-15,USDJPY=X,9.137311935424805
2025-05-16,USDJPY=X,9.423737525939941
2025-05-19,USDJPY=X,8.735865592956543
2025-05-20,USDJPY=X,6.3862762451171875
2025-05-21,USDJPY=X,4.752255916595459
2025-05-22,USDJPY=X,3.8368465900421143
2025-05-23,USDJPY=X,3.2547719478607178
2025-05-26,USDJPY=X,2.7531275749206543
2025-05-27,USDJPY=X,2.0030510425567627
2025-05-28,USDJPY=X,-2.6373701095581055
2025-05-29,USDJPY=X,-1.4914851188659668
2025-05-30,USDJPY=X,-2.2331485748291016
2025-06-02,USDJPY=X,-1.102540373802185
2025-06-03,USDJPY=X,-4.92146110534668
2025-06-04,USDJPY=X,-1.548350214958191
2025-06-05,USDJPY=X,-3.3732612133026123
2025-06-06,USDJPY=X,-3.678072452545166
2025-06-09,USDJPY=X,-0.7173506021499634
2025-06-10,USDJPY=X,0.2392018586397171
2025-06-11,USDJPY=X,1.2163563966751099
2025-06-12,USDJPY=X,0.9839238524436951
2025-06-13,USDJPY=X,-3.510197401046753
2025-06-16,USDJPY=X,-0.608157753944397
2025-06-17,USDJPY=X,1.6479387283325195
2025-06-18,USDJPY=X,7.932823181152344
2025-06-19,USDJPY=X,9.186232566833496
2025-06-20,USDJPY=X,9.771598815917969
2025-06-23,USDJPY=X,6.7939887046813965
2025-06-24,USDJPY=X,9.528285026550293
2025-06-25,USDJPY=X,8.949187278747559
2025-06-26,USDJPY=X,6.154096603393555
2025-06-27,USDJPY=X,5.511776447296143
2025-02-26,META,1.6019151210784912
2025-02-27,META,3.0379462242126465
2025-02-28,META,2.960958242416382
2025-03-03,META,3.3279614448547363
2025-03-04,META,3.348973512649536
2025-03-05,META,2.4945878982543945
2025-03-06,META,3.221611499786377
2025-03-07,META,3.202603340148926
2025-03-10,META,3.0780906677246094
2025-03-11,META,3.1021313667297363
2025-03-12,META,2.910898447036743
2025-03-13,META,2.9909918308258057
2025-03-14,META,2.7209086418151855
2025-03-17,META,2.646728038787842
2025-03-18,META,2.8678650856018066
2025-03-19,META,2.8486056327819824
2025-03-20,META,2.750473737716675
2025-03-21,META,1.7333967685699463
2025-03-24,META,-0.1978158950805664
2025-03-25,META,0.6332557797431946
2025-03-26,META,0.9099856019020081
2025-03-27,META,0.9867528080940247
2025-03-28,META,-0.1878894418478012
2025-03-31,META,-0.5649108290672302
2025-04-01,META,-1.0009924173355103
2025-04-02,META,-0.8728206157684326
2025-04-03,META,0.8378617167472839
2025-04-04,META,0.8808958530426025
2025-04-07,META,1.6474705934524536
2025-04-08,META,2.0950262546539307
2025-04-09,META,-0.6177092790603638
2025-04-10,META,1.1613355875015259
2025-04-11,META,1.2224528789520264
2025-04-14,META,1.1972602605819702
2025-04-15,META,1.1489763259887695
2025-04-16,META,1.086899995803833
2025-04-17,META,1.080113410949707
2025-04-21,META,1.5347118377685547
2025-04-22,META,1.3524378538131714
2025-04-23,META,0.420879065990448
2025-04-24,META,0.02954939380288124
2025-04-25,META,-0.03577063977718353
2025-04-28,META,-0.03432845324277878
2025-04-29,META,0.11389224231243134
2025-04-30,META,0.6304949522018433
2025-05-01,META,0.464437872171402
2025-05-02,META,1.2995644807815552
2025-05-05,META,1.150799036026001
2025-05-06,META,1.1616567373275757
2025-05-07,META,2.1381754875183105
2025-05-08,META,2.7998976707458496
2025-05-09,META,2.483370780944824
2025-05-12,META,0.8205633759498596
2025-05-13,META,0.6190704107284546
2025-05-14,META,0.6138578057289124
2025-05-15,META,1.0000241994857788
2025-05-16,META,0.9280413389205933
2025-05-19,META,0.804201066493988
2025-05-20,META,1.0752251148223877
2025-05-21,META,1.6156286001205444
2025-05-22,META,1.856888771057129
2025-05-23,META,2.0841426849365234
2025-05-27,META,1.608877182006836
2025-05-28,META,1.4554977416992188
2025-05-29,META,1.443494439125061
2025-05-30,META,1.7105634212493896
2025-06-02,META,0.9313722252845764
2025-06-03,META,1.1545264720916748
2025-06-04,META,0.7232838869094849
2025-06-05,META,0.48570123314857483
2025-06-06,META,-0.007333887275308371
2025-06-09,META,-0.049550484865903854
2025-06-10,META,-0.21553489565849304
2025-06-11,META,0.027963489294052124
2025-06-12,META,0.3956381678581238
2025-06-13,META,0.9959955215454102
2025-06-16,META,-0.4263365864753723
2025-06-17,META,0.14202861487865448
2025-06-18,META,0.3208911418914795
2025-06-20,META,-0.20483899116516113
2025-06-23,META,0.331601083278656
2025-06-24,META,-0.025401055812835693
2025-06-25,META,0.6619596481323242
2025-06-26,META,0.20830512046813965
2025-06-27,META,0.2394009679555893
2025-02-26,AMZN,3.334728240966797
2025-02-27,AMZN,3.3395869731903076
2025-02-28,AMZN,3.380624532699585
2025-03-03,AMZN,3.414402961730957
2025-03-04,AMZN,3.428769111633301
2025-03-05,AMZN,3.0976791381835938
2025-03-06,AMZN,3.3428807258605957
2025-03-07,AMZN,3.343778610229492
2025-03-10,AMZN,3.370997428894043
2025-03-11,AMZN,3.2816314697265625
2025-03-12,AMZN,2.7672536373138428
2025-03-13,AMZN,3.02107572555542
2025-03-14,AMZN,1.9337666034698486
2025-03-17,AMZN,2.043520927429199
2025-03-18,AMZN,2.5205414295196533
2025-03-19,AMZN,0.8780869245529175
2025-03-20,AMZN,0.9975550174713135
2025-03-21,AMZN,0.35946357250213623
2025-03-24,AMZN,0.0945526584982872
2025-03-25,AMZN,1.0507266521453857
2025-03-26,AMZN,0.7960031032562256
2025-03-27,AMZN,0.8755665421485901
2025-03-28,AMZN,-0.8881435990333557
2025-03-31,AMZN,-1.2317163944244385
2025-04-01,AMZN,-1.4998530149459839
2025-04-02,AMZN,-1.2696422338485718
2025-04-03,AMZN,-0.4364767074584961
2025-04-04,AMZN,-0.5359302759170532
2025-04-07,AMZN,0.8210095167160034
2025-04-08,AMZN,1.7937474250793457
2025-04-09,AMZN,-1.0064725875854492
2025-04-10,AMZN,0.45184752345085144
2025-04-11,AMZN,0.2875860333442688
2025-04-14,AMZN,0.379941463470459
2025-04-15,AMZN,0.5341826677322388
2025-04-16,AMZN,0.5425008535385132
2025-04-17,AMZN,0.3509124517440796
2025-04-21,AMZN,0.9857519268989563
2025-04-22,AMZN,-0.17317092418670654
2025-04-23,AMZN,0.14735646545886993
2025-04-24,AMZN,0.4512360692024231
2025-04-25,AMZN,0.9244994521141052
2025-04-28,AMZN,1.200778841972351
2025-04-29,AMZN,1.112343430519104
2025-04-30,AMZN,1.0770514011383057
2025-05-01,AMZN,1.4017835855484009
2025-05-02,AMZN,1.4003922939300537
2025-05-05,AMZN,1.2658063173294067
2025-05-06,AMZN,1.3657798767089844
2025-05-07,AMZN,2.4511802196502686
2025-05-08,AMZN,2.6027839183807373
2025-05-09,AMZN,2.381510019302368
2025-05-12,AMZN,1.3338292837142944
2025-05-13,AMZN,1.3608494997024536
2025-05-14,AMZN,1.119602918624878
2025-05-15,AMZN,1.5187606811523438
2025-05-16,AMZN,1.5802065134048462
2025-05-19,AMZN,1.5521084070205688
2025-05-20,AMZN,1.514110803604126
2025-05-21,AMZN,1.7626585960388184
2025-05-22,AMZN,1.7537214756011963
2025-05-23,AMZN,1.7572016716003418
2025-05-27,AMZN,1.3711658716201782
2025-05-28,AMZN,1.5550205707550049
2025-05-29,AMZN,1.6343945264816284
2025-05-30,AMZN,1.61530339717865
2025-06-02,AMZN,1.898471713066101
2025-06-03,AMZN,2.091609239578247
2025-06-04,AMZN,1.5342267751693726
2025-06-05,AMZN,0.8251139521598816
2025-06-06,AMZN,2.063288688659668
2025-06-09,AMZN,2.3757355213165283
2025-06-10,AMZN,1.944666862487793
2025-06-11,AMZN,2.7036983966827393
2025-06-12,AMZN,2.535783290863037
2025-06-13,AMZN,2.4125330448150635
2025-06-16,AMZN,1.8185722827911377
2025-06-17,AMZN,2.1444411277770996
2025-06-18,AMZN,2.4883391857147217
2025-06-20,AMZN,0.3437344431877136
2025-06-23,AMZN,0.8532660007476807
2025-06-24,AMZN,2.068608522415161
2025-06-25,AMZN,1.8831321001052856
2025-06-26,AMZN,1.499759316444397
2025-06-27,AMZN,2.4244680404663086
2025-07-23,USDJPY=X,9.26269245147705
2025-07-24,USDJPY=X,7.661703109741211
2025-07-25,USDJPY=X,5.23724365234375
2025-07-28,USDJPY=X,7.100344657897949
2025-07-29,USDJPY=X,4.9122395515441895
2025-07-30,USDJPY=X,6.201322555541992
2025-07-31,USDJPY=X,1.9209097623825073
2025-08-01,USDJPY=X,1.4172282218933105
2025-08-04,USDJPY=X,0.2639070153236389
2025-08-05,USDJPY=X,0.22425498068332672
2025-08-06,USDJPY=X,3.3800930976867676
2025-08-07,USDJPY=X,-1.1433032751083374
2025-08-08,USDJPY=X,-0.5076853036880493
2025-08-11,USDJPY=X,-0.2356797158718109
2025-08-12,USDJPY=X,7.79841423034668
2025-08-13,USDJPY=X,2.3811938762664795
2025-08-14,USDJPY=X,-0.608943521976471
2025-08-15,USDJPY=X,6.457502365112305
2025-08-18,USDJPY=X,0.2775541841983795
2025-08-19,USDJPY=X,7.777798652648926
2025-08-20,USDJPY=X,6.692447185516357
2025-08-21,USDJPY=X,7.312476634979248
2025-08-22,USDJPY=X,9.733719825744629
2025-08-25,USDJPY=X,-5.4061598777771
2025-08-26,USDJPY=X,9.932053565979004
2025-08-27,USDJPY=X,8.393047332763672
2025-08-28,USDJPY=X,-0.7354405522346497
2025-08-29,USDJPY=X,-2.4315264225006104
2025-09-01,USDJPY=X,-0.3846030831336975
2025-09-02,USDJPY=X,0.8022019863128662
2025-09-03,USDJPY=X,10.75186538696289
2025-09-04,USDJPY=X,10.692963600158691
2025-09-05,USDJPY=X,10.525257110595703
2025-09-08,USDJPY=X,10.20568561553955
2025-09-09,USDJPY=X,6.706987380981445
2025-09-10,USDJPY=X,8.847752571105957
2025-09-11,USDJPY=X,1.366714596748352
2025-09-12,USDJPY=X,-4.58543586730957
2025-09-15,USDJPY=X,11.087749481201172
2025-09-16,USDJPY=X,-0.24631653726100922
2025-09-17,USDJPY=X,-3.7671329975128174
2025-09-18,USDJPY=X,-4.5359721183776855
2025-09-19,USDJPY=X,11.062339782714844
2025-09-22,USDJPY=X,11.191781044006348
2025-09-23,USDJPY=X,11.211048126220703
2025-09-24,USDJPY=X,11.289535522460938
2025-09-25,USDJPY=X,9.735113143920898
2025-09-26,USDJPY=X,7.659882545471191
2025-09-29,USDJPY=X,9.350225448608398
2025-09-30,USDJPY=X,10.891826629638672
2025-10-01,USDJPY=X,10.239263534545898
2025-10-02,USDJPY=X,-2.233273506164551
2025-10-03,USDJPY=X,-2.939943552017212
2025-10-06,USDJPY=X,8.484391212463379
2025-10-07,USDJPY=X,9.427164077758789
2025-10-08,USDJPY=X,6.880730152130127
2025-10-09,USDJPY=X,2.718513011932373
2025-10-10,USDJPY=X,0.9775222539901733
2025-10-13,USDJPY=X,4.811169624328613
2025-10-14,USDJPY=X,3.2224173545837402
2025-10-15,USDJPY=X,9.495626449584961
2025-10-16,USDJPY=X,10.067822456359863
2025-10-17,USDJPY=X,10.513912200927734
2025-10-20,USDJPY=X,10.250118255615234
2025-10-21,USDJPY=X,9.946471214294434
2025-10-22,USDJPY=X,9.518237113952637
2025-10-23,USDJPY=X,9.70799732208252
2025-10-24,USDJPY=X,6.826847553253174
2025-10-27,USDJPY=X,1.9861797094345093
2025-10-28,USDJPY=X,4.500333309173584
2025-10-29,USDJPY=X,9.52568531036377
2025-10-30,USDJPY=X,4.913798809051514
2025-10-31,USDJPY=X,4.801115989685059
2025-11-03,USDJPY=X,5.935220718383789
2025-11-04,USDJPY=X,3.80726957321167
2025-11-05,USDJPY=X,8.218420028686523
2025-11-06,USDJPY=X,2.125046968460083
2025-11-07,USDJPY=X,8.432479858398438
2025-11-10,USDJPY=X,3.769686698913574
2025-11-11,USDJPY=X,4.593128681182861
2025-11-12,USDJPY=X,5.598059177398682
2025-11-13,USDJPY=X,0.6621531844139099
2025-11-14,USDJPY=X,0.8174376487731934
2025-11-17,USDJPY=X,1.7349443435668945
2025-11-18,USDJPY=X,-1.661246418952942
2025-11-19,USDJPY=X,-1.1992517709732056
2025-11-20,USDJPY=X,-1.928766131401062
2025-11-21,USDJPY=X,-2.3002257347106934
2025-11-24,USDJPY=X,-1.186282992362976
2025-11-25,USDJPY=X,-1.9311362504959106
2025-11-26,USDJPY=X,7.990972995758057
2025-11-27,USDJPY=X,8.156474113464355
2025-07-23,INFY.NS,1.6154842376708984
2025-07-24,INFY.NS,1.5106275081634521
2025-07-25,INFY.NS,1.377764344215393
2025-07-28,INFY.NS,1.523634433746338
2025-07-29,INFY.NS,2.034255027770996
2025-07-30,INFY.NS,2.4699792861938477
2025-07-31,INFY.NS,2.5289437770843506
2025-08-01,INFY.NS,2.2241501808166504
2025-08-04,INFY.NS,2.477337121963501
2025-08-05,INFY.NS,2.6376748085021973
2025-08-06,INFY.NS,2.525728702545166
2025-08-07,INFY.NS,2.6575934886932373
2025-08-08,INFY.NS,2.723335027694702
2025-08-11,INFY.NS,2.847978353500366
2025-08-12,INFY.NS,3.002974033355713
2025-08-13,INFY.NS,3.1450369358062744
2025-08-14,INFY.NS,3.319133758544922
2025-08-18,INFY.NS,3.2657928466796875
2025-08-19,INFY.NS,3.3242292404174805
2025-08-20,INFY.NS,-2.4431958198547363
2025-08-21,INFY.NS,-2.0374929904937744
2025-08-22,INFY.NS,-2.2128729820251465
2025-08-25,INFY.NS,-2.1808652877807617
2025-08-26,INFY.NS,-1.9424735307693481
2025-08-28,INFY.NS,-1.8218470811843872
2025-08-29,INFY.NS,-0.4244106709957123
2025-09-01,INFY.NS,1.4448879957199097
2025-09-02,INFY.NS,2.8067169189453125
2025-09-03,INFY.NS,3.2764365673065186
2025-09-04,INFY.NS,2.949831962585449
2025-09-05,INFY.NS,-0.691866934299469
2025-09-08,INFY.NS,-0.9915277361869812
2025-09-09,INFY.NS,4.235357284545898
2025-09-10,INFY.NS,4.2304911613464355
2025-09-11,INFY.NS,4.267334938049316
2025-09-12,INFY.NS,4.1605963706970215
2025-09-15,INFY.NS,4.32724666595459
2025-09-16,INFY.NS,4.346868515014648
2025-09-17,INFY.NS,4.24763822555542
2025-09-18,INFY.NS,3.8110179901123047
2025-09-19,INFY.NS,3.965780019760132
2025-09-22,INFY.NS,3.985351324081421
2025-09-23,INFY.NS,4.411731243133545
2025-09-24,INFY.NS,4.302334785461426
2025-09-25,INFY.NS,2.8562211990356445
2025-09-26,INFY.NS,-0.5776330232620239
2025-09-29,INFY.NS,-0.4510595202445984
2025-09-30,INFY.NS,0.15874935686588287
2025-10-01,INFY.NS,0.9020577073097229
2025-10-03,INFY.NS,1.797163963317871
2025-10-06,INFY.NS,2.7502167224884033
2025-10-07,INFY.NS,2.4183976650238037
2025-10-08,INFY.NS,4.466806888580322
2025-10-09,INFY.NS,0.15308623015880585
2025-10-10,INFY.NS,0.319772332906723
2025-10-13,INFY.NS,0.06395118683576584
2025-10-14,INFY.NS,0.34142372012138367
2025-10-15,INFY.NS,4.075009822845459
2025-10-16,INFY.NS,3.815593719482422
2025-10-17,INFY.NS,0.884397566318512
2025-10-20,INFY.NS,2.791245460510254
2025-10-21,INFY.NS,4.434035778045654
2025-10-23,INFY.NS,4.512444019317627
2025-10-24,INFY.NS,4.57192850112915
2025-10-27,INFY.NS,4.467921733856201
2025-10-28,INFY.NS,4.335948944091797
2025-10-29,INFY.NS,3.8630318641662598
2025-10-30,INFY.NS,4.5539679527282715
2025-10-31,INFY.NS,4.561454772949219
2025-11-03,INFY.NS,4.608866214752197
2025-11-04,INFY.NS,4.5227251052856445
2025-11-06,INFY.NS,4.32267951965332
2025-11-07,INFY.NS,4.543338775634766
2025-11-10,INFY.NS,4.224729061126709
2025-11-11,INFY.NS,4.13019323348999
2025-11-12,INFY.NS,3.162421941757202
2025-11-13,INFY.NS,2.58994722366333
2025-11-14,INFY.NS,4.2518744468688965
2025-11-17,INFY.NS,3.9993739128112793
2025-11-18,INFY.NS,1.8807086944580078
2025-11-19,INFY.NS,1.7815333604812622
2025-11-20,INFY.NS,3.318942070007324
2025-11-21,INFY.NS,3.3317654132843018
2025-11-24,INFY.NS,2.8112218379974365
2025-11-25,INFY.NS,3.900972604751587
2025-11-26,INFY.NS,1.3652353286743164
2025-11-27,INFY.NS,1.776110053062439
2025-07-24,IWM,3.623154640197754
2025-07-25,IWM,2.613839864730835
2025-07-28,IWM,3.1711506843566895
2025-07-29,IWM,3.213381052017212
2025-07-30,IWM,1.0867083072662354
2025-07-31,IWM,-0.04834672436118126
2025-08-01,IWM,-0.3510756194591522
2025-08-04,IWM,-0.5994539856910706
2025-08-05,IWM,-3.74468994140625
2025-08-06,IWM,-3.513395071029663
2025-08-07,IWM,0.4131920039653778
2025-08-08,IWM,3.2523059844970703
2025-08-11,IWM,3.2656266689300537
2025-08-12,IWM,4.347646713256836
2025-08-13,IWM,4.108065128326416
2025-08-14,IWM,4.1874470710754395
2025-08-15,IWM,4.285799980163574
2025-08-18,IWM,4.061817169189453
2025-08-19,IWM,4.734412670135498
2025-08-20,IWM,4.7721428871154785
2025-08-21,IWM,4.651611804962158
2025-08-22,IWM,2.291581869125366
2025-08-25,IWM,3.511988401412964
2025-08-26,IWM,2.661054849624634
2025-08-27,IWM,1.6243451833724976
2025-08-28,IWM,1.3696818351745605
2025-08-29,IWM,0.9799516201019287
2025-09-02,IWM,2.1499075889587402
2025-09-03,IWM,2.6978132724761963
2025-09-04,IWM,-0.28603625297546387
2025-09-05,IWM,0.10429692268371582
2025-09-08,IWM,-0.2542929947376251
2025-09-09,IWM,1.2402665615081787
2025-09-10,IWM,2.6938140392303467
2025-09-11,IWM,-0.8255580067634583
2025-09-12,IWM,0.9065319895744324
2025-09-15,IWM,-0.31330934166908264
2025-09-16,IWM,0.25709766149520874
2025-09-17,IWM,-0.3487444818019867
2025-09-18,IWM,-0.05523611605167389
2025-09-19,IWM,1.3497096300125122
2025-09-22,IWM,-0.16594648361206055
2025-09-23,IWM,-0.22464750707149506
2025-09-24,IWM,3.0276501178741455
2025-09-25,IWM,2.2122862339019775
2025-09-26,IWM,4.0050554275512695
2025-09-29,IWM,4.113326549530029
2025-09-30,IWM,3.5269017219543457
2025-10-01,IWM,3.50661563873291
2025-10-02,IWM,1.4885073900222778
2025-10-03,IWM,1.7799652814865112
2025-10-06,IWM,1.3959656953811646
2025-10-07,IWM,3.6828622817993164
2025-10-08,IWM,-0.37239575386047363
2025-10-09,IWM,2.575692892074585
2025-10-10,IWM,0.5820543169975281
2025-10-13,IWM,4.098152160644531
2025-10-14,IWM,3.5678820610046387
2025-10-15,IWM,3.7629554271698
2025-10-16,IWM,4.700375556945801
2025-10-17,IWM,4.0326690673828125
2025-10-20,IWM,3.5302789211273193
2025-10-21,IWM,4.498081684112549
2025-10-22,IWM,3.743457794189453
2025-10-23,IWM,4.690425395965576
2025-10-24,IWM,3.676600694656372
2025-10-27,IWM,3.824760675430298
2025-10-28,IWM,4.099182605743408
2025-10-29,IWM,4.683906555175781
2025-10-30,IWM,2.7579591274261475
2025-10-31,IWM,3.5735647678375244
2025-11-03,IWM,2.613152027130127
2025-11-04,IWM,-0.5757454037666321
2025-11-05,IWM,-2.07957124710083
2025-11-06,IWM,-0.5393684506416321
2025-11-07,IWM,-0.18494106829166412
2025-11-10,IWM,-0.08321655541658401
2025-11-11,IWM,-0.8496376276016235
2025-11-12,IWM,0.7005747556686401
2025-11-13,IWM,-0.36674636602401733
2025-11-14,IWM,0.1818893402814865
2025-11-17,IWM,0.6778374910354614
2025-11-18,IWM,1.293837308883667
2025-11-19,IWM,1.9112718105316162
2025-11-20,IWM,1.9705913066864014
2025-11-21,IWM,2.920645236968994
2025-11-24,IWM,-1.1539398431777954
2025-11-25,IWM,-0.4308203458786011
2025-11-26,IWM,0.8786375522613525
2025-07-24,DX-Y.NYB,1.9878718852996826
2025-07-25,DX-Y.NYB,11.778738021850586
2025-07-28,DX-Y.NYB,13.65848159790039
2025-07-29,DX-Y.NYB,13.596148490905762
2025-07-30,DX-Y.NYB,12.192715644836426
2025-07-31,DX-Y.NYB,8.353949546813965
2025-08-01,DX-Y.NYB,12.89344596862793
2025-08-04,DX-Y.NYB,12.827129364013672
2025-08-05,DX-Y.NYB,12.943714141845703
2025-08-06,DX-Y.NYB,8.212474822998047
2025-08-07,DX-Y.NYB,12.723699569702148
2025-08-08,DX-Y.NYB,8.339914321899414
2025-08-11,DX-Y.NYB,13.070943832397461
2025-08-12,DX-Y.NYB,0.010336377657949924
2025-08-13,DX-Y.NYB,0.4718826413154602
2025-08-14,DX-Y.NYB,2.6443963050842285
2025-08-15,DX-Y.NYB,2.2735419273376465
2025-08-18,DX-Y.NYB,2.901841402053833
2025-08-19,DX-Y.NYB,3.9905543327331543
2025-08-20,DX-Y.NYB,9.591161727905273
2025-08-21,DX-Y.NYB,10.837042808532715
2025-08-22,DX-Y.NYB,-4.04853630065918
2025-08-25,DX-Y.NYB,13.291604995727539
2025-08-26,DX-Y.NYB,11.95487117767334
2025-08-27,DX-Y.NYB,9.423746109008789
2025-08-28,DX-Y.NYB,-9.224677085876465
2025-08-29,DX-Y.NYB,-2.739992380142212
2025-09-02,DX-Y.NYB,13.105964660644531
2025-09-03,DX-Y.NYB,11.475998878479004
2025-09-04,DX-Y.NYB,14.226797103881836
2025-09-05,DX-Y.NYB,-7.84126615524292
2025-09-08,DX-Y.NYB,-9.329402923583984
2025-09-09,DX-Y.NYB,-10.191353797912598
2025-09-10,DX-Y.NYB,-10.915993690490723
2025-09-11,DX-Y.NYB,-9.235758781433105
2025-09-12,DX-Y.NYB,-3.79457426071167
2025-09-15,DX-Y.NYB,-1.85770583152771
2025-09-16,DX-Y.NYB,0.6515488028526306
2025-09-17,DX-Y.NYB,2.4023995399475098
2025-09-18,DX-Y.NYB,1.9998722076416016
2025-09-19,DX-Y.NYB,-9.368575096130371
2025-09-22,DX-Y.NYB,-2.70145845413208
2025-09-23,DX-Y.NYB,7.161406517028809
2025-09-24,DX-Y.NYB,13.940479278564453
2025-09-25,DX-Y.NYB,11.924215316772461
2025-09-26,DX-Y.NYB,7.095748424530029
2025-09-29,DX-Y.NYB,9.470870971679688
2025-09-30,DX-Y.NYB,14.639143943786621
2025-10-01,DX-Y.NYB,14.749699592590332
2025-10-02,DX-Y.NYB,14.389686584472656
2025-10-03,DX-Y.NYB,14.428109169006348
2025-10-06,DX-Y.NYB,12.880504608154297
2025-10-07,DX-Y.NYB,12.564279556274414
2025-10-08,DX-Y.NYB,11.308618545532227
2025-10-09,DX-Y.NYB,4.88495397567749
2025-10-10,DX-Y.NYB,7.55637264251709
2025-10-13,DX-Y.NYB,3.0621652603149414
2025-10-14,DX-Y.NYB,5.67893648147583
2025-10-15,DX-Y.NYB,10.235222816467285
2025-10-16,DX-Y.NYB,7.578688621520996
2025-10-17,DX-Y.NYB,8.874124526977539
2025-10-20,DX-Y.NYB,10.312982559204102
2025-10-21,DX-Y.NYB,10.169022560119629
2025-10-22,DX-Y.NYB,10.571196556091309
2025-10-23,DX-Y.NYB,10.845159530639648
2025-10-24,DX-Y.NYB,9.684813499450684
2025-10-27,DX-Y.NYB,7.8710761070251465
2025-10-28,DX-Y.NYB,6.145930290222168
2025-10-29,DX-Y.NYB,10.125646591186523
2025-10-30,DX-Y.NYB,10.778005599975586
2025-10-31,DX-Y.NYB,9.447652816772461
2025-11-03,DX-Y.NYB,4.868790626525879
2025-11-04,DX-Y.NYB,-0.3972553610801697
2025-11-05,DX-Y.NYB,0.48049670457839966
2025-11-06,DX-Y.NYB,12.055253982543945
2025-11-07,DX-Y.NYB,11.158804893493652
2025-11-10,DX-Y.NYB,11.553048133850098
2025-11-11,DX-Y.NYB,10.794679641723633
2025-11-12,DX-Y.NYB,10.609440803527832
2025-11-13,DX-Y.NYB,3.4482600688934326
2025-11-14,DX-Y.NYB,5.3682026863098145
2025-11-17,DX-Y.NYB,9.306337356567383
2025-11-18,DX-Y.NYB,9.921459197998047
2025-11-19,DX-Y.NYB,7.625438213348389
2025-11-20,DX-Y.NYB,11.965517044067383
2025-11-21,DX-Y.NYB,10.89866828918457
2025-11-24,DX-Y.NYB,10.534638404846191
2025-11-25,DX-Y.NYB,9.068228721618652
2025-11-26,DX-Y.NYB,7.919882774353027
2025-07-24,AAPL,0.654387891292572
2025-07-25,AAPL,0.5480220317840576
2025-07-28,AAPL,-0.05849205330014229
2025-07-29,AAPL,1.1948881149291992
2025-07-30,AAPL,0.01900964230298996
2025-07-31,AAPL,-0.05926792323589325
2025-08-01,AAPL,-0.12018489092588425
2025-08-04,AAPL,0.18774013221263885
2025-08-05,AAPL,0.8119596838951111
2025-08-06,AAPL,2.4121687412261963
2025-08-07,AAPL,3.27109956741333
2025-08-08,AAPL,2.349581480026245
2025-08-11,AAPL,2.474867820739746
2025-08-12,AAPL,1.8468388319015503
2025-08-13,AAPL,1.5703182220458984
2025-08-14,AAPL,2.0065531730651855
2025-08-15,AAPL,2.4801430702209473
2025-08-18,AAPL,2.8454794883728027
2025-08-19,AAPL,3.012577533721924
2025-08-20,AAPL,3.071105718612671
2025-08-21,AAPL,3.0258243083953857
2025-08-22,AAPL,2.95851469039917
2025-08-25,AAPL,3.060946226119995
2025-08-26,AAPL,3.1981608867645264
2025-08-27,AAPL,2.051387071609497
2025-08-28,AAPL,0.7643213868141174
2025-08-29,AAPL,1.4168695211410522
2025-09-02,AAPL,2.278716802597046
2025-09-03,AAPL,0.6944028735160828
2025-09-04,AAPL,1.7761996984481812
2025-09-05,AAPL,1.4146827459335327
2025-09-08,AAPL,1.2198258638381958
2025-09-09,AAPL,2.9200103282928467
2025-09-10,AAPL,0.34188219904899597
2025-09-11,AAPL,0.5438141226768494
2025-09-12,AAPL,2.846107244491577
2025-09-15,AAPL,3.2625155448913574
2025-09-16,AAPL,3.2169721126556396
2025-09-17,AAPL,3.1651499271392822
2025-09-18,AAPL,3.33270001411438
2025-09-19,AAPL,1.3915468454360962
2025-09-22,AAPL,1.0886492729187012
2025-09-23,AAPL,0.982032299041748
2025-09-24,AAPL,0.5595996379852295
2025-09-25,AAPL,-0.19066782295703888
2025-09-26,AAPL,0.36162275075912476
2025-09-29,AAPL,1.269342064857483
2025-09-30,AAPL,2.001650094985962
2025-10-01,AAPL,2.143430471420288
2025-10-02,AAPL,0.26506534218788147
2025-10-03,AAPL,0.033657174557447433
2025-10-06,AAPL,1.5377024412155151
2025-10-07,AAPL,1.9295583963394165
2025-10-08,AAPL,-0.16538579761981964
2025-10-09,AAPL,0.9232906699180603
2025-10-10,AAPL,1.243453025817871
2025-10-13,AAPL,1.4196635484695435
2025-10-14,AAPL,1.3049291372299194
2025-10-15,AAPL,1.6933313608169556
2025-10-16,AAPL,1.2529479265213013
2025-10-17,AAPL,2.620283365249634
2025-10-20,AAPL,3.440760612487793
2025-10-21,AAPL,3.5675933361053467
2025-10-22,AAPL,3.492234230041504
2025-10-23,AAPL,3.4215128421783447
2025-10-24,AAPL,2.8972673416137695
2025-10-27,AAPL,2.351616621017456
2025-10-28,AAPL,2.273282766342163
2025-10-29,AAPL,1.777018427848816
2025-10-30,AAPL,1.3140002489089966
2025-10-31,AAPL,1.7866969108581543
2025-11-03,AAPL,2.863892078399658
2025-11-04,AAPL,2.830181121826172
2025-11-05,AAPL,3.125119686126709
2025-11-06,AAPL,3.304039478302002
2025-11-07,AAPL,2.994499683380127
2025-11-10,AAPL,2.14228892326355
2025-11-11,AAPL,0.23153506219387054
2025-11-12,AAPL,1.5031819343566895
2025-11-13,AAPL,1.5177944898605347
2025-11-14,AAPL,2.710428237915039
2025-11-17,AAPL,0.7226300239562988
2025-11-18,AAPL,0.6702433824539185
2025-11-19,AAPL,0.030910702422261238
2025-11-20,AAPL,0.6184215545654297
2025-11-21,AAPL,3.868058443069458
2025-11-24,AAPL,3.611053466796875
2025-11-25,AAPL,3.7286643981933594
2025-11-26,AAPL,3.191093683242798
2025-07-23,RELIANCE.NS,3.1456410884857178
2025-07-24,RELIANCE.NS,3.3203442096710205
2025-07-25,RELIANCE.NS,3.3102927207946777
2025-07-28,RELIANCE.NS,3.3847227096557617
2025-07-29,RELIANCE.NS,3.549794912338257
2025-07-30,RELIANCE.NS,3.705671787261963
2025-07-31,RELIANCE.NS,3.5307884216308594
2025-08-01,RELIANCE.NS,3.539494276046753
2025-08-04,RELIANCE.NS,3.7679970264434814
2025-08-05,RELIANCE.NS,3.6511552333831787
2025-08-06,RELIANCE.NS,3.63569712638855
2025-08-07,RELIANCE.NS,3.8028106689453125
2025-08-08,RELIANCE.NS,3.402993679046631
2025-08-11,RELIANCE.NS,3.723358154296875
2025-08-12,RELIANCE.NS,3.7246651649475098
2025-08-13,RELIANCE.NS,3.7177927494049072
2025-08-14,RELIANCE.NS,3.5370113849639893
2025-08-18,RELIANCE.NS,3.796492099761963
2025-08-19,RELIANCE.NS,-1.0374335050582886
2025-08-20,RELIANCE.NS,0.5611254572868347
2025-08-21,RELIANCE.NS,0.07311756163835526
2025-08-22,RELIANCE.NS,1.0905828475952148
2025-08-25,RELIANCE.NS,1.778687596321106
2025-08-26,RELIANCE.NS,3.098734140396118
2025-08-28,RELIANCE.NS,4.323597431182861
2025-08-29,RELIANCE.NS,-0.7318028807640076
2025-09-01,RELIANCE.NS,-0.7689990997314453
2025-09-02,RELIANCE.NS,-0.6355890035629272
2025-09-03,RELIANCE.NS,-1.392106294631958
2025-09-04,RELIANCE.NS,-0.048673003911972046
2025-09-05,RELIANCE.NS,1.6635420322418213
2025-09-08,RELIANCE.NS,2.732879161834717
2025-09-09,RELIANCE.NS,2.636730432510376
2025-09-10,RELIANCE.NS,3.4755754470825195
2025-09-11,RELIANCE.NS,4.5964674949646
2025-09-12,RELIANCE.NS,3.030513048171997
2025-09-15,RELIANCE.NS,1.9670186042785645
2025-09-16,RELIANCE.NS,1.1804898977279663
2025-09-17,RELIANCE.NS,1.1698845624923706
2025-09-18,RELIANCE.NS,1.8689144849777222
2025-09-19,RELIANCE.NS,1.3393999338150024
2025-09-22,RELIANCE.NS,2.0323550701141357
2025-09-23,RELIANCE.NS,4.205924034118652
2025-09-24,RELIANCE.NS,2.876084089279175
2025-09-25,RELIANCE.NS,-0.6019759774208069
2025-09-26,RELIANCE.NS,-0.8923883438110352
2025-09-29,RELIANCE.NS,-0.6663796305656433
2025-09-30,RELIANCE.NS,-0.36568760871887207
2025-10-01,RELIANCE.NS,0.17055222392082214
2025-10-03,RELIANCE.NS,0.768836259841919
2025-10-06,RELIANCE.NS,2.32738995552063
2025-10-07,RELIANCE.NS,1.9119439125061035
2025-10-08,RELIANCE.NS,1.6679641008377075
2025-10-09,RELIANCE.NS,3.691816568374634
2025-10-10,RELIANCE.NS,5.487744331359863
2025-10-13,RELIANCE.NS,4.064576625823975
2025-10-14,RELIANCE.NS,5.383752346038818
2025-10-15,RELIANCE.NS,4.758060455322266
2025-10-16,RELIANCE.NS,2.2360692024230957
2025-10-17,RELIANCE.NS,2.654266834259033
2025-10-20,RELIANCE.NS,1.4669198989868164
2025-10-21,RELIANCE.NS,0.30000007152557373
2025-10-23,RELIANCE.NS,1.0819900035858154
2025-10-24,RELIANCE.NS,1.4690053462982178
2025-10-27,RELIANCE.NS,-0.09110185503959656
2025-10-28,RELIANCE.NS,0.579588770866394
2025-10-29,RELIANCE.NS,0.2908405065536499
2025-10-30,RELIANCE.NS,1.9614145755767822
2025-10-31,RELIANCE.NS,2.757187843322754
2025-11-03,RELIANCE.NS,3.830173969268799
2025-11-04,RELIANCE.NS,4.980977535247803
2025-11-06,RELIANCE.NS,1.4964700937271118
2025-11-07,RELIANCE.NS,4.596439361572266
2025-11-10,RELIANCE.NS,2.1675117015838623
2025-11-11,RELIANCE.NS,1.8633328676223755
2025-11-12,RELIANCE.NS,-0.09116602689027786
2025-11-13,RELIANCE.NS,0.41746285557746887
2025-11-14,RELIANCE.NS,-1.0608683824539185
2025-11-17,RELIANCE.NS,-1.5409969091415405
2025-11-18,RELIANCE.NS,-1.7119487524032593
2025-11-19,RELIANCE.NS,-1.818479061126709
2025-11-20,RELIANCE.NS,-1.7029566764831543
2025-11-21,RELIANCE.NS,-1.5829664468765259
2025-11-24,RELIANCE.NS,-1.3639129400253296
2025-11-25,RELIANCE.NS,-1.5819259881973267
2025-11-26,RELIANCE.NS,-1.4924325942993164
2025-11-27,RELIANCE.NS,-1.2974790334701538
2025-07-24,NVDA,-0.01981987990438938
2025-07-25,NVDA,0.12803976237773895
2025-07-28,NVDA,-0.42957863211631775
2025-07-29,NVDA,-0.04383658617734909
2025-07-30,NVDA,-0.5387364029884338
2025-07-31,NVDA,-0.31589916348457336
2025-08-01,NVDA,1.1860270500183105
2025-08-04,NVDA,-0.5093787908554077
2025-08-05,NVDA,0.6831990480422974
2025-08-06,NVDA,0.014779873192310333
2025-08-07,NVDA,-0.31954440474510193
2025-08-08,NVDA,-0.49759912490844727
2025-08-11,NVDA,-0.5826351046562195
2025-08-12,NVDA,-0.7059859037399292
2025-08-13,NVDA,-0.37202221155166626
2025-08-14,NVDA,-0.38069120049476624
2025-08-15,NVDA,1.7629183530807495
2025-08-18,NVDA,0.16082043945789337
2025-08-19,NVDA,0.5040795207023621
2025-08-20,NVDA,0.5702008605003357
2025-08-21,NVDA,0.5388336777687073
2025-08-22,NVDA,1.0663918256759644
2025-08-25,NVDA,2.3667514324188232
2025-08-26,NVDA,2.380140542984009
2025-08-27,NVDA,2.3793368339538574
2025-08-28,NVDA,2.3864762783050537
2025-08-29,NVDA,-0.445881187915802
2025-09-02,NVDA,-0.7643246054649353
2025-09-03,NVDA,-0.785422682762146
2025-09-04,NVDA,-0.34861207008361816
2025-09-05,NVDA,0.360076367855072
2025-09-08,NVDA,0.7944992780685425
2025-09-09,NVDA,1.1106938123703003
2025-09-10,NVDA,-0.054382868111133575
2025-09-11,NVDA,1.3955199718475342
2025-09-12,NVDA,1.9222487211227417
2025-09-15,NVDA,2.436771869659424
2025-09-16,NVDA,2.5214767456054688
2025-09-17,NVDA,1.182024598121643
2025-09-18,NVDA,2.42836332321167
2025-09-19,NVDA,2.3637359142303467
2025-09-22,NVDA,1.7158914804458618
2025-09-23,NVDA,2.293811798095703
2025-09-24,NVDA,2.538783550262451
2025-09-25,NVDA,2.3864848613739014
2025-09-26,NVDA,2.3221380710601807
2025-09-29,NVDA,2.22407865524292
2025-09-30,NVDA,1.8548781871795654
2025-10-01,NVDA,1.7248919010162354
2025-10-02,NVDA,0.8951168060302734
2025-10-03,NVDA,0.8236798048019409
2025-10-06,NVDA,2.069875955581665
2025-10-07,NVDA,2.2362053394317627
2025-10-08,NVDA,0.5740697383880615
2025-10-09,NVDA,0.23230113089084625
2025-10-10,NVDA,1.0968780517578125
2025-10-13,NVDA,1.8558745384216309
2025-10-14,NVDA,0.2709808647632599
2025-10-15,NVDA,0.314126580953598
2025-10-16,NVDA,0.8449302911758423
2025-10-17,NVDA,0.855603814125061
2025-10-20,NVDA,0.4477269649505615
2025-10-21,NVDA,0.451193630695343
2025-10-22,NVDA,0.38943374156951904
2025-10-23,NVDA,0.3391992747783661
2025-10-24,NVDA,2.3679378032684326
2025-10-27,NVDA,2.560183525085449
2025-10-28,NVDA,2.0310158729553223
2025-10-29,NVDA,1.9387682676315308
2025-10-30,NVDA,1.469469428062439
2025-10-31,NVDA,1.2995591163635254
2025-11-03,NVDA,0.7776374816894531
2025-11-04,NVDA,2.5222325325012207
2025-11-05,NVDA,2.441723585128784
2025-11-06,NVDA,0.870256245136261
2025-11-07,NVDA,0.8778135180473328
2025-11-10,NVDA,2.466059446334839
2025-11-11,NVDA,2.1469039916992188
2025-11-12,NVDA,1.5093597173690796
2025-11-13,NVDA,0.391360878944397
2025-11-14,NVDA,0.6402788162231445
2025-11-17,NVDA,0.6325986981391907
2025-11-18,NVDA,0.7461247444152832
2025-11-19,NVDA,0.7085059285163879
2025-11-20,NVDA,0.7230910062789917
2025-11-21,NVDA,0.7962665557861328
2025-11-24,NVDA,1.2064050436019897
2025-11-25,NVDA,1.245764970779419
2025-11-26,NVDA,1.401383638381958
2025-07-24,EEM,-1.390207052230835
2025-07-25,EEM,-0.40183520317077637
2025-07-28,EEM,3.4935030937194824
2025-07-29,EEM,3.816681146621704
2025-07-30,EEM,-0.6775991320610046
2025-07-31,EEM,1.6003462076187134
2025-08-01,EEM,1.6452133655548096
2025-08-04,EEM,2.654454469680786
2025-08-05,EEM,2.9930152893066406
2025-08-06,EEM,5.992146015167236
2025-08-07,EEM,6.146697044372559
2025-08-08,EEM,6.246927261352539
2025-08-11,EEM,6.274108409881592
2025-08-12,EEM,5.1949238777160645
2025-08-13,EEM,4.804698944091797
2025-08-14,EEM,5.904760360717773
2025-08-15,EEM,5.637823104858398
2025-08-18,EEM,3.6027750968933105
2025-08-19,EEM,6.388012886047363
2025-08-20,EEM,6.384994983673096
2025-08-21,EEM,6.144191741943359
2025-08-22,EEM,2.57084059715271
2025-08-25,EEM,4.766822814941406
2025-08-26,EEM,4.7068772315979
2025-08-27,EEM,5.177878379821777
2025-08-28,EEM,5.120218753814697
2025-08-29,EEM,2.4389872550964355
2025-09-02,EEM,2.2253623008728027
2025-09-03,EEM,4.52469539642334
2025-09-04,EEM,-0.1776721030473709
2025-09-05,EEM,4.224446773529053
2025-09-08,EEM,4.690008640289307
2025-09-09,EEM,4.461520671844482
2025-09-10,EEM,0.6948009729385376
2025-09-11,EEM,-1.1937330961227417
2025-09-12,EEM,-1.2127125263214111
2025-09-15,EEM,-1.4444247484207153
2025-09-16,EEM,-1.4695777893066406
2025-09-17,EEM,-1.4010977745056152
2025-09-18,EEM,-0.9186265468597412
2025-09-19,EEM,0.4770652651786804
2025-09-22,EEM,-0.3719734251499176
2025-09-23,EEM,1.736806035041809
2025-09-24,EEM,5.3294196128845215
2025-09-25,EEM,5.391056537628174
2025-09-26,EEM,3.9946494102478027
2025-09-29,EEM,1.7966214418411255
2025-09-30,EEM,0.7480986714363098
2025-10-01,EEM,-0.6391277313232422
2025-10-02,EEM,-0.8407755494117737
2025-10-03,EEM,-1.4235070943832397
2025-10-06,EEM,-1.8107529878616333
2025-10-07,EEM,0.09614036232233047
2025-10-08,EEM,-1.9779508113861084
2025-10-09,EEM,5.137820720672607
2025-10-10,EEM,1.430260419845581
2025-10-13,EEM,2.1335508823394775
2025-10-14,EEM,2.8389999866485596
2025-10-15,EEM,4.705671310424805
2025-10-16,EEM,6.15831995010376
2025-10-17,EEM,6.054493427276611
2025-10-20,EEM,5.448690891265869
2025-10-21,EEM,5.904111385345459
2025-10-22,EEM,5.921688079833984
2025-10-23,EEM,4.67921781539917
2025-10-24,EEM,4.57494592666626
2025-10-27,EEM,3.712092638015747
2025-10-28,EEM,2.6903345584869385
2025-10-29,EEM,1.2377415895462036
2025-10-30,EEM,4.095430374145508
2025-10-31,EEM,6.095991611480713
2025-11-03,EEM,0.5023795962333679
2025-11-04,EEM,1.777043342590332
2025-11-05,EEM,3.939656972885132
2025-11-06,EEM,1.6424630880355835
2025-11-07,EEM,0.998957097530365
2025-11-10,EEM,4.188598155975342
2025-11-11,EEM,5.181310176849365
2025-11-12,EEM,5.178872585296631
2025-11-13,EEM,1.8308618068695068
2025-11-14,EEM,2.1452577114105225
2025-11-17,EEM,0.35094714164733887
2025-11-18,EEM,-0.24963879585266113
2025-11-19,EEM,-0.3281255066394806
2025-11-20,EEM,0.22782890498638153
2025-11-21,EEM,1.1316183805465698
2025-11-24,EEM,2.139425754547119
2025-11-25,EEM,2.851485013961792
2025-11-26,EEM,4.158670425415039
2025-07-24,TLT,6.3939208984375
2025-07-25,TLT,8.11014175415039
2025-07-28,TLT,6.59083366394043
2025-07-29,TLT,3.19154953956604
2025-07-30,TLT,4.615880012512207
2025-07-31,TLT,1.6146337985992432
2025-08-01,TLT,2.593329668045044
2025-08-04,TLT,3.972754716873169
2025-08-05,TLT,2.0257582664489746
2025-08-06,TLT,4.436676979064941
2025-08-07,TLT,5.428745269775391
2025-08-08,TLT,6.655977725982666
2025-08-11,TLT,6.1561784744262695
2025-08-12,TLT,6.083950519561768
2025-08-13,TLT,5.097330093383789
2025-08-14,TLT,5.833563327789307
2025-08-15,TLT,0.6013618111610413
2025-08-18,TLT,1.2246376276016235
2025-08-19,TLT,0.5426424145698547
2025-08-20,TLT,-0.44383704662323
2025-08-21,TLT,1.7352180480957031
2025-08-22,TLT,6.310547351837158
2025-08-25,TLT,2.604672908782959
2025-08-26,TLT,1.7652455568313599
2025-08-27,TLT,2.129940986633301
2025-08-28,TLT,8.470108985900879
2025-08-29,TLT,-3.3985681533813477
2025-09-02,TLT,-1.5468987226486206
2025-09-03,TLT,8.199504852294922
2025-09-04,TLT,8.194357872009277
2025-09-05,TLT,5.517425537109375
2025-09-08,TLT,4.830000877380371
2025-09-09,TLT,4.0635600090026855
2025-09-10,TLT,1.7208904027938843
2025-09-11,TLT,1.049472689628601
2025-09-12,TLT,3.6078104972839355
2025-09-15,TLT,3.7793877124786377
2025-09-16,TLT,4.272721767425537
2025-09-17,TLT,7.333434581756592
2025-09-18,TLT,8.679560661315918
2025-09-19,TLT,8.656048774719238
2025-09-22,TLT,8.70868968963623
2025-09-23,TLT,8.036273956298828
2025-09-24,TLT,2.780729293823242
2025-09-25,TLT,1.860333800315857
2025-09-26,TLT,2.405301094055176
2025-09-29,TLT,6.860311985015869
2025-09-30,TLT,6.707430362701416
2025-10-01,TLT,6.8997602462768555
2025-10-02,TLT,7.209104537963867
2025-10-03,TLT,7.09178352355957
2025-10-06,TLT,-0.6544893383979797
2025-10-07,TLT,7.653134822845459
2025-10-08,TLT,7.43798828125
2025-10-09,TLT,7.7111921310424805
2025-10-10,TLT,5.408567428588867
2025-10-13,TLT,6.996715068817139
2025-10-14,TLT,4.820601940155029
2025-10-15,TLT,3.220769166946411
2025-10-16,TLT,0.11856873333454132
2025-10-17,TLT,0.9136290550231934
2025-10-20,TLT,0.02645236812531948
2025-10-21,TLT,-0.7100672125816345
2025-10-22,TLT,-0.525105893611908
2025-10-23,TLT,7.6342291831970215
2025-10-24,TLT,7.465210914611816
2025-10-27,TLT,4.346704483032227
2025-10-28,TLT,0.3889307677745819
2025-10-29,TLT,3.331148147583008
2025-10-30,TLT,1.9747345447540283
2025-10-31,TLT,2.569049596786499
2025-11-03,TLT,2.7059266567230225
2025-11-04,TLT,2.667891502380371
2025-11-05,TLT,2.77376127243042
2025-11-06,TLT,3.41766095161438
2025-11-07,TLT,3.8018639087677
2025-11-10,TLT,4.612105846405029
2025-11-11,TLT,6.00250768661499
2025-11-12,TLT,6.345426559448242
2025-11-13,TLT,4.851893424987793
2025-11-14,TLT,3.9622292518615723
2025-11-17,TLT,4.529406547546387
2025-11-18,TLT,5.168266296386719
2025-11-19,TLT,5.056248188018799
2025-11-20,TLT,6.135371208190918
2025-11-21,TLT,7.253166675567627
2025-11-24,TLT,-0.9040173292160034
2025-11-25,TLT,2.1847894191741943
2025-11-26,TLT,0.9253302216529846
2025-07-24,MSFT,-1.0475276708602905
2025-07-25,MSFT,-0.06896758079528809
2025-07-28,MSFT,0.27435195446014404
2025-07-29,MSFT,-0.03688514232635498
2025-07-30,MSFT,-0.37684956192970276
2025-07-31,MSFT,-0.339314728975296
2025-08-01,MSFT,1.5395903587341309
2025-08-04,MSFT,-0.6053574681282043
2025-08-05,MSFT,0.3405891954898834
2025-08-06,MSFT,1.6618788242340088
2025-08-07,MSFT,3.9799904823303223
2025-08-08,MSFT,3.930598258972168
2025-08-11,MSFT,3.8238213062286377
2025-08-12,MSFT,1.1156656742095947
2025-08-13,MSFT,0.02840198576450348
2025-08-14,MSFT,1.2775934934616089
2025-08-15,MSFT,-0.09933222085237503
2025-08-18,MSFT,1.7818512916564941
2025-08-19,MSFT,1.65915846824646
2025-08-20,MSFT,1.7938448190689087
2025-08-21,MSFT,1.885282039642334
2025-08-22,MSFT,2.3218138217926025
2025-08-25,MSFT,2.521599054336548
2025-08-26,MSFT,2.596621036529541
2025-08-27,MSFT,2.892087936401367
2025-08-28,MSFT,3.1611247062683105
2025-08-29,MSFT,3.084688901901245
2025-09-02,MSFT,3.1627516746520996
2025-09-03,MSFT,3.0919158458709717
2025-09-04,MSFT,3.472670793533325
2025-09-05,MSFT,2.5958213806152344
2025-09-08,MSFT,2.964850902557373
2025-09-09,MSFT,3.043063163757324
2025-09-10,MSFT,3.233130693435669
2025-09-11,MSFT,3.383816719055176
2025-09-12,MSFT,-0.46295636892318726
2025-09-15,MSFT,2.727884531021118
2025-09-16,MSFT,2.5363104343414307
2025-09-17,MSFT,3.986619234085083
2025-09-18,MSFT,4.903570652008057
2025-09-19,MSFT,2.9923317432403564
2025-09-22,MSFT,4.398163318634033
2025-09-23,MSFT,4.518615245819092
2025-09-24,MSFT,4.976978302001953
2025-09-25,MSFT,4.3039774894714355
2025-09-26,MSFT,4.68408727645874
2025-09-29,MSFT,4.450227737426758
2025-09-30,MSFT,4.326168537139893
2025-10-01,MSFT,4.029228687286377
2025-10-02,MSFT,3.7003493309020996
2025-10-03,MSFT,2.140082836151123
2025-10-06,MSFT,0.48921865224838257
2025-10-07,MSFT,2.016913414001465
2025-10-08,MSFT,0.9071001410484314
2025-10-09,MSFT,2.3476359844207764
2025-10-10,MSFT,0.1270626187324524
2025-10-13,MSFT,1.892474889755249
2025-10-14,MSFT,1.9931409358978271
2025-10-15,MSFT,0.11134213954210281
2025-10-16,MSFT,0.3406620919704437
2025-10-17,MSFT,0.4489269256591797
2025-10-20,MSFT,3.581559419631958
2025-10-21,MSFT,4.849537372589111
2025-10-22,MSFT,4.70186710357666
2025-10-23,MSFT,4.645842552185059
2025-10-24,MSFT,4.129444599151611
2025-10-27,MSFT,3.2814126014709473
2025-10-28,MSFT,2.309347629547119
2025-10-29,MSFT,1.4593377113342285
2025-10-30,MSFT,4.30648136138916
2025-10-31,MSFT,-0.1902799755334854
2025-11-03,MSFT,-0.892414391040802
2025-11-04,MSFT,-0.33724164962768555
2025-11-05,MSFT,0.1336960792541504
2025-11-06,MSFT,0.4504111707210541
2025-11-07,MSFT,0.9225425124168396
2025-11-10,MSFT,1.8253810405731201
2025-11-11,MSFT,2.3184635639190674
2025-11-12,MSFT,3.165191888809204
2025-11-13,MSFT,2.5849082469940186
2025-11-14,MSFT,3.412749767303467
2025-11-17,MSFT,3.4053614139556885
2025-11-18,MSFT,2.457029342651367
2025-11-19,MSFT,2.3162479400634766
2025-11-20,MSFT,2.043609380722046
2025-11-21,MSFT,2.078245162963867
2025-11-24,MSFT,2.4736857414245605
2025-11-25,MSFT,2.8212392330169678
2025-11-26,MSFT,3.2186524868011475
2025-07-24,QQQ,-1.372066855430603
2025-07-25,QQQ,-1.4589464664459229
2025-07-28,QQQ,-1.550294280052185
2025-07-29,QQQ,-1.568519115447998
2025-07-30,QQQ,-1.5571577548980713
2025-07-31,QQQ,1.7860158681869507
2025-08-01,QQQ,1.3285096883773804
2025-08-04,QQQ,3.584810733795166
2025-08-05,QQQ,-0.12441214919090271
2025-08-06,QQQ,2.6687862873077393
2025-08-07,QQQ,3.819716215133667
2025-08-08,QQQ,3.123619556427002
2025-08-11,QQQ,2.982898473739624
2025-08-12,QQQ,0.13176633417606354
2025-08-13,QQQ,0.0012130814138799906
2025-08-14,QQQ,-0.059322819113731384
2025-08-15,QQQ,0.8991599082946777
2025-08-18,QQQ,1.6478968858718872
2025-08-19,QQQ,2.801344156265259
2025-08-20,QQQ,0.30612385272979736
2025-08-21,QQQ,1.0961971282958984
2025-08-22,QQQ,4.640757083892822
2025-08-25,QQQ,2.242492437362671
2025-08-26,QQQ,4.543145179748535
2025-08-27,QQQ,4.7123799324035645
2025-08-28,QQQ,4.533993244171143
2025-08-29,QQQ,1.6023712158203125
2025-09-02,QQQ,0.914372980594635
2025-09-03,QQQ,3.0848278999328613
2025-09-04,QQQ,4.959707736968994
2025-09-05,QQQ,4.872400760650635
2025-09-08,QQQ,4.961938858032227
2025-09-09,QQQ,5.0373005867004395
2025-09-10,QQQ,4.956303596496582
2025-09-11,QQQ,3.70528244972229
2025-09-12,QQQ,2.565884828567505
2025-09-15,QQQ,0.7145507335662842
2025-09-16,QQQ,0.48522162437438965
2025-09-17,QQQ,0.493557870388031
2025-09-18,QQQ,-0.44446203112602234
2025-09-19,QQQ,-0.47427478432655334
2025-09-22,QQQ,-0.6007107496261597
2025-09-23,QQQ,0.38356614112854004
2025-09-24,QQQ,1.7077925205230713
2025-09-25,QQQ,2.8800899982452393
2025-09-26,QQQ,3.068265199661255
2025-09-29,QQQ,-0.33272647857666016
2025-09-30,QQQ,-1.2168456315994263
2025-10-01,QQQ,-1.6043747663497925
2025-10-02,QQQ,-1.617944598197937
2025-10-03,QQQ,-0.5955544114112854
2025-10-06,QQQ,-1.6173484325408936
2025-10-07,QQQ,-0.545901894569397
2025-10-08,QQQ,-1.6955468654632568
2025-10-09,QQQ,-1.2531862258911133
2025-10-10,QQQ,1.303739070892334
2025-10-13,QQQ,4.4892706871032715
2025-10-14,QQQ,0.8243019580841064
2025-10-15,QQQ,4.221924304962158
2025-10-16,QQQ,2.3094961643218994
2025-10-17,QQQ,4.731547832489014
2025-10-20,QQQ,4.694010257720947
2025-10-21,QQQ,4.923762798309326
2025-10-22,QQQ,5.119555950164795
2025-10-23,QQQ,3.870164394378662
2025-10-24,QQQ,3.09249210357666
2025-10-27,QQQ,2.084427833557129
2025-10-28,QQQ,0.7924054861068726
2025-10-29,QQQ,-0.02514663152396679
2025-10-30,QQQ,2.110813617706299
2025-10-31,QQQ,1.094848871231079
2025-11-03,QQQ,0.29642635583877563
2025-11-04,QQQ,4.461864471435547
2025-11-05,QQQ,4.437763690948486
2025-11-06,QQQ,0.5506159067153931
2025-11-07,QQQ,1.4548171758651733
2025-11-10,QQQ,4.617734909057617
2025-11-11,QQQ,4.872535228729248
2025-11-12,QQQ,3.9347951412200928
2025-11-13,QQQ,1.4731724262237549
2025-11-14,QQQ,1.689934253692627
2025-11-17,QQQ,1.6218690872192383
2025-11-18,QQQ,1.645456314086914
2025-11-19,QQQ,2.0267961025238037
2025-11-20,QQQ,1.9547420740127563
2025-11-21,QQQ,2.3890573978424072
2025-11-24,QQQ,2.4577038288116455
2025-11-25,QQQ,4.738803386688232
2025-11-26,QQQ,1.9221465587615967
2025-07-23,USDINR=X,11.854750633239746
2025-07-24,USDINR=X,7.829967498779297
2025-07-25,USDINR=X,3.354029417037964
2025-07-28,USDINR=X,1.0825647115707397
2025-07-29,USDINR=X,-1.5715824365615845
2025-07-30,USDINR=X,-2.7935292720794678
2025-07-31,USDINR=X,-4.209817409515381
2025-08-01,USDINR=X,-3.9420061111450195
2025-08-04,USDINR=X,-1.3310322761535645
2025-08-05,USDINR=X,-5.899956703186035
2025-08-06,USDINR=X,-5.381295680999756
2025-08-07,USDINR=X,-5.901931285858154
2025-08-08,USDINR=X,12.510153770446777
2025-08-11,USDINR=X,13.903213500976562
2025-08-12,USDINR=X,-0.19182196259498596
2025-08-13,USDINR=X,14.286529541015625
2025-08-14,USDINR=X,12.69199275970459
2025-08-15,USDINR=X,7.418577194213867
2025-08-18,USDINR=X,12.310355186462402
2025-08-19,USDINR=X,2.8362538814544678
2025-08-20,USDINR=X,6.45604944229126
2025-08-21,USDINR=X,6.466964244842529
2025-08-22,USDINR=X,5.524789333343506
2025-08-25,USDINR=X,8.0125093460083
2025-08-26,USDINR=X,23.88854217529297
2025-08-27,USDINR=X,22.625368118286133
2025-08-28,USDINR=X,22.32527732849121
2025-08-29,USDINR=X,22.28009796142578
2025-09-01,USDINR=X,13.616097450256348
2025-09-02,USDINR=X,19.237842559814453
2025-09-03,USDINR=X,16.112154006958008
2025-09-04,USDINR=X,8.90443229675293
2025-09-05,USDINR=X,4.616917610168457
2025-09-08,USDINR=X,6.283105373382568
2025-09-09,USDINR=X,23.288015365600586
2025-09-10,USDINR=X,3.517055034637451
2025-09-11,USDINR=X,21.94101333618164
2025-09-12,USDINR=X,-0.9044122099876404
2025-09-15,USDINR=X,1.0522130727767944
2025-09-16,USDINR=X,13.150137901306152
2025-09-17,USDINR=X,7.692875862121582
2025-09-18,USDINR=X,6.230687141418457
2025-09-19,USDINR=X,11.083274841308594
2025-09-22,USDINR=X,21.0208683013916
2025-09-23,USDINR=X,5.387870788574219
2025-09-24,USDINR=X,7.811624526977539
2025-09-25,USDINR=X,11.920166969299316
2025-09-26,USDINR=X,3.9030723571777344
2025-09-29,USDINR=X,5.726614475250244
2025-09-30,USDINR=X,3.842833995819092
2025-10-01,USDINR=X,0.30338555574417114
2025-10-02,USDINR=X,16.286649703979492
2025-10-03,USDINR=X,15.082013130187988
2025-10-06,USDINR=X,19.199052810668945
2025-10-07,USDINR=X,21.527055740356445
2025-10-08,USDINR=X,19.8391056060791
2025-10-09,USDINR=X,18.896331787109375
2025-10-10,USDINR=X,5.259398460388184
2025-10-13,USDINR=X,10.397695541381836
2025-10-14,USDINR=X,5.842040538787842
2025-10-15,USDINR=X,19.135881423950195
2025-10-16,USDINR=X,3.8550946712493896
2025-10-17,USDINR=X,2.4523191452026367
2025-10-20,USDINR=X,5.57669734954834
2025-10-21,USDINR=X,7.657153606414795
2025-10-22,USDINR=X,11.865851402282715
2025-10-23,USDINR=X,11.240179061889648
2025-10-24,USDINR=X,12.770367622375488
2025-10-27,USDINR=X,14.424118041992188
2025-10-28,USDINR=X,17.881330490112305
2025-10-29,USDINR=X,18.61358070373535
2025-10-30,USDINR=X,23.28407859802246
2025-10-31,USDINR=X,-10.469826698303223
2025-11-03,USDINR=X,-10.186452865600586
2025-11-04,USDINR=X,-10.203354835510254
2025-11-05,USDINR=X,-10.465594291687012
2025-11-06,USDINR=X,-11.180500984191895
2025-11-07,USDINR=X,-10.530919075012207
2025-11-10,USDINR=X,-9.231858253479004
2025-11-11,USDINR=X,-8.634571075439453
2025-11-12,USDINR=X,5.393463134765625
2025-11-13,USDINR=X,23.548391342163086
2025-11-14,USDINR=X,20.620288848876953
2025-11-17,USDINR=X,22.39590835571289
2025-11-18,USDINR=X,17.975069046020508
2025-11-19,USDINR=X,10.491715431213379
2025-11-20,USDINR=X,10.682357788085938
2025-11-21,USDINR=X,12.970551490783691
2025-11-24,USDINR=X,7.899242877960205
2025-11-25,USDINR=X,15.783088684082031
2025-11-26,USDINR=X,13.019671440124512
2025-11-27,USDINR=X,13.114579200744629
2025-07-24,GOOGL,-0.8094873428344727
2025-07-25,GOOGL,-0.7679793238639832
2025-07-28,GOOGL,-0.628075122833252
2025-07-29,GOOGL,-0.8494541049003601
2025-07-30,GOOGL,-0.9677891135215759
2025-07-31,GOOGL,1.8187354803085327
2025-08-01,GOOGL,1.4772837162017822
2025-08-04,GOOGL,-0.4881577491760254
2025-08-05,GOOGL,1.8334766626358032
2025-08-06,GOOGL,0.11436468362808228
2025-08-07,GOOGL,-0.18660472333431244
2025-08-08,GOOGL,-0.5241936445236206
2025-08-11,GOOGL,-0.5450502038002014
2025-08-12,GOOGL,-0.8288389444351196
2025-08-13,GOOGL,-0.7237666249275208
2025-08-14,GOOGL,-0.9140347838401794
2025-08-15,GOOGL,-1.0170793533325195
2025-08-18,GOOGL,-1.0631310939788818
2025-08-19,GOOGL,1.4240128993988037
2025-08-20,GOOGL,2.1918647289276123
2025-08-21,GOOGL,1.9819726943969727
2025-08-22,GOOGL,-0.00019476632587611675
2025-08-25,GOOGL,0.986580491065979
2025-08-26,GOOGL,1.7190998792648315
2025-08-27,GOOGL,1.1605503559112549
2025-08-28,GOOGL,-0.3202292025089264
2025-08-29,GOOGL,-0.3875427544116974
2025-09-02,GOOGL,-0.06918464601039886
2025-09-03,GOOGL,-0.7000420689582825
2025-09-04,GOOGL,-0.2879334092140198
2025-09-05,GOOGL,-0.4026203155517578
2025-09-08,GOOGL,-0.29897499084472656
2025-09-09,GOOGL,-0.4694327414035797
2025-09-10,GOOGL,-0.16280178725719452
2025-09-11,GOOGL,-0.13709743320941925
2025-09-12,GOOGL,0.11633986979722977
2025-09-15,GOOGL,-0.5919373631477356
2025-09-16,GOOGL,-0.2622640132904053
2025-09-17,GOOGL,0.11147845536470413
2025-09-18,GOOGL,-0.2160719335079193
2025-09-19,GOOGL,-0.3387865424156189
2025-09-22,GOOGL,0.03528926894068718
2025-09-23,GOOGL,1.2862647771835327
2025-09-24,GOOGL,3.2791972160339355
2025-09-25,GOOGL,3.393306255340576
2025-09-26,GOOGL,1.1457396745681763
2025-09-29,GOOGL,-0.5658211708068848
2025-09-30,GOOGL,-0.5951089859008789
2025-10-01,GOOGL,-0.5835896730422974
2025-10-02,GOOGL,-0.4527759552001953
2025-10-03,GOOGL,2.4442896842956543
2025-10-06,GOOGL,3.485363483428955
2025-10-07,GOOGL,1.1688247919082642
2025-10-08,GOOGL,1.3999581336975098
2025-10-09,GOOGL,0.8566569089889526
2025-10-10,GOOGL,0.7849634289741516
2025-10-13,GOOGL,0.9926010966300964
2025-10-14,GOOGL,-1.7497327327728271
2025-10-15,GOOGL,3.578721761703491
2025-10-16,GOOGL,3.650498628616333
2025-10-17,GOOGL,3.6104419231414795
2025-10-20,GOOGL,3.348487615585327
2025-10-21,GOOGL,3.5875048637390137
2025-10-22,GOOGL,3.393494129180908
2025-10-23,GOOGL,3.194983720779419
2025-10-24,GOOGL,2.281327247619629
2025-10-27,GOOGL,1.9233882427215576
2025-10-28,GOOGL,1.873409628868103
2025-10-29,GOOGL,0.5177686214447021
2025-10-30,GOOGL,0.11111054569482803
2025-10-31,GOOGL,0.3000792860984802
2025-11-03,GOOGL,-0.6178519129753113
2025-11-04,GOOGL,-0.014174137264490128
2025-11-05,GOOGL,-0.8522710800170898
2025-11-06,GOOGL,-0.810853898525238
2025-11-07,GOOGL,1.8989026546478271
2025-11-10,GOOGL,-0.930573582649231
2025-11-11,GOOGL,-0.7374610304832458
2025-11-12,GOOGL,0.008809844963252544
2025-11-13,GOOGL,0.5005033612251282
2025-11-14,GOOGL,-0.42496928572654724
2025-11-17,GOOGL,1.8804705142974854
2025-11-18,GOOGL,2.845466375350952
2025-11-19,GOOGL,0.5543957352638245
2025-11-20,GOOGL,2.2553036212921143
2025-11-21,GOOGL,0.0355418398976326
2025-11-24,GOOGL,0.5065358281135559
2025-11-25,GOOGL,0.05909544974565506
2025-11-26,GOOGL,-0.20733962953090668
2025-07-23,GBPUSD=X,10.03621768951416
2025-07-24,GBPUSD=X,-2.8916397094726562
2025-07-25,GBPUSD=X,12.697739601135254
2025-07-28,GBPUSD=X,8.772666931152344
2025-07-29,GBPUSD=X,6.314770221710205
2025-07-30,GBPUSD=X,5.54258394241333
2025-07-31,GBPUSD=X,3.7238717079162598
2025-08-01,GBPUSD=X,3.842758893966675
2025-08-04,GBPUSD=X,5.961122512817383
2025-08-05,GBPUSD=X,6.6701130867004395
2025-08-06,GBPUSD=X,7.468080997467041
2025-08-07,GBPUSD=X,9.308441162109375
2025-08-08,GBPUSD=X,2.3322346210479736
2025-08-11,GBPUSD=X,1.5395771265029907
2025-08-12,GBPUSD=X,2.1488349437713623
2025-08-13,GBPUSD=X,4.185584545135498
2025-08-14,GBPUSD=X,1.438159704208374
2025-08-15,GBPUSD=X,-1.9222121238708496
2025-08-18,GBPUSD=X,-0.9440160393714905
2025-08-19,GBPUSD=X,5.844972610473633
2025-08-20,GBPUSD=X,13.357817649841309
2025-08-21,GBPUSD=X,14.826207160949707
2025-08-22,GBPUSD=X,12.366618156433105
2025-08-25,GBPUSD=X,13.033141136169434
2025-08-26,GBPUSD=X,10.531120300292969
2025-08-27,GBPUSD=X,8.820133209228516
2025-08-28,GBPUSD=X,8.008813858032227
2025-08-29,GBPUSD=X,7.43463659286499
2025-09-01,GBPUSD=X,7.948100566864014
2025-09-02,GBPUSD=X,6.907617568969727
2025-09-03,GBPUSD=X,-0.2106451690196991
2025-09-04,GBPUSD=X,-1.7081654071807861
2025-09-05,GBPUSD=X,0.3212520182132721
2025-09-08,GBPUSD=X,14.454078674316406
2025-09-09,GBPUSD=X,14.984000205993652
2025-09-10,GBPUSD=X,14.766736030578613
2025-09-11,GBPUSD=X,14.902488708496094
2025-09-12,GBPUSD=X,13.1551513671875
2025-09-15,GBPUSD=X,14.065309524536133
2025-09-16,GBPUSD=X,8.44168758392334
2025-09-17,GBPUSD=X,5.075153827667236
2025-09-18,GBPUSD=X,6.32743501663208
2025-09-19,GBPUSD=X,14.153605461120605
2025-09-22,GBPUSD=X,-0.7914520502090454
2025-09-23,GBPUSD=X,7.787354946136475
2025-09-24,GBPUSD=X,9.728799819946289
2025-09-25,GBPUSD=X,-0.34241408109664917
2025-09-26,GBPUSD=X,0.18894624710083008
2025-09-29,GBPUSD=X,0.5170081853866577
2025-09-30,GBPUSD=X,-0.5402234792709351
2025-10-01,GBPUSD=X,0.696106493473053
2025-10-02,GBPUSD=X,10.138702392578125
2025-10-03,GBPUSD=X,5.819342136383057
2025-10-06,GBPUSD=X,5.805884838104248
2025-10-07,GBPUSD=X,12.618986129760742
2025-10-08,GBPUSD=X,7.290717601776123
2025-10-09,GBPUSD=X,7.863163471221924
2025-10-10,GBPUSD=X,2.712932586669922
2025-10-13,GBPUSD=X,3.8703041076660156
2025-10-14,GBPUSD=X,5.409066200256348
2025-10-15,GBPUSD=X,5.7694597244262695
2025-10-16,GBPUSD=X,13.333008766174316
2025-10-17,GBPUSD=X,9.882726669311523
2025-10-20,GBPUSD=X,11.477985382080078
2025-10-21,GBPUSD=X,15.40183162689209
2025-10-22,GBPUSD=X,8.122410774230957
2025-10-23,GBPUSD=X,6.3678202629089355
2025-10-24,GBPUSD=X,-0.6269723176956177
2025-10-27,GBPUSD=X,-0.5517169833183289
2025-10-28,GBPUSD=X,2.0690789222717285
2025-10-29,GBPUSD=X,1.050559163093567
2025-10-30,GBPUSD=X,0.9965935945510864
2025-10-31,GBPUSD=X,1.848494529724121
2025-11-03,GBPUSD=X,3.396637201309204
2025-11-04,GBPUSD=X,5.407772064208984
2025-11-05,GBPUSD=X,6.524314880371094
2025-11-06,GBPUSD=X,8.093644142150879
2025-11-07,GBPUSD=X,9.846406936645508
2025-11-10,GBPUSD=X,10.681379318237305
2025-11-11,GBPUSD=X,11.526396751403809
2025-11-12,GBPUSD=X,11.566512107849121
2025-11-13,GBPUSD=X,11.333391189575195
2025-11-14,GBPUSD=X,11.899261474609375
2025-11-17,GBPUSD=X,12.605419158935547
2025-11-18,GBPUSD=X,15.818451881408691
2025-11-19,GBPUSD=X,-6.6277079582214355
2025-11-20,GBPUSD=X,11.291082382202148
2025-11-21,GBPUSD=X,11.749398231506348
2025-11-24,GBPUSD=X,12.073099136352539
2025-11-25,GBPUSD=X,12.1710205078125
2025-11-26,GBPUSD=X,16.75739288330078
2025-11-27,GBPUSD=X,15.479283332824707
2025-07-24,JPM,3.112090826034546
2025-07-25,JPM,1.2815883159637451
2025-07-28,JPM,0.5346654653549194
2025-07-29,JPM,1.0007416009902954
2025-07-30,JPM,-0.36010003089904785
2025-07-31,JPM,3.5932843685150146
2025-08-01,JPM,-0.22168926894664764
2025-08-04,JPM,3.494961738586426
2025-08-05,JPM,0.3503544330596924
2025-08-06,JPM,0.5010672211647034
2025-08-07,JPM,1.3677505254745483
2025-08-08,JPM,1.4732354879379272
2025-08-11,JPM,1.6266124248504639
2025-08-12,JPM,1.079898715019226
2025-08-13,JPM,1.5739463567733765
2025-08-14,JPM,4.320011138916016
2025-08-15,JPM,2.1753013134002686
2025-08-18,JPM,3.3187456130981445
2025-08-19,JPM,3.3457791805267334
2025-08-20,JPM,4.191924571990967
2025-08-21,JPM,4.016373157501221
2025-08-22,JPM,4.578710556030273
2025-08-25,JPM,4.494539260864258
2025-08-26,JPM,4.387182712554932
2025-08-27,JPM,4.130326747894287
2025-08-28,JPM,2.8680691719055176
2025-08-29,JPM,1.3765050172805786
2025-09-02,JPM,1.9131484031677246
2025-09-03,JPM,2.0769357681274414
2025-09-04,JPM,-0.047623161226511
2025-09-05,JPM,1.2692656517028809
2025-09-08,JPM,0.5012353658676147
2025-09-09,JPM,2.839411973953247
2025-09-10,JPM,3.207204818725586
2025-09-11,JPM,2.144256353378296
2025-09-12,JPM,2.533799886703491
2025-09-15,JPM,1.0371732711791992
2025-09-16,JPM,0.30200350284576416
2025-09-17,JPM,-0.5813580751419067
2025-09-18,JPM,-0.7567762732505798
2025-09-19,JPM,-0.8451725244522095
2025-09-22,JPM,-0.044727474451065063
2025-09-23,JPM,-0.10130635648965836
2025-09-24,JPM,0.2638476490974426
2025-09-25,JPM,3.0020456314086914
2025-09-26,JPM,-0.4931846857070923
2025-09-29,JPM,0.23392872512340546
2025-09-30,JPM,-0.5612180233001709
2025-10-01,JPM,1.138954997062683
2025-10-02,JPM,1.067781925201416
2025-10-03,JPM,-0.2482103556394577
2025-10-06,JPM,0.02162807062268257
2025-10-07,JPM,1.3719685077667236
2025-10-08,JPM,1.1493982076644897
2025-10-09,JPM,1.2981773614883423
2025-10-10,JPM,1.1170623302459717
2025-10-13,JPM,1.4059455394744873
2025-10-14,JPM,1.5191881656646729
2025-10-15,JPM,2.620701313018799
2025-10-16,JPM,1.5105209350585938
2025-10-17,JPM,1.551859974861145
2025-10-20,JPM,2.7611823081970215
2025-10-21,JPM,2.199193239212036
2025-10-22,JPM,2.145591974258423
2025-10-23,JPM,2.2198574542999268
2025-10-24,JPM,3.12790584564209
2025-10-27,JPM,-0.6800660490989685
2025-10-28,JPM,-0.15727762877941132
2025-10-29,JPM,1.0941189527511597
2025-10-30,JPM,1.0244479179382324
2025-10-31,JPM,1.2973196506500244
2025-11-03,JPM,0.25874829292297363
2025-11-04,JPM,0.46559426188468933
2025-11-05,JPM,1.8839311599731445
2025-11-06,JPM,0.7119277715682983
2025-11-07,JPM,1.8786582946777344
2025-11-10,JPM,2.162013530731201
2025-11-11,JPM,3.7040085792541504
2025-11-12,JPM,1.4876662492752075
2025-11-13,JPM,2.1468048095703125
2025-11-14,JPM,0.46348556876182556
2025-11-17,JPM,0.5944676995277405
2025-11-18,JPM,0.7774401903152466
2025-11-19,JPM,1.4515599012374878
2025-11-20,JPM,1.1497613191604614
2025-11-21,JPM,1.495782732963562
2025-11-24,JPM,1.931800127029419
2025-11-25,JPM,3.0072426795959473
2025-11-26,JPM,2.5914037227630615
2025-07-24,TSLA,-0.42540308833122253
2025-07-25,TSLA,1.3864693641662598
2025-07-28,TSLA,1.3896969556808472
2025-07-29,TSLA,1.370823860168457
2025-07-30,TSLA,1.2343811988830566
2025-07-31,TSLA,-0.2577587068080902
2025-08-01,TSLA,-0.27017268538475037
2025-08-04,TSLA,-0.4455389082431793
2025-08-05,TSLA,-0.3327731490135193
2025-08-06,TSLA,1.3872188329696655
2025-08-07,TSLA,1.487544298171997
2025-08-08,TSLA,1.4946540594100952
2025-08-11,TSLA,1.3783762454986572
2025-08-12,TSLA,1.4681824445724487
2025-08-13,TSLA,1.2391029596328735
2025-08-14,TSLA,1.457179069519043
2025-08-15,TSLA,1.5696206092834473
2025-08-18,TSLA,1.4689851999282837
2025-08-19,TSLA,1.5722182989120483
2025-08-20,TSLA,1.6000972986221313
2025-08-21,TSLA,0.8049122095108032
2025-08-22,TSLA,1.0691134929656982
2025-08-25,TSLA,1.2289656400680542
2025-08-26,TSLA,1.088612675666809
2025-08-27,TSLA,0.8480412364006042
2025-08-28,TSLA,0.9763022065162659
2025-08-29,TSLA,1.0492619276046753
2025-09-02,TSLA,0.7259169220924377
2025-09-03,TSLA,1.312234878540039
2025-09-04,TSLA,1.3829644918441772
2025-09-05,TSLA,1.0806678533554077
2025-09-08,TSLA,1.3980803489685059
2025-09-09,TSLA,1.3482576608657837
2025-09-10,TSLA,1.2775390148162842
2025-09-11,TSLA,0.5579185485839844
2025-09-12,TSLA,0.3003461956977844
2025-09-15,TSLA,-0.08385639637708664
2025-09-16,TSLA,-0.3178543150424957
2025-09-17,TSLA,-0.3128376007080078
2025-09-18,TSLA,-0.1283140927553177
2025-09-19,TSLA,-0.17175476253032684
2025-09-22,TSLA,-0.16437192261219025
2025-09-23,TSLA,0.15638607740402222
2025-09-24,TSLA,-0.21262744069099426
2025-09-25,TSLA,1.0070520639419556
2025-09-26,TSLA,-0.23346056044101715
2025-09-29,TSLA,-0.19144386053085327
2025-09-30,TSLA,-0.25712260603904724
2025-10-01,TSLA,-0.4082720875740051
2025-10-02,TSLA,1.1375705003738403
2025-10-03,TSLA,-0.05554618686437607
2025-10-06,TSLA,0.03125624731183052
2025-10-07,TSLA,0.03015505149960518
2025-10-08,TSLA,0.5353580713272095
2025-10-09,TSLA,0.007888454012572765
2025-10-10,TSLA,0.5637444853782654
2025-10-13,TSLA,0.12296050786972046
2025-10-14,TSLA,1.223246693611145
2025-10-15,TSLA,0.8515937924385071
2025-10-16,TSLA,1.760475754737854
2025-10-17,TSLA,1.6068986654281616
2025-10-20,TSLA,1.7420248985290527
2025-10-21,TSLA,1.8104835748672485
2025-10-22,TSLA,1.8449854850769043
2025-10-23,TSLA,1.6038113832473755
2025-10-24,TSLA,1.6116214990615845
2025-10-27,TSLA,1.3705250024795532
2025-10-28,TSLA,1.4976818561553955
2025-10-29,TSLA,1.5872501134872437
2025-10-30,TSLA,1.1548823118209839
2025-10-31,TSLA,1.0010236501693726
2025-11-03,TSLA,0.8720827102661133
2025-11-04,TSLA,1.2999026775360107
2025-11-05,TSLA,0.8365875482559204
2025-11-06,TSLA,1.0345146656036377
2025-11-07,TSLA,0.09258933365345001
2025-11-10,TSLA,1.0721834897994995
2025-11-11,TSLA,0.06634433567523956
2025-11-12,TSLA,0.23855623602867126
2025-11-13,TSLA,0.25365951657295227
2025-11-14,TSLA,0.2959328889846802
2025-11-17,TSLA,0.5563977956771851
2025-11-18,TSLA,0.6948503255844116
2025-11-19,TSLA,0.8235679268836975
2025-11-20,TSLA,0.8151758313179016
2025-11-21,TSLA,0.8822005987167358
2025-11-24,TSLA,1.1356122493743896
2025-11-25,TSLA,1.3671520948410034
2025-11-26,TSLA,-0.5608285665512085
2025-07-24,XOM,2.2677905559539795
2025-07-25,XOM,2.1982102394104004
2025-07-28,XOM,3.8199360370635986
2025-07-29,XOM,4.477323532104492
2025-07-30,XOM,4.358891010284424
2025-07-31,XOM,4.295235633850098
2025-08-01,XOM,1.496842861175537
2025-08-04,XOM,-1.0133775472640991
2025-08-05,XOM,0.11150318384170532
2025-08-06,XOM,0.6789271831512451
2025-08-07,XOM,1.071844220161438
2025-08-08,XOM,1.677443504333496
2025-08-11,XOM,1.864770531654358
2025-08-12,XOM,2.180964469909668
2025-08-13,XOM,2.760460138320923
2025-08-14,XOM,2.8622548580169678
2025-08-15,XOM,3.02362060546875
2025-08-18,XOM,3.282390832901001
2025-08-19,XOM,3.600426197052002
2025-08-20,XOM,-1.4845536947250366
2025-08-21,XOM,-1.0941532850265503
2025-08-22,XOM,-1.2245527505874634
2025-08-25,XOM,-0.8728180527687073
2025-08-26,XOM,-0.7559342980384827
2025-08-27,XOM,-1.1518594026565552
2025-08-28,XOM,-0.9609938859939575
2025-08-29,XOM,-0.24335846304893494
2025-09-02,XOM,0.09076693654060364
2025-09-03,XOM,3.9788177013397217
2025-09-04,XOM,4.456092357635498
2025-09-05,XOM,1.3358627557754517
2025-09-08,XOM,1.5693106651306152
2025-09-09,XOM,2.2769205570220947
2025-09-10,XOM,3.2594730854034424
2025-09-11,XOM,3.4239490032196045
2025-09-12,XOM,3.385845422744751
2025-09-15,XOM,3.731090545654297
2025-09-16,XOM,2.7525670528411865
2025-09-17,XOM,3.3319461345672607
2025-09-18,XOM,3.8804643154144287
2025-09-19,XOM,4.128195762634277
2025-09-22,XOM,3.017642021179199
2025-09-23,XOM,3.841970443725586
2025-09-24,XOM,3.8805103302001953
2025-09-25,XOM,3.686589241027832
2025-09-26,XOM,2.917691707611084
2025-09-29,XOM,2.990342855453491
2025-09-30,XOM,3.2643446922302246
2025-10-01,XOM,-0.8489553332328796
2025-10-02,XOM,-0.7438649535179138
2025-10-03,XOM,3.878636121749878
2025-10-06,XOM,4.385862827301025
2025-10-07,XOM,4.733428001403809
2025-10-08,XOM,4.819560527801514
2025-10-09,XOM,-1.1766133308410645
2025-10-10,XOM,-1.0585113763809204
2025-10-13,XOM,-1.617203950881958
2025-10-14,XOM,-1.5068682432174683
2025-10-15,XOM,-0.45214807987213135
2025-10-16,XOM,0.25432288646698
2025-10-17,XOM,2.1094858646392822
2025-10-20,XOM,3.3988187313079834
2025-10-21,XOM,4.030303478240967
2025-10-22,XOM,4.93472146987915
2025-10-23,XOM,4.341662406921387
2025-10-24,XOM,3.830981731414795
2025-10-27,XOM,2.7163500785827637
2025-10-28,XOM,3.6659672260284424
2025-10-29,XOM,1.0075246095657349
2025-10-30,XOM,3.96541428565979
2025-10-31,XOM,3.717222213745117
2025-11-03,XOM,4.690375804901123
2025-11-04,XOM,4.481100559234619
2025-11-05,XOM,2.7439475059509277
2025-11-06,XOM,3.6544008255004883
2025-11-07,XOM,2.526885986328125
2025-11-10,XOM,3.1139698028564453
2025-11-11,XOM,1.6394007205963135
2025-11-12,XOM,2.1965391635894775
2025-11-13,XOM,0.5129799842834473
2025-11-14,XOM,-0.4248672425746918
2025-11-17,XOM,2.3238840103149414
2025-11-18,XOM,-0.3652525544166565
2025-11-19,XOM,4.034825325012207
2025-11-20,XOM,3.6406309604644775
2025-11-21,XOM,3.602306604385376
2025-11-24,XOM,2.7356162071228027
2025-11-25,XOM,0.5865973234176636
2025-11-26,XOM,0.7127504348754883
2025-07-24,SPY,-1.2602030038833618
2025-07-25,SPY,-1.332573413848877
2025-07-28,SPY,-1.5248134136199951
2025-07-29,SPY,-1.417344093322754
2025-07-30,SPY,-0.710277259349823
2025-07-31,SPY,3.185706377029419
2025-08-01,SPY,1.630918264389038
2025-08-04,SPY,3.3244903087615967
2025-08-05,SPY,-0.30592766404151917
2025-08-06,SPY,4.748427391052246
2025-08-07,SPY,5.441230773925781
2025-08-08,SPY,3.953550100326538
2025-08-11,SPY,4.992938995361328
2025-08-12,SPY,2.9249978065490723
2025-08-13,SPY,2.992171287536621
2025-08-14,SPY,1.8209587335586548
2025-08-15,SPY,1.6265318393707275
2025-08-18,SPY,1.5552397966384888
2025-08-19,SPY,5.621026992797852
2025-08-20,SPY,5.808196067810059
2025-08-21,SPY,2.409491539001465
2025-08-22,SPY,2.089634418487549
2025-08-25,SPY,4.592806339263916
2025-08-26,SPY,2.9787678718566895
2025-08-27,SPY,2.094949245452881
2025-08-28,SPY,0.953061044216156
2025-08-29,SPY,4.2152886390686035
2025-09-02,SPY,1.8612096309661865
2025-09-03,SPY,4.904562473297119
2025-09-04,SPY,2.9172959327697754
2025-09-05,SPY,4.39675235748291
2025-09-08,SPY,2.9715843200683594
2025-09-09,SPY,1.7531399726867676
2025-09-10,SPY,0.4653075635433197
2025-09-11,SPY,-0.5723282694816589
2025-09-12,SPY,-0.7445176243782043
2025-09-15,SPY,-1.412091851234436
2025-09-16,SPY,-1.3720881938934326
2025-09-17,SPY,-1.2946250438690186
2025-09-18,SPY,-1.5724440813064575
2025-09-19,SPY,-1.607692837715149
2025-09-22,SPY,-1.7406010627746582
2025-09-23,SPY,-1.419091820716858
2025-09-24,SPY,3.6233158111572266
2025-09-25,SPY,3.8510303497314453
2025-09-26,SPY,4.543378829956055
2025-09-29,SPY,1.662813663482666
2025-09-30,SPY,-0.4411277174949646
2025-10-01,SPY,-0.36640089750289917
2025-10-02,SPY,-0.8063483238220215
2025-10-03,SPY,-1.1477773189544678
2025-10-06,SPY,-1.627782940864563
2025-10-07,SPY,-0.5128225684165955
2025-10-08,SPY,-1.8606854677200317
2025-10-09,SPY,-1.137603998184204
2025-10-10,SPY,1.4885796308517456
2025-10-13,SPY,-0.3457750082015991
2025-10-14,SPY,1.8652405738830566
2025-10-15,SPY,4.3493475914001465
2025-10-16,SPY,1.8719626665115356
2025-10-17,SPY,4.941070079803467
2025-10-20,SPY,6.317157745361328
2025-10-21,SPY,6.438095569610596
2025-10-22,SPY,6.4796319007873535
2025-10-23,SPY,6.20623254776001
2025-10-24,SPY,5.733795642852783
2025-10-27,SPY,4.735174655914307
2025-10-28,SPY,3.505753517150879
2025-10-29,SPY,1.9199212789535522
2025-10-30,SPY,5.885003089904785
2025-10-31,SPY,4.442237377166748
2025-11-03,SPY,3.4864816665649414
2025-11-04,SPY,6.128802299499512
2025-11-05,SPY,5.7000412940979
2025-11-06,SPY,1.9437270164489746
2025-11-07,SPY,1.062764048576355
2025-11-10,SPY,5.394279956817627
2025-11-11,SPY,5.56842041015625
2025-11-12,SPY,5.35252571105957
2025-11-13,SPY,0.49433934688568115
2025-11-14,SPY,0.9584953784942627
2025-11-17,SPY,0.8929439783096313
2025-11-18,SPY,0.5553776025772095
2025-11-19,SPY,0.8884866237640381
2025-11-20,SPY,1.3502882719039917
2025-11-21,SPY,2.4265823364257812
2025-11-24,SPY,1.4064693450927734
2025-11-25,SPY,2.7591049671173096
2025-11-26,SPY,6.328098773956299
2025-07-23,EURUSD=X,12.461743354797363
2025-07-24,EURUSD=X,12.766681671142578
2025-07-25,EURUSD=X,12.94298267364502
2025-07-28,EURUSD=X,12.992106437683105
2025-07-29,EURUSD=X,-4.167043685913086
2025-07-30,EURUSD=X,-5.325779914855957
2025-07-31,EURUSD=X,-5.123033046722412
2025-08-01,EURUSD=X,-2.0260848999023438
2025-08-04,EURUSD=X,-8.407861709594727
2025-08-05,EURUSD=X,-10.204416275024414
2025-08-06,EURUSD=X,-10.231301307678223
2025-08-07,EURUSD=X,11.660365104675293
2025-08-08,EURUSD=X,12.050629615783691
2025-08-11,EURUSD=X,12.019608497619629
2025-08-12,EURUSD=X,11.525793075561523
2025-08-13,EURUSD=X,11.59211540222168
2025-08-14,EURUSD=X,12.253719329833984
2025-08-15,EURUSD=X,12.653753280639648
2025-08-18,EURUSD=X,12.663908958435059
2025-08-19,EURUSD=X,12.937277793884277
2025-08-20,EURUSD=X,12.007862091064453
2025-08-21,EURUSD=X,10.155412673950195
2025-08-22,EURUSD=X,8.93155574798584
2025-08-25,EURUSD=X,9.821941375732422
2025-08-26,EURUSD=X,6.977323055267334
2025-08-27,EURUSD=X,6.430169105529785
2025-08-28,EURUSD=X,6.632869720458984
2025-08-29,EURUSD=X,7.538264751434326
2025-09-01,EURUSD=X,9.920063018798828
2025-09-02,EURUSD=X,9.979596138000488
2025-09-03,EURUSD=X,-1.8611289262771606
2025-09-04,EURUSD=X,7.730923175811768
2025-09-05,EURUSD=X,8.402324676513672
2025-09-08,EURUSD=X,9.719173431396484
2025-09-09,EURUSD=X,8.858549118041992
2025-09-10,EURUSD=X,11.417028427124023
2025-09-11,EURUSD=X,11.201809883117676
2025-09-12,EURUSD=X,7.934337139129639
2025-09-15,EURUSD=X,9.23588752746582
2025-09-16,EURUSD=X,6.0337605476379395
2025-09-17,EURUSD=X,3.651745319366455
2025-09-18,EURUSD=X,5.012711048126221
2025-09-19,EURUSD=X,6.807743549346924
2025-09-22,EURUSD=X,10.255653381347656
2025-09-23,EURUSD=X,5.899198532104492
2025-09-24,EURUSD=X,6.886937618255615
2025-09-25,EURUSD=X,5.650704860687256
2025-09-26,EURUSD=X,1.4580814838409424
2025-09-29,EURUSD=X,0.11231754720211029
2025-09-30,EURUSD=X,5.445096492767334
2025-10-01,EURUSD=X,5.785202980041504
2025-10-02,EURUSD=X,7.86116886138916
2025-10-03,EURUSD=X,2.308446168899536
2025-10-06,EURUSD=X,1.274514079093933
2025-10-07,EURUSD=X,1.1149123907089233
2025-10-08,EURUSD=X,1.878928303718567
2025-10-09,EURUSD=X,1.6702070236206055
2025-10-10,EURUSD=X,1.773129940032959
2025-10-13,EURUSD=X,3.8906943798065186
2025-10-14,EURUSD=X,5.710597038269043
2025-10-15,EURUSD=X,7.645201683044434
2025-10-16,EURUSD=X,9.100279808044434
2025-10-17,EURUSD=X,-0.5951033234596252
2025-10-20,EURUSD=X,7.34945011138916
2025-10-21,EURUSD=X,11.505949974060059
2025-10-22,EURUSD=X,8.371222496032715
2025-10-23,EURUSD=X,9.11602783203125
2025-10-24,EURUSD=X,10.0372896194458
2025-10-27,EURUSD=X,11.439240455627441
2025-10-28,EURUSD=X,14.04912281036377
2025-10-29,EURUSD=X,14.462014198303223
2025-10-30,EURUSD=X,5.554687976837158
2025-10-31,EURUSD=X,-5.600341320037842
2025-11-03,EURUSD=X,-7.9193115234375
2025-11-04,EURUSD=X,-4.526593208312988
2025-11-05,EURUSD=X,0.7658503651618958
2025-11-06,EURUSD=X,4.745133399963379
2025-11-07,EURUSD=X,6.84959602355957
2025-11-10,EURUSD=X,7.71494722366333
2025-11-11,EURUSD=X,9.6580171585083
2025-11-12,EURUSD=X,13.842184066772461
2025-11-13,EURUSD=X,15.213191986083984
2025-11-14,EURUSD=X,5.0231804847717285
2025-11-17,EURUSD=X,4.741775989532471
2025-11-18,EURUSD=X,1.839141845703125
2025-11-19,EURUSD=X,15.180682182312012
2025-11-20,EURUSD=X,11.032720565795898
2025-11-21,EURUSD=X,10.490213394165039
2025-11-24,EURUSD=X,5.561223030090332
2025-11-25,EURUSD=X,3.8982856273651123
2025-11-26,EURUSD=X,15.630325317382812
2025-11-27,EURUSD=X,16.037317276000977
2025-07-24,GLD,4.860037326812744
2025-07-25,GLD,3.576159954071045
2025-07-28,GLD,-0.8042147159576416
2025-07-29,GLD,-1.195003867149353
2025-07-30,GLD,-0.49951037764549255
2025-07-31,GLD,-0.3699379861354828
2025-08-01,GLD,4.4204792976379395
2025-08-04,GLD,5.883091926574707
2025-08-05,GLD,6.005403995513916
2025-08-06,GLD,5.987595558166504
2025-08-07,GLD,5.732580661773682
2025-08-08,GLD,5.752250671386719
2025-08-11,GLD,5.963604927062988
2025-08-12,GLD,5.829024314880371
2025-08-13,GLD,5.700517177581787
2025-08-14,GLD,5.434401988983154
2025-08-15,GLD,5.364770889282227
2025-08-18,GLD,5.037399768829346
2025-08-19,GLD,-2.3233859539031982
2025-08-20,GLD,5.247448921203613
2025-08-21,GLD,2.1550209522247314
2025-08-22,GLD,4.705534934997559
2025-08-25,GLD,5.554507255554199
2025-08-26,GLD,5.436509132385254
2025-08-27,GLD,5.7531962394714355
2025-08-28,GLD,5.046196460723877
2025-08-29,GLD,3.3434066772460938
2025-09-02,GLD,-0.07504530996084213
2025-09-03,GLD,-0.5805585384368896
2025-09-04,GLD,-0.34280362725257874
2025-09-05,GLD,-0.9192178845405579
2025-09-08,GLD,-0.9543378949165344
2025-09-09,GLD,-0.3259250223636627
2025-09-10,GLD,-0.08645959198474884
2025-09-11,GLD,0.34734538197517395
2025-09-12,GLD,1.7785179615020752
2025-09-15,GLD,-0.42642536759376526
2025-09-16,GLD,0.2861551344394684
2025-09-17,GLD,3.9649057388305664
2025-09-18,GLD,4.2889485359191895
2025-09-19,GLD,0.6205906867980957
2025-09-22,GLD,-0.19236184656620026
2025-09-23,GLD,-0.09540195018053055
2025-09-24,GLD,2.93239426612854
2025-09-25,GLD,0.4308151602745056
2025-09-26,GLD,-0.8280253410339355
2025-09-29,GLD,-0.8440284132957458
2025-09-30,GLD,-1.1969186067581177
2025-10-01,GLD,-1.4665684700012207
2025-10-02,GLD,-1.395179271697998
2025-10-03,GLD,-1.830184817314148
2025-10-06,GLD,-1.9650781154632568
2025-10-07,GLD,-2.034242868423462
2025-10-08,GLD,-2.0855000019073486
2025-10-09,GLD,-1.387525200843811
2025-10-10,GLD,-1.8812810182571411
2025-10-13,GLD,-1.8524589538574219
2025-10-14,GLD,-1.9923791885375977
2025-10-15,GLD,-2.1397175788879395
2025-10-16,GLD,-2.0904223918914795
2025-10-17,GLD,-1.651516318321228
2025-10-20,GLD,-1.852565050125122
2025-10-21,GLD,0.6992318034172058
2025-10-22,GLD,-0.693892776966095
2025-10-23,GLD,-0.7624114751815796
2025-10-24,GLD,-0.8709882497787476
2025-10-27,GLD,1.9927128553390503
2025-10-28,GLD,2.0723447799682617
2025-10-29,GLD,2.1716701984405518
2025-10-30,GLD,2.604142904281616
2025-10-31,GLD,2.6009509563446045
2025-11-03,GLD,2.894444704055786
2025-11-04,GLD,2.658189535140991
2025-11-05,GLD,3.224205493927002
2025-11-06,GLD,3.4747138023376465
2025-11-07,GLD,3.7846944332122803
2025-11-10,GLD,0.8743078708648682
2025-11-11,GLD,2.628371000289917
2025-11-12,GLD,2.4604365825653076
2025-11-13,GLD,3.1739108562469482
2025-11-14,GLD,2.7576522827148438
2025-11-17,GLD,4.661885738372803
2025-11-18,GLD,4.816542148590088
2025-11-19,GLD,4.707855224609375
2025-11-20,GLD,4.489528179168701
2025-11-21,GLD,4.465760707855225
2025-11-24,GLD,4.300594329833984
2025-11-25,GLD,4.658738136291504
2025-11-26,GLD,4.585139751434326
2025-07-23,GC=F,3.9625816345214844
2025-07-24,GC=F,4.83193826675415
2025-07-25,GC=F,-0.822685956954956
2025-07-28,GC=F,-0.7744661569595337
2025-07-29,GC=F,-1.3422642946243286
2025-07-30,GC=F,-0.5976924896240234
2025-07-31,GC=F,-0.3006690740585327
2025-08-01,GC=F,-0.2720588445663452
2025-08-04,GC=F,5.168651103973389
2025-08-05,GC=F,5.7366108894348145
2025-08-06,GC=F,5.890402793884277
2025-08-07,GC=F,5.794702529907227
2025-08-08,GC=F,5.326972961425781
2025-08-11,GC=F,4.110737323760986
2025-08-12,GC=F,5.327394008636475
2025-08-13,GC=F,5.736239433288574
2025-08-14,GC=F,1.2922229766845703
2025-08-15,GC=F,2.318643569946289
2025-08-18,GC=F,0.30983826518058777
2025-08-19,GC=F,-1.8734023571014404
2025-08-20,GC=F,1.5972551107406616
2025-08-21,GC=F,-1.3451350927352905
2025-08-22,GC=F,5.35195779800415
2025-08-25,GC=F,5.7891621589660645
2025-08-26,GC=F,5.796056270599365
2025-08-27,GC=F,5.743701934814453
2025-08-28,GC=F,5.309882640838623
2025-08-29,GC=F,5.301979064941406
2025-09-02,GC=F,-0.5928558111190796
2025-09-03,GC=F,-1.0400511026382446
2025-09-04,GC=F,-0.48755699396133423
2025-09-05,GC=F,-1.0011037588119507
2025-09-08,GC=F,-0.8988272547721863
2025-09-09,GC=F,-0.7199192047119141
2025-09-10,GC=F,-0.5699848532676697
2025-09-11,GC=F,-0.8376510143280029
2025-09-12,GC=F,-0.9734808206558228
2025-09-15,GC=F,-1.4651422500610352
2025-09-16,GC=F,-1.6448707580566406
2025-09-17,GC=F,-1.8956000804901123
2025-09-18,GC=F,-1.668910264968872
2025-09-19,GC=F,-2.1243832111358643
2025-09-22,GC=F,-2.065201997756958
2025-09-23,GC=F,-1.8032087087631226
2025-09-24,GC=F,-1.051646113395691
2025-09-25,GC=F,-1.6991212368011475
2025-09-26,GC=F,-2.354370594024658
2025-09-29,GC=F,-1.779550552368164
2025-09-30,GC=F,-2.0455992221832275
2025-10-01,GC=F,-2.225034713745117
2025-10-02,GC=F,-2.2587761878967285
2025-10-03,GC=F,-2.311460494995117
2025-10-06,GC=F,-2.2300069332122803
2025-10-07,GC=F,-2.267216205596924
2025-10-08,GC=F,-2.237312078475952
2025-10-09,GC=F,-2.292111396789551
2025-10-10,GC=F,-2.4034738540649414
2025-10-13,GC=F,-2.1242454051971436
2025-10-14,GC=F,-1.9956843852996826
2025-10-15,GC=F,-2.126850128173828
2025-10-16,GC=F,-2.2534120082855225
2025-10-17,GC=F,-2.4589922428131104
2025-10-20,GC=F,-2.340190887451172
2025-10-21,GC=F,-1.9588603973388672
2025-10-22,GC=F,-1.538502812385559
2025-10-23,GC=F,-2.0757956504821777
2025-10-24,GC=F,-1.7357550859451294
2025-10-27,GC=F,-1.0095553398132324
2025-10-28,GC=F,1.2660282850265503
2025-10-29,GC=F,1.3140990734100342
2025-10-30,GC=F,4.729660511016846
2025-10-31,GC=F,3.7974305152893066
2025-11-03,GC=F,4.904336929321289
2025-11-04,GC=F,4.388561248779297
2025-11-05,GC=F,4.7945170402526855
2025-11-06,GC=F,4.890422821044922
2025-11-07,GC=F,3.5720386505126953
2025-11-10,GC=F,2.2506823539733887
2025-11-11,GC=F,4.232616424560547
2025-11-12,GC=F,3.622619867324829
2025-11-13,GC=F,4.059650897979736
2025-11-14,GC=F,4.0236921310424805
2025-11-17,GC=F,4.278482913970947
2025-11-18,GC=F,4.263035297393799
2025-11-19,GC=F,4.250356197357178
2025-11-20,GC=F,4.252523422241211
2025-11-21,GC=F,4.286449909210205
2025-11-24,GC=F,4.431215763092041
2025-11-25,GC=F,4.435979843139648
2025-11-26,GC=F,4.6396331787109375
2025-07-23,HDFCBANK.NS,5.735842704772949
2025-07-24,HDFCBANK.NS,5.882777214050293
2025-07-25,HDFCBANK.NS,5.918504238128662
2025-07-28,HDFCBANK.NS,5.303637504577637
2025-07-29,HDFCBANK.NS,3.473424196243286
2025-07-30,HDFCBANK.NS,3.8974573612213135
2025-07-31,HDFCBANK.NS,4.846348285675049
2025-08-01,HDFCBANK.NS,6.161938667297363
2025-08-04,HDFCBANK.NS,4.56349515914917
2025-08-05,HDFCBANK.NS,-0.7152227759361267
2025-08-06,HDFCBANK.NS,3.72200345993042
2025-08-07,HDFCBANK.NS,4.3712077140808105
2025-08-08,HDFCBANK.NS,-0.3881168067455292
2025-08-11,HDFCBANK.NS,4.787519931793213
2025-08-12,HDFCBANK.NS,0.24029287695884705
2025-08-13,HDFCBANK.NS,0.7226917147636414
2025-08-14,HDFCBANK.NS,3.2489869594573975
2025-08-18,HDFCBANK.NS,6.4472784996032715
2025-08-19,HDFCBANK.NS,5.3556904792785645
2025-08-20,HDFCBANK.NS,4.769050598144531
2025-08-21,HDFCBANK.NS,5.926247596740723
2025-08-22,HDFCBANK.NS,-2.615048885345459
2025-08-25,HDFCBANK.NS,-0.3080575466156006
2025-08-26,HDFCBANK.NS,-0.2988128960132599
2025-08-28,HDFCBANK.NS,0.4298558831214905
2025-08-29,HDFCBANK.NS,0.9132665991783142
2025-09-01,HDFCBANK.NS,1.6540724039077759
2025-09-02,HDFCBANK.NS,2.252012014389038
2025-09-03,HDFCBANK.NS,2.860154151916504
2025-09-04,HDFCBANK.NS,3.4927597045898438
2025-09-05,HDFCBANK.NS,4.035637378692627
2025-09-08,HDFCBANK.NS,4.653510093688965
2025-09-09,HDFCBANK.NS,4.676652431488037
2025-09-10,HDFCBANK.NS,4.848153114318848
2025-09-11,HDFCBANK.NS,5.527761936187744
2025-09-12,HDFCBANK.NS,5.842696189880371
2025-09-15,HDFCBANK.NS,-2.6870996952056885
2025-09-16,HDFCBANK.NS,-2.785175085067749
2025-09-17,HDFCBANK.NS,-2.933682680130005
2025-09-18,HDFCBANK.NS,-1.915263295173645
2025-09-19,HDFCBANK.NS,-0.1968686431646347
2025-09-22,HDFCBANK.NS,3.6299922466278076
2025-09-23,HDFCBANK.NS,1.0622602701187134
2025-09-24,HDFCBANK.NS,-0.8736089468002319
2025-09-25,HDFCBANK.NS,-1.3533293008804321
2025-09-26,HDFCBANK.NS,-0.3939655125141144
2025-09-29,HDFCBANK.NS,1.8933310508728027
2025-09-30,HDFCBANK.NS,3.4057421684265137
2025-10-01,HDFCBANK.NS,2.043224811553955
2025-10-03,HDFCBANK.NS,6.375133514404297
2025-10-06,HDFCBANK.NS,7.267521858215332
2025-10-07,HDFCBANK.NS,7.19784688949585
2025-10-08,HDFCBANK.NS,7.21233606338501
2025-10-09,HDFCBANK.NS,6.958993434906006
2025-10-10,HDFCBANK.NS,5.7221269607543945
2025-10-13,HDFCBANK.NS,7.4755659103393555
2025-10-14,HDFCBANK.NS,7.696160316467285
2025-10-15,HDFCBANK.NS,7.679680824279785
2025-10-16,HDFCBANK.NS,4.00559663772583
2025-10-17,HDFCBANK.NS,4.895625114440918
2025-10-20,HDFCBANK.NS,5.4966139793396
2025-10-21,HDFCBANK.NS,3.5760855674743652
2025-10-23,HDFCBANK.NS,2.588303804397583
2025-10-24,HDFCBANK.NS,5.1976447105407715
2025-10-27,HDFCBANK.NS,1.8780860900878906
2025-10-28,HDFCBANK.NS,3.3772032260894775
2025-10-29,HDFCBANK.NS,0.5670742392539978
2025-10-30,HDFCBANK.NS,4.824683666229248
2025-10-31,HDFCBANK.NS,1.0997686386108398
2025-11-03,HDFCBANK.NS,5.060241222381592
2025-11-04,HDFCBANK.NS,1.8674103021621704
2025-11-06,HDFCBANK.NS,1.5029492378234863
2025-11-07,HDFCBANK.NS,1.9871808290481567
2025-11-10,HDFCBANK.NS,2.4100680351257324
2025-11-11,HDFCBANK.NS,3.349815607070923
2025-11-12,HDFCBANK.NS,2.769861936569214
2025-11-13,HDFCBANK.NS,2.3095409870147705
2025-11-14,HDFCBANK.NS,3.8576912879943848
2025-11-17,HDFCBANK.NS,6.544116020202637
2025-11-18,HDFCBANK.NS,7.3416829109191895
2025-11-19,HDFCBANK.NS,7.542848587036133
2025-11-20,HDFCBANK.NS,6.596710205078125
2025-11-21,HDFCBANK.NS,6.421409606933594
2025-11-24,HDFCBANK.NS,6.722092151641846
2025-11-25,HDFCBANK.NS,6.541100025177002
2025-11-26,HDFCBANK.NS,5.728565692901611
2025-11-27,HDFCBANK.NS,6.336854457855225
2025-07-24,AMZN,-0.47511452436447144
2025-07-25,AMZN,-0.32994329929351807
2025-07-28,AMZN,-0.6272242665290833
2025-07-29,AMZN,-0.31142234802246094
2025-07-30,AMZN,0.8240818381309509
2025-07-31,AMZN,-0.7891380190849304
2025-08-01,AMZN,0.7353187203407288
2025-08-04,AMZN,0.7698522210121155
2025-08-05,AMZN,0.9504052400588989
2025-08-06,AMZN,0.5768885016441345
2025-08-07,AMZN,-0.0022927154786884785
2025-08-08,AMZN,0.7129416465759277
2025-08-11,AMZN,2.438974380493164
2025-08-12,AMZN,2.4913530349731445
2025-08-13,AMZN,2.723266363143921
2025-08-14,AMZN,2.951199531555176
2025-08-15,AMZN,3.024353265762329
2025-08-18,AMZN,2.961155891418457
2025-08-19,AMZN,2.938692569732666
2025-08-20,AMZN,2.935913562774658
2025-08-21,AMZN,2.7365951538085938
2025-08-22,AMZN,3.1322808265686035
2025-08-25,AMZN,3.255439281463623
2025-08-26,AMZN,3.161172866821289
2025-08-27,AMZN,2.940546989440918
2025-08-28,AMZN,2.9954988956451416
2025-08-29,AMZN,2.903576135635376
2025-09-02,AMZN,1.581835150718689
2025-09-03,AMZN,1.6908717155456543
2025-09-04,AMZN,1.7151685953140259
2025-09-05,AMZN,2.5747902393341064
2025-09-08,AMZN,1.9713705778121948
2025-09-09,AMZN,1.2135907411575317
2025-09-10,AMZN,2.289776563644409
2025-09-11,AMZN,1.74669349193573
2025-09-12,AMZN,0.9442871809005737
2025-09-15,AMZN,2.475651264190674
2025-09-16,AMZN,2.3605093955993652
2025-09-17,AMZN,2.796243906021118
2025-09-18,AMZN,2.7209041118621826
2025-09-19,AMZN,2.784278392791748
2025-09-22,AMZN,-0.311757355928421
2025-09-23,AMZN,-0.23817358911037445
2025-09-24,AMZN,-0.09579695761203766
2025-09-25,AMZN,0.4704875648021698
2025-09-26,AMZN,0.8514788150787354
2025-09-29,AMZN,1.4500105381011963
2025-09-30,AMZN,1.4792649745941162
2025-10-01,AMZN,1.7594735622406006
2025-10-02,AMZN,2.034721851348877
2025-10-03,AMZN,1.8633135557174683
2025-10-06,AMZN,2.174635648727417
2025-10-07,AMZN,2.323554754257202
2025-10-08,AMZN,3.066528558731079
2025-10-09,AMZN,-0.6891206502914429
2025-10-10,AMZN,1.2370437383651733
2025-10-13,AMZN,2.367522954940796
2025-10-14,AMZN,1.6814535856246948
2025-10-15,AMZN,1.2457866668701172
2025-10-16,AMZN,0.9076385498046875
2025-10-17,AMZN,0.7139029502868652
2025-10-20,AMZN,1.2078803777694702
2025-10-21,AMZN,-0.2634628713130951
2025-10-22,AMZN,-2.8764305114746094
2025-10-23,AMZN,3.527811288833618
2025-10-24,AMZN,3.5689117908477783
2025-10-27,AMZN,3.1669118404388428
2025-10-28,AMZN,2.8072397708892822
2025-10-29,AMZN,1.375507116317749
2025-10-30,AMZN,1.71930992603302
2025-10-31,AMZN,-0.4930255711078644
2025-11-03,AMZN,-0.15427398681640625
2025-11-04,AMZN,-0.011985963210463524
2025-11-05,AMZN,0.27024340629577637
2025-11-06,AMZN,2.4461302757263184
2025-11-07,AMZN,2.1462721824645996
2025-11-10,AMZN,1.2260949611663818
2025-11-11,AMZN,1.296570062637329
2025-11-12,AMZN,2.463437557220459
2025-11-13,AMZN,2.412419319152832
2025-11-14,AMZN,0.7098236083984375
2025-11-17,AMZN,0.38107630610466003
2025-11-18,AMZN,0.7832117676734924
2025-11-19,AMZN,0.8902485370635986
2025-11-20,AMZN,1.1124638319015503
2025-11-21,AMZN,1.3918012380599976
2025-11-24,AMZN,1.6569606065750122
2025-11-25,AMZN,2.025808095932007
2025-11-26,AMZN,2.1798791885375977
2025-07-24,UNH,1.187877893447876
2025-07-25,UNH,1.2575774192810059
2025-07-28,UNH,1.367138385772705
2025-07-29,UNH,1.0804715156555176
2025-07-30,UNH,1.1520854234695435
2025-07-31,UNH,1.0502792596817017
2025-08-01,UNH,1.02498459815979
2025-08-04,UNH,1.1161569356918335
2025-08-05,UNH,1.300191879272461
2025-08-06,UNH,1.3208094835281372
2025-08-07,UNH,1.33489191532135
2025-08-08,UNH,1.4213181734085083
2025-08-11,UNH,1.4830322265625
2025-08-12,UNH,1.6734521389007568
2025-08-13,UNH,-1.0580936670303345
2025-08-14,UNH,-1.0610493421554565
2025-08-15,UNH,-0.9682690501213074
2025-08-18,UNH,-0.800510585308075
2025-08-19,UNH,-0.8681608438491821
2025-08-20,UNH,-0.6474751234054565
2025-08-21,UNH,-0.44154250621795654
2025-08-22,UNH,-0.24743422865867615
2025-08-25,UNH,0.5339959859848022
2025-08-26,UNH,1.901046872138977
2025-08-27,UNH,2.13617205619812
2025-08-28,UNH,2.1042802333831787
2025-08-29,UNH,1.984885334968567
2025-09-02,UNH,1.95699143409729
2025-09-03,UNH,1.385963797569275
2025-09-04,UNH,0.17512378096580505
2025-09-05,UNH,0.2028200775384903
2025-09-08,UNH,0.08235087990760803
2025-09-09,UNH,0.5804310441017151
2025-09-10,UNH,0.7939772009849548
2025-09-11,UNH,0.14742214977741241
2025-09-12,UNH,-0.0018873608205467463
2025-09-15,UNH,0.15042418241500854
2025-09-16,UNH,1.2824879884719849
2025-09-17,UNH,1.2585724592208862
2025-09-18,UNH,1.6095185279846191
2025-09-19,UNH,1.6011162996292114
2025-09-22,UNH,1.5343401432037354
2025-09-23,UNH,0.9527710676193237
2025-09-24,UNH,0.5347486734390259
2025-09-25,UNH,1.3591923713684082
2025-09-26,UNH,1.203376293182373
2025-09-29,UNH,1.754854440689087
2025-09-30,UNH,1.8886213302612305
2025-10-01,UNH,1.40199613571167
2025-10-02,UNH,1.0135462284088135
2025-10-03,UNH,1.3023264408111572
2025-10-06,UNH,1.106912612915039
2025-10-07,UNH,0.006454318296164274
2025-10-08,UNH,-0.3813764750957489
2025-10-09,UNH,-0.3519597053527832
2025-10-10,UNH,1.8135020732879639
2025-10-13,UNH,1.791551113128662
2025-10-14,UNH,1.7302825450897217
2025-10-15,UNH,1.6411821842193604
2025-10-16,UNH,1.6642378568649292
2025-10-17,UNH,1.5015766620635986
2025-10-20,UNH,0.8757696151733398
2025-10-21,UNH,1.3629320859909058
2025-10-22,UNH,2.027679443359375
2025-10-23,UNH,1.631668210029602
2025-10-24,UNH,1.9635289907455444
2025-10-27,UNH,1.775537133216858
2025-10-28,UNH,1.5813937187194824
2025-10-29,UNH,0.31521040201187134
2025-10-30,UNH,0.4457504153251648
2025-10-31,UNH,0.23621851205825806
2025-11-03,UNH,0.6608821749687195
2025-11-04,UNH,0.9658173322677612
2025-11-05,UNH,1.1625951528549194
2025-11-06,UNH,1.2704631090164185
2025-11-07,UNH,1.4550127983093262
2025-11-10,UNH,1.5340136289596558
2025-11-11,UNH,1.6457804441452026
2025-11-12,UNH,1.806442379951477
2025-11-13,UNH,1.774380087852478
2025-11-14,UNH,1.6711910963058472
2025-11-17,UNH,1.6940956115722656
2025-11-18,UNH,1.6578788757324219
2025-11-19,UNH,1.6357423067092896
2025-11-20,UNH,1.7037640810012817
2025-11-21,UNH,1.8415729999542236
2025-11-24,UNH,1.8598157167434692
2025-11-25,UNH,1.6380960941314697
2025-11-26,UNH,-1.0394952297210693
2025-07-24,META,2.4618842601776123
2025-07-25,META,2.2687528133392334
2025-07-28,META,2.7772061824798584
2025-07-29,META,0.3724302053451538
2025-07-30,META,0.5567401051521301
2025-07-31,META,1.3348277807235718
2025-08-01,META,2.2474660873413086
2025-08-04,META,1.561957597732544
2025-08-05,META,1.8109183311462402
2025-08-06,META,1.1587367057800293
2025-08-07,META,1.8342095613479614
2025-08-08,META,1.57338285446167
2025-08-11,META,1.9203368425369263
2025-08-12,META,1.0185728073120117
2025-08-13,META,1.6447560787200928
2025-08-14,META,1.48031747341156
2025-08-15,META,1.4721280336380005
2025-08-18,META,2.5909066200256348
2025-08-19,META,0.9705442786216736
2025-08-20,META,0.714611828327179
2025-08-21,META,0.8019263744354248
2025-08-22,META,0.342908650636673
2025-08-25,META,1.3840895891189575
2025-08-26,META,1.2662187814712524
2025-08-27,META,0.33251532912254333
2025-08-28,META,0.7648956179618835
2025-08-29,META,0.36096686124801636
2025-09-02,META,0.796446681022644
2025-09-03,META,1.1949812173843384
2025-09-04,META,1.5581839084625244
2025-09-05,META,2.5053513050079346
2025-09-08,META,2.389979124069214
2025-09-09,META,2.4643478393554688
2025-09-10,META,2.0731987953186035
2025-09-11,META,2.6084184646606445
2025-09-12,META,2.8388915061950684
2025-09-15,META,2.4366273880004883
2025-09-16,META,1.5341010093688965
2025-09-17,META,1.9159349203109741
2025-09-18,META,0.5305436849594116
2025-09-19,META,0.9284076690673828
2025-09-22,META,2.8668227195739746
2025-09-23,META,1.3434776067733765
2025-09-24,META,2.151853322982788
2025-09-25,META,0.1513049453496933
2025-09-26,META,0.31562602519989014
2025-09-29,META,0.46993011236190796
2025-09-30,META,0.6125581860542297
2025-10-01,META,0.7472131848335266
2025-10-02,META,0.9978342652320862
2025-10-03,META,1.244543194770813
2025-10-06,META,1.58004891872406
2025-10-07,META,1.7122992277145386
2025-10-08,META,1.8288730382919312
2025-10-09,META,2.2138235569000244
2025-10-10,META,1.735045313835144
2025-10-13,META,1.9656559228897095
2025-10-14,META,1.95849609375
2025-10-15,META,2.2424941062927246
2025-10-16,META,2.1623551845550537
2025-10-17,META,2.417865753173828
2025-10-20,META,-1.1798443794250488
2025-10-21,META,-0.8026441335678101
2025-10-22,META,-0.8906614184379578
2025-10-23,META,-0.5667583346366882
2025-10-24,META,-0.4469272494316101
2025-10-27,META,0.7536476850509644
2025-10-28,META,0.6104592680931091
2025-10-29,META,0.7994983792304993
2025-10-30,META,-0.22145842015743256
2025-10-31,META,-0.38934779167175293
2025-11-03,META,-0.43083512783050537
2025-11-04,META,0.0504213348031044
2025-11-05,META,0.702025294303894
2025-11-06,META,1.0134243965148926
2025-11-07,META,1.4138041734695435
2025-11-10,META,1.7167729139328003
2025-11-11,META,1.7737582921981812
2025-11-12,META,1.7140623331069946
2025-11-13,META,1.7734477519989014
2025-11-14,META,1.8827544450759888
2025-11-17,META,1.9016579389572144
2025-11-18,META,2.08431077003479
2025-11-19,META,2.025876522064209
2025-11-20,META,2.0495681762695312
2025-11-21,META,2.1095292568206787
2025-11-24,META,2.32635235786438
2025-11-25,META,-1.4698350429534912
2025-11-26,META,-1.2842142581939697
2025-09-09,^NSEI,8.920012474060059
2025-09-10,^NSEI,9.15643310546875
2025-09-11,^NSEI,9.25529956817627
2025-09-12,^NSEI,9.386344909667969
2025-09-15,^NSEI,9.379785537719727
2025-09-16,^NSEI,8.560885429382324
2025-09-17,^NSEI,4.336760520935059
2025-09-18,^NSEI,-0.5018364191055298
2025-09-19,^NSEI,-2.114441394805908
2025-09-22,^NSEI,-4.537905216217041
2025-09-23,^NSEI,-5.297156810760498
2025-09-24,^NSEI,-5.974674224853516
2025-09-25,^NSEI,-5.212390422821045
2025-09-26,^NSEI,5.0235209465026855
2025-09-29,^NSEI,5.834124565124512
2025-09-30,^NSEI,6.417178153991699
2025-10-01,^NSEI,10.650077819824219
2025-10-03,^NSEI,9.542004585266113
2025-10-06,^NSEI,6.770502090454102
2025-10-07,^NSEI,7.161295413970947
2025-10-08,^NSEI,7.455746173858643
2025-10-09,^NSEI,6.205352783203125
2025-10-10,^NSEI,4.8456268310546875
2025-10-13,^NSEI,5.547121047973633
2025-10-14,^NSEI,6.175461769104004
2025-10-15,^NSEI,4.887146472930908
2025-10-16,^NSEI,1.59126615524292
2025-10-17,^NSEI,-0.5164833068847656
2025-10-20,^NSEI,-1.6851370334625244
2025-10-21,^NSEI,-2.651348829269409
2025-10-23,^NSEI,-3.7195370197296143
2025-10-24,^NSEI,-5.0760345458984375
2025-10-27,^NSEI,-6.09395170211792
2025-10-28,^NSEI,-6.83451509475708
2025-10-29,^NSEI,-7.172433376312256
2025-10-30,^NSEI,-7.305055618286133
2025-10-31,^NSEI,-6.445366859436035
2025-11-03,^NSEI,-6.929635524749756
2025-11-04,^NSEI,-3.383204460144043
2025-11-06,^NSEI,-2.144984245300293
2025-11-07,^NSEI,-1.1563295125961304
2025-11-10,^NSEI,-0.7963934540748596
2025-11-11,^NSEI,-1.479557991027832
2025-11-12,^NSEI,1.534377098083496
2025-11-13,^NSEI,4.50033712387085
2025-11-14,^NSEI,5.535192489624023
2025-11-17,^NSEI,5.425754547119141
2025-11-18,^NSEI,5.595748424530029
2025-11-19,^NSEI,4.748431205749512
2025-11-20,^NSEI,4.727371692657471
2025-11-21,^NSEI,5.175100803375244
2025-11-24,^NSEI,4.222287654876709
2025-11-25,^NSEI,1.3979982137680054
2025-11-26,^NSEI,4.603615760803223
2025-11-27,^NSEI,7.306848526000977
2025-12-23,DX-Y.NYB,12.002891540527344
2025-12-24,DX-Y.NYB,9.538026809692383
2025-12-26,DX-Y.NYB,7.021566390991211
2025-12-29,DX-Y.NYB,6.897870063781738
2025-12-30,DX-Y.NYB,7.661289691925049
2025-12-31,DX-Y.NYB,8.97768497467041
2026-01-02,DX-Y.NYB,15.446516990661621
2026-01-05,DX-Y.NYB,-2.377415895462036
2026-01-06,DX-Y.NYB,0.014115824364125729
2026-01-07,DX-Y.NYB,3.967796802520752
2026-01-08,DX-Y.NYB,6.674997806549072
2026-01-09,DX-Y.NYB,8.29837703704834
2026-01-12,DX-Y.NYB,5.690060138702393
2026-01-13,DX-Y.NYB,3.499424934387207
2026-01-14,DX-Y.NYB,4.704923629760742
2026-01-15,DX-Y.NYB,2.4674482345581055
2026-01-16,DX-Y.NYB,2.309220552444458
2026-01-20,DX-Y.NYB,6.164552211761475
2026-01-21,DX-Y.NYB,10.521719932556152
2026-01-22,DX-Y.NYB,7.782673358917236
2026-01-23,DX-Y.NYB,16.459991455078125
2026-01-26,DX-Y.NYB,16.88203239440918
2026-01-27,DX-Y.NYB,17.440200805664062
2026-01-28,DX-Y.NYB,18.221878051757812
2026-01-29,DX-Y.NYB,18.650104522705078
2026-01-30,DX-Y.NYB,9.93250846862793
2026-02-02,DX-Y.NYB,4.12021017074585
2026-02-03,DX-Y.NYB,7.439055919647217
2026-02-04,DX-Y.NYB,7.312136650085449
2026-02-05,DX-Y.NYB,11.898608207702637
2026-02-06,DX-Y.NYB,3.0151541233062744
2026-02-09,DX-Y.NYB,1.825310468673706
2026-02-10,DX-Y.NYB,2.292185068130493
2026-02-11,DX-Y.NYB,6.2349042892456055
2026-02-12,DX-Y.NYB,7.023850917816162
2026-02-13,DX-Y.NYB,6.6522440910339355
2026-02-17,DX-Y.NYB,2.517686128616333
2026-02-18,DX-Y.NYB,2.690469264984131
2026-02-19,DX-Y.NYB,5.2368011474609375
2026-02-20,DX-Y.NYB,5.022392272949219
2026-02-23,DX-Y.NYB,4.978523254394531
2026-02-24,DX-Y.NYB,6.636532306671143
2026-02-25,DX-Y.NYB,7.771740913391113
2026-02-26,DX-Y.NYB,7.970856666564941
2026-02-27,DX-Y.NYB,8.829305648803711
2026-03-02,DX-Y.NYB,9.202554702758789
2026-03-03,DX-Y.NYB,9.63949966430664
2026-03-04,DX-Y.NYB,9.827527046203613
2026-03-05,DX-Y.NYB,4.730831623077393
2026-03-06,DX-Y.NYB,6.46523904800415
2026-03-09,DX-Y.NYB,4.647225379943848
2026-03-10,DX-Y.NYB,10.677472114562988
2026-03-11,DX-Y.NYB,5.410141944885254
2026-03-12,DX-Y.NYB,3.2520601749420166
2026-03-13,DX-Y.NYB,0.6448419690132141
2026-03-16,DX-Y.NYB,7.814425468444824
2026-03-17,DX-Y.NYB,10.731541633605957
2026-03-18,DX-Y.NYB,3.6043951511383057
2026-03-19,DX-Y.NYB,8.277006149291992
2026-03-20,DX-Y.NYB,9.724037170410156
2026-03-23,DX-Y.NYB,2.137538194656372
2026-03-24,DX-Y.NYB,10.733488082885742
2026-03-25,DX-Y.NYB,11.264970779418945
2026-03-26,DX-Y.NYB,9.349994659423828
2026-03-27,DX-Y.NYB,8.28092098236084
2026-03-30,DX-Y.NYB,7.013217926025391
2026-03-31,DX-Y.NYB,10.634696960449219
2026-04-01,DX-Y.NYB,9.688240051269531
2026-04-02,DX-Y.NYB,10.823409080505371
2026-04-06,DX-Y.NYB,11.82047176361084
2026-04-07,DX-Y.NYB,10.376100540161133
2026-04-08,DX-Y.NYB,9.360107421875
2026-04-09,DX-Y.NYB,11.222490310668945
2026-04-10,DX-Y.NYB,12.668952941894531
2026-04-13,DX-Y.NYB,15.084894180297852
2026-04-14,DX-Y.NYB,17.646629333496094
2026-04-15,DX-Y.NYB,17.085771560668945
2026-04-16,DX-Y.NYB,13.052720069885254
2026-04-17,DX-Y.NYB,12.611498832702637
2026-04-20,DX-Y.NYB,10.30329704284668
2026-04-21,DX-Y.NYB,2.322889566421509
2026-04-22,DX-Y.NYB,2.8584964275360107
2026-04-23,DX-Y.NYB,5.416036605834961
2026-04-24,DX-Y.NYB,6.178534507751465
2026-04-27,DX-Y.NYB,7.314322471618652
2026-04-28,DX-Y.NYB,-2.4004385471343994
2026-04-29,DX-Y.NYB,-1.3392549753189087
2025-12-23,GBPUSD=X,2.6892476081848145
2025-12-24,GBPUSD=X,2.4762585163116455
2025-12-26,GBPUSD=X,4.438513278961182
2025-12-29,GBPUSD=X,5.946893215179443
2025-12-30,GBPUSD=X,5.360844612121582
2025-12-31,GBPUSD=X,10.89991283416748
2026-01-02,GBPUSD=X,11.50763988494873
2026-01-05,GBPUSD=X,11.056861877441406
2026-01-06,GBPUSD=X,6.805583477020264
2026-01-07,GBPUSD=X,10.894424438476562
2026-01-08,GBPUSD=X,10.651816368103027
2026-01-09,GBPUSD=X,10.080085754394531
2026-01-12,GBPUSD=X,9.14542007446289
2026-01-13,GBPUSD=X,11.4558744430542
2026-01-14,GBPUSD=X,-1.5664759874343872
2026-01-15,GBPUSD=X,-7.829117298126221
2026-01-16,GBPUSD=X,7.328449249267578
2026-01-19,GBPUSD=X,0.20327380299568176
2026-01-20,GBPUSD=X,-4.636987686157227
2026-01-21,GBPUSD=X,-7.062012195587158
2026-01-22,GBPUSD=X,-3.5732734203338623
2026-01-23,GBPUSD=X,10.846012115478516
2026-01-26,GBPUSD=X,12.244384765625
2026-01-27,GBPUSD=X,11.57735824584961
2026-01-28,GBPUSD=X,6.687833786010742
2026-01-29,GBPUSD=X,2.94560170173645
2026-01-30,GBPUSD=X,2.7497060298919678
2026-02-02,GBPUSD=X,10.925735473632812
2026-02-03,GBPUSD=X,11.428004264831543
2026-02-04,GBPUSD=X,11.544039726257324
2026-02-05,GBPUSD=X,11.37233829498291
2026-02-06,GBPUSD=X,9.758831024169922
2026-02-09,GBPUSD=X,11.123467445373535
2026-02-10,GBPUSD=X,11.383204460144043
2026-02-11,GBPUSD=X,10.594036102294922
2026-02-12,GBPUSD=X,10.862689018249512
2026-02-13,GBPUSD=X,10.988666534423828
2026-02-16,GBPUSD=X,10.784649848937988
2026-02-17,GBPUSD=X,10.417816162109375
2026-02-18,GBPUSD=X,6.0637712478637695
2026-02-19,GBPUSD=X,7.199178695678711
2026-02-20,GBPUSD=X,8.312227249145508
2026-02-23,GBPUSD=X,0.580109179019928
2026-02-24,GBPUSD=X,3.6307668685913086
2026-02-25,GBPUSD=X,3.4679043292999268
2026-02-26,GBPUSD=X,-2.1785192489624023
2026-02-27,GBPUSD=X,3.5468335151672363
2026-03-02,GBPUSD=X,9.797687530517578
2026-03-03,GBPUSD=X,6.36964750289917
2026-03-04,GBPUSD=X,11.19996452331543
2026-03-05,GBPUSD=X,9.26991081237793
2026-03-06,GBPUSD=X,7.902841567993164
2026-03-09,GBPUSD=X,10.678421974182129
2026-03-10,GBPUSD=X,4.528687477111816
2026-03-11,GBPUSD=X,5.165584564208984
2026-03-12,GBPUSD=X,6.003409385681152
2026-03-13,GBPUSD=X,5.699552059173584
2026-03-16,GBPUSD=X,9.336000442504883
2026-03-17,GBPUSD=X,3.164293050765991
2026-03-18,GBPUSD=X,5.014588356018066
2026-03-19,GBPUSD=X,5.8777174949646
2026-03-20,GBPUSD=X,9.057966232299805
2026-03-23,GBPUSD=X,11.099385261535645
2026-03-24,GBPUSD=X,1.1925517320632935
2026-03-25,GBPUSD=X,2.2976043224334717
2026-03-26,GBPUSD=X,1.4756121635437012
2026-03-27,GBPUSD=X,2.955831289291382
2026-03-30,GBPUSD=X,0.9729887247085571
2026-03-31,GBPUSD=X,0.9997779726982117
2026-04-01,GBPUSD=X,-2.115650177001953
2026-04-02,GBPUSD=X,-2.8382675647735596
2026-04-03,GBPUSD=X,-0.5204585194587708
2026-04-06,GBPUSD=X,-0.512778639793396
2026-04-07,GBPUSD=X,-3.044713258743286
2026-04-08,GBPUSD=X,8.79299259185791
2026-04-09,GBPUSD=X,7.561864376068115
2026-04-10,GBPUSD=X,6.6780619621276855
2026-04-13,GBPUSD=X,5.927823543548584
2026-04-14,GBPUSD=X,6.390511989593506
2026-04-15,GBPUSD=X,6.751327037811279
2026-04-16,GBPUSD=X,5.6666259765625
2026-04-17,GBPUSD=X,6.125277519226074
2026-04-20,GBPUSD=X,7.7201762199401855
2026-04-21,GBPUSD=X,6.982982158660889
2026-04-22,GBPUSD=X,8.699766159057617
2026-04-23,GBPUSD=X,9.517233848571777
2026-04-24,GBPUSD=X,9.616165161132812
2026-04-27,GBPUSD=X,9.261839866638184
2026-04-28,GBPUSD=X,9.76341724395752
2026-04-29,GBPUSD=X,11.26257038116455
2025-12-23,AAPL,2.2803847789764404
2025-12-24,AAPL,0.6250200271606445
2025-12-26,AAPL,1.3227965831756592
2025-12-29,AAPL,1.191199779510498
2025-12-30,AAPL,1.0917527675628662
2025-12-31,AAPL,1.0686055421829224
2026-01-02,AAPL,0.7248998880386353
2026-01-05,AAPL,2.309680938720703
2026-01-06,AAPL,3.264603614807129
2026-01-07,AAPL,3.510103225708008
2026-01-08,AAPL,3.5599963665008545
2026-01-09,AAPL,3.6472203731536865
2026-01-12,AAPL,3.6368954181671143
2026-01-13,AAPL,3.0218424797058105
2026-01-14,AAPL,3.3312628269195557
2026-01-15,AAPL,3.729823350906372
2026-01-16,AAPL,3.9395089149475098
2026-01-20,AAPL,3.7107739448547363
2026-01-21,AAPL,3.8339641094207764
2026-01-22,AAPL,3.8494231700897217
2026-01-23,AAPL,3.7022218704223633
2026-01-26,AAPL,2.1973989009857178
2026-01-27,AAPL,2.5353333950042725
2026-01-28,AAPL,3.6530401706695557
2026-01-29,AAPL,-0.7213221788406372
2026-01-30,AAPL,-0.6946221590042114
2026-02-02,AAPL,0.6051450371742249
2026-02-03,AAPL,0.5737252831459045
2026-02-04,AAPL,0.5830027461051941
2026-02-05,AAPL,0.1582479625940323
2026-02-06,AAPL,-0.12825891375541687
2026-02-09,AAPL,0.6353453397750854
2026-02-10,AAPL,1.1235405206680298
2026-02-11,AAPL,1.2745015621185303
2026-02-12,AAPL,1.41213858127594
2026-02-13,AAPL,3.0336623191833496
2026-02-17,AAPL,2.916280508041382
2026-02-18,AAPL,2.477281093597412
2026-02-19,AAPL,0.06386231631040573
2026-02-20,AAPL,2.7486281394958496
2026-02-23,AAPL,2.8016724586486816
2026-02-24,AAPL,2.8588156700134277
2026-02-25,AAPL,2.7039687633514404
2026-02-26,AAPL,2.8416354656219482
2026-02-27,AAPL,2.0869410037994385
2026-03-02,AAPL,2.493053436279297
2026-03-03,AAPL,2.484682321548462
2026-03-04,AAPL,-0.9273302555084229
2026-03-05,AAPL,-0.8040143847465515
2026-03-06,AAPL,0.6899311542510986
2026-03-09,AAPL,-1.0455776453018188
2026-03-10,AAPL,-1.659082055091858
2026-03-11,AAPL,-1.3869668245315552
2026-03-12,AAPL,2.000915050506592
2026-03-13,AAPL,2.5624191761016846
2026-03-16,AAPL,2.697573184967041
2026-03-17,AAPL,1.6411190032958984
2026-03-18,AAPL,1.8282384872436523
2026-03-19,AAPL,2.8858208656311035
2026-03-20,AAPL,3.096771001815796
2026-03-23,AAPL,1.10276460647583
2026-03-24,AAPL,1.5107123851776123
2026-03-25,AAPL,1.844718098640442
2026-03-26,AAPL,1.7498453855514526
2026-03-27,AAPL,1.595568299293518
2026-03-30,AAPL,1.9854366779327393
2026-03-31,AAPL,3.010706663131714
2026-04-01,AAPL,2.260436534881592
2026-04-02,AAPL,0.5651519894599915
2026-04-06,AAPL,0.8336929678916931
2026-04-07,AAPL,0.3528217673301697
2026-04-08,AAPL,1.6810929775238037
2026-04-09,AAPL,2.2743425369262695
2026-04-10,AAPL,2.1739823818206787
2026-04-13,AAPL,2.00638484954834
2026-04-14,AAPL,2.152524709701538
2026-04-15,AAPL,1.31269109249115
2026-04-16,AAPL,1.9628803730010986
2026-04-17,AAPL,0.7589111328125
2026-04-20,AAPL,0.7435633540153503
2026-04-21,AAPL,2.3319709300994873
2026-04-22,AAPL,0.10615816712379456
2026-04-23,AAPL,0.5308265089988708
2026-04-24,AAPL,1.4814841747283936
2026-04-27,AAPL,2.440117359161377
2026-04-28,AAPL,1.8907251358032227
2026-04-29,AAPL,2.598898410797119
2025-12-23,XOM,3.3229522705078125
2025-12-24,XOM,3.314311981201172
2025-12-26,XOM,3.248007297515869
2025-12-29,XOM,2.347304582595825
2025-12-30,XOM,2.183469533920288
2025-12-31,XOM,2.419255018234253
2026-01-02,XOM,0.745077908039093
2026-01-05,XOM,0.3708721995353699
2026-01-06,XOM,3.672079086303711
2026-01-07,XOM,0.8967399001121521
2026-01-08,XOM,1.2762689590454102
2026-01-09,XOM,0.9830712080001831
2026-01-12,XOM,1.6113338470458984
2026-01-13,XOM,0.23858696222305298
2026-01-14,XOM,-0.3742099702358246
2026-01-15,XOM,0.27609461545944214
2026-01-16,XOM,0.25234493613243103
2026-01-20,XOM,0.39733701944351196
2026-01-21,XOM,-0.19777944684028625
2026-01-22,XOM,0.2203584760427475
2026-01-23,XOM,0.2634409964084625
2026-01-26,XOM,0.9076159596443176
2026-01-27,XOM,0.5044664144515991
2026-01-28,XOM,-0.40296560525894165
2026-01-29,XOM,-0.7520471811294556
2026-01-30,XOM,-0.7336611151695251
2026-02-02,XOM,1.7164130210876465
2026-02-03,XOM,-0.41413429379463196
2026-02-04,XOM,-0.3611007332801819
2026-02-05,XOM,0.4570707082748413
2026-02-06,XOM,-0.007566569373011589
2026-02-09,XOM,0.0630917102098465
2026-02-10,XOM,0.6113294959068298
2026-02-11,XOM,0.32383984327316284
2026-02-12,XOM,2.173920154571533
2026-02-13,XOM,2.900214195251465
2026-02-17,XOM,3.008166551589966
2026-02-18,XOM,2.44004225730896
2026-02-19,XOM,2.6678097248077393
2026-02-20,XOM,2.945401191711426
2026-02-23,XOM,2.689401149749756
2026-02-24,XOM,2.897489309310913
2026-02-25,XOM,2.9587860107421875
2026-02-26,XOM,2.9117002487182617
2026-02-27,XOM,2.559448003768921
2026-03-02,XOM,2.472353935241699
2026-03-03,XOM,2.8867924213409424
2026-03-04,XOM,2.890591859817505
2026-03-05,XOM,3.0138959884643555
2026-03-06,XOM,3.115562915802002
2026-03-09,XOM,3.0344855785369873
2026-03-10,XOM,3.008629083633423
2026-03-11,XOM,3.1657814979553223
2026-03-12,XOM,3.1803648471832275
2026-03-13,XOM,3.0884406566619873
2026-03-16,XOM,2.7917428016662598
2026-03-17,XOM,1.5520468950271606
2026-03-18,XOM,1.4864670038223267
2026-03-19,XOM,1.1666756868362427
2026-03-20,XOM,0.7509652972221375
2026-03-23,XOM,0.6683378219604492
2026-03-24,XOM,-0.3772747218608856
2026-03-25,XOM,0.3558529019355774
2026-03-26,XOM,-0.18180695176124573
2026-03-27,XOM,-0.7879160642623901
2026-03-30,XOM,-0.6192258596420288
2026-03-31,XOM,0.0025602164678275585
2026-04-01,XOM,1.718825340270996
2026-04-02,XOM,2.619555950164795
2026-04-06,XOM,2.8925867080688477
2026-04-07,XOM,2.896920680999756
2026-04-08,XOM,3.3412532806396484
2026-04-09,XOM,3.5838441848754883
2026-04-10,XOM,3.675755739212036
2026-04-13,XOM,3.6372733116149902
2026-04-14,XOM,3.8327033519744873
2026-04-15,XOM,3.8793396949768066
2026-04-16,XOM,2.873164176940918
2026-04-17,XOM,3.8299946784973145
2026-04-20,XOM,2.7433178424835205
2026-04-21,XOM,1.2484835386276245
2026-04-22,XOM,1.3128905296325684
2026-04-23,XOM,1.1951340436935425
2026-04-24,XOM,1.8569985628128052
2026-04-27,XOM,1.6301652193069458
2026-04-28,XOM,1.8536444902420044
2026-04-29,XOM,1.4776746034622192
2025-12-23,^NSEI,4.092919826507568
2025-12-24,^NSEI,4.271677494049072
2025-12-26,^NSEI,4.106998920440674
2025-12-29,^NSEI,4.968241214752197
2025-12-30,^NSEI,5.83729362487793
2025-12-31,^NSEI,5.797398090362549
2026-01-01,^NSEI,5.877163887023926
2026-01-02,^NSEI,5.606252670288086
2026-01-05,^NSEI,5.241125583648682
2026-01-06,^NSEI,5.310693740844727
2026-01-07,^NSEI,5.531408309936523
2026-01-08,^NSEI,6.344796180725098
2026-01-09,^NSEI,10.986443519592285
2026-01-12,^NSEI,8.781759262084961
2026-01-13,^NSEI,9.07754898071289
2026-01-14,^NSEI,8.66928768157959
2026-01-16,^NSEI,7.12868595123291
2026-01-19,^NSEI,8.706853866577148
2026-01-20,^NSEI,8.532710075378418
2026-01-21,^NSEI,5.449460506439209
2026-01-22,^NSEI,-2.35219144821167
2026-01-23,^NSEI,-3.453150510787964
2026-01-27,^NSEI,-3.4444334506988525
2026-01-28,^NSEI,-1.8576871156692505
2026-01-29,^NSEI,-0.14437061548233032
2026-01-30,^NSEI,-0.8004072308540344
2026-02-02,^NSEI,-2.715925931930542
2026-02-03,^NSEI,3.26769757270813
2026-02-04,^NSEI,4.322298526763916
2026-02-05,^NSEI,2.80810546875
2026-02-06,^NSEI,3.8527379035949707
2026-02-09,^NSEI,6.063097953796387
2026-02-10,^NSEI,6.849085330963135
2026-02-11,^NSEI,6.6807708740234375
2026-02-12,^NSEI,6.370030879974365
2026-02-13,^NSEI,2.034834384918213
2026-02-16,^NSEI,4.427923679351807
2026-02-17,^NSEI,5.559062957763672
2026-02-18,^NSEI,6.479832649230957
2026-02-19,^NSEI,2.623284101486206
2026-02-20,^NSEI,1.6810791492462158
2026-02-23,^NSEI,4.429595947265625
2026-02-24,^NSEI,-1.3290163278579712
2026-02-25,^NSEI,0.8763887286186218
2026-02-26,^NSEI,1.8266478776931763
2026-02-27,^NSEI,-2.5681815147399902
2026-03-02,^NSEI,-3.994319200515747
2026-03-04,^NSEI,-3.724213123321533
2026-03-05,^NSEI,-1.437117338180542
2026-03-06,^NSEI,-2.5664379596710205
2026-03-09,^NSEI,-3.1392383575439453
2026-03-10,^NSEI,-3.0258359909057617
2026-03-11,^NSEI,-3.2223737239837646
2026-03-12,^NSEI,-3.4267475605010986
2026-03-13,^NSEI,-3.4555861949920654
2026-03-16,^NSEI,-3.463670253753662
2026-03-17,^NSEI,-3.4864180088043213
2026-03-18,^NSEI,-3.4710605144500732
2026-03-19,^NSEI,-3.104261636734009
2026-03-20,^NSEI,-3.081667900085449
2026-03-23,^NSEI,-2.978557825088501
2026-03-24,^NSEI,-2.891754388809204
2026-03-25,^NSEI,-2.7760748863220215
2026-03-27,^NSEI,-2.514585494995117
2026-03-30,^NSEI,-2.369424819946289
2026-04-01,^NSEI,-2.396254777908325
2026-04-02,^NSEI,-2.3440945148468018
2026-04-06,^NSEI,-2.2094738483428955
2026-04-07,^NSEI,-2.002501964569092
2026-04-08,^NSEI,-1.8643397092819214
2026-04-09,^NSEI,-1.4623702764511108
2026-04-10,^NSEI,-1.409922480583191
2026-04-13,^NSEI,-1.0182877779006958
2026-04-15,^NSEI,-1.0385457277297974
2026-04-16,^NSEI,-0.7010544538497925
2026-04-17,^NSEI,-0.6698979735374451
2026-04-20,^NSEI,-0.448976069688797
2026-04-21,^NSEI,0.24529720842838287
2026-04-22,^NSEI,0.6539230942726135
2026-04-23,^NSEI,1.0953915119171143
2026-04-24,^NSEI,1.3240708112716675
2026-04-27,^NSEI,2.4216344356536865
2026-04-28,^NSEI,-1.1176025867462158
2026-04-29,^NSEI,-0.347789466381073
2025-12-23,QQQ,3.2420849800109863
2025-12-24,QQQ,3.138719320297241
2025-12-26,QQQ,3.178523540496826
2025-12-29,QQQ,3.12519907951355
2025-12-30,QQQ,3.1737043857574463
2025-12-31,QQQ,3.193589925765991
2026-01-02,QQQ,3.2927024364471436
2026-01-05,QQQ,3.532560110092163
2026-01-06,QQQ,3.695040225982666
2026-01-07,QQQ,3.633462905883789
2026-01-08,QQQ,3.5144312381744385
2026-01-09,QQQ,3.927623987197876
2026-01-12,QQQ,4.345301151275635
2026-01-13,QQQ,4.352595329284668
2026-01-14,QQQ,3.4491474628448486
2026-01-15,QQQ,4.462990760803223
2026-01-16,QQQ,4.336670875549316
2026-01-20,QQQ,0.20628434419631958
2026-01-21,QQQ,-1.3764019012451172
2026-01-22,QQQ,4.1514811515808105
2026-01-23,QQQ,3.5719053745269775
2026-01-26,QQQ,3.6266369819641113
2026-01-27,QQQ,3.658759832382202
2026-01-28,QQQ,3.5389437675476074
2026-01-29,QQQ,3.512286901473999
2026-01-30,QQQ,3.1075477600097656
2026-02-02,QQQ,3.905822992324829
2026-02-03,QQQ,4.013185501098633
2026-02-04,QQQ,1.9208229780197144
2026-02-05,QQQ,2.1584348678588867
2026-02-06,QQQ,-1.350733757019043
2026-02-09,QQQ,-1.7405585050582886
2026-02-10,QQQ,-0.23962140083312988
2026-02-11,QQQ,0.19972091913223267
2026-02-12,QQQ,1.4714953899383545
2026-02-13,QQQ,0.35928595066070557
2026-02-17,QQQ,-0.3108409345149994
2026-02-18,QQQ,-0.8321669697761536
2026-02-19,QQQ,-0.6863529682159424
2026-02-20,QQQ,-0.1346924602985382
2026-02-23,QQQ,0.24410012364387512
2026-02-24,QQQ,2.712815284729004
2026-02-25,QQQ,2.195347547531128
2026-02-26,QQQ,1.5467936992645264
2026-02-27,QQQ,1.609007477760315
2026-03-02,QQQ,2.5656986236572266
2026-03-03,QQQ,-1.6918506622314453
2026-03-04,QQQ,4.091040134429932
2026-03-05,QQQ,4.264317989349365
2026-03-06,QQQ,-1.6119855642318726
2026-03-09,QQQ,4.345358371734619
2026-03-10,QQQ,4.547016620635986
2026-03-11,QQQ,4.478355407714844
2026-03-12,QQQ,-0.7691634297370911
2026-03-13,QQQ,-0.7327393889427185
2026-03-16,QQQ,-3.007765054702759
2026-03-17,QQQ,-2.333664655685425
2026-03-18,QQQ,-0.7904562950134277
2026-03-19,QQQ,-0.9713978171348572
2026-03-20,QQQ,0.6284801363945007
2026-03-23,QQQ,-0.5803466439247131
2026-03-24,QQQ,0.6756688952445984
2026-03-25,QQQ,0.1339443475008011
2026-03-26,QQQ,2.5231382846832275
2026-03-27,QQQ,3.2803025245666504
2026-03-30,QQQ,3.7447850704193115
2026-03-31,QQQ,0.955054759979248
2026-04-01,QQQ,1.4229035377502441
2026-04-02,QQQ,2.643789529800415
2026-04-06,QQQ,0.26367783546447754
2026-04-07,QQQ,-0.39157333970069885
2026-04-08,QQQ,0.9748108983039856
2026-04-09,QQQ,1.2644720077514648
2026-04-10,QQQ,1.3274091482162476
2026-04-13,QQQ,1.0897190570831299
2026-04-14,QQQ,0.9853929281234741
2026-04-15,QQQ,0.5854102969169617
2026-04-16,QQQ,0.6959689855575562
2026-04-17,QQQ,0.7207760810852051
2026-04-20,QQQ,1.3388935327529907
2026-04-21,QQQ,1.935378074645996
2026-04-22,QQQ,0.634671151638031
2026-04-23,QQQ,1.9214437007904053
2026-04-24,QQQ,0.554264485836029
2026-04-27,QQQ,1.0867202281951904
2026-04-28,QQQ,3.07149338722229
2026-04-29,QQQ,2.360288381576538
2025-12-23,TSLA,0.739454448223114
2025-12-24,TSLA,0.7752264142036438
2025-12-26,TSLA,1.317915439605713
2025-12-29,TSLA,0.9545221328735352
2025-12-30,TSLA,1.0245734453201294
2025-12-31,TSLA,1.1497142314910889
2026-01-02,TSLA,1.433601975440979
2026-01-05,TSLA,-0.32258307933807373
2026-01-06,TSLA,1.3740590810775757
2026-01-07,TSLA,1.3449022769927979
2026-01-08,TSLA,0.8530874252319336
2026-01-09,TSLA,-0.12151458859443665
2026-01-12,TSLA,-0.34936997294425964
2026-01-13,TSLA,-0.06796484440565109
2026-01-14,TSLA,-0.1267036646604538
2026-01-15,TSLA,-0.3252715766429901
2026-01-16,TSLA,-0.2864961326122284
2026-01-20,TSLA,0.17742596566677094
2026-01-21,TSLA,0.5421702265739441
2026-01-22,TSLA,1.605708122253418
2026-01-23,TSLA,0.8094931840896606
2026-01-26,TSLA,0.1630147397518158
2026-01-27,TSLA,0.21830002963542938
2026-01-28,TSLA,0.4978102445602417
2026-01-29,TSLA,-0.11651497334241867
2026-01-30,TSLA,-0.21998827159404755
2026-02-02,TSLA,-0.2646690011024475
2026-02-03,TSLA,-0.11854226142168045
2026-02-04,TSLA,-0.009822332300245762
2026-02-05,TSLA,0.21626485884189606
2026-02-06,TSLA,-0.2815414369106293
2026-02-09,TSLA,-0.30453336238861084
2026-02-10,TSLA,0.03740573674440384
2026-02-11,TSLA,1.1550008058547974
2026-02-12,TSLA,0.2559358477592468
2026-02-13,TSLA,0.3414160907268524
2026-02-17,TSLA,0.17929419875144958
2026-02-18,TSLA,0.3217056393623352
2026-02-19,TSLA,1.8746976852416992
2026-02-20,TSLA,0.5764902830123901
2026-02-23,TSLA,0.08368874341249466
2026-02-24,TSLA,0.09776347875595093
2026-02-25,TSLA,0.6049199104309082
2026-02-26,TSLA,-0.24752306938171387
2026-02-27,TSLA,-0.31920602917671204
2026-03-02,TSLA,-0.7188023328781128
2026-03-03,TSLA,0.13736142218112946
2026-03-04,TSLA,0.01606808789074421
2026-03-05,TSLA,0.14162802696228027
2026-03-06,TSLA,-0.08427532762289047
2026-03-09,TSLA,-0.2523868680000305
2026-03-10,TSLA,-0.12484873831272125
2026-03-11,TSLA,0.37302589416503906
2026-03-12,TSLA,-0.25082165002822876
2026-03-13,TSLA,-0.46674808859825134
2026-03-16,TSLA,-0.6680413484573364
2026-03-17,TSLA,-0.1469344049692154
2026-03-18,TSLA,-0.21529889106750488
2026-03-19,TSLA,0.057656388729810715
2026-03-20,TSLA,0.28850269317626953
2026-03-23,TSLA,-0.28592050075531006
2026-03-24,TSLA,0.04401954635977745
2026-03-25,TSLA,0.5688182711601257
2026-03-26,TSLA,0.5603406429290771
2026-03-27,TSLA,0.6368080377578735
2026-03-30,TSLA,0.6924700736999512
2026-03-31,TSLA,0.32869020104408264
2026-04-01,TSLA,0.46216142177581787
2026-04-02,TSLA,0.3336130380630493
2026-04-06,TSLA,0.07174467295408249
2026-04-07,TSLA,-0.06236635148525238
2026-04-08,TSLA,-0.054206881672143936
2026-04-09,TSLA,-0.11269170790910721
2026-04-10,TSLA,-0.10217133909463882
2026-04-13,TSLA,0.2172657549381256
2026-04-14,TSLA,0.6358872056007385
2026-04-15,TSLA,1.0737940073013306
2026-04-16,TSLA,0.5864855647087097
2026-04-17,TSLA,0.5541259050369263
2026-04-20,TSLA,0.5833889842033386
2026-04-21,TSLA,0.6363108158111572
2026-04-22,TSLA,0.7575884461402893
2026-04-23,TSLA,0.8254855275154114
2026-04-24,TSLA,1.061861515045166
2026-04-27,TSLA,1.2494813203811646
2026-04-28,TSLA,1.2938354015350342
2026-04-29,TSLA,1.364489197731018
2025-12-23,TLT,3.9506046772003174
2025-12-24,TLT,2.8796818256378174
2025-12-26,TLT,0.8538969159126282
2025-12-29,TLT,0.4002750813961029
2025-12-30,TLT,0.8109073638916016
2025-12-31,TLT,-2.6651358604431152
2026-01-02,TLT,-0.3084045946598053
2026-01-05,TLT,-3.204132080078125
2026-01-06,TLT,-2.7711594104766846
2026-01-07,TLT,5.06814432144165
2026-01-08,TLT,-3.0606436729431152
2026-01-09,TLT,6.5715861320495605
2026-01-12,TLT,6.650970935821533
2026-01-13,TLT,6.598915100097656
2026-01-14,TLT,8.056660652160645
2026-01-15,TLT,7.87500524520874
2026-01-16,TLT,6.1099443435668945
2026-01-20,TLT,2.0351312160491943
2026-01-21,TLT,-2.735741138458252
2026-01-22,TLT,6.573592185974121
2026-01-23,TLT,6.411020278930664
2026-01-26,TLT,6.829194068908691
2026-01-27,TLT,6.23069429397583
2026-01-28,TLT,5.6797990798950195
2026-01-29,TLT,6.6597676277160645
2026-01-30,TLT,-1.8346248865127563
2026-02-02,TLT,-1.4619476795196533
2026-02-03,TLT,-3.1873257160186768
2026-02-04,TLT,-2.218559741973877
2026-02-05,TLT,3.6329989433288574
2026-02-06,TLT,6.435976028442383
2026-02-09,TLT,6.185061454772949
2026-02-10,TLT,6.688722133636475
2026-02-11,TLT,6.751657009124756
2026-02-12,TLT,5.625303745269775
2026-02-13,TLT,4.665153503417969
2026-02-17,TLT,3.371793270111084
2026-02-18,TLT,3.1383326053619385
2026-02-19,TLT,2.3432364463806152
2026-02-20,TLT,4.38322639465332
2026-02-23,TLT,3.182115316390991
2026-02-24,TLT,3.3907134532928467
2026-02-25,TLT,4.358628749847412
2026-02-26,TLT,3.1696078777313232
2026-02-27,TLT,1.0128488540649414
2026-03-02,TLT,7.962918281555176
2026-03-03,TLT,7.831524848937988
2026-03-04,TLT,5.820927619934082
2026-03-05,TLT,3.953929901123047
2026-03-06,TLT,6.378047943115234
2026-03-09,TLT,-4.22351598739624
2026-03-10,TLT,7.410158634185791
2026-03-11,TLT,8.935933113098145
2026-03-12,TLT,8.760515213012695
2026-03-13,TLT,10.293203353881836
2026-03-16,TLT,6.8686933517456055
2026-03-17,TLT,3.117624044418335
2026-03-18,TLT,6.2444634437561035
2026-03-19,TLT,2.6952781677246094
2026-03-20,TLT,6.172104358673096
2026-03-23,TLT,3.6278865337371826
2026-03-24,TLT,3.814453363418579
2026-03-25,TLT,2.332367181777954
2026-03-26,TLT,2.4891915321350098
2026-03-27,TLT,3.9628093242645264
2026-03-30,TLT,3.9025306701660156
2026-03-31,TLT,4.210968017578125
2026-04-01,TLT,4.978635787963867
2026-04-02,TLT,1.277335286140442
2026-04-06,TLT,0.9651589393615723
2026-04-07,TLT,0.719794750213623
2026-04-08,TLT,3.791935682296753
2026-04-09,TLT,2.2360239028930664
2026-04-10,TLT,3.1353299617767334
2026-04-13,TLT,4.3856000900268555
2026-04-14,TLT,6.877861976623535
2026-04-15,TLT,6.640183448791504
2026-04-16,TLT,4.5750274658203125
2026-04-17,TLT,7.204535961151123
2026-04-20,TLT,7.867111682891846
2026-04-21,TLT,5.706412315368652
2026-04-22,TLT,7.65860652923584
2026-04-23,TLT,4.584488868713379
2026-04-24,TLT,8.039263725280762
2026-04-27,TLT,0.26662445068359375
2026-04-28,TLT,-2.1320059299468994
2026-04-29,TLT,0.31407204270362854
2025-12-23,SPY,3.957592010498047
2025-12-24,SPY,3.9808220863342285
2025-12-26,SPY,3.9225704669952393
2025-12-29,SPY,4.3189520835876465
2025-12-30,SPY,4.709006309509277
2025-12-31,SPY,4.603161334991455
2026-01-02,SPY,4.8588128089904785
2026-01-05,SPY,4.832632541656494
2026-01-06,SPY,3.6383144855499268
2026-01-07,SPY,4.635049343109131
2026-01-08,SPY,4.884511947631836
2026-01-09,SPY,3.0281081199645996
2026-01-12,SPY,3.0804316997528076
2026-01-13,SPY,3.857769727706909
2026-01-14,SPY,5.4820427894592285
2026-01-15,SPY,5.001326084136963
2026-01-16,SPY,5.422985076904297
2026-01-20,SPY,3.301213264465332
2026-01-21,SPY,4.637118816375732
2026-01-22,SPY,5.35170316696167
2026-01-23,SPY,4.499896049499512
2026-01-26,SPY,4.715300559997559
2026-01-27,SPY,4.223466396331787
2026-01-28,SPY,4.317458629608154
2026-01-29,SPY,4.460412979125977
2026-01-30,SPY,4.482851505279541
2026-02-02,SPY,4.276529788970947
2026-02-03,SPY,4.380174160003662
2026-02-04,SPY,3.352362632751465
2026-02-05,SPY,0.3347281217575073
2026-02-06,SPY,4.816812992095947
2026-02-09,SPY,4.994516372680664
2026-02-10,SPY,3.7661261558532715
2026-02-11,SPY,3.9317071437835693
2026-02-12,SPY,-0.38222065567970276
2026-02-13,SPY,-1.1725355386734009
2026-02-17,SPY,-2.2074673175811768
2026-02-18,SPY,-2.34982967376709
2026-02-19,SPY,-1.7988758087158203
2026-02-20,SPY,4.400510787963867
2026-02-23,SPY,-1.7836207151412964
2026-02-24,SPY,4.295176029205322
2026-02-25,SPY,4.693505764007568
2026-02-26,SPY,4.4346418380737305
2026-02-27,SPY,4.089888095855713
2026-03-02,SPY,5.120948791503906
2026-03-03,SPY,-2.510067939758301
2026-03-04,SPY,-2.7297956943511963
2026-03-05,SPY,-3.6559066772460938
2026-03-06,SPY,-0.17715002596378326
2026-03-09,SPY,-2.7286016941070557
2026-03-10,SPY,-2.1021173000335693
2026-03-11,SPY,-1.1592336893081665
2026-03-12,SPY,1.8632410764694214
2026-03-13,SPY,2.748684883117676
2026-03-16,SPY,-0.16610503196716309
2026-03-17,SPY,0.3938714861869812
2026-03-18,SPY,2.5889625549316406
2026-03-19,SPY,2.8503153324127197
2026-03-20,SPY,4.405546188354492
2026-03-23,SPY,1.4736173152923584
2026-03-24,SPY,2.4552693367004395
2026-03-25,SPY,2.3354132175445557
2026-03-26,SPY,3.9836747646331787
2026-03-27,SPY,4.768319606781006
2026-03-30,SPY,5.120859146118164
2026-03-31,SPY,2.0885002613067627
2026-04-01,SPY,2.5892937183380127
2026-04-02,SPY,4.219207763671875
2026-04-06,SPY,-0.07015427201986313
2026-04-07,SPY,-0.20990057289600372
2026-04-08,SPY,1.7484737634658813
2026-04-09,SPY,2.1379427909851074
2026-04-10,SPY,2.206164598464966
2026-04-13,SPY,1.7189375162124634
2026-04-14,SPY,1.3017810583114624
2026-04-15,SPY,0.8175711631774902
2026-04-16,SPY,1.1907209157943726
2026-04-17,SPY,1.2095232009887695
2026-04-20,SPY,2.059492349624634
2026-04-21,SPY,3.5840821266174316
2026-04-22,SPY,2.1736676692962646
2026-04-23,SPY,3.923626184463501
2026-04-24,SPY,2.798980951309204
2026-04-27,SPY,2.896759271621704
2026-04-28,SPY,4.6289381980896
2026-04-29,SPY,4.763183116912842
2025-12-23,INFY.NS,0.21706463396549225
2025-12-24,INFY.NS,0.4904541075229645
2025-12-26,INFY.NS,1.3939950466156006
2025-12-29,INFY.NS,2.5718836784362793
2025-12-30,INFY.NS,3.2627334594726562
2025-12-31,INFY.NS,0.32880672812461853
2026-01-01,INFY.NS,3.3078885078430176
2026-01-02,INFY.NS,3.255556106567383
2026-01-05,INFY.NS,3.901468515396118
2026-01-06,INFY.NS,2.7144742012023926
2026-01-07,INFY.NS,0.3600483238697052
2026-01-08,INFY.NS,3.047048568725586
2026-01-09,INFY.NS,2.6957716941833496
2026-01-12,INFY.NS,4.0953755378723145
2026-01-13,INFY.NS,3.4470739364624023
2026-01-14,INFY.NS,3.3454926013946533
2026-01-15,INFY.NS,3.066955327987671
2026-01-16,INFY.NS,3.1460349559783936
2026-01-19,INFY.NS,2.968226671218872
2026-01-20,INFY.NS,2.697120189666748
2026-01-21,INFY.NS,2.8458364009857178
2026-01-22,INFY.NS,2.876368522644043
2026-01-23,INFY.NS,2.9156317710876465
2026-01-27,INFY.NS,2.7662503719329834
2026-01-28,INFY.NS,2.7159650325775146
2026-01-29,INFY.NS,2.872774600982666
2026-01-30,INFY.NS,2.9412577152252197
2026-02-02,INFY.NS,3.0911142826080322
2026-02-03,INFY.NS,3.2252700328826904
2026-02-04,INFY.NS,3.6847784519195557
2026-02-05,INFY.NS,3.263737201690674
2026-02-06,INFY.NS,3.9030821323394775
2026-02-09,INFY.NS,4.2976813316345215
2026-02-10,INFY.NS,4.200872421264648
2026-02-11,INFY.NS,4.452058792114258
2026-02-12,INFY.NS,4.216183662414551
2026-02-13,INFY.NS,4.12392520904541
2026-02-16,INFY.NS,3.8489887714385986
2026-02-17,INFY.NS,2.2093803882598877
2026-02-18,INFY.NS,2.4623565673828125
2026-02-19,INFY.NS,2.36600661277771
2026-02-20,INFY.NS,2.5710701942443848
2026-02-23,INFY.NS,1.930733323097229
2026-02-24,INFY.NS,2.3841309547424316
2026-02-25,INFY.NS,1.9930273294448853
2026-02-26,INFY.NS,2.137575387954712
2026-02-27,INFY.NS,2.38919997215271
2026-03-02,INFY.NS,2.4520318508148193
2026-03-04,INFY.NS,2.2389075756073
2026-03-05,INFY.NS,2.1398003101348877
2026-03-06,INFY.NS,2.468594551086426
2026-03-09,INFY.NS,-0.008854223415255547
2026-03-10,INFY.NS,0.47316601872444153
2026-03-11,INFY.NS,0.8896158337593079
2026-03-12,INFY.NS,-0.9356691241264343
2026-03-13,INFY.NS,0.03187691047787666
2026-03-16,INFY.NS,1.99016273021698
2026-03-17,INFY.NS,1.9531950950622559
2026-03-18,INFY.NS,2.5779826641082764
2026-03-19,INFY.NS,1.9256783723831177
2026-03-20,INFY.NS,2.6653106212615967
2026-03-23,INFY.NS,2.4999561309814453
2026-03-24,INFY.NS,2.8083407878875732
2026-03-25,INFY.NS,-0.898118257522583
2026-03-27,INFY.NS,-1.057572603225708
2026-03-30,INFY.NS,-0.8273785710334778
2026-04-01,INFY.NS,-0.4018435776233673
2026-04-02,INFY.NS,-0.21146254241466522
2026-04-06,INFY.NS,-0.3590758740901947
2026-04-07,INFY.NS,0.538484513759613
2026-04-08,INFY.NS,0.6831762194633484
2026-04-09,INFY.NS,0.8493059873580933
2026-04-10,INFY.NS,0.6042637228965759
2026-04-13,INFY.NS,1.0050442218780518
2026-04-15,INFY.NS,2.4185056686401367
2026-04-16,INFY.NS,2.7542760372161865
2026-04-17,INFY.NS,2.773571252822876
2026-04-20,INFY.NS,2.792409896850586
2026-04-21,INFY.NS,2.8123726844787598
2026-04-22,INFY.NS,1.1648104190826416
2026-04-23,INFY.NS,1.1295517683029175
2026-04-24,INFY.NS,1.325571060180664
2026-04-27,INFY.NS,0.8861606121063232
2026-04-28,INFY.NS,1.493048906326294
2026-04-29,INFY.NS,0.326271116733551
2025-12-23,MSFT,2.959395408630371
2025-12-24,MSFT,3.017552375793457
2025-12-26,MSFT,3.254955530166626
2025-12-29,MSFT,3.487886905670166
2025-12-30,MSFT,2.972731828689575
2025-12-31,MSFT,2.8528945446014404
2026-01-02,MSFT,1.0219192504882812
2026-01-05,MSFT,0.18344184756278992
2026-01-06,MSFT,-2.672558069229126
2026-01-07,MSFT,-2.7385036945343018
2026-01-08,MSFT,-0.9084385633468628
2026-01-09,MSFT,2.1857011318206787
2026-01-12,MSFT,-1.012839674949646
2026-01-13,MSFT,-0.16912023723125458
2026-01-14,MSFT,0.6001434326171875
2026-01-15,MSFT,0.9393803477287292
2026-01-16,MSFT,0.8370457887649536
2026-01-20,MSFT,2.2533771991729736
2026-01-21,MSFT,2.7125449180603027
2026-01-22,MSFT,1.1697802543640137
2026-01-23,MSFT,0.9998875856399536
2026-01-26,MSFT,1.9418014287948608
2026-01-27,MSFT,0.6982434988021851
2026-01-28,MSFT,-0.22569963335990906
2026-01-29,MSFT,1.4816861152648926
2026-01-30,MSFT,0.7229316234588623
2026-02-02,MSFT,0.5110599994659424
2026-02-03,MSFT,1.5618939399719238
2026-02-04,MSFT,1.3902381658554077
2026-02-05,MSFT,2.0716211795806885
2026-02-06,MSFT,1.5724750757217407
2026-02-09,MSFT,0.43387460708618164
2026-02-10,MSFT,0.6179379820823669
2026-02-11,MSFT,0.9226757884025574
2026-02-12,MSFT,1.3149819374084473
2026-02-13,MSFT,1.25388765335083
2026-02-17,MSFT,1.6862287521362305
2026-02-18,MSFT,1.2478420734405518
2026-02-19,MSFT,1.4281930923461914
2026-02-20,MSFT,1.9177324771881104
2026-02-23,MSFT,1.809877634048462
2026-02-24,MSFT,1.7609951496124268
2026-02-25,MSFT,1.9959737062454224
2026-02-26,MSFT,2.228883981704712
2026-02-27,MSFT,1.4563894271850586
2026-03-02,MSFT,0.07958552241325378
2026-03-03,MSFT,0.6317659616470337
2026-03-04,MSFT,0.2838405966758728
2026-03-05,MSFT,0.6840988397598267
2026-03-06,MSFT,0.6615746021270752
2026-03-09,MSFT,0.9236127734184265
2026-03-10,MSFT,1.0624034404754639
2026-03-11,MSFT,1.392606258392334
2026-03-12,MSFT,1.4688658714294434
2026-03-13,MSFT,1.0842719078063965
2026-03-16,MSFT,2.046455144882202
2026-03-17,MSFT,2.398172378540039
2026-03-18,MSFT,0.03933827951550484
2026-03-19,MSFT,-0.2164284735918045
2026-03-20,MSFT,0.12958891689777374
2026-03-23,MSFT,0.5727858543395996
2026-03-24,MSFT,1.4388059377670288
2026-03-25,MSFT,2.614834785461426
2026-03-26,MSFT,2.8125815391540527
2026-03-27,MSFT,2.945812463760376
2026-03-30,MSFT,3.1812117099761963
2026-03-31,MSFT,1.7139910459518433
2026-04-01,MSFT,1.9595015048980713
2026-04-02,MSFT,2.233668565750122
2026-04-06,MSFT,2.37092661857605
2026-04-07,MSFT,2.459860324859619
2026-04-08,MSFT,3.4694039821624756
2026-04-09,MSFT,-0.994681715965271
2026-04-10,MSFT,-1.1558201313018799
2026-04-13,MSFT,-0.6905144453048706
2026-04-14,MSFT,0.3663255274295807
2026-04-15,MSFT,0.9225841164588928
2026-04-16,MSFT,1.1254738569259644
2026-04-17,MSFT,0.9294585585594177
2026-04-20,MSFT,0.9392043948173523
2026-04-21,MSFT,0.7371743321418762
2026-04-22,MSFT,0.6928848624229431
2026-04-23,MSFT,2.1948013305664062
2026-04-24,MSFT,1.8436678647994995
2026-04-27,MSFT,2.288311243057251
2026-04-28,MSFT,2.0686511993408203
2026-04-29,MSFT,2.543473958969116
2025-12-23,META,2.097853899002075
2025-12-24,META,2.084566831588745
2025-12-26,META,2.1494228839874268
2025-12-29,META,2.0728507041931152
2025-12-30,META,2.1836612224578857
2025-12-31,META,2.1074790954589844
2026-01-02,META,1.9362057447433472
2026-01-05,META,2.061366319656372
2026-01-06,META,2.39455509185791
2026-01-07,META,1.0330747365951538
2026-01-08,META,0.7046526074409485
2026-01-09,META,-1.7707126140594482
2026-01-12,META,0.11485764384269714
2026-01-13,META,0.7361807823181152
2026-01-14,META,0.6180402636528015
2026-01-15,META,0.6869021654129028
2026-01-16,META,0.981249213218689
2026-01-20,META,1.9762670993804932
2026-01-21,META,1.0146586894989014
2026-01-22,META,0.963561475276947
2026-01-23,META,1.8693907260894775
2026-01-26,META,0.44597727060317993
2026-01-27,META,0.2397117167711258
2026-01-28,META,0.2349437177181244
2026-01-29,META,0.900766909122467
2026-01-30,META,0.7898722887039185
2026-02-02,META,0.7664902806282043
2026-02-03,META,1.0618748664855957
2026-02-04,META,1.2533950805664062
2026-02-05,META,1.5525314807891846
2026-02-06,META,1.658806562423706
2026-02-09,META,1.8125834465026855
2026-02-10,META,1.8672654628753662
2026-02-11,META,1.6245652437210083
2026-02-12,META,0.8363764882087708
2026-02-13,META,1.5273679494857788
2026-02-17,META,1.4987057447433472
2026-02-18,META,1.5162017345428467
2026-02-19,META,2.036975860595703
2026-02-20,META,0.14081689715385437
2026-02-23,META,1.781101107597351
2026-02-24,META,0.8807587623596191
2026-02-25,META,-0.7055368423461914
2026-02-26,META,-0.053642868995666504
2026-02-27,META,0.1719200760126114
2026-03-02,META,1.2830193042755127
2026-03-03,META,1.2785205841064453
2026-03-04,META,1.3040273189544678
2026-03-05,META,1.097737431526184
2026-03-06,META,-0.3716186583042145
2026-03-09,META,1.127953052520752
2026-03-10,META,2.049215316772461
2026-03-11,META,2.21041202545166
2026-03-12,META,-0.9389441609382629
2026-03-13,META,0.18205511569976807
2026-03-16,META,-0.7989950776100159
2026-03-17,META,-0.2363402545452118
2026-03-18,META,0.5428652167320251
2026-03-19,META,0.9950088262557983
2026-03-20,META,1.569136142730713
2026-03-23,META,0.2990697920322418
2026-03-24,META,1.1742825508117676
2026-03-25,META,0.19005511701107025
2026-03-26,META,1.8845782279968262
2026-03-27,META,2.0610363483428955
2026-03-30,META,1.9795864820480347
2026-03-31,META,0.9184655547142029
2026-04-01,META,1.2029350996017456
2026-04-02,META,1.4241198301315308
2026-04-06,META,1.7539088726043701
2026-04-07,META,-0.3432648479938507
2026-04-08,META,-0.03337400034070015
2026-04-09,META,0.13508550822734833
2026-04-10,META,0.013294781558215618
2026-04-13,META,0.03057536855340004
2026-04-14,META,0.34418460726737976
2026-04-15,META,0.40218788385391235
2026-04-16,META,0.5806594491004944
2026-04-17,META,0.6351056098937988
2026-04-20,META,0.9638553857803345
2026-04-21,META,1.2929599285125732
2026-04-22,META,1.4497963190078735
2026-04-23,META,1.7571829557418823
2026-04-24,META,1.6724915504455566
2026-04-27,META,1.657220482826233
2026-04-28,META,2.031886577606201
2026-04-29,META,2.011596918106079
2025-12-23,EURUSD=X,4.995041847229004
2025-12-24,EURUSD=X,4.476972579956055
2025-12-26,EURUSD=X,7.526240348815918
2025-12-29,EURUSD=X,9.966954231262207
2025-12-30,EURUSD=X,10.73861026763916
2025-12-31,EURUSD=X,9.022261619567871
2026-01-02,EURUSD=X,11.443461418151855
2026-01-05,EURUSD=X,9.986351013183594
2026-01-06,EURUSD=X,2.264725923538208
2026-01-07,EURUSD=X,9.786371231079102
2026-01-08,EURUSD=X,11.087798118591309
2026-01-09,EURUSD=X,12.849104881286621
2026-01-12,EURUSD=X,15.143609046936035
2026-01-13,EURUSD=X,7.64957857131958
2026-01-14,EURUSD=X,14.42306137084961
2026-01-15,EURUSD=X,12.464319229125977
2026-01-16,EURUSD=X,13.740045547485352
2026-01-19,EURUSD=X,8.749441146850586
2026-01-20,EURUSD=X,3.091243267059326
2026-01-21,EURUSD=X,11.270683288574219
2026-01-22,EURUSD=X,14.420141220092773
2026-01-23,EURUSD=X,0.5947731137275696
2026-01-26,EURUSD=X,5.467050075531006
2026-01-27,EURUSD=X,4.536402702331543
2026-01-28,EURUSD=X,3.9173858165740967
2026-01-29,EURUSD=X,1.8381431102752686
2026-01-30,EURUSD=X,1.8115559816360474
2026-02-02,EURUSD=X,5.498744487762451
2026-02-03,EURUSD=X,6.912896156311035
2026-02-04,EURUSD=X,9.185382843017578
2026-02-05,EURUSD=X,9.708162307739258
2026-02-06,EURUSD=X,9.730653762817383
2026-02-09,EURUSD=X,11.444045066833496
2026-02-10,EURUSD=X,10.516423225402832
2026-02-11,EURUSD=X,12.349638938903809
2026-02-12,EURUSD=X,12.1019926071167
2026-02-13,EURUSD=X,11.768719673156738
2026-02-16,EURUSD=X,11.543207168579102
2026-02-17,EURUSD=X,11.392082214355469
2026-02-18,EURUSD=X,11.557140350341797
2026-02-19,EURUSD=X,7.75685453414917
2026-02-20,EURUSD=X,10.271122932434082
2026-02-23,EURUSD=X,-9.508994102478027
2026-02-24,EURUSD=X,2.0242552757263184
2026-02-25,EURUSD=X,7.190331935882568
2026-02-26,EURUSD=X,-7.1494340896606445
2026-02-27,EURUSD=X,-5.057469844818115
2026-03-02,EURUSD=X,8.3500337600708
2026-03-03,EURUSD=X,9.244154930114746
2026-03-04,EURUSD=X,10.929889678955078
2026-03-05,EURUSD=X,10.748291015625
2026-03-06,EURUSD=X,11.179060935974121
2026-03-09,EURUSD=X,12.297595977783203
2026-03-10,EURUSD=X,6.9017333984375
2026-03-11,EURUSD=X,6.966334342956543
2026-03-12,EURUSD=X,10.429734230041504
2026-03-13,EURUSD=X,10.691852569580078
2026-03-16,EURUSD=X,12.861847877502441
2026-03-17,EURUSD=X,7.710110187530518
2026-03-18,EURUSD=X,5.483766078948975
2026-03-19,EURUSD=X,9.22618579864502
2026-03-20,EURUSD=X,7.944480895996094
2026-03-23,EURUSD=X,9.07625675201416
2026-03-24,EURUSD=X,1.1683470010757446
2026-03-25,EURUSD=X,-0.7601341605186462
2026-03-26,EURUSD=X,-1.5645326375961304
2026-03-27,EURUSD=X,-0.47564733028411865
2026-03-30,EURUSD=X,-5.689089775085449
2026-03-31,EURUSD=X,1.3257910013198853
2026-04-01,EURUSD=X,8.833964347839355
2026-04-02,EURUSD=X,8.377782821655273
2026-04-03,EURUSD=X,5.034609317779541
2026-04-06,EURUSD=X,4.516915798187256
2026-04-07,EURUSD=X,8.62437915802002
2026-04-08,EURUSD=X,11.579151153564453
2026-04-09,EURUSD=X,11.165802955627441
2026-04-10,EURUSD=X,10.342429161071777
2026-04-13,EURUSD=X,9.05817985534668
2026-04-14,EURUSD=X,5.416881084442139
2026-04-15,EURUSD=X,4.594182968139648
2026-04-16,EURUSD=X,3.4942965507507324
2026-04-17,EURUSD=X,5.161832809448242
2026-04-20,EURUSD=X,9.333727836608887
2026-04-21,EURUSD=X,5.978494167327881
2026-04-22,EURUSD=X,10.933002471923828
2026-04-23,EURUSD=X,10.88965129852295
2026-04-24,EURUSD=X,9.997933387756348
2026-04-27,EURUSD=X,8.024971961975098
2026-04-28,EURUSD=X,10.684456825256348
2026-04-29,EURUSD=X,9.576425552368164
2025-12-23,HDFCBANK.NS,-1.7736200094223022
2025-12-24,HDFCBANK.NS,3.3349361419677734
2025-12-26,HDFCBANK.NS,2.388758897781372
2025-12-29,HDFCBANK.NS,2.9487826824188232
2025-12-30,HDFCBANK.NS,3.309793472290039
2025-12-31,HDFCBANK.NS,3.5552875995635986
2026-01-01,HDFCBANK.NS,3.365967273712158
2026-01-02,HDFCBANK.NS,4.365324020385742
2026-01-05,HDFCBANK.NS,0.2809927463531494
2026-01-06,HDFCBANK.NS,1.3322107791900635
2026-01-07,HDFCBANK.NS,0.7553321123123169
2026-01-08,HDFCBANK.NS,3.2222492694854736
2026-01-09,HDFCBANK.NS,4.672497749328613
2026-01-12,HDFCBANK.NS,5.533254623413086
2026-01-13,HDFCBANK.NS,6.157256126403809
2026-01-14,HDFCBANK.NS,6.383111953735352
2026-01-15,HDFCBANK.NS,6.260699272155762
2026-01-16,HDFCBANK.NS,4.463756084442139
2026-01-19,HDFCBANK.NS,4.48322057723999
2026-01-20,HDFCBANK.NS,3.3257663249969482
2026-01-21,HDFCBANK.NS,4.573240756988525
2026-01-22,HDFCBANK.NS,3.8933701515197754
2026-01-23,HDFCBANK.NS,3.6514949798583984
2026-01-27,HDFCBANK.NS,3.5736870765686035
2026-01-28,HDFCBANK.NS,3.6782071590423584
2026-01-29,HDFCBANK.NS,4.4704108238220215
2026-01-30,HDFCBANK.NS,-1.4330815076828003
2026-02-02,HDFCBANK.NS,-1.5836154222488403
2026-02-03,HDFCBANK.NS,1.0350725650787354
2026-02-04,HDFCBANK.NS,2.965620517730713
2026-02-05,HDFCBANK.NS,2.1234524250030518
2026-02-06,HDFCBANK.NS,1.9579640626907349
2026-02-09,HDFCBANK.NS,2.7435531616210938
2026-02-10,HDFCBANK.NS,3.2287936210632324
2026-02-11,HDFCBANK.NS,3.410808563232422
2026-02-12,HDFCBANK.NS,1.4938069581985474
2026-02-13,HDFCBANK.NS,3.0702929496765137
2026-02-16,HDFCBANK.NS,-2.7036914825439453
2026-02-17,HDFCBANK.NS,-2.181140661239624
2026-02-18,HDFCBANK.NS,-0.5424115061759949
2026-02-19,HDFCBANK.NS,-0.10483952611684799
2026-02-20,HDFCBANK.NS,0.11431436985731125
2026-02-23,HDFCBANK.NS,-1.0861027240753174
2026-02-24,HDFCBANK.NS,0.02261670120060444
2026-02-25,HDFCBANK.NS,-0.6035377979278564
2026-02-26,HDFCBANK.NS,-0.7472249865531921
2026-02-27,HDFCBANK.NS,0.2854059636592865
2026-03-02,HDFCBANK.NS,1.6636536121368408
2026-03-04,HDFCBANK.NS,3.9465749263763428
2026-03-05,HDFCBANK.NS,1.9774447679519653
2026-03-06,HDFCBANK.NS,5.094413757324219
2026-03-09,HDFCBANK.NS,5.902438163757324
2026-03-10,HDFCBANK.NS,5.645139217376709
2026-03-11,HDFCBANK.NS,6.005822658538818
2026-03-12,HDFCBANK.NS,6.084558963775635
2026-03-13,HDFCBANK.NS,6.223581314086914
2026-03-16,HDFCBANK.NS,3.838508367538452
2026-03-17,HDFCBANK.NS,3.7974560260772705
2026-03-18,HDFCBANK.NS,4.034809589385986
2026-03-19,HDFCBANK.NS,3.349034309387207
2026-03-20,HDFCBANK.NS,3.090561628341675
2026-03-23,HDFCBANK.NS,3.537477970123291
2026-03-24,HDFCBANK.NS,1.9128835201263428
2026-03-25,HDFCBANK.NS,1.9880634546279907
2026-03-27,HDFCBANK.NS,2.002685070037842
2026-03-30,HDFCBANK.NS,1.8831053972244263
2026-04-01,HDFCBANK.NS,1.8618052005767822
2026-04-02,HDFCBANK.NS,2.010472059249878
2026-04-06,HDFCBANK.NS,2.1973376274108887
2026-04-07,HDFCBANK.NS,2.3507184982299805
2026-04-08,HDFCBANK.NS,2.648542642593384
2026-04-09,HDFCBANK.NS,-0.839792788028717
2026-04-10,HDFCBANK.NS,-0.7277450561523438
2026-04-13,HDFCBANK.NS,-0.6618530750274658
2026-04-15,HDFCBANK.NS,-0.6360530257225037
2026-04-16,HDFCBANK.NS,-0.3410157561302185
2026-04-17,HDFCBANK.NS,-0.3047654628753662
2026-04-20,HDFCBANK.NS,-0.3127422630786896
2026-04-21,HDFCBANK.NS,0.5471236705780029
2026-04-22,HDFCBANK.NS,0.8624149560928345
2026-04-23,HDFCBANK.NS,0.5862774848937988
2026-04-24,HDFCBANK.NS,1.218591332435608
2026-04-27,HDFCBANK.NS,2.087207555770874
2026-04-28,HDFCBANK.NS,-0.00865819863975048
2026-04-29,HDFCBANK.NS,-0.48682260513305664
2025-12-23,RELIANCE.NS,4.54970121383667
2025-12-24,RELIANCE.NS,4.639380931854248
2025-12-26,RELIANCE.NS,4.712244987487793
2025-12-29,RELIANCE.NS,4.208062648773193
2025-12-30,RELIANCE.NS,2.050725221633911
2025-12-31,RELIANCE.NS,4.419429779052734
2026-01-01,RELIANCE.NS,4.308041572570801
2026-01-02,RELIANCE.NS,4.055392265319824
2026-01-05,RELIANCE.NS,4.123864650726318
2026-01-06,RELIANCE.NS,4.828243732452393
2026-01-07,RELIANCE.NS,4.405679702758789
2026-01-08,RELIANCE.NS,4.619529724121094
2026-01-09,RELIANCE.NS,4.777687072753906
2026-01-12,RELIANCE.NS,3.842681407928467
2026-01-13,RELIANCE.NS,4.573081970214844
2026-01-14,RELIANCE.NS,3.805919885635376
2026-01-15,RELIANCE.NS,2.9625818729400635
2026-01-16,RELIANCE.NS,2.441464424133301
2026-01-19,RELIANCE.NS,4.5778093338012695
2026-01-20,RELIANCE.NS,4.929228782653809
2026-01-21,RELIANCE.NS,4.166600704193115
2026-01-22,RELIANCE.NS,3.35908579826355
2026-01-23,RELIANCE.NS,1.7114168405532837
2026-01-27,RELIANCE.NS,3.7235825061798096
2026-01-28,RELIANCE.NS,2.7612318992614746
2026-01-29,RELIANCE.NS,2.5059893131256104
2026-01-30,RELIANCE.NS,2.800435781478882
2026-02-02,RELIANCE.NS,3.3091022968292236
2026-02-03,RELIANCE.NS,3.472707748413086
2026-02-04,RELIANCE.NS,0.5479760766029358
2026-02-05,RELIANCE.NS,-1.0940792560577393
2026-02-06,RELIANCE.NS,-1.0093905925750732
2026-02-09,RELIANCE.NS,-0.3673669099807739
2026-02-10,RELIANCE.NS,-0.047091174870729446
2026-02-11,RELIANCE.NS,0.19995935261249542
2026-02-12,RELIANCE.NS,0.25322678685188293
2026-02-13,RELIANCE.NS,0.2523406147956848
2026-02-16,RELIANCE.NS,1.8559393882751465
2026-02-17,RELIANCE.NS,1.7699640989303589
2026-02-18,RELIANCE.NS,2.7676196098327637
2026-02-19,RELIANCE.NS,1.9526526927947998
2026-02-20,RELIANCE.NS,2.8547356128692627
2026-02-23,RELIANCE.NS,3.5859646797180176
2026-02-24,RELIANCE.NS,3.1728930473327637
2026-02-25,RELIANCE.NS,-0.6322424411773682
2026-02-26,RELIANCE.NS,-1.4016335010528564
2026-02-27,RELIANCE.NS,-1.3946080207824707
2026-03-02,RELIANCE.NS,-1.4196925163269043
2026-03-04,RELIANCE.NS,-1.3416242599487305
2026-03-05,RELIANCE.NS,-0.575981855392456
2026-03-06,RELIANCE.NS,0.6688901782035828
2026-03-09,RELIANCE.NS,2.846684217453003
2026-03-10,RELIANCE.NS,0.7778757214546204
2026-03-11,RELIANCE.NS,0.8105493187904358
2026-03-12,RELIANCE.NS,1.2629456520080566
2026-03-13,RELIANCE.NS,1.0630409717559814
2026-03-16,RELIANCE.NS,1.3854482173919678
2026-03-17,RELIANCE.NS,1.4776809215545654
2026-03-18,RELIANCE.NS,1.4619944095611572
2026-03-19,RELIANCE.NS,0.9890064597129822
2026-03-20,RELIANCE.NS,1.8656455278396606
2026-03-23,RELIANCE.NS,2.3504531383514404
2026-03-24,RELIANCE.NS,2.679823875427246
2026-03-25,RELIANCE.NS,3.3405165672302246
2026-03-27,RELIANCE.NS,-0.21400003135204315
2026-03-30,RELIANCE.NS,-0.684912919998169
2026-04-01,RELIANCE.NS,-2.2228338718414307
2026-04-02,RELIANCE.NS,-0.9571845531463623
2026-04-06,RELIANCE.NS,0.028790010139346123
2026-04-07,RELIANCE.NS,0.04393325001001358
2026-04-08,RELIANCE.NS,-0.887144923210144
2026-04-09,RELIANCE.NS,-0.3027955889701843
2026-04-10,RELIANCE.NS,0.4306182265281677
2026-04-13,RELIANCE.NS,-0.571060836315155
2026-04-15,RELIANCE.NS,0.19013193249702454
2026-04-16,RELIANCE.NS,0.5393621325492859
2026-04-17,RELIANCE.NS,3.08073091506958
2026-04-20,RELIANCE.NS,1.8094818592071533
2026-04-21,RELIANCE.NS,1.0388953685760498
2026-04-22,RELIANCE.NS,0.6765304207801819
2026-04-23,RELIANCE.NS,0.4944469630718231
2026-04-24,RELIANCE.NS,0.5107614994049072
2026-04-27,RELIANCE.NS,2.0896480083465576
2026-04-28,RELIANCE.NS,3.4057583808898926
2026-04-29,RELIANCE.NS,3.3226816654205322
2025-12-23,USDJPY=X,7.487978935241699
2025-12-24,USDJPY=X,7.020153999328613
2025-12-26,USDJPY=X,7.533140659332275
2025-12-29,USDJPY=X,7.971103668212891
2025-12-30,USDJPY=X,7.958318710327148
2025-12-31,USDJPY=X,8.12816047668457
2026-01-02,USDJPY=X,8.056553840637207
2026-01-05,USDJPY=X,7.691499710083008
2026-01-06,USDJPY=X,8.01463508605957
2026-01-07,USDJPY=X,8.18991756439209
2026-01-08,USDJPY=X,8.423770904541016
2026-01-09,USDJPY=X,8.703020095825195
2026-01-12,USDJPY=X,7.256589412689209
2026-01-13,USDJPY=X,7.2806878089904785
2026-01-14,USDJPY=X,3.0292155742645264
2026-01-15,USDJPY=X,5.081993579864502
2026-01-16,USDJPY=X,2.1871020793914795
2026-01-19,USDJPY=X,9.106741905212402
2026-01-20,USDJPY=X,7.385469436645508
2026-01-21,USDJPY=X,8.949971199035645
2026-01-22,USDJPY=X,6.622307300567627
2026-01-23,USDJPY=X,7.560977458953857
2026-01-26,USDJPY=X,11.433733940124512
2026-01-27,USDJPY=X,11.670355796813965
2026-01-28,USDJPY=X,11.486329078674316
2026-01-29,USDJPY=X,11.922995567321777
2026-01-30,USDJPY=X,11.616599082946777
2026-02-02,USDJPY=X,1.684867262840271
2026-02-03,USDJPY=X,2.6800754070281982
2026-02-04,USDJPY=X,4.461088180541992
2026-02-05,USDJPY=X,2.5742287635803223
2026-02-06,USDJPY=X,0.712677001953125
2026-02-09,USDJPY=X,-0.35847851634025574
2026-02-10,USDJPY=X,-0.3093993663787842
2026-02-11,USDJPY=X,-2.4790852069854736
2026-02-12,USDJPY=X,-1.2841681241989136
2026-02-13,USDJPY=X,0.3350258767604828
2026-02-16,USDJPY=X,0.02307242713868618
2026-02-17,USDJPY=X,-2.595335006713867
2026-02-18,USDJPY=X,-1.827484369277954
2026-02-19,USDJPY=X,-2.1553239822387695
2026-02-20,USDJPY=X,-1.6936391592025757
2026-02-23,USDJPY=X,-0.7651337385177612
2026-02-24,USDJPY=X,4.244095325469971
2026-02-25,USDJPY=X,5.520740509033203
2026-02-26,USDJPY=X,5.710616111755371
2026-02-27,USDJPY=X,3.8099889755249023
2026-03-02,USDJPY=X,4.249119281768799
2026-03-03,USDJPY=X,4.858317852020264
2026-03-04,USDJPY=X,5.218560218811035
2026-03-05,USDJPY=X,5.656032562255859
2026-03-06,USDJPY=X,5.2688212394714355
2026-03-09,USDJPY=X,5.271413803100586
2026-03-10,USDJPY=X,6.901583671569824
2026-03-11,USDJPY=X,6.5042877197265625
2026-03-12,USDJPY=X,4.086478233337402
2026-03-13,USDJPY=X,4.238440990447998
2026-03-16,USDJPY=X,2.5252928733825684
2026-03-17,USDJPY=X,4.972817420959473
2026-03-18,USDJPY=X,6.862828731536865
2026-03-19,USDJPY=X,2.3541982173919678
2026-03-20,USDJPY=X,3.7863759994506836
2026-03-23,USDJPY=X,5.793850421905518
2026-03-24,USDJPY=X,7.538049221038818
2026-03-25,USDJPY=X,7.2049102783203125
2026-03-26,USDJPY=X,6.609137535095215
2026-03-27,USDJPY=X,5.998540878295898
2026-03-30,USDJPY=X,5.296186447143555
2026-03-31,USDJPY=X,6.806229114532471
2026-04-01,USDJPY=X,4.710358619689941
2026-04-02,USDJPY=X,7.3836750984191895
2026-04-03,USDJPY=X,8.50075912475586
2026-04-06,USDJPY=X,8.169907569885254
2026-04-07,USDJPY=X,8.505865097045898
2026-04-08,USDJPY=X,7.51401948928833
2026-04-09,USDJPY=X,-0.9573639631271362
2026-04-10,USDJPY=X,-3.909416675567627
2026-04-13,USDJPY=X,9.003971099853516
2026-04-14,USDJPY=X,8.440766334533691
2026-04-15,USDJPY=X,-4.101728916168213
2026-04-16,USDJPY=X,-5.073733329772949
2026-04-17,USDJPY=X,7.879143238067627
2026-04-20,USDJPY=X,8.196009635925293
2026-04-21,USDJPY=X,-5.545284748077393
2026-04-22,USDJPY=X,9.687543869018555
2026-04-23,USDJPY=X,9.635492324829102
2026-04-24,USDJPY=X,9.258427619934082
2026-04-27,USDJPY=X,9.300012588500977
2026-04-28,USDJPY=X,9.423367500305176
2026-04-29,USDJPY=X,10.088671684265137
2025-12-23,GOOGL,1.9261655807495117
2025-12-24,GOOGL,1.6914327144622803
2025-12-26,GOOGL,1.516068935394287
2025-12-29,GOOGL,1.6212700605392456
2025-12-30,GOOGL,1.5119467973709106
2025-12-31,GOOGL,1.4842779636383057
2026-01-02,GOOGL,1.4673171043395996
2026-01-05,GOOGL,1.4028156995773315
2026-01-06,GOOGL,1.1245296001434326
2026-01-07,GOOGL,2.08748459815979
2026-01-08,GOOGL,2.5582218170166016
2026-01-09,GOOGL,2.469424247741699
2026-01-12,GOOGL,1.8445515632629395
2026-01-13,GOOGL,0.9509295225143433
2026-01-14,GOOGL,0.6450769305229187
2026-01-15,GOOGL,1.1258124113082886
2026-01-16,GOOGL,2.266300678253174
2026-01-20,GOOGL,2.302537202835083
2026-01-21,GOOGL,2.6979610919952393
2026-01-22,GOOGL,2.307499885559082
2026-01-23,GOOGL,2.703387498855591
2026-01-26,GOOGL,1.7339917421340942
2026-01-27,GOOGL,1.5746853351593018
2026-01-28,GOOGL,1.4473708868026733
2026-01-29,GOOGL,1.1920702457427979
2026-01-30,GOOGL,1.5668412446975708
2026-02-02,GOOGL,0.9003869891166687
2026-02-03,GOOGL,1.9630719423294067
2026-02-04,GOOGL,2.532367706298828
2026-02-05,GOOGL,2.460259437561035
2026-02-06,GOOGL,2.2450428009033203
2026-02-09,GOOGL,2.082134246826172
2026-02-10,GOOGL,2.869739055633545
2026-02-11,GOOGL,3.3046979904174805
2026-02-12,GOOGL,3.607804536819458
2026-02-13,GOOGL,3.5926132202148438
2026-02-17,GOOGL,3.442281723022461
2026-02-18,GOOGL,3.2537386417388916
2026-02-19,GOOGL,3.0937185287475586
2026-02-20,GOOGL,0.5302643179893494
2026-02-23,GOOGL,0.9666430354118347
2026-02-24,GOOGL,1.2245558500289917
2026-02-25,GOOGL,1.3838857412338257
2026-02-26,GOOGL,1.56559157371521
2026-02-27,GOOGL,1.78934645652771
2026-03-02,GOOGL,1.7180118560791016
2026-03-03,GOOGL,1.4470280408859253
2026-03-04,GOOGL,0.6976278424263
2026-03-05,GOOGL,0.34722980856895447
2026-03-06,GOOGL,0.5300952196121216
2026-03-09,GOOGL,-0.04227055236697197
2026-03-10,GOOGL,0.22007642686367035
2026-03-11,GOOGL,1.6118680238723755
2026-03-12,GOOGL,0.0208487156778574
2026-03-13,GOOGL,-0.4246310889720917
2026-03-16,GOOGL,1.7185018062591553
2026-03-17,GOOGL,2.0866901874542236
2026-03-18,GOOGL,1.6902785301208496
2026-03-19,GOOGL,1.4514862298965454
2026-03-20,GOOGL,-0.7250902652740479
2026-03-23,GOOGL,-1.4422447681427002
2026-03-24,GOOGL,0.049760058522224426
2026-03-25,GOOGL,-0.13494637608528137
2026-03-26,GOOGL,0.8264700174331665
2026-03-27,GOOGL,2.232447385787964
2026-03-30,GOOGL,2.6981735229492188
2026-03-31,GOOGL,0.40207478404045105
2026-04-01,GOOGL,0.7629619240760803
2026-04-02,GOOGL,1.7148810625076294
2026-04-06,GOOGL,0.10503783077001572
2026-04-07,GOOGL,0.09435570985078812
2026-04-08,GOOGL,0.49324190616607666
2026-04-09,GOOGL,0.3787401616573334
2026-04-10,GOOGL,0.2575851082801819
2026-04-13,GOOGL,0.20148062705993652
2026-04-14,GOOGL,0.4613603949546814
2026-04-15,GOOGL,0.45796650648117065
2026-04-16,GOOGL,0.6993675231933594
2026-04-17,GOOGL,0.8089364767074585
2026-04-20,GOOGL,1.3407585620880127
2026-04-21,GOOGL,2.0982391834259033
2026-04-22,GOOGL,1.8214759826660156
2026-04-23,GOOGL,2.261613130569458
2026-04-24,GOOGL,1.6059037446975708
2026-04-27,GOOGL,1.2563109397888184
2026-04-28,GOOGL,1.682104468345642
2026-04-29,GOOGL,1.8527048826217651
2025-12-23,GC=F,-0.3338730037212372
2025-12-24,GC=F,-0.3764924108982086
2025-12-26,GC=F,-0.7260996103286743
2025-12-29,GC=F,3.608450412750244
2025-12-30,GC=F,1.7123550176620483
2025-12-31,GC=F,2.742055892944336
2026-01-02,GC=F,4.634353160858154
2026-01-05,GC=F,1.1486181020736694
2026-01-06,GC=F,1.1095353364944458
2026-01-07,GC=F,1.9758284091949463
2026-01-08,GC=F,2.2728145122528076
2026-01-09,GC=F,1.9053120613098145
2026-01-12,GC=F,1.2768665552139282
2026-01-13,GC=F,1.9604129791259766
2026-01-14,GC=F,1.8944565057754517
2026-01-15,GC=F,2.1549272537231445
2026-01-16,GC=F,2.371891498565674
2026-01-20,GC=F,0.6968759298324585
2026-01-21,GC=F,0.10574617236852646
2026-01-22,GC=F,-0.3925696611404419
2026-01-23,GC=F,-0.9450579285621643
2026-01-26,GC=F,-1.2896403074264526
2026-01-27,GC=F,-1.3928829431533813
2026-01-28,GC=F,-1.5528178215026855
2026-01-29,GC=F,-1.678646445274353
2026-01-30,GC=F,4.091142177581787
2026-02-02,GC=F,3.9218451976776123
2026-02-03,GC=F,2.5811362266540527
2026-02-04,GC=F,2.444572925567627
2026-02-05,GC=F,2.4869375228881836
2026-02-06,GC=F,2.0890047550201416
2026-02-09,GC=F,0.9557851552963257
2026-02-10,GC=F,1.0944572687149048
2026-02-11,GC=F,0.7933093309402466
2026-02-12,GC=F,1.4832335710525513
2026-02-13,GC=F,1.3361613750457764
2026-02-17,GC=F,1.7614225149154663
2026-02-18,GC=F,1.5775235891342163
2026-02-19,GC=F,1.4809001684188843
2026-02-20,GC=F,1.3730077743530273
2026-02-23,GC=F,1.2074025869369507
2026-02-24,GC=F,1.1308256387710571
2026-02-25,GC=F,1.0356261730194092
2026-02-26,GC=F,1.171647310256958
2026-02-27,GC=F,1.055759310722351
2026-03-02,GC=F,0.9274381399154663
2026-03-03,GC=F,0.5350324511528015
2026-03-04,GC=F,0.5296680927276611
2026-03-05,GC=F,0.8646864295005798
2026-03-06,GC=F,0.851607620716095
2026-03-09,GC=F,1.2504217624664307
2026-03-10,GC=F,0.7444047331809998
2026-03-11,GC=F,0.870779812335968
2026-03-12,GC=F,0.9068408012390137
2026-03-13,GC=F,3.693910837173462
2026-03-16,GC=F,3.7303593158721924
2026-03-17,GC=F,3.7280449867248535
2026-03-18,GC=F,3.808773994445801
2026-03-19,GC=F,3.696328639984131
2026-03-20,GC=F,3.7371251583099365
2026-03-23,GC=F,3.740377902984619
2026-03-24,GC=F,3.6694278717041016
2026-03-25,GC=F,2.150224208831787
2026-03-26,GC=F,2.964596748352051
2026-03-27,GC=F,0.6160615682601929
2026-03-30,GC=F,0.2934003174304962
2026-03-31,GC=F,1.0236583948135376
2026-04-01,GC=F,1.6384998559951782
2026-04-02,GC=F,1.4120159149169922
2026-04-06,GC=F,1.4535658359527588
2026-04-07,GC=F,1.6821097135543823
2026-04-08,GC=F,1.7998372316360474
2026-04-09,GC=F,1.535739779472351
2026-04-10,GC=F,1.1728287935256958
2026-04-13,GC=F,1.1119558811187744
2026-04-14,GC=F,1.278275728225708
2026-04-15,GC=F,1.0287671089172363
2026-04-16,GC=F,0.8503946661949158
2026-04-17,GC=F,1.343182921409607
2026-04-20,GC=F,0.5301498174667358
2026-04-21,GC=F,0.21248459815979004
2026-04-22,GC=F,0.40630969405174255
2026-04-23,GC=F,0.430049866437912
2026-04-24,GC=F,0.49460074305534363
2026-04-27,GC=F,0.30033546686172485
2026-04-28,GC=F,0.5694244503974915
2026-04-29,GC=F,0.1678537279367447
2025-12-23,EEM,4.14949893951416
2025-12-24,EEM,3.9613378047943115
2025-12-26,EEM,3.3073928356170654
2025-12-29,EEM,2.942896842956543
2025-12-30,EEM,2.1906704902648926
2025-12-31,EEM,2.71921443939209
2026-01-02,EEM,-0.3722235858440399
2026-01-05,EEM,-0.21157878637313843
2026-01-06,EEM,-0.763533890247345
2026-01-07,EEM,-0.04941638931632042
2026-01-08,EEM,0.521385133266449
2026-01-09,EEM,0.5294837951660156
2026-01-12,EEM,-0.5337136387825012
2026-01-13,EEM,1.4524791240692139
2026-01-14,EEM,1.5499131679534912
2026-01-15,EEM,1.6276050806045532
2026-01-16,EEM,3.511296510696411
2026-01-20,EEM,4.758057594299316
2026-01-21,EEM,2.5763745307922363
2026-01-22,EEM,1.8743095397949219
2026-01-23,EEM,1.6908074617385864
2026-01-26,EEM,2.0790703296661377
2026-01-27,EEM,0.873521625995636
2026-01-28,EEM,1.3718029260635376
2026-01-29,EEM,2.1880927085876465
2026-01-30,EEM,4.602794170379639
2026-02-02,EEM,4.641278266906738
2026-02-03,EEM,4.596951961517334
2026-02-04,EEM,4.532553672790527
2026-02-05,EEM,4.578994274139404
2026-02-06,EEM,3.7043087482452393
2026-02-09,EEM,3.3056750297546387
2026-02-10,EEM,3.293083906173706
2026-02-11,EEM,2.1397128105163574
2026-02-12,EEM,3.7241032123565674
2026-02-13,EEM,3.408716917037964
2026-02-17,EEM,4.254256725311279
2026-02-18,EEM,3.888688564300537
2026-02-19,EEM,4.32859468460083
2026-02-20,EEM,2.680050849914551
2026-02-23,EEM,3.7258923053741455
2026-02-24,EEM,1.474310040473938
2026-02-25,EEM,0.9408466219902039
2026-02-26,EEM,1.8680511713027954
2026-02-27,EEM,2.546488046646118
2026-03-02,EEM,3.3251185417175293
2026-03-03,EEM,5.1349196434021
2026-03-04,EEM,4.174764633178711
2026-03-05,EEM,4.875068187713623
2026-03-06,EEM,5.3676371574401855
2026-03-09,EEM,3.694267988204956
2026-03-10,EEM,2.559173345565796
2026-03-11,EEM,1.9180943965911865
2026-03-12,EEM,4.630589008331299
2026-03-13,EEM,3.753812551498413
2026-03-16,EEM,0.00705416826531291
2026-03-17,EEM,0.2274070829153061
2026-03-18,EEM,0.47689875960350037
2026-03-19,EEM,0.16014772653579712
2026-03-20,EEM,0.4400559365749359
2026-03-23,EEM,1.6324516534805298
2026-03-24,EEM,1.582480549812317
2026-03-25,EEM,2.0977537631988525
2026-03-26,EEM,1.6286650896072388
2026-03-27,EEM,1.9119781255722046
2026-03-30,EEM,2.2519466876983643
2026-03-31,EEM,0.5072734355926514
2026-04-01,EEM,0.40139225125312805
2026-04-02,EEM,1.3643935918807983
2026-04-06,EEM,1.0668480396270752
2026-04-07,EEM,1.0454251766204834
2026-04-08,EEM,2.751802682876587
2026-04-09,EEM,2.5767085552215576
2026-04-10,EEM,2.2694623470306396
2026-04-13,EEM,1.5097746849060059
2026-04-14,EEM,0.9419037103652954
2026-04-15,EEM,0.8916236162185669
2026-04-16,EEM,1.2095437049865723
2026-04-17,EEM,0.8671956062316895
2026-04-20,EEM,1.6990866661071777
2026-04-21,EEM,3.1390342712402344
2026-04-22,EEM,1.677190899848938
2026-04-23,EEM,3.398055076599121
2026-04-24,EEM,1.485971212387085
2026-04-27,EEM,1.6841458082199097
2026-04-28,EEM,3.0946030616760254
2026-04-29,EEM,3.1519103050231934
2025-12-23,UNH,0.5568175315856934
2025-12-24,UNH,-1.3813941478729248
2025-12-26,UNH,0.17599457502365112
2025-12-29,UNH,-1.485581874847412
2025-12-30,UNH,1.937074899673462
2025-12-31,UNH,1.899922490119934
2026-01-02,UNH,1.8596166372299194
2026-01-05,UNH,1.469374418258667
2026-01-06,UNH,1.6161129474639893
2026-01-07,UNH,1.9339807033538818
2026-01-08,UNH,1.3614864349365234
2026-01-09,UNH,1.7246735095977783
2026-01-12,UNH,2.062464952468872
2026-01-13,UNH,1.529692530632019
2026-01-14,UNH,1.7283058166503906
2026-01-15,UNH,2.1679458618164062
2026-01-16,UNH,0.7085991501808167
2026-01-20,UNH,2.0339624881744385
2026-01-21,UNH,1.3464781045913696
2026-01-22,UNH,1.0885270833969116
2026-01-23,UNH,1.0664442777633667
2026-01-26,UNH,1.4119393825531006
2026-01-27,UNH,2.0153961181640625
2026-01-28,UNH,1.5995805263519287
2026-01-29,UNH,1.4181092977523804
2026-01-30,UNH,1.5950167179107666
2026-02-02,UNH,1.490890383720398
2026-02-03,UNH,1.4124103784561157
2026-02-04,UNH,1.5063741207122803
2026-02-05,UNH,1.5353366136550903
2026-02-06,UNH,0.7028216123580933
2026-02-09,UNH,0.7509236335754395
2026-02-10,UNH,0.9391946792602539
2026-02-11,UNH,0.4185028672218323
2026-02-12,UNH,0.15238730609416962
2026-02-13,UNH,1.4144783020019531
2026-02-17,UNH,0.12998226284980774
2026-02-18,UNH,-0.3719714879989624
2026-02-19,UNH,-0.40166133642196655
2026-02-20,UNH,-0.37358105182647705
2026-02-23,UNH,-0.41041886806488037
2026-02-24,UNH,0.1319250762462616
2026-02-25,UNH,0.4234045445919037
2026-02-26,UNH,1.0158932209014893
2026-02-27,UNH,0.8411399722099304
2026-03-02,UNH,0.9436834454536438
2026-03-03,UNH,0.8192871809005737
2026-03-04,UNH,1.0499470233917236
2026-03-05,UNH,1.2650319337844849
2026-03-06,UNH,1.310411810874939
2026-03-09,UNH,1.5822577476501465
2026-03-10,UNH,1.3339259624481201
2026-03-11,UNH,1.5549449920654297
2026-03-12,UNH,0.04670192301273346
2026-03-13,UNH,1.392630696296692
2026-03-16,UNH,1.606418251991272
2026-03-17,UNH,1.581002116203308
2026-03-18,UNH,1.58545982837677
2026-03-19,UNH,-0.5071905851364136
2026-03-20,UNH,-0.4309564530849457
2026-03-23,UNH,-0.33353161811828613
2026-03-24,UNH,-0.4281753897666931
2026-03-25,UNH,-0.03708241507411003
2026-03-26,UNH,0.6304677724838257
2026-03-27,UNH,1.3687689304351807
2026-03-30,UNH,1.347131371498108
2026-03-31,UNH,0.2557075619697571
2026-04-01,UNH,0.4786075949668884
2026-04-02,UNH,1.0010768175125122
2026-04-06,UNH,0.2251371294260025
2026-04-07,UNH,0.9154946208000183
2026-04-08,UNH,0.8171088099479675
2026-04-09,UNH,0.5324070453643799
2026-04-10,UNH,0.46201151609420776
2026-04-13,UNH,0.4103021025657654
2026-04-14,UNH,0.4535173773765564
2026-04-15,UNH,0.5482766032218933
2026-04-16,UNH,0.6624216437339783
2026-04-17,UNH,0.7186279892921448
2026-04-20,UNH,0.9690882563591003
2026-04-21,UNH,0.2500607967376709
2026-04-22,UNH,0.21456024050712585
2026-04-23,UNH,0.2785179018974304
2026-04-24,UNH,0.4005575478076935
2026-04-27,UNH,0.5906476378440857
2026-04-28,UNH,0.26254773139953613
2026-04-29,UNH,0.5027101039886475
2025-12-23,NVDA,1.306203842163086
2025-12-24,NVDA,1.1396775245666504
2025-12-26,NVDA,1.0367916822433472
2025-12-29,NVDA,0.9804962277412415
2025-12-30,NVDA,1.1063487529754639
2025-12-31,NVDA,1.237404465675354
2026-01-02,NVDA,1.1789593696594238
2026-01-05,NVDA,1.3576838970184326
2026-01-06,NVDA,1.3142988681793213
2026-01-07,NVDA,1.3310866355895996
2026-01-08,NVDA,1.390860915184021
2026-01-09,NVDA,1.3846588134765625
2026-01-12,NVDA,1.5599209070205688
2026-01-13,NVDA,1.5467195510864258
2026-01-14,NVDA,0.008049527183175087
2026-01-15,NVDA,1.9625505208969116
2026-01-16,NVDA,1.9232079982757568
2026-01-20,NVDA,1.4966046810150146
2026-01-21,NVDA,-0.5439583659172058
2026-01-22,NVDA,-1.6450997591018677
2026-01-23,NVDA,1.3602914810180664
2026-01-26,NVDA,1.4283720254898071
2026-01-27,NVDA,1.6158359050750732
2026-01-28,NVDA,1.92135751247406
2026-01-29,NVDA,1.920628547668457
2026-01-30,NVDA,1.6994234323501587
2026-02-02,NVDA,1.1204304695129395
2026-02-03,NVDA,0.7926508784294128
2026-02-04,NVDA,0.867981493473053
2026-02-05,NVDA,0.6689873337745667
2026-02-06,NVDA,-1.1981027126312256
2026-02-09,NVDA,1.1572755575180054
2026-02-10,NVDA,1.0527069568634033
2026-02-11,NVDA,1.0091909170150757
2026-02-12,NVDA,0.9448602199554443
2026-02-13,NVDA,0.9308471083641052
2026-02-17,NVDA,1.231804609298706
2026-02-18,NVDA,1.3650944232940674
2026-02-19,NVDA,1.3443306684494019
2026-02-20,NVDA,1.3156846761703491
2026-02-23,NVDA,1.2529246807098389
2026-02-24,NVDA,1.2404968738555908
2026-02-25,NVDA,1.4070818424224854
2026-02-26,NVDA,1.208655595779419
2026-02-27,NVDA,0.13634076714515686
2026-03-02,NVDA,-1.0610482692718506
2026-03-03,NVDA,-0.8276416659355164
2026-03-04,NVDA,-1.2621861696243286
2026-03-05,NVDA,-1.2253700494766235
2026-03-06,NVDA,-0.061834562569856644
2026-03-09,NVDA,-1.0637154579162598
2026-03-10,NVDA,-1.0151503086090088
2026-03-11,NVDA,-0.29681119322776794
2026-03-12,NVDA,-1.2021052837371826
2026-03-13,NVDA,-0.8143704533576965
2026-03-16,NVDA,-1.188915491104126
2026-03-17,NVDA,1.7887459993362427
2026-03-18,NVDA,-0.48747584223747253
2026-03-19,NVDA,-0.7038644552230835
2026-03-20,NVDA,0.44353243708610535
2026-03-23,NVDA,-0.4919865131378174
2026-03-24,NVDA,-0.38928499817848206
2026-03-25,NVDA,-0.5426464080810547
2026-03-26,NVDA,0.9028628468513489
2026-03-27,NVDA,1.253891110420227
2026-03-30,NVDA,1.749211311340332
2026-03-31,NVDA,0.09080525487661362
2026-04-01,NVDA,0.3559686243534088
2026-04-02,NVDA,1.330774188041687
2026-04-06,NVDA,0.16662344336509705
2026-04-07,NVDA,0.09277964383363724
2026-04-08,NVDA,0.49283599853515625
2026-04-09,NVDA,0.7306166887283325
2026-04-10,NVDA,1.15721595287323
2026-04-13,NVDA,1.0565627813339233
2026-04-14,NVDA,1.0117908716201782
2026-04-15,NVDA,0.6575534343719482
2026-04-16,NVDA,0.7085726261138916
2026-04-17,NVDA,0.6301698088645935
2026-04-20,NVDA,0.8752435445785522
2026-04-21,NVDA,1.4396528005599976
2026-04-22,NVDA,1.1624104976654053
2026-04-23,NVDA,2.2355642318725586
2026-04-24,NVDA,0.5421085357666016
2026-04-27,NVDA,0.09251382201910019
2026-04-28,NVDA,0.8458617329597473
2026-04-29,NVDA,1.834015965461731
2025-12-23,JPM,2.2571866512298584
2025-12-24,JPM,1.4914801120758057
2025-12-26,JPM,1.7416765689849854
2025-12-29,JPM,2.855872869491577
2025-12-30,JPM,3.1222140789031982
2025-12-31,JPM,3.474468946456909
2026-01-02,JPM,2.6967132091522217
2026-01-05,JPM,0.7161054611206055
2026-01-06,JPM,1.1754930019378662
2026-01-07,JPM,3.3127036094665527
2026-01-08,JPM,2.201242685317993
2026-01-09,JPM,2.7896485328674316
2026-01-12,JPM,2.293506145477295
2026-01-13,JPM,3.806384325027466
2026-01-14,JPM,3.7021591663360596
2026-01-15,JPM,3.1320643424987793
2026-01-16,JPM,1.4063384532928467
2026-01-20,JPM,3.815042734146118
2026-01-21,JPM,4.03852653503418
2026-01-22,JPM,3.2223281860351562
2026-01-23,JPM,4.02422571182251
2026-01-26,JPM,2.823134660720825
2026-01-27,JPM,2.034341335296631
2026-01-28,JPM,1.7813717126846313
2026-01-29,JPM,0.6912402510643005
2026-01-30,JPM,1.1661403179168701
2026-02-02,JPM,4.056329250335693
2026-02-03,JPM,-0.044664934277534485
2026-02-04,JPM,-0.29952502250671387
2026-02-05,JPM,-0.7187979817390442
2026-02-06,JPM,0.6618275046348572
2026-02-09,JPM,1.5311452150344849
2026-02-10,JPM,1.2962387800216675
2026-02-11,JPM,1.101370930671692
2026-02-12,JPM,0.7110967040061951
2026-02-13,JPM,-0.09256336838006973
2026-02-17,JPM,-1.970842957496643
2026-02-18,JPM,-1.8911372423171997
2026-02-19,JPM,-1.9259923696517944
2026-02-20,JPM,3.1451375484466553
2026-02-23,JPM,0.88540118932724
2026-02-24,JPM,0.12543196976184845
2026-02-25,JPM,-1.5674715042114258
2026-02-26,JPM,-2.010328531265259
2026-02-27,JPM,0.022425103932619095
2026-03-02,JPM,-0.017909185960888863
2026-03-03,JPM,-0.9619422554969788
2026-03-04,JPM,-0.9417306184768677
2026-03-05,JPM,0.4471965730190277
2026-03-06,JPM,1.9068210124969482
2026-03-09,JPM,1.9767568111419678
2026-03-10,JPM,2.6375951766967773
2026-03-11,JPM,2.823958396911621
2026-03-12,JPM,2.999223232269287
2026-03-13,JPM,3.2541582584381104
2026-03-16,JPM,1.2397435903549194
2026-03-17,JPM,1.5706194639205933
2026-03-18,JPM,2.157047986984253
2026-03-19,JPM,1.9558535814285278
2026-03-20,JPM,1.9451252222061157
2026-03-23,JPM,1.931439995765686
2026-03-24,JPM,0.012321977876126766
2026-03-25,JPM,-0.41038593649864197
2026-03-26,JPM,-0.9297625422477722
2026-03-27,JPM,1.3620702028274536
2026-03-30,JPM,-0.1381138414144516
2026-03-31,JPM,2.7598400115966797
2026-04-01,JPM,2.6016464233398438
2026-04-02,JPM,1.9135992527008057
2026-04-06,JPM,1.8785969018936157
2026-04-07,JPM,1.8949791193008423
2026-04-08,JPM,1.4414923191070557
2026-04-09,JPM,1.2548414468765259
2026-04-10,JPM,1.1065542697906494
2026-04-13,JPM,0.5203536152839661
2026-04-14,JPM,1.251708745956421
2026-04-15,JPM,2.9322152137756348
2026-04-16,JPM,2.0186660289764404
2026-04-17,JPM,2.5894527435302734
2026-04-20,JPM,0.853876531124115
2026-04-21,JPM,2.6189124584198
2026-04-22,JPM,2.8334603309631348
2026-04-23,JPM,3.08916974067688
2026-04-24,JPM,2.8707587718963623
2026-04-27,JPM,2.717010498046875
2026-04-28,JPM,3.1080734729766846
2026-04-29,JPM,2.9270517826080322
2025-12-23,IWM,3.7391815185546875
2025-12-24,IWM,3.496924638748169
2025-12-26,IWM,3.5996298789978027
2025-12-29,IWM,3.414426565170288
2025-12-30,IWM,2.5584962368011475
2025-12-31,IWM,3.6380436420440674
2026-01-02,IWM,-0.7345669269561768
2026-01-05,IWM,3.205770969390869
2026-01-06,IWM,3.013925313949585
2026-01-07,IWM,2.8613550662994385
2026-01-08,IWM,2.615771532058716
2026-01-09,IWM,2.177410125732422
2026-01-12,IWM,1.562842607498169
2026-01-13,IWM,1.326875925064087
2026-01-14,IWM,0.9118385314941406
2026-01-15,IWM,0.42855173349380493
2026-01-16,IWM,0.6475756168365479
2026-01-20,IWM,2.295985221862793
2026-01-21,IWM,0.33711525797843933
2026-01-22,IWM,0.61356520652771
2026-01-23,IWM,3.1737372875213623
2026-01-26,IWM,3.9955391883850098
2026-01-27,IWM,3.817988395690918
2026-01-28,IWM,3.5028841495513916
2026-01-29,IWM,3.394099473953247
2026-01-30,IWM,3.120518207550049
2026-02-02,IWM,-0.6389951109886169
2026-02-03,IWM,0.6085301637649536
2026-02-04,IWM,2.6588428020477295
2026-02-05,IWM,4.535679340362549
2026-02-06,IWM,2.3462634086608887
2026-02-09,IWM,3.333439826965332
2026-02-10,IWM,3.0152487754821777
2026-02-11,IWM,2.9073197841644287
2026-02-12,IWM,0.1336289644241333
2026-02-13,IWM,2.8881454467773438
2026-02-17,IWM,3.0482287406921387
2026-02-18,IWM,2.915382146835327
2026-02-19,IWM,3.0796635150909424
2026-02-20,IWM,3.2562294006347656
2026-02-23,IWM,2.1803622245788574
2026-02-24,IWM,3.252206325531006
2026-02-25,IWM,3.609865427017212
2026-02-26,IWM,3.644042730331421
2026-02-27,IWM,0.8497976064682007
2026-03-02,IWM,3.8710482120513916
2026-03-03,IWM,-1.3604512214660645
2026-03-04,IWM,-3.29496693611145
2026-03-05,IWM,-1.2344322204589844
2026-03-06,IWM,-0.406404048204422
2026-03-09,IWM,-0.691855251789093
2026-03-10,IWM,0.06998318433761597
2026-03-11,IWM,0.753804624080658
2026-03-12,IWM,1.993634819984436
2026-03-13,IWM,2.7835099697113037
2026-03-16,IWM,0.8964845538139343
2026-03-17,IWM,-0.0016720796702429652
2026-03-18,IWM,1.3856441974639893
2026-03-19,IWM,0.16051514446735382
2026-03-20,IWM,3.109567880630493
2026-03-23,IWM,0.7063149213790894
2026-03-24,IWM,2.0297510623931885
2026-03-25,IWM,4.394444465637207
2026-03-26,IWM,-0.28929445147514343
2026-03-27,IWM,1.2697910070419312
2026-03-30,IWM,1.0194025039672852
2026-03-31,IWM,1.6665911674499512
2026-04-01,IWM,3.5451228618621826
2026-04-02,IWM,1.6305294036865234
2026-04-06,IWM,1.5673354864120483
2026-04-07,IWM,1.5777637958526611
2026-04-08,IWM,2.576389789581299
2026-04-09,IWM,2.4139554500579834
2026-04-10,IWM,2.038846969604492
2026-04-13,IWM,0.9510837197303772
2026-04-14,IWM,0.35404956340789795
2026-04-15,IWM,0.3262304663658142
2026-04-16,IWM,0.6228867769241333
2026-04-17,IWM,0.003550592577084899
2026-04-20,IWM,0.34724077582359314
2026-04-21,IWM,1.4215786457061768
2026-04-22,IWM,0.6500336527824402
2026-04-23,IWM,1.7601709365844727
2026-04-24,IWM,1.7092390060424805
2026-04-27,IWM,1.802105188369751
2026-04-28,IWM,3.584169626235962
2026-04-29,IWM,3.533921003341675
2025-12-23,GLD,0.531271755695343
2025-12-24,GLD,1.05727219581604
2025-12-26,GLD,0.289170503616333
2025-12-29,GLD,2.4182658195495605
2025-12-30,GLD,3.184938669204712
2025-12-31,GLD,1.6061575412750244
2026-01-02,GLD,-0.6843447685241699
2026-01-05,GLD,2.540177345275879
2026-01-06,GLD,2.3448362350463867
2026-01-07,GLD,3.349731922149658
2026-01-08,GLD,3.1367790699005127
2026-01-09,GLD,2.8999221324920654
2026-01-12,GLD,2.2919905185699463
2026-01-13,GLD,2.6952905654907227
2026-01-14,GLD,2.3493664264678955
2026-01-15,GLD,2.9306561946868896
2026-01-16,GLD,3.2685775756835938
2026-01-20,GLD,1.4737573862075806
2026-01-21,GLD,0.8889297246932983
2026-01-22,GLD,0.23974353075027466
2026-01-23,GLD,-0.19524893164634705
2026-01-26,GLD,-0.42129138112068176
2026-01-27,GLD,-0.59782874584198
2026-01-28,GLD,-0.7996411323547363
2026-01-29,GLD,-0.6272612810134888
2026-01-30,GLD,2.1342556476593018
2026-02-02,GLD,3.3307697772979736
2026-02-03,GLD,2.3887317180633545
2026-02-04,GLD,2.3344476222991943
2026-02-05,GLD,-0.6556263566017151
2026-02-06,GLD,2.323768377304077
2026-02-09,GLD,2.3206429481506348
2026-02-10,GLD,2.400057792663574
2026-02-11,GLD,2.405775785446167
2026-02-12,GLD,2.2924671173095703
2026-02-13,GLD,2.3564612865448
2026-02-17,GLD,2.442713737487793
2026-02-18,GLD,2.284388780593872
2026-02-19,GLD,2.2514853477478027
2026-02-20,GLD,2.2642598152160645
2026-02-23,GLD,2.5037295818328857
2026-02-24,GLD,2.437666177749634
2026-02-25,GLD,2.4899966716766357
2026-02-26,GLD,2.5370869636535645
2026-02-27,GLD,2.5638363361358643
2026-03-02,GLD,2.587489366531372
2026-03-03,GLD,2.1584153175354004
2026-03-04,GLD,2.543645143508911
2026-03-05,GLD,2.343695878982544
2026-03-06,GLD,2.6919660568237305
2026-03-09,GLD,2.5719780921936035
2026-03-10,GLD,2.701772451400757
2026-03-11,GLD,2.673830509185791
2026-03-12,GLD,-0.242296501994133
2026-03-13,GLD,0.8986056447029114
2026-03-16,GLD,0.5806435346603394
2026-03-17,GLD,1.4303090572357178
2026-03-18,GLD,2.6169822216033936
2026-03-19,GLD,2.6918399333953857
2026-03-20,GLD,2.7044756412506104
2026-03-23,GLD,3.0439255237579346
2026-03-24,GLD,3.1126182079315186
2026-03-25,GLD,2.6190145015716553
2026-03-26,GLD,2.924956798553467
2026-03-27,GLD,1.4050577878952026
2026-03-30,GLD,1.3291159868240356
2026-03-31,GLD,1.1530739068984985
2026-04-01,GLD,1.6313344240188599
2026-04-02,GLD,-0.4340032935142517
2026-04-06,GLD,-0.47729676961898804
2026-04-07,GLD,-0.39327508211135864
2026-04-08,GLD,-0.22839900851249695
2026-04-09,GLD,-0.17713938653469086
2026-04-10,GLD,-0.0562017485499382
2026-04-13,GLD,0.18842080235481262
2026-04-14,GLD,0.96933513879776
2026-04-15,GLD,1.080460786819458
2026-04-16,GLD,1.7307826280593872
2026-04-17,GLD,1.994041919708252
2026-04-20,GLD,2.0350918769836426
2026-04-21,GLD,1.4917912483215332
2026-04-22,GLD,2.2340431213378906
2026-04-23,GLD,-0.6874681711196899
2026-04-24,GLD,0.5684713125228882
2026-04-27,GLD,-0.18209923803806305
2026-04-28,GLD,0.6777833104133606
2026-04-29,GLD,0.47803768515586853
2025-12-23,USDINR=X,11.343255043029785
2025-12-24,USDINR=X,11.28929328918457
2025-12-26,USDINR=X,-11.431476593017578
2025-12-29,USDINR=X,-2.3292670249938965
2025-12-30,USDINR=X,-3.750035524368286
2025-12-31,USDINR=X,2.666835308074951
2026-01-02,USDINR=X,-8.912334442138672
2026-01-05,USDINR=X,-9.030778884887695
2026-01-06,USDINR=X,12.708296775817871
2026-01-07,USDINR=X,14.575841903686523
2026-01-08,USDINR=X,12.385529518127441
2026-01-09,USDINR=X,13.239296913146973
2026-01-12,USDINR=X,12.841456413269043
2026-01-13,USDINR=X,11.944512367248535
2026-01-14,USDINR=X,10.838858604431152
2026-01-15,USDINR=X,12.38866901397705
2026-01-16,USDINR=X,16.888681411743164
2026-01-19,USDINR=X,18.954395294189453
2026-01-20,USDINR=X,18.558616638183594
2026-01-21,USDINR=X,13.977143287658691
2026-01-22,USDINR=X,5.667550563812256
2026-01-23,USDINR=X,2.5650224685668945
2026-01-26,USDINR=X,2.0008387565612793
2026-01-27,USDINR=X,-0.19127406179904938
2026-01-28,USDINR=X,5.589750289916992
2026-01-29,USDINR=X,-1.9311925172805786
2026-01-30,USDINR=X,4.881887912750244
2026-02-02,USDINR=X,12.743478775024414
2026-02-03,USDINR=X,16.64110565185547
2026-02-04,USDINR=X,14.249593734741211
2026-02-05,USDINR=X,17.01463508605957
2026-02-06,USDINR=X,14.9845609664917
2026-02-09,USDINR=X,1.802114486694336
2026-02-10,USDINR=X,-6.820569038391113
2026-02-11,USDINR=X,5.804225921630859
2026-02-12,USDINR=X,0.0704423263669014
2026-02-13,USDINR=X,3.99800443649292
2026-02-16,USDINR=X,1.6519700288772583
2026-02-17,USDINR=X,-5.094998359680176
2026-02-18,USDINR=X,-2.468816041946411
2026-02-19,USDINR=X,2.3482604026794434
2026-02-20,USDINR=X,11.415448188781738
2026-02-23,USDINR=X,8.169404983520508
2026-02-24,USDINR=X,2.6037490367889404
2026-02-25,USDINR=X,6.261268615722656
2026-02-26,USDINR=X,7.498354434967041
2026-02-27,USDINR=X,12.18017864227295
2026-03-02,USDINR=X,14.741168975830078
2026-03-03,USDINR=X,16.39284896850586
2026-03-04,USDINR=X,14.383977890014648
2026-03-05,USDINR=X,8.077927589416504
2026-03-06,USDINR=X,6.894458770751953
2026-03-09,USDINR=X,2.6806154251098633
2026-03-10,USDINR=X,10.03721809387207
2026-03-11,USDINR=X,0.19195431470870972
2026-03-12,USDINR=X,3.261887311935425
2026-03-13,USDINR=X,2.7425622940063477
2026-03-16,USDINR=X,1.8179548978805542
2026-03-17,USDINR=X,8.777960777282715
2026-03-18,USDINR=X,6.123874187469482
2026-03-19,USDINR=X,-1.3880113363265991
2026-03-20,USDINR=X,1.8194668292999268
2026-03-23,USDINR=X,-2.491084575653076
2026-03-24,USDINR=X,4.600315093994141
2026-03-25,USDINR=X,-0.9550701975822449
2026-03-26,USDINR=X,0.3642485737800598
2026-03-27,USDINR=X,3.0143396854400635
2026-03-30,USDINR=X,-0.07109394669532776
2026-03-31,USDINR=X,4.805220603942871
2026-04-01,USDINR=X,9.336999893188477
2026-04-02,USDINR=X,7.233107566833496
2026-04-03,USDINR=X,10.481560707092285
2026-04-06,USDINR=X,-3.818573474884033
2026-04-07,USDINR=X,5.898877143859863
2026-04-08,USDINR=X,4.919232368469238
2026-04-09,USDINR=X,11.302602767944336
2026-04-10,USDINR=X,7.775177001953125
2026-04-13,USDINR=X,6.112789630889893
2026-04-14,USDINR=X,6.695888042449951
2026-04-15,USDINR=X,0.061991412192583084
2026-04-16,USDINR=X,8.114521980285645
2026-04-17,USDINR=X,8.442410469055176
2026-04-20,USDINR=X,-3.2513644695281982
2026-04-21,USDINR=X,-7.0284833908081055
2026-04-22,USDINR=X,5.834819316864014
2026-04-23,USDINR=X,8.274539947509766
2026-04-24,USDINR=X,9.130936622619629
2026-04-27,USDINR=X,9.315093040466309
2026-04-28,USDINR=X,9.310349464416504
2026-04-29,USDINR=X,9.163660049438477
2025-12-23,AMZN,1.7058347463607788
2025-12-24,AMZN,1.719343900680542
2025-12-26,AMZN,1.5152990818023682
2025-12-29,AMZN,1.5968388319015503
2025-12-30,AMZN,1.5984728336334229
2025-12-31,AMZN,1.6289221048355103
2026-01-02,AMZN,1.1000206470489502
2026-01-05,AMZN,1.80442476272583
2026-01-06,AMZN,2.036987781524658
2026-01-07,AMZN,2.0203943252563477
2026-01-08,AMZN,1.4046895503997803
2026-01-09,AMZN,0.8250378370285034
2026-01-12,AMZN,0.7217535972595215
2026-01-13,AMZN,1.8850237131118774
2026-01-14,AMZN,2.5225372314453125
2026-01-15,AMZN,2.581613779067993
2026-01-16,AMZN,2.576744318008423
2026-01-20,AMZN,2.032968521118164
2026-01-21,AMZN,1.684279441833496
2026-01-22,AMZN,2.0418386459350586
2026-01-23,AMZN,2.343097686767578
2026-01-26,AMZN,2.394510507583618
2026-01-27,AMZN,1.5349016189575195
2026-01-28,AMZN,2.314478635787964
2026-01-29,AMZN,2.365496873855591
2026-01-30,AMZN,2.28859806060791
2026-02-02,AMZN,2.286881923675537
2026-02-03,AMZN,2.1563968658447266
2026-02-04,AMZN,0.703492283821106
2026-02-05,AMZN,1.9423714876174927
2026-02-06,AMZN,1.650955080986023
2026-02-09,AMZN,2.7023279666900635
2026-02-10,AMZN,2.7148964405059814
2026-02-11,AMZN,2.8438069820404053
2026-02-12,AMZN,2.9766013622283936
2026-02-13,AMZN,2.9984066486358643
2026-02-17,AMZN,2.755002975463867
2026-02-18,AMZN,1.8992445468902588
2026-02-19,AMZN,1.8480019569396973
2026-02-20,AMZN,1.2955421209335327
2026-02-23,AMZN,1.5159178972244263
2026-02-24,AMZN,1.4368534088134766
2026-02-25,AMZN,1.7517483234405518
2026-02-26,AMZN,-0.46171149611473083
2026-02-27,AMZN,-0.45250222086906433
2026-03-02,AMZN,-0.5553492903709412
2026-03-03,AMZN,-0.563203752040863
2026-03-04,AMZN,0.2883202135562897
2026-03-05,AMZN,1.3952457904815674
2026-03-06,AMZN,1.230669379234314
2026-03-09,AMZN,1.59686279296875
2026-03-10,AMZN,1.943091630935669
2026-03-11,AMZN,2.208984613418579
2026-03-12,AMZN,2.00537371635437
2026-03-13,AMZN,0.5085374712944031
2026-03-16,AMZN,2.6558663845062256
2026-03-17,AMZN,2.6867308616638184
2026-03-18,AMZN,-0.7970664501190186
2026-03-19,AMZN,0.18745920062065125
2026-03-20,AMZN,1.1115089654922485
2026-03-23,AMZN,-1.902635097503662
2026-03-24,AMZN,0.36604681611061096
2026-03-25,AMZN,2.0993878841400146
2026-03-26,AMZN,-0.18855442106723785
2026-03-27,AMZN,1.8619285821914673
2026-03-30,AMZN,0.4394361972808838
2026-03-31,AMZN,-1.1399697065353394
2026-04-01,AMZN,-0.9894197583198547
2026-04-02,AMZN,0.9757950901985168
2026-04-06,AMZN,1.3499042987823486
2026-04-07,AMZN,1.3610533475875854
2026-04-08,AMZN,1.8778070211410522
2026-04-09,AMZN,1.8771564960479736
2026-04-10,AMZN,1.3612090349197388
2026-04-13,AMZN,0.49665477871894836
2026-04-14,AMZN,-0.03959432244300842
2026-04-15,AMZN,0.10394459962844849
2026-04-16,AMZN,0.3100886940956116
2026-04-17,AMZN,0.7683430910110474
2026-04-20,AMZN,1.34005868434906
2026-04-21,AMZN,1.4311357736587524
2026-04-22,AMZN,0.932361900806427
2026-04-23,AMZN,1.4517035484313965
2026-04-24,AMZN,0.4803944230079651
2026-04-27,AMZN,1.2997475862503052
2026-04-28,AMZN,1.6787060499191284
2026-04-29,AMZN,1.3413732051849365
