time,symbol,weight
2025-02-24,HDFCBANK.NS,0.5633866190910339
2025-02-25,HDFCBANK.NS,0.5185256004333496
2025-02-27,HDFCBANK.NS,0.605413556098938
2025-02-28,HDFCBANK.NS,0.7689694166183472
2025-03-03,HDFCBANK.NS,0.8061099648475647
2025-03-04,HDFCBANK.NS,0.9013927578926086
2025-03-05,HDFCBANK.NS,0.770951509475708
2025-03-06,HDFCBANK.NS,0.7263578772544861
2025-03-07,HDFCBANK.NS,0.6773836016654968
2025-03-10,HDFCBANK.NS,0.6224616169929504
2025-03-11,HDFCBANK.NS,0.5725873708724976
2025-03-12,HDFCBANK.NS,0.7268305420875549
2025-03-13,HDFCBANK.NS,0.8132889270782471
2025-03-17,HDFCBANK.NS,0.8928738236427307
2025-03-18,HDFCBANK.NS,0.9428266286849976
2025-03-19,HDFCBANK.NS,1.1137257814407349
2025-03-20,HDFCBANK.NS,1.2425371408462524
2025-03-21,HDFCBANK.NS,1.297317385673523
2025-03-24,HDFCBANK.NS,1.3278709650039673
2025-03-25,HDFCBANK.NS,1.3361334800720215
2025-03-26,HDFCBANK.NS,1.289618730545044
2025-03-27,HDFCBANK.NS,1.2674858570098877
2025-03-28,HDFCBANK.NS,1.2406927347183228
2025-04-01,HDFCBANK.NS,1.1637718677520752
2025-04-02,HDFCBANK.NS,1.1270729303359985
2025-04-03,HDFCBANK.NS,1.1114457845687866
2025-04-04,HDFCBANK.NS,1.1212596893310547
2025-04-07,HDFCBANK.NS,1.0163354873657227
2025-04-08,HDFCBANK.NS,0.9449173808097839
2025-04-09,HDFCBANK.NS,0.8754315972328186
2025-04-11,HDFCBANK.NS,0.9322441816329956
2025-04-15,HDFCBANK.NS,1.0328196287155151
2025-04-16,HDFCBANK.NS,1.1023168563842773
2025-04-17,HDFCBANK.NS,1.162522792816162
2025-04-21,HDFCBANK.NS,1.1990479230880737
2025-04-22,HDFCBANK.NS,1.2194244861602783
2025-04-23,HDFCBANK.NS,1.1643784046173096
2025-04-24,HDFCBANK.NS,1.121106743812561
2025-04-25,HDFCBANK.NS,1.0835691690444946
2025-04-28,HDFCBANK.NS,1.0685514211654663
2025-04-29,HDFCBANK.NS,1.0521386861801147
2025-04-30,HDFCBANK.NS,1.0620688199996948
2025-05-02,HDFCBANK.NS,1.0678976774215698
2025-05-05,HDFCBANK.NS,1.077150583267212
2025-05-06,HDFCBANK.NS,1.0658963918685913
2025-05-07,HDFCBANK.NS,1.072278618812561
2025-05-08,HDFCBANK.NS,0.9842740893363953
2025-05-09,HDFCBANK.NS,0.815281331539154
2025-05-12,HDFCBANK.NS,0.920454740524292
2025-05-13,HDFCBANK.NS,0.8724382519721985
2025-05-14,HDFCBANK.NS,0.8325319290161133
2025-05-15,HDFCBANK.NS,0.8806799054145813
2025-05-16,HDFCBANK.NS,0.9136630892753601
2025-05-19,HDFCBANK.NS,0.9481824636459351
2025-05-20,HDFCBANK.NS,0.863995373249054
2025-05-21,HDFCBANK.NS,0.9001708030700684
2025-05-22,HDFCBANK.NS,0.8753002285957336
2025-05-23,HDFCBANK.NS,0.9227290749549866
2025-05-26,HDFCBANK.NS,0.9660303592681885
2025-05-27,HDFCBANK.NS,0.96638023853302
2025-05-28,HDFCBANK.NS,0.9397088289260864
2025-05-29,HDFCBANK.NS,0.9245061874389648
2025-05-30,HDFCBANK.NS,1.0071498155593872
2025-06-02,HDFCBANK.NS,1.0153508186340332
2025-06-03,HDFCBANK.NS,0.9762619137763977
2025-06-04,HDFCBANK.NS,1.029782772064209
2025-06-05,HDFCBANK.NS,1.0810056924819946
2025-06-06,HDFCBANK.NS,1.215011477470398
2025-06-09,HDFCBANK.NS,1.2698205709457397
2025-06-10,HDFCBANK.NS,1.233267903327942
2025-06-11,HDFCBANK.NS,1.1347535848617554
2025-06-12,HDFCBANK.NS,1.0062158107757568
2025-06-13,HDFCBANK.NS,0.7287079095840454
2025-06-16,HDFCBANK.NS,0.7824569344520569
2025-06-17,HDFCBANK.NS,0.7363504767417908
2025-06-18,HDFCBANK.NS,0.7638289928436279
2025-06-19,HDFCBANK.NS,0.7728899717330933
2025-06-20,HDFCBANK.NS,0.9537883400917053
2025-06-23,HDFCBANK.NS,0.9483198523521423
2025-06-24,HDFCBANK.NS,1.0092567205429077
2025-06-25,HDFCBANK.NS,1.117621660232544
2025-06-26,HDFCBANK.NS,1.2447787523269653
2025-06-27,HDFCBANK.NS,1.3056659698486328
2025-02-24,RELIANCE.NS,0.6695418357849121
2025-02-25,RELIANCE.NS,1.0676546096801758
2025-02-27,RELIANCE.NS,1.3948075771331787
2025-02-28,RELIANCE.NS,1.6911834478378296
2025-03-03,RELIANCE.NS,1.9235260486602783
2025-03-04,RELIANCE.NS,2.146139621734619
2025-03-05,RELIANCE.NS,2.1920650005340576
2025-03-06,RELIANCE.NS,1.500645399093628
2025-03-07,RELIANCE.NS,1.0538835525512695
2025-03-10,RELIANCE.NS,0.9197410345077515
2025-03-11,RELIANCE.NS,0.9174484014511108
2025-03-12,RELIANCE.NS,0.962949275970459
2025-03-13,RELIANCE.NS,0.9734611511230469
2025-03-17,RELIANCE.NS,0.9841125011444092
2025-03-18,RELIANCE.NS,0.9925878047943115
2025-03-19,RELIANCE.NS,0.995489239692688
2025-03-20,RELIANCE.NS,1.008250117301941
2025-03-21,RELIANCE.NS,1.023366928100586
2025-03-24,RELIANCE.NS,1.0550510883331299
2025-03-25,RELIANCE.NS,1.0336556434631348
2025-03-26,RELIANCE.NS,1.0102035999298096
2025-03-27,RELIANCE.NS,0.9868531227111816
2025-03-28,RELIANCE.NS,0.9564386606216431
2025-04-01,RELIANCE.NS,0.829647958278656
2025-04-02,RELIANCE.NS,0.7707997560501099
2025-04-03,RELIANCE.NS,0.715739905834198
2025-04-04,RELIANCE.NS,0.5606515407562256
2025-04-07,RELIANCE.NS,0.7924885749816895
2025-04-08,RELIANCE.NS,1.1252851486206055
2025-04-09,RELIANCE.NS,1.4058504104614258
2025-04-11,RELIANCE.NS,1.1395996809005737
2025-04-15,RELIANCE.NS,0.8502744436264038
2025-04-16,RELIANCE.NS,0.7601326704025269
2025-04-17,RELIANCE.NS,0.7872368693351746
2025-04-21,RELIANCE.NS,0.8390399217605591
2025-04-22,RELIANCE.NS,0.8866302967071533
2025-04-23,RELIANCE.NS,0.9184743762016296
2025-04-24,RELIANCE.NS,0.9379503130912781
2025-04-25,RELIANCE.NS,0.9505260586738586
2025-04-28,RELIANCE.NS,0.9596514701843262
2025-04-29,RELIANCE.NS,0.9915733337402344
2025-04-30,RELIANCE.NS,0.9964086413383484
2025-05-02,RELIANCE.NS,0.9902059435844421
2025-05-05,RELIANCE.NS,0.9808664321899414
2025-05-06,RELIANCE.NS,0.959980845451355
2025-05-07,RELIANCE.NS,0.9368525147438049
2025-05-08,RELIANCE.NS,0.9281544089317322
2025-05-09,RELIANCE.NS,0.8910619020462036
2025-05-12,RELIANCE.NS,0.8684600591659546
2025-05-13,RELIANCE.NS,0.8608076572418213
2025-05-14,RELIANCE.NS,0.8742440938949585
2025-05-15,RELIANCE.NS,0.8759803771972656
2025-05-16,RELIANCE.NS,0.8806465864181519
2025-05-19,RELIANCE.NS,0.8746525645256042
2025-05-20,RELIANCE.NS,0.8481593132019043
2025-05-21,RELIANCE.NS,0.8326333165168762
2025-05-22,RELIANCE.NS,0.7529537081718445
2025-05-23,RELIANCE.NS,0.765484631061554
2025-05-26,RELIANCE.NS,0.7886751294136047
2025-05-27,RELIANCE.NS,0.7787409424781799
2025-05-28,RELIANCE.NS,0.731723427772522
2025-05-29,RELIANCE.NS,0.7101938128471375
2025-05-30,RELIANCE.NS,0.6832610368728638
2025-06-02,RELIANCE.NS,0.6143999099731445
2025-06-03,RELIANCE.NS,0.5138971209526062
2025-06-04,RELIANCE.NS,0.5637986660003662
2025-06-05,RELIANCE.NS,0.7182938456535339
2025-06-06,RELIANCE.NS,0.8037149906158447
2025-06-09,RELIANCE.NS,0.8708997964859009
2025-06-10,RELIANCE.NS,0.9077768921852112
2025-06-11,RELIANCE.NS,0.9244785308837891
2025-06-12,RELIANCE.NS,0.9305837750434875
2025-06-13,RELIANCE.NS,0.9086889624595642
2025-06-16,RELIANCE.NS,0.9040731191635132
2025-06-17,RELIANCE.NS,0.8820576667785645
2025-06-18,RELIANCE.NS,0.869996964931488
2025-06-19,RELIANCE.NS,0.8793420195579529
2025-06-20,RELIANCE.NS,1.0007567405700684
2025-06-23,RELIANCE.NS,0.9992868304252625
2025-06-24,RELIANCE.NS,0.9626360535621643
2025-06-25,RELIANCE.NS,1.0144774913787842
2025-06-26,RELIANCE.NS,1.0949901342391968
2025-06-27,RELIANCE.NS,1.1401034593582153
2025-02-24,INFY.NS,1.1212691068649292
2025-02-25,INFY.NS,1.3754785060882568
2025-02-27,INFY.NS,1.536600947380066
2025-02-28,INFY.NS,1.6088789701461792
2025-03-03,INFY.NS,1.7059321403503418
2025-03-04,INFY.NS,1.7874488830566406
2025-03-05,INFY.NS,1.769816517829895
2025-03-06,INFY.NS,1.7481945753097534
2025-03-07,INFY.NS,1.773388147354126
2025-03-10,INFY.NS,1.7248097658157349
2025-03-11,INFY.NS,1.745849847793579
2025-03-12,INFY.NS,1.7285765409469604
2025-03-13,INFY.NS,1.8043274879455566
2025-03-17,INFY.NS,1.8038315773010254
2025-03-18,INFY.NS,1.8045308589935303
2025-03-19,INFY.NS,1.8250247240066528
2025-03-20,INFY.NS,1.6986554861068726
2025-03-21,INFY.NS,1.685418963432312
2025-03-24,INFY.NS,1.6893246173858643
2025-03-25,INFY.NS,1.4969309568405151
2025-03-26,INFY.NS,1.4902578592300415
2025-03-27,INFY.NS,1.470149040222168
2025-03-28,INFY.NS,1.5363457202911377
2025-04-01,INFY.NS,1.6300643682479858
2025-04-02,INFY.NS,1.623122215270996
2025-04-03,INFY.NS,1.643441081047058
2025-04-04,INFY.NS,1.6885789632797241
2025-04-07,INFY.NS,1.6881150007247925
2025-04-08,INFY.NS,1.6588553190231323
2025-04-09,INFY.NS,1.6658934354782104
2025-04-11,INFY.NS,1.6906977891921997
2025-04-15,INFY.NS,1.6545236110687256
2025-04-16,INFY.NS,1.6367496252059937
2025-04-17,INFY.NS,1.6041659116744995
2025-04-21,INFY.NS,1.464310646057129
2025-04-22,INFY.NS,1.4464112520217896
2025-04-23,INFY.NS,1.1668565273284912
2025-04-24,INFY.NS,0.9345170855522156
2025-04-25,INFY.NS,0.6988849639892578
2025-04-28,INFY.NS,0.5903251767158508
2025-04-29,INFY.NS,0.5884779095649719
2025-04-30,INFY.NS,0.6199061274528503
2025-05-02,INFY.NS,0.6512818336486816
2025-05-05,INFY.NS,0.679141104221344
2025-05-06,INFY.NS,0.704416811466217
2025-05-07,INFY.NS,0.7227122783660889
2025-05-08,INFY.NS,0.7404568195343018
2025-05-09,INFY.NS,0.7594104409217834
2025-05-12,INFY.NS,0.7800365686416626
2025-05-13,INFY.NS,0.7609190940856934
2025-05-14,INFY.NS,0.7903920412063599
2025-05-15,INFY.NS,0.8128847479820251
2025-05-16,INFY.NS,0.7842892408370972
2025-05-19,INFY.NS,0.7217110991477966
2025-05-20,INFY.NS,0.6814028024673462
2025-05-21,INFY.NS,0.6621237993240356
2025-05-22,INFY.NS,0.6142987012863159
2025-05-23,INFY.NS,0.6186986565589905
2025-05-26,INFY.NS,0.6423873901367188
2025-05-27,INFY.NS,0.6446800231933594
2025-05-28,INFY.NS,0.6553749442100525
2025-05-29,INFY.NS,0.6570586562156677
2025-05-30,INFY.NS,0.6595505475997925
2025-06-02,INFY.NS,0.6330156326293945
2025-06-03,INFY.NS,0.5870836973190308
2025-06-04,INFY.NS,0.6385506987571716
2025-06-05,INFY.NS,0.6940940022468567
2025-06-06,INFY.NS,0.7441213130950928
2025-06-09,INFY.NS,0.765833854675293
2025-06-10,INFY.NS,0.8346000909805298
2025-06-11,INFY.NS,0.8987715244293213
2025-06-12,INFY.NS,0.9021334052085876
2025-06-13,INFY.NS,0.8804468512535095
2025-06-16,INFY.NS,0.8899973630905151
2025-06-17,INFY.NS,0.8921577334403992
2025-06-18,INFY.NS,0.863940954208374
2025-06-19,INFY.NS,0.835386335849762
2025-06-20,INFY.NS,0.8228229880332947
2025-06-23,INFY.NS,0.7530463337898254
2025-06-24,INFY.NS,0.7026883959770203
2025-06-25,INFY.NS,0.7166313529014587
2025-06-26,INFY.NS,0.7167443633079529
2025-06-27,INFY.NS,0.6941257119178772
2025-02-26,QQQ,0.7411065101623535
2025-02-27,QQQ,1.0601171255111694
2025-02-28,QQQ,1.3294912576675415
2025-03-03,QQQ,1.6285982131958008
2025-03-04,QQQ,1.9230328798294067
2025-03-05,QQQ,1.9317545890808105
2025-03-06,QQQ,2.0270557403564453
2025-03-07,QQQ,2.1065642833709717
2025-03-10,QQQ,2.0802741050720215
2025-03-11,QQQ,2.192206621170044
2025-03-12,QQQ,2.1616995334625244
2025-03-13,QQQ,2.191882848739624
2025-03-14,QQQ,1.8808486461639404
2025-03-17,QQQ,1.5007381439208984
2025-03-18,QQQ,1.2515263557434082
2025-03-19,QQQ,0.9602388739585876
2025-03-20,QQQ,0.757461667060852
2025-03-21,QQQ,0.6595320105552673
2025-03-24,QQQ,0.7086396813392639
2025-03-25,QQQ,0.826540470123291
2025-03-26,QQQ,0.8830504417419434
2025-03-27,QQQ,0.9019774198532104
2025-03-28,QQQ,0.654666006565094
2025-03-31,QQQ,0.5606423020362854
2025-04-01,QQQ,0.5495604276657104
2025-04-02,QQQ,0.6124327182769775
2025-04-03,QQQ,0.5968062281608582
2025-04-04,QQQ,0.8717389106750488
2025-04-07,QQQ,1.2335776090621948
2025-04-08,QQQ,1.5007398128509521
2025-04-09,QQQ,0.8660311698913574
2025-04-10,QQQ,0.6494923830032349
2025-04-11,QQQ,0.5308650732040405
2025-04-14,QQQ,0.4931514859199524
2025-04-15,QQQ,0.5137192606925964
2025-04-16,QQQ,0.4695226848125458
2025-04-17,QQQ,0.4552600681781769
2025-04-21,QQQ,0.3767336905002594
2025-04-22,QQQ,0.4114019274711609
2025-04-23,QQQ,0.4979550242424011
2025-04-24,QQQ,0.5597987174987793
2025-04-25,QQQ,0.601813018321991
2025-04-28,QQQ,0.6308707594871521
2025-04-29,QQQ,0.6477970480918884
2025-04-30,QQQ,0.6639029383659363
2025-05-01,QQQ,0.6775055527687073
2025-05-02,QQQ,0.6908369064331055
2025-05-05,QQQ,0.6938624382019043
2025-05-06,QQQ,0.6940940618515015
2025-05-07,QQQ,0.6957217454910278
2025-05-08,QQQ,0.6968485713005066
2025-05-09,QQQ,0.6954553127288818
2025-05-12,QQQ,0.7022284269332886
2025-05-13,QQQ,0.7218526601791382
2025-05-14,QQQ,0.7300101518630981
2025-05-15,QQQ,0.7292259931564331
2025-05-16,QQQ,0.7289437055587769
2025-05-19,QQQ,0.7248471975326538
2025-05-20,QQQ,0.7204389572143555
2025-05-21,QQQ,0.7173531651496887
2025-05-22,QQQ,0.7183061242103577
2025-05-23,QQQ,0.7152323126792908
2025-05-27,QQQ,0.7164565324783325
2025-05-28,QQQ,0.7223783731460571
2025-05-29,QQQ,0.7326265573501587
2025-05-30,QQQ,0.7291153073310852
2025-06-02,QQQ,0.7338707447052002
2025-06-03,QQQ,0.7376574277877808
2025-06-04,QQQ,0.7440040111541748
2025-06-05,QQQ,0.7463477849960327
2025-06-06,QQQ,0.7590770721435547
2025-06-09,QQQ,0.7800432443618774
2025-06-10,QQQ,0.8095502853393555
2025-06-11,QQQ,0.7954314947128296
2025-06-12,QQQ,0.788689374923706
2025-06-13,QQQ,0.7567712068557739
2025-06-16,QQQ,0.7595506906509399
2025-06-17,QQQ,0.7358604073524475
2025-06-18,QQQ,0.7344604134559631
2025-06-20,QQQ,0.6657129526138306
2025-06-23,QQQ,0.6982987523078918
2025-06-24,QQQ,0.7887845039367676
2025-06-25,QQQ,0.830742597579956
2025-06-26,QQQ,0.8730741739273071
2025-06-27,QQQ,0.891669511795044
2025-02-26,EEM,1.364768385887146
2025-02-27,EEM,1.2068966627120972
2025-02-28,EEM,0.9226064682006836
2025-03-03,EEM,0.6933072209358215
2025-03-04,EEM,0.6532010436058044
2025-03-05,EEM,0.8132908344268799
2025-03-06,EEM,0.9400913715362549
2025-03-07,EEM,1.0798592567443848
2025-03-10,EEM,0.8440680503845215
2025-03-11,EEM,0.8762231469154358
2025-03-12,EEM,0.9445212483406067
2025-03-13,EEM,0.959636926651001
2025-03-14,EEM,1.0969873666763306
2025-03-17,EEM,1.2141573429107666
2025-03-18,EEM,1.2502191066741943
2025-03-19,EEM,1.2785266637802124
2025-03-20,EEM,1.2745015621185303
2025-03-21,EEM,1.2606794834136963
2025-03-24,EEM,1.241307258605957
2025-03-25,EEM,1.226074457168579
2025-03-26,EEM,1.1917660236358643
2025-03-27,EEM,1.192667841911316
2025-03-28,EEM,0.9349820017814636
2025-03-31,EEM,0.7401634454727173
2025-04-01,EEM,0.6601659059524536
2025-04-02,EEM,0.6499208807945251
2025-04-03,EEM,0.7067515850067139
2025-04-04,EEM,1.0281747579574585
2025-04-07,EEM,1.4602234363555908
2025-04-08,EEM,1.878871202468872
2025-04-09,EEM,1.57624089717865
2025-04-10,EEM,1.5076663494110107
2025-04-11,EEM,1.0933423042297363
2025-04-14,EEM,0.8086780309677124
2025-04-15,EEM,0.7144328951835632
2025-04-16,EEM,0.6848568320274353
2025-04-17,EEM,0.7298938632011414
2025-04-21,EEM,0.7722995281219482
2025-04-22,EEM,0.835834264755249
2025-04-23,EEM,0.8926125168800354
2025-04-24,EEM,0.9170246124267578
2025-04-25,EEM,0.9344988465309143
2025-04-28,EEM,0.9438032507896423
2025-04-29,EEM,0.9458963871002197
2025-04-30,EEM,0.9528211355209351
2025-05-01,EEM,0.9536058306694031
2025-05-02,EEM,0.9643728137016296
2025-05-05,EEM,0.978740394115448
2025-05-06,EEM,0.9808462262153625
2025-05-07,EEM,0.9715880155563354
2025-05-08,EEM,0.9700573086738586
2025-05-09,EEM,0.9667307138442993
2025-05-12,EEM,0.9806827306747437
2025-05-13,EEM,0.9831418395042419
2025-05-14,EEM,0.9905841946601868
2025-05-15,EEM,0.988757848739624
2025-05-16,EEM,0.9889470934867859
2025-05-19,EEM,0.9922671318054199
2025-05-20,EEM,0.9953319430351257
2025-05-21,EEM,1.0004401206970215
2025-05-22,EEM,1.0067793130874634
2025-05-23,EEM,1.0149219036102295
2025-05-27,EEM,1.0214173793792725
2025-05-28,EEM,1.0348047018051147
2025-05-29,EEM,1.0409289598464966
2025-05-30,EEM,0.8608322739601135
2025-06-02,EEM,0.8123611211776733
2025-06-03,EEM,0.8227462768554688
2025-06-04,EEM,0.9203394651412964
2025-06-05,EEM,1.0121843814849854
2025-06-06,EEM,1.0917854309082031
2025-06-09,EEM,1.1824517250061035
2025-06-10,EEM,1.227205514907837
2025-06-11,EEM,1.236082673072815
2025-06-12,EEM,1.2132227420806885
2025-06-13,EEM,1.1342328786849976
2025-06-16,EEM,1.1114555597305298
2025-06-17,EEM,1.0597246885299683
2025-06-18,EEM,1.042422890663147
2025-06-20,EEM,0.9825019240379333
2025-06-23,EEM,0.9828169941902161
2025-06-24,EEM,1.061960220336914
2025-06-25,EEM,1.0913079977035522
2025-06-26,EEM,1.1241284608840942
2025-06-27,EEM,1.1161588430404663
2025-02-26,TSLA,0.4951547682285309
2025-02-27,TSLA,0.5795827507972717
2025-02-28,TSLA,0.6029495000839233
2025-03-03,TSLA,0.6282534003257751
2025-03-04,TSLA,0.6565223932266235
2025-03-05,TSLA,0.6499291658401489
2025-03-06,TSLA,0.660463273525238
2025-03-07,TSLA,0.6738466024398804
2025-03-10,TSLA,0.6324479579925537
2025-03-11,TSLA,0.6381344795227051
2025-03-12,TSLA,0.6026836037635803
2025-03-13,TSLA,0.6056995987892151
2025-03-14,TSLA,0.5519285202026367
2025-03-17,TSLA,0.5263620615005493
2025-03-18,TSLA,0.5469154715538025
2025-03-19,TSLA,0.523392915725708
2025-03-20,TSLA,0.4980585277080536
2025-03-21,TSLA,0.37573572993278503
2025-03-24,TSLA,0.2621575593948364
2025-03-25,TSLA,0.23459281027317047
2025-03-26,TSLA,0.24268771708011627
2025-03-27,TSLA,0.25552821159362793
2025-03-28,TSLA,0.2606542706489563
2025-03-31,TSLA,0.2588176727294922
2025-04-01,TSLA,0.2616567611694336
2025-04-02,TSLA,0.2778046727180481
2025-04-03,TSLA,0.27639123797416687
2025-04-04,TSLA,0.22851814329624176
2025-04-07,TSLA,0.17367063462734222
2025-04-08,TSLA,0.15387022495269775
2025-04-09,TSLA,0.17112866044044495
2025-04-10,TSLA,0.17398859560489655
2025-04-11,TSLA,0.18530769646167755
2025-04-14,TSLA,0.19353850185871124
2025-04-15,TSLA,0.20375776290893555
2025-04-16,TSLA,0.17356020212173462
2025-04-17,TSLA,0.1550411731004715
2025-04-21,TSLA,0.1216859295964241
2025-04-22,TSLA,0.1242297887802124
2025-04-23,TSLA,0.15701597929000854
2025-04-24,TSLA,0.19246278703212738
2025-04-25,TSLA,0.23404254019260406
2025-04-28,TSLA,0.25461894273757935
2025-04-29,TSLA,0.2670166492462158
2025-04-30,TSLA,0.2685110569000244
2025-05-01,TSLA,0.26885709166526794
2025-05-02,TSLA,0.270471453666687
2025-05-05,TSLA,0.26936808228492737
2025-05-06,TSLA,0.27112361788749695
2025-05-07,TSLA,0.27299848198890686
2025-05-08,TSLA,0.27443742752075195
2025-05-09,TSLA,0.2743373215198517
2025-05-12,TSLA,0.28246045112609863
2025-05-13,TSLA,0.29543063044548035
2025-05-14,TSLA,0.30603790283203125
2025-05-15,TSLA,0.3067396283149719
2025-05-16,TSLA,0.30524712800979614
2025-05-19,TSLA,0.2969984710216522
2025-05-20,TSLA,0.2923825979232788
2025-05-21,TSLA,0.2874729037284851
2025-05-22,TSLA,0.28732481598854065
2025-05-23,TSLA,0.2879384756088257
2025-05-27,TSLA,0.28694555163383484
2025-05-28,TSLA,0.28749310970306396
2025-05-29,TSLA,0.2894924581050873
2025-05-30,TSLA,0.2840304672718048
2025-06-02,TSLA,0.25582143664360046
2025-06-03,TSLA,0.23402568697929382
2025-06-04,TSLA,0.19932381808757782
2025-06-05,TSLA,0.1543191820383072
2025-06-06,TSLA,0.17759214341640472
2025-06-09,TSLA,0.17087998986244202
2025-06-10,TSLA,0.1623721718788147
2025-06-11,TSLA,0.1680373251438141
2025-06-12,TSLA,0.16482745110988617
2025-06-13,TSLA,0.18642495572566986
2025-06-16,TSLA,0.2128063291311264
2025-06-17,TSLA,0.19307340681552887
2025-06-18,TSLA,0.2136528044939041
2025-06-20,TSLA,0.22818168997764587
2025-06-23,TSLA,0.2541266679763794
2025-06-24,TSLA,0.2710644006729126
2025-06-25,TSLA,0.2807825207710266
2025-06-26,TSLA,0.27872487902641296
2025-06-27,TSLA,0.26494303345680237
2025-02-26,DX-Y.NYB,3.0220835208892822
2025-02-27,DX-Y.NYB,2.3040478229522705
2025-02-28,DX-Y.NYB,2.1174516677856445
2025-03-03,DX-Y.NYB,1.8855061531066895
2025-03-04,DX-Y.NYB,1.6270647048950195
2025-03-05,DX-Y.NYB,1.6932542324066162
2025-03-06,DX-Y.NYB,2.4200809001922607
2025-03-07,DX-Y.NYB,3.8345024585723877
2025-03-10,DX-Y.NYB,4.795864582061768
2025-03-11,DX-Y.NYB,5.511500835418701
2025-03-12,DX-Y.NYB,5.907886028289795
2025-03-13,DX-Y.NYB,5.949775695800781
2025-03-14,DX-Y.NYB,6.000335693359375
2025-03-17,DX-Y.NYB,6.196584701538086
2025-03-18,DX-Y.NYB,6.3210768699646
2025-03-19,DX-Y.NYB,6.298870086669922
2025-03-20,DX-Y.NYB,5.91049861907959
2025-03-21,DX-Y.NYB,4.5850419998168945
2025-03-24,DX-Y.NYB,3.346104145050049
2025-03-25,DX-Y.NYB,2.6160802841186523
2025-03-26,DX-Y.NYB,2.529909610748291
2025-03-27,DX-Y.NYB,2.6087534427642822
2025-03-28,DX-Y.NYB,2.6898322105407715
2025-03-31,DX-Y.NYB,2.8059935569763184
2025-04-01,DX-Y.NYB,2.865614891052246
2025-04-02,DX-Y.NYB,2.6930453777313232
2025-04-03,DX-Y.NYB,2.0419747829437256
2025-04-04,DX-Y.NYB,2.0328660011291504
2025-04-07,DX-Y.NYB,1.8335492610931396
2025-04-08,DX-Y.NYB,1.583777666091919
2025-04-09,DX-Y.NYB,1.5005024671554565
2025-04-10,DX-Y.NYB,2.0749499797821045
2025-04-11,DX-Y.NYB,3.257641553878784
2025-04-14,DX-Y.NYB,4.390472412109375
2025-04-15,DX-Y.NYB,4.912663459777832
2025-04-16,DX-Y.NYB,5.252333641052246
2025-04-17,DX-Y.NYB,5.602294921875
2025-04-21,DX-Y.NYB,5.626615524291992
2025-04-22,DX-Y.NYB,5.5395097732543945
2025-04-23,DX-Y.NYB,4.463657379150391
2025-04-24,DX-Y.NYB,3.8722407817840576
2025-04-25,DX-Y.NYB,3.5445737838745117
2025-04-28,DX-Y.NYB,3.426544189453125
2025-04-29,DX-Y.NYB,3.150388240814209
2025-04-30,DX-Y.NYB,2.420330762863159
2025-05-01,DX-Y.NYB,2.0574889183044434
2025-05-02,DX-Y.NYB,2.0572357177734375
2025-05-05,DX-Y.NYB,2.1920220851898193
2025-05-06,DX-Y.NYB,2.039033889770508
2025-05-07,DX-Y.NYB,2.142683506011963
2025-05-08,DX-Y.NYB,2.3456058502197266
2025-05-09,DX-Y.NYB,2.3690826892852783
2025-05-12,DX-Y.NYB,2.6134891510009766
2025-05-13,DX-Y.NYB,2.5530471801757812
2025-05-14,DX-Y.NYB,2.5299723148345947
2025-05-15,DX-Y.NYB,2.415388345718384
2025-05-16,DX-Y.NYB,2.3849751949310303
2025-05-19,DX-Y.NYB,2.1964378356933594
2025-05-20,DX-Y.NYB,2.02327561378479
2025-05-21,DX-Y.NYB,1.6373475790023804
2025-05-22,DX-Y.NYB,1.6573566198349
2025-05-23,DX-Y.NYB,1.3072407245635986
2025-05-26,DX-Y.NYB,1.2590597867965698
2025-05-27,DX-Y.NYB,1.2857571840286255
2025-05-28,DX-Y.NYB,1.3539003133773804
2025-05-29,DX-Y.NYB,1.2290866374969482
2025-05-30,DX-Y.NYB,1.216988205909729
2025-06-02,DX-Y.NYB,1.352735161781311
2025-06-03,DX-Y.NYB,1.4109857082366943
2025-06-04,DX-Y.NYB,1.425615906715393
2025-06-05,DX-Y.NYB,1.4689435958862305
2025-06-06,DX-Y.NYB,1.4256525039672852
2025-06-09,DX-Y.NYB,1.353761911392212
2025-06-10,DX-Y.NYB,1.3954577445983887
2025-06-11,DX-Y.NYB,1.2904573678970337
2025-06-12,DX-Y.NYB,1.4779257774353027
2025-06-13,DX-Y.NYB,1.7141335010528564
2025-06-16,DX-Y.NYB,2.025938034057617
2025-06-17,DX-Y.NYB,1.864485740661621
2025-06-18,DX-Y.NYB,1.82738196849823
2025-06-20,DX-Y.NYB,1.8759825229644775
2025-06-23,DX-Y.NYB,1.6966298818588257
2025-06-24,DX-Y.NYB,1.446062684059143
2025-06-25,DX-Y.NYB,1.5840368270874023
2025-06-26,DX-Y.NYB,2.2458274364471436
2025-06-27,DX-Y.NYB,2.6623597145080566
2025-02-26,GLD,1.4340463876724243
2025-02-27,GLD,1.2172973155975342
2025-02-28,GLD,0.972753643989563
2025-03-03,GLD,1.0068389177322388
2025-03-04,GLD,1.138360857963562
2025-03-05,GLD,1.2349786758422852
2025-03-06,GLD,1.2746449708938599
2025-03-07,GLD,1.3058326244354248
2025-03-10,GLD,0.9767662882804871
2025-03-11,GLD,1.151633381843567
2025-03-12,GLD,1.2614036798477173
2025-03-13,GLD,1.475854516029358
2025-03-14,GLD,1.5643055438995361
2025-03-17,GLD,1.6264249086380005
2025-03-18,GLD,1.6836535930633545
2025-03-19,GLD,1.6918790340423584
2025-03-20,GLD,1.6494101285934448
2025-03-21,GLD,1.5835115909576416
2025-03-24,GLD,1.53765869140625
2025-03-25,GLD,1.5186325311660767
2025-03-26,GLD,1.515384316444397
2025-03-27,GLD,1.5158369541168213
2025-03-28,GLD,1.5368927717208862
2025-03-31,GLD,1.5793843269348145
2025-04-01,GLD,1.58757483959198
2025-04-02,GLD,1.5920120477676392
2025-04-03,GLD,1.5710508823394775
2025-04-04,GLD,1.343246579170227
2025-04-07,GLD,0.8976828455924988
2025-04-08,GLD,0.7360861897468567
2025-04-09,GLD,0.9153646230697632
2025-04-10,GLD,1.1450763940811157
2025-04-11,GLD,1.3104839324951172
2025-04-14,GLD,1.3641026020050049
2025-04-15,GLD,1.3900102376937866
2025-04-16,GLD,1.403102993965149
2025-04-17,GLD,1.400377631187439
2025-04-21,GLD,1.3861685991287231
2025-04-22,GLD,1.3389767408370972
2025-04-23,GLD,1.2516530752182007
2025-04-24,GLD,1.2243387699127197
2025-04-25,GLD,1.1886930465698242
2025-04-28,GLD,1.1857916116714478
2025-04-29,GLD,1.1609030961990356
2025-04-30,GLD,1.1096582412719727
2025-05-01,GLD,0.9494153261184692
2025-05-02,GLD,0.8688562512397766
2025-05-05,GLD,0.9002608060836792
2025-05-06,GLD,1.0110652446746826
2025-05-07,GLD,1.0284976959228516
2025-05-08,GLD,0.9916635155677795
2025-05-09,GLD,0.9833722114562988
2025-05-12,GLD,0.7215174436569214
2025-05-13,GLD,0.6295726299285889
2025-05-14,GLD,0.503351628780365
2025-05-15,GLD,0.5116526484489441
2025-05-16,GLD,0.46557357907295227
2025-05-19,GLD,0.4940338134765625
2025-05-20,GLD,0.5912978649139404
2025-05-21,GLD,0.71198970079422
2025-05-22,GLD,0.7624210119247437
2025-05-23,GLD,0.8790789246559143
2025-05-27,GLD,0.9196427464485168
2025-05-28,GLD,0.9609311819076538
2025-05-29,GLD,0.9943118095397949
2025-05-30,GLD,1.0010123252868652
2025-06-02,GLD,1.0272859334945679
2025-06-03,GLD,1.0305405855178833
2025-06-04,GLD,1.0502068996429443
2025-06-05,GLD,1.0499413013458252
2025-06-06,GLD,1.0289394855499268
2025-06-09,GLD,0.975648820400238
2025-06-10,GLD,0.9278175830841064
2025-06-11,GLD,0.9476705193519592
2025-06-12,GLD,1.0192439556121826
2025-06-13,GLD,1.1180435419082642
2025-06-16,GLD,1.081178069114685
2025-06-17,GLD,1.0665252208709717
2025-06-18,GLD,1.0140615701675415
2025-06-20,GLD,0.9660885334014893
2025-06-23,GLD,0.9421892762184143
2025-06-24,GLD,0.7594473361968994
2025-06-25,GLD,0.7047765254974365
2025-06-26,GLD,0.6327883005142212
2025-06-27,GLD,0.553762674331665
2025-02-26,XOM,0.929658830165863
2025-02-27,XOM,0.9233888983726501
2025-02-28,XOM,0.9664561748504639
2025-03-03,XOM,0.7271578311920166
2025-03-04,XOM,0.5854654908180237
2025-03-05,XOM,0.5628810524940491
2025-03-06,XOM,0.590477705001831
2025-03-07,XOM,0.6381738185882568
2025-03-10,XOM,0.760056734085083
2025-03-11,XOM,0.8018606305122375
2025-03-12,XOM,0.8533740043640137
2025-03-13,XOM,0.8194490671157837
2025-03-14,XOM,0.8878645896911621
2025-03-17,XOM,0.9887018203735352
2025-03-18,XOM,1.01183021068573
2025-03-19,XOM,1.0590405464172363
2025-03-20,XOM,1.0814337730407715
2025-03-21,XOM,1.0603162050247192
2025-03-24,XOM,1.0415552854537964
2025-03-25,XOM,1.0322052240371704
2025-03-26,XOM,1.0400151014328003
2025-03-27,XOM,1.0329992771148682
2025-03-28,XOM,1.0338081121444702
2025-03-31,XOM,1.0332216024398804
2025-04-01,XOM,1.0354173183441162
2025-04-02,XOM,1.0396959781646729
2025-04-03,XOM,0.7734386920928955
2025-04-04,XOM,0.5738261342048645
2025-04-07,XOM,0.8545644283294678
2025-04-08,XOM,1.2159912586212158
2025-04-09,XOM,1.316843867301941
2025-04-10,XOM,1.3920015096664429
2025-04-11,XOM,1.3726614713668823
2025-04-14,XOM,1.2983829975128174
2025-04-15,XOM,1.2552847862243652
2025-04-16,XOM,1.1344274282455444
2025-04-17,XOM,0.8405308127403259
2025-04-21,XOM,0.6589760780334473
2025-04-22,XOM,0.5399824380874634
2025-04-23,XOM,0.5173234939575195
2025-04-24,XOM,0.5935488343238831
2025-04-25,XOM,0.6582944393157959
2025-04-28,XOM,0.7145149111747742
2025-04-29,XOM,0.7472789287567139
2025-04-30,XOM,0.7508106827735901
2025-05-01,XOM,0.7225416898727417
2025-05-02,XOM,0.6996616721153259
2025-05-05,XOM,0.5398980975151062
2025-05-06,XOM,0.5479776859283447
2025-05-07,XOM,0.524537205696106
2025-05-08,XOM,0.5611294507980347
2025-05-09,XOM,0.6231986284255981
2025-05-12,XOM,0.6856417655944824
2025-05-13,XOM,0.721112072467804
2025-05-14,XOM,0.7473704218864441
2025-05-15,XOM,0.758994996547699
2025-05-16,XOM,0.766654908657074
2025-05-19,XOM,0.7786380648612976
2025-05-20,XOM,0.6820711493492126
2025-05-21,XOM,0.518645703792572
2025-05-22,XOM,0.42867186665534973
2025-05-23,XOM,0.40284428000450134
2025-05-27,XOM,0.3963644504547119
2025-05-28,XOM,0.4176843464374542
2025-05-29,XOM,0.45780378580093384
2025-05-30,XOM,0.5666698813438416
2025-06-02,XOM,0.6478059887886047
2025-06-03,XOM,0.5823367834091187
2025-06-04,XOM,0.6355721950531006
2025-06-05,XOM,0.8916441202163696
2025-06-06,XOM,0.7237305641174316
2025-06-09,XOM,0.6438364386558533
2025-06-10,XOM,0.6588485836982727
2025-06-11,XOM,0.7315738797187805
2025-06-12,XOM,0.7859342098236084
2025-06-13,XOM,0.8573232293128967
2025-06-16,XOM,0.8877431154251099
2025-06-17,XOM,0.9007866382598877
2025-06-18,XOM,0.8780984878540039
2025-06-20,XOM,0.8687155842781067
2025-06-23,XOM,0.8353424668312073
2025-06-24,XOM,0.797943651676178
2025-06-25,XOM,0.7708761692047119
2025-06-26,XOM,0.75455641746521
2025-06-27,XOM,0.7210699915885925
2025-02-26,TLT,1.6748888492584229
2025-02-27,TLT,1.6456485986709595
2025-02-28,TLT,1.6667513847351074
2025-03-03,TLT,1.674561858177185
2025-03-04,TLT,1.5726921558380127
2025-03-05,TLT,1.4974465370178223
2025-03-06,TLT,1.4251978397369385
2025-03-07,TLT,1.3424240350723267
2025-03-10,TLT,1.3571616411209106
2025-03-11,TLT,1.3168668746948242
2025-03-12,TLT,1.194788932800293
2025-03-13,TLT,1.1504191160202026
2025-03-14,TLT,1.0762839317321777
2025-03-17,TLT,1.0348594188690186
2025-03-18,TLT,1.0099128484725952
2025-03-19,TLT,1.0755420923233032
2025-03-20,TLT,1.1141821146011353
2025-03-21,TLT,1.1919625997543335
2025-03-24,TLT,0.8845590949058533
2025-03-25,TLT,0.7881888747215271
2025-03-26,TLT,0.8051661849021912
2025-03-27,TLT,0.9909023642539978
2025-03-28,TLT,0.978829026222229
2025-03-31,TLT,1.060180425643921
2025-04-01,TLT,1.3018953800201416
2025-04-02,TLT,1.4323935508728027
2025-04-03,TLT,1.5536242723464966
2025-04-04,TLT,1.6929713487625122
2025-04-07,TLT,1.4632097482681274
2025-04-08,TLT,0.9755914211273193
2025-04-09,TLT,0.8432117700576782
2025-04-10,TLT,0.9919987320899963
2025-04-11,TLT,1.3304659128189087
2025-04-14,TLT,1.2976022958755493
2025-04-15,TLT,1.107138991355896
2025-04-16,TLT,0.9337863326072693
2025-04-17,TLT,0.8166672587394714
2025-04-21,TLT,0.961118221282959
2025-04-22,TLT,1.177743911743164
2025-04-23,TLT,1.059259057044983
2025-04-24,TLT,0.893440306186676
2025-04-25,TLT,0.9433003664016724
2025-04-28,TLT,1.1082355976104736
2025-04-29,TLT,1.2302799224853516
2025-04-30,TLT,1.3270155191421509
2025-05-01,TLT,1.3712865114212036
2025-05-02,TLT,1.295994520187378
2025-05-05,TLT,1.1624377965927124
2025-05-06,TLT,1.1383640766143799
2025-05-07,TLT,1.142993450164795
2025-05-08,TLT,0.9990503191947937
2025-05-09,TLT,0.959267795085907
2025-05-12,TLT,0.7535971999168396
2025-05-13,TLT,0.7376232743263245
2025-05-14,TLT,1.112671971321106
2025-05-15,TLT,1.254714012145996
2025-05-16,TLT,1.1634389162063599
2025-05-19,TLT,1.1543558835983276
2025-05-20,TLT,1.3585294485092163
2025-05-21,TLT,1.8782936334609985
2025-05-22,TLT,2.2404489517211914
2025-05-23,TLT,2.2653019428253174
2025-05-27,TLT,1.6770662069320679
2025-05-28,TLT,1.2724298238754272
2025-05-29,TLT,1.1341469287872314
2025-05-30,TLT,1.1985560655593872
2025-06-02,TLT,1.2039568424224854
2025-06-03,TLT,1.1905887126922607
2025-06-04,TLT,1.2671993970870972
2025-06-05,TLT,1.3203200101852417
2025-06-06,TLT,1.366737961769104
2025-06-09,TLT,1.3727061748504639
2025-06-10,TLT,1.3619437217712402
2025-06-11,TLT,1.3670486211776733
2025-06-12,TLT,1.4822700023651123
2025-06-13,TLT,1.402438759803772
2025-06-16,TLT,1.244742751121521
2025-06-17,TLT,1.2958348989486694
2025-06-18,TLT,1.3291363716125488
2025-06-20,TLT,1.3163477182388306
2025-06-23,TLT,1.354184865951538
2025-06-24,TLT,1.4560109376907349
2025-06-25,TLT,1.5012166500091553
2025-06-26,TLT,1.5712084770202637
2025-06-27,TLT,1.5134238004684448
2025-02-25,USDINR=X,3.251643419265747
2025-02-26,USDINR=X,4.014071464538574
2025-02-27,USDINR=X,4.8560686111450195
2025-02-28,USDINR=X,5.6381120681762695
2025-03-03,USDINR=X,6.199459075927734
2025-03-04,USDINR=X,6.5213623046875
2025-03-05,USDINR=X,6.743889331817627
2025-03-06,USDINR=X,6.2010040283203125
2025-03-07,USDINR=X,6.275054454803467
2025-03-10,USDINR=X,6.195521831512451
2025-03-11,USDINR=X,6.407485485076904
2025-03-12,USDINR=X,6.366479873657227
2025-03-13,USDINR=X,6.494782447814941
2025-03-14,USDINR=X,5.822204113006592
2025-03-17,USDINR=X,5.237128257751465
2025-03-18,USDINR=X,4.618949890136719
2025-03-19,USDINR=X,3.3250997066497803
2025-03-20,USDINR=X,3.6760499477386475
2025-03-21,USDINR=X,5.274141311645508
2025-03-24,USDINR=X,7.24373197555542
2025-03-25,USDINR=X,9.09649658203125
2025-03-26,USDINR=X,10.575912475585938
2025-03-27,USDINR=X,9.489118576049805
2025-03-28,USDINR=X,9.437128067016602
2025-03-31,USDINR=X,10.340352058410645
2025-04-01,USDINR=X,10.867011070251465
2025-04-02,USDINR=X,10.418828964233398
2025-04-03,USDINR=X,9.865751266479492
2025-04-04,USDINR=X,10.153053283691406
2025-04-07,USDINR=X,8.271320343017578
2025-04-08,USDINR=X,5.507962703704834
2025-04-09,USDINR=X,4.620055675506592
2025-04-10,USDINR=X,4.710514068603516
2025-04-11,USDINR=X,5.016094207763672
2025-04-14,USDINR=X,5.213439464569092
2025-04-15,USDINR=X,5.2813897132873535
2025-04-16,USDINR=X,4.769046306610107
2025-04-17,USDINR=X,4.183818340301514
2025-04-22,USDINR=X,2.9925358295440674
2025-04-23,USDINR=X,2.755805015563965
2025-04-24,USDINR=X,2.818510055541992
2025-04-25,USDINR=X,2.5010218620300293
2025-04-28,USDINR=X,2.5748672485351562
2025-04-29,USDINR=X,2.3465867042541504
2025-04-30,USDINR=X,2.5759196281433105
2025-05-01,USDINR=X,4.107999324798584
2025-05-02,USDINR=X,6.234150409698486
2025-05-05,USDINR=X,8.041826248168945
2025-05-06,USDINR=X,9.460013389587402
2025-05-07,USDINR=X,7.429272174835205
2025-05-08,USDINR=X,5.455759525299072
2025-05-09,USDINR=X,3.7314531803131104
2025-05-12,USDINR=X,3.4211549758911133
2025-05-13,USDINR=X,3.2458269596099854
2025-05-14,USDINR=X,3.208909034729004
2025-05-15,USDINR=X,3.392716646194458
2025-05-16,USDINR=X,3.4915409088134766
2025-05-19,USDINR=X,3.654332399368286
2025-05-20,USDINR=X,3.7073416709899902
2025-05-21,USDINR=X,3.829085111618042
2025-05-22,USDINR=X,3.9268746376037598
2025-05-23,USDINR=X,4.175755977630615
2025-05-26,USDINR=X,3.697317361831665
2025-05-27,USDINR=X,3.4297311305999756
2025-05-28,USDINR=X,3.286801338195801
2025-05-29,USDINR=X,3.1262075901031494
2025-05-30,USDINR=X,3.058525562286377
2025-06-02,USDINR=X,3.239039897918701
2025-06-03,USDINR=X,3.1627097129821777
2025-06-04,USDINR=X,3.541630983352661
2025-06-05,USDINR=X,4.003493309020996
2025-06-06,USDINR=X,4.239452838897705
2025-06-09,USDINR=X,4.1556525230407715
2025-06-10,USDINR=X,4.1001410484313965
2025-06-11,USDINR=X,4.0220723152160645
2025-06-12,USDINR=X,3.6982924938201904
2025-06-13,USDINR=X,3.8668646812438965
2025-06-16,USDINR=X,4.340184211730957
2025-06-17,USDINR=X,4.368650436401367
2025-06-18,USDINR=X,4.55979061126709
2025-06-19,USDINR=X,4.7293381690979
2025-06-20,USDINR=X,4.717545986175537
2025-06-23,USDINR=X,4.622204303741455
2025-06-24,USDINR=X,4.4211835861206055
2025-06-25,USDINR=X,4.029098987579346
2025-06-26,USDINR=X,3.784566879272461
2025-06-27,USDINR=X,3.036681652069092
2025-02-26,IWM,1.984180212020874
2025-02-27,IWM,2.201439619064331
2025-02-28,IWM,2.280168294906616
2025-03-03,IWM,2.294642686843872
2025-03-04,IWM,2.4051194190979004
2025-03-05,IWM,2.418360948562622
2025-03-06,IWM,2.438211441040039
2025-03-07,IWM,2.4553303718566895
2025-03-10,IWM,2.409883737564087
2025-03-11,IWM,2.4609804153442383
2025-03-12,IWM,2.4516513347625732
2025-03-13,IWM,2.4572067260742188
2025-03-14,IWM,2.20888352394104
2025-03-17,IWM,1.7534723281860352
2025-03-18,IWM,1.4405642747879028
2025-03-19,IWM,1.061370849609375
2025-03-20,IWM,0.8682627081871033
2025-03-21,IWM,0.7969949841499329
2025-03-24,IWM,0.8552535772323608
2025-03-25,IWM,0.9174144268035889
2025-03-26,IWM,0.9688079953193665
2025-03-27,IWM,0.9719289541244507
2025-03-28,IWM,0.7318637371063232
2025-03-31,IWM,0.5985201001167297
2025-04-01,IWM,0.5464904308319092
2025-04-02,IWM,0.6328376531600952
2025-04-03,IWM,0.6343071460723877
2025-04-04,IWM,1.011674165725708
2025-04-07,IWM,1.4350157976150513
2025-04-08,IWM,1.666776180267334
2025-04-09,IWM,1.318967342376709
2025-04-10,IWM,1.2696961164474487
2025-04-11,IWM,1.1850545406341553
2025-04-14,IWM,0.9598991870880127
2025-04-15,IWM,0.7472690343856812
2025-04-16,IWM,0.6051756143569946
2025-04-17,IWM,0.5121721029281616
2025-04-21,IWM,0.44673800468444824
2025-04-22,IWM,0.451793909072876
2025-04-23,IWM,0.5514627695083618
2025-04-24,IWM,0.622934103012085
2025-04-25,IWM,0.6804100275039673
2025-04-28,IWM,0.7129762768745422
2025-04-29,IWM,0.7265543341636658
2025-04-30,IWM,0.741085410118103
2025-05-01,IWM,0.7476935982704163
2025-05-02,IWM,0.7678748965263367
2025-05-05,IWM,0.7676430940628052
2025-05-06,IWM,0.7626816630363464
2025-05-07,IWM,0.76231449842453
2025-05-08,IWM,0.7682061791419983
2025-05-09,IWM,0.7639517784118652
2025-05-12,IWM,0.79227215051651
2025-05-13,IWM,0.8094028830528259
2025-05-14,IWM,0.7993340492248535
2025-05-15,IWM,0.7958399057388306
2025-05-16,IWM,0.795957624912262
2025-05-19,IWM,0.7869279980659485
2025-05-20,IWM,0.7836204767227173
2025-05-21,IWM,0.7572883367538452
2025-05-22,IWM,0.7252269983291626
2025-05-23,IWM,0.6878331303596497
2025-05-27,IWM,0.7136171460151672
2025-05-28,IWM,0.6925832033157349
2025-05-29,IWM,0.7001151442527771
2025-05-30,IWM,0.6573551297187805
2025-06-02,IWM,0.6302609443664551
2025-06-03,IWM,0.6934499144554138
2025-06-04,IWM,0.7199196219444275
2025-06-05,IWM,0.7527745366096497
2025-06-06,IWM,0.8061887621879578
2025-06-09,IWM,0.862766444683075
2025-06-10,IWM,0.8935908079147339
2025-06-11,IWM,0.8774406313896179
2025-06-12,IWM,0.8531530499458313
2025-06-13,IWM,0.7947177290916443
2025-06-16,IWM,0.7728824615478516
2025-06-17,IWM,0.7164698839187622
2025-06-18,IWM,0.7131974101066589
2025-06-20,IWM,0.696661114692688
2025-06-23,IWM,0.7250159978866577
2025-06-24,IWM,0.7914580702781677
2025-06-25,IWM,0.776193380355835
2025-06-26,IWM,0.8149589896202087
2025-06-27,IWM,0.83204185962677
2025-02-26,JPM,0.7710976004600525
2025-02-27,JPM,0.9495227932929993
2025-02-28,JPM,0.804970383644104
2025-03-03,JPM,0.7399906516075134
2025-03-04,JPM,0.9302166700363159
2025-03-05,JPM,1.1612266302108765
2025-03-06,JPM,1.3726273775100708
2025-03-07,JPM,1.553815245628357
2025-03-10,JPM,1.600180983543396
2025-03-11,JPM,1.7010557651519775
2025-03-12,JPM,1.752174973487854
2025-03-13,JPM,1.7773171663284302
2025-03-14,JPM,1.6759282350540161
2025-03-17,JPM,1.563721776008606
2025-03-18,JPM,1.4123622179031372
2025-03-19,JPM,1.1506304740905762
2025-03-20,JPM,0.9266544580459595
2025-03-21,JPM,0.6990241408348083
2025-03-24,JPM,0.649979829788208
2025-03-25,JPM,0.7030278444290161
2025-03-26,JPM,0.7667993903160095
2025-03-27,JPM,0.8146371841430664
2025-03-28,JPM,0.8309513926506042
2025-03-31,JPM,0.8373686671257019
2025-04-01,JPM,0.8375091552734375
2025-04-02,JPM,0.8336586952209473
2025-04-03,JPM,0.5242452025413513
2025-04-04,JPM,0.4888014495372772
2025-04-07,JPM,0.6758384704589844
2025-04-08,JPM,0.8311636447906494
2025-04-09,JPM,0.6106463074684143
2025-04-10,JPM,0.47372016310691833
2025-04-11,JPM,0.4795191287994385
2025-04-14,JPM,0.5056535005569458
2025-04-15,JPM,0.5368344187736511
2025-04-16,JPM,0.5268853902816772
2025-04-17,JPM,0.5548005104064941
2025-04-21,JPM,0.5375725030899048
2025-04-22,JPM,0.5800616145133972
2025-04-23,JPM,0.6124568581581116
2025-04-24,JPM,0.6285195350646973
2025-04-25,JPM,0.6398470401763916
2025-04-28,JPM,0.648356556892395
2025-04-29,JPM,0.6499861478805542
2025-04-30,JPM,0.6568097472190857
2025-05-01,JPM,0.6616386771202087
2025-05-02,JPM,0.6758108139038086
2025-05-05,JPM,0.6814196705818176
2025-05-06,JPM,0.6786125302314758
2025-05-07,JPM,0.6795886754989624
2025-05-08,JPM,0.6825675368309021
2025-05-09,JPM,0.679282546043396
2025-05-12,JPM,0.6931245923042297
2025-05-13,JPM,0.7096619606018066
2025-05-14,JPM,0.7213082313537598
2025-05-15,JPM,0.7269202470779419
2025-05-16,JPM,0.7223413586616516
2025-05-19,JPM,0.7109224796295166
2025-05-20,JPM,0.7073683738708496
2025-05-21,JPM,0.6918413043022156
2025-05-22,JPM,0.6814351677894592
2025-05-23,JPM,0.6734541654586792
2025-05-27,JPM,0.6872115135192871
2025-05-28,JPM,0.6876913905143738
2025-05-29,JPM,0.6971702575683594
2025-05-30,JPM,0.6739379167556763
2025-06-02,JPM,0.6592022776603699
2025-06-03,JPM,0.676471471786499
2025-06-04,JPM,0.6518117785453796
2025-06-05,JPM,0.5771431922912598
2025-06-06,JPM,0.6479797959327698
2025-06-09,JPM,0.6825688481330872
2025-06-10,JPM,0.7324120998382568
2025-06-11,JPM,0.7424951195716858
2025-06-12,JPM,0.7490513920783997
2025-06-13,JPM,0.7250187397003174
2025-06-16,JPM,0.7878661751747131
2025-06-17,JPM,0.7870071530342102
2025-06-18,JPM,0.836936891078949
2025-06-20,JPM,0.856147289276123
2025-06-23,JPM,0.8800744414329529
2025-06-24,JPM,0.8966180086135864
2025-06-25,JPM,0.8996148109436035
2025-06-26,JPM,0.9004629850387573
2025-06-27,JPM,0.8742671608924866
2025-02-26,UNH,1.4247629642486572
2025-02-27,UNH,1.451243281364441
2025-02-28,UNH,1.40021550655365
2025-03-03,UNH,1.4031805992126465
2025-03-04,UNH,1.3072196245193481
2025-03-05,UNH,1.1863200664520264
2025-03-06,UNH,0.8660250902175903
2025-03-07,UNH,0.6377273797988892
2025-03-10,UNH,0.5271223187446594
2025-03-11,UNH,0.5292516350746155
2025-03-12,UNH,0.549228847026825
2025-03-13,UNH,0.5844701528549194
2025-03-14,UNH,0.6238552331924438
2025-03-17,UNH,0.6447920799255371
2025-03-18,UNH,0.6690494418144226
2025-03-19,UNH,0.6859196424484253
2025-03-20,UNH,0.7216445803642273
2025-03-21,UNH,0.7414758801460266
2025-03-24,UNH,0.7366138696670532
2025-03-25,UNH,0.7234543561935425
2025-03-26,UNH,0.7215731143951416
2025-03-27,UNH,0.7165288925170898
2025-03-28,UNH,0.7181644439697266
2025-03-31,UNH,0.7169362902641296
2025-04-01,UNH,0.7188454866409302
2025-04-02,UNH,0.7230833172798157
2025-04-03,UNH,0.7403333783149719
2025-04-04,UNH,0.7140009999275208
2025-04-07,UNH,0.6977205872535706
2025-04-08,UNH,0.7450811266899109
2025-04-09,UNH,0.7806099653244019
2025-04-10,UNH,0.8033725023269653
2025-04-11,UNH,0.8043802976608276
2025-04-14,UNH,0.7713358998298645
2025-04-15,UNH,0.7416278719902039
2025-04-16,UNH,0.7221809029579163
2025-04-17,UNH,0.3127996325492859
2025-04-21,UNH,0.3267362713813782
2025-04-22,UNH,0.4658854603767395
2025-04-23,UNH,0.6148998141288757
2025-04-24,UNH,0.7406306266784668
2025-04-25,UNH,0.8460451364517212
2025-04-28,UNH,0.8988144397735596
2025-04-29,UNH,0.9374810457229614
2025-04-30,UNH,0.956332802772522
2025-05-01,UNH,0.9768460988998413
2025-05-02,UNH,0.9935494065284729
2025-05-05,UNH,0.9847460389137268
2025-05-06,UNH,0.994661808013916
2025-05-07,UNH,0.9719552397727966
2025-05-08,UNH,0.9736024141311646
2025-05-09,UNH,0.9897584915161133
2025-05-12,UNH,0.9999284744262695
2025-05-13,UNH,0.8097761273384094
2025-05-14,UNH,0.8434529900550842
2025-05-15,UNH,0.7798999547958374
2025-05-16,UNH,0.7778003215789795
2025-05-19,UNH,0.7522897124290466
2025-05-20,UNH,0.742517352104187
2025-05-21,UNH,0.7466022968292236
2025-05-22,UNH,0.7586011290550232
2025-05-23,UNH,0.7588250041007996
2025-05-27,UNH,0.7657986283302307
2025-05-28,UNH,0.761360228061676
2025-05-29,UNH,0.7567983865737915
2025-05-30,UNH,0.7267835140228271
2025-06-02,UNH,0.5459601879119873
2025-06-03,UNH,0.4201447665691376
2025-06-04,UNH,0.33818525075912476
2025-06-05,UNH,0.2856594920158386
2025-06-06,UNH,0.25479286909103394
2025-06-09,UNH,0.23016583919525146
2025-06-10,UNH,0.2627914249897003
2025-06-11,UNH,0.28656962513923645
2025-06-12,UNH,0.33125752210617065
2025-06-13,UNH,0.34224051237106323
2025-06-16,UNH,0.34439319372177124
2025-06-17,UNH,0.3440237045288086
2025-06-18,UNH,0.3363647758960724
2025-06-20,UNH,0.3037261366844177
2025-06-23,UNH,0.267991840839386
2025-06-24,UNH,0.2826693058013916
2025-06-25,UNH,0.2743242383003235
2025-06-26,UNH,0.26632067561149597
2025-06-27,UNH,0.29709258675575256
2025-02-26,SPY,1.2827924489974976
2025-02-27,SPY,1.858030080795288
2025-02-28,SPY,1.8425650596618652
2025-03-03,SPY,2.165879011154175
2025-03-04,SPY,2.6649794578552246
2025-03-05,SPY,2.7711474895477295
2025-03-06,SPY,2.9290106296539307
2025-03-07,SPY,3.029987335205078
2025-03-10,SPY,2.9864673614501953
2025-03-11,SPY,3.1610021591186523
2025-03-12,SPY,3.159191608428955
2025-03-13,SPY,3.1795051097869873
2025-03-14,SPY,2.7748239040374756
2025-03-17,SPY,2.162243127822876
2025-03-18,SPY,1.794503927230835
2025-03-19,SPY,1.3572217226028442
2025-03-20,SPY,1.0659422874450684
2025-03-21,SPY,0.9466753005981445
2025-03-24,SPY,1.0450809001922607
2025-03-25,SPY,1.199616551399231
2025-03-26,SPY,1.2821810245513916
2025-03-27,SPY,1.3409112691879272
2025-03-28,SPY,1.0129585266113281
2025-03-31,SPY,0.9874631762504578
2025-04-01,SPY,1.008840799331665
2025-04-02,SPY,1.0721087455749512
2025-04-03,SPY,0.8114661574363708
2025-04-04,SPY,1.0486953258514404
2025-04-07,SPY,1.5264815092086792
2025-04-08,SPY,1.8784531354904175
2025-04-09,SPY,1.0618927478790283
2025-04-10,SPY,0.8129311203956604
2025-04-11,SPY,0.6552452445030212
2025-04-14,SPY,0.5825438499450684
2025-04-15,SPY,0.5768712162971497
2025-04-16,SPY,0.5216793417930603
2025-04-17,SPY,0.507836639881134
2025-04-21,SPY,0.4173721373081207
2025-04-22,SPY,0.46280044317245483
2025-04-23,SPY,0.5648998022079468
2025-04-24,SPY,0.6515923142433167
2025-04-25,SPY,0.7067214250564575
2025-04-28,SPY,0.7455134987831116
2025-04-29,SPY,0.7642958164215088
2025-04-30,SPY,0.7835018634796143
2025-05-01,SPY,0.7952190041542053
2025-05-02,SPY,0.8118255138397217
2025-05-05,SPY,0.8157554268836975
2025-05-06,SPY,0.816813588142395
2025-05-07,SPY,0.8190003037452698
2025-05-08,SPY,0.8225893378257751
2025-05-09,SPY,0.8222631812095642
2025-05-12,SPY,0.8341304659843445
2025-05-13,SPY,0.8478075265884399
2025-05-14,SPY,0.8485730290412903
2025-05-15,SPY,0.8523722290992737
2025-05-16,SPY,0.8592265248298645
2025-05-19,SPY,0.8585437536239624
2025-05-20,SPY,0.853364884853363
2025-05-21,SPY,0.8429477214813232
2025-05-22,SPY,0.8345454931259155
2025-05-23,SPY,0.8148599863052368
2025-05-27,SPY,0.8239123225212097
2025-05-28,SPY,0.8258615732192993
2025-05-29,SPY,0.8398221135139465
2025-05-30,SPY,0.8278839588165283
2025-06-02,SPY,0.8387170433998108
2025-06-03,SPY,0.851161539554596
2025-06-04,SPY,0.861562192440033
2025-06-05,SPY,0.8771607279777527
2025-06-06,SPY,0.890953540802002
2025-06-09,SPY,0.9087810516357422
2025-06-10,SPY,0.9431079626083374
2025-06-11,SPY,0.9298067688941956
2025-06-12,SPY,0.9354343414306641
2025-06-13,SPY,0.9013907313346863
2025-06-16,SPY,0.9009456634521484
2025-06-17,SPY,0.8590217232704163
2025-06-18,SPY,0.8413658142089844
2025-06-20,SPY,0.7612546682357788
2025-06-23,SPY,0.8178991675376892
2025-06-24,SPY,0.9247539043426514
2025-06-25,SPY,0.9565572738647461
2025-06-26,SPY,1.0073610544204712
2025-06-27,SPY,1.0413976907730103
2025-02-26,MSFT,1.076411247253418
2025-02-27,MSFT,1.4182249307632446
2025-02-28,MSFT,1.6396381855010986
2025-03-03,MSFT,1.8344383239746094
2025-03-04,MSFT,1.9797048568725586
2025-03-05,MSFT,1.3985819816589355
2025-03-06,MSFT,1.0417366027832031
2025-03-07,MSFT,0.8771161437034607
2025-03-10,MSFT,1.0659277439117432
2025-03-11,MSFT,1.3913761377334595
2025-03-12,MSFT,1.5073387622833252
2025-03-13,MSFT,1.621790885925293
2025-03-14,MSFT,1.1954121589660645
2025-03-17,MSFT,0.8705016374588013
2025-03-18,MSFT,0.7005645632743835
2025-03-19,MSFT,0.6295575499534607
2025-03-20,MSFT,0.5884917974472046
2025-03-21,MSFT,0.6412487030029297
2025-03-24,MSFT,0.6964924931526184
2025-03-25,MSFT,0.777798593044281
2025-03-26,MSFT,0.8229286670684814
2025-03-27,MSFT,0.8621405959129333
2025-03-28,MSFT,0.598135232925415
2025-03-31,MSFT,0.5304640531539917
2025-04-01,MSFT,0.5489402413368225
2025-04-02,MSFT,0.5433409810066223
2025-04-03,MSFT,0.5324395298957825
2025-04-04,MSFT,0.8352473378181458
2025-04-07,MSFT,1.2846693992614746
2025-04-08,MSFT,1.6130906343460083
2025-04-09,MSFT,0.9591355919837952
2025-04-10,MSFT,0.7185975313186646
2025-04-11,MSFT,0.6609750986099243
2025-04-14,MSFT,0.67132169008255
2025-04-15,MSFT,0.7022523283958435
2025-04-16,MSFT,0.6278852224349976
2025-04-17,MSFT,0.5363062024116516
2025-04-21,MSFT,0.4209362864494324
2025-04-22,MSFT,0.42539557814598083
2025-04-23,MSFT,0.4863739609718323
2025-04-24,MSFT,0.5629059672355652
2025-04-25,MSFT,0.6238943338394165
2025-04-28,MSFT,0.662172257900238
2025-04-29,MSFT,0.6885647773742676
2025-04-30,MSFT,0.711513340473175
2025-05-01,MSFT,0.7247610092163086
2025-05-02,MSFT,0.7581000924110413
2025-05-05,MSFT,0.7725856900215149
2025-05-06,MSFT,0.7643918991088867
2025-05-07,MSFT,0.7457844018936157
2025-05-08,MSFT,0.7299313545227051
2025-05-09,MSFT,0.7183391451835632
2025-05-12,MSFT,0.709817111492157
2025-05-13,MSFT,0.7093000411987305
2025-05-14,MSFT,0.7116307616233826
2025-05-15,MSFT,0.7144181728363037
2025-05-16,MSFT,0.7202763557434082
2025-05-19,MSFT,0.724341094493866
2025-05-20,MSFT,0.7285656332969666
2025-05-21,MSFT,0.7258591055870056
2025-05-22,MSFT,0.7272148728370667
2025-05-23,MSFT,0.713742196559906
2025-05-27,MSFT,0.7192800641059875
2025-05-28,MSFT,0.7199625372886658
2025-05-29,MSFT,0.7288434505462646
2025-05-30,MSFT,0.7305207848548889
2025-06-02,MSFT,0.7318471074104309
2025-06-03,MSFT,0.7338092923164368
2025-06-04,MSFT,0.7382558584213257
2025-06-05,MSFT,0.7583611011505127
2025-06-06,MSFT,0.7829738259315491
2025-06-09,MSFT,0.813352644443512
2025-06-10,MSFT,0.8053269386291504
2025-06-11,MSFT,0.8019697666168213
2025-06-12,MSFT,0.8280023336410522
2025-06-13,MSFT,0.8043321371078491
2025-06-16,MSFT,0.8043607473373413
2025-06-17,MSFT,0.79289710521698
2025-06-18,MSFT,0.7908674478530884
2025-06-20,MSFT,0.7832413911819458
2025-06-23,MSFT,0.8008663654327393
2025-06-24,MSFT,0.8283452391624451
2025-06-25,MSFT,0.8417961001396179
2025-06-26,MSFT,0.862196147441864
2025-06-27,MSFT,0.8563903570175171
2025-02-25,EURUSD=X,2.928352117538452
2025-02-26,EURUSD=X,2.969848871231079
2025-02-27,EURUSD=X,2.937736749649048
2025-02-28,EURUSD=X,2.7661242485046387
2025-03-03,EURUSD=X,2.59800124168396
2025-03-04,EURUSD=X,2.62550687789917
2025-03-05,EURUSD=X,2.920637369155884
2025-03-06,EURUSD=X,3.0486395359039307
2025-03-07,EURUSD=X,3.1489880084991455
2025-03-10,EURUSD=X,3.168307065963745
2025-03-11,EURUSD=X,3.0791962146759033
2025-03-12,EURUSD=X,3.0018186569213867
2025-03-13,EURUSD=X,2.887803792953491
2025-03-14,EURUSD=X,2.7945969104766846
2025-03-17,EURUSD=X,2.751011848449707
2025-03-18,EURUSD=X,2.733161449432373
2025-03-19,EURUSD=X,2.7279529571533203
2025-03-20,EURUSD=X,2.7457494735717773
2025-03-21,EURUSD=X,2.7612617015838623
2025-03-24,EURUSD=X,2.7396247386932373
2025-03-25,EURUSD=X,2.3370320796966553
2025-03-26,EURUSD=X,1.9730647802352905
2025-03-27,EURUSD=X,1.6856509447097778
2025-03-28,EURUSD=X,1.759998083114624
2025-03-31,EURUSD=X,1.8557074069976807
2025-04-01,EURUSD=X,1.879598617553711
2025-04-02,EURUSD=X,1.592941403388977
2025-04-03,EURUSD=X,2.046443223953247
2025-04-04,EURUSD=X,2.5825321674346924
2025-04-07,EURUSD=X,2.6940011978149414
2025-04-08,EURUSD=X,2.627601146697998
2025-04-09,EURUSD=X,2.6760196685791016
2025-04-10,EURUSD=X,2.596694231033325
2025-04-11,EURUSD=X,2.5802206993103027
2025-04-14,EURUSD=X,2.706801414489746
2025-04-15,EURUSD=X,2.7208940982818604
2025-04-16,EURUSD=X,2.6306190490722656
2025-04-17,EURUSD=X,2.581886053085327
2025-04-22,EURUSD=X,2.5422163009643555
2025-04-23,EURUSD=X,2.3632187843322754
2025-04-24,EURUSD=X,2.2831056118011475
2025-04-25,EURUSD=X,2.2511584758758545
2025-04-28,EURUSD=X,2.2103633880615234
2025-04-29,EURUSD=X,2.222689151763916
2025-04-30,EURUSD=X,2.2334203720092773
2025-05-01,EURUSD=X,2.228663921356201
2025-05-02,EURUSD=X,1.9407156705856323
2025-05-05,EURUSD=X,1.692043423652649
2025-05-06,EURUSD=X,1.5581607818603516
2025-05-07,EURUSD=X,1.4720956087112427
2025-05-08,EURUSD=X,1.4288793802261353
2025-05-09,EURUSD=X,1.0701545476913452
2025-05-12,EURUSD=X,1.0010427236557007
2025-05-13,EURUSD=X,1.4590765237808228
2025-05-14,EURUSD=X,1.7056353092193604
2025-05-15,EURUSD=X,1.752158522605896
2025-05-16,EURUSD=X,1.6233112812042236
2025-05-19,EURUSD=X,1.520315408706665
2025-05-20,EURUSD=X,1.3458683490753174
2025-05-21,EURUSD=X,1.5003608465194702
2025-05-22,EURUSD=X,1.8033758401870728
2025-05-23,EURUSD=X,2.0454418659210205
2025-05-26,EURUSD=X,2.162315607070923
2025-05-27,EURUSD=X,2.2590787410736084
2025-05-28,EURUSD=X,2.308833122253418
2025-05-29,EURUSD=X,2.1873910427093506
2025-05-30,EURUSD=X,2.216845750808716
2025-06-02,EURUSD=X,2.1972460746765137
2025-06-03,EURUSD=X,2.3086512088775635
2025-06-04,EURUSD=X,2.243267774581909
2025-06-05,EURUSD=X,2.2671751976013184
2025-06-06,EURUSD=X,2.2755544185638428
2025-06-09,EURUSD=X,2.2548632621765137
2025-06-10,EURUSD=X,2.2606616020202637
2025-06-11,EURUSD=X,2.2816989421844482
2025-06-12,EURUSD=X,2.3531458377838135
2025-06-13,EURUSD=X,2.5212044715881348
2025-06-16,EURUSD=X,2.5201022624969482
2025-06-17,EURUSD=X,2.498957872390747
2025-06-18,EURUSD=X,2.33280611038208
2025-06-19,EURUSD=X,2.198228120803833
2025-06-20,EURUSD=X,2.1700222492218018
2025-06-23,EURUSD=X,2.0903944969177246
2025-06-24,EURUSD=X,2.26794171333313
2025-06-25,EURUSD=X,2.3541853427886963
2025-06-26,EURUSD=X,2.5099070072174072
2025-06-27,EURUSD=X,2.5546653270721436
2025-02-26,NVDA,0.3240044414997101
2025-02-27,NVDA,0.2208484560251236
2025-02-28,NVDA,0.2201826572418213
2025-03-03,NVDA,0.22858849167823792
2025-03-04,NVDA,0.30670908093452454
2025-03-05,NVDA,0.35445743799209595
2025-03-06,NVDA,0.45846474170684814
2025-03-07,NVDA,0.5408891439437866
2025-03-10,NVDA,0.6165776252746582
2025-03-11,NVDA,0.6527424454689026
2025-03-12,NVDA,0.4899226725101471
2025-03-13,NVDA,0.35327282547950745
2025-03-14,NVDA,0.2834101915359497
2025-03-17,NVDA,0.2633013427257538
2025-03-18,NVDA,0.2561699151992798
2025-03-19,NVDA,0.2741035223007202
2025-03-20,NVDA,0.3085794448852539
2025-03-21,NVDA,0.32895636558532715
2025-03-24,NVDA,0.34796884655952454
2025-03-25,NVDA,0.3612857460975647
2025-03-26,NVDA,0.3375822603702545
2025-03-27,NVDA,0.27521365880966187
2025-03-28,NVDA,0.2183798998594284
2025-03-31,NVDA,0.18400496244430542
2025-04-01,NVDA,0.17577847838401794
2025-04-02,NVDA,0.17274290323257446
2025-04-03,NVDA,0.223466694355011
2025-04-04,NVDA,0.3651117980480194
2025-04-07,NVDA,0.47715437412261963
2025-04-08,NVDA,0.564552903175354
2025-04-09,NVDA,0.3584364652633667
2025-04-10,NVDA,0.2689266502857208
2025-04-11,NVDA,0.258821040391922
2025-04-14,NVDA,0.2768978774547577
2025-04-15,NVDA,0.3004591464996338
2025-04-16,NVDA,0.2789627015590668
2025-04-17,NVDA,0.23892422020435333
2025-04-21,NVDA,0.18686363101005554
2025-04-22,NVDA,0.17579518258571625
2025-04-23,NVDA,0.19921323657035828
2025-04-24,NVDA,0.23484042286872864
2025-04-25,NVDA,0.2663101255893707
2025-04-28,NVDA,0.2850789427757263
2025-04-29,NVDA,0.29849374294281006
2025-04-30,NVDA,0.31160300970077515
2025-05-01,NVDA,0.3217378258705139
2025-05-02,NVDA,0.32878413796424866
2025-05-05,NVDA,0.3352099657058716
2025-05-06,NVDA,0.3411931097507477
2025-05-07,NVDA,0.34628280997276306
2025-05-08,NVDA,0.3483046293258667
2025-05-09,NVDA,0.344220370054245
2025-05-12,NVDA,0.3537566065788269
2025-05-13,NVDA,0.37058117985725403
2025-05-14,NVDA,0.38175082206726074
2025-05-15,NVDA,0.3804253041744232
2025-05-16,NVDA,0.3733265697956085
2025-05-19,NVDA,0.36579373478889465
2025-05-20,NVDA,0.3592297434806824
2025-05-21,NVDA,0.3553617298603058
2025-05-22,NVDA,0.3548138439655304
2025-05-23,NVDA,0.3551348149776459
2025-05-27,NVDA,0.3549918532371521
2025-05-28,NVDA,0.3579261898994446
2025-05-29,NVDA,0.3590250611305237
2025-05-30,NVDA,0.357740581035614
2025-06-02,NVDA,0.35502415895462036
2025-06-03,NVDA,0.35727494955062866
2025-06-04,NVDA,0.3613819181919098
2025-06-05,NVDA,0.3611963987350464
2025-06-06,NVDA,0.36554664373397827
2025-06-09,NVDA,0.3730040490627289
2025-06-10,NVDA,0.37881746888160706
2025-06-11,NVDA,0.3754064440727234
2025-06-12,NVDA,0.3775806427001953
2025-06-13,NVDA,0.3691268265247345
2025-06-16,NVDA,0.3695695102214813
2025-06-17,NVDA,0.3689195513725281
2025-06-18,NVDA,0.37301841378211975
2025-06-20,NVDA,0.37351998686790466
2025-06-23,NVDA,0.3715246319770813
2025-06-24,NVDA,0.38836580514907837
2025-06-25,NVDA,0.4277728796005249
2025-06-26,NVDA,0.44436708092689514
2025-06-27,NVDA,0.45483753085136414
2025-02-26,AAPL,0.9458206295967102
2025-02-27,AAPL,0.9046341180801392
2025-02-28,AAPL,0.9077526330947876
2025-03-03,AAPL,0.8412811756134033
2025-03-04,AAPL,0.6905198097229004
2025-03-05,AAPL,0.5813672542572021
2025-03-06,AAPL,0.46125566959381104
2025-03-07,AAPL,0.5226863622665405
2025-03-10,AAPL,0.4901961088180542
2025-03-11,AAPL,0.7722647190093994
2025-03-12,AAPL,1.1310101747512817
2025-03-13,AAPL,1.377731442451477
2025-03-14,AAPL,1.5273793935775757
2025-03-17,AAPL,1.6151890754699707
2025-03-18,AAPL,1.6833627223968506
2025-03-19,AAPL,1.6124213933944702
2025-03-20,AAPL,1.5866482257843018
2025-03-21,AAPL,1.3565244674682617
2025-03-24,AAPL,1.044053077697754
2025-03-25,AAPL,0.7659321427345276
2025-03-26,AAPL,0.6194213628768921
2025-03-27,AAPL,0.649090588092804
2025-03-28,AAPL,0.6332592964172363
2025-03-31,AAPL,0.7198858261108398
2025-04-01,AAPL,0.7845113277435303
2025-04-02,AAPL,0.8265241980552673
2025-04-03,AAPL,0.49293437600135803
2025-04-04,AAPL,0.5384103059768677
2025-04-07,AAPL,0.7853432297706604
2025-04-08,AAPL,0.9923761487007141
2025-04-09,AAPL,0.6781739592552185
2025-04-10,AAPL,0.589425802230835
2025-04-11,AAPL,0.45958009362220764
2025-04-14,AAPL,0.38608747720718384
2025-04-15,AAPL,0.37518319487571716
2025-04-16,AAPL,0.33137616515159607
2025-04-17,AAPL,0.33608442544937134
2025-04-21,AAPL,0.30164992809295654
2025-04-22,AAPL,0.33909183740615845
2025-04-23,AAPL,0.4189335107803345
2025-04-24,AAPL,0.46369093656539917
2025-04-25,AAPL,0.4944101870059967
2025-04-28,AAPL,0.5100724101066589
2025-04-29,AAPL,0.5135372877120972
2025-04-30,AAPL,0.5184044241905212
2025-05-01,AAPL,0.5202382802963257
2025-05-02,AAPL,0.5145385265350342
2025-05-05,AAPL,0.4636819064617157
2025-05-06,AAPL,0.4162675142288208
2025-05-07,AAPL,0.3455248773097992
2025-05-08,AAPL,0.3255852162837982
2025-05-09,AAPL,0.31270238757133484
2025-05-12,AAPL,0.38591209053993225
2025-05-13,AAPL,0.43735796213150024
2025-05-14,AAPL,0.47282126545906067
2025-05-15,AAPL,0.49837324023246765
2025-05-16,AAPL,0.5149571895599365
2025-05-19,AAPL,0.5254772305488586
2025-05-20,AAPL,0.5230743288993835
2025-05-21,AAPL,0.43892621994018555
2025-05-22,AAPL,0.37944018840789795
2025-05-23,AAPL,0.28803810477256775
2025-05-27,AAPL,0.3067934811115265
2025-05-28,AAPL,0.31724122166633606
2025-05-29,AAPL,0.32050034403800964
2025-05-30,AAPL,0.3425939381122589
2025-06-02,AAPL,0.3243604004383087
2025-06-03,AAPL,0.3537340760231018
2025-06-04,AAPL,0.3717327117919922
2025-06-05,AAPL,0.31831681728363037
2025-06-06,AAPL,0.3946707248687744
2025-06-09,AAPL,0.39523056149482727
2025-06-10,AAPL,0.46229496598243713
2025-06-11,AAPL,0.39169248938560486
2025-06-12,AAPL,0.37245771288871765
2025-06-13,AAPL,0.2936941087245941
2025-06-16,AAPL,0.29092252254486084
2025-06-17,AAPL,0.27793362736701965
2025-06-18,AAPL,0.2933214604854584
2025-06-20,AAPL,0.34158316254615784
2025-06-23,AAPL,0.38954177498817444
2025-06-24,AAPL,0.430206835269928
2025-06-25,AAPL,0.4714328348636627
2025-06-26,AAPL,0.49518588185310364
2025-06-27,AAPL,0.5275025367736816
2025-02-26,GC=F,1.3543964624404907
2025-02-27,GC=F,1.2117948532104492
2025-02-28,GC=F,0.9041426777839661
2025-03-03,GC=F,0.9661437273025513
2025-03-04,GC=F,1.0755207538604736
2025-03-05,GC=F,1.170617699623108
2025-03-06,GC=F,1.253720998764038
2025-03-07,GC=F,1.2675294876098633
2025-03-10,GC=F,1.136052131652832
2025-03-11,GC=F,1.2378336191177368
2025-03-12,GC=F,1.3314340114593506
2025-03-13,GC=F,1.5051811933517456
2025-03-14,GC=F,1.5869710445404053
2025-03-17,GC=F,1.610220193862915
2025-03-18,GC=F,1.6480154991149902
2025-03-19,GC=F,1.6281986236572266
2025-03-20,GC=F,1.5912301540374756
2025-03-21,GC=F,1.530188798904419
2025-03-24,GC=F,1.495344638824463
2025-03-25,GC=F,1.4824483394622803
2025-03-26,GC=F,1.4836620092391968
2025-03-27,GC=F,1.4844717979431152
2025-03-28,GC=F,1.5071978569030762
2025-03-31,GC=F,1.5487288236618042
2025-04-01,GC=F,1.5550823211669922
2025-04-02,GC=F,1.577156901359558
2025-04-03,GC=F,1.4999563694000244
2025-04-04,GC=F,1.1945406198501587
2025-04-07,GC=F,0.853538990020752
2025-04-08,GC=F,0.7281014919281006
2025-04-09,GC=F,0.8231567144393921
2025-04-10,GC=F,1.0512969493865967
2025-04-11,GC=F,1.235791802406311
2025-04-14,GC=F,1.2929661273956299
2025-04-15,GC=F,1.3185397386550903
2025-04-16,GC=F,1.3381003141403198
2025-04-17,GC=F,1.3274989128112793
2025-04-21,GC=F,1.3214354515075684
2025-04-22,GC=F,1.2966599464416504
2025-04-23,GC=F,1.158579707145691
2025-04-24,GC=F,1.1217247247695923
2025-04-25,GC=F,1.079097032546997
2025-04-28,GC=F,1.0692046880722046
2025-04-29,GC=F,1.0561420917510986
2025-04-30,GC=F,1.0413219928741455
2025-05-01,GC=F,0.9075831174850464
2025-05-02,GC=F,0.8719461560249329
2025-05-05,GC=F,0.8859058618545532
2025-05-06,GC=F,0.949806809425354
2025-05-07,GC=F,0.9676252007484436
2025-05-08,GC=F,0.9221112132072449
2025-05-09,GC=F,0.9305688142776489
2025-05-12,GC=F,0.7060678601264954
2025-05-13,GC=F,0.6392599940299988
2025-05-14,GC=F,0.5050220489501953
2025-05-15,GC=F,0.5008112192153931
2025-05-16,GC=F,0.45433130860328674
2025-05-19,GC=F,0.4941617548465729
2025-05-20,GC=F,0.5709822773933411
2025-05-21,GC=F,0.6629778742790222
2025-05-22,GC=F,0.7088239192962646
2025-05-23,GC=F,0.8218592405319214
2025-05-27,GC=F,0.8299788236618042
2025-05-28,GC=F,0.8602706789970398
2025-05-29,GC=F,0.8928073644638062
2025-05-30,GC=F,0.8863457441329956
2025-06-02,GC=F,0.929063081741333
2025-06-03,GC=F,0.9491680264472961
2025-06-04,GC=F,0.9772329926490784
2025-06-05,GC=F,0.9827431440353394
2025-06-06,GC=F,0.9758545756340027
2025-06-09,GC=F,0.9428218007087708
2025-06-10,GC=F,0.8799663186073303
2025-06-11,GC=F,0.8438740968704224
2025-06-12,GC=F,0.9353854060173035
2025-06-13,GC=F,1.0537384748458862
2025-06-16,GC=F,1.0481077432632446
2025-06-17,GC=F,1.0297757387161255
2025-06-18,GC=F,1.0194631814956665
2025-06-20,GC=F,0.941948413848877
2025-06-23,GC=F,0.9067454934120178
2025-06-24,GC=F,0.714759111404419
2025-06-25,GC=F,0.6504321694374084
2025-06-26,GC=F,0.6290872693061829
2025-06-27,GC=F,0.49999484419822693
2025-02-25,GBPUSD=X,2.855264663696289
2025-02-26,GBPUSD=X,2.830944061279297
2025-02-27,GBPUSD=X,2.8234901428222656
2025-02-28,GBPUSD=X,2.8255462646484375
2025-03-03,GBPUSD=X,2.8016631603240967
2025-03-04,GBPUSD=X,2.778512716293335
2025-03-05,GBPUSD=X,2.878134250640869
2025-03-06,GBPUSD=X,3.0238544940948486
2025-03-07,GBPUSD=X,3.066694736480713
2025-03-10,GBPUSD=X,3.109187602996826
2025-03-11,GBPUSD=X,3.0010530948638916
2025-03-12,GBPUSD=X,2.9711341857910156
2025-03-13,GBPUSD=X,2.934720039367676
2025-03-14,GBPUSD=X,2.882477283477783
2025-03-17,GBPUSD=X,2.850518226623535
2025-03-18,GBPUSD=X,2.8407089710235596
2025-03-19,GBPUSD=X,2.835393190383911
2025-03-20,GBPUSD=X,2.849078416824341
2025-03-21,GBPUSD=X,2.864229679107666
2025-03-24,GBPUSD=X,2.819185495376587
2025-03-25,GBPUSD=X,2.572498321533203
2025-03-26,GBPUSD=X,2.4700050354003906
2025-03-27,GBPUSD=X,2.0791680812835693
2025-03-28,GBPUSD=X,2.222417116165161
2025-03-31,GBPUSD=X,2.227755308151245
2025-04-01,GBPUSD=X,2.1509206295013428
2025-04-02,GBPUSD=X,2.07786226272583
2025-04-03,GBPUSD=X,2.719524621963501
2025-04-04,GBPUSD=X,3.1059296131134033
2025-04-07,GBPUSD=X,2.400876760482788
2025-04-08,GBPUSD=X,1.7217864990234375
2025-04-09,GBPUSD=X,1.8165031671524048
2025-04-10,GBPUSD=X,1.7395415306091309
2025-04-11,GBPUSD=X,1.6785088777542114
2025-04-14,GBPUSD=X,1.9803547859191895
2025-04-15,GBPUSD=X,2.405147075653076
2025-04-16,GBPUSD=X,2.683351516723633
2025-04-17,GBPUSD=X,2.78775954246521
2025-04-22,GBPUSD=X,2.8681256771087646
2025-04-23,GBPUSD=X,2.746546745300293
2025-04-24,GBPUSD=X,2.675990104675293
2025-04-25,GBPUSD=X,2.6598010063171387
2025-04-28,GBPUSD=X,2.6113080978393555
2025-04-29,GBPUSD=X,2.5946178436279297
2025-04-30,GBPUSD=X,2.5828847885131836
2025-05-01,GBPUSD=X,2.5703721046447754
2025-05-02,GBPUSD=X,2.5363337993621826
2025-05-05,GBPUSD=X,2.4410812854766846
2025-05-06,GBPUSD=X,2.2920398712158203
2025-05-07,GBPUSD=X,2.2876436710357666
2025-05-08,GBPUSD=X,2.0429587364196777
2025-05-09,GBPUSD=X,1.8284255266189575
2025-05-12,GBPUSD=X,1.7556700706481934
2025-05-13,GBPUSD=X,1.2943676710128784
2025-05-14,GBPUSD=X,1.5774130821228027
2025-05-15,GBPUSD=X,1.5736804008483887
2025-05-16,GBPUSD=X,1.780307412147522
2025-05-19,GBPUSD=X,1.9234272241592407
2025-05-20,GBPUSD=X,2.203986883163452
2025-05-21,GBPUSD=X,2.4191582202911377
2025-05-22,GBPUSD=X,2.5603368282318115
2025-05-23,GBPUSD=X,2.6075844764709473
2025-05-26,GBPUSD=X,2.803295373916626
2025-05-27,GBPUSD=X,2.9232959747314453
2025-05-28,GBPUSD=X,2.857189893722534
2025-05-29,GBPUSD=X,2.7018744945526123
2025-05-30,GBPUSD=X,2.671360731124878
2025-06-02,GBPUSD=X,2.5771830081939697
2025-06-03,GBPUSD=X,2.6167237758636475
2025-06-04,GBPUSD=X,2.593423843383789
2025-06-05,GBPUSD=X,2.6222667694091797
2025-06-06,GBPUSD=X,2.631380796432495
2025-06-09,GBPUSD=X,2.6265757083892822
2025-06-10,GBPUSD=X,2.62689471244812
2025-06-11,GBPUSD=X,2.5525741577148438
2025-06-12,GBPUSD=X,2.585606098175049
2025-06-13,GBPUSD=X,2.6825382709503174
2025-06-16,GBPUSD=X,2.64300274848938
2025-06-17,GBPUSD=X,2.614935874938965
2025-06-18,GBPUSD=X,1.8091726303100586
2025-06-19,GBPUSD=X,1.3795069456100464
2025-06-20,GBPUSD=X,1.417360782623291
2025-06-23,GBPUSD=X,1.195753812789917
2025-06-24,GBPUSD=X,1.5589426755905151
2025-06-25,GBPUSD=X,2.0087926387786865
2025-06-26,GBPUSD=X,2.509096384048462
2025-06-27,GBPUSD=X,2.8035223484039307
2025-02-26,GOOGL,1.3285083770751953
2025-02-27,GOOGL,1.4102994203567505
2025-02-28,GOOGL,1.4309470653533936
2025-03-03,GOOGL,1.4622732400894165
2025-03-04,GOOGL,1.3890397548675537
2025-03-05,GOOGL,1.1988322734832764
2025-03-06,GOOGL,1.0546001195907593
2025-03-07,GOOGL,0.8438388109207153
2025-03-10,GOOGL,0.8558251857757568
2025-03-11,GOOGL,1.0176488161087036
2025-03-12,GOOGL,0.9327284097671509
2025-03-13,GOOGL,0.9962108731269836
2025-03-14,GOOGL,0.8036835193634033
2025-03-17,GOOGL,0.619271457195282
2025-03-18,GOOGL,0.5819531083106995
2025-03-19,GOOGL,0.49065840244293213
2025-03-20,GOOGL,0.41645532846450806
2025-03-21,GOOGL,0.38148364424705505
2025-03-24,GOOGL,0.41226446628570557
2025-03-25,GOOGL,0.48957908153533936
2025-03-26,GOOGL,0.4779280722141266
2025-03-27,GOOGL,0.4134063422679901
2025-03-28,GOOGL,0.38938865065574646
2025-03-31,GOOGL,0.5406355261802673
2025-04-01,GOOGL,0.5972821116447449
2025-04-02,GOOGL,0.6010347008705139
2025-04-03,GOOGL,0.785912811756134
2025-04-04,GOOGL,1.025505542755127
2025-04-07,GOOGL,1.1684366464614868
2025-04-08,GOOGL,1.2809861898422241
2025-04-09,GOOGL,0.8043790459632874
2025-04-10,GOOGL,0.5819348096847534
2025-04-11,GOOGL,0.47191303968429565
2025-04-14,GOOGL,0.4655109643936157
2025-04-15,GOOGL,0.4846806824207306
2025-04-16,GOOGL,0.48524877429008484
2025-04-17,GOOGL,0.45258402824401855
2025-04-21,GOOGL,0.3754369616508484
2025-04-22,GOOGL,0.40476539731025696
2025-04-23,GOOGL,0.47555574774742126
2025-04-24,GOOGL,0.5211613774299622
2025-04-25,GOOGL,0.5680555701255798
2025-04-28,GOOGL,0.5835694074630737
2025-04-29,GOOGL,0.592181921005249
2025-04-30,GOOGL,0.5976357460021973
2025-05-01,GOOGL,0.6033483743667603
2025-05-02,GOOGL,0.613126814365387
2025-05-05,GOOGL,0.6205193400382996
2025-05-06,GOOGL,0.6251775622367859
2025-05-07,GOOGL,0.4668540060520172
2025-05-08,GOOGL,0.45589470863342285
2025-05-09,GOOGL,0.3860616981983185
2025-05-12,GOOGL,0.43627944588661194
2025-05-13,GOOGL,0.47070226073265076
2025-05-14,GOOGL,0.5206255912780762
2025-05-15,GOOGL,0.5434607863426208
2025-05-16,GOOGL,0.5674636363983154
2025-05-19,GOOGL,0.5817279815673828
2025-05-20,GOOGL,0.5901211500167847
2025-05-21,GOOGL,0.6026613712310791
2025-05-22,GOOGL,0.624212920665741
2025-05-23,GOOGL,0.6121211051940918
2025-05-27,GOOGL,0.6253749132156372
2025-05-28,GOOGL,0.6220682263374329
2025-05-29,GOOGL,0.617722749710083
2025-05-30,GOOGL,0.6136335134506226
2025-06-02,GOOGL,0.608453094959259
2025-06-03,GOOGL,0.5424326658248901
2025-06-04,GOOGL,0.5184338688850403
2025-06-05,GOOGL,0.5082272887229919
2025-06-06,GOOGL,0.5553784370422363
2025-06-09,GOOGL,0.6087615489959717
2025-06-10,GOOGL,0.6488301157951355
2025-06-11,GOOGL,0.6531497836112976
2025-06-12,GOOGL,0.6389011740684509
2025-06-13,GOOGL,0.6205579042434692
2025-06-16,GOOGL,0.6231980919837952
2025-06-17,GOOGL,0.6165198683738708
2025-06-18,GOOGL,0.6120569705963135
2025-06-20,GOOGL,0.4231876730918884
2025-06-23,GOOGL,0.3309275805950165
2025-06-24,GOOGL,0.3066835105419159
2025-06-25,GOOGL,0.3628474175930023
2025-06-26,GOOGL,0.43304264545440674
2025-06-27,GOOGL,0.5129129886627197
2025-02-25,USDJPY=X,2.282938003540039
2025-02-26,USDJPY=X,2.585014581680298
2025-02-27,USDJPY=X,2.9553139209747314
2025-02-28,USDJPY=X,2.456129312515259
2025-03-03,USDJPY=X,1.7913105487823486
2025-03-04,USDJPY=X,1.5492815971374512
2025-03-05,USDJPY=X,1.3677494525909424
2025-03-06,USDJPY=X,1.2178118228912354
2025-03-07,USDJPY=X,1.3134053945541382
2025-03-10,USDJPY=X,1.7380516529083252
2025-03-11,USDJPY=X,2.334733009338379
2025-03-12,USDJPY=X,2.030203342437744
2025-03-13,USDJPY=X,1.5948201417922974
2025-03-14,USDJPY=X,1.3585188388824463
2025-03-17,USDJPY=X,1.2661824226379395
2025-03-18,USDJPY=X,1.400254726409912
2025-03-19,USDJPY=X,1.5685664415359497
2025-03-20,USDJPY=X,1.5206314325332642
2025-03-21,USDJPY=X,1.6190471649169922
2025-03-24,USDJPY=X,1.8306421041488647
2025-03-25,USDJPY=X,2.065234899520874
2025-03-26,USDJPY=X,2.0802114009857178
2025-03-27,USDJPY=X,2.122384548187256
2025-03-28,USDJPY=X,2.167820930480957
2025-03-31,USDJPY=X,2.11742901802063
2025-04-01,USDJPY=X,2.077670097351074
2025-04-02,USDJPY=X,2.0206305980682373
2025-04-03,USDJPY=X,1.493717908859253
2025-04-04,USDJPY=X,1.1966791152954102
2025-04-07,USDJPY=X,1.641086220741272
2025-04-08,USDJPY=X,1.529416799545288
2025-04-09,USDJPY=X,1.4422193765640259
2025-04-10,USDJPY=X,1.3306388854980469
2025-04-11,USDJPY=X,1.4422881603240967
2025-04-14,USDJPY=X,2.005815029144287
2025-04-15,USDJPY=X,2.6066243648529053
2025-04-16,USDJPY=X,3.103086233139038
2025-04-17,USDJPY=X,3.461077928543091
2025-04-22,USDJPY=X,3.7979559898376465
2025-04-23,USDJPY=X,3.371544361114502
2025-04-24,USDJPY=X,2.5846574306488037
2025-04-25,USDJPY=X,2.017003059387207
2025-04-28,USDJPY=X,1.5826460123062134
2025-04-29,USDJPY=X,1.3166334629058838
2025-04-30,USDJPY=X,1.1978117227554321
2025-05-01,USDJPY=X,1.1348158121109009
2025-05-02,USDJPY=X,1.3273732662200928
2025-05-05,USDJPY=X,1.4853919744491577
2025-05-06,USDJPY=X,1.6080132722854614
2025-05-07,USDJPY=X,1.5431506633758545
2025-05-08,USDJPY=X,1.61105215549469
2025-05-09,USDJPY=X,1.7674119472503662
2025-05-12,USDJPY=X,1.8691174983978271
2025-05-13,USDJPY=X,2.000192403793335
2025-05-14,USDJPY=X,1.9973279237747192
2025-05-15,USDJPY=X,1.8934568166732788
2025-05-16,USDJPY=X,1.7551991939544678
2025-05-19,USDJPY=X,1.6567842960357666
2025-05-20,USDJPY=X,1.5463755130767822
2025-05-21,USDJPY=X,1.4338946342468262
2025-05-22,USDJPY=X,1.2111430168151855
2025-05-23,USDJPY=X,1.117416501045227
2025-05-26,USDJPY=X,0.9216940402984619
2025-05-27,USDJPY=X,0.8761665225028992
2025-05-28,USDJPY=X,0.9858390092849731
2025-05-29,USDJPY=X,1.1262314319610596
2025-05-30,USDJPY=X,1.011081337928772
2025-06-02,USDJPY=X,0.9581570625305176
2025-06-03,USDJPY=X,0.8544459342956543
2025-06-04,USDJPY=X,0.9846808910369873
2025-06-05,USDJPY=X,0.8836166858673096
2025-06-06,USDJPY=X,0.9724226593971252
2025-06-09,USDJPY=X,1.214471459388733
2025-06-10,USDJPY=X,1.371048927307129
2025-06-11,USDJPY=X,1.4989646673202515
2025-06-12,USDJPY=X,1.5393520593643188
2025-06-13,USDJPY=X,1.3056752681732178
2025-06-16,USDJPY=X,1.40431547164917
2025-06-17,USDJPY=X,1.5206111669540405
2025-06-18,USDJPY=X,1.6992220878601074
2025-06-19,USDJPY=X,1.719449758529663
2025-06-20,USDJPY=X,1.7658700942993164
2025-06-23,USDJPY=X,1.8791344165802002
2025-06-24,USDJPY=X,1.8815306425094604
2025-06-25,USDJPY=X,1.8358808755874634
2025-06-26,USDJPY=X,1.7602869272232056
2025-06-27,USDJPY=X,1.6630104780197144
2025-02-26,META,0.6335766911506653
2025-02-27,META,0.8020204305648804
2025-02-28,META,0.8442988395690918
2025-03-03,META,0.9794216752052307
2025-03-04,META,1.179794192314148
2025-03-05,META,1.1833586692810059
2025-03-06,META,1.2633212804794312
2025-03-07,META,1.3940236568450928
2025-03-10,META,1.4183025360107422
2025-03-11,META,1.4615702629089355
2025-03-12,META,1.3415449857711792
2025-03-13,META,1.3235728740692139
2025-03-14,META,1.1749824285507202
2025-03-17,META,1.040269374847412
2025-03-18,META,1.1143505573272705
2025-03-19,META,1.2338428497314453
2025-03-20,META,1.277461290359497
2025-03-21,META,1.1533726453781128
2025-03-24,META,0.8042485117912292
2025-03-25,META,0.6200168132781982
2025-03-26,META,0.5613242983818054
2025-03-27,META,0.5344157814979553
2025-03-28,META,0.4045788049697876
2025-03-31,META,0.3788238763809204
2025-04-01,META,0.36694812774658203
2025-04-02,META,0.3434852957725525
2025-04-03,META,0.45565590262413025
2025-04-04,META,0.7331082820892334
2025-04-07,META,0.9506282210350037
2025-04-08,META,1.102967381477356
2025-04-09,META,0.6658375263214111
2025-04-10,META,0.5188534259796143
2025-04-11,META,0.46058765053749084
2025-04-14,META,0.45422887802124023
2025-04-15,META,0.5034184455871582
2025-04-16,META,0.6188193559646606
2025-04-17,META,0.7357180118560791
2025-04-21,META,0.8388939499855042
2025-04-22,META,0.8629045486450195
2025-04-23,META,0.6799439191818237
2025-04-24,META,0.48609253764152527
2025-04-25,META,0.38899824023246765
2025-04-28,META,0.3674316704273224
2025-04-29,META,0.38017451763153076
2025-04-30,META,0.4144907295703888
2025-05-01,META,0.44731101393699646
2025-05-02,META,0.4842565059661865
2025-05-05,META,0.49990853667259216
2025-05-06,META,0.49503058195114136
2025-05-07,META,0.49719753861427307
2025-05-08,META,0.49751991033554077
2025-05-09,META,0.4922827482223511
2025-05-12,META,0.4911195933818817
2025-05-13,META,0.5002963542938232
2025-05-14,META,0.49974480271339417
2025-05-15,META,0.4911913573741913
2025-05-16,META,0.4875611662864685
2025-05-19,META,0.48530906438827515
2025-05-20,META,0.4822738468647003
2025-05-21,META,0.478732168674469
2025-05-22,META,0.4779491424560547
2025-05-23,META,0.46739664673805237
2025-05-27,META,0.4759650230407715
2025-05-28,META,0.48364701867103577
2025-05-29,META,0.49125179648399353
2025-05-30,META,0.48625513911247253
2025-06-02,META,0.5086858868598938
2025-06-03,META,0.5176471471786499
2025-06-04,META,0.5519109964370728
2025-06-05,META,0.5591860413551331
2025-06-06,META,0.5690005421638489
2025-06-09,META,0.5609073042869568
2025-06-10,META,0.5579096674919128
2025-06-11,META,0.5395358800888062
2025-06-12,META,0.5315032601356506
2025-06-13,META,0.5206342935562134
2025-06-16,META,0.5204046964645386
2025-06-17,META,0.5208209156990051
2025-06-18,META,0.5275498628616333
2025-06-20,META,0.500697135925293
2025-06-23,META,0.5114096403121948
2025-06-24,META,0.519910991191864
2025-06-25,META,0.5233763456344604
2025-06-26,META,0.5524904727935791
2025-06-27,META,0.5845525860786438
2025-02-26,AMZN,1.408240556716919
2025-02-27,AMZN,1.4842313528060913
2025-02-28,AMZN,1.4779804944992065
2025-03-03,AMZN,1.499956727027893
2025-03-04,AMZN,1.553215503692627
2025-03-05,AMZN,1.4897959232330322
2025-03-06,AMZN,1.4876245260238647
2025-03-07,AMZN,1.5415812730789185
2025-03-10,AMZN,1.5664143562316895
2025-03-11,AMZN,1.543575644493103
2025-03-12,AMZN,1.427708387374878
2025-03-13,AMZN,1.4154009819030762
2025-03-14,AMZN,1.2095516920089722
2025-03-17,AMZN,1.073889970779419
2025-03-18,AMZN,1.059079885482788
2025-03-19,AMZN,0.9145387411117554
2025-03-20,AMZN,0.7506226897239685
2025-03-21,AMZN,0.6007957458496094
2025-03-24,AMZN,0.5215911269187927
2025-03-25,AMZN,0.5580765008926392
2025-03-26,AMZN,0.6040212512016296
2025-03-27,AMZN,0.6489601135253906
2025-03-28,AMZN,0.4685927927494049
2025-03-31,AMZN,0.39552736282348633
2025-04-01,AMZN,0.38246026635169983
2025-04-02,AMZN,0.42225775122642517
2025-04-03,AMZN,0.43608754873275757
2025-04-04,AMZN,0.7000344395637512
2025-04-07,AMZN,0.9052662253379822
2025-04-08,AMZN,1.0724916458129883
2025-04-09,AMZN,0.685979425907135
2025-04-10,AMZN,0.5052408576011658
2025-04-11,AMZN,0.4148629903793335
2025-04-14,AMZN,0.3564942181110382
2025-04-15,AMZN,0.3179079592227936
2025-04-16,AMZN,0.28530678153038025
2025-04-17,AMZN,0.26665088534355164
2025-04-21,AMZN,0.27071133255958557
2025-04-22,AMZN,0.2758317291736603
2025-04-23,AMZN,0.31149205565452576
2025-04-24,AMZN,0.37774378061294556
2025-04-25,AMZN,0.4330538511276245
2025-04-28,AMZN,0.47276806831359863
2025-04-29,AMZN,0.4990178942680359
2025-04-30,AMZN,0.5186324119567871
2025-05-01,AMZN,0.5265917181968689
2025-05-02,AMZN,0.5317692756652832
2025-05-05,AMZN,0.543954074382782
2025-05-06,AMZN,0.5521148443222046
2025-05-07,AMZN,0.5513356328010559
2025-05-08,AMZN,0.5506852269172668
2025-05-09,AMZN,0.547267735004425
2025-05-12,AMZN,0.5726898312568665
2025-05-13,AMZN,0.5961071848869324
2025-05-14,AMZN,0.5979123711585999
2025-05-15,AMZN,0.5731767416000366
2025-05-16,AMZN,0.557928204536438
2025-05-19,AMZN,0.5452393889427185
2025-05-20,AMZN,0.5335835218429565
2025-05-21,AMZN,0.5250033140182495
2025-05-22,AMZN,0.525328516960144
2025-05-23,AMZN,0.5248547792434692
2025-05-27,AMZN,0.5283604860305786
2025-05-28,AMZN,0.5267658829689026
2025-05-29,AMZN,0.530490517616272
2025-05-30,AMZN,0.49956968426704407
2025-06-02,AMZN,0.49017199873924255
2025-06-03,AMZN,0.4734438955783844
2025-06-04,AMZN,0.5206307768821716
2025-06-05,AMZN,0.5433143973350525
2025-06-06,AMZN,0.5950974225997925
2025-06-09,AMZN,0.6398937702178955
2025-06-10,AMZN,0.6528022885322571
2025-06-11,AMZN,0.6152822971343994
2025-06-12,AMZN,0.5953765511512756
2025-06-13,AMZN,0.5643657445907593
2025-06-16,AMZN,0.5762742757797241
2025-06-17,AMZN,0.5672475695610046
2025-06-18,AMZN,0.5583258867263794
2025-06-20,AMZN,0.5148434042930603
2025-06-23,AMZN,0.4666849970817566
2025-06-24,AMZN,0.4808792173862457
2025-06-25,AMZN,0.46814700961112976
2025-06-26,AMZN,0.5211763381958008
2025-06-27,AMZN,0.6043564081192017
2025-07-23,USDJPY=X,1.7858926057815552
2025-07-24,USDJPY=X,1.6259925365447998
2025-07-25,USDJPY=X,1.5278441905975342
2025-07-28,USDJPY=X,1.6178299188613892
2025-07-29,USDJPY=X,1.7815067768096924
2025-07-30,USDJPY=X,1.8205212354660034
2025-07-31,USDJPY=X,1.9245476722717285
2025-08-01,USDJPY=X,2.1532883644104004
2025-08-04,USDJPY=X,1.6339548826217651
2025-08-05,USDJPY=X,1.0616246461868286
2025-08-06,USDJPY=X,1.1275638341903687
2025-08-07,USDJPY=X,0.9112699031829834
2025-08-08,USDJPY=X,0.7445420026779175
2025-08-11,USDJPY=X,1.0083953142166138
2025-08-12,USDJPY=X,1.173819899559021
2025-08-13,USDJPY=X,1.1322373151779175
2025-08-14,USDJPY=X,0.8805711269378662
2025-08-15,USDJPY=X,1.016940951347351
2025-08-18,USDJPY=X,0.8546239733695984
2025-08-19,USDJPY=X,1.026610016822815
2025-08-20,USDJPY=X,0.9994878768920898
2025-08-21,USDJPY=X,1.220984935760498
2025-08-22,USDJPY=X,1.6290432214736938
2025-08-25,USDJPY=X,1.2390105724334717
2025-08-26,USDJPY=X,1.5234102010726929
2025-08-27,USDJPY=X,1.39506995677948
2025-08-28,USDJPY=X,1.2355551719665527
2025-08-29,USDJPY=X,0.752575159072876
2025-09-01,USDJPY=X,0.9059342741966248
2025-09-02,USDJPY=X,0.8366930484771729
2025-09-03,USDJPY=X,1.6533461809158325
2025-09-04,USDJPY=X,1.5996131896972656
2025-09-05,USDJPY=X,1.835733413696289
2025-09-08,USDJPY=X,1.884174108505249
2025-09-09,USDJPY=X,1.5683528184890747
2025-09-10,USDJPY=X,1.4263169765472412
2025-09-11,USDJPY=X,1.207784652709961
2025-09-12,USDJPY=X,1.0555158853530884
2025-09-15,USDJPY=X,1.3418811559677124
2025-09-16,USDJPY=X,1.2322876453399658
2025-09-17,USDJPY=X,0.6762685775756836
2025-09-18,USDJPY=X,0.8449229598045349
2025-09-19,USDJPY=X,1.4048709869384766
2025-09-22,USDJPY=X,1.6276813745498657
2025-09-23,USDJPY=X,1.7559874057769775
2025-09-24,USDJPY=X,1.813162922859192
2025-09-25,USDJPY=X,2.1207222938537598
2025-09-26,USDJPY=X,2.3915343284606934
2025-09-29,USDJPY=X,2.3466150760650635
2025-09-30,USDJPY=X,2.1069395542144775
2025-10-01,USDJPY=X,1.9002559185028076
2025-10-02,USDJPY=X,1.237769603729248
2025-10-03,USDJPY=X,1.061061143875122
2025-10-06,USDJPY=X,1.836912751197815
2025-10-07,USDJPY=X,2.1139328479766846
2025-10-08,USDJPY=X,2.3094699382781982
2025-10-09,USDJPY=X,2.384610176086426
2025-10-10,USDJPY=X,2.3778767585754395
2025-10-13,USDJPY=X,2.2202389240264893
2025-10-14,USDJPY=X,2.1761159896850586
2025-10-15,USDJPY=X,2.067481756210327
2025-10-16,USDJPY=X,1.9974122047424316
2025-10-17,USDJPY=X,1.8738963603973389
2025-10-20,USDJPY=X,1.8707431554794312
2025-10-21,USDJPY=X,1.872562050819397
2025-10-22,USDJPY=X,1.9410356283187866
2025-10-23,USDJPY=X,1.9014503955841064
2025-10-24,USDJPY=X,1.9769628047943115
2025-10-27,USDJPY=X,2.030728816986084
2025-10-28,USDJPY=X,2.063593864440918
2025-10-29,USDJPY=X,2.0170228481292725
2025-10-30,USDJPY=X,2.061185836791992
2025-10-31,USDJPY=X,2.248081684112549
2025-11-03,USDJPY=X,2.3298146724700928
2025-11-04,USDJPY=X,2.314948797225952
2025-11-05,USDJPY=X,2.1902568340301514
2025-11-06,USDJPY=X,2.1854326725006104
2025-11-07,USDJPY=X,2.07991886138916
2025-11-10,USDJPY=X,2.0500266551971436
2025-11-11,USDJPY=X,2.087726593017578
2025-11-12,USDJPY=X,2.1024115085601807
2025-11-13,USDJPY=X,2.1535894870758057
2025-11-14,USDJPY=X,2.1738266944885254
2025-11-17,USDJPY=X,2.194361925125122
2025-11-18,USDJPY=X,2.251688241958618
2025-11-19,USDJPY=X,2.313365936279297
2025-11-20,USDJPY=X,2.5476999282836914
2025-11-21,USDJPY=X,2.6244823932647705
2025-11-24,USDJPY=X,2.504474639892578
2025-11-25,USDJPY=X,2.4545328617095947
2025-11-26,USDJPY=X,2.277203321456909
2025-11-27,USDJPY=X,2.1924805641174316
2025-07-23,INFY.NS,0.2962948977947235
2025-07-24,INFY.NS,0.33347654342651367
2025-07-25,INFY.NS,0.5016322731971741
2025-07-28,INFY.NS,0.691979169845581
2025-07-29,INFY.NS,0.8538480401039124
2025-07-30,INFY.NS,0.9714168310165405
2025-07-31,INFY.NS,1.0612274408340454
2025-08-01,INFY.NS,1.164143681526184
2025-08-04,INFY.NS,1.227401852607727
2025-08-05,INFY.NS,1.2772910594940186
2025-08-06,INFY.NS,1.360461950302124
2025-08-07,INFY.NS,1.4310253858566284
2025-08-08,INFY.NS,1.47214937210083
2025-08-11,INFY.NS,1.4833987951278687
2025-08-12,INFY.NS,1.478812336921692
2025-08-13,INFY.NS,1.4506748914718628
2025-08-14,INFY.NS,1.3653842210769653
2025-08-18,INFY.NS,1.2848248481750488
2025-08-19,INFY.NS,1.2219780683517456
2025-08-20,INFY.NS,1.1146736145019531
2025-08-21,INFY.NS,0.9859883189201355
2025-08-22,INFY.NS,0.9102730751037598
2025-08-25,INFY.NS,0.8763489723205566
2025-08-26,INFY.NS,0.8635637760162354
2025-08-28,INFY.NS,0.8241003751754761
2025-08-29,INFY.NS,0.7451764941215515
2025-09-01,INFY.NS,0.7559680938720703
2025-09-02,INFY.NS,0.7484868764877319
2025-09-03,INFY.NS,0.7130958437919617
2025-09-04,INFY.NS,0.6258243918418884
2025-09-05,INFY.NS,0.4664868116378784
2025-09-08,INFY.NS,0.38404038548469543
2025-09-09,INFY.NS,0.5958558320999146
2025-09-10,INFY.NS,0.7225998044013977
2025-09-11,INFY.NS,0.7325592041015625
2025-09-12,INFY.NS,0.7750138640403748
2025-09-15,INFY.NS,0.7816631197929382
2025-09-16,INFY.NS,0.7910863161087036
2025-09-17,INFY.NS,0.8017758727073669
2025-09-18,INFY.NS,0.8305829167366028
2025-09-19,INFY.NS,0.8292643427848816
2025-09-22,INFY.NS,0.8100647330284119
2025-09-23,INFY.NS,0.774267315864563
2025-09-24,INFY.NS,0.7361314296722412
2025-09-25,INFY.NS,0.6630081534385681
2025-09-26,INFY.NS,0.40784135460853577
2025-09-29,INFY.NS,0.3519006371498108
2025-09-30,INFY.NS,0.39700648188591003
2025-10-01,INFY.NS,0.47845274209976196
2025-10-03,INFY.NS,0.5435949563980103
2025-10-06,INFY.NS,0.5992204546928406
2025-10-07,INFY.NS,0.5264843702316284
2025-10-08,INFY.NS,0.6330364346504211
2025-10-09,INFY.NS,0.6881905794143677
2025-10-10,INFY.NS,0.784358561038971
2025-10-13,INFY.NS,0.7951934933662415
2025-10-14,INFY.NS,0.8064324259757996
2025-10-15,INFY.NS,0.6899746656417847
2025-10-16,INFY.NS,0.6233505606651306
2025-10-17,INFY.NS,0.4089827835559845
2025-10-20,INFY.NS,0.49819499254226685
2025-10-21,INFY.NS,0.5813687443733215
2025-10-23,INFY.NS,0.7872700095176697
2025-10-24,INFY.NS,0.8341057896614075
2025-10-27,INFY.NS,0.8465172052383423
2025-10-28,INFY.NS,0.8447293639183044
2025-10-29,INFY.NS,0.8613923788070679
2025-10-30,INFY.NS,0.8558514714241028
2025-10-31,INFY.NS,0.8547533750534058
2025-11-03,INFY.NS,0.8440396785736084
2025-11-04,INFY.NS,0.7717415690422058
2025-11-06,INFY.NS,0.7262356281280518
2025-11-07,INFY.NS,0.7680878639221191
2025-11-10,INFY.NS,0.8263925909996033
2025-11-11,INFY.NS,0.8854467868804932
2025-11-12,INFY.NS,0.9395049810409546
2025-11-13,INFY.NS,0.9299994111061096
2025-11-14,INFY.NS,0.829192042350769
2025-11-17,INFY.NS,0.7583414316177368
2025-11-18,INFY.NS,0.5887864828109741
2025-11-19,INFY.NS,0.8066709637641907
2025-11-20,INFY.NS,0.8286371231079102
2025-11-21,INFY.NS,0.8562325239181519
2025-11-24,INFY.NS,0.8615111112594604
2025-11-25,INFY.NS,0.8451504111289978
2025-11-26,INFY.NS,0.8542342185974121
2025-11-27,INFY.NS,0.8637528419494629
2025-07-24,IWM,0.7873702049255371
2025-07-25,IWM,0.7950884103775024
2025-07-28,IWM,0.7763890027999878
2025-07-29,IWM,0.7322989702224731
2025-07-30,IWM,0.5953720808029175
2025-07-31,IWM,0.35492783784866333
2025-08-01,IWM,0.256466805934906
2025-08-04,IWM,0.3995816707611084
2025-08-05,IWM,0.4971550405025482
2025-08-06,IWM,0.5085569620132446
2025-08-07,IWM,0.4677623212337494
2025-08-08,IWM,0.5192080736160278
2025-08-11,IWM,0.531621515750885
2025-08-12,IWM,0.8043947219848633
2025-08-13,IWM,0.9563484191894531
2025-08-14,IWM,0.9400995969772339
2025-08-15,IWM,0.8978245258331299
2025-08-18,IWM,0.8967263698577881
2025-08-19,IWM,0.8550140261650085
2025-08-20,IWM,0.835113525390625
2025-08-21,IWM,0.8087375164031982
2025-08-22,IWM,0.942558228969574
2025-08-25,IWM,0.9207583069801331
2025-08-26,IWM,0.9328908324241638
2025-08-27,IWM,0.9423304200172424
2025-08-28,IWM,0.9330671429634094
2025-08-29,IWM,0.9098517894744873
2025-09-02,IWM,0.8931421041488647
2025-09-03,IWM,0.8837836384773254
2025-09-04,IWM,0.9011380076408386
2025-09-05,IWM,0.9106547832489014
2025-09-08,IWM,0.9184111952781677
2025-09-09,IWM,0.9190178513526917
2025-09-10,IWM,0.9203234910964966
2025-09-11,IWM,0.9391708970069885
2025-09-12,IWM,0.9039471745491028
2025-09-15,IWM,0.9091521501541138
2025-09-16,IWM,0.8951857089996338
2025-09-17,IWM,0.9148796200752258
2025-09-18,IWM,1.0523815155029297
2025-09-19,IWM,1.0562171936035156
2025-09-22,IWM,1.0689829587936401
2025-09-23,IWM,1.0325037240982056
2025-09-24,IWM,0.9446266889572144
2025-09-25,IWM,0.8319652676582336
2025-09-26,IWM,0.8312873840332031
2025-09-29,IWM,0.8308493494987488
2025-09-30,IWM,0.8243979811668396
2025-10-01,IWM,0.8437346816062927
2025-10-02,IWM,0.9060860872268677
2025-10-03,IWM,0.9712515473365784
2025-10-06,IWM,1.0077886581420898
2025-10-07,IWM,0.9528135657310486
2025-10-08,IWM,1.0049110651016235
2025-10-09,IWM,0.9620097279548645
2025-10-10,IWM,0.5070024728775024
2025-10-13,IWM,0.7573980689048767
2025-10-14,IWM,0.9174931049346924
2025-10-15,IWM,1.033797025680542
2025-10-16,IWM,0.9466615915298462
2025-10-17,IWM,0.8467270135879517
2025-10-20,IWM,0.9348917007446289
2025-10-21,IWM,0.8867983222007751
2025-10-22,IWM,0.7897958159446716
2025-10-23,IWM,0.8295969367027283
2025-10-24,IWM,0.938914954662323
2025-10-27,IWM,0.9698804020881653
2025-10-28,IWM,0.950969398021698
2025-10-29,IWM,0.9534215927124023
2025-10-30,IWM,0.769236147403717
2025-10-31,IWM,0.7670214772224426
2025-11-03,IWM,0.6898090839385986
2025-11-04,IWM,0.3729323148727417
2025-11-05,IWM,0.557424783706665
2025-11-06,IWM,0.3244067430496216
2025-11-07,IWM,0.31612429022789
2025-11-10,IWM,0.45359450578689575
2025-11-11,IWM,0.5158442854881287
2025-11-12,IWM,0.4876718521118164
2025-11-13,IWM,0.2914314568042755
2025-11-14,IWM,0.3445422053337097
2025-11-17,IWM,0.470572829246521
2025-11-18,IWM,0.6310571432113647
2025-11-19,IWM,0.7637496590614319
2025-11-20,IWM,0.90703946352005
2025-11-21,IWM,0.9558285474777222
2025-11-24,IWM,0.9583051204681396
2025-11-25,IWM,0.9370545148849487
2025-11-26,IWM,0.9209069013595581
2025-07-24,DX-Y.NYB,1.4594448804855347
2025-07-25,DX-Y.NYB,1.5959891080856323
2025-07-28,DX-Y.NYB,2.245806932449341
2025-07-29,DX-Y.NYB,2.488053798675537
2025-07-30,DX-Y.NYB,2.797708749771118
2025-07-31,DX-Y.NYB,2.8780951499938965
2025-08-01,DX-Y.NYB,2.4873204231262207
2025-08-04,DX-Y.NYB,2.2932441234588623
2025-08-05,DX-Y.NYB,2.1541991233825684
2025-08-06,DX-Y.NYB,1.822918176651001
2025-08-07,DX-Y.NYB,1.8207281827926636
2025-08-08,DX-Y.NYB,1.6624587774276733
2025-08-11,DX-Y.NYB,1.8733793497085571
2025-08-12,DX-Y.NYB,1.60703706741333
2025-08-13,DX-Y.NYB,1.2701525688171387
2025-08-14,DX-Y.NYB,1.435235857963562
2025-08-15,DX-Y.NYB,1.103520393371582
2025-08-18,DX-Y.NYB,1.2585872411727905
2025-08-19,DX-Y.NYB,1.243649959564209
2025-08-20,DX-Y.NYB,1.5754035711288452
2025-08-21,DX-Y.NYB,2.1342251300811768
2025-08-22,DX-Y.NYB,1.2299782037734985
2025-08-25,DX-Y.NYB,2.027510404586792
2025-08-26,DX-Y.NYB,1.9267442226409912
2025-08-27,DX-Y.NYB,1.9973615407943726
2025-08-28,DX-Y.NYB,1.324671983718872
2025-08-29,DX-Y.NYB,1.1944681406021118
2025-09-02,DX-Y.NYB,1.898675799369812
2025-09-03,DX-Y.NYB,1.8894760608673096
2025-09-04,DX-Y.NYB,2.071249008178711
2025-09-05,DX-Y.NYB,1.305037260055542
2025-09-08,DX-Y.NYB,1.1092283725738525
2025-09-09,DX-Y.NYB,1.4217230081558228
2025-09-10,DX-Y.NYB,1.4298076629638672
2025-09-11,DX-Y.NYB,1.294722557067871
2025-09-12,DX-Y.NYB,1.3833969831466675
2025-09-15,DX-Y.NYB,1.5199906826019287
2025-09-16,DX-Y.NYB,2.094151020050049
2025-09-17,DX-Y.NYB,2.691119432449341
2025-09-18,DX-Y.NYB,2.8805665969848633
2025-09-19,DX-Y.NYB,2.7784857749938965
2025-09-22,DX-Y.NYB,2.2962756156921387
2025-09-23,DX-Y.NYB,2.0475029945373535
2025-09-24,DX-Y.NYB,2.5191664695739746
2025-09-25,DX-Y.NYB,2.737562894821167
2025-09-26,DX-Y.NYB,2.598342180252075
2025-09-29,DX-Y.NYB,2.5720717906951904
2025-09-30,DX-Y.NYB,2.4590463638305664
2025-10-01,DX-Y.NYB,2.35394024848938
2025-10-02,DX-Y.NYB,2.3345494270324707
2025-10-03,DX-Y.NYB,2.2883188724517822
2025-10-06,DX-Y.NYB,2.4724462032318115
2025-10-07,DX-Y.NYB,2.8359673023223877
2025-10-08,DX-Y.NYB,3.0149269104003906
2025-10-09,DX-Y.NYB,3.19840407371521
2025-10-10,DX-Y.NYB,2.9824063777923584
2025-10-13,DX-Y.NYB,2.9706244468688965
2025-10-14,DX-Y.NYB,2.7932705879211426
2025-10-15,DX-Y.NYB,2.564014434814453
2025-10-16,DX-Y.NYB,2.227044105529785
2025-10-17,DX-Y.NYB,2.109797477722168
2025-10-20,DX-Y.NYB,2.1463959217071533
2025-10-21,DX-Y.NYB,2.3263602256774902
2025-10-22,DX-Y.NYB,2.3710575103759766
2025-10-23,DX-Y.NYB,2.3516721725463867
2025-10-24,DX-Y.NYB,2.2514891624450684
2025-10-27,DX-Y.NYB,2.017991781234741
2025-10-28,DX-Y.NYB,1.7951017618179321
2025-10-29,DX-Y.NYB,2.450673818588257
2025-10-30,DX-Y.NYB,2.825870990753174
2025-10-31,DX-Y.NYB,3.1390178203582764
2025-11-03,DX-Y.NYB,3.2237539291381836
2025-11-04,DX-Y.NYB,3.3426146507263184
2025-11-05,DX-Y.NYB,3.2194221019744873
2025-11-06,DX-Y.NYB,2.9439783096313477
2025-11-07,DX-Y.NYB,2.7547857761383057
2025-11-10,DX-Y.NYB,2.629084348678589
2025-11-11,DX-Y.NYB,2.4992048740386963
2025-11-12,DX-Y.NYB,2.461371898651123
2025-11-13,DX-Y.NYB,2.1148548126220703
2025-11-14,DX-Y.NYB,2.160231828689575
2025-11-17,DX-Y.NYB,2.2226815223693848
2025-11-18,DX-Y.NYB,2.1158111095428467
2025-11-19,DX-Y.NYB,2.812584638595581
2025-11-20,DX-Y.NYB,2.9360852241516113
2025-11-21,DX-Y.NYB,2.9929699897766113
2025-11-24,DX-Y.NYB,3.0229392051696777
2025-11-25,DX-Y.NYB,2.7974557876586914
2025-11-26,DX-Y.NYB,2.353158950805664
2025-07-24,AAPL,0.6021181344985962
2025-07-25,AAPL,0.6044416427612305
2025-07-28,AAPL,0.6090150475502014
2025-07-29,AAPL,0.5684142708778381
2025-07-30,AAPL,0.3187447786331177
2025-07-31,AAPL,0.20951858162879944
2025-08-01,AAPL,0.22680985927581787
2025-08-04,AAPL,0.3336358368396759
2025-08-05,AAPL,0.43402236700057983
2025-08-06,AAPL,0.5502424836158752
2025-08-07,AAPL,0.6165065765380859
2025-08-08,AAPL,0.6830589175224304
2025-08-11,AAPL,0.7062435746192932
2025-08-12,AAPL,0.7173923254013062
2025-08-13,AAPL,0.7191097736358643
2025-08-14,AAPL,0.6891993880271912
2025-08-15,AAPL,0.6582349538803101
2025-08-18,AAPL,0.639415442943573
2025-08-19,AAPL,0.6326149702072144
2025-08-20,AAPL,0.623557448387146
2025-08-21,AAPL,0.6200594902038574
2025-08-22,AAPL,0.6197881102561951
2025-08-25,AAPL,0.609491765499115
2025-08-26,AAPL,0.6008980870246887
2025-08-27,AAPL,0.5850987434387207
2025-08-28,AAPL,0.6174618005752563
2025-08-29,AAPL,0.6240153312683105
2025-09-02,AAPL,0.6098188757896423
2025-09-03,AAPL,0.697833240032196
2025-09-04,AAPL,0.746465802192688
2025-09-05,AAPL,0.7493511438369751
2025-09-08,AAPL,0.7094678282737732
2025-09-09,AAPL,0.6614676117897034
2025-09-10,AAPL,0.41312748193740845
2025-09-11,AAPL,0.42656323313713074
2025-09-12,AAPL,0.49224090576171875
2025-09-15,AAPL,0.555782675743103
2025-09-16,AAPL,0.5992149114608765
2025-09-17,AAPL,0.628278374671936
2025-09-18,AAPL,0.6392021775245667
2025-09-19,AAPL,0.7053587436676025
2025-09-22,AAPL,0.7638561725616455
2025-09-23,AAPL,0.7761939764022827
2025-09-24,AAPL,0.7576826214790344
2025-09-25,AAPL,0.7589166760444641
2025-09-26,AAPL,0.7221053242683411
2025-09-29,AAPL,0.6913396716117859
2025-09-30,AAPL,0.6762822270393372
2025-10-01,AAPL,0.6716208457946777
2025-10-02,AAPL,0.6701800227165222
2025-10-03,AAPL,0.6752411723136902
2025-10-06,AAPL,0.6816365122795105
2025-10-07,AAPL,0.6889356374740601
2025-10-08,AAPL,0.687547504901886
2025-10-09,AAPL,0.6137481331825256
2025-10-10,AAPL,0.37858936190605164
2025-10-13,AAPL,0.3447854220867157
2025-10-14,AAPL,0.3052819073200226
2025-10-15,AAPL,0.31646043062210083
2025-10-16,AAPL,0.22532999515533447
2025-10-17,AAPL,0.4122559130191803
2025-10-20,AAPL,0.6097922325134277
2025-10-21,AAPL,0.6804030537605286
2025-10-22,AAPL,0.6703084707260132
2025-10-23,AAPL,0.6764602065086365
2025-10-24,AAPL,0.7043512463569641
2025-10-27,AAPL,0.764856219291687
2025-10-28,AAPL,0.7672197222709656
2025-10-29,AAPL,0.7602705955505371
2025-10-30,AAPL,0.7530305981636047
2025-10-31,AAPL,0.734595537185669
2025-11-03,AAPL,0.7215184569358826
2025-11-04,AAPL,0.7236558794975281
2025-11-05,AAPL,0.7215629816055298
2025-11-06,AAPL,0.7200977206230164
2025-11-07,AAPL,0.721079409122467
2025-11-10,AAPL,0.7274506092071533
2025-11-11,AAPL,0.7345937490463257
2025-11-12,AAPL,0.7267317771911621
2025-11-13,AAPL,0.712682843208313
2025-11-14,AAPL,0.6950696110725403
2025-11-17,AAPL,0.4775238633155823
2025-11-18,AAPL,0.381264865398407
2025-11-19,AAPL,0.37708020210266113
2025-11-20,AAPL,0.23355089128017426
2025-11-21,AAPL,0.47528719902038574
2025-11-24,AAPL,0.7002431750297546
2025-11-25,AAPL,0.7839781045913696
2025-11-26,AAPL,0.8101279139518738
2025-07-23,RELIANCE.NS,0.5761650204658508
2025-07-24,RELIANCE.NS,0.7287800908088684
2025-07-25,RELIANCE.NS,0.9020518064498901
2025-07-28,RELIANCE.NS,1.0607843399047852
2025-07-29,RELIANCE.NS,1.116844892501831
2025-07-30,RELIANCE.NS,1.1175323724746704
2025-07-31,RELIANCE.NS,1.1349093914031982
2025-08-01,RELIANCE.NS,1.155505657196045
2025-08-04,RELIANCE.NS,1.124490737915039
2025-08-05,RELIANCE.NS,1.0848016738891602
2025-08-06,RELIANCE.NS,1.075840711593628
2025-08-07,RELIANCE.NS,1.045943260192871
2025-08-08,RELIANCE.NS,1.0254390239715576
2025-08-11,RELIANCE.NS,1.0181474685668945
2025-08-12,RELIANCE.NS,0.9259792566299438
2025-08-13,RELIANCE.NS,0.8608583807945251
2025-08-14,RELIANCE.NS,0.7848755717277527
2025-08-18,RELIANCE.NS,0.7614217400550842
2025-08-19,RELIANCE.NS,0.9189576506614685
2025-08-20,RELIANCE.NS,0.922250509262085
2025-08-21,RELIANCE.NS,1.0195828676223755
2025-08-22,RELIANCE.NS,0.960639238357544
2025-08-25,RELIANCE.NS,0.9659149646759033
2025-08-26,RELIANCE.NS,0.7917318344116211
2025-08-28,RELIANCE.NS,0.723035454750061
2025-08-29,RELIANCE.NS,0.43667590618133545
2025-09-01,RELIANCE.NS,0.41646283864974976
2025-09-02,RELIANCE.NS,0.48018449544906616
2025-09-03,RELIANCE.NS,0.516090452671051
2025-09-04,RELIANCE.NS,0.46961528062820435
2025-09-05,RELIANCE.NS,0.5728445053100586
2025-09-08,RELIANCE.NS,0.6012199521064758
2025-09-09,RELIANCE.NS,0.5489872097969055
2025-09-10,RELIANCE.NS,0.552693784236908
2025-09-11,RELIANCE.NS,0.6677751541137695
2025-09-12,RELIANCE.NS,0.8066951036453247
2025-09-15,RELIANCE.NS,0.9482179880142212
2025-09-16,RELIANCE.NS,0.9969106912612915
2025-09-17,RELIANCE.NS,1.020691990852356
2025-09-18,RELIANCE.NS,1.0255457162857056
2025-09-19,RELIANCE.NS,1.0231268405914307
2025-09-22,RELIANCE.NS,1.0018702745437622
2025-09-23,RELIANCE.NS,0.9543744325637817
2025-09-24,RELIANCE.NS,0.8041054606437683
2025-09-25,RELIANCE.NS,0.5467538237571716
2025-09-26,RELIANCE.NS,0.5418494343757629
2025-09-29,RELIANCE.NS,0.43643927574157715
2025-09-30,RELIANCE.NS,0.41143152117729187
2025-10-01,RELIANCE.NS,0.48574623465538025
2025-10-03,RELIANCE.NS,0.5411676168441772
2025-10-06,RELIANCE.NS,0.6547632217407227
2025-10-07,RELIANCE.NS,0.738410472869873
2025-10-08,RELIANCE.NS,0.6080794334411621
2025-10-09,RELIANCE.NS,0.7008773684501648
2025-10-10,RELIANCE.NS,0.862122118473053
2025-10-13,RELIANCE.NS,0.7619131803512573
2025-10-14,RELIANCE.NS,0.8294159173965454
2025-10-15,RELIANCE.NS,0.8076242804527283
2025-10-16,RELIANCE.NS,0.9947789311408997
2025-10-17,RELIANCE.NS,1.2103638648986816
2025-10-20,RELIANCE.NS,1.2891360521316528
2025-10-21,RELIANCE.NS,1.3208833932876587
2025-10-23,RELIANCE.NS,1.2638580799102783
2025-10-24,RELIANCE.NS,1.2180509567260742
2025-10-27,RELIANCE.NS,1.2244017124176025
2025-10-28,RELIANCE.NS,1.1852996349334717
2025-10-29,RELIANCE.NS,1.1696076393127441
2025-10-30,RELIANCE.NS,1.1235026121139526
2025-10-31,RELIANCE.NS,1.1049506664276123
2025-11-03,RELIANCE.NS,1.0912762880325317
2025-11-04,RELIANCE.NS,1.079358458518982
2025-11-06,RELIANCE.NS,1.083544135093689
2025-11-07,RELIANCE.NS,1.0515096187591553
2025-11-10,RELIANCE.NS,1.0366588830947876
2025-11-11,RELIANCE.NS,1.047775387763977
2025-11-12,RELIANCE.NS,1.0868825912475586
2025-11-13,RELIANCE.NS,1.0970442295074463
2025-11-14,RELIANCE.NS,1.1241992712020874
2025-11-17,RELIANCE.NS,1.145969271659851
2025-11-18,RELIANCE.NS,1.1638364791870117
2025-11-19,RELIANCE.NS,1.1600288152694702
2025-11-20,RELIANCE.NS,1.2522979974746704
2025-11-21,RELIANCE.NS,1.247269868850708
2025-11-24,RELIANCE.NS,1.1855032444000244
2025-11-25,RELIANCE.NS,1.1685267686843872
2025-11-26,RELIANCE.NS,1.2567945718765259
2025-11-27,RELIANCE.NS,1.2186944484710693
2025-07-24,NVDA,0.4025925099849701
2025-07-25,NVDA,0.40194839239120483
2025-07-28,NVDA,0.41035735607147217
2025-07-29,NVDA,0.4101791977882385
2025-07-30,NVDA,0.42148861289024353
2025-07-31,NVDA,0.4183678925037384
2025-08-01,NVDA,0.3974938690662384
2025-08-04,NVDA,0.42460325360298157
2025-08-05,NVDA,0.41774821281433105
2025-08-06,NVDA,0.42509856820106506
2025-08-07,NVDA,0.432411253452301
2025-08-08,NVDA,0.44360455870628357
2025-08-11,NVDA,0.43784433603286743
2025-08-12,NVDA,0.4377973675727844
2025-08-13,NVDA,0.42817118763923645
2025-08-14,NVDA,0.4271624982357025
2025-08-15,NVDA,0.4170006811618805
2025-08-18,NVDA,0.4226820468902588
2025-08-19,NVDA,0.3046647310256958
2025-08-20,NVDA,0.2382717728614807
2025-08-21,NVDA,0.18140189349651337
2025-08-22,NVDA,0.24204294383525848
2025-08-25,NVDA,0.3161773979663849
2025-08-26,NVDA,0.37540826201438904
2025-08-27,NVDA,0.40354034304618835
2025-08-28,NVDA,0.41774654388427734
2025-08-29,NVDA,0.20489704608917236
2025-09-02,NVDA,0.13736164569854736
2025-09-03,NVDA,0.13708658516407013
2025-09-04,NVDA,0.16492649912834167
2025-09-05,NVDA,0.18642641603946686
2025-09-08,NVDA,0.2237280160188675
2025-09-09,NVDA,0.24913974106311798
2025-09-10,NVDA,0.3430764675140381
2025-09-11,NVDA,0.370251327753067
2025-09-12,NVDA,0.4065594971179962
2025-09-15,NVDA,0.4283410906791687
2025-09-16,NVDA,0.41578808426856995
2025-09-17,NVDA,0.2737576961517334
2025-09-18,NVDA,0.40994930267333984
2025-09-19,NVDA,0.4424004554748535
2025-09-22,NVDA,0.47084036469459534
2025-09-23,NVDA,0.45628225803375244
2025-09-24,NVDA,0.44657102227211
2025-09-25,NVDA,0.43115612864494324
2025-09-26,NVDA,0.42111697793006897
2025-09-29,NVDA,0.4676458537578583
2025-09-30,NVDA,0.5256633758544922
2025-10-01,NVDA,0.5427365899085999
2025-10-02,NVDA,0.5550491809844971
2025-10-03,NVDA,0.5375749468803406
2025-10-06,NVDA,0.5091478824615479
2025-10-07,NVDA,0.4839068055152893
2025-10-08,NVDA,0.4975915849208832
2025-10-09,NVDA,0.5169891119003296
2025-10-10,NVDA,0.47086769342422485
2025-10-13,NVDA,0.4662233889102936
2025-10-14,NVDA,0.34022167325019836
2025-10-15,NVDA,0.27528488636016846
2025-10-16,NVDA,0.2787172496318817
2025-10-17,NVDA,0.2966599464416504
2025-10-20,NVDA,0.27515485882759094
2025-10-21,NVDA,0.2266281545162201
2025-10-22,NVDA,0.18126842379570007
2025-10-23,NVDA,0.2131412923336029
2025-10-24,NVDA,0.3068786859512329
2025-10-27,NVDA,0.43463942408561707
2025-10-28,NVDA,0.5354976058006287
2025-10-29,NVDA,0.5810002088546753
2025-10-30,NVDA,0.5750109553337097
2025-10-31,NVDA,0.5599983930587769
2025-11-03,NVDA,0.5546131730079651
2025-11-04,NVDA,0.5059671401977539
2025-11-05,NVDA,0.47907131910324097
2025-11-06,NVDA,0.39246058464050293
2025-11-07,NVDA,0.3578404188156128
2025-11-10,NVDA,0.4130311906337738
2025-11-11,NVDA,0.3875263035297394
2025-11-12,NVDA,0.37306341528892517
2025-11-13,NVDA,0.25913745164871216
2025-11-14,NVDA,0.2682064175605774
2025-11-17,NVDA,0.18679934740066528
2025-11-18,NVDA,0.12989529967308044
2025-11-19,NVDA,0.16880419850349426
2025-11-20,NVDA,0.1284065991640091
2025-11-21,NVDA,0.14716267585754395
2025-11-24,NVDA,0.18675297498703003
2025-11-25,NVDA,0.18770064413547516
2025-11-26,NVDA,0.22622647881507874
2025-07-24,EEM,1.2404873371124268
2025-07-25,EEM,1.167648196220398
2025-07-28,EEM,1.0757938623428345
2025-07-29,EEM,1.036858320236206
2025-07-30,EEM,0.9055220484733582
2025-07-31,EEM,0.6786208748817444
2025-08-01,EEM,0.4431697726249695
2025-08-04,EEM,0.5865772366523743
2025-08-05,EEM,0.6739349365234375
2025-08-06,EEM,0.7904601693153381
2025-08-07,EEM,0.958357572555542
2025-08-08,EEM,1.0158886909484863
2025-08-11,EEM,1.050190806388855
2025-08-12,EEM,1.1977943181991577
2025-08-13,EEM,1.3372522592544556
2025-08-14,EEM,1.2204171419143677
2025-08-15,EEM,1.1926522254943848
2025-08-18,EEM,1.2358105182647705
2025-08-19,EEM,1.1637978553771973
2025-08-20,EEM,1.1414693593978882
2025-08-21,EEM,1.0851924419403076
2025-08-22,EEM,1.2276561260223389
2025-08-25,EEM,1.1801904439926147
2025-08-26,EEM,1.147760033607483
2025-08-27,EEM,1.0534322261810303
2025-08-28,EEM,1.0511457920074463
2025-08-29,EEM,0.9197654128074646
2025-09-02,EEM,0.824270486831665
2025-09-03,EEM,0.8499013185501099
2025-09-04,EEM,0.7542279362678528
2025-09-05,EEM,1.0883216857910156
2025-09-08,EEM,1.307800531387329
2025-09-09,EEM,1.409816026687622
2025-09-10,EEM,1.4710674285888672
2025-09-11,EEM,1.5198036432266235
2025-09-12,EEM,1.4986095428466797
2025-09-15,EEM,1.4825174808502197
2025-09-16,EEM,1.459566354751587
2025-09-17,EEM,1.4215863943099976
2025-09-18,EEM,1.364582896232605
2025-09-19,EEM,1.3244439363479614
2025-09-22,EEM,1.3102962970733643
2025-09-23,EEM,1.2971959114074707
2025-09-24,EEM,1.3005099296569824
2025-09-25,EEM,1.2955601215362549
2025-09-26,EEM,1.2817761898040771
2025-09-29,EEM,1.2958903312683105
2025-09-30,EEM,1.29537034034729
2025-10-01,EEM,1.3166054487228394
2025-10-02,EEM,1.346806526184082
2025-10-03,EEM,1.3888866901397705
2025-10-06,EEM,1.4541977643966675
2025-10-07,EEM,1.396942138671875
2025-10-08,EEM,1.443574070930481
2025-10-09,EEM,1.3252816200256348
2025-10-10,EEM,0.6699965596199036
2025-10-13,EEM,0.934053361415863
2025-10-14,EEM,0.765556812286377
2025-10-15,EEM,0.9670490026473999
2025-10-16,EEM,1.0715078115463257
2025-10-17,EEM,1.134684443473816
2025-10-20,EEM,1.229008436203003
2025-10-21,EEM,1.197608470916748
2025-10-22,EEM,1.2023321390151978
2025-10-23,EEM,1.2299021482467651
2025-10-24,EEM,1.2922736406326294
2025-10-27,EEM,1.3915984630584717
2025-10-28,EEM,1.4002231359481812
2025-10-29,EEM,1.4173216819763184
2025-10-30,EEM,1.3038153648376465
2025-10-31,EEM,1.2570304870605469
2025-11-03,EEM,1.246495008468628
2025-11-04,EEM,1.0284990072250366
2025-11-05,EEM,1.0324150323867798
2025-11-06,EEM,0.8967195153236389
2025-11-07,EEM,0.760770857334137
2025-11-10,EEM,0.9963364601135254
2025-11-11,EEM,1.050199270248413
2025-11-12,EEM,1.091132402420044
2025-11-13,EEM,0.9163591265678406
2025-11-14,EEM,0.8264134526252747
2025-11-17,EEM,0.47151121497154236
2025-11-18,EEM,0.3473758399486542
2025-11-19,EEM,0.31638291478157043
2025-11-20,EEM,0.36946266889572144
2025-11-21,EEM,0.49189040064811707
2025-11-24,EEM,0.5929049253463745
2025-11-25,EEM,0.6165913343429565
2025-11-26,EEM,0.7384074926376343
2025-07-24,TLT,1.1603400707244873
2025-07-25,TLT,1.3139113187789917
2025-07-28,TLT,1.1287840604782104
2025-07-29,TLT,1.347143292427063
2025-07-30,TLT,1.3536232709884644
2025-07-31,TLT,1.4023101329803467
2025-08-01,TLT,1.6260007619857788
2025-08-04,TLT,1.6692301034927368
2025-08-05,TLT,1.679292917251587
2025-08-06,TLT,1.5859050750732422
2025-08-07,TLT,1.516087532043457
2025-08-08,TLT,1.4171007871627808
2025-08-11,TLT,1.3919721841812134
2025-08-12,TLT,1.3150826692581177
2025-08-13,TLT,1.3847514390945435
2025-08-14,TLT,1.3130202293395996
2025-08-15,TLT,0.9229405522346497
2025-08-18,TLT,0.6919566988945007
2025-08-19,TLT,0.8425440788269043
2025-08-20,TLT,0.9236596822738647
2025-08-21,TLT,0.6816309690475464
2025-08-22,TLT,0.9222956299781799
2025-08-25,TLT,0.8932150602340698
2025-08-26,TLT,0.9002730846405029
2025-08-27,TLT,0.8259892463684082
2025-08-28,TLT,1.1999448537826538
2025-08-29,TLT,0.8946555852890015
2025-09-02,TLT,0.6569045186042786
2025-09-03,TLT,1.2161245346069336
2025-09-04,TLT,1.409345269203186
2025-09-05,TLT,1.7410669326782227
2025-09-08,TLT,1.8774112462997437
2025-09-09,TLT,1.8790861368179321
2025-09-10,TLT,1.8622608184814453
2025-09-11,TLT,1.8420932292938232
2025-09-12,TLT,1.7264912128448486
2025-09-15,TLT,1.6646417379379272
2025-09-16,TLT,1.6295744180679321
2025-09-17,TLT,1.6057559251785278
2025-09-18,TLT,1.5940608978271484
2025-09-19,TLT,1.5694029331207275
2025-09-22,TLT,1.4959968328475952
2025-09-23,TLT,1.4747406244277954
2025-09-24,TLT,1.2362600564956665
2025-09-25,TLT,1.0678176879882812
2025-09-26,TLT,0.8761362433433533
2025-09-29,TLT,1.1473602056503296
2025-09-30,TLT,1.088206171989441
2025-10-01,TLT,1.2057119607925415
2025-10-02,TLT,1.3507964611053467
2025-10-03,TLT,1.3814785480499268
2025-10-06,TLT,0.914378821849823
2025-10-07,TLT,1.2948349714279175
2025-10-08,TLT,1.4202998876571655
2025-10-09,TLT,1.459395170211792
2025-10-10,TLT,1.8043214082717896
2025-10-13,TLT,1.8944931030273438
2025-10-14,TLT,1.9657858610153198
2025-10-15,TLT,1.9149348735809326
2025-10-16,TLT,1.9518870115280151
2025-10-17,TLT,1.8734416961669922
2025-10-20,TLT,1.8409267663955688
2025-10-21,TLT,1.8487560749053955
2025-10-22,TLT,1.8185192346572876
2025-10-23,TLT,1.7458628416061401
2025-10-24,TLT,1.7106480598449707
2025-10-27,TLT,1.7100558280944824
2025-10-28,TLT,1.7191771268844604
2025-10-29,TLT,1.5448883771896362
2025-10-30,TLT,1.0726141929626465
2025-10-31,TLT,0.8330283164978027
2025-11-03,TLT,0.6416637897491455
2025-11-04,TLT,0.7054467797279358
2025-11-05,TLT,0.5982803702354431
2025-11-06,TLT,0.7903327345848083
2025-11-07,TLT,0.7667002081871033
2025-11-10,TLT,0.8299779891967773
2025-11-11,TLT,0.9729167819023132
2025-11-12,TLT,1.0474203824996948
2025-11-13,TLT,0.8152684569358826
2025-11-14,TLT,0.8563132882118225
2025-11-17,TLT,1.039117693901062
2025-11-18,TLT,1.1376794576644897
2025-11-19,TLT,1.2436660528182983
2025-11-20,TLT,1.381449818611145
2025-11-21,TLT,1.4260047674179077
2025-11-24,TLT,1.6166503429412842
2025-11-25,TLT,1.668245553970337
2025-11-26,TLT,1.8670127391815186
2025-07-24,MSFT,0.823174774646759
2025-07-25,MSFT,0.855644166469574
2025-07-28,MSFT,0.8418356776237488
2025-07-29,MSFT,0.8459666967391968
2025-07-30,MSFT,0.8487306237220764
2025-07-31,MSFT,0.9711635708808899
2025-08-01,MSFT,0.9546027183532715
2025-08-04,MSFT,1.001291036605835
2025-08-05,MSFT,0.947524905204773
2025-08-06,MSFT,0.8748219013214111
2025-08-07,MSFT,0.7817711234092712
2025-08-08,MSFT,0.7504448294639587
2025-08-11,MSFT,0.7334601879119873
2025-08-12,MSFT,0.7914631366729736
2025-08-13,MSFT,0.6931999325752258
2025-08-14,MSFT,0.6820235252380371
2025-08-15,MSFT,0.6343569755554199
2025-08-18,MSFT,0.5518414378166199
2025-08-19,MSFT,0.3697926104068756
2025-08-20,MSFT,0.25040891766548157
2025-08-21,MSFT,0.2420932650566101
2025-08-22,MSFT,0.28182607889175415
2025-08-25,MSFT,0.29935353994369507
2025-08-26,MSFT,0.3462544083595276
2025-08-27,MSFT,0.4075908064842224
2025-08-28,MSFT,0.4426720142364502
2025-08-29,MSFT,0.3995126187801361
2025-09-02,MSFT,0.3813537359237671
2025-09-03,MSFT,0.3860032558441162
2025-09-04,MSFT,0.4630492329597473
2025-09-05,MSFT,0.38000017404556274
2025-09-08,MSFT,0.4690048396587372
2025-09-09,MSFT,0.5098007917404175
2025-09-10,MSFT,0.5594552159309387
2025-09-11,MSFT,0.5628847479820251
2025-09-12,MSFT,0.7466146349906921
2025-09-15,MSFT,0.8826319575309753
2025-09-16,MSFT,0.8542181849479675
2025-09-17,MSFT,0.867363452911377
2025-09-18,MSFT,0.8452567458152771
2025-09-19,MSFT,0.9909533858299255
2025-09-22,MSFT,0.9507201910018921
2025-09-23,MSFT,0.9076578617095947
2025-09-24,MSFT,0.875450849533081
2025-09-25,MSFT,0.8051868677139282
2025-09-26,MSFT,0.827272355556488
2025-09-29,MSFT,0.8789763450622559
2025-09-30,MSFT,0.9367830157279968
2025-10-01,MSFT,0.9589245319366455
2025-10-02,MSFT,0.9165564775466919
2025-10-03,MSFT,0.9255706667900085
2025-10-06,MSFT,1.0597025156021118
2025-10-07,MSFT,1.028045892715454
2025-10-08,MSFT,1.0305087566375732
2025-10-09,MSFT,0.9765987992286682
2025-10-10,MSFT,0.6711999177932739
2025-10-13,MSFT,0.6719754934310913
2025-10-14,MSFT,0.622588038444519
2025-10-15,MSFT,0.5510451793670654
2025-10-16,MSFT,0.42816784977912903
2025-10-17,MSFT,0.4609658420085907
2025-10-20,MSFT,0.5512449741363525
2025-10-21,MSFT,0.601646363735199
2025-10-22,MSFT,0.717168927192688
2025-10-23,MSFT,0.7547401785850525
2025-10-24,MSFT,0.9031423330307007
2025-10-27,MSFT,1.0652270317077637
2025-10-28,MSFT,1.167472004890442
2025-10-29,MSFT,1.1772958040237427
2025-10-30,MSFT,1.0077863931655884
2025-10-31,MSFT,0.7473512291908264
2025-11-03,MSFT,0.6030053496360779
2025-11-04,MSFT,0.47658202052116394
2025-11-05,MSFT,0.3499414920806885
2025-11-06,MSFT,0.39653533697128296
2025-11-07,MSFT,0.5450255870819092
2025-11-10,MSFT,0.6521124839782715
2025-11-11,MSFT,0.6652976870536804
2025-11-12,MSFT,0.658844530582428
2025-11-13,MSFT,0.5661816596984863
2025-11-14,MSFT,0.6058992147445679
2025-11-17,MSFT,0.5327881574630737
2025-11-18,MSFT,0.5321239233016968
2025-11-19,MSFT,0.6855329871177673
2025-11-20,MSFT,0.8864976167678833
2025-11-21,MSFT,1.1091511249542236
2025-11-24,MSFT,1.2628889083862305
2025-11-25,MSFT,1.3316144943237305
2025-11-26,MSFT,1.2874088287353516
2025-07-24,QQQ,0.8620773553848267
2025-07-25,QQQ,0.8688796758651733
2025-07-28,QQQ,0.8776711225509644
2025-07-29,QQQ,0.8657673597335815
2025-07-30,QQQ,0.8600128293037415
2025-07-31,QQQ,0.8405138254165649
2025-08-01,QQQ,0.516486644744873
2025-08-04,QQQ,0.6949747204780579
2025-08-05,QQQ,0.6485226154327393
2025-08-06,QQQ,0.7714070677757263
2025-08-07,QQQ,0.8251134157180786
2025-08-08,QQQ,0.9327179789543152
2025-08-11,QQQ,0.9348532557487488
2025-08-12,QQQ,1.0177867412567139
2025-08-13,QQQ,1.027722716331482
2025-08-14,QQQ,1.0037124156951904
2025-08-15,QQQ,0.9487252235412598
2025-08-18,QQQ,0.9222356677055359
2025-08-19,QQQ,0.8750222325325012
2025-08-20,QQQ,0.7425746321678162
2025-08-21,QQQ,0.5452978610992432
2025-08-22,QQQ,0.6954113841056824
2025-08-25,QQQ,0.682023823261261
2025-08-26,QQQ,0.7238433957099915
2025-08-27,QQQ,0.7519038915634155
2025-08-28,QQQ,0.8297209739685059
2025-08-29,QQQ,0.7391576766967773
2025-09-02,QQQ,0.46696773171424866
2025-09-03,QQQ,0.5515812039375305
2025-09-04,QQQ,0.7730945944786072
2025-09-05,QQQ,0.8545036315917969
2025-09-08,QQQ,0.8989695906639099
2025-09-09,QQQ,0.926920473575592
2025-09-10,QQQ,0.9436249732971191
2025-09-11,QQQ,0.9878956079483032
2025-09-12,QQQ,1.0395323038101196
2025-09-15,QQQ,1.0957120656967163
2025-09-16,QQQ,1.0819672346115112
2025-09-17,QQQ,1.0497115850448608
2025-09-18,QQQ,1.0728751420974731
2025-09-19,QQQ,1.0877199172973633
2025-09-22,QQQ,1.0871466398239136
2025-09-23,QQQ,1.041374683380127
2025-09-24,QQQ,1.0095964670181274
2025-09-25,QQQ,0.9701656103134155
2025-09-26,QQQ,0.9653416872024536
2025-09-29,QQQ,0.9819254875183105
2025-09-30,QQQ,1.0000300407409668
2025-10-01,QQQ,1.021539330482483
2025-10-02,QQQ,1.0424001216888428
2025-10-03,QQQ,1.035631775856018
2025-10-06,QQQ,1.0673555135726929
2025-10-07,QQQ,1.0321444272994995
2025-10-08,QQQ,1.1117844581604004
2025-10-09,QQQ,1.1172598600387573
2025-10-10,QQQ,0.6416991949081421
2025-10-13,QQQ,0.807645320892334
2025-10-14,QQQ,0.7297020554542542
2025-10-15,QQQ,0.819953441619873
2025-10-16,QQQ,0.7965686917304993
2025-10-17,QQQ,0.8718147277832031
2025-10-20,QQQ,1.0174332857131958
2025-10-21,QQQ,1.0418981313705444
2025-10-22,QQQ,1.0433491468429565
2025-10-23,QQQ,1.0522264242172241
2025-10-24,QQQ,1.1451661586761475
2025-10-27,QQQ,1.2311739921569824
2025-10-28,QQQ,1.2660640478134155
2025-10-29,QQQ,1.27082359790802
2025-10-30,QQQ,1.1533839702606201
2025-10-31,QQQ,1.131475567817688
2025-11-03,QQQ,1.1166352033615112
2025-11-04,QQQ,1.0250927209854126
2025-11-05,QQQ,0.9884905815124512
2025-11-06,QQQ,0.7852991223335266
2025-11-07,QQQ,0.6387510895729065
2025-11-10,QQQ,0.7914193272590637
2025-11-11,QQQ,0.7903226613998413
2025-11-12,QQQ,0.7947062849998474
2025-11-13,QQQ,0.4914582371711731
2025-11-14,QQQ,0.38217785954475403
2025-11-17,QQQ,0.2758205533027649
2025-11-18,QQQ,0.27661409974098206
2025-11-19,QQQ,0.339728444814682
2025-11-20,QQQ,0.40815261006355286
2025-11-21,QQQ,0.5244296789169312
2025-11-24,QQQ,0.6514341235160828
2025-11-25,QQQ,0.7377713918685913
2025-11-26,QQQ,0.8568388819694519
2025-07-23,USDINR=X,4.69309663772583
2025-07-24,USDINR=X,4.735255718231201
2025-07-25,USDINR=X,4.6823554039001465
2025-07-28,USDINR=X,4.710875988006592
2025-07-29,USDINR=X,4.888808250427246
2025-07-30,USDINR=X,5.05096960067749
2025-07-31,USDINR=X,5.17331600189209
2025-08-01,USDINR=X,5.055851459503174
2025-08-04,USDINR=X,4.74046516418457
2025-08-05,USDINR=X,4.795619964599609
2025-08-06,USDINR=X,4.558320999145508
2025-08-07,USDINR=X,4.4255876541137695
2025-08-08,USDINR=X,4.185973167419434
2025-08-11,USDINR=X,4.114866733551025
2025-08-12,USDINR=X,4.116909503936768
2025-08-13,USDINR=X,4.091668128967285
2025-08-14,USDINR=X,4.038806915283203
2025-08-15,USDINR=X,4.078158855438232
2025-08-18,USDINR=X,3.82136869430542
2025-08-19,USDINR=X,3.0371551513671875
2025-08-20,USDINR=X,2.123689651489258
2025-08-21,USDINR=X,1.6258169412612915
2025-08-22,USDINR=X,2.281667470932007
2025-08-25,USDINR=X,2.4523985385894775
2025-08-26,USDINR=X,3.4033071994781494
2025-08-27,USDINR=X,3.8650834560394287
2025-08-28,USDINR=X,4.165159225463867
2025-08-29,USDINR=X,4.350828170776367
2025-09-01,USDINR=X,4.888766765594482
2025-09-02,USDINR=X,4.82777738571167
2025-09-03,USDINR=X,4.764410972595215
2025-09-04,USDINR=X,4.843013763427734
2025-09-05,USDINR=X,4.873244285583496
2025-09-08,USDINR=X,4.69957971572876
2025-09-09,USDINR=X,4.520968437194824
2025-09-10,USDINR=X,4.483561038970947
2025-09-11,USDINR=X,4.388146877288818
2025-09-12,USDINR=X,4.400413990020752
2025-09-15,USDINR=X,4.419981002807617
2025-09-16,USDINR=X,4.423713684082031
2025-09-17,USDINR=X,4.035157203674316
2025-09-18,USDINR=X,3.2643232345581055
2025-09-19,USDINR=X,3.9523682594299316
2025-09-22,USDINR=X,3.737628698348999
2025-09-23,USDINR=X,4.205455303192139
2025-09-24,USDINR=X,5.09385871887207
2025-09-25,USDINR=X,5.342880725860596
2025-09-26,USDINR=X,5.402726173400879
2025-09-29,USDINR=X,5.100794792175293
2025-09-30,USDINR=X,4.951740741729736
2025-10-01,USDINR=X,4.910531997680664
2025-10-02,USDINR=X,4.7010087966918945
2025-10-03,USDINR=X,4.672958850860596
2025-10-06,USDINR=X,4.645586967468262
2025-10-07,USDINR=X,4.662656784057617
2025-10-08,USDINR=X,4.6648736000061035
2025-10-09,USDINR=X,4.745298862457275
2025-10-10,USDINR=X,4.775529861450195
2025-10-13,USDINR=X,4.414174556732178
2025-10-14,USDINR=X,3.1942503452301025
2025-10-15,USDINR=X,3.8185229301452637
2025-10-16,USDINR=X,1.6057775020599365
2025-10-17,USDINR=X,1.5716975927352905
2025-10-20,USDINR=X,1.6407191753387451
2025-10-21,USDINR=X,1.9016952514648438
2025-10-22,USDINR=X,2.26058030128479
2025-10-23,USDINR=X,2.5311152935028076
2025-10-24,USDINR=X,2.9236488342285156
2025-10-27,USDINR=X,3.183786392211914
2025-10-28,USDINR=X,3.470902919769287
2025-10-29,USDINR=X,3.304664134979248
2025-10-30,USDINR=X,3.6059207916259766
2025-10-31,USDINR=X,4.100743293762207
2025-11-03,USDINR=X,4.378321170806885
2025-11-04,USDINR=X,4.587996959686279
2025-11-05,USDINR=X,4.665369510650635
2025-11-06,USDINR=X,4.709667205810547
2025-11-07,USDINR=X,4.7180023193359375
2025-11-10,USDINR=X,4.692409992218018
2025-11-11,USDINR=X,4.737032413482666
2025-11-12,USDINR=X,4.684151649475098
2025-11-13,USDINR=X,4.7016777992248535
2025-11-14,USDINR=X,4.69647216796875
2025-11-17,USDINR=X,4.651453018188477
2025-11-18,USDINR=X,4.536892414093018
2025-11-19,USDINR=X,3.8853790760040283
2025-11-20,USDINR=X,3.034985065460205
2025-11-21,USDINR=X,3.8226993083953857
2025-11-24,USDINR=X,4.951627254486084
2025-11-25,USDINR=X,5.10272741317749
2025-11-26,USDINR=X,5.15191650390625
2025-11-27,USDINR=X,5.0966620445251465
2025-07-24,GOOGL,0.718052327632904
2025-07-25,GOOGL,0.7069888710975647
2025-07-28,GOOGL,0.683401882648468
2025-07-29,GOOGL,0.6856241226196289
2025-07-30,GOOGL,0.681404709815979
2025-07-31,GOOGL,0.6554284691810608
2025-08-01,GOOGL,0.619483232498169
2025-08-04,GOOGL,0.6386867165565491
2025-08-05,GOOGL,0.638729989528656
2025-08-06,GOOGL,0.6533436179161072
2025-08-07,GOOGL,0.6592742800712585
2025-08-08,GOOGL,0.7076148986816406
2025-08-11,GOOGL,0.7159764766693115
2025-08-12,GOOGL,0.7397897839546204
2025-08-13,GOOGL,0.7239413857460022
2025-08-14,GOOGL,0.7269243597984314
2025-08-15,GOOGL,0.7263438105583191
2025-08-18,GOOGL,0.7153555750846863
2025-08-19,GOOGL,0.7072994112968445
2025-08-20,GOOGL,0.6977216601371765
2025-08-21,GOOGL,0.6657575368881226
2025-08-22,GOOGL,0.7037674188613892
2025-08-25,GOOGL,0.7396033406257629
2025-08-26,GOOGL,0.7239586114883423
2025-08-27,GOOGL,0.7195364832878113
2025-08-28,GOOGL,0.7680375576019287
2025-08-29,GOOGL,0.7895304560661316
2025-09-02,GOOGL,0.7682033777236938
2025-09-03,GOOGL,0.769429624080658
2025-09-04,GOOGL,0.7875519394874573
2025-09-05,GOOGL,0.7860768437385559
2025-09-08,GOOGL,0.7593689560890198
2025-09-09,GOOGL,0.7467145919799805
2025-09-10,GOOGL,0.7133203744888306
2025-09-11,GOOGL,0.6962519288063049
2025-09-12,GOOGL,0.6849735975265503
2025-09-15,GOOGL,0.6817266345024109
2025-09-16,GOOGL,0.6726695895195007
2025-09-17,GOOGL,0.6699240207672119
2025-09-18,GOOGL,0.6721166372299194
2025-09-19,GOOGL,0.6757900714874268
2025-09-22,GOOGL,0.6711580753326416
2025-09-23,GOOGL,0.6705476641654968
2025-09-24,GOOGL,0.6490100622177124
2025-09-25,GOOGL,0.6304005980491638
2025-09-26,GOOGL,0.6063031554222107
2025-09-29,GOOGL,0.5490729808807373
2025-09-30,GOOGL,0.4928651452064514
2025-10-01,GOOGL,0.4968777298927307
2025-10-02,GOOGL,0.4729917645454407
2025-10-03,GOOGL,0.4133969843387604
2025-10-06,GOOGL,0.5333344340324402
2025-10-07,GOOGL,0.44376498460769653
2025-10-08,GOOGL,0.3599100410938263
2025-10-09,GOOGL,0.22696636617183685
2025-10-10,GOOGL,0.1515287607908249
2025-10-13,GOOGL,0.34456557035446167
2025-10-14,GOOGL,0.46715596318244934
2025-10-15,GOOGL,0.5819807052612305
2025-10-16,GOOGL,0.6393690705299377
2025-10-17,GOOGL,0.699804961681366
2025-10-20,GOOGL,0.7681840062141418
2025-10-21,GOOGL,0.7086426019668579
2025-10-22,GOOGL,0.6996724009513855
2025-10-23,GOOGL,0.7046194672584534
2025-10-24,GOOGL,0.7711451053619385
2025-10-27,GOOGL,0.8189757466316223
2025-10-28,GOOGL,0.8199626803398132
2025-10-29,GOOGL,0.8329811096191406
2025-10-30,GOOGL,0.8348892331123352
2025-10-31,GOOGL,0.8078835606575012
2025-11-03,GOOGL,0.7871915102005005
2025-11-04,GOOGL,0.7413434386253357
2025-11-05,GOOGL,0.7359784841537476
2025-11-06,GOOGL,0.7277801036834717
2025-11-07,GOOGL,0.7174568176269531
2025-11-10,GOOGL,0.7114655375480652
2025-11-11,GOOGL,0.7117816805839539
2025-11-12,GOOGL,0.7011120915412903
2025-11-13,GOOGL,0.6534755825996399
2025-11-14,GOOGL,0.5907058119773865
2025-11-17,GOOGL,0.6100813150405884
2025-11-18,GOOGL,0.5952560305595398
2025-11-19,GOOGL,0.6709363460540771
2025-11-20,GOOGL,0.665906548500061
2025-11-21,GOOGL,0.74471116065979
2025-11-24,GOOGL,0.7797448039054871
2025-11-25,GOOGL,0.8011108040809631
2025-11-26,GOOGL,0.788679838180542
2025-07-23,GBPUSD=X,1.6735776662826538
2025-07-24,GBPUSD=X,2.132000684738159
2025-07-25,GBPUSD=X,1.9623545408248901
2025-07-28,GBPUSD=X,1.4719953536987305
2025-07-29,GBPUSD=X,1.0684565305709839
2025-07-30,GBPUSD=X,1.0967867374420166
2025-07-31,GBPUSD=X,1.3494421243667603
2025-08-01,GBPUSD=X,1.7872848510742188
2025-08-04,GBPUSD=X,2.0785839557647705
2025-08-05,GBPUSD=X,2.084296226501465
2025-08-06,GBPUSD=X,1.9924280643463135
2025-08-07,GBPUSD=X,1.9693440198898315
2025-08-08,GBPUSD=X,2.1254093647003174
2025-08-11,GBPUSD=X,2.18996524810791
2025-08-12,GBPUSD=X,2.282397985458374
2025-08-13,GBPUSD=X,2.5607874393463135
2025-08-14,GBPUSD=X,2.7519643306732178
2025-08-15,GBPUSD=X,2.7063443660736084
2025-08-18,GBPUSD=X,2.73032283782959
2025-08-19,GBPUSD=X,2.7112178802490234
2025-08-20,GBPUSD=X,2.6895558834075928
2025-08-21,GBPUSD=X,2.5966107845306396
2025-08-22,GBPUSD=X,2.387545347213745
2025-08-25,GBPUSD=X,2.4923365116119385
2025-08-26,GBPUSD=X,2.2442965507507324
2025-08-27,GBPUSD=X,2.119469404220581
2025-08-28,GBPUSD=X,2.160825490951538
2025-08-29,GBPUSD=X,2.230272054672241
2025-09-01,GBPUSD=X,2.206433057785034
2025-09-02,GBPUSD=X,2.5250489711761475
2025-09-03,GBPUSD=X,1.2065765857696533
2025-09-04,GBPUSD=X,1.3657400608062744
2025-09-05,GBPUSD=X,1.329924464225769
2025-09-08,GBPUSD=X,1.9574077129364014
2025-09-09,GBPUSD=X,2.34289288520813
2025-09-10,GBPUSD=X,2.4834768772125244
2025-09-11,GBPUSD=X,2.590578556060791
2025-09-12,GBPUSD=X,2.8229100704193115
2025-09-15,GBPUSD=X,2.7684848308563232
2025-09-16,GBPUSD=X,2.996522903442383
2025-09-17,GBPUSD=X,3.220061779022217
2025-09-18,GBPUSD=X,3.1256163120269775
2025-09-19,GBPUSD=X,2.8771395683288574
2025-09-22,GBPUSD=X,2.0039303302764893
2025-09-23,GBPUSD=X,2.085899591445923
2025-09-24,GBPUSD=X,2.0517826080322266
2025-09-25,GBPUSD=X,1.263148546218872
2025-09-26,GBPUSD=X,0.9560622572898865
2025-09-29,GBPUSD=X,1.1451727151870728
2025-09-30,GBPUSD=X,1.2985225915908813
2025-10-01,GBPUSD=X,1.2998167276382446
2025-10-02,GBPUSD=X,1.5897166728973389
2025-10-03,GBPUSD=X,1.352665662765503
2025-10-06,GBPUSD=X,1.2024179697036743
2025-10-07,GBPUSD=X,1.7025225162506104
2025-10-08,GBPUSD=X,1.3644585609436035
2025-10-09,GBPUSD=X,1.2518763542175293
2025-10-10,GBPUSD=X,0.9344244003295898
2025-10-13,GBPUSD=X,1.1496882438659668
2025-10-14,GBPUSD=X,1.3135844469070435
2025-10-15,GBPUSD=X,1.4937125444412231
2025-10-16,GBPUSD=X,2.0106985569000244
2025-10-17,GBPUSD=X,2.3040382862091064
2025-10-20,GBPUSD=X,2.395106554031372
2025-10-21,GBPUSD=X,2.390321969985962
2025-10-22,GBPUSD=X,1.8252047300338745
2025-10-23,GBPUSD=X,1.4677870273590088
2025-10-24,GBPUSD=X,1.1465460062026978
2025-10-27,GBPUSD=X,1.102009892463684
2025-10-28,GBPUSD=X,1.2879714965820312
2025-10-29,GBPUSD=X,1.1101127862930298
2025-10-30,GBPUSD=X,1.421289324760437
2025-10-31,GBPUSD=X,2.0190351009368896
2025-11-03,GBPUSD=X,2.617753028869629
2025-11-04,GBPUSD=X,3.1171278953552246
2025-11-05,GBPUSD=X,3.6059024333953857
2025-11-06,GBPUSD=X,3.9568111896514893
2025-11-07,GBPUSD=X,3.9362316131591797
2025-11-10,GBPUSD=X,3.7543904781341553
2025-11-11,GBPUSD=X,3.4928295612335205
2025-11-12,GBPUSD=X,3.0629916191101074
2025-11-13,GBPUSD=X,2.6550538539886475
2025-11-14,GBPUSD=X,2.4473323822021484
2025-11-17,GBPUSD=X,2.3969368934631348
2025-11-18,GBPUSD=X,2.6605701446533203
2025-11-19,GBPUSD=X,2.7979815006256104
2025-11-20,GBPUSD=X,1.7792302370071411
2025-11-21,GBPUSD=X,1.6644980907440186
2025-11-24,GBPUSD=X,1.6888561248779297
2025-11-25,GBPUSD=X,1.8697640895843506
2025-11-26,GBPUSD=X,2.4085001945495605
2025-11-27,GBPUSD=X,3.1293246746063232
2025-07-24,JPM,0.8593697547912598
2025-07-25,JPM,0.8839026689529419
2025-07-28,JPM,0.8613587021827698
2025-07-29,JPM,0.830547034740448
2025-07-30,JPM,0.8379733562469482
2025-07-31,JPM,0.8056791424751282
2025-08-01,JPM,0.6543994545936584
2025-08-04,JPM,0.6919369101524353
2025-08-05,JPM,0.5783399343490601
2025-08-06,JPM,0.5214716792106628
2025-08-07,JPM,0.3343026041984558
2025-08-08,JPM,0.3440009653568268
2025-08-11,JPM,0.36121612787246704
2025-08-12,JPM,0.4897560477256775
2025-08-13,JPM,0.4166785478591919
2025-08-14,JPM,0.5725598335266113
2025-08-15,JPM,0.4469110369682312
2025-08-18,JPM,0.4825926721096039
2025-08-19,JPM,0.4791279733181
2025-08-20,JPM,0.6509310603141785
2025-08-21,JPM,0.6603493690490723
2025-08-22,JPM,0.7639221549034119
2025-08-25,JPM,0.7918314933776855
2025-08-26,JPM,0.8721346259117126
2025-08-27,JPM,0.9232967495918274
2025-08-28,JPM,0.9682865738868713
2025-08-29,JPM,0.9625892639160156
2025-09-02,JPM,0.9172285199165344
2025-09-03,JPM,0.8875450491905212
2025-09-04,JPM,0.9290855526924133
2025-09-05,JPM,0.7716488838195801
2025-09-08,JPM,0.5998117327690125
2025-09-09,JPM,0.6826767325401306
2025-09-10,JPM,0.7602100968360901
2025-09-11,JPM,0.8704473972320557
2025-09-12,JPM,0.9160540103912354
2025-09-15,JPM,0.9537751078605652
2025-09-16,JPM,0.9621487855911255
2025-09-17,JPM,0.9887803196907043
2025-09-18,JPM,0.994756817817688
2025-09-19,JPM,0.9928510189056396
2025-09-22,JPM,0.9511843323707581
2025-09-23,JPM,0.9372805953025818
2025-09-24,JPM,0.9342694878578186
2025-09-25,JPM,0.9269866943359375
2025-09-26,JPM,0.9279836416244507
2025-09-29,JPM,0.9293849468231201
2025-09-30,JPM,0.9342572689056396
2025-10-01,JPM,0.8774486780166626
2025-10-02,JPM,0.615942656993866
2025-10-03,JPM,0.6422420740127563
2025-10-06,JPM,0.6588481664657593
2025-10-07,JPM,0.5377671718597412
2025-10-08,JPM,0.3100791275501251
2025-10-09,JPM,0.3027842938899994
2025-10-10,JPM,0.24491551518440247
2025-10-13,JPM,0.5089500546455383
2025-10-14,JPM,0.32767337560653687
2025-10-15,JPM,0.43607252836227417
2025-10-16,JPM,0.30726370215415955
2025-10-17,JPM,0.3493216633796692
2025-10-20,JPM,0.47918790578842163
2025-10-21,JPM,0.41142499446868896
2025-10-22,JPM,0.4816940128803253
2025-10-23,JPM,0.569399356842041
2025-10-24,JPM,0.6645556092262268
2025-10-27,JPM,0.7664586901664734
2025-10-28,JPM,0.8211630582809448
2025-10-29,JPM,0.8653914928436279
2025-10-30,JPM,0.9028520584106445
2025-10-31,JPM,0.9483845233917236
2025-11-03,JPM,0.9410231113433838
2025-11-04,JPM,0.9508090615272522
2025-11-05,JPM,0.9656378030776978
2025-11-06,JPM,0.98464435338974
2025-11-07,JPM,0.9909381866455078
2025-11-10,JPM,1.0067888498306274
2025-11-11,JPM,0.9865343570709229
2025-11-12,JPM,1.0094687938690186
2025-11-13,JPM,0.8760926127433777
2025-11-14,JPM,0.5829418301582336
2025-11-17,JPM,0.4070567190647125
2025-11-18,JPM,0.3323025703430176
2025-11-19,JPM,0.3984926640987396
2025-11-20,JPM,0.3124261498451233
2025-11-21,JPM,0.3406975269317627
2025-11-24,JPM,0.39231863617897034
2025-11-25,JPM,0.47811007499694824
2025-11-26,JPM,0.5765091776847839
2025-07-24,TSLA,0.22196133434772491
2025-07-25,TSLA,0.2428666651248932
2025-07-28,TSLA,0.26065436005592346
2025-07-29,TSLA,0.24961893260478973
2025-07-30,TSLA,0.24362215399742126
2025-07-31,TSLA,0.17301850020885468
2025-08-01,TSLA,0.12096691876649857
2025-08-04,TSLA,0.14239601790905
2025-08-05,TSLA,0.13008303940296173
2025-08-06,TSLA,0.1980242282152176
2025-08-07,TSLA,0.22931824624538422
2025-08-08,TSLA,0.26621806621551514
2025-08-11,TSLA,0.30637654662132263
2025-08-12,TSLA,0.3189752697944641
2025-08-13,TSLA,0.31455138325691223
2025-08-14,TSLA,0.3104369342327118
2025-08-15,TSLA,0.3086707293987274
2025-08-18,TSLA,0.3074833154678345
2025-08-19,TSLA,0.30285772681236267
2025-08-20,TSLA,0.2926880717277527
2025-08-21,TSLA,0.2562023997306824
2025-08-22,TSLA,0.29613015055656433
2025-08-25,TSLA,0.31293970346450806
2025-08-26,TSLA,0.3257000148296356
2025-08-27,TSLA,0.32514888048171997
2025-08-28,TSLA,0.3207346200942993
2025-08-29,TSLA,0.29748013615608215
2025-09-02,TSLA,0.23807108402252197
2025-09-03,TSLA,0.24265724420547485
2025-09-04,TSLA,0.261766254901886
2025-09-05,TSLA,0.3131849467754364
2025-09-08,TSLA,0.31133967638015747
2025-09-09,TSLA,0.319081574678421
2025-09-10,TSLA,0.32320159673690796
2025-09-11,TSLA,0.36671411991119385
2025-09-12,TSLA,0.3926965594291687
2025-09-15,TSLA,0.40519681572914124
2025-09-16,TSLA,0.4073975682258606
2025-09-17,TSLA,0.3981799781322479
2025-09-18,TSLA,0.3753119111061096
2025-09-19,TSLA,0.3633946478366852
2025-09-22,TSLA,0.35530170798301697
2025-09-23,TSLA,0.345298171043396
2025-09-24,TSLA,0.34456169605255127
2025-09-25,TSLA,0.33646854758262634
2025-09-26,TSLA,0.3387093245983124
2025-09-29,TSLA,0.33915749192237854
2025-09-30,TSLA,0.34233155846595764
2025-10-01,TSLA,0.34396040439605713
2025-10-02,TSLA,0.32441434264183044
2025-10-03,TSLA,0.2853415608406067
2025-10-06,TSLA,0.31940555572509766
2025-10-07,TSLA,0.2792150378227234
2025-10-08,TSLA,0.27729952335357666
2025-10-09,TSLA,0.2622101902961731
2025-10-10,TSLA,0.15723173320293427
2025-10-13,TSLA,0.23198750615119934
2025-10-14,TSLA,0.21463385224342346
2025-10-15,TSLA,0.24378854036331177
2025-10-16,TSLA,0.20692799985408783
2025-10-17,TSLA,0.25484147667884827
2025-10-20,TSLA,0.29635918140411377
2025-10-21,TSLA,0.3082261085510254
2025-10-22,TSLA,0.3152967393398285
2025-10-23,TSLA,0.3345130383968353
2025-10-24,TSLA,0.30178216099739075
2025-10-27,TSLA,0.33769023418426514
2025-10-28,TSLA,0.37078946828842163
2025-10-29,TSLA,0.383696973323822
2025-10-30,TSLA,0.331773579120636
2025-10-31,TSLA,0.3519429862499237
2025-11-03,TSLA,0.38786277174949646
2025-11-04,TSLA,0.3332509696483612
2025-11-05,TSLA,0.3519427478313446
2025-11-06,TSLA,0.3034784197807312
2025-11-07,TSLA,0.19010722637176514
2025-11-10,TSLA,0.2487703263759613
2025-11-11,TSLA,0.22311635315418243
2025-11-12,TSLA,0.15556183457374573
2025-11-13,TSLA,0.10480795800685883
2025-11-14,TSLA,0.11548663675785065
2025-11-17,TSLA,0.13402432203292847
2025-11-18,TSLA,0.14766037464141846
2025-11-19,TSLA,0.16910392045974731
2025-11-20,TSLA,0.18891684710979462
2025-11-21,TSLA,0.22597692906856537
2025-11-24,TSLA,0.2555003762245178
2025-11-25,TSLA,0.2607392966747284
2025-11-26,TSLA,0.2893916070461273
2025-07-24,XOM,0.47488459944725037
2025-07-25,XOM,0.4666987955570221
2025-07-28,XOM,0.5403927564620972
2025-07-29,XOM,0.6399036049842834
2025-07-30,XOM,0.6506555080413818
2025-07-31,XOM,0.7023955583572388
2025-08-01,XOM,0.4853570759296417
2025-08-04,XOM,0.30067014694213867
2025-08-05,XOM,0.3097299337387085
2025-08-06,XOM,0.3950108289718628
2025-08-07,XOM,0.5454522371292114
2025-08-08,XOM,0.6607481241226196
2025-08-11,XOM,0.7382771372795105
2025-08-12,XOM,0.836486279964447
2025-08-13,XOM,0.8650153875350952
2025-08-14,XOM,0.8190816044807434
2025-08-15,XOM,0.7847034335136414
2025-08-18,XOM,0.7361020445823669
2025-08-19,XOM,0.7210564017295837
2025-08-20,XOM,0.8355500102043152
2025-08-21,XOM,0.8522821664810181
2025-08-22,XOM,0.8571982979774475
2025-08-25,XOM,0.873543918132782
2025-08-26,XOM,0.8772985339164734
2025-08-27,XOM,0.9132052659988403
2025-08-28,XOM,0.9318923354148865
2025-08-29,XOM,0.9350384473800659
2025-09-02,XOM,0.9258582592010498
2025-09-03,XOM,0.8752312064170837
2025-09-04,XOM,0.8576516509056091
2025-09-05,XOM,0.7265820503234863
2025-09-08,XOM,0.6844384670257568
2025-09-09,XOM,0.6634209156036377
2025-09-10,XOM,0.7178616523742676
2025-09-11,XOM,0.7035862803459167
2025-09-12,XOM,0.710166335105896
2025-09-15,XOM,0.7228924632072449
2025-09-16,XOM,0.8580578565597534
2025-09-17,XOM,0.9292230010032654
2025-09-18,XOM,0.8876206278800964
2025-09-19,XOM,0.8664019107818604
2025-09-22,XOM,0.7413067817687988
2025-09-23,XOM,0.8075143694877625
2025-09-24,XOM,0.8497175574302673
2025-09-25,XOM,0.8935484886169434
2025-09-26,XOM,0.9681912660598755
2025-09-29,XOM,0.8452125191688538
2025-09-30,XOM,0.6425761580467224
2025-10-01,XOM,0.47135236859321594
2025-10-02,XOM,0.39180687069892883
2025-10-03,XOM,0.5335686206817627
2025-10-06,XOM,0.593355655670166
2025-10-07,XOM,0.6272758841514587
2025-10-08,XOM,0.6435089111328125
2025-10-09,XOM,0.5366989374160767
2025-10-10,XOM,0.31616130471229553
2025-10-13,XOM,0.3911517560482025
2025-10-14,XOM,0.396296888589859
2025-10-15,XOM,0.35539573431015015
2025-10-16,XOM,0.37150806188583374
2025-10-17,XOM,0.5345962643623352
2025-10-20,XOM,0.6216366291046143
2025-10-21,XOM,0.6722138524055481
2025-10-22,XOM,0.7993441820144653
2025-10-23,XOM,0.9138635993003845
2025-10-24,XOM,0.94781094789505
2025-10-27,XOM,0.9849584102630615
2025-10-28,XOM,0.9416329860687256
2025-10-29,XOM,0.9750145077705383
2025-10-30,XOM,0.9236317276954651
2025-10-31,XOM,0.9116721153259277
2025-11-03,XOM,0.850043773651123
2025-11-04,XOM,0.8538835048675537
2025-11-05,XOM,0.7609831690788269
2025-11-06,XOM,0.7644703388214111
2025-11-07,XOM,0.9516053795814514
2025-11-10,XOM,1.0345669984817505
2025-11-11,XOM,1.1065053939819336
2025-11-12,XOM,1.0424801111221313
2025-11-13,XOM,1.052234411239624
2025-11-14,XOM,1.0901261568069458
2025-11-17,XOM,0.998252272605896
2025-11-18,XOM,1.019447922706604
2025-11-19,XOM,0.9569994807243347
2025-11-20,XOM,0.936055600643158
2025-11-21,XOM,0.9112161993980408
2025-11-24,XOM,0.847461998462677
2025-11-25,XOM,0.6335305571556091
2025-11-26,XOM,0.5365087389945984
2025-07-24,SPY,1.0630614757537842
2025-07-25,SPY,1.1033108234405518
2025-07-28,SPY,1.0855541229248047
2025-07-29,SPY,1.0455447435379028
2025-07-30,SPY,1.0136603116989136
2025-07-31,SPY,0.9746717214584351
2025-08-01,SPY,0.5669099688529968
2025-08-04,SPY,0.7802100777626038
2025-08-05,SPY,0.7271312475204468
2025-08-06,SPY,0.841152548789978
2025-08-07,SPY,0.8765113353729248
2025-08-08,SPY,0.9673994183540344
2025-08-11,SPY,0.9923179149627686
2025-08-12,SPY,1.1163427829742432
2025-08-13,SPY,1.178183913230896
2025-08-14,SPY,1.1833856105804443
2025-08-15,SPY,1.1425623893737793
2025-08-18,SPY,1.1138547658920288
2025-08-19,SPY,1.084256887435913
2025-08-20,SPY,1.0677354335784912
2025-08-21,SPY,0.9708348512649536
2025-08-22,SPY,1.0585051774978638
2025-08-25,SPY,1.019380807876587
2025-08-26,SPY,1.0540858507156372
2025-08-27,SPY,1.0639394521713257
2025-08-28,SPY,1.0903350114822388
2025-08-29,SPY,1.0703319311141968
2025-09-02,SPY,0.954635500907898
2025-09-03,SPY,0.9600499272346497
2025-09-04,SPY,1.0925458669662476
2025-09-05,SPY,1.0797417163848877
2025-09-08,SPY,1.115618109703064
2025-09-09,SPY,1.1628468036651611
2025-09-10,SPY,1.2159051895141602
2025-09-11,SPY,1.3127765655517578
2025-09-12,SPY,1.305737018585205
2025-09-15,SPY,1.3297125101089478
2025-09-16,SPY,1.2903882265090942
2025-09-17,SPY,1.2477048635482788
2025-09-18,SPY,1.2501108646392822
2025-09-19,SPY,1.264456868171692
2025-09-22,SPY,1.2696152925491333
2025-09-23,SPY,1.213415503501892
2025-09-24,SPY,1.176387906074524
2025-09-25,SPY,1.121016502380371
2025-09-26,SPY,1.1265208721160889
2025-09-29,SPY,1.1446596384048462
2025-09-30,SPY,1.1828759908676147
2025-10-01,SPY,1.2274963855743408
2025-10-02,SPY,1.2413643598556519
2025-10-03,SPY,1.2484674453735352
2025-10-06,SPY,1.2830034494400024
2025-10-07,SPY,1.2469887733459473
2025-10-08,SPY,1.3032102584838867
2025-10-09,SPY,1.269844889640808
2025-10-10,SPY,0.6645203232765198
2025-10-13,SPY,0.8798940181732178
2025-10-14,SPY,0.8507126569747925
2025-10-15,SPY,0.9813210368156433
2025-10-16,SPY,0.7627899050712585
2025-10-17,SPY,0.9411289095878601
2025-10-20,SPY,1.1111468076705933
2025-10-21,SPY,1.1744036674499512
2025-10-22,SPY,1.2178270816802979
2025-10-23,SPY,1.2446125745773315
2025-10-24,SPY,1.351823329925537
2025-10-27,SPY,1.478043794631958
2025-10-28,SPY,1.5164939165115356
2025-10-29,SPY,1.5019912719726562
2025-10-30,SPY,1.3497567176818848
2025-10-31,SPY,1.319422960281372
2025-11-03,SPY,1.3007090091705322
2025-11-04,SPY,1.2283772230148315
2025-11-05,SPY,1.1900938749313354
2025-11-06,SPY,0.9062983989715576
2025-11-07,SPY,0.7857978940010071
2025-11-10,SPY,1.0219022035598755
2025-11-11,SPY,1.1000992059707642
2025-11-12,SPY,1.1538059711456299
2025-11-13,SPY,0.8064223527908325
2025-11-14,SPY,0.6116928458213806
2025-11-17,SPY,0.36102667450904846
2025-11-18,SPY,0.3283034563064575
2025-11-19,SPY,0.3966219127178192
2025-11-20,SPY,0.47076645493507385
2025-11-21,SPY,0.6026442050933838
2025-11-24,SPY,0.7900744080543518
2025-11-25,SPY,0.9792426824569702
2025-11-26,SPY,1.102046251296997
2025-07-23,EURUSD=X,1.814739465713501
2025-07-24,EURUSD=X,2.1432785987854004
2025-07-25,EURUSD=X,2.3462464809417725
2025-07-28,EURUSD=X,2.476522922515869
2025-07-29,EURUSD=X,1.2783892154693604
2025-07-30,EURUSD=X,0.9062607288360596
2025-07-31,EURUSD=X,0.9788362979888916
2025-08-01,EURUSD=X,1.291474461555481
2025-08-04,EURUSD=X,1.56446373462677
2025-08-05,EURUSD=X,1.504610300064087
2025-08-06,EURUSD=X,1.460874319076538
2025-08-07,EURUSD=X,1.8245829343795776
2025-08-08,EURUSD=X,1.994930624961853
2025-08-11,EURUSD=X,2.085446357727051
2025-08-12,EURUSD=X,2.05259108543396
2025-08-13,EURUSD=X,2.2103543281555176
2025-08-14,EURUSD=X,2.3001134395599365
2025-08-15,EURUSD=X,2.352315902709961
2025-08-18,EURUSD=X,2.417778253555298
2025-08-19,EURUSD=X,2.4396188259124756
2025-08-20,EURUSD=X,2.428199291229248
2025-08-21,EURUSD=X,2.262112617492676
2025-08-22,EURUSD=X,1.8604780435562134
2025-08-25,EURUSD=X,2.216005325317383
2025-08-26,EURUSD=X,1.7511296272277832
2025-08-27,EURUSD=X,1.7686331272125244
2025-08-28,EURUSD=X,1.8273316621780396
2025-08-29,EURUSD=X,2.0368239879608154
2025-09-01,EURUSD=X,2.164719343185425
2025-09-02,EURUSD=X,2.3507449626922607
2025-09-03,EURUSD=X,1.7361996173858643
2025-09-04,EURUSD=X,1.8955397605895996
2025-09-05,EURUSD=X,1.8267103433609009
2025-09-08,EURUSD=X,2.2130045890808105
2025-09-09,EURUSD=X,2.639599323272705
2025-09-10,EURUSD=X,2.349027633666992
2025-09-11,EURUSD=X,2.203989267349243
2025-09-12,EURUSD=X,2.4046924114227295
2025-09-15,EURUSD=X,2.318086624145508
2025-09-16,EURUSD=X,2.5336406230926514
2025-09-17,EURUSD=X,2.88547420501709
2025-09-18,EURUSD=X,2.85294508934021
2025-09-19,EURUSD=X,2.622591972351074
2025-09-22,EURUSD=X,2.238496780395508
2025-09-23,EURUSD=X,2.4059667587280273
2025-09-24,EURUSD=X,2.4679296016693115
2025-09-25,EURUSD=X,1.983757495880127
2025-09-26,EURUSD=X,1.162355899810791
2025-09-29,EURUSD=X,1.277503490447998
2025-09-30,EURUSD=X,1.4732496738433838
2025-10-01,EURUSD=X,1.53744637966156
2025-10-02,EURUSD=X,1.5272715091705322
2025-10-03,EURUSD=X,1.4070909023284912
2025-10-06,EURUSD=X,1.155603289604187
2025-10-07,EURUSD=X,1.072065830230713
2025-10-08,EURUSD=X,0.6915829181671143
2025-10-09,EURUSD=X,0.7836440205574036
2025-10-10,EURUSD=X,1.089487075805664
2025-10-13,EURUSD=X,1.4891749620437622
2025-10-14,EURUSD=X,1.856368899345398
2025-10-15,EURUSD=X,2.1216344833374023
2025-10-16,EURUSD=X,2.219339370727539
2025-10-17,EURUSD=X,2.4022791385650635
2025-10-20,EURUSD=X,2.130794048309326
2025-10-21,EURUSD=X,1.9708408117294312
2025-10-22,EURUSD=X,1.4189637899398804
2025-10-23,EURUSD=X,1.388038992881775
2025-10-24,EURUSD=X,1.450630784034729
2025-10-27,EURUSD=X,1.674176573753357
2025-10-28,EURUSD=X,2.0170493125915527
2025-10-29,EURUSD=X,2.2200841903686523
2025-10-30,EURUSD=X,1.6644223928451538
2025-10-31,EURUSD=X,1.0850334167480469
2025-11-03,EURUSD=X,0.8753648996353149
2025-11-04,EURUSD=X,1.0462801456451416
2025-11-05,EURUSD=X,1.4437627792358398
2025-11-06,EURUSD=X,1.8622848987579346
2025-11-07,EURUSD=X,2.0718750953674316
2025-11-10,EURUSD=X,1.973034143447876
2025-11-11,EURUSD=X,1.9627676010131836
2025-11-12,EURUSD=X,2.1945948600769043
2025-11-13,EURUSD=X,2.3074004650115967
2025-11-14,EURUSD=X,2.5406508445739746
2025-11-17,EURUSD=X,2.637272357940674
2025-11-18,EURUSD=X,2.7441508769989014
2025-11-19,EURUSD=X,2.697892189025879
2025-11-20,EURUSD=X,2.0241851806640625
2025-11-21,EURUSD=X,1.6998603343963623
2025-11-24,EURUSD=X,1.190805196762085
2025-11-25,EURUSD=X,1.2515331506729126
2025-11-26,EURUSD=X,1.8315263986587524
2025-11-27,EURUSD=X,2.3464064598083496
2025-07-24,GLD,1.0820504426956177
2025-07-25,GLD,0.8581905364990234
2025-07-28,GLD,0.5489171147346497
2025-07-29,GLD,0.5161992311477661
2025-07-30,GLD,0.353030800819397
2025-07-31,GLD,0.4075775444507599
2025-08-01,GLD,0.6876807808876038
2025-08-04,GLD,0.8272315263748169
2025-08-05,GLD,0.9093637466430664
2025-08-06,GLD,0.94615238904953
2025-08-07,GLD,1.0578627586364746
2025-08-08,GLD,1.0810883045196533
2025-08-11,GLD,1.05562162399292
2025-08-12,GLD,1.0194811820983887
2025-08-13,GLD,1.0470439195632935
2025-08-14,GLD,0.9105536341667175
2025-08-15,GLD,0.892072856426239
2025-08-18,GLD,0.8334580659866333
2025-08-19,GLD,0.6417901515960693
2025-08-20,GLD,0.8050137162208557
2025-08-21,GLD,0.6963450908660889
2025-08-22,GLD,0.9125041365623474
2025-08-25,GLD,0.9262894988059998
2025-08-26,GLD,1.0749883651733398
2025-08-27,GLD,1.1520919799804688
2025-08-28,GLD,1.2753432989120483
2025-08-29,GLD,1.3712763786315918
2025-09-02,GLD,1.4340397119522095
2025-09-03,GLD,1.454272747039795
2025-09-04,GLD,1.4126347303390503
2025-09-05,GLD,1.3959546089172363
2025-09-08,GLD,1.3754006624221802
2025-09-09,GLD,1.311845302581787
2025-09-10,GLD,1.2764869928359985
2025-09-11,GLD,1.2466704845428467
2025-09-12,GLD,1.2325783967971802
2025-09-15,GLD,1.228900671005249
2025-09-16,GLD,1.228785514831543
2025-09-17,GLD,1.2233445644378662
2025-09-18,GLD,1.2195683717727661
2025-09-19,GLD,1.2248358726501465
2025-09-22,GLD,1.2393454313278198
2025-09-23,GLD,1.259118676185608
2025-09-24,GLD,1.2318660020828247
2025-09-25,GLD,1.2514511346817017
2025-09-26,GLD,1.2790995836257935
2025-09-29,GLD,1.3535300493240356
2025-09-30,GLD,1.394060730934143
2025-10-01,GLD,1.3766247034072876
2025-10-02,GLD,1.3362154960632324
2025-10-03,GLD,1.3393510580062866
2025-10-06,GLD,1.3808391094207764
2025-10-07,GLD,1.3781167268753052
2025-10-08,GLD,1.39027738571167
2025-10-09,GLD,1.2897393703460693
2025-10-10,GLD,1.2901647090911865
2025-10-13,GLD,1.3148616552352905
2025-10-14,GLD,1.3197121620178223
2025-10-15,GLD,1.3323068618774414
2025-10-16,GLD,1.3451347351074219
2025-10-17,GLD,1.2687439918518066
2025-10-20,GLD,1.2557752132415771
2025-10-21,GLD,0.9531679153442383
2025-10-22,GLD,0.8820891976356506
2025-10-23,GLD,0.820978581905365
2025-10-24,GLD,0.7640053033828735
2025-10-27,GLD,0.5927603840827942
2025-10-28,GLD,0.46029403805732727
2025-10-29,GLD,0.38991427421569824
2025-10-30,GLD,0.46484243869781494
2025-10-31,GLD,0.40332213044166565
2025-11-03,GLD,0.39430540800094604
2025-11-04,GLD,0.2736535370349884
2025-11-05,GLD,0.30417969822883606
2025-11-06,GLD,0.28961125016212463
2025-11-07,GLD,0.4350116550922394
2025-11-10,GLD,0.7582128643989563
2025-11-11,GLD,0.8768426179885864
2025-11-12,GLD,0.9366604685783386
2025-11-13,GLD,0.9666847586631775
2025-11-14,GLD,0.9469606876373291
2025-11-17,GLD,0.8398133516311646
2025-11-18,GLD,0.8399451971054077
2025-11-19,GLD,0.8206344842910767
2025-11-20,GLD,0.820434033870697
2025-11-21,GLD,0.8107975721359253
2025-11-24,GLD,0.8936007618904114
2025-11-25,GLD,0.9093121290206909
2025-11-26,GLD,0.9690131545066833
2025-07-23,GC=F,1.2059365510940552
2025-07-24,GC=F,1.0405555963516235
2025-07-25,GC=F,0.7876731753349304
2025-07-28,GC=F,0.5137476325035095
2025-07-29,GC=F,0.5265153646469116
2025-07-30,GC=F,0.4030945897102356
2025-07-31,GC=F,0.3992808759212494
2025-08-01,GC=F,0.6123558282852173
2025-08-04,GC=F,0.7475053668022156
2025-08-05,GC=F,0.846634566783905
2025-08-06,GC=F,0.8851613998413086
2025-08-07,GC=F,1.0055227279663086
2025-08-08,GC=F,1.1459896564483643
2025-08-11,GC=F,0.9685871005058289
2025-08-12,GC=F,0.8530668616294861
2025-08-13,GC=F,0.8334301710128784
2025-08-14,GC=F,0.6707084774971008
2025-08-15,GC=F,0.648040771484375
2025-08-18,GC=F,0.5806435346603394
2025-08-19,GC=F,0.4651384949684143
2025-08-20,GC=F,0.6153576970100403
2025-08-21,GC=F,0.560717761516571
2025-08-22,GC=F,0.7399160861968994
2025-08-25,GC=F,0.7826222777366638
2025-08-26,GC=F,0.9195783734321594
2025-08-27,GC=F,1.0642725229263306
2025-08-28,GC=F,1.206809163093567
2025-08-29,GC=F,1.3155701160430908
2025-09-02,GC=F,1.374617099761963
2025-09-03,GC=F,1.3954185247421265
2025-09-04,GC=F,1.342237114906311
2025-09-05,GC=F,1.322988748550415
2025-09-08,GC=F,1.2944916486740112
2025-09-09,GC=F,1.2438278198242188
2025-09-10,GC=F,1.2041646242141724
2025-09-11,GC=F,1.1827152967453003
2025-09-12,GC=F,1.1707398891448975
2025-09-15,GC=F,1.1674448251724243
2025-09-16,GC=F,1.1652603149414062
2025-09-17,GC=F,1.1666290760040283
2025-09-18,GC=F,1.1513053178787231
2025-09-19,GC=F,1.1473239660263062
2025-09-22,GC=F,1.1600875854492188
2025-09-23,GC=F,1.2006220817565918
2025-09-24,GC=F,1.146207571029663
2025-09-25,GC=F,1.1474330425262451
2025-09-26,GC=F,1.2065893411636353
2025-09-29,GC=F,1.2723804712295532
2025-09-30,GC=F,1.2864227294921875
2025-10-01,GC=F,1.288597822189331
2025-10-02,GC=F,1.2259000539779663
2025-10-03,GC=F,1.237128734588623
2025-10-06,GC=F,1.274570345878601
2025-10-07,GC=F,1.2755252122879028
2025-10-08,GC=F,1.29091477394104
2025-10-09,GC=F,1.1782855987548828
2025-10-10,GC=F,1.1690237522125244
2025-10-13,GC=F,1.1837894916534424
2025-10-14,GC=F,1.1825861930847168
2025-10-15,GC=F,1.1777976751327515
2025-10-16,GC=F,1.1836470365524292
2025-10-17,GC=F,1.144851803779602
2025-10-20,GC=F,1.1136713027954102
2025-10-21,GC=F,1.0160877704620361
2025-10-22,GC=F,1.0226695537567139
2025-10-23,GC=F,1.028703212738037
2025-10-24,GC=F,1.036285400390625
2025-10-27,GC=F,0.9719283580780029
2025-10-28,GC=F,0.8848190903663635
2025-10-29,GC=F,0.8305259346961975
2025-10-30,GC=F,0.7977696061134338
2025-10-31,GC=F,0.7072272300720215
2025-11-03,GC=F,0.6810431480407715
2025-11-04,GC=F,0.5338550806045532
2025-11-05,GC=F,0.5358439683914185
2025-11-06,GC=F,0.49678894877433777
2025-11-07,GC=F,0.5529043674468994
2025-11-10,GC=F,0.7762451767921448
2025-11-11,GC=F,0.8392823338508606
2025-11-12,GC=F,0.8824320435523987
2025-11-13,GC=F,0.9056667685508728
2025-11-14,GC=F,0.865497887134552
2025-11-17,GC=F,0.814078688621521
2025-11-18,GC=F,0.7768433690071106
2025-11-19,GC=F,0.7703503966331482
2025-11-20,GC=F,0.7435028553009033
2025-11-21,GC=F,0.7572035789489746
2025-11-24,GC=F,0.7717201113700867
2025-11-25,GC=F,0.8636202812194824
2025-11-26,GC=F,0.929934561252594
2025-07-23,HDFCBANK.NS,1.168603539466858
2025-07-24,HDFCBANK.NS,1.1473262310028076
2025-07-25,HDFCBANK.NS,1.1464265584945679
2025-07-28,HDFCBANK.NS,1.153990626335144
2025-07-29,HDFCBANK.NS,1.2371101379394531
2025-07-30,HDFCBANK.NS,1.265356183052063
2025-07-31,HDFCBANK.NS,1.2281311750411987
2025-08-01,HDFCBANK.NS,1.2193195819854736
2025-08-04,HDFCBANK.NS,1.103428840637207
2025-08-05,HDFCBANK.NS,0.7601532340049744
2025-08-06,HDFCBANK.NS,0.786747395992279
2025-08-07,HDFCBANK.NS,0.8682300448417664
2025-08-08,HDFCBANK.NS,0.5030292272567749
2025-08-11,HDFCBANK.NS,0.7495397925376892
2025-08-12,HDFCBANK.NS,0.406991571187973
2025-08-13,HDFCBANK.NS,0.47838854789733887
2025-08-14,HDFCBANK.NS,0.6462539434432983
2025-08-18,HDFCBANK.NS,0.8524753451347351
2025-08-19,HDFCBANK.NS,0.7691062092781067
2025-08-20,HDFCBANK.NS,0.7415865659713745
2025-08-21,HDFCBANK.NS,0.8411687612533569
2025-08-22,HDFCBANK.NS,0.4665965139865875
2025-08-25,HDFCBANK.NS,0.41721057891845703
2025-08-26,HDFCBANK.NS,0.39303457736968994
2025-08-28,HDFCBANK.NS,0.5486970543861389
2025-08-29,HDFCBANK.NS,0.7680099010467529
2025-09-01,HDFCBANK.NS,0.9727651476860046
2025-09-02,HDFCBANK.NS,1.1806005239486694
2025-09-03,HDFCBANK.NS,1.2870248556137085
2025-09-04,HDFCBANK.NS,1.28553307056427
2025-09-05,HDFCBANK.NS,1.1973567008972168
2025-09-08,HDFCBANK.NS,1.11168372631073
2025-09-09,HDFCBANK.NS,0.9995748400688171
2025-09-10,HDFCBANK.NS,0.9373824596405029
2025-09-11,HDFCBANK.NS,1.0386265516281128
2025-09-12,HDFCBANK.NS,1.0651501417160034
2025-09-15,HDFCBANK.NS,1.195343255996704
2025-09-16,HDFCBANK.NS,1.306294560432434
2025-09-17,HDFCBANK.NS,1.3378185033798218
2025-09-18,HDFCBANK.NS,1.3115733861923218
2025-09-19,HDFCBANK.NS,1.3117873668670654
2025-09-22,HDFCBANK.NS,1.2140724658966064
2025-09-23,HDFCBANK.NS,0.7657492160797119
2025-09-24,HDFCBANK.NS,0.4915459156036377
2025-09-25,HDFCBANK.NS,0.4613589644432068
2025-09-26,HDFCBANK.NS,0.5271645188331604
2025-09-29,HDFCBANK.NS,0.6555285453796387
2025-09-30,HDFCBANK.NS,0.6947138905525208
2025-10-01,HDFCBANK.NS,0.9537353515625
2025-10-03,HDFCBANK.NS,1.0172866582870483
2025-10-06,HDFCBANK.NS,1.1830143928527832
2025-10-07,HDFCBANK.NS,1.3802446126937866
2025-10-08,HDFCBANK.NS,1.3771799802780151
2025-10-09,HDFCBANK.NS,1.372442364692688
2025-10-10,HDFCBANK.NS,1.4053205251693726
2025-10-13,HDFCBANK.NS,1.3716336488723755
2025-10-14,HDFCBANK.NS,1.3678617477416992
2025-10-15,HDFCBANK.NS,1.365957260131836
2025-10-16,HDFCBANK.NS,1.438011884689331
2025-10-17,HDFCBANK.NS,1.4970524311065674
2025-10-20,HDFCBANK.NS,1.4757241010665894
2025-10-21,HDFCBANK.NS,1.4839420318603516
2025-10-23,HDFCBANK.NS,1.4733691215515137
2025-10-24,HDFCBANK.NS,1.3642717599868774
2025-10-27,HDFCBANK.NS,1.3690369129180908
2025-10-28,HDFCBANK.NS,1.3627220392227173
2025-10-29,HDFCBANK.NS,1.3855472803115845
2025-10-30,HDFCBANK.NS,1.3475234508514404
2025-10-31,HDFCBANK.NS,1.1596784591674805
2025-11-03,HDFCBANK.NS,1.1587516069412231
2025-11-04,HDFCBANK.NS,0.9065481424331665
2025-11-06,HDFCBANK.NS,0.7134493589401245
2025-11-07,HDFCBANK.NS,0.5265443921089172
2025-11-10,HDFCBANK.NS,0.490310937166214
2025-11-11,HDFCBANK.NS,0.7215359807014465
2025-11-12,HDFCBANK.NS,0.674567461013794
2025-11-13,HDFCBANK.NS,0.5623795390129089
2025-11-14,HDFCBANK.NS,0.6486278176307678
2025-11-17,HDFCBANK.NS,0.9388688206672668
2025-11-18,HDFCBANK.NS,0.8932883739471436
2025-11-19,HDFCBANK.NS,1.2012052536010742
2025-11-20,HDFCBANK.NS,1.4118642807006836
2025-11-21,HDFCBANK.NS,1.3335822820663452
2025-11-24,HDFCBANK.NS,1.3195346593856812
2025-11-25,HDFCBANK.NS,1.0402867794036865
2025-11-26,HDFCBANK.NS,1.3367234468460083
2025-11-27,HDFCBANK.NS,1.5275148153305054
2025-07-24,AMZN,0.6886017918586731
2025-07-25,AMZN,0.6826968789100647
2025-07-28,AMZN,0.6793147921562195
2025-07-29,AMZN,0.6462032198905945
2025-07-30,AMZN,0.6202705502510071
2025-07-31,AMZN,0.6551410555839539
2025-08-01,AMZN,0.30880311131477356
2025-08-04,AMZN,0.24062594771385193
2025-08-05,AMZN,0.2522048354148865
2025-08-06,AMZN,0.35332491993904114
2025-08-07,AMZN,0.38249829411506653
2025-08-08,AMZN,0.393974632024765
2025-08-11,AMZN,0.3720416724681854
2025-08-12,AMZN,0.3729941248893738
2025-08-13,AMZN,0.44907623529434204
2025-08-14,AMZN,0.5274617075920105
2025-08-15,AMZN,0.5633417963981628
2025-08-18,AMZN,0.5896576046943665
2025-08-19,AMZN,0.5992786884307861
2025-08-20,AMZN,0.570227861404419
2025-08-21,AMZN,0.5188085436820984
2025-08-22,AMZN,0.5672577619552612
2025-08-25,AMZN,0.550184428691864
2025-08-26,AMZN,0.5618479251861572
2025-08-27,AMZN,0.56928950548172
2025-08-28,AMZN,0.5975494384765625
2025-08-29,AMZN,0.5906236171722412
2025-09-02,AMZN,0.5312225818634033
2025-09-03,AMZN,0.4962513744831085
2025-09-04,AMZN,0.631945788860321
2025-09-05,AMZN,0.5994529128074646
2025-09-08,AMZN,0.6474183201789856
2025-09-09,AMZN,0.6877237558364868
2025-09-10,AMZN,0.6241222023963928
2025-09-11,AMZN,0.5403624773025513
2025-09-12,AMZN,0.4230094850063324
2025-09-15,AMZN,0.462284654378891
2025-09-16,AMZN,0.5375241637229919
2025-09-17,AMZN,0.49905410408973694
2025-09-18,AMZN,0.4890002906322479
2025-09-19,AMZN,0.48941710591316223
2025-09-22,AMZN,0.334096223115921
2025-09-23,AMZN,0.20156383514404297
2025-09-24,AMZN,0.20300844311714172
2025-09-25,AMZN,0.2633163630962372
2025-09-26,AMZN,0.3429904580116272
2025-09-29,AMZN,0.39242056012153625
2025-09-30,AMZN,0.4080360233783722
2025-10-01,AMZN,0.4362570643424988
2025-10-02,AMZN,0.4489268362522125
2025-10-03,AMZN,0.4299332797527313
2025-10-06,AMZN,0.45343947410583496
2025-10-07,AMZN,0.4566662311553955
2025-10-08,AMZN,0.5112447142601013
2025-10-09,AMZN,0.6069132685661316
2025-10-10,AMZN,0.37877190113067627
2025-10-13,AMZN,0.41743919253349304
2025-10-14,AMZN,0.31591102480888367
2025-10-15,AMZN,0.31031468510627747
2025-10-16,AMZN,0.3283356726169586
2025-10-17,AMZN,0.3806206285953522
2025-10-20,AMZN,0.435513436794281
2025-10-21,AMZN,0.5041760802268982
2025-10-22,AMZN,0.4350608289241791
2025-10-23,AMZN,0.49041861295700073
2025-10-24,AMZN,0.5754450559616089
2025-10-27,AMZN,0.6572111248970032
2025-10-28,AMZN,0.7046753168106079
2025-10-29,AMZN,0.7204394936561584
2025-10-30,AMZN,0.6694363355636597
2025-10-31,AMZN,0.6980754137039185
2025-11-03,AMZN,0.7204025983810425
2025-11-04,AMZN,0.7061535120010376
2025-11-05,AMZN,0.6873353719711304
2025-11-06,AMZN,0.6258454918861389
2025-11-07,AMZN,0.6036750078201294
2025-11-10,AMZN,0.6004302501678467
2025-11-11,AMZN,0.5940076112747192
2025-11-12,AMZN,0.5762727856636047
2025-11-13,AMZN,0.5392094254493713
2025-11-14,AMZN,0.4855974614620209
2025-11-17,AMZN,0.43285292387008667
2025-11-18,AMZN,0.2771136462688446
2025-11-19,AMZN,0.22839872539043427
2025-11-20,AMZN,0.17702992260456085
2025-11-21,AMZN,0.20174019038677216
2025-11-24,AMZN,0.23912878334522247
2025-11-25,AMZN,0.2882173955440521
2025-11-26,AMZN,0.2939480245113373
2025-07-24,UNH,0.573688268661499
2025-07-25,UNH,0.5940334796905518
2025-07-28,UNH,0.5909305810928345
2025-07-29,UNH,0.612465500831604
2025-07-30,UNH,0.6490864157676697
2025-07-31,UNH,0.6801280379295349
2025-08-01,UNH,0.7210900783538818
2025-08-04,UNH,0.7422258257865906
2025-08-05,UNH,0.7099619507789612
2025-08-06,UNH,0.6901243329048157
2025-08-07,UNH,0.6741024255752563
2025-08-08,UNH,0.6361199021339417
2025-08-11,UNH,0.5898704528808594
2025-08-12,UNH,0.5310496687889099
2025-08-13,UNH,0.46893271803855896
2025-08-14,UNH,0.42689770460128784
2025-08-15,UNH,0.41305866837501526
2025-08-18,UNH,0.4147837460041046
2025-08-19,UNH,0.40646302700042725
2025-08-20,UNH,0.39579927921295166
2025-08-21,UNH,0.3928963243961334
2025-08-22,UNH,0.38828644156455994
2025-08-25,UNH,0.38622039556503296
2025-08-26,UNH,0.3861093521118164
2025-08-27,UNH,0.39081722497940063
2025-08-28,UNH,0.3928540050983429
2025-08-29,UNH,0.39594271779060364
2025-09-02,UNH,0.39977824687957764
2025-09-03,UNH,0.40626341104507446
2025-09-04,UNH,0.3983216881752014
2025-09-05,UNH,0.4057338535785675
2025-09-08,UNH,0.4098811149597168
2025-09-09,UNH,0.45396459102630615
2025-09-10,UNH,0.47029104828834534
2025-09-11,UNH,0.4753062129020691
2025-09-12,UNH,0.46084529161453247
2025-09-15,UNH,0.43743959069252014
2025-09-16,UNH,0.4099911153316498
2025-09-17,UNH,0.4004041254520416
2025-09-18,UNH,0.3860856890678406
2025-09-19,UNH,0.3834069073200226
2025-09-22,UNH,0.38684800267219543
2025-09-23,UNH,0.3962074816226959
2025-09-24,UNH,0.4027597904205322
2025-09-25,UNH,0.40544578433036804
2025-09-26,UNH,0.38567328453063965
2025-09-29,UNH,0.3738417327404022
2025-09-30,UNH,0.36523011326789856
2025-10-01,UNH,0.38506752252578735
2025-10-02,UNH,0.41041845083236694
2025-10-03,UNH,0.46061471104621887
2025-10-06,UNH,0.46827733516693115
2025-10-07,UNH,0.48752230405807495
2025-10-08,UNH,0.49875161051750183
2025-10-09,UNH,0.4805434048175812
2025-10-10,UNH,0.416563481092453
2025-10-13,UNH,0.39195242524147034
2025-10-14,UNH,0.384996235370636
2025-10-15,UNH,0.38900190591812134
2025-10-16,UNH,0.3691767752170563
2025-10-17,UNH,0.36208847165107727
2025-10-20,UNH,0.39688006043434143
2025-10-21,UNH,0.406144380569458
2025-10-22,UNH,0.37669000029563904
2025-10-23,UNH,0.34731191396713257
2025-10-24,UNH,0.3548749089241028
2025-10-27,UNH,0.40204668045043945
2025-10-28,UNH,0.4366462528705597
2025-10-29,UNH,0.2717630863189697
2025-10-30,UNH,0.1719261109828949
2025-10-31,UNH,0.18789483606815338
2025-11-03,UNH,0.2705116271972656
2025-11-04,UNH,0.3663254380226135
2025-11-05,UNH,0.4519513249397278
2025-11-06,UNH,0.5297170281410217
2025-11-07,UNH,0.5866115093231201
2025-11-10,UNH,0.6335232257843018
2025-11-11,UNH,0.6469428539276123
2025-11-12,UNH,0.610578179359436
2025-11-13,UNH,0.5327134132385254
2025-11-14,UNH,0.5092659592628479
2025-11-17,UNH,0.5245948433876038
2025-11-18,UNH,0.5509979128837585
2025-11-19,UNH,0.6005735993385315
2025-11-20,UNH,0.6266722679138184
2025-11-21,UNH,0.6008829474449158
2025-11-24,UNH,0.5394219756126404
2025-11-25,UNH,0.5034798979759216
2025-11-26,UNH,0.4655880033969879
2025-07-24,META,0.335577130317688
2025-07-25,META,0.330592542886734
2025-07-28,META,0.39477792382240295
2025-07-29,META,0.20689275860786438
2025-07-30,META,0.17050117254257202
2025-07-31,META,0.4416954219341278
2025-08-01,META,0.5215182900428772
2025-08-04,META,0.5748787522315979
2025-08-05,META,0.5660024285316467
2025-08-06,META,0.568056046962738
2025-08-07,META,0.535814642906189
2025-08-08,META,0.5333693027496338
2025-08-11,META,0.5246551632881165
2025-08-12,META,0.5343672037124634
2025-08-13,META,0.526594877243042
2025-08-14,META,0.5300337076187134
2025-08-15,META,0.5337896943092346
2025-08-18,META,0.530777633190155
2025-08-19,META,0.42288681864738464
2025-08-20,META,0.32958826422691345
2025-08-21,META,0.26656943559646606
2025-08-22,META,0.3146016299724579
2025-08-25,META,0.31428050994873047
2025-08-26,META,0.3077102601528168
2025-08-27,META,0.2317911684513092
2025-08-28,META,0.23977626860141754
2025-08-29,META,0.15085963904857635
2025-09-02,META,0.135472372174263
2025-09-03,META,0.15570369362831116
2025-09-04,META,0.22207050025463104
2025-09-05,META,0.31870096921920776
2025-09-08,META,0.44011691212654114
2025-09-09,META,0.5027684569358826
2025-09-10,META,0.4973338842391968
2025-09-11,META,0.4802056550979614
2025-09-12,META,0.4984143078327179
2025-09-15,META,0.5744103193283081
2025-09-16,META,0.6557452082633972
2025-09-17,META,0.6617009043693542
2025-09-18,META,0.6645928025245667
2025-09-19,META,0.6364790797233582
2025-09-22,META,0.5925838947296143
2025-09-23,META,0.4858452379703522
2025-09-24,META,0.4521888792514801
2025-09-25,META,0.31327712535858154
2025-09-26,META,0.23974919319152832
2025-09-29,META,0.19589932262897491
2025-09-30,META,0.18618351221084595
2025-10-01,META,0.2507592439651489
2025-10-02,META,0.3318597972393036
2025-10-03,META,0.4112150967121124
2025-10-06,META,0.49785715341567993
2025-10-07,META,0.5638228058815002
2025-10-08,META,0.6091674566268921
2025-10-09,META,0.6110581755638123
2025-10-10,META,0.5506253838539124
2025-10-13,META,0.562478244304657
2025-10-14,META,0.5464975833892822
2025-10-15,META,0.5384940505027771
2025-10-16,META,0.4842919111251831
2025-10-17,META,0.48117637634277344
2025-10-20,META,0.5598252415657043
2025-10-21,META,0.5756820440292358
2025-10-22,META,0.5976123809814453
2025-10-23,META,0.6074606776237488
2025-10-24,META,0.6123179197311401
2025-10-27,META,0.6668807864189148
2025-10-28,META,0.6756468415260315
2025-10-29,META,0.6700112819671631
2025-10-30,META,0.3179285526275635
2025-10-31,META,0.3081754744052887
2025-11-03,META,0.3906676173210144
2025-11-04,META,0.4984959363937378
2025-11-05,META,0.5792279243469238
2025-11-06,META,0.643344521522522
2025-11-07,META,0.6937604546546936
2025-11-10,META,0.7105134725570679
2025-11-11,META,0.7203962206840515
2025-11-12,META,0.7494625449180603
2025-11-13,META,0.7682090401649475
2025-11-14,META,0.778873085975647
2025-11-17,META,0.7978687286376953
2025-11-18,META,0.8088358044624329
2025-11-19,META,0.8141646385192871
2025-11-20,META,0.820152759552002
2025-11-21,META,0.8045403957366943
2025-11-24,META,0.7444669604301453
2025-11-25,META,0.6781887412071228
2025-11-26,META,0.6064919829368591
2025-09-09,^NSEI,1.3708856105804443
2025-09-10,^NSEI,1.4247664213180542
2025-09-11,^NSEI,1.4723188877105713
2025-09-12,^NSEI,1.5529754161834717
2025-09-15,^NSEI,1.5856637954711914
2025-09-16,^NSEI,1.6705033779144287
2025-09-17,^NSEI,1.7281798124313354
2025-09-18,^NSEI,1.7783504724502563
2025-09-19,^NSEI,1.719631314277649
2025-09-22,^NSEI,1.6724575757980347
2025-09-23,^NSEI,1.6474100351333618
2025-09-24,^NSEI,1.6514437198638916
2025-09-25,^NSEI,1.6337844133377075
2025-09-26,^NSEI,1.402992606163025
2025-09-29,^NSEI,1.2398362159729004
2025-09-30,^NSEI,1.073112964630127
2025-10-01,^NSEI,1.4884036779403687
2025-10-03,^NSEI,1.6548711061477661
2025-10-06,^NSEI,1.81768000125885
2025-10-07,^NSEI,1.8676851987838745
2025-10-08,^NSEI,1.886987566947937
2025-10-09,^NSEI,1.8853890895843506
2025-10-10,^NSEI,1.8545348644256592
2025-10-13,^NSEI,1.8444831371307373
2025-10-14,^NSEI,1.8494294881820679
2025-10-15,^NSEI,1.8196678161621094
2025-10-16,^NSEI,1.8712910413742065
2025-10-17,^NSEI,1.917326807975769
2025-10-20,^NSEI,1.93852698802948
2025-10-21,^NSEI,1.889404058456421
2025-10-23,^NSEI,1.8558459281921387
2025-10-24,^NSEI,1.88118577003479
2025-10-27,^NSEI,1.9185311794281006
2025-10-28,^NSEI,1.9994639158248901
2025-10-29,^NSEI,2.0618042945861816
2025-10-30,^NSEI,2.145160436630249
2025-10-31,^NSEI,2.205082893371582
2025-11-03,^NSEI,2.2531838417053223
2025-11-04,^NSEI,2.2445783615112305
2025-11-06,^NSEI,2.158261299133301
2025-11-07,^NSEI,2.1045141220092773
2025-11-10,^NSEI,2.1163570880889893
2025-11-11,^NSEI,2.163809299468994
2025-11-12,^NSEI,2.1594464778900146
2025-11-13,^NSEI,2.176541328430176
2025-11-14,^NSEI,2.1738314628601074
2025-11-17,^NSEI,2.143578290939331
2025-11-18,^NSEI,2.185208797454834
2025-11-19,^NSEI,2.1278228759765625
2025-11-20,^NSEI,2.107600450515747
2025-11-21,^NSEI,2.1514110565185547
2025-11-24,^NSEI,2.216339111328125
2025-11-25,^NSEI,2.2583725452423096
2025-11-26,^NSEI,2.1239020824432373
2025-11-27,^NSEI,2.0998899936676025
2025-12-23,DX-Y.NYB,8.522624969482422
2025-12-24,DX-Y.NYB,8.710990905761719
2025-12-26,DX-Y.NYB,8.782870292663574
2025-12-29,DX-Y.NYB,8.807516098022461
2025-12-30,DX-Y.NYB,8.748180389404297
2025-12-31,DX-Y.NYB,8.612381935119629
2026-01-02,DX-Y.NYB,8.531798362731934
2026-01-05,DX-Y.NYB,8.471663475036621
2026-01-06,DX-Y.NYB,8.498454093933105
2026-01-07,DX-Y.NYB,8.479327201843262
2026-01-08,DX-Y.NYB,8.500476837158203
2026-01-09,DX-Y.NYB,8.494897842407227
2026-01-12,DX-Y.NYB,8.470770835876465
2026-01-13,DX-Y.NYB,8.531604766845703
2026-01-14,DX-Y.NYB,8.563673973083496
2026-01-15,DX-Y.NYB,8.614675521850586
2026-01-16,DX-Y.NYB,8.658589363098145
2026-01-20,DX-Y.NYB,8.494319915771484
2026-01-21,DX-Y.NYB,8.586010932922363
2026-01-22,DX-Y.NYB,8.586784362792969
2026-01-23,DX-Y.NYB,8.57519817352295
2026-01-26,DX-Y.NYB,8.86706256866455
2026-01-27,DX-Y.NYB,9.00966739654541
2026-01-28,DX-Y.NYB,9.268095970153809
2026-01-29,DX-Y.NYB,9.362786293029785
2026-01-30,DX-Y.NYB,9.111586570739746
2026-02-02,DX-Y.NYB,8.687843322753906
2026-02-03,DX-Y.NYB,8.457207679748535
2026-02-04,DX-Y.NYB,8.384403228759766
2026-02-05,DX-Y.NYB,8.322504043579102
2026-02-06,DX-Y.NYB,8.29237174987793
2026-02-09,DX-Y.NYB,8.119330406188965
2026-02-10,DX-Y.NYB,8.305377006530762
2026-02-11,DX-Y.NYB,8.376935005187988
2026-02-12,DX-Y.NYB,8.387288093566895
2026-02-13,DX-Y.NYB,8.388846397399902
2026-02-17,DX-Y.NYB,8.385953903198242
2026-02-18,DX-Y.NYB,8.251768112182617
2026-02-19,DX-Y.NYB,8.222867012023926
2026-02-20,DX-Y.NYB,8.245887756347656
2026-02-23,DX-Y.NYB,8.293281555175781
2026-02-24,DX-Y.NYB,8.331244468688965
2026-02-25,DX-Y.NYB,8.357285499572754
2026-02-26,DX-Y.NYB,8.411580085754395
2026-02-27,DX-Y.NYB,8.441593170166016
2026-03-02,DX-Y.NYB,8.291321754455566
2026-03-03,DX-Y.NYB,8.163972854614258
2026-03-04,DX-Y.NYB,8.13821792602539
2026-03-05,DX-Y.NYB,8.105273246765137
2026-03-06,DX-Y.NYB,8.09201717376709
2026-03-09,DX-Y.NYB,8.148584365844727
2026-03-10,DX-Y.NYB,8.157354354858398
2026-03-11,DX-Y.NYB,8.188833236694336
2026-03-12,DX-Y.NYB,8.152642250061035
2026-03-13,DX-Y.NYB,8.07715129852295
2026-03-16,DX-Y.NYB,7.963016986846924
2026-03-17,DX-Y.NYB,8.029292106628418
2026-03-18,DX-Y.NYB,8.020526885986328
2026-03-19,DX-Y.NYB,7.822736740112305
2026-03-20,DX-Y.NYB,7.858376502990723
2026-03-23,DX-Y.NYB,7.758884429931641
2026-03-24,DX-Y.NYB,7.809571266174316
2026-03-25,DX-Y.NYB,7.818959712982178
2026-03-26,DX-Y.NYB,7.83466100692749
2026-03-27,DX-Y.NYB,7.84210205078125
2026-03-30,DX-Y.NYB,7.837685585021973
2026-03-31,DX-Y.NYB,7.756129741668701
2026-04-01,DX-Y.NYB,7.807917594909668
2026-04-02,DX-Y.NYB,7.840972900390625
2026-04-06,DX-Y.NYB,7.875097751617432
2026-04-07,DX-Y.NYB,7.8863348960876465
2026-04-08,DX-Y.NYB,7.882877349853516
2026-04-09,DX-Y.NYB,8.104899406433105
2026-04-10,DX-Y.NYB,8.333840370178223
2026-04-13,DX-Y.NYB,8.515400886535645
2026-04-14,DX-Y.NYB,8.69604778289795
2026-04-15,DX-Y.NYB,8.863652229309082
2026-04-16,DX-Y.NYB,8.88984203338623
2026-04-17,DX-Y.NYB,8.880166053771973
2026-04-20,DX-Y.NYB,8.921684265136719
2026-04-21,DX-Y.NYB,8.808475494384766
2026-04-22,DX-Y.NYB,8.63685131072998
2026-04-23,DX-Y.NYB,8.508204460144043
2026-04-24,DX-Y.NYB,8.415146827697754
2026-04-27,DX-Y.NYB,8.457659721374512
2026-04-28,DX-Y.NYB,8.465460777282715
2026-04-29,DX-Y.NYB,8.397972106933594
2025-12-23,GBPUSD=X,7.738194465637207
2025-12-24,GBPUSD=X,7.738584041595459
2025-12-26,GBPUSD=X,7.755720615386963
2025-12-29,GBPUSD=X,7.798816204071045
2025-12-30,GBPUSD=X,7.849654674530029
2025-12-31,GBPUSD=X,7.855588912963867
2026-01-02,GBPUSD=X,7.926224708557129
2026-01-05,GBPUSD=X,7.9511518478393555
2026-01-06,GBPUSD=X,7.8917951583862305
2026-01-07,GBPUSD=X,7.877217769622803
2026-01-08,GBPUSD=X,7.900527477264404
2026-01-09,GBPUSD=X,7.945645809173584
2026-01-12,GBPUSD=X,7.970370769500732
2026-01-13,GBPUSD=X,8.031719207763672
2026-01-14,GBPUSD=X,7.976822853088379
2026-01-15,GBPUSD=X,8.05685043334961
2026-01-16,GBPUSD=X,8.027978897094727
2026-01-19,GBPUSD=X,8.204864501953125
2026-01-20,GBPUSD=X,8.222660064697266
2026-01-21,GBPUSD=X,8.23476791381836
2026-01-22,GBPUSD=X,8.211553573608398
2026-01-23,GBPUSD=X,8.191734313964844
2026-01-26,GBPUSD=X,7.788100719451904
2026-01-27,GBPUSD=X,7.746245384216309
2026-01-28,GBPUSD=X,7.494468688964844
2026-01-29,GBPUSD=X,7.516707897186279
2026-01-30,GBPUSD=X,7.548412322998047
2026-02-02,GBPUSD=X,7.373056888580322
2026-02-03,GBPUSD=X,7.450430393218994
2026-02-04,GBPUSD=X,7.499852180480957
2026-02-05,GBPUSD=X,7.50250768661499
2026-02-06,GBPUSD=X,7.3375244140625
2026-02-09,GBPUSD=X,7.344060897827148
2026-02-10,GBPUSD=X,7.303686618804932
2026-02-11,GBPUSD=X,7.291067123413086
2026-02-12,GBPUSD=X,7.342527389526367
2026-02-13,GBPUSD=X,7.388401985168457
2026-02-16,GBPUSD=X,7.4368977546691895
2026-02-17,GBPUSD=X,7.4601616859436035
2026-02-18,GBPUSD=X,7.461056709289551
2026-02-19,GBPUSD=X,7.543654918670654
2026-02-20,GBPUSD=X,7.716475486755371
2026-02-23,GBPUSD=X,7.757195472717285
2026-02-24,GBPUSD=X,7.704249382019043
2026-02-25,GBPUSD=X,7.76104736328125
2026-02-26,GBPUSD=X,7.728565216064453
2026-02-27,GBPUSD=X,7.596354961395264
2026-03-02,GBPUSD=X,7.642336368560791
2026-03-03,GBPUSD=X,7.832018852233887
2026-03-04,GBPUSD=X,7.89192008972168
2026-03-05,GBPUSD=X,8.008621215820312
2026-03-06,GBPUSD=X,8.039093971252441
2026-03-09,GBPUSD=X,8.049270629882812
2026-03-10,GBPUSD=X,7.819015979766846
2026-03-11,GBPUSD=X,7.645986557006836
2026-03-12,GBPUSD=X,7.585982322692871
2026-03-13,GBPUSD=X,7.618509769439697
2026-03-16,GBPUSD=X,7.584654331207275
2026-03-17,GBPUSD=X,7.696136951446533
2026-03-18,GBPUSD=X,7.645455360412598
2026-03-19,GBPUSD=X,7.477779388427734
2026-03-20,GBPUSD=X,7.263346195220947
2026-03-23,GBPUSD=X,7.026293754577637
2026-03-24,GBPUSD=X,6.99207067489624
2026-03-25,GBPUSD=X,6.976123332977295
2026-03-26,GBPUSD=X,6.967201232910156
2026-03-27,GBPUSD=X,6.994810104370117
2026-03-30,GBPUSD=X,6.952515602111816
2026-03-31,GBPUSD=X,7.152985095977783
2026-04-01,GBPUSD=X,7.255483627319336
2026-04-02,GBPUSD=X,7.163946151733398
2026-04-03,GBPUSD=X,7.028186798095703
2026-04-06,GBPUSD=X,7.120926856994629
2026-04-07,GBPUSD=X,7.17715311050415
2026-04-08,GBPUSD=X,6.853616237640381
2026-04-09,GBPUSD=X,6.779988765716553
2026-04-10,GBPUSD=X,6.773834228515625
2026-04-13,GBPUSD=X,6.776926517486572
2026-04-14,GBPUSD=X,6.681799411773682
2026-04-15,GBPUSD=X,6.668525695800781
2026-04-16,GBPUSD=X,6.687117576599121
2026-04-17,GBPUSD=X,6.700010299682617
2026-04-20,GBPUSD=X,6.737452507019043
2026-04-21,GBPUSD=X,6.77069616317749
2026-04-22,GBPUSD=X,6.799898147583008
2026-04-23,GBPUSD=X,6.846047401428223
2026-04-24,GBPUSD=X,6.872121810913086
2026-04-27,GBPUSD=X,6.888716697692871
2026-04-28,GBPUSD=X,6.92748498916626
2026-04-29,GBPUSD=X,6.961050033569336
2025-12-23,AAPL,2.0917437076568604
2025-12-24,AAPL,2.089062452316284
2025-12-26,AAPL,2.075183868408203
2025-12-29,AAPL,2.0783705711364746
2025-12-30,AAPL,2.078469753265381
2025-12-31,AAPL,2.089600086212158
2026-01-02,AAPL,2.1164968013763428
2026-01-05,AAPL,2.146528720855713
2026-01-06,AAPL,2.1933531761169434
2026-01-07,AAPL,2.256610631942749
2026-01-08,AAPL,2.298492908477783
2026-01-09,AAPL,2.3218915462493896
2026-01-12,AAPL,2.3193697929382324
2026-01-13,AAPL,2.2993199825286865
2026-01-14,AAPL,2.2813308238983154
2026-01-15,AAPL,2.285120725631714
2026-01-16,AAPL,2.3008265495300293
2026-01-20,AAPL,2.2655084133148193
2026-01-21,AAPL,2.3083138465881348
2026-01-22,AAPL,2.318902015686035
2026-01-23,AAPL,2.320915699005127
2026-01-26,AAPL,2.2387239933013916
2026-01-27,AAPL,2.170156717300415
2026-01-28,AAPL,2.1304657459259033
2026-01-29,AAPL,2.130607843399048
2026-01-30,AAPL,2.130096912384033
2026-02-02,AAPL,2.0556256771087646
2026-02-03,AAPL,2.0562338829040527
2026-02-04,AAPL,2.0383622646331787
2026-02-05,AAPL,2.0423219203948975
2026-02-06,AAPL,2.051961660385132
2026-02-09,AAPL,2.054154872894287
2026-02-10,AAPL,2.0721116065979004
2026-02-11,AAPL,2.085716485977173
2026-02-12,AAPL,1.9695783853530884
2026-02-13,AAPL,1.968183994293213
2026-02-17,AAPL,1.9658653736114502
2026-02-18,AAPL,1.9621014595031738
2026-02-19,AAPL,1.9566879272460938
2026-02-20,AAPL,1.9687248468399048
2026-02-23,AAPL,1.9714412689208984
2026-02-24,AAPL,1.9600989818572998
2026-02-25,AAPL,1.9632365703582764
2026-02-26,AAPL,1.969726800918579
2026-02-27,AAPL,1.9299119710922241
2026-03-02,AAPL,1.9550844430923462
2026-03-03,AAPL,1.9697575569152832
2026-03-04,AAPL,1.9868749380111694
2026-03-05,AAPL,2.0028765201568604
2026-03-06,AAPL,2.023516893386841
2026-03-09,AAPL,2.0499520301818848
2026-03-10,AAPL,2.055612564086914
2026-03-11,AAPL,2.058351755142212
2026-03-12,AAPL,2.0499987602233887
2026-03-13,AAPL,2.0849578380584717
2026-03-16,AAPL,2.1300628185272217
2026-03-17,AAPL,2.136990547180176
2026-03-18,AAPL,2.1302614212036133
2026-03-19,AAPL,2.1576313972473145
2026-03-20,AAPL,2.1700291633605957
2026-03-23,AAPL,2.1562647819519043
2026-03-24,AAPL,2.132305145263672
2026-03-25,AAPL,2.1219983100891113
2026-03-26,AAPL,2.115382671356201
2026-03-27,AAPL,2.102891445159912
2026-03-30,AAPL,2.1398725509643555
2026-03-31,AAPL,2.1234936714172363
2026-04-01,AAPL,2.080846071243286
2026-04-02,AAPL,2.0706944465637207
2026-04-06,AAPL,2.0701799392700195
2026-04-07,AAPL,2.056610107421875
2026-04-08,AAPL,2.0517988204956055
2026-04-09,AAPL,2.058647632598877
2026-04-10,AAPL,2.062870979309082
2026-04-13,AAPL,2.072478771209717
2026-04-14,AAPL,2.088674783706665
2026-04-15,AAPL,2.064976453781128
2026-04-16,AAPL,2.0567545890808105
2026-04-17,AAPL,2.044973850250244
2026-04-20,AAPL,2.046074628829956
2026-04-21,AAPL,2.017185688018799
2026-04-22,AAPL,2.0111091136932373
2026-04-23,AAPL,2.016641616821289
2026-04-24,AAPL,2.022357225418091
2026-04-27,AAPL,2.0288994312286377
2026-04-28,AAPL,2.0423638820648193
2026-04-29,AAPL,2.0514256954193115
2025-12-23,XOM,2.4569807052612305
2025-12-24,XOM,2.457989454269409
2025-12-26,XOM,2.4721410274505615
2025-12-29,XOM,2.478287935256958
2025-12-30,XOM,2.4845917224884033
2025-12-31,XOM,2.490262746810913
2026-01-02,XOM,2.484039306640625
2026-01-05,XOM,2.454555034637451
2026-01-06,XOM,2.350430727005005
2026-01-07,XOM,2.3414926528930664
2026-01-08,XOM,2.2876405715942383
2026-01-09,XOM,2.272321939468384
2026-01-12,XOM,2.2716567516326904
2026-01-13,XOM,2.267683982849121
2026-01-14,XOM,2.229015350341797
2026-01-15,XOM,2.2268338203430176
2026-01-16,XOM,2.2416768074035645
2026-01-20,XOM,2.255340099334717
2026-01-21,XOM,2.2381656169891357
2026-01-22,XOM,2.2465569972991943
2026-01-23,XOM,2.2579710483551025
2026-01-26,XOM,2.2697277069091797
2026-01-27,XOM,2.275146245956421
2026-01-28,XOM,2.286773681640625
2026-01-29,XOM,2.277146100997925
2026-01-30,XOM,2.2871782779693604
2026-02-02,XOM,2.2606794834136963
2026-02-03,XOM,2.1964287757873535
2026-02-04,XOM,2.1716110706329346
2026-02-05,XOM,2.1686179637908936
2026-02-06,XOM,2.166248083114624
2026-02-09,XOM,2.1697676181793213
2026-02-10,XOM,2.180647850036621
2026-02-11,XOM,2.1639766693115234
2026-02-12,XOM,2.1110541820526123
2026-02-13,XOM,2.1196188926696777
2026-02-17,XOM,2.116732597351074
2026-02-18,XOM,2.0929372310638428
2026-02-19,XOM,2.100764036178589
2026-02-20,XOM,2.0731399059295654
2026-02-23,XOM,2.068248987197876
2026-02-24,XOM,2.067936420440674
2026-02-25,XOM,2.0827927589416504
2026-02-26,XOM,2.0956623554229736
2026-02-27,XOM,2.084155321121216
2026-03-02,XOM,2.0831360816955566
2026-03-03,XOM,2.0679831504821777
2026-03-04,XOM,2.0718023777008057
2026-03-05,XOM,2.0888044834136963
2026-03-06,XOM,2.1003193855285645
2026-03-09,XOM,2.1077661514282227
2026-03-10,XOM,2.10178542137146
2026-03-11,XOM,2.121685743331909
2026-03-12,XOM,2.1127169132232666
2026-03-13,XOM,2.1014292240142822
2026-03-16,XOM,2.102041244506836
2026-03-17,XOM,2.1084396839141846
2026-03-18,XOM,2.109734535217285
2026-03-19,XOM,2.126683235168457
2026-03-20,XOM,2.139500141143799
2026-03-23,XOM,2.1492466926574707
2026-03-24,XOM,2.1328818798065186
2026-03-25,XOM,2.1243908405303955
2026-03-26,XOM,2.136643409729004
2026-03-27,XOM,2.099757194519043
2026-03-30,XOM,2.1058735847473145
2026-03-31,XOM,2.1066203117370605
2026-04-01,XOM,1.9689934253692627
2026-04-02,XOM,1.9903104305267334
2026-04-06,XOM,2.000730276107788
2026-04-07,XOM,2.0100553035736084
2026-04-08,XOM,1.9110990762710571
2026-04-09,XOM,1.9480279684066772
2026-04-10,XOM,1.9654189348220825
2026-04-13,XOM,2.0034310817718506
2026-04-14,XOM,2.0055103302001953
2026-04-15,XOM,2.0446858406066895
2026-04-16,XOM,2.0387022495269775
2026-04-17,XOM,1.9783730506896973
2026-04-20,XOM,2.0064287185668945
2026-04-21,XOM,2.003474235534668
2026-04-22,XOM,1.9940383434295654
2026-04-23,XOM,1.9858490228652954
2026-04-24,XOM,1.9767264127731323
2026-04-27,XOM,1.98861825466156
2026-04-28,XOM,1.9856464862823486
2026-04-29,XOM,1.9506587982177734
2025-12-23,^NSEI,5.169360637664795
2025-12-24,^NSEI,5.190700054168701
2025-12-26,^NSEI,5.204269886016846
2025-12-29,^NSEI,5.219941139221191
2025-12-30,^NSEI,5.264864444732666
2025-12-31,^NSEI,5.265472888946533
2026-01-01,^NSEI,5.277327060699463
2026-01-02,^NSEI,5.273858070373535
2026-01-05,^NSEI,5.268801689147949
2026-01-06,^NSEI,5.296806335449219
2026-01-07,^NSEI,5.334580421447754
2026-01-08,^NSEI,5.26484489440918
2026-01-09,^NSEI,5.309075832366943
2026-01-12,^NSEI,5.405877590179443
2026-01-13,^NSEI,5.403554916381836
2026-01-14,^NSEI,5.445859909057617
2026-01-16,^NSEI,5.504492282867432
2026-01-19,^NSEI,5.518294334411621
2026-01-20,^NSEI,5.423328876495361
2026-01-21,^NSEI,5.533315658569336
2026-01-22,^NSEI,5.572936058044434
2026-01-23,^NSEI,5.522353649139404
2026-01-27,^NSEI,5.5681071281433105
2026-01-28,^NSEI,5.526738166809082
2026-01-29,^NSEI,5.50177526473999
2026-01-30,^NSEI,5.487698078155518
2026-02-02,^NSEI,5.455439567565918
2026-02-03,^NSEI,4.996945381164551
2026-02-04,^NSEI,4.929041385650635
2026-02-05,^NSEI,4.897912979125977
2026-02-06,^NSEI,4.907556533813477
2026-02-09,^NSEI,4.895790100097656
2026-02-10,^NSEI,4.901593208312988
2026-02-11,^NSEI,4.917611598968506
2026-02-12,^NSEI,4.91363000869751
2026-02-13,^NSEI,4.82368803024292
2026-02-16,^NSEI,4.817798614501953
2026-02-17,^NSEI,4.829148769378662
2026-02-18,^NSEI,4.847377777099609
2026-02-19,^NSEI,4.74236536026001
2026-02-20,^NSEI,4.762697696685791
2026-02-23,^NSEI,4.7774481773376465
2026-02-24,^NSEI,4.705068588256836
2026-02-25,^NSEI,4.759159088134766
2026-02-26,^NSEI,4.7875518798828125
2026-02-27,^NSEI,4.722634315490723
2026-03-02,^NSEI,4.73307991027832
2026-03-04,^NSEI,4.713504791259766
2026-03-05,^NSEI,4.705514430999756
2026-03-06,^NSEI,4.630293369293213
2026-03-09,^NSEI,4.551702976226807
2026-03-10,^NSEI,4.5578484535217285
2026-03-11,^NSEI,4.468831539154053
2026-03-12,^NSEI,4.506385326385498
2026-03-13,^NSEI,4.403562068939209
2026-03-16,^NSEI,4.413460731506348
2026-03-17,^NSEI,4.416810989379883
2026-03-18,^NSEI,4.41193962097168
2026-03-19,^NSEI,4.068888187408447
2026-03-20,^NSEI,4.108497142791748
2026-03-23,^NSEI,3.9445297718048096
2026-03-24,^NSEI,3.8974170684814453
2026-03-25,^NSEI,3.8110482692718506
2026-03-27,^NSEI,3.720391273498535
2026-03-30,^NSEI,3.6580944061279297
2026-04-01,^NSEI,3.6266629695892334
2026-04-02,^NSEI,3.6318466663360596
2026-04-06,^NSEI,3.6215710639953613
2026-04-07,^NSEI,3.6217474937438965
2026-04-08,^NSEI,3.310421943664551
2026-04-09,^NSEI,3.254835844039917
2026-04-10,^NSEI,3.21494197845459
2026-04-13,^NSEI,3.1824707984924316
2026-04-15,^NSEI,3.135341167449951
2026-04-16,^NSEI,3.121112823486328
2026-04-17,^NSEI,3.1160733699798584
2026-04-20,^NSEI,3.1116631031036377
2026-04-21,^NSEI,3.1029698848724365
2026-04-22,^NSEI,3.0929722785949707
2026-04-23,^NSEI,3.0910260677337646
2026-04-24,^NSEI,3.077892780303955
2026-04-27,^NSEI,3.078550100326538
2026-04-28,^NSEI,3.084747076034546
2026-04-29,^NSEI,3.0937750339508057
2025-12-23,QQQ,2.6204824447631836
2025-12-24,QQQ,2.629868984222412
2025-12-26,QQQ,2.642470598220825
2025-12-29,QQQ,2.6531028747558594
2025-12-30,QQQ,2.66629958152771
2025-12-31,QQQ,2.6689767837524414
2026-01-02,QQQ,2.6974661350250244
2026-01-05,QQQ,2.722748279571533
2026-01-06,QQQ,2.7165756225585938
2026-01-07,QQQ,2.725148916244507
2026-01-08,QQQ,2.7325847148895264
2026-01-09,QQQ,2.7404165267944336
2026-01-12,QQQ,2.7547354698181152
2026-01-13,QQQ,2.7683322429656982
2026-01-14,QQQ,2.7671213150024414
2026-01-15,QQQ,2.789726495742798
2026-01-16,QQQ,2.8055601119995117
2026-01-20,QQQ,2.7617270946502686
2026-01-21,QQQ,2.844083309173584
2026-01-22,QQQ,2.829444169998169
2026-01-23,QQQ,2.8062021732330322
2026-01-26,QQQ,2.806896686553955
2026-01-27,QQQ,2.8130500316619873
2026-01-28,QQQ,2.8139052391052246
2026-01-29,QQQ,2.8147571086883545
2026-01-30,QQQ,2.816545248031616
2026-02-02,QQQ,2.836956739425659
2026-02-03,QQQ,2.8118174076080322
2026-02-04,QQQ,2.8465402126312256
2026-02-05,QQQ,2.929401159286499
2026-02-06,QQQ,2.923410654067993
2026-02-09,QQQ,2.8747308254241943
2026-02-10,QQQ,2.8343520164489746
2026-02-11,QQQ,2.840927839279175
2026-02-12,QQQ,2.7906477451324463
2026-02-13,QQQ,2.855217456817627
2026-02-17,QQQ,2.8798601627349854
2026-02-18,QQQ,2.891425609588623
2026-02-19,QQQ,2.8814733028411865
2026-02-20,QQQ,2.88236665725708
2026-02-23,QQQ,2.8477673530578613
2026-02-24,QQQ,2.8623456954956055
2026-02-25,QQQ,2.8274435997009277
2026-02-26,QQQ,2.797097682952881
2026-02-27,QQQ,2.8155736923217773
2026-03-02,QQQ,2.837808847427368
2026-03-03,QQQ,2.8341774940490723
2026-03-04,QQQ,2.861107349395752
2026-03-05,QQQ,2.8481907844543457
2026-03-06,QQQ,2.8217825889587402
2026-03-09,QQQ,2.86784029006958
2026-03-10,QQQ,2.849520206451416
2026-03-11,QQQ,2.8549602031707764
2026-03-12,QQQ,2.825507879257202
2026-03-13,QQQ,2.909020185470581
2026-03-16,QQQ,2.9392447471618652
2026-03-17,QQQ,2.918569803237915
2026-03-18,QQQ,2.8712894916534424
2026-03-19,QQQ,2.935274124145508
2026-03-20,QQQ,2.937969207763672
2026-03-23,QQQ,2.978353261947632
2026-03-24,QQQ,2.973283290863037
2026-03-25,QQQ,2.9855921268463135
2026-03-26,QQQ,2.9183084964752197
2026-03-27,QQQ,2.9525692462921143
2026-03-30,QQQ,3.013507604598999
2026-03-31,QQQ,2.8653647899627686
2026-04-01,QQQ,2.772332191467285
2026-04-02,QQQ,2.723341703414917
2026-04-06,QQQ,2.7069380283355713
2026-04-07,QQQ,2.7050576210021973
2026-04-08,QQQ,2.614048480987549
2026-04-09,QQQ,2.6186423301696777
2026-04-10,QQQ,2.62699556350708
2026-04-13,QQQ,2.632843017578125
2026-04-14,QQQ,2.615719795227051
2026-04-15,QQQ,2.6094589233398438
2026-04-16,QQQ,2.6189820766448975
2026-04-17,QQQ,2.6211793422698975
2026-04-20,QQQ,2.634491443634033
2026-04-21,QQQ,2.6504950523376465
2026-04-22,QQQ,2.642645835876465
2026-04-23,QQQ,2.651322364807129
2026-04-24,QQQ,2.6349191665649414
2026-04-27,QQQ,2.6484320163726807
2026-04-28,QQQ,2.64992094039917
2026-04-29,QQQ,2.665696859359741
2025-12-23,TSLA,0.9183076024055481
2025-12-24,TSLA,0.9247127771377563
2025-12-26,TSLA,0.9274187088012695
2025-12-29,TSLA,0.9275426268577576
2025-12-30,TSLA,0.9354857206344604
2025-12-31,TSLA,0.9449466466903687
2026-01-02,TSLA,0.9543713927268982
2026-01-05,TSLA,0.9675552248954773
2026-01-06,TSLA,0.9573155045509338
2026-01-07,TSLA,0.9788748025894165
2026-01-08,TSLA,0.9891205430030823
2026-01-09,TSLA,0.9882493615150452
2026-01-12,TSLA,0.9836973547935486
2026-01-13,TSLA,0.9818150401115417
2026-01-14,TSLA,0.9837614297866821
2026-01-15,TSLA,0.995495617389679
2026-01-16,TSLA,1.0020617246627808
2026-01-20,TSLA,0.9980191588401794
2026-01-21,TSLA,1.0116024017333984
2026-01-22,TSLA,0.9991344213485718
2026-01-23,TSLA,0.9847988486289978
2026-01-26,TSLA,0.9772746562957764
2026-01-27,TSLA,0.9865455627441406
2026-01-28,TSLA,0.9989678263664246
2026-01-29,TSLA,1.001906156539917
2026-01-30,TSLA,1.0222387313842773
2026-02-02,TSLA,1.011861801147461
2026-02-03,TSLA,1.0252177715301514
2026-02-04,TSLA,1.027725338935852
2026-02-05,TSLA,1.0515576601028442
2026-02-06,TSLA,1.0537631511688232
2026-02-09,TSLA,1.042518973350525
2026-02-10,TSLA,1.030324935913086
2026-02-11,TSLA,1.0226452350616455
2026-02-12,TSLA,1.0156934261322021
2026-02-13,TSLA,1.0241022109985352
2026-02-17,TSLA,1.0255440473556519
2026-02-18,TSLA,1.0390456914901733
2026-02-19,TSLA,1.046458125114441
2026-02-20,TSLA,1.0513033866882324
2026-02-23,TSLA,1.0522351264953613
2026-02-24,TSLA,1.0714597702026367
2026-02-25,TSLA,1.065316081047058
2026-02-26,TSLA,1.0537351369857788
2026-02-27,TSLA,1.062035083770752
2026-03-02,TSLA,1.080160140991211
2026-03-03,TSLA,1.0884158611297607
2026-03-04,TSLA,1.1020218133926392
2026-03-05,TSLA,1.0843875408172607
2026-03-06,TSLA,1.0794552564620972
2026-03-09,TSLA,1.0982574224472046
2026-03-10,TSLA,1.1037743091583252
2026-03-11,TSLA,1.1048078536987305
2026-03-12,TSLA,1.087951898574829
2026-03-13,TSLA,1.108916997909546
2026-03-16,TSLA,1.1234525442123413
2026-03-17,TSLA,1.1246109008789062
2026-03-18,TSLA,1.1149247884750366
2026-03-19,TSLA,1.1262203454971313
2026-03-20,TSLA,1.153531789779663
2026-03-23,TSLA,1.1641477346420288
2026-03-24,TSLA,1.1554089784622192
2026-03-25,TSLA,1.1496288776397705
2026-03-26,TSLA,1.1380305290222168
2026-03-27,TSLA,1.1571943759918213
2026-03-30,TSLA,1.1768958568572998
2026-03-31,TSLA,1.1660562753677368
2026-04-01,TSLA,1.1428239345550537
2026-04-02,TSLA,1.1068198680877686
2026-04-06,TSLA,1.129528522491455
2026-04-07,TSLA,1.149389386177063
2026-04-08,TSLA,1.1665410995483398
2026-04-09,TSLA,1.1767927408218384
2026-04-10,TSLA,1.1744595766067505
2026-04-13,TSLA,1.1676020622253418
2026-04-14,TSLA,1.1515454053878784
2026-04-15,TSLA,1.0957071781158447
2026-04-16,TSLA,1.0853815078735352
2026-04-17,TSLA,1.0820121765136719
2026-04-20,TSLA,1.079675555229187
2026-04-21,TSLA,1.0852330923080444
2026-04-22,TSLA,1.0924378633499146
2026-04-23,TSLA,1.0894253253936768
2026-04-24,TSLA,1.098184585571289
2026-04-27,TSLA,1.1041556596755981
2026-04-28,TSLA,1.1089204549789429
2026-04-29,TSLA,1.1140083074569702
2025-12-23,TLT,4.974799633026123
2025-12-24,TLT,4.945699214935303
2025-12-26,TLT,4.8722944259643555
2025-12-29,TLT,4.891885280609131
2025-12-30,TLT,4.89509916305542
2025-12-31,TLT,4.871911525726318
2026-01-02,TLT,5.019769191741943
2026-01-05,TLT,5.094624996185303
2026-01-06,TLT,5.033503532409668
2026-01-07,TLT,5.045154094696045
2026-01-08,TLT,4.995152950286865
2026-01-09,TLT,5.013383865356445
2026-01-12,TLT,4.994826793670654
2026-01-13,TLT,5.021607875823975
2026-01-14,TLT,5.02929162979126
2026-01-15,TLT,5.021921634674072
2026-01-16,TLT,5.019014835357666
2026-01-20,TLT,4.950026988983154
2026-01-21,TLT,5.109296798706055
2026-01-22,TLT,5.067154407501221
2026-01-23,TLT,5.026721477508545
2026-01-26,TLT,5.0178542137146
2026-01-27,TLT,4.988200664520264
2026-01-28,TLT,5.017014980316162
2026-01-29,TLT,5.056785583496094
2026-01-30,TLT,5.063642501831055
2026-02-02,TLT,5.194818496704102
2026-02-03,TLT,5.307529926300049
2026-02-04,TLT,5.33258056640625
2026-02-05,TLT,5.2809062004089355
2026-02-06,TLT,5.180314540863037
2026-02-09,TLT,5.162939548492432
2026-02-10,TLT,5.086639404296875
2026-02-11,TLT,5.03872537612915
2026-02-12,TLT,4.970327854156494
2026-02-13,TLT,4.949278354644775
2026-02-17,TLT,4.959922790527344
2026-02-18,TLT,4.9720683097839355
2026-02-19,TLT,5.01591157913208
2026-02-20,TLT,5.044250965118408
2026-02-23,TLT,5.078125953674316
2026-02-24,TLT,5.106339931488037
2026-02-25,TLT,5.135650157928467
2026-02-26,TLT,5.156693935394287
2026-02-27,TLT,5.159968852996826
2026-03-02,TLT,5.098259925842285
2026-03-03,TLT,5.135431289672852
2026-03-04,TLT,5.155153274536133
2026-03-05,TLT,5.193874359130859
2026-03-06,TLT,5.267030715942383
2026-03-09,TLT,5.288919925689697
2026-03-10,TLT,5.17487096786499
2026-03-11,TLT,5.233026027679443
2026-03-12,TLT,5.435828685760498
2026-03-13,TLT,5.543171405792236
2026-03-16,TLT,5.542478561401367
2026-03-17,TLT,5.480203151702881
2026-03-18,TLT,5.419223308563232
2026-03-19,TLT,5.378974437713623
2026-03-20,TLT,5.099987983703613
2026-03-23,TLT,5.167842388153076
2026-03-24,TLT,5.158113956451416
2026-03-25,TLT,5.1006550788879395
2026-03-26,TLT,5.011137962341309
2026-03-27,TLT,5.0569610595703125
2026-03-30,TLT,4.9557271003723145
2026-03-31,TLT,4.859405994415283
2026-04-01,TLT,4.8507890701293945
2026-04-02,TLT,4.846960067749023
2026-04-06,TLT,4.8339996337890625
2026-04-07,TLT,4.853270530700684
2026-04-08,TLT,4.872890472412109
2026-04-09,TLT,4.8958740234375
2026-04-10,TLT,4.916275978088379
2026-04-13,TLT,4.9397125244140625
2026-04-14,TLT,4.9457244873046875
2026-04-15,TLT,4.951948165893555
2026-04-16,TLT,4.959238529205322
2026-04-17,TLT,4.951819896697998
2026-04-20,TLT,4.965110778808594
2026-04-21,TLT,4.964921951293945
2026-04-22,TLT,5.0165181159973145
2026-04-23,TLT,5.036965847015381
2026-04-24,TLT,5.078585147857666
2026-04-27,TLT,5.081750392913818
2026-04-28,TLT,5.221687316894531
2026-04-29,TLT,5.258305549621582
2025-12-23,SPY,3.3673815727233887
2025-12-24,SPY,3.3745694160461426
2025-12-26,SPY,3.3829522132873535
2025-12-29,SPY,3.395805835723877
2025-12-30,SPY,3.4225592613220215
2025-12-31,SPY,3.4292235374450684
2026-01-02,SPY,3.45735764503479
2026-01-05,SPY,3.4698150157928467
2026-01-06,SPY,3.48172926902771
2026-01-07,SPY,3.489752769470215
2026-01-08,SPY,3.5130014419555664
2026-01-09,SPY,3.526970148086548
2026-01-12,SPY,3.54361629486084
2026-01-13,SPY,3.559480667114258
2026-01-14,SPY,3.572944164276123
2026-01-15,SPY,3.5987954139709473
2026-01-16,SPY,3.6175951957702637
2026-01-20,SPY,3.516871452331543
2026-01-21,SPY,3.608621597290039
2026-01-22,SPY,3.5920703411102295
2026-01-23,SPY,3.573326826095581
2026-01-26,SPY,3.577393054962158
2026-01-27,SPY,3.590393543243408
2026-01-28,SPY,3.5999183654785156
2026-01-29,SPY,3.61828351020813
2026-01-30,SPY,3.637664794921875
2026-02-02,SPY,3.651270627975464
2026-02-03,SPY,3.643669605255127
2026-02-04,SPY,3.6592772006988525
2026-02-05,SPY,3.6793735027313232
2026-02-06,SPY,3.6936633586883545
2026-02-09,SPY,3.6282975673675537
2026-02-10,SPY,3.6165359020233154
2026-02-11,SPY,3.6274280548095703
2026-02-12,SPY,3.5624876022338867
2026-02-13,SPY,3.6547043323516846
2026-02-17,SPY,3.694031238555908
2026-02-18,SPY,3.7047953605651855
2026-02-19,SPY,3.6907734870910645
2026-02-20,SPY,3.7100226879119873
2026-02-23,SPY,3.6566860675811768
2026-02-24,SPY,3.70491099357605
2026-02-25,SPY,3.683476448059082
2026-02-26,SPY,3.6719400882720947
2026-02-27,SPY,3.6805014610290527
2026-03-02,SPY,3.715851306915283
2026-03-03,SPY,3.707002878189087
2026-03-04,SPY,3.7819275856018066
2026-03-05,SPY,3.751607894897461
2026-03-06,SPY,3.758145809173584
2026-03-09,SPY,3.8356571197509766
2026-03-10,SPY,3.826169013977051
2026-03-11,SPY,3.8504276275634766
2026-03-12,SPY,3.8282461166381836
2026-03-13,SPY,3.9339003562927246
2026-03-16,SPY,3.9373552799224854
2026-03-17,SPY,3.9022281169891357
2026-03-18,SPY,3.8407020568847656
2026-03-19,SPY,3.9063167572021484
2026-03-20,SPY,3.8883495330810547
2026-03-23,SPY,3.898120164871216
2026-03-24,SPY,3.8738532066345215
2026-03-25,SPY,3.860982656478882
2026-03-26,SPY,3.766433000564575
2026-03-27,SPY,3.7777512073516846
2026-03-30,SPY,3.8587753772735596
2026-03-31,SPY,3.626566171646118
2026-04-01,SPY,3.5184032917022705
2026-04-02,SPY,3.4699456691741943
2026-04-06,SPY,3.4558234214782715
2026-04-07,SPY,3.458004951477051
2026-04-08,SPY,3.321424722671509
2026-04-09,SPY,3.325223445892334
2026-04-10,SPY,3.334933042526245
2026-04-13,SPY,3.339008331298828
2026-04-14,SPY,3.3275835514068604
2026-04-15,SPY,3.3325703144073486
2026-04-16,SPY,3.3488309383392334
2026-04-17,SPY,3.345414876937866
2026-04-20,SPY,3.363006353378296
2026-04-21,SPY,3.3733325004577637
2026-04-22,SPY,3.377777338027954
2026-04-23,SPY,3.3905062675476074
2026-04-24,SPY,3.4013497829437256
2026-04-27,SPY,3.4200010299682617
2026-04-28,SPY,3.431898593902588
2026-04-29,SPY,3.453465700149536
2025-12-23,INFY.NS,2.185950517654419
2025-12-24,INFY.NS,2.1970019340515137
2025-12-26,INFY.NS,2.209195375442505
2025-12-29,INFY.NS,2.221987247467041
2025-12-30,INFY.NS,2.2266273498535156
2025-12-31,INFY.NS,2.247953414916992
2026-01-01,INFY.NS,2.263806104660034
2026-01-02,INFY.NS,2.2700161933898926
2026-01-05,INFY.NS,2.2459158897399902
2026-01-06,INFY.NS,2.279869794845581
2026-01-07,INFY.NS,2.278674364089966
2026-01-08,INFY.NS,2.2578296661376953
2026-01-09,INFY.NS,2.287003755569458
2026-01-12,INFY.NS,2.2981045246124268
2026-01-13,INFY.NS,2.338803291320801
2026-01-14,INFY.NS,2.3540475368499756
2026-01-15,INFY.NS,2.3683314323425293
2026-01-16,INFY.NS,2.183887004852295
2026-01-19,INFY.NS,2.1467480659484863
2026-01-20,INFY.NS,2.1348180770874023
2026-01-21,INFY.NS,2.1470437049865723
2026-01-22,INFY.NS,2.1609089374542236
2026-01-23,INFY.NS,2.1704046726226807
2026-01-27,INFY.NS,2.17907977104187
2026-01-28,INFY.NS,2.1805686950683594
2026-01-29,INFY.NS,2.195446729660034
2026-01-30,INFY.NS,2.1992571353912354
2026-02-02,INFY.NS,2.2108824253082275
2026-02-03,INFY.NS,2.2176406383514404
2026-02-04,INFY.NS,1.9469925165176392
2026-02-05,INFY.NS,2.0254592895507812
2026-02-06,INFY.NS,2.0692765712738037
2026-02-09,INFY.NS,2.112215280532837
2026-02-10,INFY.NS,2.1417746543884277
2026-02-11,INFY.NS,2.14739990234375
2026-02-12,INFY.NS,2.030085563659668
2026-02-13,INFY.NS,2.0633175373077393
2026-02-16,INFY.NS,2.0812671184539795
2026-02-17,INFY.NS,2.0647432804107666
2026-02-18,INFY.NS,2.053757905960083
2026-02-19,INFY.NS,2.0617315769195557
2026-02-20,INFY.NS,2.0605316162109375
2026-02-23,INFY.NS,2.0660507678985596
2026-02-24,INFY.NS,2.028507709503174
2026-02-25,INFY.NS,2.0448338985443115
2026-02-26,INFY.NS,2.045546531677246
2026-02-27,INFY.NS,2.042930841445923
2026-03-02,INFY.NS,2.0409326553344727
2026-03-04,INFY.NS,2.026318073272705
2026-03-05,INFY.NS,2.011399507522583
2026-03-06,INFY.NS,2.009946346282959
2026-03-09,INFY.NS,2.0071656703948975
2026-03-10,INFY.NS,2.004554271697998
2026-03-11,INFY.NS,2.021958827972412
2026-03-12,INFY.NS,2.0534026622772217
2026-03-13,INFY.NS,2.0777077674865723
2026-03-16,INFY.NS,2.1073100566864014
2026-03-17,INFY.NS,2.123194694519043
2026-03-18,INFY.NS,2.0892152786254883
2026-03-19,INFY.NS,2.023263692855835
2026-03-20,INFY.NS,2.0040640830993652
2026-03-23,INFY.NS,1.9781043529510498
2026-03-24,INFY.NS,1.9521602392196655
2026-03-25,INFY.NS,1.9356985092163086
2026-03-27,INFY.NS,1.9329843521118164
2026-03-30,INFY.NS,1.9340035915374756
2026-04-01,INFY.NS,1.9362932443618774
2026-04-02,INFY.NS,1.9047476053237915
2026-04-06,INFY.NS,1.9056318998336792
2026-04-07,INFY.NS,1.8884245157241821
2026-04-08,INFY.NS,1.8861579895019531
2026-04-09,INFY.NS,1.8870909214019775
2026-04-10,INFY.NS,1.8681877851486206
2026-04-13,INFY.NS,1.8862924575805664
2026-04-15,INFY.NS,1.889975666999817
2026-04-16,INFY.NS,1.891947865486145
2026-04-17,INFY.NS,1.8962774276733398
2026-04-20,INFY.NS,1.9063818454742432
2026-04-21,INFY.NS,1.917752742767334
2026-04-22,INFY.NS,1.8827929496765137
2026-04-23,INFY.NS,1.9184980392456055
2026-04-24,INFY.NS,1.8241512775421143
2026-04-27,INFY.NS,1.8930165767669678
2026-04-28,INFY.NS,1.9190529584884644
2026-04-29,INFY.NS,1.935796856880188
2025-12-23,MSFT,2.437087059020996
2025-12-24,MSFT,2.4458062648773193
2025-12-26,MSFT,2.456470251083374
2025-12-29,MSFT,2.4700615406036377
2025-12-30,MSFT,2.486023187637329
2025-12-31,MSFT,2.4875118732452393
2026-01-02,MSFT,2.4613492488861084
2026-01-05,MSFT,2.5753328800201416
2026-01-06,MSFT,2.5961360931396484
2026-01-07,MSFT,2.550309419631958
2026-01-08,MSFT,2.510411262512207
2026-01-09,MSFT,2.5341551303863525
2026-01-12,MSFT,2.542043924331665
2026-01-13,MSFT,2.561523675918579
2026-01-14,MSFT,2.605931282043457
2026-01-15,MSFT,2.71854305267334
2026-01-16,MSFT,2.7704122066497803
2026-01-20,MSFT,2.7779173851013184
2026-01-21,MSFT,2.7694129943847656
2026-01-22,MSFT,2.771336555480957
2026-01-23,MSFT,2.5927536487579346
2026-01-26,MSFT,2.492140769958496
2026-01-27,MSFT,2.415241241455078
2026-01-28,MSFT,2.400099277496338
2026-01-29,MSFT,1.8703866004943848
2026-01-30,MSFT,1.967991590499878
2026-02-02,MSFT,2.021900177001953
2026-02-03,MSFT,2.0436630249023438
2026-02-04,MSFT,2.078620672225952
2026-02-05,MSFT,2.003558397293091
2026-02-06,MSFT,2.0138344764709473
2026-02-09,MSFT,1.9534716606140137
2026-02-10,MSFT,1.9195138216018677
2026-02-11,MSFT,1.896369218826294
2026-02-12,MSFT,1.9087703227996826
2026-02-13,MSFT,1.9166804552078247
2026-02-17,MSFT,1.9271039962768555
2026-02-18,MSFT,1.9370238780975342
2026-02-19,MSFT,1.926869511604309
2026-02-20,MSFT,1.9271067380905151
2026-02-23,MSFT,1.9055209159851074
2026-02-24,MSFT,1.9261449575424194
2026-02-25,MSFT,1.8804512023925781
2026-02-26,MSFT,1.8512953519821167
2026-02-27,MSFT,1.8285077810287476
2026-03-02,MSFT,1.8478201627731323
2026-03-03,MSFT,1.835940957069397
2026-03-04,MSFT,1.8217980861663818
2026-03-05,MSFT,1.819760799407959
2026-03-06,MSFT,1.8238658905029297
2026-03-09,MSFT,1.8353489637374878
2026-03-10,MSFT,1.8440486192703247
2026-03-11,MSFT,1.8561594486236572
2026-03-12,MSFT,1.8665087223052979
2026-03-13,MSFT,1.8683557510375977
2026-03-16,MSFT,1.892446756362915
2026-03-17,MSFT,1.8984465599060059
2026-03-18,MSFT,1.9022916555404663
2026-03-19,MSFT,1.9591500759124756
2026-03-20,MSFT,1.9962199926376343
2026-03-23,MSFT,2.053732395172119
2026-03-24,MSFT,2.071187734603882
2026-03-25,MSFT,2.1303045749664307
2026-03-26,MSFT,2.162888526916504
2026-03-27,MSFT,2.1758480072021484
2026-03-30,MSFT,2.1940550804138184
2026-03-31,MSFT,2.1089842319488525
2026-04-01,MSFT,2.056542158126831
2026-04-02,MSFT,2.015650510787964
2026-04-06,MSFT,1.9873253107070923
2026-04-07,MSFT,1.9786733388900757
2026-04-08,MSFT,1.9717174768447876
2026-04-09,MSFT,1.9658761024475098
2026-04-10,MSFT,1.9647674560546875
2026-04-13,MSFT,1.920548677444458
2026-04-14,MSFT,1.8893831968307495
2026-04-15,MSFT,1.8175679445266724
2026-04-16,MSFT,1.7989789247512817
2026-04-17,MSFT,1.8020695447921753
2026-04-20,MSFT,1.8066656589508057
2026-04-21,MSFT,1.8148021697998047
2026-04-22,MSFT,1.8122907876968384
2026-04-23,MSFT,1.7690391540527344
2026-04-24,MSFT,1.7718064785003662
2026-04-27,MSFT,1.7813892364501953
2026-04-28,MSFT,1.7887420654296875
2026-04-29,MSFT,1.7940822839736938
2025-12-23,META,1.473618745803833
2025-12-24,META,1.4806426763534546
2025-12-26,META,1.4858976602554321
2025-12-29,META,1.4945310354232788
2025-12-30,META,1.5026320219039917
2025-12-31,META,1.5070273876190186
2026-01-02,META,1.5092408657073975
2026-01-05,META,1.5376883745193481
2026-01-06,META,1.535266399383545
2026-01-07,META,1.5317274332046509
2026-01-08,META,1.5713540315628052
2026-01-09,META,1.5911760330200195
2026-01-12,META,1.5820844173431396
2026-01-13,META,1.6294078826904297
2026-01-14,META,1.675939917564392
2026-01-15,META,1.7164026498794556
2026-01-16,META,1.723853349685669
2026-01-20,META,1.7239950895309448
2026-01-21,META,1.7307560443878174
2026-01-22,META,1.614243745803833
2026-01-23,META,1.5480400323867798
2026-01-26,META,1.5222686529159546
2026-01-27,META,1.5201666355133057
2026-01-28,META,1.523027777671814
2026-01-29,META,1.3547817468643188
2026-01-30,META,1.3372857570648193
2026-02-02,META,1.3393770456314087
2026-02-03,META,1.3415201902389526
2026-02-04,META,1.3382357358932495
2026-02-05,META,1.3501304388046265
2026-02-06,META,1.3561688661575317
2026-02-09,META,1.3587356805801392
2026-02-10,META,1.362004041671753
2026-02-11,META,1.3725805282592773
2026-02-12,META,1.3726667165756226
2026-02-13,META,1.390445590019226
2026-02-17,META,1.4130192995071411
2026-02-18,META,1.430800199508667
2026-02-19,META,1.4425368309020996
2026-02-20,META,1.449193000793457
2026-02-23,META,1.4351452589035034
2026-02-24,META,1.458019495010376
2026-02-25,META,1.4510411024093628
2026-02-26,META,1.4365226030349731
2026-02-27,META,1.4292428493499756
2026-03-02,META,1.4407272338867188
2026-03-03,META,1.4432542324066162
2026-03-04,META,1.4416180849075317
2026-03-05,META,1.439276099205017
2026-03-06,META,1.434878945350647
2026-03-09,META,1.4565439224243164
2026-03-10,META,1.4645432233810425
2026-03-11,META,1.4659109115600586
2026-03-12,META,1.4595732688903809
2026-03-13,META,1.4803309440612793
2026-03-16,META,1.522081971168518
2026-03-17,META,1.5265275239944458
2026-03-18,META,1.5461983680725098
2026-03-19,META,1.565499186515808
2026-03-20,META,1.582018494606018
2026-03-23,META,1.5884509086608887
2026-03-24,META,1.581721305847168
2026-03-25,META,1.5919920206069946
2026-03-26,META,1.4961949586868286
2026-03-27,META,1.5195672512054443
2026-03-30,META,1.533307433128357
2026-03-31,META,1.4402083158493042
2026-04-01,META,1.3977551460266113
2026-04-02,META,1.3740614652633667
2026-04-06,META,1.367598295211792
2026-04-07,META,1.3663957118988037
2026-04-08,META,1.3101524114608765
2026-04-09,META,1.2920862436294556
2026-04-10,META,1.2946662902832031
2026-04-13,META,1.2998535633087158
2026-04-14,META,1.284149169921875
2026-04-15,META,1.285075306892395
2026-04-16,META,1.2896654605865479
2026-04-17,META,1.2940171957015991
2026-04-20,META,1.292362928390503
2026-04-21,META,1.302827000617981
2026-04-22,META,1.3103599548339844
2026-04-23,META,1.3105392456054688
2026-04-24,META,1.3125137090682983
2026-04-27,META,1.318823218345642
2026-04-28,META,1.3241328001022339
2026-04-29,META,1.3327081203460693
2025-12-23,EURUSD=X,7.814843654632568
2025-12-24,EURUSD=X,7.832683563232422
2025-12-26,EURUSD=X,7.85849142074585
2025-12-29,EURUSD=X,7.905985355377197
2025-12-30,EURUSD=X,7.954966068267822
2025-12-31,EURUSD=X,7.978885173797607
2026-01-02,EURUSD=X,8.039851188659668
2026-01-05,EURUSD=X,8.035348892211914
2026-01-06,EURUSD=X,8.191954612731934
2026-01-07,EURUSD=X,8.222877502441406
2026-01-08,EURUSD=X,8.369219779968262
2026-01-09,EURUSD=X,8.511083602905273
2026-01-12,EURUSD=X,8.678613662719727
2026-01-13,EURUSD=X,8.72767162322998
2026-01-14,EURUSD=X,8.654902458190918
2026-01-15,EURUSD=X,8.722102165222168
2026-01-16,EURUSD=X,8.752315521240234
2026-01-19,EURUSD=X,8.84664535522461
2026-01-20,EURUSD=X,8.802345275878906
2026-01-21,EURUSD=X,8.554108619689941
2026-01-22,EURUSD=X,8.316471099853516
2026-01-23,EURUSD=X,8.20869255065918
2026-01-26,EURUSD=X,7.991502285003662
2026-01-27,EURUSD=X,7.974096775054932
2026-01-28,EURUSD=X,7.64711856842041
2026-01-29,EURUSD=X,7.625007152557373
2026-01-30,EURUSD=X,7.664067268371582
2026-02-02,EURUSD=X,7.450355529785156
2026-02-03,EURUSD=X,7.483623504638672
2026-02-04,EURUSD=X,7.54669713973999
2026-02-05,EURUSD=X,7.5880889892578125
2026-02-06,EURUSD=X,7.616255283355713
2026-02-09,EURUSD=X,7.636620044708252
2026-02-10,EURUSD=X,7.575712203979492
2026-02-11,EURUSD=X,7.592403888702393
2026-02-12,EURUSD=X,7.635396480560303
2026-02-13,EURUSD=X,7.684621810913086
2026-02-16,EURUSD=X,7.739258766174316
2026-02-17,EURUSD=X,7.77763032913208
2026-02-18,EURUSD=X,7.840864181518555
2026-02-19,EURUSD=X,7.799193859100342
2026-02-20,EURUSD=X,7.954084873199463
2026-02-23,EURUSD=X,8.001949310302734
2026-02-24,EURUSD=X,7.872541427612305
2026-02-25,EURUSD=X,7.956685543060303
2026-02-26,EURUSD=X,8.024209022521973
2026-02-27,EURUSD=X,7.969862937927246
2026-03-02,EURUSD=X,7.979719161987305
2026-03-03,EURUSD=X,8.119647026062012
2026-03-04,EURUSD=X,8.221866607666016
2026-03-05,EURUSD=X,8.404356002807617
2026-03-06,EURUSD=X,8.445423126220703
2026-03-09,EURUSD=X,8.401561737060547
2026-03-10,EURUSD=X,8.250996589660645
2026-03-11,EURUSD=X,8.10824966430664
2026-03-12,EURUSD=X,7.9931440353393555
2026-03-13,EURUSD=X,8.071205139160156
2026-03-16,EURUSD=X,8.032684326171875
2026-03-17,EURUSD=X,8.047513008117676
2026-03-18,EURUSD=X,7.943150997161865
2026-03-19,EURUSD=X,7.799342155456543
2026-03-20,EURUSD=X,7.590473651885986
2026-03-23,EURUSD=X,7.457742691040039
2026-03-24,EURUSD=X,7.399554252624512
2026-03-25,EURUSD=X,7.378453254699707
2026-03-26,EURUSD=X,7.333328723907471
2026-03-27,EURUSD=X,7.368481636047363
2026-03-30,EURUSD=X,7.398162364959717
2026-03-31,EURUSD=X,7.525414943695068
2026-04-01,EURUSD=X,7.439731597900391
2026-04-02,EURUSD=X,7.3375563621521
2026-04-03,EURUSD=X,7.288585662841797
2026-04-06,EURUSD=X,7.311251163482666
2026-04-07,EURUSD=X,7.377652645111084
2026-04-08,EURUSD=X,7.074842929840088
2026-04-09,EURUSD=X,7.024688720703125
2026-04-10,EURUSD=X,7.048539638519287
2026-04-13,EURUSD=X,7.0739264488220215
2026-04-14,EURUSD=X,7.0126118659973145
2026-04-15,EURUSD=X,7.018681526184082
2026-04-16,EURUSD=X,7.051056385040283
2026-04-17,EURUSD=X,7.077402114868164
2026-04-20,EURUSD=X,7.107450008392334
2026-04-21,EURUSD=X,7.1434783935546875
2026-04-22,EURUSD=X,7.153006553649902
2026-04-23,EURUSD=X,7.1828765869140625
2026-04-24,EURUSD=X,7.220498085021973
2026-04-27,EURUSD=X,7.255901336669922
2026-04-28,EURUSD=X,7.307713508605957
2026-04-29,EURUSD=X,7.354402542114258
2025-12-23,HDFCBANK.NS,3.8227248191833496
2025-12-24,HDFCBANK.NS,3.7730002403259277
2025-12-26,HDFCBANK.NS,3.753718137741089
2025-12-29,HDFCBANK.NS,3.782602310180664
2025-12-30,HDFCBANK.NS,3.8020429611206055
2025-12-31,HDFCBANK.NS,3.8280560970306396
2026-01-01,HDFCBANK.NS,3.8479628562927246
2026-01-02,HDFCBANK.NS,3.8466873168945312
2026-01-05,HDFCBANK.NS,3.6576433181762695
2026-01-06,HDFCBANK.NS,3.7566168308258057
2026-01-07,HDFCBANK.NS,3.864802837371826
2026-01-08,HDFCBANK.NS,3.984201431274414
2026-01-09,HDFCBANK.NS,4.027471542358398
2026-01-12,HDFCBANK.NS,4.082540512084961
2026-01-13,HDFCBANK.NS,4.103924751281738
2026-01-14,HDFCBANK.NS,4.075664520263672
2026-01-15,HDFCBANK.NS,4.105650424957275
2026-01-16,HDFCBANK.NS,4.06942081451416
2026-01-19,HDFCBANK.NS,4.029135704040527
2026-01-20,HDFCBANK.NS,4.001783847808838
2026-01-21,HDFCBANK.NS,3.9547946453094482
2026-01-22,HDFCBANK.NS,3.991779088973999
2026-01-23,HDFCBANK.NS,4.0130205154418945
2026-01-27,HDFCBANK.NS,3.958925247192383
2026-01-28,HDFCBANK.NS,3.8747453689575195
2026-01-29,HDFCBANK.NS,3.8223845958709717
2026-01-30,HDFCBANK.NS,3.7709457874298096
2026-02-02,HDFCBANK.NS,3.7913177013397217
2026-02-03,HDFCBANK.NS,3.669456720352173
2026-02-04,HDFCBANK.NS,3.6590728759765625
2026-02-05,HDFCBANK.NS,3.654780626296997
2026-02-06,HDFCBANK.NS,3.6488609313964844
2026-02-09,HDFCBANK.NS,3.676971435546875
2026-02-10,HDFCBANK.NS,3.697387933731079
2026-02-11,HDFCBANK.NS,3.721506357192993
2026-02-12,HDFCBANK.NS,3.7501063346862793
2026-02-13,HDFCBANK.NS,3.747087001800537
2026-02-16,HDFCBANK.NS,3.677777051925659
2026-02-17,HDFCBANK.NS,3.6123123168945312
2026-02-18,HDFCBANK.NS,3.602541208267212
2026-02-19,HDFCBANK.NS,3.594155788421631
2026-02-20,HDFCBANK.NS,3.660158634185791
2026-02-23,HDFCBANK.NS,3.656191110610962
2026-02-24,HDFCBANK.NS,3.5944368839263916
2026-02-25,HDFCBANK.NS,3.6769940853118896
2026-02-26,HDFCBANK.NS,3.71565318107605
2026-02-27,HDFCBANK.NS,3.7654519081115723
2026-03-02,HDFCBANK.NS,3.821930170059204
2026-03-04,HDFCBANK.NS,3.8543174266815186
2026-03-05,HDFCBANK.NS,3.8510444164276123
2026-03-06,HDFCBANK.NS,3.718144178390503
2026-03-09,HDFCBANK.NS,3.7101004123687744
2026-03-10,HDFCBANK.NS,3.7261013984680176
2026-03-11,HDFCBANK.NS,3.6662075519561768
2026-03-12,HDFCBANK.NS,3.7037532329559326
2026-03-13,HDFCBANK.NS,3.654857635498047
2026-03-16,HDFCBANK.NS,3.4569432735443115
2026-03-17,HDFCBANK.NS,3.370046854019165
2026-03-18,HDFCBANK.NS,3.3252649307250977
2026-03-19,HDFCBANK.NS,2.916438341140747
2026-03-20,HDFCBANK.NS,2.950758695602417
2026-03-23,HDFCBANK.NS,2.7899651527404785
2026-03-24,HDFCBANK.NS,2.7493040561676025
2026-03-25,HDFCBANK.NS,2.6725499629974365
2026-03-27,HDFCBANK.NS,2.574760675430298
2026-03-30,HDFCBANK.NS,2.532472610473633
2026-04-01,HDFCBANK.NS,2.532116174697876
2026-04-02,HDFCBANK.NS,2.5007667541503906
2026-04-06,HDFCBANK.NS,2.4167325496673584
2026-04-07,HDFCBANK.NS,2.3883326053619385
2026-04-08,HDFCBANK.NS,2.1608312129974365
2026-04-09,HDFCBANK.NS,2.1111388206481934
2026-04-10,HDFCBANK.NS,2.1015307903289795
2026-04-13,HDFCBANK.NS,2.078768491744995
2026-04-15,HDFCBANK.NS,2.069831609725952
2026-04-16,HDFCBANK.NS,2.0612940788269043
2026-04-17,HDFCBANK.NS,2.0741331577301025
2026-04-20,HDFCBANK.NS,2.0828733444213867
2026-04-21,HDFCBANK.NS,2.0724828243255615
2026-04-22,HDFCBANK.NS,2.0708305835723877
2026-04-23,HDFCBANK.NS,2.0691452026367188
2026-04-24,HDFCBANK.NS,2.084836959838867
2026-04-27,HDFCBANK.NS,2.0992825031280518
2026-04-28,HDFCBANK.NS,2.1059086322784424
2026-04-29,HDFCBANK.NS,2.1328015327453613
2025-12-23,RELIANCE.NS,2.953671932220459
2025-12-24,RELIANCE.NS,2.9612483978271484
2025-12-26,RELIANCE.NS,2.9835641384124756
2025-12-29,RELIANCE.NS,2.9852068424224854
2025-12-30,RELIANCE.NS,3.0136473178863525
2025-12-31,RELIANCE.NS,3.008786201477051
2026-01-01,RELIANCE.NS,2.9897100925445557
2026-01-02,RELIANCE.NS,2.9837162494659424
2026-01-05,RELIANCE.NS,2.9685022830963135
2026-01-06,RELIANCE.NS,2.711172580718994
2026-01-07,RELIANCE.NS,2.829923629760742
2026-01-08,RELIANCE.NS,2.845797300338745
2026-01-09,RELIANCE.NS,2.922511100769043
2026-01-12,RELIANCE.NS,2.94050931930542
2026-01-13,RELIANCE.NS,2.9089550971984863
2026-01-14,RELIANCE.NS,2.9443490505218506
2026-01-15,RELIANCE.NS,2.937070369720459
2026-01-16,RELIANCE.NS,2.9297890663146973
2026-01-19,RELIANCE.NS,2.8342719078063965
2026-01-20,RELIANCE.NS,2.8750081062316895
2026-01-21,RELIANCE.NS,2.905773401260376
2026-01-22,RELIANCE.NS,2.914074182510376
2026-01-23,RELIANCE.NS,2.916369915008545
2026-01-27,RELIANCE.NS,2.938945770263672
2026-01-28,RELIANCE.NS,2.917175531387329
2026-01-29,RELIANCE.NS,2.89174222946167
2026-01-30,RELIANCE.NS,2.8862643241882324
2026-02-02,RELIANCE.NS,2.8774032592773438
2026-02-03,RELIANCE.NS,2.7336819171905518
2026-02-04,RELIANCE.NS,2.66302490234375
2026-02-05,RELIANCE.NS,2.636510133743286
2026-02-06,RELIANCE.NS,2.641233205795288
2026-02-09,RELIANCE.NS,2.644413948059082
2026-02-10,RELIANCE.NS,2.6549456119537354
2026-02-11,RELIANCE.NS,2.6655776500701904
2026-02-12,RELIANCE.NS,2.658228874206543
2026-02-13,RELIANCE.NS,2.6298718452453613
2026-02-16,RELIANCE.NS,2.641657829284668
2026-02-17,RELIANCE.NS,2.6419734954833984
2026-02-18,RELIANCE.NS,2.6497910022735596
2026-02-19,RELIANCE.NS,2.604344367980957
2026-02-20,RELIANCE.NS,2.635779857635498
2026-02-23,RELIANCE.NS,2.6466290950775146
2026-02-24,RELIANCE.NS,2.6580803394317627
2026-02-25,RELIANCE.NS,2.629157066345215
2026-02-26,RELIANCE.NS,2.693650245666504
2026-02-27,RELIANCE.NS,2.7069735527038574
2026-03-02,RELIANCE.NS,2.7060658931732178
2026-03-04,RELIANCE.NS,2.789853096008301
2026-03-05,RELIANCE.NS,2.687040328979492
2026-03-06,RELIANCE.NS,2.6099886894226074
2026-03-09,RELIANCE.NS,2.551182985305786
2026-03-10,RELIANCE.NS,2.5173563957214355
2026-03-11,RELIANCE.NS,2.508192777633667
2026-03-12,RELIANCE.NS,2.534827947616577
2026-03-13,RELIANCE.NS,2.54170823097229
2026-03-16,RELIANCE.NS,2.565890073776245
2026-03-17,RELIANCE.NS,2.564082145690918
2026-03-18,RELIANCE.NS,2.562643527984619
2026-03-19,RELIANCE.NS,2.535829544067383
2026-03-20,RELIANCE.NS,2.5281035900115967
2026-03-23,RELIANCE.NS,2.5257041454315186
2026-03-24,RELIANCE.NS,2.535005569458008
2026-03-25,RELIANCE.NS,2.549870014190674
2026-03-27,RELIANCE.NS,2.383622646331787
2026-03-30,RELIANCE.NS,2.4862594604492188
2026-04-01,RELIANCE.NS,2.492443084716797
2026-04-02,RELIANCE.NS,2.4664721488952637
2026-04-06,RELIANCE.NS,2.435699224472046
2026-04-07,RELIANCE.NS,2.515805244445801
2026-04-08,RELIANCE.NS,2.43058705329895
2026-04-09,RELIANCE.NS,2.3827948570251465
2026-04-10,RELIANCE.NS,2.367856979370117
2026-04-13,RELIANCE.NS,2.309232234954834
2026-04-15,RELIANCE.NS,2.302922487258911
2026-04-16,RELIANCE.NS,2.2850706577301025
2026-04-17,RELIANCE.NS,2.2685134410858154
2026-04-20,RELIANCE.NS,2.261537551879883
2026-04-21,RELIANCE.NS,2.249427080154419
2026-04-22,RELIANCE.NS,2.259500026702881
2026-04-23,RELIANCE.NS,2.2530038356781006
2026-04-24,RELIANCE.NS,2.2632205486297607
2026-04-27,RELIANCE.NS,2.2471988201141357
2026-04-28,RELIANCE.NS,2.2243034839630127
2026-04-29,RELIANCE.NS,2.181473731994629
2025-12-23,USDJPY=X,5.648542881011963
2025-12-24,USDJPY=X,5.637314796447754
2025-12-26,USDJPY=X,5.694818019866943
2025-12-29,USDJPY=X,5.736234188079834
2025-12-30,USDJPY=X,5.742924690246582
2025-12-31,USDJPY=X,5.790609836578369
2026-01-02,USDJPY=X,5.8171257972717285
2026-01-05,USDJPY=X,5.8363213539123535
2026-01-06,USDJPY=X,5.8447265625
2026-01-07,USDJPY=X,5.892054557800293
2026-01-08,USDJPY=X,5.924782752990723
2026-01-09,USDJPY=X,5.963655471801758
2026-01-12,USDJPY=X,5.943652153015137
2026-01-13,USDJPY=X,5.934577465057373
2026-01-14,USDJPY=X,5.91256856918335
2026-01-15,USDJPY=X,5.8853373527526855
2026-01-16,USDJPY=X,5.933396339416504
2026-01-19,USDJPY=X,5.898067474365234
2026-01-20,USDJPY=X,5.950833797454834
2026-01-21,USDJPY=X,5.980749130249023
2026-01-22,USDJPY=X,6.02069091796875
2026-01-23,USDJPY=X,6.052280426025391
2026-01-26,USDJPY=X,5.5593743324279785
2026-01-27,USDJPY=X,5.758679389953613
2026-01-28,USDJPY=X,5.787954330444336
2026-01-29,USDJPY=X,5.9278974533081055
2026-01-30,USDJPY=X,5.953326225280762
2026-02-02,USDJPY=X,5.735629081726074
2026-02-03,USDJPY=X,5.6072869300842285
2026-02-04,USDJPY=X,5.553386211395264
2026-02-05,USDJPY=X,5.492367267608643
2026-02-06,USDJPY=X,5.473150253295898
2026-02-09,USDJPY=X,5.4850945472717285
2026-02-10,USDJPY=X,5.449802398681641
2026-02-11,USDJPY=X,5.377551555633545
2026-02-12,USDJPY=X,5.421473979949951
2026-02-13,USDJPY=X,5.528815746307373
2026-02-16,USDJPY=X,5.612242221832275
2026-02-17,USDJPY=X,5.6212639808654785
2026-02-18,USDJPY=X,5.5885491371154785
2026-02-19,USDJPY=X,5.532644271850586
2026-02-20,USDJPY=X,5.4748053550720215
2026-02-23,USDJPY=X,5.4429497718811035
2026-02-24,USDJPY=X,5.48262357711792
2026-02-25,USDJPY=X,5.451142311096191
2026-02-26,USDJPY=X,5.454804420471191
2026-02-27,USDJPY=X,5.471755504608154
2026-03-02,USDJPY=X,5.471992492675781
2026-03-03,USDJPY=X,5.4850664138793945
2026-03-04,USDJPY=X,5.5069193840026855
2026-03-05,USDJPY=X,5.506683349609375
2026-03-06,USDJPY=X,5.53834342956543
2026-03-09,USDJPY=X,5.542903423309326
2026-03-10,USDJPY=X,5.545433044433594
2026-03-11,USDJPY=X,5.585765361785889
2026-03-12,USDJPY=X,5.588796615600586
2026-03-13,USDJPY=X,5.611241817474365
2026-03-16,USDJPY=X,5.640006065368652
2026-03-17,USDJPY=X,5.658650875091553
2026-03-18,USDJPY=X,5.694882392883301
2026-03-19,USDJPY=X,5.703018665313721
2026-03-20,USDJPY=X,5.5684428215026855
2026-03-23,USDJPY=X,5.570755958557129
2026-03-24,USDJPY=X,5.561225414276123
2026-03-25,USDJPY=X,5.60231351852417
2026-03-26,USDJPY=X,5.6239776611328125
2026-03-27,USDJPY=X,5.645954132080078
2026-03-30,USDJPY=X,5.663880348205566
2026-03-31,USDJPY=X,5.671767711639404
2026-04-01,USDJPY=X,5.633340358734131
2026-04-02,USDJPY=X,5.698145866394043
2026-04-03,USDJPY=X,5.723898410797119
2026-04-06,USDJPY=X,5.735846519470215
2026-04-07,USDJPY=X,5.756576061248779
2026-04-08,USDJPY=X,5.7353129386901855
2026-04-09,USDJPY=X,5.813205242156982
2026-04-10,USDJPY=X,5.872735977172852
2026-04-13,USDJPY=X,5.870306015014648
2026-04-14,USDJPY=X,5.861268043518066
2026-04-15,USDJPY=X,5.887264251708984
2026-04-16,USDJPY=X,5.962209224700928
2026-04-17,USDJPY=X,6.008431911468506
2026-04-20,USDJPY=X,6.001735687255859
2026-04-21,USDJPY=X,6.008389949798584
2026-04-22,USDJPY=X,6.081996917724609
2026-04-23,USDJPY=X,6.07744026184082
2026-04-24,USDJPY=X,6.095705032348633
2026-04-27,USDJPY=X,6.114760398864746
2026-04-28,USDJPY=X,6.14773416519165
2026-04-29,USDJPY=X,6.185235500335693
2025-12-23,GOOGL,1.6415798664093018
2025-12-24,GOOGL,1.6399346590042114
2025-12-26,GOOGL,1.646586298942566
2025-12-29,GOOGL,1.6548902988433838
2025-12-30,GOOGL,1.663522481918335
2025-12-31,GOOGL,1.6732391119003296
2026-01-02,GOOGL,1.6790411472320557
2026-01-05,GOOGL,1.6875547170639038
2026-01-06,GOOGL,1.6953192949295044
2026-01-07,GOOGL,1.6947925090789795
2026-01-08,GOOGL,1.7011204957962036
2026-01-09,GOOGL,1.7080036401748657
2026-01-12,GOOGL,1.7146936655044556
2026-01-13,GOOGL,1.7215309143066406
2026-01-14,GOOGL,1.7291840314865112
2026-01-15,GOOGL,1.735079288482666
2026-01-16,GOOGL,1.744252324104309
2026-01-20,GOOGL,1.732102632522583
2026-01-21,GOOGL,1.7399266958236694
2026-01-22,GOOGL,1.7484384775161743
2026-01-23,GOOGL,1.7531431913375854
2026-01-26,GOOGL,1.760265588760376
2026-01-27,GOOGL,1.768245816230774
2026-01-28,GOOGL,1.7782678604125977
2026-01-29,GOOGL,1.7877479791641235
2026-01-30,GOOGL,1.7966192960739136
2026-02-02,GOOGL,1.803005337715149
2026-02-03,GOOGL,1.7996231317520142
2026-02-04,GOOGL,1.7938531637191772
2026-02-05,GOOGL,1.8045454025268555
2026-02-06,GOOGL,1.7895523309707642
2026-02-09,GOOGL,1.8364218473434448
2026-02-10,GOOGL,1.842867136001587
2026-02-11,GOOGL,1.8597421646118164
2026-02-12,GOOGL,1.892493724822998
2026-02-13,GOOGL,1.9071087837219238
2026-02-17,GOOGL,1.9229986667633057
2026-02-18,GOOGL,1.9396066665649414
2026-02-19,GOOGL,1.9402186870574951
2026-02-20,GOOGL,1.8769614696502686
2026-02-23,GOOGL,1.8391659259796143
2026-02-24,GOOGL,1.8380162715911865
2026-02-25,GOOGL,1.8394826650619507
2026-02-26,GOOGL,1.8264384269714355
2026-02-27,GOOGL,1.8392531871795654
2026-03-02,GOOGL,1.8256577253341675
2026-03-03,GOOGL,1.8373364210128784
2026-03-04,GOOGL,1.8546357154846191
2026-03-05,GOOGL,1.8671106100082397
2026-03-06,GOOGL,1.8861078023910522
2026-03-09,GOOGL,1.8830370903015137
2026-03-10,GOOGL,1.8624778985977173
2026-03-11,GOOGL,1.8612264394760132
2026-03-12,GOOGL,1.8493648767471313
2026-03-13,GOOGL,1.8664370775222778
2026-03-16,GOOGL,1.8836126327514648
2026-03-17,GOOGL,1.8780263662338257
2026-03-18,GOOGL,1.8720957040786743
2026-03-19,GOOGL,1.8818271160125732
2026-03-20,GOOGL,1.8663737773895264
2026-03-23,GOOGL,1.90223228931427
2026-03-24,GOOGL,1.8603063821792603
2026-03-25,GOOGL,1.9233335256576538
2026-03-26,GOOGL,1.911492943763733
2026-03-27,GOOGL,1.9357328414916992
2026-03-30,GOOGL,1.962424874305725
2026-03-31,GOOGL,1.8625800609588623
2026-04-01,GOOGL,1.7872811555862427
2026-04-02,GOOGL,1.755104899406433
2026-04-06,GOOGL,1.747745156288147
2026-04-07,GOOGL,1.7401094436645508
2026-04-08,GOOGL,1.704144835472107
2026-04-09,GOOGL,1.7094932794570923
2026-04-10,GOOGL,1.7166881561279297
2026-04-13,GOOGL,1.7251580953598022
2026-04-14,GOOGL,1.7022522687911987
2026-04-15,GOOGL,1.705849051475525
2026-04-16,GOOGL,1.7127376794815063
2026-04-17,GOOGL,1.7192919254302979
2026-04-20,GOOGL,1.7216498851776123
2026-04-21,GOOGL,1.7243024110794067
2026-04-22,GOOGL,1.725945234298706
2026-04-23,GOOGL,1.7347180843353271
2026-04-24,GOOGL,1.7387255430221558
2026-04-27,GOOGL,1.7417138814926147
2026-04-28,GOOGL,1.750382661819458
2026-04-29,GOOGL,1.7609423398971558
2025-12-23,GC=F,2.5069262981414795
2025-12-24,GC=F,2.517263650894165
2025-12-26,GC=F,2.5292038917541504
2025-12-29,GC=F,2.348546266555786
2025-12-30,GC=F,2.372504472732544
2025-12-31,GC=F,2.3748819828033447
2026-01-02,GC=F,2.3973186016082764
2026-01-05,GC=F,2.3718197345733643
2026-01-06,GC=F,2.367246627807617
2026-01-07,GC=F,2.361506223678589
2026-01-08,GC=F,2.3781635761260986
2026-01-09,GC=F,2.3899760246276855
2026-01-12,GC=F,2.3631627559661865
2026-01-13,GC=F,2.362150192260742
2026-01-14,GC=F,2.375760316848755
2026-01-15,GC=F,2.3846609592437744
2026-01-16,GC=F,2.394592046737671
2026-01-20,GC=F,2.3253209590911865
2026-01-21,GC=F,2.3180830478668213
2026-01-22,GC=F,2.316114664077759
2026-01-23,GC=F,2.320418357849121
2026-01-26,GC=F,2.3127644062042236
2026-01-27,GC=F,2.3244996070861816
2026-01-28,GC=F,2.231250286102295
2026-01-29,GC=F,2.242891788482666
2026-01-30,GC=F,1.6810579299926758
2026-02-02,GC=F,1.676832675933838
2026-02-03,GC=F,1.6034528017044067
2026-02-04,GC=F,1.6099185943603516
2026-02-05,GC=F,1.613003134727478
2026-02-06,GC=F,1.617108941078186
2026-02-09,GC=F,1.6186017990112305
2026-02-10,GC=F,1.6241581439971924
2026-02-11,GC=F,1.630889892578125
2026-02-12,GC=F,1.6144272089004517
2026-02-13,GC=F,1.6178985834121704
2026-02-17,GC=F,1.6024980545043945
2026-02-18,GC=F,1.6088435649871826
2026-02-19,GC=F,1.6151636838912964
2026-02-20,GC=F,1.6208899021148682
2026-02-23,GC=F,1.614022135734558
2026-02-24,GC=F,1.6203594207763672
2026-02-25,GC=F,1.629592776298523
2026-02-26,GC=F,1.6368670463562012
2026-02-27,GC=F,1.6454129219055176
2026-03-02,GC=F,1.6524643898010254
2026-03-03,GC=F,1.6237695217132568
2026-03-04,GC=F,1.6336878538131714
2026-03-05,GC=F,1.63707435131073
2026-03-06,GC=F,1.644178032875061
2026-03-09,GC=F,1.647565245628357
2026-03-10,GC=F,1.6455141305923462
2026-03-11,GC=F,1.6476566791534424
2026-03-12,GC=F,1.6543012857437134
2026-03-13,GC=F,1.6588407754898071
2026-03-16,GC=F,1.6727890968322754
2026-03-17,GC=F,1.696414589881897
2026-03-18,GC=F,1.7029597759246826
2026-03-19,GC=F,1.650941014289856
2026-03-20,GC=F,1.6946396827697754
2026-03-23,GC=F,1.6875547170639038
2026-03-24,GC=F,1.7089364528656006
2026-03-25,GC=F,1.6789324283599854
2026-03-26,GC=F,1.6333295106887817
2026-03-27,GC=F,1.6233071088790894
2026-03-30,GC=F,1.6136394739151
2026-03-31,GC=F,1.5971909761428833
2026-04-01,GC=F,1.5777090787887573
2026-04-02,GC=F,1.5571017265319824
2026-04-06,GC=F,1.5659174919128418
2026-04-07,GC=F,1.5735254287719727
2026-04-08,GC=F,1.5748322010040283
2026-04-09,GC=F,1.5742731094360352
2026-04-10,GC=F,1.5757455825805664
2026-04-13,GC=F,1.5825040340423584
2026-04-14,GC=F,1.585068941116333
2026-04-15,GC=F,1.589675784111023
2026-04-16,GC=F,1.5981446504592896
2026-04-17,GC=F,1.6034810543060303
2026-04-20,GC=F,1.6041377782821655
2026-04-21,GC=F,1.60177743434906
2026-04-22,GC=F,1.622305154800415
2026-04-23,GC=F,1.6324914693832397
2026-04-24,GC=F,1.6453746557235718
2026-04-27,GC=F,1.6539442539215088
2026-04-28,GC=F,1.675244688987732
2026-04-29,GC=F,1.718056082725525
2025-12-23,EEM,3.283921718597412
2025-12-24,EEM,3.288487434387207
2025-12-26,EEM,3.2987329959869385
2025-12-29,EEM,3.3037784099578857
2025-12-30,EEM,3.3266708850860596
2025-12-31,EEM,3.339148759841919
2026-01-02,EEM,3.226269006729126
2026-01-05,EEM,3.2115213871002197
2026-01-06,EEM,3.217517137527466
2026-01-07,EEM,3.215587615966797
2026-01-08,EEM,3.2401275634765625
2026-01-09,EEM,3.261216878890991
2026-01-12,EEM,3.2528505325317383
2026-01-13,EEM,3.2516415119171143
2026-01-14,EEM,3.27520751953125
2026-01-15,EEM,3.2907509803771973
2026-01-16,EEM,3.30218505859375
2026-01-20,EEM,3.2971715927124023
2026-01-21,EEM,3.2729225158691406
2026-01-22,EEM,3.2814879417419434
2026-01-23,EEM,3.2960009574890137
2026-01-26,EEM,3.3131282329559326
2026-01-27,EEM,3.269893169403076
2026-01-28,EEM,3.2754430770874023
2026-01-29,EEM,3.278980016708374
2026-01-30,EEM,3.183619976043701
2026-02-02,EEM,3.2163479328155518
2026-02-03,EEM,3.2363827228546143
2026-02-04,EEM,3.208728313446045
2026-02-05,EEM,3.228055953979492
2026-02-06,EEM,3.1453588008880615
2026-02-09,EEM,3.142784357070923
2026-02-10,EEM,3.1536526679992676
2026-02-11,EEM,3.1397478580474854
2026-02-12,EEM,3.114598035812378
2026-02-13,EEM,3.13918137550354
2026-02-17,EEM,3.1502249240875244
2026-02-18,EEM,3.171003818511963
2026-02-19,EEM,3.183469772338867
2026-02-20,EEM,3.139957904815674
2026-02-23,EEM,3.1125125885009766
2026-02-24,EEM,3.108538866043091
2026-02-25,EEM,3.1056981086730957
2026-02-26,EEM,3.091099262237549
2026-02-27,EEM,3.1132421493530273
2026-03-02,EEM,3.068915843963623
2026-03-03,EEM,2.7248435020446777
2026-03-04,EEM,2.798811674118042
2026-03-05,EEM,2.7573347091674805
2026-03-06,EEM,2.817326307296753
2026-03-09,EEM,2.79854416847229
2026-03-10,EEM,2.7818243503570557
2026-03-11,EEM,2.771705389022827
2026-03-12,EEM,2.6586661338806152
2026-03-13,EEM,2.7067744731903076
2026-03-16,EEM,2.646012306213379
2026-03-17,EEM,2.6241917610168457
2026-03-18,EEM,2.575984477996826
2026-03-19,EEM,2.606760025024414
2026-03-20,EEM,2.505850076675415
2026-03-23,EEM,2.4708356857299805
2026-03-24,EEM,2.4364395141601562
2026-03-25,EEM,2.439755916595459
2026-03-26,EEM,2.342200994491577
2026-03-27,EEM,2.3983304500579834
2026-03-30,EEM,2.430382490158081
2026-03-31,EEM,2.3556714057922363
2026-04-01,EEM,2.3098597526550293
2026-04-02,EEM,2.2847487926483154
2026-04-06,EEM,2.292773962020874
2026-04-07,EEM,2.2987422943115234
2026-04-08,EEM,2.128166913986206
2026-04-09,EEM,2.1250288486480713
2026-04-10,EEM,2.1330461502075195
2026-04-13,EEM,2.142753839492798
2026-04-14,EEM,2.1384785175323486
2026-04-15,EEM,2.1479921340942383
2026-04-16,EEM,2.162132978439331
2026-04-17,EEM,2.1599714756011963
2026-04-20,EEM,2.1665103435516357
2026-04-21,EEM,2.1655807495117188
2026-04-22,EEM,2.1655828952789307
2026-04-23,EEM,2.1575491428375244
2026-04-24,EEM,2.147777795791626
2026-04-27,EEM,2.1571805477142334
2026-04-28,EEM,2.162198781967163
2026-04-29,EEM,2.173262596130371
2025-12-23,UNH,1.2824825048446655
2025-12-24,UNH,1.29966139793396
2025-12-26,UNH,1.29810631275177
2025-12-29,UNH,1.293792486190796
2025-12-30,UNH,1.299562931060791
2025-12-31,UNH,1.3016345500946045
2026-01-02,UNH,1.3082249164581299
2026-01-05,UNH,1.3067922592163086
2026-01-06,UNH,1.3034802675247192
2026-01-07,UNH,1.2972570657730103
2026-01-08,UNH,1.309699535369873
2026-01-09,UNH,1.3131362199783325
2026-01-12,UNH,1.3224232196807861
2026-01-13,UNH,1.3268451690673828
2026-01-14,UNH,1.3405756950378418
2026-01-15,UNH,1.347548484802246
2026-01-16,UNH,1.3446011543273926
2026-01-20,UNH,1.3599801063537598
2026-01-21,UNH,1.3503018617630005
2026-01-22,UNH,1.3443349599838257
2026-01-23,UNH,1.3452318906784058
2026-01-26,UNH,1.3471020460128784
2026-01-27,UNH,1.0073418617248535
2026-01-28,UNH,1.0612024068832397
2026-01-29,UNH,1.0862659215927124
2026-01-30,UNH,1.1027437448501587
2026-02-02,UNH,1.1143213510513306
2026-02-03,UNH,1.118141770362854
2026-02-04,UNH,1.115702748298645
2026-02-05,UNH,1.1210919618606567
2026-02-06,UNH,1.1164038181304932
2026-02-09,UNH,1.1092602014541626
2026-02-10,UNH,1.110221266746521
2026-02-11,UNH,1.1084948778152466
2026-02-12,UNH,1.0994912385940552
2026-02-13,UNH,1.0848060846328735
2026-02-17,UNH,1.064681053161621
2026-02-18,UNH,1.0660189390182495
2026-02-19,UNH,1.0692545175552368
2026-02-20,UNH,1.0726475715637207
2026-02-23,UNH,1.0719151496887207
2026-02-24,UNH,1.0773661136627197
2026-02-25,UNH,1.0942081212997437
2026-02-26,UNH,1.086219072341919
2026-02-27,UNH,1.0836987495422363
2026-03-02,UNH,1.0847396850585938
2026-03-03,UNH,1.0858372449874878
2026-03-04,UNH,1.0933969020843506
2026-03-05,UNH,1.098608136177063
2026-03-06,UNH,1.1054984331130981
2026-03-09,UNH,1.1125441789627075
2026-03-10,UNH,1.1174302101135254
2026-03-11,UNH,1.1280534267425537
2026-03-12,UNH,1.1245262622833252
2026-03-13,UNH,1.1552598476409912
2026-03-16,UNH,1.1502745151519775
2026-03-17,UNH,1.1460515260696411
2026-03-18,UNH,1.14762282371521
2026-03-19,UNH,1.1532765626907349
2026-03-20,UNH,1.1738290786743164
2026-03-23,UNH,1.2071791887283325
2026-03-24,UNH,1.2395113706588745
2026-03-25,UNH,1.2521165609359741
2026-03-26,UNH,1.2664893865585327
2026-03-27,UNH,1.2764004468917847
2026-03-30,UNH,1.2936269044876099
2026-03-31,UNH,1.265217900276184
2026-04-01,UNH,1.2323600053787231
2026-04-02,UNH,1.2112120389938354
2026-04-06,UNH,1.2003456354141235
2026-04-07,UNH,1.1242846250534058
2026-04-08,UNH,1.1177141666412354
2026-04-09,UNH,1.1210973262786865
2026-04-10,UNH,1.1259273290634155
2026-04-13,UNH,1.1288502216339111
2026-04-14,UNH,1.1341253519058228
2026-04-15,UNH,1.1421374082565308
2026-04-16,UNH,1.1496448516845703
2026-04-17,UNH,1.1511809825897217
2026-04-20,UNH,1.1572222709655762
2026-04-21,UNH,1.1250463724136353
2026-04-22,UNH,1.1258091926574707
2026-04-23,UNH,1.1310811042785645
2026-04-24,UNH,1.1374585628509521
2026-04-27,UNH,1.1444517374038696
2026-04-28,UNH,1.1434195041656494
2026-04-29,UNH,1.1480960845947266
2025-12-23,NVDA,1.252882719039917
2025-12-24,NVDA,1.2480894327163696
2025-12-26,NVDA,1.2532110214233398
2025-12-29,NVDA,1.2551381587982178
2025-12-30,NVDA,1.2643566131591797
2025-12-31,NVDA,1.27242910861969
2026-01-02,NVDA,1.2794255018234253
2026-01-05,NVDA,1.2860703468322754
2026-01-06,NVDA,1.2934727668762207
2026-01-07,NVDA,1.3000816106796265
2026-01-08,NVDA,1.3000555038452148
2026-01-09,NVDA,1.3077549934387207
2026-01-12,NVDA,1.31732976436615
2026-01-13,NVDA,1.330243706703186
2026-01-14,NVDA,1.3352270126342773
2026-01-15,NVDA,1.352723240852356
2026-01-16,NVDA,1.347602128982544
2026-01-20,NVDA,1.3250672817230225
2026-01-21,NVDA,1.361886739730835
2026-01-22,NVDA,1.3556721210479736
2026-01-23,NVDA,1.3465709686279297
2026-01-26,NVDA,1.340577244758606
2026-01-27,NVDA,1.3435254096984863
2026-01-28,NVDA,1.348613977432251
2026-01-29,NVDA,1.3496205806732178
2026-01-30,NVDA,1.3521398305892944
2026-02-02,NVDA,1.3485356569290161
2026-02-03,NVDA,1.3491088151931763
2026-02-04,NVDA,1.3831183910369873
2026-02-05,NVDA,1.4338762760162354
2026-02-06,NVDA,1.35616135597229
2026-02-09,NVDA,1.307399034500122
2026-02-10,NVDA,1.2942097187042236
2026-02-11,NVDA,1.29439115524292
2026-02-12,NVDA,1.2941217422485352
2026-02-13,NVDA,1.2912770509719849
2026-02-17,NVDA,1.3034913539886475
2026-02-18,NVDA,1.3068411350250244
2026-02-19,NVDA,1.3117384910583496
2026-02-20,NVDA,1.3165711164474487
2026-02-23,NVDA,1.32212495803833
2026-02-24,NVDA,1.3290305137634277
2026-02-25,NVDA,1.3349515199661255
2026-02-26,NVDA,1.2969856262207031
2026-02-27,NVDA,1.2924704551696777
2026-03-02,NVDA,1.3189237117767334
2026-03-03,NVDA,1.3131628036499023
2026-03-04,NVDA,1.3227367401123047
2026-03-05,NVDA,1.3204216957092285
2026-03-06,NVDA,1.3112809658050537
2026-03-09,NVDA,1.3288331031799316
2026-03-10,NVDA,1.3234684467315674
2026-03-11,NVDA,1.3217449188232422
2026-03-12,NVDA,1.319417953491211
2026-03-13,NVDA,1.3271392583847046
2026-03-16,NVDA,1.3444308042526245
2026-03-17,NVDA,1.3449625968933105
2026-03-18,NVDA,1.3438233137130737
2026-03-19,NVDA,1.3536105155944824
2026-03-20,NVDA,1.35914945602417
2026-03-23,NVDA,1.3904110193252563
2026-03-24,NVDA,1.39537513256073
2026-03-25,NVDA,1.3958803415298462
2026-03-26,NVDA,1.362795352935791
2026-03-27,NVDA,1.3985568284988403
2026-03-30,NVDA,1.4265691041946411
2026-03-31,NVDA,1.3862615823745728
2026-04-01,NVDA,1.3528058528900146
2026-04-02,NVDA,1.3391988277435303
2026-04-06,NVDA,1.335013747215271
2026-04-07,NVDA,1.33676016330719
2026-04-08,NVDA,1.3331958055496216
2026-04-09,NVDA,1.3388535976409912
2026-04-10,NVDA,1.3392294645309448
2026-04-13,NVDA,1.3421090841293335
2026-04-14,NVDA,1.332405686378479
2026-04-15,NVDA,1.334855318069458
2026-04-16,NVDA,1.3403615951538086
2026-04-17,NVDA,1.3472981452941895
2026-04-20,NVDA,1.3556498289108276
2026-04-21,NVDA,1.3619877099990845
2026-04-22,NVDA,1.3700810670852661
2026-04-23,NVDA,1.374086618423462
2026-04-24,NVDA,1.3581342697143555
2026-04-27,NVDA,1.3452739715576172
2026-04-28,NVDA,1.3453044891357422
2026-04-29,NVDA,1.3480268716812134
2025-12-23,JPM,2.188556432723999
2025-12-24,JPM,2.1932899951934814
2025-12-26,JPM,2.197723627090454
2025-12-29,JPM,2.1974809169769287
2025-12-30,JPM,2.2170052528381348
2025-12-31,JPM,2.2313883304595947
2026-01-02,JPM,2.2440154552459717
2026-01-05,JPM,2.219745397567749
2026-01-06,JPM,2.221092462539673
2026-01-07,JPM,2.1904001235961914
2026-01-08,JPM,2.209933042526245
2026-01-09,JPM,2.2205100059509277
2026-01-12,JPM,2.2169249057769775
2026-01-13,JPM,2.1298184394836426
2026-01-14,JPM,2.200296401977539
2026-01-15,JPM,2.245990514755249
2026-01-16,JPM,2.256183385848999
2026-01-20,JPM,2.2086880207061768
2026-01-21,JPM,2.2602128982543945
2026-01-22,JPM,2.2766366004943848
2026-01-23,JPM,2.264836311340332
2026-01-26,JPM,2.2828519344329834
2026-01-27,JPM,2.280604839324951
2026-01-28,JPM,2.2798588275909424
2026-01-29,JPM,2.2506399154663086
2026-01-30,JPM,2.226140022277832
2026-02-02,JPM,2.218234062194824
2026-02-03,JPM,2.1776719093322754
2026-02-04,JPM,2.166536569595337
2026-02-05,JPM,2.1421875953674316
2026-02-06,JPM,2.078904390335083
2026-02-09,JPM,2.0846643447875977
2026-02-10,JPM,2.084749221801758
2026-02-11,JPM,2.068647623062134
2026-02-12,JPM,2.0471184253692627
2026-02-13,JPM,2.0844969749450684
2026-02-17,JPM,2.096505641937256
2026-02-18,JPM,2.093428134918213
2026-02-19,JPM,2.0978004932403564
2026-02-20,JPM,2.1076550483703613
2026-02-23,JPM,2.021497964859009
2026-02-24,JPM,2.0868778228759766
2026-02-25,JPM,2.0951719284057617
2026-02-26,JPM,2.079983711242676
2026-02-27,JPM,2.054279088973999
2026-03-02,JPM,2.0912344455718994
2026-03-03,JPM,2.1101431846618652
2026-03-04,JPM,2.1020920276641846
2026-03-05,JPM,2.0979843139648438
2026-03-06,JPM,2.135308265686035
2026-03-09,JPM,2.1698286533355713
2026-03-10,JPM,2.193612813949585
2026-03-11,JPM,2.2250864505767822
2026-03-12,JPM,2.2411129474639893
2026-03-13,JPM,2.2630300521850586
2026-03-16,JPM,2.2495365142822266
2026-03-17,JPM,2.2309508323669434
2026-03-18,JPM,2.2199594974517822
2026-03-19,JPM,2.2077128887176514
2026-03-20,JPM,2.204130172729492
2026-03-23,JPM,2.205744981765747
2026-03-24,JPM,2.1932790279388428
2026-03-25,JPM,2.168365001678467
2026-03-26,JPM,2.1613669395446777
2026-03-27,JPM,2.120072603225708
2026-03-30,JPM,2.1884777545928955
2026-03-31,JPM,2.1364529132843018
2026-04-01,JPM,2.1077282428741455
2026-04-02,JPM,2.101423978805542
2026-04-06,JPM,2.108478307723999
2026-04-07,JPM,2.113703489303589
2026-04-08,JPM,2.062307596206665
2026-04-09,JPM,2.0624265670776367
2026-04-10,JPM,2.070366144180298
2026-04-13,JPM,2.0782289505004883
2026-04-14,JPM,2.083340883255005
2026-04-15,JPM,2.0837132930755615
2026-04-16,JPM,2.0956177711486816
2026-04-17,JPM,2.1066696643829346
2026-04-20,JPM,2.0969786643981934
2026-04-21,JPM,2.0957655906677246
2026-04-22,JPM,2.1103692054748535
2026-04-23,JPM,2.12099552154541
2026-04-24,JPM,2.125415325164795
2026-04-27,JPM,2.1347925662994385
2026-04-28,JPM,2.1480531692504883
2026-04-29,JPM,2.1577398777008057
2025-12-23,IWM,2.4153478145599365
2025-12-24,IWM,2.4360997676849365
2025-12-26,IWM,2.444465398788452
2025-12-29,IWM,2.457887649536133
2025-12-30,IWM,2.4743478298187256
2025-12-31,IWM,2.523703098297119
2026-01-02,IWM,2.5680325031280518
2026-01-05,IWM,2.532496929168701
2026-01-06,IWM,2.494967222213745
2026-01-07,IWM,2.484769821166992
2026-01-08,IWM,2.491267442703247
2026-01-09,IWM,2.495579481124878
2026-01-12,IWM,2.5040459632873535
2026-01-13,IWM,2.5133159160614014
2026-01-14,IWM,2.5278594493865967
2026-01-15,IWM,2.538334369659424
2026-01-16,IWM,2.5514461994171143
2026-01-20,IWM,2.5497210025787354
2026-01-21,IWM,2.5398621559143066
2026-01-22,IWM,2.5481581687927246
2026-01-23,IWM,2.522430181503296
2026-01-26,IWM,2.541224479675293
2026-01-27,IWM,2.55968976020813
2026-01-28,IWM,2.568877935409546
2026-01-29,IWM,2.5881800651550293
2026-01-30,IWM,2.5808863639831543
2026-02-02,IWM,2.614126205444336
2026-02-03,IWM,2.6184194087982178
2026-02-04,IWM,2.6141092777252197
2026-02-05,IWM,2.621273994445801
2026-02-06,IWM,2.572669506072998
2026-02-09,IWM,2.529049873352051
2026-02-10,IWM,2.516885280609131
2026-02-11,IWM,2.5247647762298584
2026-02-12,IWM,2.482600212097168
2026-02-13,IWM,2.525219202041626
2026-02-17,IWM,2.520458459854126
2026-02-18,IWM,2.5288586616516113
2026-02-19,IWM,2.537428855895996
2026-02-20,IWM,2.548635721206665
2026-02-23,IWM,2.5306146144866943
2026-02-24,IWM,2.5670762062072754
2026-02-25,IWM,2.5650687217712402
2026-02-26,IWM,2.573082447052002
2026-02-27,IWM,2.546412944793701
2026-03-02,IWM,2.5791475772857666
2026-03-03,IWM,2.5433013439178467
2026-03-04,IWM,2.5966906547546387
2026-03-05,IWM,2.551663637161255
2026-03-06,IWM,2.5837342739105225
2026-03-09,IWM,2.643734931945801
2026-03-10,IWM,2.6581525802612305
2026-03-11,IWM,2.6772758960723877
2026-03-12,IWM,2.660827875137329
2026-03-13,IWM,2.707923173904419
2026-03-16,IWM,2.704859495162964
2026-03-17,IWM,2.68279767036438
2026-03-18,IWM,2.6520891189575195
2026-03-19,IWM,2.6724698543548584
2026-03-20,IWM,2.6302130222320557
2026-03-23,IWM,2.6115291118621826
2026-03-24,IWM,2.5765628814697266
2026-03-25,IWM,2.5453219413757324
2026-03-26,IWM,2.488801956176758
2026-03-27,IWM,2.4876835346221924
2026-03-30,IWM,2.527751922607422
2026-03-31,IWM,2.470876693725586
2026-04-01,IWM,2.423292875289917
2026-04-02,IWM,2.408658742904663
2026-04-06,IWM,2.4126803874969482
2026-04-07,IWM,2.4217584133148193
2026-04-08,IWM,2.3713386058807373
2026-04-09,IWM,2.3690237998962402
2026-04-10,IWM,2.3752224445343018
2026-04-13,IWM,2.378793954849243
2026-04-14,IWM,2.378864288330078
2026-04-15,IWM,2.3903491497039795
2026-04-16,IWM,2.4056761264801025
2026-04-17,IWM,2.391303300857544
2026-04-20,IWM,2.4021897315979004
2026-04-21,IWM,2.4047582149505615
2026-04-22,IWM,2.420210838317871
2026-04-23,IWM,2.4325335025787354
2026-04-24,IWM,2.44687819480896
2026-04-27,IWM,2.4613139629364014
2026-04-28,IWM,2.460979461669922
2026-04-29,IWM,2.4715917110443115
2025-12-23,GLD,2.55942964553833
2025-12-24,GLD,2.5640363693237305
2025-12-26,GLD,2.5745468139648438
2025-12-29,GLD,2.3940930366516113
2025-12-30,GLD,2.4219584465026855
2025-12-31,GLD,2.4344429969787598
2026-01-02,GLD,2.4613068103790283
2026-01-05,GLD,2.434324264526367
2026-01-06,GLD,2.4264018535614014
2026-01-07,GLD,2.416518211364746
2026-01-08,GLD,2.4358415603637695
2026-01-09,GLD,2.447659492492676
2026-01-12,GLD,2.4392261505126953
2026-01-13,GLD,2.4447829723358154
2026-01-14,GLD,2.4565045833587646
2026-01-15,GLD,2.459486484527588
2026-01-16,GLD,2.4722654819488525
2026-01-20,GLD,2.390725612640381
2026-01-21,GLD,2.384209632873535
2026-01-22,GLD,2.3755176067352295
2026-01-23,GLD,2.3782958984375
2026-01-26,GLD,2.3818106651306152
2026-01-27,GLD,2.361330509185791
2026-01-28,GLD,2.2856576442718506
2026-01-29,GLD,2.296149730682373
2026-01-30,GLD,1.7705470323562622
2026-02-02,GLD,1.7325918674468994
2026-02-03,GLD,1.6578280925750732
2026-02-04,GLD,1.6589607000350952
2026-02-05,GLD,1.643511176109314
2026-02-06,GLD,1.6388187408447266
2026-02-09,GLD,1.6316180229187012
2026-02-10,GLD,1.6322128772735596
2026-02-11,GLD,1.6417509317398071
2026-02-12,GLD,1.6130636930465698
2026-02-13,GLD,1.6171587705612183
2026-02-17,GLD,1.5935879945755005
2026-02-18,GLD,1.605271339416504
2026-02-19,GLD,1.612369179725647
2026-02-20,GLD,1.6071786880493164
2026-02-23,GLD,1.5975366830825806
2026-02-24,GLD,1.5991401672363281
2026-02-25,GLD,1.6089357137680054
2026-02-26,GLD,1.6185295581817627
2026-02-27,GLD,1.6262054443359375
2026-03-02,GLD,1.63076651096344
2026-03-03,GLD,1.5803875923156738
2026-03-04,GLD,1.5953449010849
2026-03-05,GLD,1.6003268957138062
2026-03-06,GLD,1.610376238822937
2026-03-09,GLD,1.6167287826538086
2026-03-10,GLD,1.6255428791046143
2026-03-11,GLD,1.631341576576233
2026-03-12,GLD,1.6275538206100464
2026-03-13,GLD,1.6411502361297607
2026-03-16,GLD,1.6683326959609985
2026-03-17,GLD,1.6871050596237183
2026-03-18,GLD,1.6857314109802246
2026-03-19,GLD,1.6878565549850464
2026-03-20,GLD,1.7069612741470337
2026-03-23,GLD,1.7294470071792603
2026-03-24,GLD,1.752708911895752
2026-03-25,GLD,1.7281466722488403
2026-03-26,GLD,1.6837522983551025
2026-03-27,GLD,1.6544030904769897
2026-03-30,GLD,1.6292167901992798
2026-03-31,GLD,1.58767831325531
2026-04-01,GLD,1.5642106533050537
2026-04-02,GLD,1.544921875
2026-04-06,GLD,1.5519250631332397
2026-04-07,GLD,1.5604455471038818
2026-04-08,GLD,1.5621860027313232
2026-04-09,GLD,1.564058780670166
2026-04-10,GLD,1.5699717998504639
2026-04-13,GLD,1.5782791376113892
2026-04-14,GLD,1.5772738456726074
2026-04-15,GLD,1.583720088005066
2026-04-16,GLD,1.5943498611450195
2026-04-17,GLD,1.60166335105896
2026-04-20,GLD,1.6061525344848633
2026-04-21,GLD,1.5934040546417236
2026-04-22,GLD,1.6156411170959473
2026-04-23,GLD,1.6174829006195068
2026-04-24,GLD,1.6305902004241943
2026-04-27,GLD,1.6356756687164307
2026-04-28,GLD,1.6528886556625366
2026-04-29,GLD,1.703353762626648
2025-12-23,USDINR=X,10.754555702209473
2025-12-24,USDINR=X,10.875691413879395
2025-12-26,USDINR=X,10.734030723571777
2025-12-29,USDINR=X,10.557016372680664
2025-12-30,USDINR=X,10.624435424804688
2025-12-31,USDINR=X,10.630990028381348
2026-01-02,USDINR=X,10.711466789245605
2026-01-05,USDINR=X,10.720370292663574
2026-01-06,USDINR=X,10.742293357849121
2026-01-07,USDINR=X,10.762195587158203
2026-01-08,USDINR=X,10.722076416015625
2026-01-09,USDINR=X,10.82873249053955
2026-01-12,USDINR=X,10.814285278320312
2026-01-13,USDINR=X,10.776418685913086
2026-01-14,USDINR=X,10.822105407714844
2026-01-15,USDINR=X,10.85660457611084
2026-01-16,USDINR=X,10.911903381347656
2026-01-19,USDINR=X,10.900090217590332
2026-01-20,USDINR=X,10.896233558654785
2026-01-21,USDINR=X,10.910117149353027
2026-01-22,USDINR=X,10.834745407104492
2026-01-23,USDINR=X,10.875544548034668
2026-01-26,USDINR=X,10.929159164428711
2026-01-27,USDINR=X,10.989958763122559
2026-01-28,USDINR=X,11.0109224319458
2026-01-29,USDINR=X,10.910513877868652
2026-01-30,USDINR=X,10.874198913574219
2026-02-02,USDINR=X,10.93768310546875
2026-02-03,USDINR=X,9.416903495788574
2026-02-04,USDINR=X,9.611017227172852
2026-02-05,USDINR=X,9.62187671661377
2026-02-06,USDINR=X,9.74787425994873
2026-02-09,USDINR=X,9.754883766174316
2026-02-10,USDINR=X,9.726776123046875
2026-02-11,USDINR=X,9.667498588562012
2026-02-12,USDINR=X,9.750821113586426
2026-02-13,USDINR=X,9.75039291381836
2026-02-16,USDINR=X,9.840943336486816
2026-02-17,USDINR=X,9.890101432800293
2026-02-18,USDINR=X,9.878875732421875
2026-02-19,USDINR=X,9.951557159423828
2026-02-20,USDINR=X,9.961085319519043
2026-02-23,USDINR=X,9.829678535461426
2026-02-24,USDINR=X,9.872589111328125
2026-02-25,USDINR=X,9.883163452148438
2026-02-26,USDINR=X,9.941990852355957
2026-02-27,USDINR=X,10.002337455749512
2026-03-02,USDINR=X,10.063983917236328
2026-03-03,USDINR=X,9.989761352539062
2026-03-04,USDINR=X,9.887561798095703
2026-03-05,USDINR=X,9.910778999328613
2026-03-06,USDINR=X,9.855293273925781
2026-03-09,USDINR=X,9.93113899230957
2026-03-10,USDINR=X,9.614920616149902
2026-03-11,USDINR=X,9.269431114196777
2026-03-12,USDINR=X,9.275712013244629
2026-03-13,USDINR=X,9.312111854553223
2026-03-16,USDINR=X,9.357682228088379
2026-03-17,USDINR=X,9.349615097045898
2026-03-18,USDINR=X,9.419719696044922
2026-03-19,USDINR=X,9.130342483520508
2026-03-20,USDINR=X,9.122274398803711
2026-03-23,USDINR=X,8.907984733581543
2026-03-24,USDINR=X,8.698529243469238
2026-03-25,USDINR=X,8.368203163146973
2026-03-26,USDINR=X,8.347945213317871
2026-03-27,USDINR=X,8.303772926330566
2026-03-30,USDINR=X,8.309176445007324
2026-03-31,USDINR=X,8.26456069946289
2026-04-01,USDINR=X,8.026362419128418
2026-04-02,USDINR=X,7.833614826202393
2026-04-03,USDINR=X,7.920745849609375
2026-04-06,USDINR=X,7.954615592956543
2026-04-07,USDINR=X,7.983587265014648
2026-04-08,USDINR=X,8.062639236450195
2026-04-09,USDINR=X,7.997934818267822
2026-04-10,USDINR=X,8.125794410705566
2026-04-13,USDINR=X,7.066497802734375
2026-04-14,USDINR=X,6.953467845916748
2026-04-15,USDINR=X,6.312525749206543
2026-04-16,USDINR=X,6.377389907836914
2026-04-17,USDINR=X,6.383063793182373
2026-04-20,USDINR=X,6.413970947265625
2026-04-21,USDINR=X,6.47650146484375
2026-04-22,USDINR=X,6.44212532043457
2026-04-23,USDINR=X,6.428045749664307
2026-04-24,USDINR=X,6.438292503356934
2026-04-27,USDINR=X,6.464540958404541
2026-04-28,USDINR=X,6.490328788757324
2026-04-29,USDINR=X,6.507476329803467
2025-12-23,AMZN,1.5641521215438843
2025-12-24,AMZN,1.5641058683395386
2025-12-26,AMZN,1.570709228515625
2025-12-29,AMZN,1.578418254852295
2025-12-30,AMZN,1.587025761604309
2025-12-31,AMZN,1.5943171977996826
2026-01-02,AMZN,1.5920958518981934
2026-01-05,AMZN,1.596196174621582
2026-01-06,AMZN,1.5771325826644897
2026-01-07,AMZN,1.5746502876281738
2026-01-08,AMZN,1.5752205848693848
2026-01-09,AMZN,1.5807994604110718
2026-01-12,AMZN,1.5883572101593018
2026-01-13,AMZN,1.5917863845825195
2026-01-14,AMZN,1.590255856513977
2026-01-15,AMZN,1.6047508716583252
2026-01-16,AMZN,1.6149836778640747
2026-01-20,AMZN,1.5922998189926147
2026-01-21,AMZN,1.6187248229980469
2026-01-22,AMZN,1.6311604976654053
2026-01-23,AMZN,1.6234028339385986
2026-01-26,AMZN,1.6236032247543335
2026-01-27,AMZN,1.6192070245742798
2026-01-28,AMZN,1.6194233894348145
2026-01-29,AMZN,1.628501534461975
2026-01-30,AMZN,1.6347519159317017
2026-02-02,AMZN,1.6430386304855347
2026-02-03,AMZN,1.6362073421478271
2026-02-04,AMZN,1.6351561546325684
2026-02-05,AMZN,1.6356405019760132
2026-02-06,AMZN,1.6380586624145508
2026-02-09,AMZN,1.7018640041351318
2026-02-10,AMZN,1.737187147140503
2026-02-11,AMZN,1.755702018737793
2026-02-12,AMZN,1.7639695405960083
2026-02-13,AMZN,1.7771247625350952
2026-02-17,AMZN,1.7672840356826782
2026-02-18,AMZN,1.7364200353622437
2026-02-19,AMZN,1.7124325037002563
2026-02-20,AMZN,1.6745469570159912
2026-02-23,AMZN,1.6443345546722412
2026-02-24,AMZN,1.6397979259490967
2026-02-25,AMZN,1.6279420852661133
2026-02-26,AMZN,1.6165950298309326
2026-02-27,AMZN,1.6104180812835693
2026-03-02,AMZN,1.6067599058151245
2026-03-03,AMZN,1.6155294179916382
2026-03-04,AMZN,1.5874539613723755
2026-03-05,AMZN,1.5939621925354004
2026-03-06,AMZN,1.5790791511535645
2026-03-09,AMZN,1.5941202640533447
2026-03-10,AMZN,1.604662299156189
2026-03-11,AMZN,1.610123872756958
2026-03-12,AMZN,1.6177699565887451
2026-03-13,AMZN,1.6314136981964111
2026-03-16,AMZN,1.6446350812911987
2026-03-17,AMZN,1.640302300453186
2026-03-18,AMZN,1.6205941438674927
2026-03-19,AMZN,1.6399544477462769
2026-03-20,AMZN,1.654768705368042
2026-03-23,AMZN,1.6732784509658813
2026-03-24,AMZN,1.6563676595687866
2026-03-25,AMZN,1.6701401472091675
2026-03-26,AMZN,1.643272876739502
2026-03-27,AMZN,1.6358988285064697
2026-03-30,AMZN,1.6890240907669067
2026-03-31,AMZN,1.6612343788146973
2026-04-01,AMZN,1.6283683776855469
2026-04-02,AMZN,1.6165642738342285
2026-04-06,AMZN,1.6147209405899048
2026-04-07,AMZN,1.6190556287765503
2026-04-08,AMZN,1.5997217893600464
2026-04-09,AMZN,1.532435417175293
2026-04-10,AMZN,1.5275261402130127
2026-04-13,AMZN,1.5333282947540283
2026-04-14,AMZN,1.5154532194137573
2026-04-15,AMZN,1.5225892066955566
2026-04-16,AMZN,1.5334924459457397
2026-04-17,AMZN,1.5442882776260376
2026-04-20,AMZN,1.5528149604797363
2026-04-21,AMZN,1.563096046447754
2026-04-22,AMZN,1.563631296157837
2026-04-23,AMZN,1.5717960596084595
2026-04-24,AMZN,1.557031273841858
2026-04-27,AMZN,1.561362862586975
2026-04-28,AMZN,1.5704232454299927
2026-04-29,AMZN,1.5775599479675293
