time,symbol,weight
2025-02-24,HDFCBANK.NS,4.240164279937744
2025-02-25,HDFCBANK.NS,-4.513523578643799
2025-02-27,HDFCBANK.NS,-1.1210696697235107
2025-02-28,HDFCBANK.NS,1.8729732036590576
2025-03-03,HDFCBANK.NS,1.7894805669784546
2025-03-04,HDFCBANK.NS,-1.4548964500427246
2025-03-05,HDFCBANK.NS,-4.5169243812561035
2025-03-06,HDFCBANK.NS,-2.557835578918457
2025-03-07,HDFCBANK.NS,1.7921562194824219
2025-03-10,HDFCBANK.NS,-2.4259493350982666
2025-03-11,HDFCBANK.NS,1.3902599811553955
2025-03-12,HDFCBANK.NS,4.995580673217773
2025-03-13,HDFCBANK.NS,5.071932315826416
2025-03-17,HDFCBANK.NS,1.1059447526931763
2025-03-18,HDFCBANK.NS,-2.9989497661590576
2025-03-19,HDFCBANK.NS,-4.163772106170654
2025-03-20,HDFCBANK.NS,4.430269241333008
2025-03-21,HDFCBANK.NS,4.153833389282227
2025-03-24,HDFCBANK.NS,2.5213701725006104
2025-03-25,HDFCBANK.NS,3.263206958770752
2025-03-26,HDFCBANK.NS,2.814781904220581
2025-03-27,HDFCBANK.NS,-2.1763195991516113
2025-03-28,HDFCBANK.NS,3.307501792907715
2025-04-01,HDFCBANK.NS,3.455869674682617
2025-04-02,HDFCBANK.NS,-2.0155255794525146
2025-04-03,HDFCBANK.NS,-4.082155227661133
2025-04-04,HDFCBANK.NS,-6.375433444976807
2025-04-07,HDFCBANK.NS,2.0039894580841064
2025-04-08,HDFCBANK.NS,2.5965378284454346
2025-04-09,HDFCBANK.NS,5.698267936706543
2025-04-11,HDFCBANK.NS,6.01575231552124
2025-04-15,HDFCBANK.NS,-4.076779365539551
2025-04-16,HDFCBANK.NS,-1.6638671159744263
2025-04-17,HDFCBANK.NS,-0.8958284258842468
2025-04-21,HDFCBANK.NS,-4.367537021636963
2025-04-22,HDFCBANK.NS,3.580024480819702
2025-04-23,HDFCBANK.NS,0.9473356604576111
2025-04-24,HDFCBANK.NS,5.093409538269043
2025-04-25,HDFCBANK.NS,2.523003101348877
2025-04-28,HDFCBANK.NS,2.061824321746826
2025-04-29,HDFCBANK.NS,2.736616373062134
2025-04-30,HDFCBANK.NS,-1.9433296918869019
2025-05-02,HDFCBANK.NS,3.5875096321105957
2025-05-05,HDFCBANK.NS,2.7363264560699463
2025-05-06,HDFCBANK.NS,3.4223716259002686
2025-05-07,HDFCBANK.NS,2.8396058082580566
2025-05-08,HDFCBANK.NS,0.051620714366436005
2025-05-09,HDFCBANK.NS,0.1258324533700943
2025-05-12,HDFCBANK.NS,5.737909317016602
2025-05-13,HDFCBANK.NS,0.6481229662895203
2025-05-14,HDFCBANK.NS,2.354353427886963
2025-05-15,HDFCBANK.NS,3.5655806064605713
2025-05-16,HDFCBANK.NS,1.6283323764801025
2025-05-19,HDFCBANK.NS,3.092041492462158
2025-05-20,HDFCBANK.NS,1.884200930595398
2025-05-21,HDFCBANK.NS,3.190948963165283
2025-05-22,HDFCBANK.NS,4.468456268310547
2025-05-23,HDFCBANK.NS,3.421332836151123
2025-05-26,HDFCBANK.NS,2.896181583404541
2025-05-27,HDFCBANK.NS,-0.35984960198402405
2025-05-28,HDFCBANK.NS,-2.025134325027466
2025-05-29,HDFCBANK.NS,-3.7831599712371826
2025-05-30,HDFCBANK.NS,2.018789291381836
2025-06-02,HDFCBANK.NS,-2.332277774810791
2025-06-03,HDFCBANK.NS,1.8875313997268677
2025-06-04,HDFCBANK.NS,3.5575406551361084
2025-06-05,HDFCBANK.NS,-4.009460926055908
2025-06-06,HDFCBANK.NS,-0.5187841653823853
2025-06-09,HDFCBANK.NS,-3.679565668106079
2025-06-10,HDFCBANK.NS,3.0449039936065674
2025-06-11,HDFCBANK.NS,3.0803418159484863
2025-06-12,HDFCBANK.NS,5.849900722503662
2025-06-13,HDFCBANK.NS,2.706068754196167
2025-06-16,HDFCBANK.NS,2.748142957687378
2025-06-17,HDFCBANK.NS,-0.6914936900138855
2025-06-18,HDFCBANK.NS,0.34477877616882324
2025-06-19,HDFCBANK.NS,-6.362423419952393
2025-06-20,HDFCBANK.NS,-5.626672267913818
2025-06-23,HDFCBANK.NS,2.03694748878479
2025-06-24,HDFCBANK.NS,0.2847413718700409
2025-06-25,HDFCBANK.NS,-0.752980649471283
2025-06-26,HDFCBANK.NS,0.7749835848808289
2025-06-27,HDFCBANK.NS,0.923466682434082
2025-02-24,RELIANCE.NS,-0.6126503348350525
2025-02-25,RELIANCE.NS,-3.934756278991699
2025-02-27,RELIANCE.NS,-4.510899066925049
2025-02-28,RELIANCE.NS,-3.009016275405884
2025-03-03,RELIANCE.NS,-4.875055313110352
2025-03-04,RELIANCE.NS,0.8278321623802185
2025-03-05,RELIANCE.NS,0.18119072914123535
2025-03-06,RELIANCE.NS,0.9143728613853455
2025-03-07,RELIANCE.NS,1.4098697900772095
2025-03-10,RELIANCE.NS,2.0410385131835938
2025-03-11,RELIANCE.NS,3.7923190593719482
2025-03-12,RELIANCE.NS,5.380156993865967
2025-03-13,RELIANCE.NS,2.3883659839630127
2025-03-17,RELIANCE.NS,2.1889231204986572
2025-03-18,RELIANCE.NS,3.31209135055542
2025-03-19,RELIANCE.NS,3.364000082015991
2025-03-20,RELIANCE.NS,2.8617022037506104
2025-03-21,RELIANCE.NS,2.404540538787842
2025-03-24,RELIANCE.NS,3.052957534790039
2025-03-25,RELIANCE.NS,3.101693868637085
2025-03-26,RELIANCE.NS,3.559299945831299
2025-03-27,RELIANCE.NS,0.34548693895339966
2025-03-28,RELIANCE.NS,4.063424587249756
2025-04-01,RELIANCE.NS,-0.8727418184280396
2025-04-02,RELIANCE.NS,2.462052822113037
2025-04-03,RELIANCE.NS,-4.524111270904541
2025-04-04,RELIANCE.NS,0.5146849155426025
2025-04-07,RELIANCE.NS,-1.1046260595321655
2025-04-08,RELIANCE.NS,2.68733549118042
2025-04-09,RELIANCE.NS,2.8356211185455322
2025-04-11,RELIANCE.NS,1.894403338432312
2025-04-15,RELIANCE.NS,-1.4983088970184326
2025-04-16,RELIANCE.NS,1.2580682039260864
2025-04-17,RELIANCE.NS,1.411463737487793
2025-04-21,RELIANCE.NS,0.07333215326070786
2025-04-22,RELIANCE.NS,1.96760892868042
2025-04-23,RELIANCE.NS,2.0725760459899902
2025-04-24,RELIANCE.NS,4.941590309143066
2025-04-25,RELIANCE.NS,3.3202099800109863
2025-04-28,RELIANCE.NS,-1.115395426750183
2025-04-29,RELIANCE.NS,3.285933494567871
2025-04-30,RELIANCE.NS,2.7675528526306152
2025-05-02,RELIANCE.NS,1.767854928970337
2025-05-05,RELIANCE.NS,-3.6212542057037354
2025-05-06,RELIANCE.NS,-3.7950735092163086
2025-05-07,RELIANCE.NS,2.492873430252075
2025-05-08,RELIANCE.NS,1.9746156930923462
2025-05-09,RELIANCE.NS,2.805168390274048
2025-05-12,RELIANCE.NS,2.8592207431793213
2025-05-13,RELIANCE.NS,0.413568377494812
2025-05-14,RELIANCE.NS,2.5247416496276855
2025-05-15,RELIANCE.NS,1.3510891199111938
2025-05-16,RELIANCE.NS,0.07825487852096558
2025-05-19,RELIANCE.NS,1.9117382764816284
2025-05-20,RELIANCE.NS,3.512847900390625
2025-05-21,RELIANCE.NS,3.9152355194091797
2025-05-22,RELIANCE.NS,5.383895397186279
2025-05-23,RELIANCE.NS,-0.8240477442741394
2025-05-26,RELIANCE.NS,0.5699047446250916
2025-05-27,RELIANCE.NS,-4.441286563873291
2025-05-28,RELIANCE.NS,1.9083266258239746
2025-05-29,RELIANCE.NS,-4.838989734649658
2025-05-30,RELIANCE.NS,-1.2566205263137817
2025-06-02,RELIANCE.NS,0.5403580069541931
2025-06-03,RELIANCE.NS,1.0493050813674927
2025-06-04,RELIANCE.NS,-1.43733811378479
2025-06-05,RELIANCE.NS,-0.14657889306545258
2025-06-06,RELIANCE.NS,-1.0431936979293823
2025-06-09,RELIANCE.NS,0.611194908618927
2025-06-10,RELIANCE.NS,1.4201468229293823
2025-06-11,RELIANCE.NS,5.375493049621582
2025-06-12,RELIANCE.NS,4.986401081085205
2025-06-13,RELIANCE.NS,0.9117526412010193
2025-06-16,RELIANCE.NS,1.2089956998825073
2025-06-17,RELIANCE.NS,-0.35043734312057495
2025-06-18,RELIANCE.NS,-3.0746233463287354
2025-06-19,RELIANCE.NS,-5.227621078491211
2025-06-20,RELIANCE.NS,0.8848194479942322
2025-06-23,RELIANCE.NS,1.8361127376556396
2025-06-24,RELIANCE.NS,4.8187384605407715
2025-06-25,RELIANCE.NS,-1.549086332321167
2025-06-26,RELIANCE.NS,-2.503279447555542
2025-06-27,RELIANCE.NS,0.14922834932804108
2025-02-24,INFY.NS,0.16851048171520233
2025-02-25,INFY.NS,-0.2718278467655182
2025-02-27,INFY.NS,2.740673303604126
2025-02-28,INFY.NS,2.1856818199157715
2025-03-03,INFY.NS,2.109272003173828
2025-03-04,INFY.NS,2.508390188217163
2025-03-05,INFY.NS,1.3912971019744873
2025-03-06,INFY.NS,-0.6435797214508057
2025-03-07,INFY.NS,0.6621653437614441
2025-03-10,INFY.NS,-3.897979497909546
2025-03-11,INFY.NS,3.388653516769409
2025-03-12,INFY.NS,1.7310950756072998
2025-03-13,INFY.NS,3.6645917892456055
2025-03-17,INFY.NS,2.548064947128296
2025-03-18,INFY.NS,0.9936898946762085
2025-03-19,INFY.NS,-2.8681447505950928
2025-03-20,INFY.NS,3.0762858390808105
2025-03-21,INFY.NS,-3.771479845046997
2025-03-24,INFY.NS,4.585011005401611
2025-03-25,INFY.NS,3.392650604248047
2025-03-26,INFY.NS,1.4612637758255005
2025-03-27,INFY.NS,3.9528841972351074
2025-03-28,INFY.NS,-2.689190626144409
2025-04-01,INFY.NS,0.8876819014549255
2025-04-02,INFY.NS,-0.6330403685569763
2025-04-03,INFY.NS,0.7192662954330444
2025-04-04,INFY.NS,-3.073068857192993
2025-04-07,INFY.NS,2.0815274715423584
2025-04-08,INFY.NS,3.453150510787964
2025-04-09,INFY.NS,1.8803774118423462
2025-04-11,INFY.NS,2.136418342590332
2025-04-15,INFY.NS,2.7958433628082275
2025-04-16,INFY.NS,2.4993557929992676
2025-04-17,INFY.NS,3.674060583114624
2025-04-21,INFY.NS,1.7675807476043701
2025-04-22,INFY.NS,2.433778762817383
2025-04-23,INFY.NS,1.285078763961792
2025-04-24,INFY.NS,3.892155170440674
2025-04-25,INFY.NS,0.9984942674636841
2025-04-28,INFY.NS,-0.02117624506354332
2025-04-29,INFY.NS,3.1978354454040527
2025-04-30,INFY.NS,-0.15898776054382324
2025-05-02,INFY.NS,3.5883543491363525
2025-05-05,INFY.NS,2.6363182067871094
2025-05-06,INFY.NS,0.6404370665550232
2025-05-07,INFY.NS,3.3664023876190186
2025-05-08,INFY.NS,1.7273823022842407
2025-05-09,INFY.NS,3.4496207237243652
2025-05-12,INFY.NS,-1.9208989143371582
2025-05-13,INFY.NS,-0.7059160470962524
2025-05-14,INFY.NS,2.8433640003204346
2025-05-15,INFY.NS,-2.5690736770629883
2025-05-16,INFY.NS,-3.299023389816284
2025-05-19,INFY.NS,-2.6034657955169678
2025-05-20,INFY.NS,2.836535692214966
2025-05-21,INFY.NS,-2.7505276203155518
2025-05-22,INFY.NS,2.5153191089630127
2025-05-23,INFY.NS,-0.17180201411247253
2025-05-26,INFY.NS,1.524109959602356
2025-05-27,INFY.NS,2.0065829753875732
2025-05-28,INFY.NS,0.05104290321469307
2025-05-29,INFY.NS,-3.4759984016418457
2025-05-30,INFY.NS,-2.963763952255249
2025-06-02,INFY.NS,-1.3320938348770142
2025-06-03,INFY.NS,2.1662240028381348
2025-06-04,INFY.NS,1.5894478559494019
2025-06-05,INFY.NS,3.214381217956543
2025-06-06,INFY.NS,-0.39340463280677795
2025-06-09,INFY.NS,-0.8508288264274597
2025-06-10,INFY.NS,0.23703588545322418
2025-06-11,INFY.NS,2.322746992111206
2025-06-12,INFY.NS,3.9846549034118652
2025-06-13,INFY.NS,4.515069007873535
2025-06-16,INFY.NS,4.101051330566406
2025-06-17,INFY.NS,2.424964666366577
2025-06-18,INFY.NS,2.0860323905944824
2025-06-19,INFY.NS,1.672575831413269
2025-06-20,INFY.NS,3.5115673542022705
2025-06-23,INFY.NS,3.7848334312438965
2025-06-24,INFY.NS,-1.2421486377716064
2025-06-25,INFY.NS,-3.7683770656585693
2025-06-26,INFY.NS,2.0276594161987305
2025-06-27,INFY.NS,1.2773234844207764
2025-02-26,QQQ,-4.284735202789307
2025-02-27,QQQ,3.2082085609436035
2025-02-28,QQQ,-0.804658830165863
2025-03-03,QQQ,4.413065433502197
2025-03-04,QQQ,2.926071882247925
2025-03-05,QQQ,3.132605791091919
2025-03-06,QQQ,3.4360640048980713
2025-03-07,QQQ,1.497977375984192
2025-03-10,QQQ,3.6759092807769775
2025-03-11,QQQ,-2.3477752208709717
2025-03-12,QQQ,2.961862087249756
2025-03-13,QQQ,-2.7504611015319824
2025-03-14,QQQ,2.97822904586792
2025-03-17,QQQ,-2.4715535640716553
2025-03-18,QQQ,3.3797576427459717
2025-03-19,QQQ,-3.7482919692993164
2025-03-20,QQQ,4.033914566040039
2025-03-21,QQQ,3.7845118045806885
2025-03-24,QQQ,-0.6844270825386047
2025-03-25,QQQ,-4.51094388961792
2025-03-26,QQQ,-3.3960838317871094
2025-03-27,QQQ,3.652106285095215
2025-03-28,QQQ,4.012420177459717
2025-03-31,QQQ,-1.046422004699707
2025-04-01,QQQ,0.27854135632514954
2025-04-02,QQQ,-3.7741119861602783
2025-04-03,QQQ,-5.162829875946045
2025-04-04,QQQ,0.10407117754220963
2025-04-07,QQQ,0.2383957952260971
2025-04-08,QQQ,3.3651249408721924
2025-04-09,QQQ,1.8089627027511597
2025-04-10,QQQ,0.7254051566123962
2025-04-11,QQQ,2.4336135387420654
2025-04-14,QQQ,1.7660226821899414
2025-04-15,QQQ,-2.2836172580718994
2025-04-16,QQQ,-0.6486963033676147
2025-04-17,QQQ,0.5541917085647583
2025-04-21,QQQ,2.2629001140594482
2025-04-22,QQQ,-0.6551474928855896
2025-04-23,QQQ,-2.8161492347717285
2025-04-24,QQQ,-0.5202972292900085
2025-04-25,QQQ,-1.9304356575012207
2025-04-28,QQQ,-0.23495256900787354
2025-04-29,QQQ,2.570801019668579
2025-04-30,QQQ,0.5171812176704407
2025-05-01,QQQ,2.2071292400360107
2025-05-02,QQQ,1.5660003423690796
2025-05-05,QQQ,1.0915619134902954
2025-05-06,QQQ,2.2000625133514404
2025-05-07,QQQ,1.8481265306472778
2025-05-08,QQQ,1.5833916664123535
2025-05-09,QQQ,0.2608865201473236
2025-05-12,QQQ,0.2876669466495514
2025-05-13,QQQ,-3.2416305541992188
2025-05-14,QQQ,-3.428879499435425
2025-05-15,QQQ,2.670619010925293
2025-05-16,QQQ,2.9117305278778076
2025-05-19,QQQ,2.2064547538757324
2025-05-20,QQQ,2.1106550693511963
2025-05-21,QQQ,3.3818604946136475
2025-05-22,QQQ,2.9327614307403564
2025-05-23,QQQ,3.161576747894287
2025-05-27,QQQ,0.2156459093093872
2025-05-28,QQQ,0.4082343280315399
2025-05-29,QQQ,1.1900660991668701
2025-05-30,QQQ,1.1306523084640503
2025-06-02,QQQ,-0.0029024200048297644
2025-06-03,QQQ,2.729357957839966
2025-06-04,QQQ,3.811250686645508
2025-06-05,QQQ,3.09940505027771
2025-06-06,QQQ,2.7890713214874268
2025-06-09,QQQ,4.1737799644470215
2025-06-10,QQQ,-0.5153732895851135
2025-06-11,QQQ,2.2030959129333496
2025-06-12,QQQ,1.6838911771774292
2025-06-13,QQQ,3.659714698791504
2025-06-16,QQQ,3.983827590942383
2025-06-17,QQQ,-3.783311605453491
2025-06-18,QQQ,1.324346661567688
2025-06-20,QQQ,3.4063782691955566
2025-06-23,QQQ,0.5988076329231262
2025-06-24,QQQ,-1.0343537330627441
2025-06-25,QQQ,0.44266650080680847
2025-06-26,QQQ,1.6685408353805542
2025-06-27,QQQ,-0.11049022525548935
2025-02-26,EEM,7.556020736694336
2025-02-27,EEM,5.88088321685791
2025-02-28,EEM,5.513797283172607
2025-03-03,EEM,6.788051128387451
2025-03-04,EEM,2.968245506286621
2025-03-05,EEM,5.2870965003967285
2025-03-06,EEM,0.1082124337553978
2025-03-07,EEM,3.288811683654785
2025-03-10,EEM,2.499268054962158
2025-03-11,EEM,0.3573159873485565
2025-03-12,EEM,3.659271001815796
2025-03-13,EEM,-1.130370020866394
2025-03-14,EEM,0.9806167483329773
2025-03-17,EEM,-5.094990253448486
2025-03-18,EEM,-1.9882915019989014
2025-03-19,EEM,4.740686416625977
2025-03-20,EEM,5.1879425048828125
2025-03-21,EEM,2.9047513008117676
2025-03-24,EEM,4.507521629333496
2025-03-25,EEM,5.062005043029785
2025-03-26,EEM,0.8727789521217346
2025-03-27,EEM,6.485579490661621
2025-03-28,EEM,0.5063312649726868
2025-03-31,EEM,2.646462917327881
2025-04-01,EEM,2.334108591079712
2025-04-02,EEM,-4.7602314949035645
2025-04-03,EEM,-4.505760669708252
2025-04-04,EEM,1.5093973875045776
2025-04-07,EEM,-0.8834424018859863
2025-04-08,EEM,0.8391331434249878
2025-04-09,EEM,1.7416225671768188
2025-04-10,EEM,2.2326319217681885
2025-04-11,EEM,2.0094540119171143
2025-04-14,EEM,1.521863579750061
2025-04-15,EEM,-1.378462553024292
2025-04-16,EEM,1.968511939048767
2025-04-17,EEM,1.408915638923645
2025-04-21,EEM,2.231732130050659
2025-04-22,EEM,-2.691046953201294
2025-04-23,EEM,-4.326839447021484
2025-04-24,EEM,-4.214441776275635
2025-04-25,EEM,-0.9886276125907898
2025-04-28,EEM,3.536851167678833
2025-04-29,EEM,3.163426399230957
2025-04-30,EEM,1.6494041681289673
2025-05-01,EEM,2.596564531326294
2025-05-02,EEM,2.7413949966430664
2025-05-05,EEM,-2.9216606616973877
2025-05-06,EEM,5.057699680328369
2025-05-07,EEM,5.046149253845215
2025-05-08,EEM,2.994084358215332
2025-05-09,EEM,1.0966707468032837
2025-05-12,EEM,2.715118885040283
2025-05-13,EEM,-0.6952793598175049
2025-05-14,EEM,1.6005786657333374
2025-05-15,EEM,-1.8676435947418213
2025-05-16,EEM,4.014685153961182
2025-05-19,EEM,2.323841094970703
2025-05-20,EEM,1.9989466667175293
2025-05-21,EEM,3.876845121383667
2025-05-22,EEM,5.05291748046875
2025-05-23,EEM,-0.25458505749702454
2025-05-27,EEM,-3.1734273433685303
2025-05-28,EEM,-1.621086835861206
2025-05-29,EEM,1.8789750337600708
2025-05-30,EEM,3.3811681270599365
2025-06-02,EEM,3.024965763092041
2025-06-03,EEM,2.279477596282959
2025-06-04,EEM,-0.8262891173362732
2025-06-05,EEM,-0.8119211792945862
2025-06-06,EEM,2.3802483081817627
2025-06-09,EEM,3.03596568107605
2025-06-10,EEM,3.263892889022827
2025-06-11,EEM,4.527417182922363
2025-06-12,EEM,3.8278698921203613
2025-06-13,EEM,4.136299133300781
2025-06-16,EEM,2.468362808227539
2025-06-17,EEM,-1.3184365034103394
2025-06-18,EEM,-5.099618434906006
2025-06-20,EEM,-4.9930572509765625
2025-06-23,EEM,1.3005399703979492
2025-06-24,EEM,2.506624221801758
2025-06-25,EEM,2.8602068424224854
2025-06-26,EEM,2.390023946762085
2025-06-27,EEM,0.7172735929489136
2025-02-26,TSLA,-0.7242740392684937
2025-02-27,TSLA,-1.6757338047027588
2025-02-28,TSLA,-1.7807667255401611
2025-03-03,TSLA,-1.4038212299346924
2025-03-04,TSLA,0.46866124868392944
2025-03-05,TSLA,1.4776993989944458
2025-03-06,TSLA,1.2217971086502075
2025-03-07,TSLA,1.1081746816635132
2025-03-10,TSLA,1.1848751306533813
2025-03-11,TSLA,0.7684593796730042
2025-03-12,TSLA,0.3183635473251343
2025-03-13,TSLA,-1.009080171585083
2025-03-14,TSLA,0.1475679725408554
2025-03-17,TSLA,0.08337673544883728
2025-03-18,TSLA,0.4629524350166321
2025-03-19,TSLA,0.9809158444404602
2025-03-20,TSLA,1.2060385942459106
2025-03-21,TSLA,0.9022844433784485
2025-03-24,TSLA,-0.17213110625743866
2025-03-25,TSLA,-1.0311833620071411
2025-03-26,TSLA,-0.6500692367553711
2025-03-27,TSLA,0.340260773897171
2025-03-28,TSLA,1.3395662307739258
2025-03-31,TSLA,1.1787550449371338
2025-04-01,TSLA,-0.803161084651947
2025-04-02,TSLA,-1.8187741041183472
2025-04-03,TSLA,-1.750211238861084
2025-04-04,TSLA,-0.8794167637825012
2025-04-07,TSLA,0.6370366811752319
2025-04-08,TSLA,0.3738749623298645
2025-04-09,TSLA,0.3812476694583893
2025-04-10,TSLA,-0.22643138468265533
2025-04-11,TSLA,0.8648049831390381
2025-04-14,TSLA,0.6432260870933533
2025-04-15,TSLA,-1.289189100265503
2025-04-16,TSLA,-0.7889176607131958
2025-04-17,TSLA,0.09664592891931534
2025-04-21,TSLA,-0.03110724315047264
2025-04-22,TSLA,0.2813265919685364
2025-04-23,TSLA,0.9513477087020874
2025-04-24,TSLA,-0.25002241134643555
2025-04-25,TSLA,-0.26903411746025085
2025-04-28,TSLA,-0.03499447926878929
2025-04-29,TSLA,-1.353317379951477
2025-04-30,TSLA,1.0679218769073486
2025-05-01,TSLA,0.10111928731203079
2025-05-02,TSLA,0.9826067686080933
2025-05-05,TSLA,1.1742253303527832
2025-05-06,TSLA,0.48029443621635437
2025-05-07,TSLA,-0.44574490189552307
2025-05-08,TSLA,-0.1756546050310135
2025-05-09,TSLA,-1.1404494047164917
2025-05-12,TSLA,-1.1017639636993408
2025-05-13,TSLA,-0.31605592370033264
2025-05-14,TSLA,-0.7225461602210999
2025-05-15,TSLA,1.4115474224090576
2025-05-16,TSLA,0.09351086616516113
2025-05-19,TSLA,0.5374681353569031
2025-05-20,TSLA,-0.12156450748443604
2025-05-21,TSLA,1.2836586236953735
2025-05-22,TSLA,0.6827002167701721
2025-05-23,TSLA,0.6969490647315979
2025-05-27,TSLA,-0.5049530267715454
2025-05-28,TSLA,-0.661196768283844
2025-05-29,TSLA,1.0656485557556152
2025-05-30,TSLA,0.7593470811843872
2025-06-02,TSLA,1.06707763671875
2025-06-03,TSLA,1.4552768468856812
2025-06-04,TSLA,1.0234663486480713
2025-06-05,TSLA,1.004107117652893
2025-06-06,TSLA,1.4082725048065186
2025-06-09,TSLA,-0.5455815196037292
2025-06-10,TSLA,0.36407020688056946
2025-06-11,TSLA,0.2365131825208664
2025-06-12,TSLA,-1.0867054462432861
2025-06-13,TSLA,-1.4647163152694702
2025-06-16,TSLA,-1.4378702640533447
2025-06-17,TSLA,-0.04628489539027214
2025-06-18,TSLA,0.3585462272167206
2025-06-20,TSLA,1.2011053562164307
2025-06-23,TSLA,1.0554574728012085
2025-06-24,TSLA,0.33621302247047424
2025-06-25,TSLA,0.7744573354721069
2025-06-26,TSLA,1.4572091102600098
2025-06-27,TSLA,0.9062868356704712
2025-02-26,DX-Y.NYB,6.672873497009277
2025-02-27,DX-Y.NYB,2.416849374771118
2025-02-28,DX-Y.NYB,3.12773060798645
2025-03-03,DX-Y.NYB,8.188191413879395
2025-03-04,DX-Y.NYB,-2.2731528282165527
2025-03-05,DX-Y.NYB,5.707627296447754
2025-03-06,DX-Y.NYB,0.04938654974102974
2025-03-07,DX-Y.NYB,3.0601489543914795
2025-03-10,DX-Y.NYB,-1.0547748804092407
2025-03-11,DX-Y.NYB,8.219654083251953
2025-03-12,DX-Y.NYB,-3.874891996383667
2025-03-13,DX-Y.NYB,6.6233811378479
2025-03-14,DX-Y.NYB,-0.9069206714630127
2025-03-17,DX-Y.NYB,6.019603729248047
2025-03-18,DX-Y.NYB,4.2718658447265625
2025-03-19,DX-Y.NYB,-3.9698562622070312
2025-03-20,DX-Y.NYB,-14.17852783203125
2025-03-21,DX-Y.NYB,-9.803295135498047
2025-03-24,DX-Y.NYB,8.585456848144531
2025-03-25,DX-Y.NYB,0.47893038392066956
2025-03-26,DX-Y.NYB,2.788236141204834
2025-03-27,DX-Y.NYB,9.797579765319824
2025-03-28,DX-Y.NYB,5.225373268127441
2025-03-31,DX-Y.NYB,-4.757114887237549
2025-04-01,DX-Y.NYB,8.206269264221191
2025-04-02,DX-Y.NYB,10.935283660888672
2025-04-03,DX-Y.NYB,-4.871122360229492
2025-04-04,DX-Y.NYB,-2.498569965362549
2025-04-07,DX-Y.NYB,-0.9839448928833008
2025-04-08,DX-Y.NYB,-11.38186264038086
2025-04-09,DX-Y.NYB,7.763927936553955
2025-04-10,DX-Y.NYB,6.415693759918213
2025-04-11,DX-Y.NYB,9.529908180236816
2025-04-14,DX-Y.NYB,6.011096954345703
2025-04-15,DX-Y.NYB,6.854533672332764
2025-04-16,DX-Y.NYB,6.383031368255615
2025-04-17,DX-Y.NYB,8.813508033752441
2025-04-21,DX-Y.NYB,7.4934916496276855
2025-04-22,DX-Y.NYB,-0.5764511227607727
2025-04-23,DX-Y.NYB,2.8921260833740234
2025-04-24,DX-Y.NYB,6.639303684234619
2025-04-25,DX-Y.NYB,9.51394271850586
2025-04-28,DX-Y.NYB,5.974727153778076
2025-04-29,DX-Y.NYB,-11.700835227966309
2025-04-30,DX-Y.NYB,-9.321725845336914
2025-05-01,DX-Y.NYB,-2.6900036334991455
2025-05-02,DX-Y.NYB,5.760879993438721
2025-05-05,DX-Y.NYB,3.01605486869812
2025-05-06,DX-Y.NYB,4.6563544273376465
2025-05-07,DX-Y.NYB,-3.4737660884857178
2025-05-08,DX-Y.NYB,2.2660598754882812
2025-05-09,DX-Y.NYB,5.811319828033447
2025-05-12,DX-Y.NYB,11.236703872680664
2025-05-13,DX-Y.NYB,-7.585904121398926
2025-05-14,DX-Y.NYB,5.861382484436035
2025-05-15,DX-Y.NYB,5.105234146118164
2025-05-16,DX-Y.NYB,0.22822226583957672
2025-05-19,DX-Y.NYB,2.395132541656494
2025-05-20,DX-Y.NYB,1.8085235357284546
2025-05-21,DX-Y.NYB,3.611797332763672
2025-05-22,DX-Y.NYB,-1.7471386194229126
2025-05-23,DX-Y.NYB,3.6432337760925293
2025-05-26,DX-Y.NYB,6.650049209594727
2025-05-27,DX-Y.NYB,2.09778094291687
2025-05-28,DX-Y.NYB,-1.5148760080337524
2025-05-29,DX-Y.NYB,-5.966145992279053
2025-05-30,DX-Y.NYB,7.793987274169922
2025-06-02,DX-Y.NYB,-6.772547721862793
2025-06-03,DX-Y.NYB,4.070849895477295
2025-06-04,DX-Y.NYB,7.136612415313721
2025-06-05,DX-Y.NYB,4.9165143966674805
2025-06-06,DX-Y.NYB,0.07866022735834122
2025-06-09,DX-Y.NYB,0.47461119294166565
2025-06-10,DX-Y.NYB,9.70572280883789
2025-06-11,DX-Y.NYB,-11.54686450958252
2025-06-12,DX-Y.NYB,7.48898983001709
2025-06-13,DX-Y.NYB,-7.276654243469238
2025-06-16,DX-Y.NYB,-5.912508964538574
2025-06-17,DX-Y.NYB,-1.0361063480377197
2025-06-18,DX-Y.NYB,-3.0933730602264404
2025-06-20,DX-Y.NYB,4.476085186004639
2025-06-23,DX-Y.NYB,-10.806716918945312
2025-06-24,DX-Y.NYB,0.14565949141979218
2025-06-25,DX-Y.NYB,6.250786781311035
2025-06-26,DX-Y.NYB,0.3364677131175995
2025-06-27,DX-Y.NYB,1.8790432214736938
2025-02-26,GLD,5.430792331695557
2025-02-27,GLD,0.6048852801322937
2025-02-28,GLD,2.1511173248291016
2025-03-03,GLD,-0.34746652841567993
2025-03-04,GLD,-8.587502479553223
2025-03-05,GLD,-7.2405853271484375
2025-03-06,GLD,-2.7718617916107178
2025-03-07,GLD,3.727742910385132
2025-03-10,GLD,1.306373119354248
2025-03-11,GLD,-1.2496073246002197
2025-03-12,GLD,-3.9402170181274414
2025-03-13,GLD,1.105048656463623
2025-03-14,GLD,3.436307430267334
2025-03-17,GLD,-0.572711706161499
2025-03-18,GLD,-4.005581855773926
2025-03-19,GLD,5.088698387145996
2025-03-20,GLD,6.655999660491943
2025-03-21,GLD,5.285189151763916
2025-03-24,GLD,8.193788528442383
2025-03-25,GLD,7.087558269500732
2025-03-26,GLD,-8.484763145446777
2025-03-27,GLD,-8.965143203735352
2025-03-28,GLD,-8.761743545532227
2025-03-31,GLD,-1.1081980466842651
2025-04-01,GLD,-6.86932897567749
2025-04-02,GLD,8.315630912780762
2025-04-03,GLD,-4.515310764312744
2025-04-04,GLD,0.12255523353815079
2025-04-07,GLD,3.247897148132324
2025-04-08,GLD,5.564980983734131
2025-04-09,GLD,4.4309983253479
2025-04-10,GLD,0.2997814118862152
2025-04-11,GLD,4.204310894012451
2025-04-14,GLD,4.323109149932861
2025-04-15,GLD,-0.9921867251396179
2025-04-16,GLD,-4.936556339263916
2025-04-17,GLD,-4.522582530975342
2025-04-21,GLD,-1.5241867303848267
2025-04-22,GLD,3.7139062881469727
2025-04-23,GLD,2.932220220565796
2025-04-24,GLD,1.3092280626296997
2025-04-25,GLD,-0.9011906981468201
2025-04-28,GLD,-1.8542217016220093
2025-04-29,GLD,2.53391432762146
2025-04-30,GLD,-2.157648801803589
2025-05-01,GLD,0.11552664637565613
2025-05-02,GLD,1.6434565782546997
2025-05-05,GLD,2.6826298236846924
2025-05-06,GLD,0.7095559239387512
2025-05-07,GLD,-4.451722621917725
2025-05-08,GLD,-1.39474356174469
2025-05-09,GLD,3.5518174171447754
2025-05-12,GLD,4.1381916999816895
2025-05-13,GLD,1.204937219619751
2025-05-14,GLD,2.253687620162964
2025-05-15,GLD,-2.1116509437561035
2025-05-16,GLD,4.082464218139648
2025-05-19,GLD,-3.561910390853882
2025-05-20,GLD,-1.8402141332626343
2025-05-21,GLD,-0.4481556713581085
2025-05-22,GLD,-1.5656713247299194
2025-05-23,GLD,0.7765504717826843
2025-05-27,GLD,-1.920854926109314
2025-05-28,GLD,3.5180604457855225
2025-05-29,GLD,1.4499603509902954
2025-05-30,GLD,5.261359214782715
2025-06-02,GLD,-2.9984989166259766
2025-06-03,GLD,-3.2705349922180176
2025-06-04,GLD,-3.038287878036499
2025-06-05,GLD,2.346071481704712
2025-06-06,GLD,5.378308296203613
2025-06-09,GLD,4.208982944488525
2025-06-10,GLD,-0.1747734546661377
2025-06-11,GLD,2.8187062740325928
2025-06-12,GLD,1.7699047327041626
2025-06-13,GLD,-2.3301515579223633
2025-06-16,GLD,-4.312222957611084
2025-06-17,GLD,-1.002182126045227
2025-06-18,GLD,0.8414401412010193
2025-06-20,GLD,0.4081912040710449
2025-06-23,GLD,0.3153332471847534
2025-06-24,GLD,1.538962721824646
2025-06-25,GLD,-3.02657413482666
2025-06-26,GLD,2.8788506984710693
2025-06-27,GLD,-2.294884204864502
2025-02-26,XOM,2.152766704559326
2025-02-27,XOM,-0.4530900716781616
2025-02-28,XOM,-2.8160204887390137
2025-03-03,XOM,-5.311938285827637
2025-03-04,XOM,4.216908931732178
2025-03-05,XOM,6.098637104034424
2025-03-06,XOM,3.8408913612365723
2025-03-07,XOM,0.22899000346660614
2025-03-10,XOM,2.484043598175049
2025-03-11,XOM,1.1582893133163452
2025-03-12,XOM,1.8072667121887207
2025-03-13,XOM,4.801950454711914
2025-03-14,XOM,4.419741153717041
2025-03-17,XOM,0.6405686736106873
2025-03-18,XOM,-0.6761636734008789
2025-03-19,XOM,5.799985885620117
2025-03-20,XOM,5.130098819732666
2025-03-21,XOM,3.755404472351074
2025-03-24,XOM,2.622326612472534
2025-03-25,XOM,4.3433308601379395
2025-03-26,XOM,3.591165781021118
2025-03-27,XOM,-1.7720929384231567
2025-03-28,XOM,0.36227214336395264
2025-03-31,XOM,-4.794406414031982
2025-04-01,XOM,0.2073824405670166
2025-04-02,XOM,1.32183039188385
2025-04-03,XOM,1.9429407119750977
2025-04-04,XOM,2.78501033782959
2025-04-07,XOM,2.02213716506958
2025-04-08,XOM,-1.135247826576233
2025-04-09,XOM,0.7184640169143677
2025-04-10,XOM,1.8423033952713013
2025-04-11,XOM,2.9240007400512695
2025-04-14,XOM,2.4694876670837402
2025-04-15,XOM,1.6434086561203003
2025-04-16,XOM,-0.0902792364358902
2025-04-17,XOM,0.4051375687122345
2025-04-21,XOM,-0.11334499716758728
2025-04-22,XOM,0.9370722770690918
2025-04-23,XOM,1.9854955673217773
2025-04-24,XOM,2.0920839309692383
2025-04-25,XOM,-1.8035993576049805
2025-04-28,XOM,1.563183069229126
2025-04-29,XOM,-2.33125638961792
2025-04-30,XOM,3.0017852783203125
2025-05-01,XOM,1.8647326231002808
2025-05-02,XOM,2.4964399337768555
2025-05-05,XOM,1.0041131973266602
2025-05-06,XOM,-0.16708476841449738
2025-05-07,XOM,-1.124288558959961
2025-05-08,XOM,0.08253810554742813
2025-05-09,XOM,0.2411879003047943
2025-05-12,XOM,0.8206107020378113
2025-05-13,XOM,0.8096711039543152
2025-05-14,XOM,-0.9346265196800232
2025-05-15,XOM,1.2624553442001343
2025-05-16,XOM,-0.40402019023895264
2025-05-19,XOM,1.6838302612304688
2025-05-20,XOM,-1.6067123413085938
2025-05-21,XOM,-1.1924166679382324
2025-05-22,XOM,-0.9872065782546997
2025-05-23,XOM,-4.437195777893066
2025-05-27,XOM,1.2011678218841553
2025-05-28,XOM,0.3740180432796478
2025-05-29,XOM,2.1506340503692627
2025-05-30,XOM,2.3695225715637207
2025-06-02,XOM,1.2954269647598267
2025-06-03,XOM,-1.0515005588531494
2025-06-04,XOM,2.760807514190674
2025-06-05,XOM,2.1935060024261475
2025-06-06,XOM,-0.4920904338359833
2025-06-09,XOM,0.6802069544792175
2025-06-10,XOM,-0.0538838766515255
2025-06-11,XOM,1.6571623086929321
2025-06-12,XOM,3.2758476734161377
2025-06-13,XOM,0.5262323617935181
2025-06-16,XOM,3.9829766750335693
2025-06-17,XOM,-1.5420701503753662
2025-06-18,XOM,1.642043948173523
2025-06-20,XOM,-2.1399424076080322
2025-06-23,XOM,-2.805492877960205
2025-06-24,XOM,-2.606914758682251
2025-06-25,XOM,-0.696907103061676
2025-06-26,XOM,-0.7841690182685852
2025-06-27,XOM,0.23964275419712067
2025-02-26,TLT,1.7544916868209839
2025-02-27,TLT,6.70033597946167
2025-02-28,TLT,7.202804088592529
2025-03-03,TLT,5.301865577697754
2025-03-04,TLT,5.102487564086914
2025-03-05,TLT,6.896622657775879
2025-03-06,TLT,5.925607681274414
2025-03-07,TLT,0.6917017102241516
2025-03-10,TLT,-3.0613434314727783
2025-03-11,TLT,4.607934474945068
2025-03-12,TLT,6.17233943939209
2025-03-13,TLT,5.2362060546875
2025-03-14,TLT,1.1746480464935303
2025-03-17,TLT,3.5840506553649902
2025-03-18,TLT,-6.515618324279785
2025-03-19,TLT,-1.2113218307495117
2025-03-20,TLT,6.396265506744385
2025-03-21,TLT,3.3018739223480225
2025-03-24,TLT,5.911407947540283
2025-03-25,TLT,5.712854385375977
2025-03-26,TLT,1.849223017692566
2025-03-27,TLT,-3.72906231880188
2025-03-28,TLT,3.0401506423950195
2025-03-31,TLT,1.566838264465332
2025-04-01,TLT,3.937563419342041
2025-04-02,TLT,4.427582263946533
2025-04-03,TLT,2.369952440261841
2025-04-04,TLT,2.4680802822113037
2025-04-07,TLT,-0.6422649621963501
2025-04-08,TLT,0.23783303797245026
2025-04-09,TLT,3.215501546859741
2025-04-10,TLT,-8.233699798583984
2025-04-11,TLT,-7.882688522338867
2025-04-14,TLT,-2.938082695007324
2025-04-15,TLT,3.803365707397461
2025-04-16,TLT,3.1581106185913086
2025-04-17,TLT,2.37028431892395
2025-04-21,TLT,0.26325899362564087
2025-04-22,TLT,0.8911159634590149
2025-04-23,TLT,-4.518227577209473
2025-04-24,TLT,1.5750941038131714
2025-04-25,TLT,1.8287914991378784
2025-04-28,TLT,5.21830940246582
2025-04-29,TLT,-6.238950252532959
2025-04-30,TLT,-0.9660903811454773
2025-05-01,TLT,4.719939231872559
2025-05-02,TLT,5.0074944496154785
2025-05-05,TLT,2.09906005859375
2025-05-06,TLT,-7.738065719604492
2025-05-07,TLT,-4.598623752593994
2025-05-08,TLT,-0.6257330775260925
2025-05-09,TLT,0.9712796807289124
2025-05-12,TLT,-0.046563632786273956
2025-05-13,TLT,-0.6679057478904724
2025-05-14,TLT,-0.622706413269043
2025-05-15,TLT,0.07682529836893082
2025-05-16,TLT,-1.6285338401794434
2025-05-19,TLT,3.2208950519561768
2025-05-20,TLT,0.8225431442260742
2025-05-21,TLT,-0.8455226421356201
2025-05-22,TLT,1.4257596731185913
2025-05-23,TLT,3.3716325759887695
2025-05-27,TLT,-0.4407501816749573
2025-05-28,TLT,3.20638108253479
2025-05-29,TLT,-0.20463280379772186
2025-05-30,TLT,4.560120105743408
2025-06-02,TLT,-3.5069940090179443
2025-06-03,TLT,0.6298075318336487
2025-06-04,TLT,3.6583597660064697
2025-06-05,TLT,3.313600778579712
2025-06-06,TLT,2.923644781112671
2025-06-09,TLT,-7.048131942749023
2025-06-10,TLT,2.582801103591919
2025-06-11,TLT,-4.064471244812012
2025-06-12,TLT,1.401911735534668
2025-06-13,TLT,-1.2429234981536865
2025-06-16,TLT,3.15263032913208
2025-06-17,TLT,-4.931443691253662
2025-06-18,TLT,-6.167336463928223
2025-06-20,TLT,-1.380685806274414
2025-06-23,TLT,2.120727777481079
2025-06-24,TLT,0.2289813905954361
2025-06-25,TLT,7.09151029586792
2025-06-26,TLT,5.673984050750732
2025-06-27,TLT,3.3777687549591064
2025-02-25,USDINR=X,-16.96786117553711
2025-02-26,USDINR=X,-27.324974060058594
2025-02-27,USDINR=X,-40.960182189941406
2025-02-28,USDINR=X,-30.741519927978516
2025-03-03,USDINR=X,-17.829204559326172
2025-03-04,USDINR=X,6.510756015777588
2025-03-05,USDINR=X,-1.069676399230957
2025-03-06,USDINR=X,20.766143798828125
2025-03-07,USDINR=X,15.799389839172363
2025-03-10,USDINR=X,33.38461685180664
2025-03-11,USDINR=X,-34.437137603759766
2025-03-12,USDINR=X,9.030402183532715
2025-03-13,USDINR=X,33.405853271484375
2025-03-14,USDINR=X,17.416046142578125
2025-03-17,USDINR=X,25.921466827392578
2025-03-18,USDINR=X,16.516422271728516
2025-03-19,USDINR=X,10.407727241516113
2025-03-20,USDINR=X,4.627638816833496
2025-03-21,USDINR=X,19.683391571044922
2025-03-24,USDINR=X,-14.201432228088379
2025-03-25,USDINR=X,18.72719955444336
2025-03-26,USDINR=X,-3.8857078552246094
2025-03-27,USDINR=X,23.55935287475586
2025-03-28,USDINR=X,5.854308128356934
2025-03-31,USDINR=X,20.82512092590332
2025-04-01,USDINR=X,10.063163757324219
2025-04-02,USDINR=X,10.563739776611328
2025-04-03,USDINR=X,13.51260757446289
2025-04-04,USDINR=X,9.546621322631836
2025-04-07,USDINR=X,15.850096702575684
2025-04-08,USDINR=X,8.471574783325195
2025-04-09,USDINR=X,-7.201451301574707
2025-04-10,USDINR=X,-4.8551025390625
2025-04-11,USDINR=X,10.838589668273926
2025-04-14,USDINR=X,0.9928063750267029
2025-04-15,USDINR=X,-20.2089900970459
2025-04-16,USDINR=X,-8.381187438964844
2025-04-17,USDINR=X,6.965519428253174
2025-04-22,USDINR=X,15.41248607635498
2025-04-23,USDINR=X,14.35107135772705
2025-04-24,USDINR=X,15.640067100524902
2025-04-25,USDINR=X,7.128108978271484
2025-04-28,USDINR=X,8.260486602783203
2025-04-29,USDINR=X,-14.700984954833984
2025-04-30,USDINR=X,8.474888801574707
2025-05-01,USDINR=X,15.8026704788208
2025-05-02,USDINR=X,10.53065013885498
2025-05-05,USDINR=X,16.8009090423584
2025-05-06,USDINR=X,1.9911290407180786
2025-05-07,USDINR=X,-0.20456261932849884
2025-05-08,USDINR=X,-13.4507417678833
2025-05-09,USDINR=X,-1.5682224035263062
2025-05-12,USDINR=X,12.450308799743652
2025-05-13,USDINR=X,0.08028846979141235
2025-05-14,USDINR=X,18.198837280273438
2025-05-15,USDINR=X,-19.52846908569336
2025-05-16,USDINR=X,9.846267700195312
2025-05-19,USDINR=X,-22.55809783935547
2025-05-20,USDINR=X,19.05644416809082
2025-05-21,USDINR=X,-9.632002830505371
2025-05-22,USDINR=X,-4.977039813995361
2025-05-23,USDINR=X,-1.8392738103866577
2025-05-26,USDINR=X,-0.8295305967330933
2025-05-27,USDINR=X,9.15996265411377
2025-05-28,USDINR=X,-11.310230255126953
2025-05-29,USDINR=X,-4.169276714324951
2025-05-30,USDINR=X,-18.98969268798828
2025-06-02,USDINR=X,6.1563720703125
2025-06-03,USDINR=X,7.758294582366943
2025-06-04,USDINR=X,14.798151969909668
2025-06-05,USDINR=X,-19.762033462524414
2025-06-06,USDINR=X,-8.183971405029297
2025-06-09,USDINR=X,-3.085625410079956
2025-06-10,USDINR=X,-3.7380447387695312
2025-06-11,USDINR=X,12.462827682495117
2025-06-12,USDINR=X,-6.670310020446777
2025-06-13,USDINR=X,10.108506202697754
2025-06-16,USDINR=X,6.953531742095947
2025-06-17,USDINR=X,9.577132225036621
2025-06-18,USDINR=X,-20.273178100585938
2025-06-19,USDINR=X,-14.450364112854004
2025-06-20,USDINR=X,2.3591904640197754
2025-06-23,USDINR=X,16.758508682250977
2025-06-24,USDINR=X,25.1741886138916
2025-06-25,USDINR=X,20.76371955871582
2025-06-26,USDINR=X,22.01875114440918
2025-06-27,USDINR=X,16.081836700439453
2025-02-26,IWM,0.6172580718994141
2025-02-27,IWM,-1.0323269367218018
2025-02-28,IWM,-1.446094274520874
2025-03-03,IWM,-1.6095495223999023
2025-03-04,IWM,2.733527421951294
2025-03-05,IWM,2.8714849948883057
2025-03-06,IWM,2.9624550342559814
2025-03-07,IWM,0.7406409382820129
2025-03-10,IWM,2.6447713375091553
2025-03-11,IWM,-3.607419967651367
2025-03-12,IWM,2.7208597660064697
2025-03-13,IWM,4.916621208190918
2025-03-14,IWM,2.8595423698425293
2025-03-17,IWM,1.1652884483337402
2025-03-18,IWM,2.959986448287964
2025-03-19,IWM,2.952759265899658
2025-03-20,IWM,4.812270641326904
2025-03-21,IWM,3.980745792388916
2025-03-24,IWM,-1.4152753353118896
2025-03-25,IWM,0.5525667667388916
2025-03-26,IWM,3.153970718383789
2025-03-27,IWM,3.963101625442505
2025-03-28,IWM,4.037398338317871
2025-03-31,IWM,2.7738637924194336
2025-04-01,IWM,3.19675350189209
2025-04-02,IWM,2.223654270172119
2025-04-03,IWM,0.28234967589378357
2025-04-04,IWM,0.052640851587057114
2025-04-07,IWM,1.6199121475219727
2025-04-08,IWM,-0.26520073413848877
2025-04-09,IWM,2.59509539604187
2025-04-10,IWM,1.2060434818267822
2025-04-11,IWM,2.692157745361328
2025-04-14,IWM,1.070002555847168
2025-04-15,IWM,-0.7045760750770569
2025-04-16,IWM,1.383187174797058
2025-04-17,IWM,0.7948940992355347
2025-04-21,IWM,2.743194103240967
2025-04-22,IWM,-3.2939934730529785
2025-04-23,IWM,-3.0360536575317383
2025-04-24,IWM,-3.6115920543670654
2025-04-25,IWM,-1.7164788246154785
2025-04-28,IWM,0.7452026605606079
2025-04-29,IWM,1.250148892402649
2025-04-30,IWM,1.954404354095459
2025-05-01,IWM,1.3445569276809692
2025-05-02,IWM,1.2221026420593262
2025-05-05,IWM,1.7342748641967773
2025-05-06,IWM,2.542961597442627
2025-05-07,IWM,3.3001210689544678
2025-05-08,IWM,0.15401792526245117
2025-05-09,IWM,1.2074947357177734
2025-05-12,IWM,2.0313544273376465
2025-05-13,IWM,-1.5152684450149536
2025-05-14,IWM,1.8672207593917847
2025-05-15,IWM,1.9725416898727417
2025-05-16,IWM,1.309592604637146
2025-05-19,IWM,1.8561538457870483
2025-05-20,IWM,3.1025004386901855
2025-05-21,IWM,3.6387839317321777
2025-05-22,IWM,3.3578338623046875
2025-05-23,IWM,2.2927987575531006
2025-05-27,IWM,1.2949135303497314
2025-05-28,IWM,0.5316458344459534
2025-05-29,IWM,2.7539849281311035
2025-05-30,IWM,-3.41995906829834
2025-06-02,IWM,-0.3233015537261963
2025-06-03,IWM,-1.932112693786621
2025-06-04,IWM,0.6478523015975952
2025-06-05,IWM,2.651111125946045
2025-06-06,IWM,0.21559970080852509
2025-06-09,IWM,1.7550700902938843
2025-06-10,IWM,2.6658220291137695
2025-06-11,IWM,4.626193523406982
2025-06-12,IWM,2.8534770011901855
2025-06-13,IWM,3.9444644451141357
2025-06-16,IWM,3.6049065589904785
2025-06-17,IWM,-3.272402048110962
2025-06-18,IWM,-2.566075325012207
2025-06-20,IWM,0.6476134061813354
2025-06-23,IWM,-3.3512446880340576
2025-06-24,IWM,-1.175326943397522
2025-06-25,IWM,-1.1754746437072754
2025-06-26,IWM,1.341222882270813
2025-06-27,IWM,0.674410343170166
2025-02-26,JPM,-1.6425354480743408
2025-02-27,JPM,-2.2518277168273926
2025-02-28,JPM,1.0448168516159058
2025-03-03,JPM,-0.3071472644805908
2025-03-04,JPM,-0.7361583113670349
2025-03-05,JPM,0.3083437979221344
2025-03-06,JPM,-1.5533710718154907
2025-03-07,JPM,-0.19304409623146057
2025-03-10,JPM,-1.808968186378479
2025-03-11,JPM,0.7380356192588806
2025-03-12,JPM,-1.2791608572006226
2025-03-13,JPM,-1.5414243936538696
2025-03-14,JPM,0.2045787125825882
2025-03-17,JPM,1.067927360534668
2025-03-18,JPM,2.23677134513855
2025-03-19,JPM,0.7545686960220337
2025-03-20,JPM,-0.5608980655670166
2025-03-21,JPM,0.9456073045730591
2025-03-24,JPM,1.421823501586914
2025-03-25,JPM,1.479940414428711
2025-03-26,JPM,2.4099459648132324
2025-03-27,JPM,2.4373676776885986
2025-03-28,JPM,2.677483558654785
2025-03-31,JPM,-1.911412239074707
2025-04-01,JPM,2.830432891845703
2025-04-02,JPM,1.9956603050231934
2025-04-03,JPM,1.9355546236038208
2025-04-04,JPM,0.9833133816719055
2025-04-07,JPM,1.6099066734313965
2025-04-08,JPM,1.64982271194458
2025-04-09,JPM,2.0475242137908936
2025-04-10,JPM,1.0716211795806885
2025-04-11,JPM,1.7349629402160645
2025-04-14,JPM,1.1343179941177368
2025-04-15,JPM,-2.1467602252960205
2025-04-16,JPM,-0.6287285685539246
2025-04-17,JPM,-2.197704792022705
2025-04-21,JPM,-0.2984983026981354
2025-04-22,JPM,-0.3864031732082367
2025-04-23,JPM,-0.739662766456604
2025-04-24,JPM,1.7710611820220947
2025-04-25,JPM,2.9808647632598877
2025-04-28,JPM,2.3167917728424072
2025-04-29,JPM,1.1485552787780762
2025-04-30,JPM,0.9755041599273682
2025-05-01,JPM,-3.236928939819336
2025-05-02,JPM,-3.3399031162261963
2025-05-05,JPM,-3.4854114055633545
2025-05-06,JPM,-0.944703221321106
2025-05-07,JPM,-2.3892502784729004
2025-05-08,JPM,-0.5896958708763123
2025-05-09,JPM,1.415276050567627
2025-05-12,JPM,-1.5080807209014893
2025-05-13,JPM,-2.6556520462036133
2025-05-14,JPM,-3.8446056842803955
2025-05-15,JPM,-2.42577862739563
2025-05-16,JPM,3.7696661949157715
2025-05-19,JPM,1.6319580078125
2025-05-20,JPM,2.2230947017669678
2025-05-21,JPM,3.409754991531372
2025-05-22,JPM,1.2169408798217773
2025-05-23,JPM,0.3855956792831421
2025-05-27,JPM,1.4477571249008179
2025-05-28,JPM,-3.774465799331665
2025-05-29,JPM,-0.9319027066230774
2025-05-30,JPM,-0.1939363032579422
2025-06-02,JPM,1.6070221662521362
2025-06-03,JPM,0.5915994644165039
2025-06-04,JPM,-0.16958311200141907
2025-06-05,JPM,3.6991240978240967
2025-06-06,JPM,1.8736740350723267
2025-06-09,JPM,2.5920333862304688
2025-06-10,JPM,-1.1165032386779785
2025-06-11,JPM,0.8156627416610718
2025-06-12,JPM,1.9594472646713257
2025-06-13,JPM,3.6603944301605225
2025-06-16,JPM,3.0600972175598145
2025-06-17,JPM,2.3392624855041504
2025-06-18,JPM,1.2551205158233643
2025-06-20,JPM,0.23821143805980682
2025-06-23,JPM,-2.8995790481567383
2025-06-24,JPM,1.7367057800292969
2025-06-25,JPM,3.910123348236084
2025-06-26,JPM,3.4684293270111084
2025-06-27,JPM,1.4107792377471924
2025-02-26,UNH,-0.6003007888793945
2025-02-27,UNH,0.13328929245471954
2025-02-28,UNH,1.3522093296051025
2025-03-03,UNH,-1.216269612312317
2025-03-04,UNH,0.27455100417137146
2025-03-05,UNH,1.018141269683838
2025-03-06,UNH,0.8261566758155823
2025-03-07,UNH,1.4765172004699707
2025-03-10,UNH,0.4657043516635895
2025-03-11,UNH,2.376455068588257
2025-03-12,UNH,3.1154680252075195
2025-03-13,UNH,3.5185048580169678
2025-03-14,UNH,2.80224609375
2025-03-17,UNH,2.498403549194336
2025-03-18,UNH,1.1521822214126587
2025-03-19,UNH,3.536590337753296
2025-03-20,UNH,2.527031660079956
2025-03-21,UNH,1.7892955541610718
2025-03-24,UNH,3.346436023712158
2025-03-25,UNH,0.9048504829406738
2025-03-26,UNH,1.5586018562316895
2025-03-27,UNH,0.9604274034500122
2025-03-28,UNH,0.7632311582565308
2025-03-31,UNH,2.8493809700012207
2025-04-01,UNH,-0.48899295926094055
2025-04-02,UNH,2.4768216609954834
2025-04-03,UNH,-0.25000739097595215
2025-04-04,UNH,-3.8277175426483154
2025-04-07,UNH,3.462116241455078
2025-04-08,UNH,2.186145544052124
2025-04-09,UNH,-0.4285282790660858
2025-04-10,UNH,-1.7470941543579102
2025-04-11,UNH,3.3162169456481934
2025-04-14,UNH,2.3552887439727783
2025-04-15,UNH,2.3314695358276367
2025-04-16,UNH,-1.1315944194793701
2025-04-17,UNH,0.3254889249801636
2025-04-21,UNH,0.9460024237632751
2025-04-22,UNH,1.9821244478225708
2025-04-23,UNH,0.10291408002376556
2025-04-24,UNH,1.3390837907791138
2025-04-25,UNH,1.6491035223007202
2025-04-28,UNH,1.567787766456604
2025-04-29,UNH,1.0975337028503418
2025-04-30,UNH,-0.9606525897979736
2025-05-01,UNH,-0.18460090458393097
2025-05-02,UNH,-0.17835311591625214
2025-05-05,UNH,-0.6490824818611145
2025-05-06,UNH,-0.659032940864563
2025-05-07,UNH,-0.5179517865180969
2025-05-08,UNH,1.5795307159423828
2025-05-09,UNH,1.6780222654342651
2025-05-12,UNH,-0.8255319595336914
2025-05-13,UNH,-2.0607173442840576
2025-05-14,UNH,0.8525529503822327
2025-05-15,UNH,0.7682739496231079
2025-05-16,UNH,0.7183595895767212
2025-05-19,UNH,0.5553503632545471
2025-05-20,UNH,0.376819908618927
2025-05-21,UNH,0.5068572759628296
2025-05-22,UNH,1.4249917268753052
2025-05-23,UNH,0.15111282467842102
2025-05-27,UNH,0.5305408239364624
2025-05-28,UNH,0.020091397687792778
2025-05-29,UNH,-0.7969092726707458
2025-05-30,UNH,-1.6170734167099
2025-06-02,UNH,-0.5446987152099609
2025-06-03,UNH,-0.05792251601815224
2025-06-04,UNH,0.3902725875377655
2025-06-05,UNH,0.816283643245697
2025-06-06,UNH,1.2301087379455566
2025-06-09,UNH,-1.2416495084762573
2025-06-10,UNH,-0.780907154083252
2025-06-11,UNH,-1.837285041809082
2025-06-12,UNH,1.4947293996810913
2025-06-13,UNH,0.8084120154380798
2025-06-16,UNH,0.5735048651695251
2025-06-17,UNH,0.23539742827415466
2025-06-18,UNH,-0.5200533270835876
2025-06-20,UNH,0.2092447727918625
2025-06-23,UNH,-0.3878936171531677
2025-06-24,UNH,-0.7331048250198364
2025-06-25,UNH,0.20068666338920593
2025-06-26,UNH,0.35138383507728577
2025-06-27,UNH,-0.01230484340339899
2025-02-26,SPY,-3.523488998413086
2025-02-27,SPY,0.8571469783782959
2025-02-28,SPY,0.29577434062957764
2025-03-03,SPY,3.4242868423461914
2025-03-04,SPY,4.934505462646484
2025-03-05,SPY,2.606426239013672
2025-03-06,SPY,3.633147954940796
2025-03-07,SPY,2.700477123260498
2025-03-10,SPY,5.288614273071289
2025-03-11,SPY,1.2344430685043335
2025-03-12,SPY,4.85361385345459
2025-03-13,SPY,0.46431395411491394
2025-03-14,SPY,5.3993754386901855
2025-03-17,SPY,-0.3463728725910187
2025-03-18,SPY,3.756530284881592
2025-03-19,SPY,-4.947728157043457
2025-03-20,SPY,4.390607833862305
2025-03-21,SPY,5.207442760467529
2025-03-24,SPY,0.06962080299854279
2025-03-25,SPY,0.7933499813079834
2025-03-26,SPY,1.3463133573532104
2025-03-27,SPY,4.424631595611572
2025-03-28,SPY,4.805476665496826
2025-03-31,SPY,-1.5290061235427856
2025-04-01,SPY,0.8781588673591614
2025-04-02,SPY,-0.7727120518684387
2025-04-03,SPY,-1.6136325597763062
2025-04-04,SPY,0.0459098145365715
2025-04-07,SPY,0.3822762668132782
2025-04-08,SPY,3.306330680847168
2025-04-09,SPY,2.0859601497650146
2025-04-10,SPY,1.5229827165603638
2025-04-11,SPY,2.9430768489837646
2025-04-14,SPY,2.106971263885498
2025-04-15,SPY,-2.719026803970337
2025-04-16,SPY,0.19808770716190338
2025-04-17,SPY,0.3922732174396515
2025-04-21,SPY,2.153013229370117
2025-04-22,SPY,-2.453786849975586
2025-04-23,SPY,-3.2053725719451904
2025-04-24,SPY,-0.8495308756828308
2025-04-25,SPY,-1.0004922151565552
2025-04-28,SPY,-0.4371607303619385
2025-04-29,SPY,1.948172688484192
2025-04-30,SPY,-0.4188106656074524
2025-05-01,SPY,2.4947617053985596
2025-05-02,SPY,2.5673887729644775
2025-05-05,SPY,1.4567320346832275
2025-05-06,SPY,2.393244504928589
2025-05-07,SPY,2.520354747772217
2025-05-08,SPY,0.9484049081802368
2025-05-09,SPY,-2.0127525329589844
2025-05-12,SPY,0.7738394141197205
2025-05-13,SPY,-3.9902398586273193
2025-05-14,SPY,-3.437191963195801
2025-05-15,SPY,0.8500497937202454
2025-05-16,SPY,2.5988526344299316
2025-05-19,SPY,3.081681251525879
2025-05-20,SPY,3.925131320953369
2025-05-21,SPY,4.119510173797607
2025-05-22,SPY,3.1427674293518066
2025-05-23,SPY,2.6615586280822754
2025-05-27,SPY,0.19896015524864197
2025-05-28,SPY,1.1712782382965088
2025-05-29,SPY,3.1612794399261475
2025-05-30,SPY,0.5776269435882568
2025-06-02,SPY,2.504934787750244
2025-06-03,SPY,2.853640079498291
2025-06-04,SPY,3.0324716567993164
2025-06-05,SPY,4.492573261260986
2025-06-06,SPY,4.363490581512451
2025-06-09,SPY,4.836127758026123
2025-06-10,SPY,-0.7594467401504517
2025-06-11,SPY,3.451373815536499
2025-06-12,SPY,2.515195369720459
2025-06-13,SPY,3.820269823074341
2025-06-16,SPY,4.312519550323486
2025-06-17,SPY,-2.4066672325134277
2025-06-18,SPY,0.3537028431892395
2025-06-20,SPY,3.055051803588867
2025-06-23,SPY,2.407583713531494
2025-06-24,SPY,-0.3137526512145996
2025-06-25,SPY,0.24033711850643158
2025-06-26,SPY,1.9317760467529297
2025-06-27,SPY,-0.5341687202453613
2025-02-26,MSFT,-1.8215411901474
2025-02-27,MSFT,1.0237181186676025
2025-02-28,MSFT,1.102025032043457
2025-03-03,MSFT,-0.6220667958259583
2025-03-04,MSFT,-3.4984130859375
2025-03-05,MSFT,-4.368753910064697
2025-03-06,MSFT,-1.3014588356018066
2025-03-07,MSFT,0.6590807437896729
2025-03-10,MSFT,0.6494622230529785
2025-03-11,MSFT,0.328485369682312
2025-03-12,MSFT,2.3869309425354004
2025-03-13,MSFT,-1.1719841957092285
2025-03-14,MSFT,2.5788040161132812
2025-03-17,MSFT,-2.432513952255249
2025-03-18,MSFT,2.3114233016967773
2025-03-19,MSFT,0.8516889810562134
2025-03-20,MSFT,2.1749041080474854
2025-03-21,MSFT,2.4093496799468994
2025-03-24,MSFT,-0.35029715299606323
2025-03-25,MSFT,-3.231797218322754
2025-03-26,MSFT,-0.037373121827840805
2025-03-27,MSFT,3.3274970054626465
2025-03-28,MSFT,3.8627984523773193
2025-03-31,MSFT,2.663060188293457
2025-04-01,MSFT,1.9679768085479736
2025-04-02,MSFT,-3.7546567916870117
2025-04-03,MSFT,-5.110592365264893
2025-04-04,MSFT,0.3567802608013153
2025-04-07,MSFT,3.0120017528533936
2025-04-08,MSFT,3.9308359622955322
2025-04-09,MSFT,1.7102322578430176
2025-04-10,MSFT,0.5375195741653442
2025-04-11,MSFT,2.2008354663848877
2025-04-14,MSFT,0.6314705014228821
2025-04-15,MSFT,-1.3989561796188354
2025-04-16,MSFT,-2.22371244430542
2025-04-17,MSFT,0.25034868717193604
2025-04-21,MSFT,-0.08631140738725662
2025-04-22,MSFT,1.4795362949371338
2025-04-23,MSFT,-2.5550696849823
2025-04-24,MSFT,0.5727859735488892
2025-04-25,MSFT,-2.076732873916626
2025-04-28,MSFT,0.32593193650245667
2025-04-29,MSFT,-0.8412419557571411
2025-04-30,MSFT,-2.583491563796997
2025-05-01,MSFT,-0.8082811832427979
2025-05-02,MSFT,0.8125085830688477
2025-05-05,MSFT,2.6255295276641846
2025-05-06,MSFT,3.1738176345825195
2025-05-07,MSFT,2.291456937789917
2025-05-08,MSFT,2.232532024383545
2025-05-09,MSFT,2.1787843704223633
2025-05-12,MSFT,1.6142088174819946
2025-05-13,MSFT,2.0520219802856445
2025-05-14,MSFT,0.6125738024711609
2025-05-15,MSFT,1.2870382070541382
2025-05-16,MSFT,1.9990369081497192
2025-05-19,MSFT,-0.505382776260376
2025-05-20,MSFT,2.0645394325256348
2025-05-21,MSFT,2.131772518157959
2025-05-22,MSFT,1.7584794759750366
2025-05-23,MSFT,2.0012850761413574
2025-05-27,MSFT,1.0030159950256348
2025-05-28,MSFT,1.0989265441894531
2025-05-29,MSFT,1.1289278268814087
2025-05-30,MSFT,0.9662117958068848
2025-06-02,MSFT,0.4633900821208954
2025-06-03,MSFT,2.8967223167419434
2025-06-04,MSFT,2.5988872051239014
2025-06-05,MSFT,2.34258770942688
2025-06-06,MSFT,4.240255832672119
2025-06-09,MSFT,4.473702430725098
2025-06-10,MSFT,4.190678119659424
2025-06-11,MSFT,3.829660654067993
2025-06-12,MSFT,4.30136775970459
2025-06-13,MSFT,2.29343318939209
2025-06-16,MSFT,4.291507244110107
2025-06-17,MSFT,-1.9244015216827393
2025-06-18,MSFT,-4.23098611831665
2025-06-20,MSFT,-0.8085343837738037
2025-06-23,MSFT,-3.0651888847351074
2025-06-24,MSFT,1.7076466083526611
2025-06-25,MSFT,4.663387775421143
2025-06-26,MSFT,1.339922547340393
2025-06-27,MSFT,3.0434181690216064
2025-02-25,EURUSD=X,13.902560234069824
2025-02-26,EURUSD=X,17.63821792602539
2025-02-27,EURUSD=X,14.79731559753418
2025-02-28,EURUSD=X,8.83447551727295
2025-03-03,EURUSD=X,9.832714080810547
2025-03-04,EURUSD=X,6.911805152893066
2025-03-05,EURUSD=X,2.9108755588531494
2025-03-06,EURUSD=X,0.8198578357696533
2025-03-07,EURUSD=X,6.358433246612549
2025-03-10,EURUSD=X,13.761353492736816
2025-03-11,EURUSD=X,11.636347770690918
2025-03-12,EURUSD=X,5.301193714141846
2025-03-13,EURUSD=X,2.185521364212036
2025-03-14,EURUSD=X,9.659561157226562
2025-03-17,EURUSD=X,6.356231212615967
2025-03-18,EURUSD=X,4.487371444702148
2025-03-19,EURUSD=X,0.5271363258361816
2025-03-20,EURUSD=X,4.953490734100342
2025-03-21,EURUSD=X,10.058432579040527
2025-03-24,EURUSD=X,8.410717964172363
2025-03-25,EURUSD=X,9.581754684448242
2025-03-26,EURUSD=X,12.13680648803711
2025-03-27,EURUSD=X,14.71662425994873
2025-03-28,EURUSD=X,9.122095108032227
2025-03-31,EURUSD=X,-9.617401123046875
2025-04-01,EURUSD=X,-6.6071085929870605
2025-04-02,EURUSD=X,-4.727647304534912
2025-04-03,EURUSD=X,2.069434404373169
2025-04-04,EURUSD=X,1.9256442785263062
2025-04-07,EURUSD=X,-0.5170489549636841
2025-04-08,EURUSD=X,2.975919246673584
2025-04-09,EURUSD=X,8.719945907592773
2025-04-10,EURUSD=X,8.289507865905762
2025-04-11,EURUSD=X,2.0736300945281982
2025-04-14,EURUSD=X,-0.18790629506111145
2025-04-15,EURUSD=X,12.216523170471191
2025-04-16,EURUSD=X,-3.8291139602661133
2025-04-17,EURUSD=X,-9.000158309936523
2025-04-22,EURUSD=X,-13.445322036743164
2025-04-23,EURUSD=X,8.01062297821045
2025-04-24,EURUSD=X,6.096491813659668
2025-04-25,EURUSD=X,-2.841374158859253
2025-04-28,EURUSD=X,-7.618582248687744
2025-04-29,EURUSD=X,2.199885845184326
2025-04-30,EURUSD=X,-3.576521396636963
2025-05-01,EURUSD=X,7.538337707519531
2025-05-02,EURUSD=X,6.201180458068848
2025-05-05,EURUSD=X,8.430603981018066
2025-05-06,EURUSD=X,-2.060558795928955
2025-05-07,EURUSD=X,-0.016220439225435257
2025-05-08,EURUSD=X,-5.553380966186523
2025-05-09,EURUSD=X,7.115293025970459
2025-05-12,EURUSD=X,5.098917007446289
2025-05-13,EURUSD=X,1.242567539215088
2025-05-14,EURUSD=X,6.7676825523376465
2025-05-15,EURUSD=X,0.9460399150848389
2025-05-16,EURUSD=X,-5.781863689422607
2025-05-19,EURUSD=X,4.182923316955566
2025-05-20,EURUSD=X,1.2422137260437012
2025-05-21,EURUSD=X,3.0822525024414062
2025-05-22,EURUSD=X,5.588963985443115
2025-05-23,EURUSD=X,4.173189640045166
2025-05-26,EURUSD=X,7.301080703735352
2025-05-27,EURUSD=X,10.938940048217773
2025-05-28,EURUSD=X,2.4930419921875
2025-05-29,EURUSD=X,5.890253067016602
2025-05-30,EURUSD=X,9.834962844848633
2025-06-02,EURUSD=X,11.596699714660645
2025-06-03,EURUSD=X,9.076902389526367
2025-06-04,EURUSD=X,2.926140546798706
2025-06-05,EURUSD=X,3.7000510692596436
2025-06-06,EURUSD=X,-5.994638442993164
2025-06-09,EURUSD=X,-5.036984443664551
2025-06-10,EURUSD=X,-0.5633306503295898
2025-06-11,EURUSD=X,4.404570579528809
2025-06-12,EURUSD=X,12.663061141967773
2025-06-13,EURUSD=X,5.6150407791137695
2025-06-16,EURUSD=X,12.2178316116333
2025-06-17,EURUSD=X,1.8230230808258057
2025-06-18,EURUSD=X,12.837345123291016
2025-06-19,EURUSD=X,9.891756057739258
2025-06-20,EURUSD=X,-12.894041061401367
2025-06-23,EURUSD=X,2.3582866191864014
2025-06-24,EURUSD=X,-6.560672760009766
2025-06-25,EURUSD=X,-3.342625617980957
2025-06-26,EURUSD=X,-8.939652442932129
2025-06-27,EURUSD=X,9.371674537658691
2025-02-26,NVDA,0.6097368597984314
2025-02-27,NVDA,0.36307811737060547
2025-02-28,NVDA,1.244146704673767
2025-03-03,NVDA,0.6296732425689697
2025-03-04,NVDA,0.9717644453048706
2025-03-05,NVDA,0.988542914390564
2025-03-06,NVDA,1.247256875038147
2025-03-07,NVDA,1.073224425315857
2025-03-10,NVDA,1.2223849296569824
2025-03-11,NVDA,-1.7856131792068481
2025-03-12,NVDA,1.2395447492599487
2025-03-13,NVDA,1.0625795125961304
2025-03-14,NVDA,0.839347779750824
2025-03-17,NVDA,1.2291337251663208
2025-03-18,NVDA,-0.28678110241889954
2025-03-19,NVDA,0.8136637210845947
2025-03-20,NVDA,1.8389719724655151
2025-03-21,NVDA,1.4935358762741089
2025-03-24,NVDA,-0.9272468090057373
2025-03-25,NVDA,0.4493491053581238
2025-03-26,NVDA,-0.7330489158630371
2025-03-27,NVDA,0.43429985642433167
2025-03-28,NVDA,1.341958999633789
2025-03-31,NVDA,0.6734535098075867
2025-04-01,NVDA,0.15575061738491058
2025-04-02,NVDA,-1.1232441663742065
2025-04-03,NVDA,-0.4923468828201294
2025-04-04,NVDA,0.6386473774909973
2025-04-07,NVDA,0.6149659752845764
2025-04-08,NVDA,0.06847985088825226
2025-04-09,NVDA,0.7942231893539429
2025-04-10,NVDA,0.4984261393547058
2025-04-11,NVDA,0.7481019496917725
2025-04-14,NVDA,0.20141476392745972
2025-04-15,NVDA,-0.4051576852798462
2025-04-16,NVDA,-0.6877669095993042
2025-04-17,NVDA,0.5770359635353088
2025-04-21,NVDA,0.5975390672683716
2025-04-22,NVDA,1.0444843769073486
2025-04-23,NVDA,-0.6655739545822144
2025-04-24,NVDA,0.6035506129264832
2025-04-25,NVDA,-1.5097733736038208
2025-04-28,NVDA,-0.8073360323905945
2025-04-29,NVDA,-0.47714361548423767
2025-04-30,NVDA,-0.875986635684967
2025-05-01,NVDA,0.8804892301559448
2025-05-02,NVDA,0.48427775502204895
2025-05-05,NVDA,0.6205509305000305
2025-05-06,NVDA,1.423791527748108
2025-05-07,NVDA,1.6187132596969604
2025-05-08,NVDA,1.7841272354125977
2025-05-09,NVDA,1.1668689250946045
2025-05-12,NVDA,0.03750062733888626
2025-05-13,NVDA,-1.7175747156143188
2025-05-14,NVDA,-1.8647358417510986
2025-05-15,NVDA,-0.0411323718726635
2025-05-16,NVDA,-0.3468708097934723
2025-05-19,NVDA,1.2121646404266357
2025-05-20,NVDA,-0.2223801165819168
2025-05-21,NVDA,1.0707175731658936
2025-05-22,NVDA,0.5300354957580566
2025-05-23,NVDA,0.7831560373306274
2025-05-27,NVDA,0.6348390579223633
2025-05-28,NVDA,-1.1714801788330078
2025-05-29,NVDA,0.037828825414180756
2025-05-30,NVDA,0.7721776366233826
2025-06-02,NVDA,1.232539415359497
2025-06-03,NVDA,1.2153841257095337
2025-06-04,NVDA,1.1464143991470337
2025-06-05,NVDA,0.5606457591056824
2025-06-06,NVDA,0.5736609697341919
2025-06-09,NVDA,1.6970250606536865
2025-06-10,NVDA,1.2935549020767212
2025-06-11,NVDA,1.6054106950759888
2025-06-12,NVDA,0.14156456291675568
2025-06-13,NVDA,0.6761950254440308
2025-06-16,NVDA,0.5759114623069763
2025-06-17,NVDA,-1.6939480304718018
2025-06-18,NVDA,-0.5490392446517944
2025-06-20,NVDA,0.5011638402938843
2025-06-23,NVDA,2.063514471054077
2025-06-24,NVDA,1.0282388925552368
2025-06-25,NVDA,0.12076522409915924
2025-06-26,NVDA,1.1087793111801147
2025-06-27,NVDA,-0.12531068921089172
2025-02-26,AAPL,3.0579261779785156
2025-02-27,AAPL,-0.07767407596111298
2025-02-28,AAPL,-2.1940524578094482
2025-03-03,AAPL,-4.089264869689941
2025-03-04,AAPL,3.0560412406921387
2025-03-05,AAPL,4.179691314697266
2025-03-06,AAPL,3.1824631690979004
2025-03-07,AAPL,3.9739837646484375
2025-03-10,AAPL,2.631481170654297
2025-03-11,AAPL,3.216250419616699
2025-03-12,AAPL,2.8743133544921875
2025-03-13,AAPL,-1.8739973306655884
2025-03-14,AAPL,-1.8559587001800537
2025-03-17,AAPL,0.32078859210014343
2025-03-18,AAPL,1.472533941268921
2025-03-19,AAPL,1.269250750541687
2025-03-20,AAPL,0.5889847874641418
2025-03-21,AAPL,0.4527522027492523
2025-03-24,AAPL,0.7259494066238403
2025-03-25,AAPL,0.6251896619796753
2025-03-26,AAPL,-4.976448059082031
2025-03-27,AAPL,-4.221850395202637
2025-03-28,AAPL,-1.8502109050750732
2025-03-31,AAPL,-4.901683807373047
2025-04-01,AAPL,-2.284137010574341
2025-04-02,AAPL,-4.040259838104248
2025-04-03,AAPL,-2.9740231037139893
2025-04-04,AAPL,-1.3712774515151978
2025-04-07,AAPL,-2.9498167037963867
2025-04-08,AAPL,2.427262783050537
2025-04-09,AAPL,0.7895058393478394
2025-04-10,AAPL,1.5496187210083008
2025-04-11,AAPL,1.8785569667816162
2025-04-14,AAPL,1.079667568206787
2025-04-15,AAPL,-1.216793179512024
2025-04-16,AAPL,-0.0033967341296374798
2025-04-17,AAPL,-0.27164098620414734
2025-04-21,AAPL,1.2208131551742554
2025-04-22,AAPL,-0.6114843487739563
2025-04-23,AAPL,0.21053364872932434
2025-04-24,AAPL,-0.08031173795461655
2025-04-25,AAPL,-0.7687632441520691
2025-04-28,AAPL,0.5130577087402344
2025-04-29,AAPL,1.398244857788086
2025-04-30,AAPL,0.3456338047981262
2025-05-01,AAPL,1.8308284282684326
2025-05-02,AAPL,1.2627428770065308
2025-05-05,AAPL,1.9300459623336792
2025-05-06,AAPL,1.375930905342102
2025-05-07,AAPL,0.43676841259002686
2025-05-08,AAPL,0.6888673901557922
2025-05-09,AAPL,0.7456063032150269
2025-05-12,AAPL,-0.4432573914527893
2025-05-13,AAPL,-1.9207407236099243
2025-05-14,AAPL,-2.2101235389709473
2025-05-15,AAPL,-1.7178583145141602
2025-05-16,AAPL,-0.053650595247745514
2025-05-19,AAPL,0.7239418625831604
2025-05-20,AAPL,-2.799858808517456
2025-05-21,AAPL,-0.5546022653579712
2025-05-22,AAPL,1.2155241966247559
2025-05-23,AAPL,1.1051477193832397
2025-05-27,AAPL,-0.30695539712905884
2025-05-28,AAPL,-0.44857144355773926
2025-05-29,AAPL,1.5817978382110596
2025-05-30,AAPL,1.6797728538513184
2025-06-02,AAPL,1.2933604717254639
2025-06-03,AAPL,1.0581940412521362
2025-06-04,AAPL,1.7750442028045654
2025-06-05,AAPL,1.3102741241455078
2025-06-06,AAPL,-0.3786754608154297
2025-06-09,AAPL,-1.9521304368972778
2025-06-10,AAPL,-0.7963565587997437
2025-06-11,AAPL,-0.8750736713409424
2025-06-12,AAPL,1.7444031238555908
2025-06-13,AAPL,1.9111038446426392
2025-06-16,AAPL,2.809221029281616
2025-06-17,AAPL,0.12700031697750092
2025-06-18,AAPL,0.8913571834564209
2025-06-20,AAPL,0.8599070310592651
2025-06-23,AAPL,-1.0328741073608398
2025-06-24,AAPL,-1.9590424299240112
2025-06-25,AAPL,-2.892371416091919
2025-06-26,AAPL,0.6747670769691467
2025-06-27,AAPL,-0.626981794834137
2025-02-26,GC=F,5.3892669677734375
2025-02-27,GC=F,2.760854721069336
2025-02-28,GC=F,1.688359260559082
2025-03-03,GC=F,0.664696455001831
2025-03-04,GC=F,-0.28062719106674194
2025-03-05,GC=F,-2.7840771675109863
2025-03-06,GC=F,-1.9725384712219238
2025-03-07,GC=F,-0.08547169715166092
2025-03-10,GC=F,0.2834521234035492
2025-03-11,GC=F,0.5976222157478333
2025-03-12,GC=F,-3.7945377826690674
2025-03-13,GC=F,2.255402088165283
2025-03-14,GC=F,-1.4653376340866089
2025-03-17,GC=F,-3.6012587547302246
2025-03-18,GC=F,-0.8706105351448059
2025-03-19,GC=F,6.6236467361450195
2025-03-20,GC=F,6.792910575866699
2025-03-21,GC=F,6.4151201248168945
2025-03-24,GC=F,6.508050918579102
2025-03-25,GC=F,3.7449729442596436
2025-03-26,GC=F,-8.73529052734375
2025-03-27,GC=F,-9.069223403930664
2025-03-28,GC=F,-8.630407333374023
2025-03-31,GC=F,-4.250792503356934
2025-04-01,GC=F,-7.172991752624512
2025-04-02,GC=F,-1.3262969255447388
2025-04-03,GC=F,-2.948188066482544
2025-04-04,GC=F,-0.5956816077232361
2025-04-07,GC=F,4.722775936126709
2025-04-08,GC=F,-4.419681549072266
2025-04-09,GC=F,-2.8242743015289307
2025-04-10,GC=F,1.471146821975708
2025-04-11,GC=F,3.7253270149230957
2025-04-14,GC=F,4.983053684234619
2025-04-15,GC=F,0.11331962049007416
2025-04-16,GC=F,-3.6672964096069336
2025-04-17,GC=F,1.937723994255066
2025-04-21,GC=F,2.009996175765991
2025-04-22,GC=F,5.164843559265137
2025-04-23,GC=F,4.375268936157227
2025-04-24,GC=F,1.8478519916534424
2025-04-25,GC=F,-3.424072265625
2025-04-28,GC=F,-5.680427551269531
2025-04-29,GC=F,3.485854148864746
2025-04-30,GC=F,-3.318042278289795
2025-05-01,GC=F,-0.17564302682876587
2025-05-02,GC=F,2.1218082904815674
2025-05-05,GC=F,-3.726778268814087
2025-05-06,GC=F,-1.1408952474594116
2025-05-07,GC=F,-4.860077381134033
2025-05-08,GC=F,-4.627223491668701
2025-05-09,GC=F,3.24407958984375
2025-05-12,GC=F,2.278566360473633
2025-05-13,GC=F,0.7162059545516968
2025-05-14,GC=F,1.4354618787765503
2025-05-15,GC=F,-1.7118382453918457
2025-05-16,GC=F,0.3537150025367737
2025-05-19,GC=F,-4.2192792892456055
2025-05-20,GC=F,-0.07228386402130127
2025-05-21,GC=F,0.8704532384872437
2025-05-22,GC=F,0.730873703956604
2025-05-23,GC=F,-0.5700254440307617
2025-05-27,GC=F,-0.6413316130638123
2025-05-28,GC=F,2.2046594619750977
2025-05-29,GC=F,3.3967671394348145
2025-05-30,GC=F,5.067465782165527
2025-06-02,GC=F,-3.1666183471679688
2025-06-03,GC=F,3.8863308429718018
2025-06-04,GC=F,-2.816358804702759
2025-06-05,GC=F,1.7997465133666992
2025-06-06,GC=F,5.6026387214660645
2025-06-09,GC=F,3.9565470218658447
2025-06-10,GC=F,-4.303579330444336
2025-06-11,GC=F,-0.7729707360267639
2025-06-12,GC=F,1.286526083946228
2025-06-13,GC=F,-3.1313109397888184
2025-06-16,GC=F,-2.680400848388672
2025-06-17,GC=F,3.443394422531128
2025-06-18,GC=F,-0.03437286987900734
2025-06-20,GC=F,0.8127990365028381
2025-06-23,GC=F,2.556342601776123
2025-06-24,GC=F,1.2661540508270264
2025-06-25,GC=F,-0.5475145578384399
2025-06-26,GC=F,-0.10870929062366486
2025-06-27,GC=F,-0.464922696352005
2025-02-25,GBPUSD=X,2.257093906402588
2025-02-26,GBPUSD=X,13.238948822021484
2025-02-27,GBPUSD=X,-6.61302375793457
2025-02-28,GBPUSD=X,7.606476306915283
2025-03-03,GBPUSD=X,-7.675853729248047
2025-03-04,GBPUSD=X,6.238348484039307
2025-03-05,GBPUSD=X,4.432906627655029
2025-03-06,GBPUSD=X,8.709320068359375
2025-03-07,GBPUSD=X,5.062256336212158
2025-03-10,GBPUSD=X,14.295184135437012
2025-03-11,GBPUSD=X,11.539061546325684
2025-03-12,GBPUSD=X,12.756851196289062
2025-03-13,GBPUSD=X,5.513469219207764
2025-03-14,GBPUSD=X,4.9016804695129395
2025-03-17,GBPUSD=X,13.045266151428223
2025-03-18,GBPUSD=X,14.704784393310547
2025-03-19,GBPUSD=X,0.25325891375541687
2025-03-20,GBPUSD=X,-7.618443489074707
2025-03-21,GBPUSD=X,-2.663414478302002
2025-03-24,GBPUSD=X,8.506780624389648
2025-03-25,GBPUSD=X,15.003256797790527
2025-03-26,GBPUSD=X,13.772520065307617
2025-03-27,GBPUSD=X,9.381847381591797
2025-03-28,GBPUSD=X,7.212745189666748
2025-03-31,GBPUSD=X,-1.9810682535171509
2025-04-01,GBPUSD=X,2.8872857093811035
2025-04-02,GBPUSD=X,-13.165916442871094
2025-04-03,GBPUSD=X,1.5812939405441284
2025-04-04,GBPUSD=X,3.7320351600646973
2025-04-07,GBPUSD=X,1.5254034996032715
2025-04-08,GBPUSD=X,1.070326328277588
2025-04-09,GBPUSD=X,8.34449291229248
2025-04-10,GBPUSD=X,0.4751548171043396
2025-04-11,GBPUSD=X,2.37253737449646
2025-04-14,GBPUSD=X,-4.885212421417236
2025-04-15,GBPUSD=X,-2.696232557296753
2025-04-16,GBPUSD=X,-12.31364631652832
2025-04-17,GBPUSD=X,-6.591454029083252
2025-04-22,GBPUSD=X,6.273035526275635
2025-04-23,GBPUSD=X,0.09358098357915878
2025-04-24,GBPUSD=X,11.707941055297852
2025-04-25,GBPUSD=X,12.14979362487793
2025-04-28,GBPUSD=X,7.379913330078125
2025-04-29,GBPUSD=X,5.880620002746582
2025-04-30,GBPUSD=X,-7.667820453643799
2025-05-01,GBPUSD=X,-2.8561153411865234
2025-05-02,GBPUSD=X,9.253641128540039
2025-05-05,GBPUSD=X,12.757182121276855
2025-05-06,GBPUSD=X,8.404003143310547
2025-05-07,GBPUSD=X,7.729165554046631
2025-05-08,GBPUSD=X,2.635711193084717
2025-05-09,GBPUSD=X,6.9999165534973145
2025-05-12,GBPUSD=X,3.976707696914673
2025-05-13,GBPUSD=X,-5.163298606872559
2025-05-14,GBPUSD=X,5.611522674560547
2025-05-15,GBPUSD=X,-1.272240400314331
2025-05-16,GBPUSD=X,-0.45335307717323303
2025-05-19,GBPUSD=X,2.837925434112549
2025-05-20,GBPUSD=X,3.839874505996704
2025-05-21,GBPUSD=X,6.265725612640381
2025-05-22,GBPUSD=X,5.475747108459473
2025-05-23,GBPUSD=X,13.585848808288574
2025-05-26,GBPUSD=X,13.936667442321777
2025-05-27,GBPUSD=X,9.611114501953125
2025-05-28,GBPUSD=X,5.687733173370361
2025-05-29,GBPUSD=X,-10.042609214782715
2025-05-30,GBPUSD=X,-2.807342052459717
2025-06-02,GBPUSD=X,-8.52055549621582
2025-06-03,GBPUSD=X,-10.886975288391113
2025-06-04,GBPUSD=X,-12.334514617919922
2025-06-05,GBPUSD=X,-2.108839988708496
2025-06-06,GBPUSD=X,-12.504898071289062
2025-06-09,GBPUSD=X,-4.284221172332764
2025-06-10,GBPUSD=X,-0.41295111179351807
2025-06-11,GBPUSD=X,2.2482550144195557
2025-06-12,GBPUSD=X,12.2871675491333
2025-06-13,GBPUSD=X,2.1054344177246094
2025-06-16,GBPUSD=X,0.19758734107017517
2025-06-17,GBPUSD=X,-7.825723171234131
2025-06-18,GBPUSD=X,12.798973083496094
2025-06-19,GBPUSD=X,2.4260642528533936
2025-06-20,GBPUSD=X,-4.6151533126831055
2025-06-23,GBPUSD=X,6.223503112792969
2025-06-24,GBPUSD=X,-0.12492439895868301
2025-06-25,GBPUSD=X,2.213651418685913
2025-06-26,GBPUSD=X,-1.6289842128753662
2025-06-27,GBPUSD=X,0.813169002532959
2025-02-26,GOOGL,2.4346883296966553
2025-02-27,GOOGL,2.6030094623565674
2025-02-28,GOOGL,2.4256603717803955
2025-03-03,GOOGL,0.2357221394777298
2025-03-04,GOOGL,0.9442808628082275
2025-03-05,GOOGL,0.8931951522827148
2025-03-06,GOOGL,1.1483439207077026
2025-03-07,GOOGL,1.9945248365402222
2025-03-10,GOOGL,2.0057599544525146
2025-03-11,GOOGL,3.292431592941284
2025-03-12,GOOGL,1.6979072093963623
2025-03-13,GOOGL,2.346447706222534
2025-03-14,GOOGL,1.388590931892395
2025-03-17,GOOGL,0.9177630543708801
2025-03-18,GOOGL,1.0897821187973022
2025-03-19,GOOGL,0.5713891386985779
2025-03-20,GOOGL,0.4030609428882599
2025-03-21,GOOGL,1.7834488153457642
2025-03-24,GOOGL,2.032301187515259
2025-03-25,GOOGL,-1.6881413459777832
2025-03-26,GOOGL,-1.0983048677444458
2025-03-27,GOOGL,0.2715027928352356
2025-03-28,GOOGL,1.3260856866836548
2025-03-31,GOOGL,-1.1318461894989014
2025-04-01,GOOGL,-3.426225423812866
2025-04-02,GOOGL,-4.142995834350586
2025-04-03,GOOGL,-3.8197262287139893
2025-04-04,GOOGL,-1.9791719913482666
2025-04-07,GOOGL,-0.6991891264915466
2025-04-08,GOOGL,2.4362845420837402
2025-04-09,GOOGL,1.034205675125122
2025-04-10,GOOGL,0.6422367095947266
2025-04-11,GOOGL,1.6160153150558472
2025-04-14,GOOGL,0.839878499507904
2025-04-15,GOOGL,-1.5547491312026978
2025-04-16,GOOGL,-0.4528602659702301
2025-04-17,GOOGL,0.7993600964546204
2025-04-21,GOOGL,1.5944883823394775
2025-04-22,GOOGL,1.4668141603469849
2025-04-23,GOOGL,1.3008880615234375
2025-04-24,GOOGL,0.8683968782424927
2025-04-25,GOOGL,-2.6552274227142334
2025-04-28,GOOGL,-0.15430325269699097
2025-04-29,GOOGL,2.129074811935425
2025-04-30,GOOGL,0.8754491209983826
2025-05-01,GOOGL,1.1051223278045654
2025-05-02,GOOGL,1.5729725360870361
2025-05-05,GOOGL,-0.9103266596794128
2025-05-06,GOOGL,-1.772605538368225
2025-05-07,GOOGL,0.6565082669258118
2025-05-08,GOOGL,0.9893873333930969
2025-05-09,GOOGL,1.3908545970916748
2025-05-12,GOOGL,0.30353617668151855
2025-05-13,GOOGL,-0.214252769947052
2025-05-14,GOOGL,-2.3801498413085938
2025-05-15,GOOGL,-0.6976529955863953
2025-05-16,GOOGL,-0.6192368865013123
2025-05-19,GOOGL,1.0231239795684814
2025-05-20,GOOGL,0.7477142214775085
2025-05-21,GOOGL,2.5636723041534424
2025-05-22,GOOGL,0.9997402429580688
2025-05-23,GOOGL,2.3320417404174805
2025-05-27,GOOGL,2.421437978744507
2025-05-28,GOOGL,2.5815892219543457
2025-05-29,GOOGL,2.541896104812622
2025-05-30,GOOGL,-2.439040184020996
2025-06-02,GOOGL,1.697803258895874
2025-06-03,GOOGL,1.8583922386169434
2025-06-04,GOOGL,3.1548824310302734
2025-06-05,GOOGL,0.16752715408802032
2025-06-06,GOOGL,-2.715592622756958
2025-06-09,GOOGL,-1.8965506553649902
2025-06-10,GOOGL,-1.286820888519287
2025-06-11,GOOGL,-0.32897278666496277
2025-06-12,GOOGL,-0.985939621925354
2025-06-13,GOOGL,1.5458760261535645
2025-06-16,GOOGL,1.46272611618042
2025-06-17,GOOGL,1.201994776725769
2025-06-18,GOOGL,-0.03318692743778229
2025-06-20,GOOGL,0.5772397518157959
2025-06-23,GOOGL,1.3637239933013916
2025-06-24,GOOGL,-1.234303593635559
2025-06-25,GOOGL,1.4056921005249023
2025-06-26,GOOGL,1.3679511547088623
2025-06-27,GOOGL,0.5283348560333252
2025-02-25,USDJPY=X,-9.995085716247559
2025-02-26,USDJPY=X,4.213927745819092
2025-02-27,USDJPY=X,2.1389284133911133
2025-02-28,USDJPY=X,-1.3091763257980347
2025-03-03,USDJPY=X,0.8230584263801575
2025-03-04,USDJPY=X,-7.403079986572266
2025-03-05,USDJPY=X,3.7412517070770264
2025-03-06,USDJPY=X,5.145805358886719
2025-03-07,USDJPY=X,2.0455522537231445
2025-03-10,USDJPY=X,-2.1923441886901855
2025-03-11,USDJPY=X,4.476494789123535
2025-03-12,USDJPY=X,2.941941499710083
2025-03-13,USDJPY=X,9.025124549865723
2025-03-14,USDJPY=X,10.563349723815918
2025-03-17,USDJPY=X,-3.2691426277160645
2025-03-18,USDJPY=X,-4.730168342590332
2025-03-19,USDJPY=X,-6.408093452453613
2025-03-20,USDJPY=X,-1.0625052452087402
2025-03-21,USDJPY=X,-1.965011715888977
2025-03-24,USDJPY=X,5.710046291351318
2025-03-25,USDJPY=X,4.465453147888184
2025-03-26,USDJPY=X,-4.425228118896484
2025-03-27,USDJPY=X,4.284842014312744
2025-03-28,USDJPY=X,8.444831848144531
2025-03-31,USDJPY=X,7.906365394592285
2025-04-01,USDJPY=X,2.6448216438293457
2025-04-02,USDJPY=X,2.2613134384155273
2025-04-03,USDJPY=X,2.0657284259796143
2025-04-04,USDJPY=X,-4.913431644439697
2025-04-07,USDJPY=X,0.18587975203990936
2025-04-08,USDJPY=X,2.3931405544281006
2025-04-09,USDJPY=X,8.161014556884766
2025-04-10,USDJPY=X,9.145782470703125
2025-04-11,USDJPY=X,5.420432090759277
2025-04-14,USDJPY=X,4.350790023803711
2025-04-15,USDJPY=X,2.588815927505493
2025-04-16,USDJPY=X,0.05653982236981392
2025-04-17,USDJPY=X,5.282422065734863
2025-04-22,USDJPY=X,5.865774631500244
2025-04-23,USDJPY=X,2.707185983657837
2025-04-24,USDJPY=X,5.878686428070068
2025-04-25,USDJPY=X,-4.114414215087891
2025-04-28,USDJPY=X,3.2211170196533203
2025-04-29,USDJPY=X,-9.848047256469727
2025-04-30,USDJPY=X,-1.7058212757110596
2025-05-01,USDJPY=X,-6.236795902252197
2025-05-02,USDJPY=X,7.720442295074463
2025-05-05,USDJPY=X,0.2845386564731598
2025-05-06,USDJPY=X,4.826657772064209
2025-05-07,USDJPY=X,5.5274271965026855
2025-05-08,USDJPY=X,-2.29142689704895
2025-05-09,USDJPY=X,-0.11449082940816879
2025-05-12,USDJPY=X,-1.1690171957015991
2025-05-13,USDJPY=X,8.754266738891602
2025-05-14,USDJPY=X,0.16427433490753174
2025-05-15,USDJPY=X,6.284119129180908
2025-05-16,USDJPY=X,4.236559867858887
2025-05-19,USDJPY=X,0.3595864176750183
2025-05-20,USDJPY=X,0.64438396692276
2025-05-21,USDJPY=X,6.746151924133301
2025-05-22,USDJPY=X,7.071245193481445
2025-05-23,USDJPY=X,4.756563186645508
2025-05-26,USDJPY=X,0.8268321752548218
2025-05-27,USDJPY=X,3.555604934692383
2025-05-28,USDJPY=X,1.2674460411071777
2025-05-29,USDJPY=X,-2.5187580585479736
2025-05-30,USDJPY=X,-2.8629605770111084
2025-06-02,USDJPY=X,4.100651264190674
2025-06-03,USDJPY=X,-2.0835490226745605
2025-06-04,USDJPY=X,0.6188297271728516
2025-06-05,USDJPY=X,3.987860918045044
2025-06-06,USDJPY=X,1.527635931968689
2025-06-09,USDJPY=X,2.1064870357513428
2025-06-10,USDJPY=X,-2.3850061893463135
2025-06-11,USDJPY=X,-10.51345443725586
2025-06-12,USDJPY=X,-4.836611747741699
2025-06-13,USDJPY=X,-2.023902416229248
2025-06-16,USDJPY=X,-1.9800680875778198
2025-06-17,USDJPY=X,2.246549129486084
2025-06-18,USDJPY=X,-4.4430742263793945
2025-06-19,USDJPY=X,-6.614455699920654
2025-06-20,USDJPY=X,5.772092342376709
2025-06-23,USDJPY=X,0.481574684381485
2025-06-24,USDJPY=X,5.982054710388184
2025-06-25,USDJPY=X,5.799558162689209
2025-06-26,USDJPY=X,2.5070228576660156
2025-06-27,USDJPY=X,-0.35923781991004944
2025-02-26,META,2.3622031211853027
2025-02-27,META,1.8289170265197754
2025-02-28,META,2.6056480407714844
2025-03-03,META,0.0686413124203682
2025-03-04,META,-1.0620771646499634
2025-03-05,META,-0.27066242694854736
2025-03-06,META,-1.1783467531204224
2025-03-07,META,0.29325586557388306
2025-03-10,META,1.5746392011642456
2025-03-11,META,0.8330026865005493
2025-03-12,META,-0.8851900100708008
2025-03-13,META,-2.0518603324890137
2025-03-14,META,2.4665539264678955
2025-03-17,META,0.5676208734512329
2025-03-18,META,2.2245771884918213
2025-03-19,META,2.917692184448242
2025-03-20,META,1.7547376155853271
2025-03-21,META,2.7255711555480957
2025-03-24,META,-2.540198802947998
2025-03-25,META,-2.5275700092315674
2025-03-26,META,-2.817577838897705
2025-03-27,META,0.4335743188858032
2025-03-28,META,0.9316181540489197
2025-03-31,META,-0.9067865610122681
2025-04-01,META,-0.2382819652557373
2025-04-02,META,-3.741819143295288
2025-04-03,META,-3.267796277999878
2025-04-04,META,-2.1512579917907715
2025-04-07,META,0.7105370759963989
2025-04-08,META,1.5170716047286987
2025-04-09,META,1.450352668762207
2025-04-10,META,0.6749164462089539
2025-04-11,META,2.1185169219970703
2025-04-14,META,1.7866257429122925
2025-04-15,META,-1.3092365264892578
2025-04-16,META,0.9238713383674622
2025-04-17,META,1.149104118347168
2025-04-21,META,0.9944173097610474
2025-04-22,META,-1.2928730249404907
2025-04-23,META,-1.5413212776184082
2025-04-24,META,0.76887047290802
2025-04-25,META,-1.1457370519638062
2025-04-28,META,-0.8120824098587036
2025-04-29,META,-2.3773841857910156
2025-04-30,META,-2.0866811275482178
2025-05-01,META,-2.8346734046936035
2025-05-02,META,-2.7344019412994385
2025-05-05,META,-2.1074907779693604
2025-05-06,META,1.2023810148239136
2025-05-07,META,0.883818507194519
2025-05-08,META,1.5037713050842285
2025-05-09,META,0.588001012802124
2025-05-12,META,-1.2815747261047363
2025-05-13,META,-1.8219587802886963
2025-05-14,META,-2.045990467071533
2025-05-15,META,1.4938774108886719
2025-05-16,META,0.4779204726219177
2025-05-19,META,0.911830484867096
2025-05-20,META,0.4074925482273102
2025-05-21,META,0.7039199471473694
2025-05-22,META,1.2400333881378174
2025-05-23,META,1.4197725057601929
2025-05-27,META,0.4685584306716919
2025-05-28,META,-0.5663649439811707
2025-05-29,META,0.38240212202072144
2025-05-30,META,0.7854176759719849
2025-06-02,META,-0.5877734422683716
2025-06-03,META,1.8678393363952637
2025-06-04,META,2.3465001583099365
2025-06-05,META,2.181614875793457
2025-06-06,META,2.2912380695343018
2025-06-09,META,2.5796735286712646
2025-06-10,META,2.3049652576446533
2025-06-11,META,2.0389463901519775
2025-06-12,META,0.6571587324142456
2025-06-13,META,1.2992759943008423
2025-06-16,META,1.27690851688385
2025-06-17,META,0.119350366294384
2025-06-18,META,0.4401382803916931
2025-06-20,META,2.180377721786499
2025-06-23,META,1.4251179695129395
2025-06-24,META,1.9247773885726929
2025-06-25,META,-1.6801161766052246
2025-06-26,META,-1.1139882802963257
2025-06-27,META,-0.9362944960594177
2025-02-26,AMZN,0.6787988543510437
2025-02-27,AMZN,1.817905068397522
2025-02-28,AMZN,2.8034636974334717
2025-03-03,AMZN,3.1766786575317383
2025-03-04,AMZN,0.798649251461029
2025-03-05,AMZN,0.5932319164276123
2025-03-06,AMZN,1.1699814796447754
2025-03-07,AMZN,0.8826605081558228
2025-03-10,AMZN,-2.5238752365112305
2025-03-11,AMZN,-3.9473981857299805
2025-03-12,AMZN,1.2072978019714355
2025-03-13,AMZN,2.9047439098358154
2025-03-14,AMZN,3.0735952854156494
2025-03-17,AMZN,3.416513681411743
2025-03-18,AMZN,2.3322701454162598
2025-03-19,AMZN,1.51249098777771
2025-03-20,AMZN,1.3041452169418335
2025-03-21,AMZN,3.2574656009674072
2025-03-24,AMZN,-1.0280790328979492
2025-03-25,AMZN,-0.570865273475647
2025-03-26,AMZN,-0.4068852365016937
2025-03-27,AMZN,0.8294535875320435
2025-03-28,AMZN,0.6836691498756409
2025-03-31,AMZN,-0.9590051174163818
2025-04-01,AMZN,-3.1684818267822266
2025-04-02,AMZN,-4.359067916870117
2025-04-03,AMZN,-1.1544361114501953
2025-04-04,AMZN,-0.4495793282985687
2025-04-07,AMZN,1.6588698625564575
2025-04-08,AMZN,0.9316309094429016
2025-04-09,AMZN,1.6182262897491455
2025-04-10,AMZN,-0.28169330954551697
2025-04-11,AMZN,1.824747920036316
2025-04-14,AMZN,1.234113335609436
2025-04-15,AMZN,-2.4434337615966797
2025-04-16,AMZN,0.4880320131778717
2025-04-17,AMZN,0.2721075713634491
2025-04-21,AMZN,1.7330650091171265
2025-04-22,AMZN,-0.09132515639066696
2025-04-23,AMZN,-1.9296984672546387
2025-04-24,AMZN,-1.1950231790542603
2025-04-25,AMZN,-2.563337564468384
2025-04-28,AMZN,-1.0502489805221558
2025-04-29,AMZN,0.6534859538078308
2025-04-30,AMZN,1.750821828842163
2025-05-01,AMZN,-2.6209335327148438
2025-05-02,AMZN,1.731099009513855
2025-05-05,AMZN,-0.22287596762180328
2025-05-06,AMZN,0.8755382895469666
2025-05-07,AMZN,-0.5174850225448608
2025-05-08,AMZN,0.8005391955375671
2025-05-09,AMZN,0.7998157143592834
2025-05-12,AMZN,-0.794773280620575
2025-05-13,AMZN,-2.6751224994659424
2025-05-14,AMZN,-0.3664056360721588
2025-05-15,AMZN,2.364063024520874
2025-05-16,AMZN,0.352247416973114
2025-05-19,AMZN,1.761125922203064
2025-05-20,AMZN,-1.9635751247406006
2025-05-21,AMZN,0.582897424697876
2025-05-22,AMZN,0.9542316794395447
2025-05-23,AMZN,1.9389660358428955
2025-05-27,AMZN,1.3749821186065674
2025-05-28,AMZN,0.08966949582099915
2025-05-29,AMZN,0.8205651640892029
2025-05-30,AMZN,1.5485315322875977
2025-06-02,AMZN,1.765320897102356
2025-06-03,AMZN,2.7319045066833496
2025-06-04,AMZN,2.829951763153076
2025-06-05,AMZN,2.4673805236816406
2025-06-06,AMZN,1.6715587377548218
2025-06-09,AMZN,1.8987923860549927
2025-06-10,AMZN,2.3082892894744873
2025-06-11,AMZN,2.314342737197876
2025-06-12,AMZN,0.6312208771705627
2025-06-13,AMZN,1.1376723051071167
2025-06-16,AMZN,2.8640317916870117
2025-06-17,AMZN,2.5926239490509033
2025-06-18,AMZN,2.9231107234954834
2025-06-20,AMZN,1.7575173377990723
2025-06-23,AMZN,2.4946863651275635
2025-06-24,AMZN,0.6725485920906067
2025-06-25,AMZN,-1.3605388402938843
2025-06-26,AMZN,0.37613481283187866
2025-06-27,AMZN,-1.3628355264663696
2025-07-23,USDJPY=X,-6.743988990783691
2025-07-24,USDJPY=X,-2.0797502994537354
2025-07-25,USDJPY=X,8.593259811401367
2025-07-28,USDJPY=X,1.2669552564620972
2025-07-29,USDJPY=X,5.378462314605713
2025-07-30,USDJPY=X,6.957012176513672
2025-07-31,USDJPY=X,6.015625
2025-08-01,USDJPY=X,-10.8082857131958
2025-08-04,USDJPY=X,0.6908976435661316
2025-08-05,USDJPY=X,6.327309608459473
2025-08-06,USDJPY=X,4.546839237213135
2025-08-07,USDJPY=X,-11.881274223327637
2025-08-08,USDJPY=X,-9.173592567443848
2025-08-11,USDJPY=X,4.995016098022461
2025-08-12,USDJPY=X,1.2902507781982422
2025-08-13,USDJPY=X,7.370590686798096
2025-08-14,USDJPY=X,4.069361686706543
2025-08-15,USDJPY=X,0.42399537563323975
2025-08-18,USDJPY=X,4.078497409820557
2025-08-19,USDJPY=X,-2.5459089279174805
2025-08-20,USDJPY=X,-3.4912796020507812
2025-08-21,USDJPY=X,4.66651725769043
2025-08-22,USDJPY=X,7.323102951049805
2025-08-25,USDJPY=X,6.252423286437988
2025-08-26,USDJPY=X,5.686018943786621
2025-08-27,USDJPY=X,3.564300298690796
2025-08-28,USDJPY=X,0.0454731360077858
2025-08-29,USDJPY=X,-12.386619567871094
2025-09-01,USDJPY=X,7.463426113128662
2025-09-02,USDJPY=X,6.125707149505615
2025-09-03,USDJPY=X,8.070817947387695
2025-09-04,USDJPY=X,4.978401184082031
2025-09-05,USDJPY=X,7.686148643493652
2025-09-08,USDJPY=X,1.9591282606124878
2025-09-09,USDJPY=X,0.9305469989776611
2025-09-10,USDJPY=X,1.682714819908142
2025-09-11,USDJPY=X,2.921637773513794
2025-09-12,USDJPY=X,-0.1907345950603485
2025-09-15,USDJPY=X,3.6565728187561035
2025-09-16,USDJPY=X,-2.5970876216888428
2025-09-17,USDJPY=X,8.574779510498047
2025-09-18,USDJPY=X,9.396710395812988
2025-09-19,USDJPY=X,8.396817207336426
2025-09-22,USDJPY=X,4.140619277954102
2025-09-23,USDJPY=X,7.325068473815918
2025-09-24,USDJPY=X,7.2644267082214355
2025-09-25,USDJPY=X,2.888424873352051
2025-09-26,USDJPY=X,6.76826286315918
2025-09-29,USDJPY=X,-0.7063086032867432
2025-09-30,USDJPY=X,1.8062893152236938
2025-10-01,USDJPY=X,6.532417297363281
2025-10-02,USDJPY=X,5.72995138168335
2025-10-03,USDJPY=X,-3.1619434356689453
2025-10-06,USDJPY=X,-0.33162766695022583
2025-10-07,USDJPY=X,-7.036275386810303
2025-10-08,USDJPY=X,-4.409451961517334
2025-10-09,USDJPY=X,-9.944280624389648
2025-10-10,USDJPY=X,-5.948912620544434
2025-10-13,USDJPY=X,5.310340404510498
2025-10-14,USDJPY=X,0.9666177034378052
2025-10-15,USDJPY=X,-0.6776295304298401
2025-10-16,USDJPY=X,-6.289879322052002
2025-10-17,USDJPY=X,12.10583782196045
2025-10-20,USDJPY=X,8.202370643615723
2025-10-21,USDJPY=X,3.1938631534576416
2025-10-22,USDJPY=X,6.595449447631836
2025-10-23,USDJPY=X,3.44437575340271
2025-10-24,USDJPY=X,4.433640956878662
2025-10-27,USDJPY=X,3.255483627319336
2025-10-28,USDJPY=X,4.147210597991943
2025-10-29,USDJPY=X,1.7583351135253906
2025-10-30,USDJPY=X,4.90622615814209
2025-10-31,USDJPY=X,9.146585464477539
2025-11-03,USDJPY=X,12.434149742126465
2025-11-04,USDJPY=X,10.220234870910645
2025-11-05,USDJPY=X,5.9311699867248535
2025-11-06,USDJPY=X,-11.670023918151855
2025-11-07,USDJPY=X,-10.81763744354248
2025-11-10,USDJPY=X,-10.375036239624023
2025-11-11,USDJPY=X,4.356607913970947
2025-11-12,USDJPY=X,-2.886216163635254
2025-11-13,USDJPY=X,-10.53319263458252
2025-11-14,USDJPY=X,1.4166028499603271
2025-11-17,USDJPY=X,7.463883399963379
2025-11-18,USDJPY=X,6.530453205108643
2025-11-19,USDJPY=X,7.324105739593506
2025-11-20,USDJPY=X,3.831472635269165
2025-11-21,USDJPY=X,-5.511612892150879
2025-11-24,USDJPY=X,1.6047775745391846
2025-11-25,USDJPY=X,-4.7608747482299805
2025-11-26,USDJPY=X,6.113009929656982
2025-11-27,USDJPY=X,-0.24377219378948212
2025-07-23,INFY.NS,1.389578104019165
2025-07-24,INFY.NS,0.37560105323791504
2025-07-25,INFY.NS,2.213543176651001
2025-07-28,INFY.NS,-2.3638429641723633
2025-07-29,INFY.NS,-0.11797536909580231
2025-07-30,INFY.NS,0.7886924743652344
2025-07-31,INFY.NS,2.5454583168029785
2025-08-01,INFY.NS,4.963465213775635
2025-08-04,INFY.NS,2.21527361869812
2025-08-05,INFY.NS,1.7101079225540161
2025-08-06,INFY.NS,1.1142443418502808
2025-08-07,INFY.NS,2.186302661895752
2025-08-08,INFY.NS,2.3990392684936523
2025-08-11,INFY.NS,-1.7199476957321167
2025-08-12,INFY.NS,-0.5058979392051697
2025-08-13,INFY.NS,2.5239036083221436
2025-08-14,INFY.NS,2.3753104209899902
2025-08-18,INFY.NS,3.871406316757202
2025-08-19,INFY.NS,0.028850315138697624
2025-08-20,INFY.NS,-0.0066733406856656075
2025-08-21,INFY.NS,0.7295791506767273
2025-08-22,INFY.NS,0.9937800765037537
2025-08-25,INFY.NS,-4.4555840492248535
2025-08-26,INFY.NS,-4.330851078033447
2025-08-28,INFY.NS,-3.0419232845306396
2025-08-29,INFY.NS,-2.560657501220703
2025-09-01,INFY.NS,-4.908736705780029
2025-09-02,INFY.NS,-5.247782230377197
2025-09-03,INFY.NS,-4.28353214263916
2025-09-04,INFY.NS,0.6391800045967102
2025-09-05,INFY.NS,3.299825429916382
2025-09-08,INFY.NS,3.5548365116119385
2025-09-09,INFY.NS,1.5901247262954712
2025-09-10,INFY.NS,0.3966054618358612
2025-09-11,INFY.NS,1.0151368379592896
2025-09-12,INFY.NS,-2.4504594802856445
2025-09-15,INFY.NS,-0.7419816851615906
2025-09-16,INFY.NS,0.8672638535499573
2025-09-17,INFY.NS,1.7679873704910278
2025-09-18,INFY.NS,2.8426830768585205
2025-09-19,INFY.NS,0.09068556129932404
2025-09-22,INFY.NS,0.5346472263336182
2025-09-23,INFY.NS,-1.7172380685806274
2025-09-24,INFY.NS,-0.9294189214706421
2025-09-25,INFY.NS,1.1836388111114502
2025-09-26,INFY.NS,4.11668062210083
2025-09-29,INFY.NS,3.7437188625335693
2025-09-30,INFY.NS,2.3749916553497314
2025-10-01,INFY.NS,2.539924144744873
2025-10-03,INFY.NS,2.8429603576660156
2025-10-06,INFY.NS,1.9484608173370361
2025-10-07,INFY.NS,1.4737377166748047
2025-10-08,INFY.NS,0.09076377004384995
2025-10-09,INFY.NS,-2.2718849182128906
2025-10-10,INFY.NS,-2.1658661365509033
2025-10-13,INFY.NS,-2.29156494140625
2025-10-14,INFY.NS,-0.07847657054662704
2025-10-15,INFY.NS,3.7468645572662354
2025-10-16,INFY.NS,3.836129903793335
2025-10-17,INFY.NS,3.5023398399353027
2025-10-20,INFY.NS,-1.2840713262557983
2025-10-21,INFY.NS,-1.4309699535369873
2025-10-23,INFY.NS,-3.7288389205932617
2025-10-24,INFY.NS,-2.560849905014038
2025-10-27,INFY.NS,4.05300760269165
2025-10-28,INFY.NS,3.015798807144165
2025-10-29,INFY.NS,2.619856357574463
2025-10-30,INFY.NS,-1.1923714876174927
2025-10-31,INFY.NS,-3.303509473800659
2025-11-03,INFY.NS,0.08973779529333115
2025-11-04,INFY.NS,-0.16117914021015167
2025-11-06,INFY.NS,-1.6441595554351807
2025-11-07,INFY.NS,1.7970832586288452
2025-11-10,INFY.NS,1.6381583213806152
2025-11-11,INFY.NS,2.3176193237304688
2025-11-12,INFY.NS,-2.333216667175293
2025-11-13,INFY.NS,-1.776794672012329
2025-11-14,INFY.NS,0.7417489886283875
2025-11-17,INFY.NS,-2.9419658184051514
2025-11-18,INFY.NS,1.467650055885315
2025-11-19,INFY.NS,-0.06341473013162613
2025-11-20,INFY.NS,1.5410314798355103
2025-11-21,INFY.NS,2.618811845779419
2025-11-24,INFY.NS,1.8306121826171875
2025-11-25,INFY.NS,1.2219003438949585
2025-11-26,INFY.NS,-3.5497539043426514
2025-11-27,INFY.NS,1.9831981658935547
2025-07-24,IWM,-3.302277088165283
2025-07-25,IWM,-0.9354628324508667
2025-07-28,IWM,-0.5284249782562256
2025-07-29,IWM,1.5232852697372437
2025-07-30,IWM,1.9235998392105103
2025-07-31,IWM,3.8637795448303223
2025-08-01,IWM,4.910524845123291
2025-08-04,IWM,4.0278096199035645
2025-08-05,IWM,2.719374179840088
2025-08-06,IWM,3.7495813369750977
2025-08-07,IWM,3.3105251789093018
2025-08-08,IWM,3.8960118293762207
2025-08-11,IWM,3.2629621028900146
2025-08-12,IWM,-1.3887989521026611
2025-08-13,IWM,-3.1513655185699463
2025-08-14,IWM,3.100464105606079
2025-08-15,IWM,3.1620616912841797
2025-08-18,IWM,2.1087939739227295
2025-08-19,IWM,-0.2624800205230713
2025-08-20,IWM,3.3481736183166504
2025-08-21,IWM,3.828608751296997
2025-08-22,IWM,2.1655161380767822
2025-08-25,IWM,0.17431636154651642
2025-08-26,IWM,1.824657678604126
2025-08-27,IWM,-0.002728115301579237
2025-08-28,IWM,-0.10492623597383499
2025-08-29,IWM,-4.7401933670043945
2025-09-02,IWM,0.4623720645904541
2025-09-03,IWM,3.3220973014831543
2025-09-04,IWM,3.939967632293701
2025-09-05,IWM,3.56662654876709
2025-09-08,IWM,0.38880330324172974
2025-09-09,IWM,3.5276079177856445
2025-09-10,IWM,4.658502101898193
2025-09-11,IWM,-0.47034937143325806
2025-09-12,IWM,2.8093068599700928
2025-09-15,IWM,2.8850457668304443
2025-09-16,IWM,4.296273231506348
2025-09-17,IWM,4.875267028808594
2025-09-18,IWM,4.176896095275879
2025-09-19,IWM,4.848749160766602
2025-09-22,IWM,4.9502668380737305
2025-09-23,IWM,2.989215135574341
2025-09-24,IWM,-1.5746620893478394
2025-09-25,IWM,-6.064843654632568
2025-09-26,IWM,-0.5373542904853821
2025-09-29,IWM,5.432297229766846
2025-09-30,IWM,-0.22456800937652588
2025-10-01,IWM,3.477717399597168
2025-10-02,IWM,0.3702625334262848
2025-10-03,IWM,3.0583372116088867
2025-10-06,IWM,2.961121082305908
2025-10-07,IWM,2.644378423690796
2025-10-08,IWM,1.8092176914215088
2025-10-09,IWM,2.688248634338379
2025-10-10,IWM,-0.9997554421424866
2025-10-13,IWM,1.4958086013793945
2025-10-14,IWM,2.909189462661743
2025-10-15,IWM,-4.100144863128662
2025-10-16,IWM,4.17767858505249
2025-10-17,IWM,1.7226773500442505
2025-10-20,IWM,0.8007315397262573
2025-10-21,IWM,-0.8184067606925964
2025-10-22,IWM,-4.673248291015625
2025-10-23,IWM,1.5874561071395874
2025-10-24,IWM,1.68397057056427
2025-10-27,IWM,-1.3087916374206543
2025-10-28,IWM,-1.138490915298462
2025-10-29,IWM,2.3597590923309326
2025-10-30,IWM,4.843688011169434
2025-10-31,IWM,2.9593822956085205
2025-11-03,IWM,-4.696752548217773
2025-11-04,IWM,-4.045933723449707
2025-11-05,IWM,-1.0845844745635986
2025-11-06,IWM,-5.339093208312988
2025-11-07,IWM,2.513967514038086
2025-11-10,IWM,3.2079131603240967
2025-11-11,IWM,3.9190139770507812
2025-11-12,IWM,3.724135398864746
2025-11-13,IWM,2.1623473167419434
2025-11-14,IWM,-0.16975510120391846
2025-11-17,IWM,2.75354266166687
2025-11-18,IWM,4.633594512939453
2025-11-19,IWM,4.756617069244385
2025-11-20,IWM,5.594903469085693
2025-11-21,IWM,4.908944606781006
2025-11-24,IWM,1.6383299827575684
2025-11-25,IWM,3.974982261657715
2025-11-26,IWM,0.10082511603832245
2025-07-24,DX-Y.NYB,-11.19593620300293
2025-07-25,DX-Y.NYB,8.99532699584961
2025-07-28,DX-Y.NYB,0.6052895784378052
2025-07-29,DX-Y.NYB,11.087141990661621
2025-07-30,DX-Y.NYB,13.185958862304688
2025-07-31,DX-Y.NYB,0.4334889352321625
2025-08-01,DX-Y.NYB,-1.640001654624939
2025-08-04,DX-Y.NYB,4.9135236740112305
2025-08-05,DX-Y.NYB,-12.341405868530273
2025-08-06,DX-Y.NYB,-14.895745277404785
2025-08-07,DX-Y.NYB,0.9411221742630005
2025-08-08,DX-Y.NYB,14.399556159973145
2025-08-11,DX-Y.NYB,9.894505500793457
2025-08-12,DX-Y.NYB,7.096907615661621
2025-08-13,DX-Y.NYB,9.73055648803711
2025-08-14,DX-Y.NYB,4.4079742431640625
2025-08-15,DX-Y.NYB,3.8549294471740723
2025-08-18,DX-Y.NYB,-9.54641342163086
2025-08-19,DX-Y.NYB,-3.959056854248047
2025-08-20,DX-Y.NYB,1.2573537826538086
2025-08-21,DX-Y.NYB,1.6133934259414673
2025-08-22,DX-Y.NYB,5.896912574768066
2025-08-25,DX-Y.NYB,7.849850654602051
2025-08-26,DX-Y.NYB,5.373797416687012
2025-08-27,DX-Y.NYB,-1.2690225839614868
2025-08-28,DX-Y.NYB,-16.4886417388916
2025-08-29,DX-Y.NYB,-17.479997634887695
2025-09-02,DX-Y.NYB,9.045612335205078
2025-09-03,DX-Y.NYB,-5.204397678375244
2025-09-04,DX-Y.NYB,16.69878578186035
2025-09-05,DX-Y.NYB,13.522953033447266
2025-09-08,DX-Y.NYB,14.540042877197266
2025-09-09,DX-Y.NYB,5.982991695404053
2025-09-10,DX-Y.NYB,2.32658052444458
2025-09-11,DX-Y.NYB,-1.99001944065094
2025-09-12,DX-Y.NYB,11.51500129699707
2025-09-15,DX-Y.NYB,14.264355659484863
2025-09-16,DX-Y.NYB,-3.496894598007202
2025-09-17,DX-Y.NYB,8.223468780517578
2025-09-18,DX-Y.NYB,6.94898796081543
2025-09-19,DX-Y.NYB,11.667075157165527
2025-09-22,DX-Y.NYB,10.972439765930176
2025-09-23,DX-Y.NYB,-17.053804397583008
2025-09-24,DX-Y.NYB,5.089410781860352
2025-09-25,DX-Y.NYB,-8.088790893554688
2025-09-26,DX-Y.NYB,10.181844711303711
2025-09-29,DX-Y.NYB,8.62775707244873
2025-09-30,DX-Y.NYB,6.572781562805176
2025-10-01,DX-Y.NYB,2.9543633460998535
2025-10-02,DX-Y.NYB,-2.2258689403533936
2025-10-03,DX-Y.NYB,1.5145546197891235
2025-10-06,DX-Y.NYB,11.518482208251953
2025-10-07,DX-Y.NYB,12.656438827514648
2025-10-08,DX-Y.NYB,-0.5517576932907104
2025-10-09,DX-Y.NYB,-15.275711059570312
2025-10-10,DX-Y.NYB,0.48596900701522827
2025-10-13,DX-Y.NYB,12.267778396606445
2025-10-14,DX-Y.NYB,-2.5711276531219482
2025-10-15,DX-Y.NYB,-9.380841255187988
2025-10-16,DX-Y.NYB,-7.2705864906311035
2025-10-17,DX-Y.NYB,3.7278928756713867
2025-10-20,DX-Y.NYB,9.599003791809082
2025-10-21,DX-Y.NYB,6.020288944244385
2025-10-22,DX-Y.NYB,5.0465593338012695
2025-10-23,DX-Y.NYB,5.7726311683654785
2025-10-24,DX-Y.NYB,7.458232879638672
2025-10-27,DX-Y.NYB,7.358688831329346
2025-10-28,DX-Y.NYB,5.557687759399414
2025-10-29,DX-Y.NYB,5.640386581420898
2025-10-30,DX-Y.NYB,10.204117774963379
2025-10-31,DX-Y.NYB,11.989463806152344
2025-11-03,DX-Y.NYB,16.789567947387695
2025-11-04,DX-Y.NYB,6.0897746086120605
2025-11-05,DX-Y.NYB,0.9565578699111938
2025-11-06,DX-Y.NYB,-9.364681243896484
2025-11-07,DX-Y.NYB,-13.81329345703125
2025-11-10,DX-Y.NYB,-12.372947692871094
2025-11-11,DX-Y.NYB,-11.173129081726074
2025-11-12,DX-Y.NYB,-9.914698600769043
2025-11-13,DX-Y.NYB,9.96658706665039
2025-11-14,DX-Y.NYB,13.015419006347656
2025-11-17,DX-Y.NYB,10.145505905151367
2025-11-18,DX-Y.NYB,5.859889030456543
2025-11-19,DX-Y.NYB,3.887502908706665
2025-11-20,DX-Y.NYB,-0.9626419544219971
2025-11-21,DX-Y.NYB,0.21643896400928497
2025-11-24,DX-Y.NYB,0.44990310072898865
2025-11-25,DX-Y.NYB,6.9984235763549805
2025-11-26,DX-Y.NYB,10.196613311767578
2025-07-24,AAPL,0.859977126121521
2025-07-25,AAPL,1.1663188934326172
2025-07-28,AAPL,2.4987146854400635
2025-07-29,AAPL,-0.5650011301040649
2025-07-30,AAPL,2.2667770385742188
2025-07-31,AAPL,1.7751963138580322
2025-08-01,AAPL,2.7098398208618164
2025-08-04,AAPL,2.376333236694336
2025-08-05,AAPL,2.2768845558166504
2025-08-06,AAPL,2.046053647994995
2025-08-07,AAPL,3.278498888015747
2025-08-08,AAPL,2.704195737838745
2025-08-11,AAPL,0.4054102897644043
2025-08-12,AAPL,-0.02660197578370571
2025-08-13,AAPL,-1.4427695274353027
2025-08-14,AAPL,-2.1973190307617188
2025-08-15,AAPL,-0.718434751033783
2025-08-18,AAPL,0.054160226136446
2025-08-19,AAPL,0.841189444065094
2025-08-20,AAPL,1.7778092622756958
2025-08-21,AAPL,1.1469883918762207
2025-08-22,AAPL,3.3902018070220947
2025-08-25,AAPL,-1.0269361734390259
2025-08-26,AAPL,1.7980389595031738
2025-08-27,AAPL,-0.8267149329185486
2025-08-28,AAPL,1.1096813678741455
2025-08-29,AAPL,0.3513568043708801
2025-09-02,AAPL,1.2813076972961426
2025-09-03,AAPL,1.2317240238189697
2025-09-04,AAPL,0.7393156886100769
2025-09-05,AAPL,2.241184711456299
2025-09-08,AAPL,0.6653324365615845
2025-09-09,AAPL,1.825775384902954
2025-09-10,AAPL,2.813077926635742
2025-09-11,AAPL,-1.4328185319900513
2025-09-12,AAPL,1.1555372476577759
2025-09-15,AAPL,3.063882350921631
2025-09-16,AAPL,3.6127259731292725
2025-09-17,AAPL,1.2897565364837646
2025-09-18,AAPL,-0.10814256221055984
2025-09-19,AAPL,1.3882243633270264
2025-09-22,AAPL,-0.6068286299705505
2025-09-23,AAPL,-0.22435426712036133
2025-09-24,AAPL,-1.1422871351242065
2025-09-25,AAPL,-3.3580551147460938
2025-09-26,AAPL,-2.909667730331421
2025-09-29,AAPL,-0.49279436469078064
2025-09-30,AAPL,2.6033437252044678
2025-10-01,AAPL,2.003577709197998
2025-10-02,AAPL,0.5928705930709839
2025-10-03,AAPL,-2.5492541790008545
2025-10-06,AAPL,-1.3167041540145874
2025-10-07,AAPL,3.1623380184173584
2025-10-08,AAPL,3.0278334617614746
2025-10-09,AAPL,2.4614663124084473
2025-10-10,AAPL,1.8463494777679443
2025-10-13,AAPL,1.5883092880249023
2025-10-14,AAPL,1.4721035957336426
2025-10-15,AAPL,2.023895263671875
2025-10-16,AAPL,1.7220598459243774
2025-10-17,AAPL,1.6726598739624023
2025-10-20,AAPL,1.3386597633361816
2025-10-21,AAPL,0.5864385962486267
2025-10-22,AAPL,0.8952088952064514
2025-10-23,AAPL,1.1622363328933716
2025-10-24,AAPL,0.9375061392784119
2025-10-27,AAPL,-0.6424909830093384
2025-10-28,AAPL,2.5847365856170654
2025-10-29,AAPL,3.0906739234924316
2025-10-30,AAPL,1.8468674421310425
2025-10-31,AAPL,-0.13829679787158966
2025-11-03,AAPL,-1.5511741638183594
2025-11-04,AAPL,-0.38684022426605225
2025-11-05,AAPL,2.6179380416870117
2025-11-06,AAPL,-3.6624746322631836
2025-11-07,AAPL,-4.437315940856934
2025-11-10,AAPL,-1.3812040090560913
2025-11-11,AAPL,1.308379054069519
2025-11-12,AAPL,1.744745135307312
2025-11-13,AAPL,1.5630474090576172
2025-11-14,AAPL,1.1497151851654053
2025-11-17,AAPL,1.4361923933029175
2025-11-18,AAPL,0.9146398901939392
2025-11-19,AAPL,1.1563438177108765
2025-11-20,AAPL,1.5916528701782227
2025-11-21,AAPL,2.2285382747650146
2025-11-24,AAPL,1.8792413473129272
2025-11-25,AAPL,0.13808666169643402
2025-11-26,AAPL,1.437658429145813
2025-07-23,RELIANCE.NS,3.213653326034546
2025-07-24,RELIANCE.NS,4.00617790222168
2025-07-25,RELIANCE.NS,4.239516735076904
2025-07-28,RELIANCE.NS,3.3163580894470215
2025-07-29,RELIANCE.NS,-1.5756268501281738
2025-07-30,RELIANCE.NS,-0.3130139708518982
2025-07-31,RELIANCE.NS,3.7500081062316895
2025-08-01,RELIANCE.NS,2.0002076625823975
2025-08-04,RELIANCE.NS,1.6476572751998901
2025-08-05,RELIANCE.NS,4.707319736480713
2025-08-06,RELIANCE.NS,4.470422744750977
2025-08-07,RELIANCE.NS,4.08239221572876
2025-08-08,RELIANCE.NS,4.365149974822998
2025-08-11,RELIANCE.NS,2.028275966644287
2025-08-12,RELIANCE.NS,-4.730847358703613
2025-08-13,RELIANCE.NS,-6.044954776763916
2025-08-14,RELIANCE.NS,-1.8537486791610718
2025-08-18,RELIANCE.NS,-4.240050792694092
2025-08-19,RELIANCE.NS,-3.8004636764526367
2025-08-20,RELIANCE.NS,-2.718614339828491
2025-08-21,RELIANCE.NS,2.9233245849609375
2025-08-22,RELIANCE.NS,-1.8651999235153198
2025-08-25,RELIANCE.NS,1.481041669845581
2025-08-26,RELIANCE.NS,-3.4559357166290283
2025-08-28,RELIANCE.NS,-1.8171535730361938
2025-08-29,RELIANCE.NS,-1.6340829133987427
2025-09-01,RELIANCE.NS,-5.65756368637085
2025-09-02,RELIANCE.NS,3.257009983062744
2025-09-03,RELIANCE.NS,2.7044458389282227
2025-09-04,RELIANCE.NS,4.054679870605469
2025-09-05,RELIANCE.NS,3.712345600128174
2025-09-08,RELIANCE.NS,1.8018851280212402
2025-09-09,RELIANCE.NS,1.184805154800415
2025-09-10,RELIANCE.NS,1.2159390449523926
2025-09-11,RELIANCE.NS,0.08539479970932007
2025-09-12,RELIANCE.NS,-3.600423574447632
2025-09-15,RELIANCE.NS,2.623971700668335
2025-09-16,RELIANCE.NS,1.2891291379928589
2025-09-17,RELIANCE.NS,4.200183391571045
2025-09-18,RELIANCE.NS,2.324326515197754
2025-09-19,RELIANCE.NS,-0.28342679142951965
2025-09-22,RELIANCE.NS,-4.217901229858398
2025-09-23,RELIANCE.NS,1.6747452020645142
2025-09-24,RELIANCE.NS,1.5123231410980225
2025-09-25,RELIANCE.NS,-0.9169901013374329
2025-09-26,RELIANCE.NS,0.14484862983226776
2025-09-29,RELIANCE.NS,-0.0487557090818882
2025-09-30,RELIANCE.NS,4.421933650970459
2025-10-01,RELIANCE.NS,4.101792335510254
2025-10-03,RELIANCE.NS,1.289658546447754
2025-10-06,RELIANCE.NS,1.4312175512313843
2025-10-07,RELIANCE.NS,0.0945572555065155
2025-10-08,RELIANCE.NS,-2.1924524307250977
2025-10-09,RELIANCE.NS,0.7044623494148254
2025-10-10,RELIANCE.NS,1.2994999885559082
2025-10-13,RELIANCE.NS,3.1443898677825928
2025-10-14,RELIANCE.NS,3.1227164268493652
2025-10-15,RELIANCE.NS,3.4075193405151367
2025-10-16,RELIANCE.NS,0.1614910364151001
2025-10-17,RELIANCE.NS,3.179595470428467
2025-10-20,RELIANCE.NS,2.2318954467773438
2025-10-21,RELIANCE.NS,-0.39259853959083557
2025-10-23,RELIANCE.NS,-1.246852993965149
2025-10-24,RELIANCE.NS,-3.21681809425354
2025-10-27,RELIANCE.NS,-6.89871072769165
2025-10-28,RELIANCE.NS,-1.8838266134262085
2025-10-29,RELIANCE.NS,1.8591716289520264
2025-10-30,RELIANCE.NS,0.3425843417644501
2025-10-31,RELIANCE.NS,1.6909706592559814
2025-11-03,RELIANCE.NS,-1.246697187423706
2025-11-04,RELIANCE.NS,-1.2353787422180176
2025-11-06,RELIANCE.NS,0.14931011199951172
2025-11-07,RELIANCE.NS,1.019745111465454
2025-11-10,RELIANCE.NS,-3.4542572498321533
2025-11-11,RELIANCE.NS,0.2691527307033539
2025-11-12,RELIANCE.NS,1.9278498888015747
2025-11-13,RELIANCE.NS,-1.4857441186904907
2025-11-14,RELIANCE.NS,2.7597694396972656
2025-11-17,RELIANCE.NS,4.025887966156006
2025-11-18,RELIANCE.NS,0.10731422156095505
2025-11-19,RELIANCE.NS,3.6955552101135254
2025-11-20,RELIANCE.NS,4.062314987182617
2025-11-21,RELIANCE.NS,-2.620756149291992
2025-11-24,RELIANCE.NS,3.9347193241119385
2025-11-25,RELIANCE.NS,5.897713661193848
2025-11-26,RELIANCE.NS,4.529057025909424
2025-11-27,RELIANCE.NS,0.5849717855453491
2025-07-24,NVDA,-0.1603362262248993
2025-07-25,NVDA,-2.193148374557495
2025-07-28,NVDA,0.04470975324511528
2025-07-29,NVDA,-2.544034957885742
2025-07-30,NVDA,0.9296365976333618
2025-07-31,NVDA,1.5201793909072876
2025-08-01,NVDA,1.2494328022003174
2025-08-04,NVDA,1.1672968864440918
2025-08-05,NVDA,0.9167530536651611
2025-08-06,NVDA,1.1219407320022583
2025-08-07,NVDA,0.8453145027160645
2025-08-08,NVDA,0.6817935705184937
2025-08-11,NVDA,0.4839516282081604
2025-08-12,NVDA,1.4469345808029175
2025-08-13,NVDA,1.0357110500335693
2025-08-14,NVDA,1.2864813804626465
2025-08-15,NVDA,2.344273090362549
2025-08-18,NVDA,-2.091676712036133
2025-08-19,NVDA,1.4754838943481445
2025-08-20,NVDA,2.466972589492798
2025-08-21,NVDA,1.8487850427627563
2025-08-22,NVDA,1.8960009813308716
2025-08-25,NVDA,1.4340572357177734
2025-08-26,NVDA,1.2475665807724
2025-08-27,NVDA,-0.9529542922973633
2025-08-28,NVDA,0.6931771039962769
2025-08-29,NVDA,-0.6285447478294373
2025-09-02,NVDA,0.7258172035217285
2025-09-03,NVDA,0.7989436388015747
2025-09-04,NVDA,1.0095583200454712
2025-09-05,NVDA,1.6164902448654175
2025-09-08,NVDA,1.4602054357528687
2025-09-09,NVDA,0.7207993268966675
2025-09-10,NVDA,0.9807095527648926
2025-09-11,NVDA,-0.45404258370399475
2025-09-12,NVDA,1.206259846687317
2025-09-15,NVDA,1.045538067817688
2025-09-16,NVDA,-0.10652386397123337
2025-09-17,NVDA,1.4330486059188843
2025-09-18,NVDA,1.9041634798049927
2025-09-19,NVDA,3.1045265197753906
2025-09-22,NVDA,-2.051957845687866
2025-09-23,NVDA,-1.263510823249817
2025-09-24,NVDA,-0.2896242141723633
2025-09-25,NVDA,-2.275092363357544
2025-09-26,NVDA,-1.7307608127593994
2025-09-29,NVDA,-1.3849608898162842
2025-09-30,NVDA,-0.7731403708457947
2025-10-01,NVDA,1.451708197593689
2025-10-02,NVDA,0.9723822474479675
2025-10-03,NVDA,2.088538646697998
2025-10-06,NVDA,2.3032591342926025
2025-10-07,NVDA,1.1458319425582886
2025-10-08,NVDA,2.3661320209503174
2025-10-09,NVDA,-2.0013341903686523
2025-10-10,NVDA,-1.2309950590133667
2025-10-13,NVDA,1.4692667722702026
2025-10-14,NVDA,1.405824065208435
2025-10-15,NVDA,1.8158761262893677
2025-10-16,NVDA,1.6250498294830322
2025-10-17,NVDA,1.5637096166610718
2025-10-20,NVDA,1.3155386447906494
2025-10-21,NVDA,1.2998266220092773
2025-10-22,NVDA,-0.4649963676929474
2025-10-23,NVDA,0.6190909743309021
2025-10-24,NVDA,-0.06381192803382874
2025-10-27,NVDA,-0.11457604169845581
2025-10-28,NVDA,-0.3058212995529175
2025-10-29,NVDA,-0.23232771456241608
2025-10-30,NVDA,0.5802008509635925
2025-10-31,NVDA,0.4105288088321686
2025-11-03,NVDA,-2.089035749435425
2025-11-04,NVDA,-2.850008010864258
2025-11-05,NVDA,-2.0991129875183105
2025-11-06,NVDA,-1.074654459953308
2025-11-07,NVDA,-1.902582049369812
2025-11-10,NVDA,-1.4077101945877075
2025-11-11,NVDA,0.584023654460907
2025-11-12,NVDA,1.261628270149231
2025-11-13,NVDA,1.7206745147705078
2025-11-14,NVDA,1.203914999961853
2025-11-17,NVDA,0.35906970500946045
2025-11-18,NVDA,0.44237470626831055
2025-11-19,NVDA,-0.17158769071102142
2025-11-20,NVDA,-0.23553384840488434
2025-11-21,NVDA,0.2820742726325989
2025-11-24,NVDA,0.5309587121009827
2025-11-25,NVDA,1.20956552028656
2025-11-26,NVDA,1.570935845375061
2025-07-24,EEM,2.1737871170043945
2025-07-25,EEM,2.509216547012329
2025-07-28,EEM,1.045244812965393
2025-07-29,EEM,-6.945183753967285
2025-07-30,EEM,-2.5109074115753174
2025-07-31,EEM,5.550256252288818
2025-08-01,EEM,4.336631774902344
2025-08-04,EEM,4.292679786682129
2025-08-05,EEM,3.2536873817443848
2025-08-06,EEM,2.3407974243164062
2025-08-07,EEM,-0.7867240309715271
2025-08-08,EEM,0.10599587857723236
2025-08-11,EEM,-1.593050241470337
2025-08-12,EEM,-3.360044002532959
2025-08-13,EEM,-3.3436708450317383
2025-08-14,EEM,3.025113582611084
2025-08-15,EEM,3.67989444732666
2025-08-18,EEM,2.186030149459839
2025-08-19,EEM,-2.4420533180236816
2025-08-20,EEM,-0.862436830997467
2025-08-21,EEM,2.2844715118408203
2025-08-22,EEM,-2.067051649093628
2025-08-25,EEM,-3.4158780574798584
2025-08-26,EEM,-5.753305435180664
2025-08-27,EEM,2.6703498363494873
2025-08-28,EEM,2.3533315658569336
2025-08-29,EEM,-5.742890357971191
2025-09-02,EEM,-0.5164135694503784
2025-09-03,EEM,-0.6115938425064087
2025-09-04,EEM,1.6256921291351318
2025-09-05,EEM,-1.2946110963821411
2025-09-08,EEM,-4.763263702392578
2025-09-09,EEM,-2.406066656112671
2025-09-10,EEM,3.030230760574341
2025-09-11,EEM,1.8740320205688477
2025-09-12,EEM,3.599205493927002
2025-09-15,EEM,-6.33922815322876
2025-09-16,EEM,1.0905604362487793
2025-09-17,EEM,-1.1446952819824219
2025-09-18,EEM,1.5713651180267334
2025-09-19,EEM,3.092857837677002
2025-09-22,EEM,-1.0635696649551392
2025-09-23,EEM,3.1857357025146484
2025-09-24,EEM,-0.6891981363296509
2025-09-25,EEM,-1.4816720485687256
2025-09-26,EEM,0.9247463941574097
2025-09-29,EEM,4.097328186035156
2025-09-30,EEM,2.5588037967681885
2025-10-01,EEM,2.4337844848632812
2025-10-02,EEM,3.2804088592529297
2025-10-03,EEM,3.725802421569824
2025-10-06,EEM,2.958087682723999
2025-10-07,EEM,0.9341311454772949
2025-10-08,EEM,2.2648215293884277
2025-10-09,EEM,1.1600868701934814
2025-10-10,EEM,-0.31818076968193054
2025-10-13,EEM,2.059678792953491
2025-10-14,EEM,1.918249487876892
2025-10-15,EEM,2.224804162979126
2025-10-16,EEM,3.470247507095337
2025-10-17,EEM,2.4345662593841553
2025-10-20,EEM,1.6165761947631836
2025-10-21,EEM,2.7638471126556396
2025-10-22,EEM,-1.1137367486953735
2025-10-23,EEM,1.3970837593078613
2025-10-24,EEM,5.500920295715332
2025-10-27,EEM,4.849289417266846
2025-10-28,EEM,6.085343360900879
2025-10-29,EEM,5.173794746398926
2025-10-30,EEM,0.5283331871032715
2025-10-31,EEM,1.6108782291412354
2025-11-03,EEM,-1.113265037536621
2025-11-04,EEM,-6.20032262802124
2025-11-05,EEM,-2.531796932220459
2025-11-06,EEM,-6.3795342445373535
2025-11-07,EEM,-0.8310994505882263
2025-11-10,EEM,3.4929358959198
2025-11-11,EEM,3.671515464782715
2025-11-12,EEM,1.5749799013137817
2025-11-13,EEM,2.0548360347747803
2025-11-14,EEM,-0.2854415476322174
2025-11-17,EEM,0.5883622169494629
2025-11-18,EEM,0.9218506217002869
2025-11-19,EEM,-0.7379938960075378
2025-11-20,EEM,4.8722429275512695
2025-11-21,EEM,5.651142120361328
2025-11-24,EEM,5.581929683685303
2025-11-25,EEM,5.890130519866943
2025-11-26,EEM,5.414552211761475
2025-07-24,TLT,3.1476449966430664
2025-07-25,TLT,1.9446001052856445
2025-07-28,TLT,-2.6323211193084717
2025-07-29,TLT,7.388809680938721
2025-07-30,TLT,3.672527551651001
2025-07-31,TLT,-0.19930332899093628
2025-08-01,TLT,-4.058319091796875
2025-08-04,TLT,-6.184325695037842
2025-08-05,TLT,-0.24116955697536469
2025-08-06,TLT,2.7235515117645264
2025-08-07,TLT,1.909149408340454
2025-08-08,TLT,2.5584890842437744
2025-08-11,TLT,-0.4047423005104065
2025-08-12,TLT,7.7008748054504395
2025-08-13,TLT,3.499760389328003
2025-08-14,TLT,9.122284889221191
2025-08-15,TLT,-0.7893216013908386
2025-08-18,TLT,4.406347751617432
2025-08-19,TLT,2.105454206466675
2025-08-20,TLT,2.346281051635742
2025-08-21,TLT,5.2789082527160645
2025-08-22,TLT,4.125768661499023
2025-08-25,TLT,6.217434883117676
2025-08-26,TLT,7.13822078704834
2025-08-27,TLT,4.861851692199707
2025-08-28,TLT,2.880781650543213
2025-08-29,TLT,-3.1259143352508545
2025-09-02,TLT,-3.300713062286377
2025-09-03,TLT,4.744468688964844
2025-09-04,TLT,-1.4767707586288452
2025-09-05,TLT,0.6603612899780273
2025-09-08,TLT,-3.206070899963379
2025-09-09,TLT,2.1678502559661865
2025-09-10,TLT,4.461991786956787
2025-09-11,TLT,-8.20405101776123
2025-09-12,TLT,-6.214186668395996
2025-09-15,TLT,-8.927207946777344
2025-09-16,TLT,2.2772417068481445
2025-09-17,TLT,2.9049928188323975
2025-09-18,TLT,5.0566086769104
2025-09-19,TLT,8.165728569030762
2025-09-22,TLT,5.056653022766113
2025-09-23,TLT,4.422850131988525
2025-09-24,TLT,-2.2168145179748535
2025-09-25,TLT,2.0181360244750977
2025-09-26,TLT,4.160206317901611
2025-09-29,TLT,4.10697603225708
2025-09-30,TLT,4.451476097106934
2025-10-01,TLT,4.444961071014404
2025-10-02,TLT,2.9084339141845703
2025-10-03,TLT,3.8920083045959473
2025-10-06,TLT,5.215188503265381
2025-10-07,TLT,4.119446277618408
2025-10-08,TLT,3.379408359527588
2025-10-09,TLT,2.616666555404663
2025-10-10,TLT,1.6071711778640747
2025-10-13,TLT,6.642412185668945
2025-10-14,TLT,6.997894287109375
2025-10-15,TLT,6.176136493682861
2025-10-16,TLT,1.7117043733596802
2025-10-17,TLT,3.9368669986724854
2025-10-20,TLT,0.8798544406890869
2025-10-21,TLT,-4.563518047332764
2025-10-22,TLT,-2.2039880752563477
2025-10-23,TLT,6.664277076721191
2025-10-24,TLT,1.5514065027236938
2025-10-27,TLT,-1.812230110168457
2025-10-28,TLT,4.829326629638672
2025-10-29,TLT,-3.9566104412078857
2025-10-30,TLT,5.547833442687988
2025-10-31,TLT,-0.02685350738465786
2025-11-03,TLT,3.589816093444824
2025-11-04,TLT,4.799122333526611
2025-11-05,TLT,7.2297797203063965
2025-11-06,TLT,6.606721878051758
2025-11-07,TLT,4.999816417694092
2025-11-10,TLT,4.68538236618042
2025-11-11,TLT,-0.31597843766212463
2025-11-12,TLT,-1.202695608139038
2025-11-13,TLT,-3.721627712249756
2025-11-14,TLT,-2.340747356414795
2025-11-17,TLT,2.9735770225524902
2025-11-18,TLT,5.341588020324707
2025-11-19,TLT,5.044308662414551
2025-11-20,TLT,-1.5428526401519775
2025-11-21,TLT,-1.0139323472976685
2025-11-24,TLT,8.395800590515137
2025-11-25,TLT,-3.2970616817474365
2025-11-26,TLT,3.9591622352600098
2025-07-24,MSFT,1.1568092107772827
2025-07-25,MSFT,-2.3530869483947754
2025-07-28,MSFT,-4.670108318328857
2025-07-29,MSFT,1.6681463718414307
2025-07-30,MSFT,3.222867250442505
2025-07-31,MSFT,1.7925654649734497
2025-08-01,MSFT,0.31197136640548706
2025-08-04,MSFT,2.806217908859253
2025-08-05,MSFT,0.7384359240531921
2025-08-06,MSFT,-3.0389137268066406
2025-08-07,MSFT,-3.8234589099884033
2025-08-08,MSFT,-0.33025604486465454
2025-08-11,MSFT,1.4873369932174683
2025-08-12,MSFT,2.7807528972625732
2025-08-13,MSFT,2.4043211936950684
2025-08-14,MSFT,2.3914501667022705
2025-08-15,MSFT,1.650204062461853
2025-08-18,MSFT,1.2901171445846558
2025-08-19,MSFT,1.2367241382598877
2025-08-20,MSFT,1.4089133739471436
2025-08-21,MSFT,2.3182575702667236
2025-08-22,MSFT,2.530593156814575
2025-08-25,MSFT,0.7786834836006165
2025-08-26,MSFT,2.8043875694274902
2025-08-27,MSFT,2.3799614906311035
2025-08-28,MSFT,1.936058521270752
2025-08-29,MSFT,1.0575871467590332
2025-09-02,MSFT,0.15734857320785522
2025-09-03,MSFT,-0.47799742221832275
2025-09-04,MSFT,1.7413649559020996
2025-09-05,MSFT,3.3312504291534424
2025-09-08,MSFT,3.7798078060150146
2025-09-09,MSFT,3.9897658824920654
2025-09-10,MSFT,4.48334264755249
2025-09-11,MSFT,3.7728395462036133
2025-09-12,MSFT,3.994633436203003
2025-09-15,MSFT,2.765148401260376
2025-09-16,MSFT,-1.1321340799331665
2025-09-17,MSFT,3.9483535289764404
2025-09-18,MSFT,4.099123477935791
2025-09-19,MSFT,3.9806606769561768
2025-09-22,MSFT,-5.6714630126953125
2025-09-23,MSFT,-5.047821998596191
2025-09-24,MSFT,2.333575963973999
2025-09-25,MSFT,-2.886117458343506
2025-09-26,MSFT,-4.389345645904541
2025-09-29,MSFT,2.1009104251861572
2025-09-30,MSFT,2.656116247177124
2025-10-01,MSFT,5.558143615722656
2025-10-02,MSFT,4.503799915313721
2025-10-03,MSFT,4.034691333770752
2025-10-06,MSFT,2.1617791652679443
2025-10-07,MSFT,2.6577630043029785
2025-10-08,MSFT,3.1147429943084717
2025-10-09,MSFT,5.061089515686035
2025-10-10,MSFT,0.1709393411874771
2025-10-13,MSFT,0.6062492728233337
2025-10-14,MSFT,1.9281138181686401
2025-10-15,MSFT,1.1705677509307861
2025-10-16,MSFT,3.38570499420166
2025-10-17,MSFT,3.231881856918335
2025-10-20,MSFT,2.8493309020996094
2025-10-21,MSFT,3.301292896270752
2025-10-22,MSFT,0.003751387121155858
2025-10-23,MSFT,0.30447423458099365
2025-10-24,MSFT,-0.2956913411617279
2025-10-27,MSFT,-1.7831642627716064
2025-10-28,MSFT,-1.7073187828063965
2025-10-29,MSFT,3.442178726196289
2025-10-30,MSFT,2.625763416290283
2025-10-31,MSFT,-1.0604265928268433
2025-11-03,MSFT,-4.986437797546387
2025-11-04,MSFT,-5.292573928833008
2025-11-05,MSFT,-0.6850596070289612
2025-11-06,MSFT,0.863826334476471
2025-11-07,MSFT,1.5368939638137817
2025-11-10,MSFT,0.9459248185157776
2025-11-11,MSFT,2.0133345127105713
2025-11-12,MSFT,1.531578779220581
2025-11-13,MSFT,0.5400076508522034
2025-11-14,MSFT,-3.8428053855895996
2025-11-17,MSFT,-2.1279489994049072
2025-11-18,MSFT,0.7922525405883789
2025-11-19,MSFT,0.7806167602539062
2025-11-20,MSFT,3.4217312335968018
2025-11-21,MSFT,1.8504384756088257
2025-11-24,MSFT,2.379395008087158
2025-11-25,MSFT,2.772223472595215
2025-11-26,MSFT,3.8950090408325195
2025-07-24,QQQ,0.43636929988861084
2025-07-25,QQQ,0.9840863347053528
2025-07-28,QQQ,-5.214264392852783
2025-07-29,QQQ,-3.8778603076934814
2025-07-30,QQQ,4.507313251495361
2025-07-31,QQQ,0.8543672561645508
2025-08-01,QQQ,2.537501811981201
2025-08-04,QQQ,4.604702949523926
2025-08-05,QQQ,3.5076515674591064
2025-08-06,QQQ,2.763319253921509
2025-08-07,QQQ,1.5776065587997437
2025-08-08,QQQ,0.01894434168934822
2025-08-11,QQQ,0.7145050168037415
2025-08-12,QQQ,-2.555255889892578
2025-08-13,QQQ,-1.9097905158996582
2025-08-14,QQQ,0.7129151225090027
2025-08-15,QQQ,2.627896308898926
2025-08-18,QQQ,0.24180057644844055
2025-08-19,QQQ,3.3558461666107178
2025-08-20,QQQ,5.398372650146484
2025-08-21,QQQ,4.591286659240723
2025-08-22,QQQ,3.7229292392730713
2025-08-25,QQQ,2.5625834465026855
2025-08-26,QQQ,3.78151535987854
2025-08-27,QQQ,2.16158390045166
2025-08-28,QQQ,2.9283974170684814
2025-08-29,QQQ,-0.8021708726882935
2025-09-02,QQQ,3.0016660690307617
2025-09-03,QQQ,1.7301487922668457
2025-09-04,QQQ,1.158851146697998
2025-09-05,QQQ,-0.8531764149665833
2025-09-08,QQQ,1.0675491094589233
2025-09-09,QQQ,0.13070780038833618
2025-09-10,QQQ,3.329124927520752
2025-09-11,QQQ,1.6698106527328491
2025-09-12,QQQ,3.021747350692749
2025-09-15,QQQ,2.4826560020446777
2025-09-16,QQQ,2.741751194000244
2025-09-17,QQQ,0.7029215097427368
2025-09-18,QQQ,-2.8769445419311523
2025-09-19,QQQ,-0.23211093246936798
2025-09-22,QQQ,-0.37829452753067017
2025-09-23,QQQ,0.4214650094509125
2025-09-24,QQQ,-0.7540294528007507
2025-09-25,QQQ,-5.382324695587158
2025-09-26,QQQ,-5.7385759353637695
2025-09-29,QQQ,0.9461146593093872
2025-09-30,QQQ,2.191837787628174
2025-10-01,QQQ,2.780696392059326
2025-10-02,QQQ,2.264880418777466
2025-10-03,QQQ,2.2759084701538086
2025-10-06,QQQ,1.8743096590042114
2025-10-07,QQQ,1.336625337600708
2025-10-08,QQQ,1.5661948919296265
2025-10-09,QQQ,-2.637115001678467
2025-10-10,QQQ,0.6644317507743835
2025-10-13,QQQ,0.31546396017074585
2025-10-14,QQQ,3.111736536026001
2025-10-15,QQQ,3.106907844543457
2025-10-16,QQQ,3.7614264488220215
2025-10-17,QQQ,2.3485968112945557
2025-10-20,QQQ,-0.09522613883018494
2025-10-21,QQQ,1.0336625576019287
2025-10-22,QQQ,-2.9117472171783447
2025-10-23,QQQ,1.7043697834014893
2025-10-24,QQQ,1.6267684698104858
2025-10-27,QQQ,-1.6587928533554077
2025-10-28,QQQ,-3.900916337966919
2025-10-29,QQQ,3.370318651199341
2025-10-30,QQQ,2.6026968955993652
2025-10-31,QQQ,-3.899083375930786
2025-11-03,QQQ,-6.394675254821777
2025-11-04,QQQ,-4.607686996459961
2025-11-05,QQQ,0.6447754502296448
2025-11-06,QQQ,-1.7479451894760132
2025-11-07,QQQ,-2.946295738220215
2025-11-10,QQQ,1.9386626482009888
2025-11-11,QQQ,2.157773494720459
2025-11-12,QQQ,2.3478922843933105
2025-11-13,QQQ,2.4246578216552734
2025-11-14,QQQ,0.9732116460800171
2025-11-17,QQQ,1.4572945833206177
2025-11-18,QQQ,1.1043226718902588
2025-11-19,QQQ,0.1839645653963089
2025-11-20,QQQ,3.900456190109253
2025-11-21,QQQ,4.802237033843994
2025-11-24,QQQ,2.9187300205230713
2025-11-25,QQQ,4.979461669921875
2025-11-26,QQQ,4.451125144958496
2025-07-23,USDINR=X,3.1155598163604736
2025-07-24,USDINR=X,10.0255126953125
2025-07-25,USDINR=X,5.204952239990234
2025-07-28,USDINR=X,10.023401260375977
2025-07-29,USDINR=X,-4.233821868896484
2025-07-30,USDINR=X,-19.233367919921875
2025-07-31,USDINR=X,-12.372074127197266
2025-08-01,USDINR=X,2.83528733253479
2025-08-04,USDINR=X,9.427428245544434
2025-08-05,USDINR=X,10.635765075683594
2025-08-06,USDINR=X,-15.33163070678711
2025-08-07,USDINR=X,-5.973499298095703
2025-08-08,USDINR=X,17.281097412109375
2025-08-11,USDINR=X,18.65040397644043
2025-08-12,USDINR=X,19.43844985961914
2025-08-13,USDINR=X,12.548398971557617
2025-08-14,USDINR=X,5.513367652893066
2025-08-15,USDINR=X,12.879718780517578
2025-08-18,USDINR=X,24.512474060058594
2025-08-19,USDINR=X,26.743383407592773
2025-08-20,USDINR=X,6.914580821990967
2025-08-21,USDINR=X,9.22928237915039
2025-08-22,USDINR=X,9.483957290649414
2025-08-25,USDINR=X,8.773894309997559
2025-08-26,USDINR=X,2.8523333072662354
2025-08-27,USDINR=X,12.047884941101074
2025-08-28,USDINR=X,13.213881492614746
2025-08-29,USDINR=X,19.2081241607666
2025-09-01,USDINR=X,13.223410606384277
2025-09-02,USDINR=X,11.042705535888672
2025-09-03,USDINR=X,15.329269409179688
2025-09-04,USDINR=X,13.342291831970215
2025-09-05,USDINR=X,2.544055700302124
2025-09-08,USDINR=X,15.601223945617676
2025-09-09,USDINR=X,23.255361557006836
2025-09-10,USDINR=X,21.95172691345215
2025-09-11,USDINR=X,21.329559326171875
2025-09-12,USDINR=X,-17.78916358947754
2025-09-15,USDINR=X,-17.291751861572266
2025-09-16,USDINR=X,-26.80384635925293
2025-09-17,USDINR=X,13.702322006225586
2025-09-18,USDINR=X,7.430156230926514
2025-09-19,USDINR=X,8.092684745788574
2025-09-22,USDINR=X,13.491279602050781
2025-09-23,USDINR=X,13.737564086914062
2025-09-24,USDINR=X,-0.5597738027572632
2025-09-25,USDINR=X,-4.244161128997803
2025-09-26,USDINR=X,-0.4564998149871826
2025-09-29,USDINR=X,1.8131976127624512
2025-09-30,USDINR=X,13.496700286865234
2025-10-01,USDINR=X,-5.2773213386535645
2025-10-02,USDINR=X,-5.777137279510498
2025-10-03,USDINR=X,10.553908348083496
2025-10-06,USDINR=X,18.35009002685547
2025-10-07,USDINR=X,9.607192039489746
2025-10-08,USDINR=X,0.9975560307502747
2025-10-09,USDINR=X,17.693241119384766
2025-10-10,USDINR=X,13.31583309173584
2025-10-13,USDINR=X,28.995359420776367
2025-10-14,USDINR=X,27.716581344604492
2025-10-15,USDINR=X,6.817710876464844
2025-10-16,USDINR=X,-3.5939745903015137
2025-10-17,USDINR=X,14.796311378479004
2025-10-20,USDINR=X,12.466278076171875
2025-10-21,USDINR=X,14.96872329711914
2025-10-22,USDINR=X,15.74416446685791
2025-10-23,USDINR=X,10.64071273803711
2025-10-24,USDINR=X,9.68078899383545
2025-10-27,USDINR=X,13.191588401794434
2025-10-28,USDINR=X,-5.7873382568359375
2025-10-29,USDINR=X,-1.4751636981964111
2025-10-30,USDINR=X,4.539834499359131
2025-10-31,USDINR=X,3.2485270500183105
2025-11-03,USDINR=X,-10.69398021697998
2025-11-04,USDINR=X,7.7216033935546875
2025-11-05,USDINR=X,9.361797332763672
2025-11-06,USDINR=X,-5.548006534576416
2025-11-07,USDINR=X,-11.41271686553955
2025-11-10,USDINR=X,-21.764402389526367
2025-11-11,USDINR=X,-18.22995948791504
2025-11-12,USDINR=X,-24.451292037963867
2025-11-13,USDINR=X,-7.1918768882751465
2025-11-14,USDINR=X,-22.8286190032959
2025-11-17,USDINR=X,9.52552604675293
2025-11-18,USDINR=X,2.668027877807617
2025-11-19,USDINR=X,10.273018836975098
2025-11-20,USDINR=X,-6.82003927230835
2025-11-21,USDINR=X,6.19451904296875
2025-11-24,USDINR=X,-6.542311668395996
2025-11-25,USDINR=X,-8.618597984313965
2025-11-26,USDINR=X,4.806544303894043
2025-11-27,USDINR=X,-10.544962882995605
2025-07-24,GOOGL,2.0093026161193848
2025-07-25,GOOGL,2.323845386505127
2025-07-28,GOOGL,-1.803834080696106
2025-07-29,GOOGL,-2.1419453620910645
2025-07-30,GOOGL,-2.019054412841797
2025-07-31,GOOGL,1.3556839227676392
2025-08-01,GOOGL,2.8236711025238037
2025-08-04,GOOGL,2.919734239578247
2025-08-05,GOOGL,2.3173513412475586
2025-08-06,GOOGL,2.76298451423645
2025-08-07,GOOGL,2.191713571548462
2025-08-08,GOOGL,1.293276071548462
2025-08-11,GOOGL,1.4807713031768799
2025-08-12,GOOGL,-1.947898507118225
2025-08-13,GOOGL,-1.547101378440857
2025-08-14,GOOGL,-1.0375505685806274
2025-08-15,GOOGL,1.0177719593048096
2025-08-18,GOOGL,0.12385859340429306
2025-08-19,GOOGL,2.9120802879333496
2025-08-20,GOOGL,3.862121343612671
2025-08-21,GOOGL,-2.2170612812042236
2025-08-22,GOOGL,2.2030234336853027
2025-08-25,GOOGL,1.1631219387054443
2025-08-26,GOOGL,3.5712435245513916
2025-08-27,GOOGL,2.9410645961761475
2025-08-28,GOOGL,-1.9670488834381104
2025-08-29,GOOGL,1.5183368921279907
2025-09-02,GOOGL,2.152923345565796
2025-09-03,GOOGL,1.7348264455795288
2025-09-04,GOOGL,1.3585060834884644
2025-09-05,GOOGL,2.0535616874694824
2025-09-08,GOOGL,-1.1767555475234985
2025-09-09,GOOGL,-2.516859531402588
2025-09-10,GOOGL,-0.9739271402359009
2025-09-11,GOOGL,-3.274750232696533
2025-09-12,GOOGL,-0.7547639012336731
2025-09-15,GOOGL,1.474251627922058
2025-09-16,GOOGL,3.0842056274414062
2025-09-17,GOOGL,0.6329311728477478
2025-09-18,GOOGL,0.0038770048413425684
2025-09-19,GOOGL,2.173635721206665
2025-09-22,GOOGL,-3.0249199867248535
2025-09-23,GOOGL,2.4585671424865723
2025-09-24,GOOGL,3.062974214553833
2025-09-25,GOOGL,-0.013497659005224705
2025-09-26,GOOGL,0.0021650451235473156
2025-09-29,GOOGL,-0.2252463698387146
2025-09-30,GOOGL,1.7151623964309692
2025-10-01,GOOGL,2.2056450843811035
2025-10-02,GOOGL,1.730870246887207
2025-10-03,GOOGL,1.6151851415634155
2025-10-06,GOOGL,1.3613461256027222
2025-10-07,GOOGL,1.500894546508789
2025-10-08,GOOGL,2.1788651943206787
2025-10-09,GOOGL,0.981047511100769
2025-10-10,GOOGL,1.6558265686035156
2025-10-13,GOOGL,1.9200458526611328
2025-10-14,GOOGL,2.6637203693389893
2025-10-15,GOOGL,3.3730199337005615
2025-10-16,GOOGL,3.458620548248291
2025-10-17,GOOGL,1.5395665168762207
2025-10-20,GOOGL,1.254249095916748
2025-10-21,GOOGL,2.0221614837646484
2025-10-22,GOOGL,1.8788456916809082
2025-10-23,GOOGL,2.151742458343506
2025-10-24,GOOGL,2.2460243701934814
2025-10-27,GOOGL,0.33456796407699585
2025-10-28,GOOGL,1.1269166469573975
2025-10-29,GOOGL,2.968855381011963
2025-10-30,GOOGL,-2.6835739612579346
2025-10-31,GOOGL,-1.591933012008667
2025-11-03,GOOGL,-4.278624534606934
2025-11-04,GOOGL,-1.7294642925262451
2025-11-05,GOOGL,-0.772093653678894
2025-11-06,GOOGL,-3.009899616241455
2025-11-07,GOOGL,0.9874638915061951
2025-11-10,GOOGL,3.1572113037109375
2025-11-11,GOOGL,2.402223587036133
2025-11-12,GOOGL,1.7491768598556519
2025-11-13,GOOGL,1.6069676876068115
2025-11-14,GOOGL,1.4650776386260986
2025-11-17,GOOGL,1.1983994245529175
2025-11-18,GOOGL,1.4223750829696655
2025-11-19,GOOGL,-0.10174127668142319
2025-11-20,GOOGL,0.11101316660642624
2025-11-21,GOOGL,0.9716778993606567
2025-11-24,GOOGL,-0.8235194683074951
2025-11-25,GOOGL,1.1764575242996216
2025-11-26,GOOGL,0.6852076053619385
2025-07-23,GBPUSD=X,3.5219500064849854
2025-07-24,GBPUSD=X,2.5088443756103516
2025-07-25,GBPUSD=X,1.971982479095459
2025-07-28,GBPUSD=X,2.891248941421509
2025-07-29,GBPUSD=X,9.729021072387695
2025-07-30,GBPUSD=X,8.198724746704102
2025-07-31,GBPUSD=X,6.542243003845215
2025-08-01,GBPUSD=X,7.575081825256348
2025-08-04,GBPUSD=X,5.015694618225098
2025-08-05,GBPUSD=X,-8.531403541564941
2025-08-06,GBPUSD=X,0.5659202337265015
2025-08-07,GBPUSD=X,6.40217924118042
2025-08-08,GBPUSD=X,-0.8845633268356323
2025-08-11,GBPUSD=X,-3.64021372795105
2025-08-12,GBPUSD=X,-10.7055082321167
2025-08-13,GBPUSD=X,5.097563743591309
2025-08-14,GBPUSD=X,-4.23878812789917
2025-08-15,GBPUSD=X,0.6140000224113464
2025-08-18,GBPUSD=X,-4.086667060852051
2025-08-19,GBPUSD=X,-11.580374717712402
2025-08-20,GBPUSD=X,-12.034245491027832
2025-08-21,GBPUSD=X,-12.648247718811035
2025-08-22,GBPUSD=X,-2.145902395248413
2025-08-25,GBPUSD=X,8.746870994567871
2025-08-26,GBPUSD=X,16.848203659057617
2025-08-27,GBPUSD=X,15.382256507873535
2025-08-28,GBPUSD=X,7.688779354095459
2025-08-29,GBPUSD=X,7.551546573638916
2025-09-01,GBPUSD=X,2.5250329971313477
2025-09-02,GBPUSD=X,6.486792087554932
2025-09-03,GBPUSD=X,2.4953455924987793
2025-09-04,GBPUSD=X,4.760441303253174
2025-09-05,GBPUSD=X,3.6479077339172363
2025-09-08,GBPUSD=X,-7.114899635314941
2025-09-09,GBPUSD=X,7.3767409324646
2025-09-10,GBPUSD=X,7.613900184631348
2025-09-11,GBPUSD=X,-6.067924499511719
2025-09-12,GBPUSD=X,12.667071342468262
2025-09-15,GBPUSD=X,15.864327430725098
2025-09-16,GBPUSD=X,10.072564125061035
2025-09-17,GBPUSD=X,1.3017586469650269
2025-09-18,GBPUSD=X,7.0236430168151855
2025-09-19,GBPUSD=X,8.451305389404297
2025-09-22,GBPUSD=X,12.81771469116211
2025-09-23,GBPUSD=X,12.010887145996094
2025-09-24,GBPUSD=X,-12.249272346496582
2025-09-25,GBPUSD=X,-14.635165214538574
2025-09-26,GBPUSD=X,-13.909585952758789
2025-09-29,GBPUSD=X,5.510776042938232
2025-09-30,GBPUSD=X,3.6464107036590576
2025-10-01,GBPUSD=X,5.591514587402344
2025-10-02,GBPUSD=X,7.561323642730713
2025-10-03,GBPUSD=X,5.6113505363464355
2025-10-06,GBPUSD=X,0.23686516284942627
2025-10-07,GBPUSD=X,-0.8821123242378235
2025-10-08,GBPUSD=X,0.2567818760871887
2025-10-09,GBPUSD=X,6.939172744750977
2025-10-10,GBPUSD=X,9.341568946838379
2025-10-13,GBPUSD=X,11.528075218200684
2025-10-14,GBPUSD=X,17.007923126220703
2025-10-15,GBPUSD=X,14.130509376525879
2025-10-16,GBPUSD=X,17.169301986694336
2025-10-17,GBPUSD=X,15.962252616882324
2025-10-20,GBPUSD=X,5.706150531768799
2025-10-21,GBPUSD=X,-15.446306228637695
2025-10-22,GBPUSD=X,-4.330798149108887
2025-10-23,GBPUSD=X,-1.080987572669983
2025-10-24,GBPUSD=X,4.212381362915039
2025-10-27,GBPUSD=X,10.172809600830078
2025-10-28,GBPUSD=X,11.864303588867188
2025-10-29,GBPUSD=X,14.365525245666504
2025-10-30,GBPUSD=X,14.890989303588867
2025-10-31,GBPUSD=X,12.580957412719727
2025-11-03,GBPUSD=X,9.54153060913086
2025-11-04,GBPUSD=X,9.14327335357666
2025-11-05,GBPUSD=X,14.97544002532959
2025-11-06,GBPUSD=X,10.490530967712402
2025-11-07,GBPUSD=X,7.950462818145752
2025-11-10,GBPUSD=X,-2.470184564590454
2025-11-11,GBPUSD=X,13.112496376037598
2025-11-12,GBPUSD=X,6.35961389541626
2025-11-13,GBPUSD=X,5.43795108795166
2025-11-14,GBPUSD=X,-18.58231544494629
2025-11-17,GBPUSD=X,5.380456924438477
2025-11-18,GBPUSD=X,10.382302284240723
2025-11-19,GBPUSD=X,9.163423538208008
2025-11-20,GBPUSD=X,11.792119026184082
2025-11-21,GBPUSD=X,10.954219818115234
2025-11-24,GBPUSD=X,17.019899368286133
2025-11-25,GBPUSD=X,7.640244483947754
2025-11-26,GBPUSD=X,-7.578537464141846
2025-11-27,GBPUSD=X,-5.624297618865967
2025-07-24,JPM,-0.9216281175613403
2025-07-25,JPM,2.220909595489502
2025-07-28,JPM,2.33510684967041
2025-07-29,JPM,1.062413215637207
2025-07-30,JPM,2.635223150253296
2025-07-31,JPM,-0.5293616056442261
2025-08-01,JPM,-0.346476286649704
2025-08-04,JPM,2.088625192642212
2025-08-05,JPM,-0.12037982046604156
2025-08-06,JPM,1.5332560539245605
2025-08-07,JPM,1.810505986213684
2025-08-08,JPM,0.8340641260147095
2025-08-11,JPM,0.8292933702468872
2025-08-12,JPM,0.5773206353187561
2025-08-13,JPM,-2.860971689224243
2025-08-14,JPM,0.7853217720985413
2025-08-15,JPM,0.42603254318237305
2025-08-18,JPM,3.171081066131592
2025-08-19,JPM,0.4681733250617981
2025-08-20,JPM,2.5956788063049316
2025-08-21,JPM,4.63201379776001
2025-08-22,JPM,4.457067966461182
2025-08-25,JPM,1.5720125436782837
2025-08-26,JPM,2.004746913909912
2025-08-27,JPM,1.9942944049835205
2025-08-28,JPM,-2.80389666557312
2025-08-29,JPM,-5.018265724182129
2025-09-02,JPM,-2.9123260974884033
2025-09-03,JPM,-0.7803085446357727
2025-09-04,JPM,-0.8229972720146179
2025-09-05,JPM,2.220968246459961
2025-09-08,JPM,3.4152071475982666
2025-09-09,JPM,2.4502928256988525
2025-09-10,JPM,-1.8515244722366333
2025-09-11,JPM,-1.8861757516860962
2025-09-12,JPM,0.10580920428037643
2025-09-15,JPM,-2.102027416229248
2025-09-16,JPM,1.6527135372161865
2025-09-17,JPM,0.4680236577987671
2025-09-18,JPM,0.5780864357948303
2025-09-19,JPM,1.3781726360321045
2025-09-22,JPM,2.613330602645874
2025-09-23,JPM,1.0271769762039185
2025-09-24,JPM,1.4668196439743042
2025-09-25,JPM,2.580331325531006
2025-09-26,JPM,0.24080859124660492
2025-09-29,JPM,2.812288999557495
2025-09-30,JPM,0.46734780073165894
2025-10-01,JPM,3.3830506801605225
2025-10-02,JPM,0.027443455532193184
2025-10-03,JPM,2.175647735595703
2025-10-06,JPM,2.5748863220214844
2025-10-07,JPM,2.7089667320251465
2025-10-08,JPM,1.933619499206543
2025-10-09,JPM,1.1373640298843384
2025-10-10,JPM,1.0035545825958252
2025-10-13,JPM,2.1902451515197754
2025-10-14,JPM,0.3130655586719513
2025-10-15,JPM,2.494377613067627
2025-10-16,JPM,3.0504682064056396
2025-10-17,JPM,-0.5918315649032593
2025-10-20,JPM,2.736074209213257
2025-10-21,JPM,3.9227094650268555
2025-10-22,JPM,4.291787147521973
2025-10-23,JPM,2.973414659500122
2025-10-24,JPM,1.4831167459487915
2025-10-27,JPM,0.5799790024757385
2025-10-28,JPM,1.0493799448013306
2025-10-29,JPM,4.025213241577148
2025-10-30,JPM,-3.7738051414489746
2025-10-31,JPM,2.4921085834503174
2025-11-03,JPM,2.1267855167388916
2025-11-04,JPM,1.892786979675293
2025-11-05,JPM,1.8481968641281128
2025-11-06,JPM,-0.9926491379737854
2025-11-07,JPM,0.8863435983657837
2025-11-10,JPM,-2.20931077003479
2025-11-11,JPM,3.1694958209991455
2025-11-12,JPM,-3.0509772300720215
2025-11-13,JPM,0.8516956567764282
2025-11-14,JPM,2.522134304046631
2025-11-17,JPM,2.680108070373535
2025-11-18,JPM,0.3952796459197998
2025-11-19,JPM,1.563332200050354
2025-11-20,JPM,2.536442756652832
2025-11-21,JPM,2.9515514373779297
2025-11-24,JPM,3.0754148960113525
2025-11-25,JPM,1.2656409740447998
2025-11-26,JPM,-0.7240825891494751
2025-07-24,TSLA,-0.08375700563192368
2025-07-25,TSLA,-1.0481685400009155
2025-07-28,TSLA,-1.1546893119812012
2025-07-29,TSLA,-1.6103339195251465
2025-07-30,TSLA,-0.24722130596637726
2025-07-31,TSLA,-1.5556970834732056
2025-08-01,TSLA,-1.0267972946166992
2025-08-04,TSLA,0.9711255431175232
2025-08-05,TSLA,0.8676623702049255
2025-08-06,TSLA,0.48385539650917053
2025-08-07,TSLA,0.27925464510917664
2025-08-08,TSLA,-0.002783562522381544
2025-08-11,TSLA,-0.5972097516059875
2025-08-12,TSLA,-0.28056779503822327
2025-08-13,TSLA,0.8116896748542786
2025-08-14,TSLA,0.7879603505134583
2025-08-15,TSLA,0.8712298274040222
2025-08-18,TSLA,-0.7978834509849548
2025-08-19,TSLA,-0.7734639644622803
2025-08-20,TSLA,0.5518978834152222
2025-08-21,TSLA,0.6954101324081421
2025-08-22,TSLA,1.034218668937683
2025-08-25,TSLA,0.6591919660568237
2025-08-26,TSLA,1.2401193380355835
2025-08-27,TSLA,0.33177071809768677
2025-08-28,TSLA,-0.07584595680236816
2025-08-29,TSLA,0.6615393757820129
2025-09-02,TSLA,0.8183177709579468
2025-09-03,TSLA,0.5832443237304688
2025-09-04,TSLA,0.8262210488319397
2025-09-05,TSLA,1.5673959255218506
2025-09-08,TSLA,0.2689189016819
2025-09-09,TSLA,1.445699691772461
2025-09-10,TSLA,0.5923431515693665
2025-09-11,TSLA,0.7280277609825134
2025-09-12,TSLA,-0.4952431619167328
2025-09-15,TSLA,-0.5867199301719666
2025-09-16,TSLA,-0.652241587638855
2025-09-17,TSLA,-1.3215333223342896
2025-09-18,TSLA,-1.1550111770629883
2025-09-19,TSLA,-0.6219834685325623
2025-09-22,TSLA,-0.5334257483482361
2025-09-23,TSLA,-0.21985608339309692
2025-09-24,TSLA,-0.8769528269767761
2025-09-25,TSLA,-0.39142563939094543
2025-09-26,TSLA,0.2024543434381485
2025-09-29,TSLA,0.6442221999168396
2025-09-30,TSLA,-1.0058653354644775
2025-10-01,TSLA,0.522936999797821
2025-10-02,TSLA,2.0026888847351074
2025-10-03,TSLA,2.1014926433563232
2025-10-06,TSLA,0.7891064286231995
2025-10-07,TSLA,-1.824525237083435
2025-10-08,TSLA,-0.7454158663749695
2025-10-09,TSLA,-0.7980737090110779
2025-10-10,TSLA,-2.1490073204040527
2025-10-13,TSLA,0.692925214767456
2025-10-14,TSLA,0.6386133432388306
2025-10-15,TSLA,0.559523344039917
2025-10-16,TSLA,1.048465609550476
2025-10-17,TSLA,0.8649448752403259
2025-10-20,TSLA,0.11277567595243454
2025-10-21,TSLA,0.2737167477607727
2025-10-22,TSLA,0.6110892295837402
2025-10-23,TSLA,1.234923005104065
2025-10-24,TSLA,1.562551498413086
2025-10-27,TSLA,1.4693617820739746
2025-10-28,TSLA,0.008538838475942612
2025-10-29,TSLA,0.6034643054008484
2025-10-30,TSLA,0.18119695782661438
2025-10-31,TSLA,-1.4701640605926514
2025-11-03,TSLA,-2.110154867172241
2025-11-04,TSLA,-1.8066614866256714
2025-11-05,TSLA,2.089130401611328
2025-11-06,TSLA,0.12670519948005676
2025-11-07,TSLA,0.47424960136413574
2025-11-10,TSLA,-0.035554926842451096
2025-11-11,TSLA,0.006954781245440245
2025-11-12,TSLA,0.2575882077217102
2025-11-13,TSLA,0.49087369441986084
2025-11-14,TSLA,-0.1502915620803833
2025-11-17,TSLA,0.8201227784156799
2025-11-18,TSLA,1.156535267829895
2025-11-19,TSLA,0.6038038730621338
2025-11-20,TSLA,1.3813767433166504
2025-11-21,TSLA,1.0666849613189697
2025-11-24,TSLA,-0.17775848507881165
2025-11-25,TSLA,0.8790735602378845
2025-11-26,TSLA,0.5521557927131653
2025-07-24,XOM,3.0293476581573486
2025-07-25,XOM,3.115912675857544
2025-07-28,XOM,2.309514284133911
2025-07-29,XOM,1.1051239967346191
2025-07-30,XOM,-1.467731237411499
2025-07-31,XOM,0.12668627500534058
2025-08-01,XOM,-1.2553765773773193
2025-08-04,XOM,1.279223918914795
2025-08-05,XOM,1.2981759309768677
2025-08-06,XOM,1.250265121459961
2025-08-07,XOM,3.6667370796203613
2025-08-08,XOM,4.362687587738037
2025-08-11,XOM,-0.5304981470108032
2025-08-12,XOM,1.6658200025558472
2025-08-13,XOM,2.837298631668091
2025-08-14,XOM,1.853054404258728
2025-08-15,XOM,1.7254018783569336
2025-08-18,XOM,1.101269006729126
2025-08-19,XOM,2.4586946964263916
2025-08-20,XOM,-0.34633785486221313
2025-08-21,XOM,3.4007272720336914
2025-08-22,XOM,-0.8782721757888794
2025-08-25,XOM,-3.8200414180755615
2025-08-26,XOM,0.9130187630653381
2025-08-27,XOM,-0.388548880815506
2025-08-28,XOM,-2.5654616355895996
2025-08-29,XOM,-2.5560061931610107
2025-09-02,XOM,-3.313544988632202
2025-09-03,XOM,1.8809653520584106
2025-09-04,XOM,1.99873948097229
2025-09-05,XOM,2.29738187789917
2025-09-08,XOM,-2.2051351070404053
2025-09-09,XOM,2.720144510269165
2025-09-10,XOM,-1.2342206239700317
2025-09-11,XOM,-4.411083221435547
2025-09-12,XOM,0.5689688324928284
2025-09-15,XOM,-0.2709377408027649
2025-09-16,XOM,1.9696787595748901
2025-09-17,XOM,0.9028546810150146
2025-09-18,XOM,-0.666172444820404
2025-09-19,XOM,5.1067728996276855
2025-09-22,XOM,5.4097466468811035
2025-09-23,XOM,4.618618488311768
2025-09-24,XOM,0.6683200001716614
2025-09-25,XOM,1.3086901903152466
2025-09-26,XOM,-1.7637274265289307
2025-09-29,XOM,-1.8245657682418823
2025-09-30,XOM,-2.3228156566619873
2025-10-01,XOM,-2.3525044918060303
2025-10-02,XOM,-3.628908395767212
2025-10-03,XOM,0.23826637864112854
2025-10-06,XOM,1.5631681680679321
2025-10-07,XOM,3.756943464279175
2025-10-08,XOM,3.009765625
2025-10-09,XOM,1.1230268478393555
2025-10-10,XOM,0.07224155962467194
2025-10-13,XOM,1.2557787895202637
2025-10-14,XOM,-0.19415605068206787
2025-10-15,XOM,0.769148051738739
2025-10-16,XOM,2.083015203475952
2025-10-17,XOM,3.0999066829681396
2025-10-20,XOM,4.04221773147583
2025-10-21,XOM,4.536914825439453
2025-10-22,XOM,2.960327386856079
2025-10-23,XOM,1.3958390951156616
2025-10-24,XOM,-1.1007046699523926
2025-10-27,XOM,-0.3072994649410248
2025-10-28,XOM,1.4709765911102295
2025-10-29,XOM,1.090157389640808
2025-10-30,XOM,3.96083402633667
2025-10-31,XOM,5.236230850219727
2025-11-03,XOM,4.909946918487549
2025-11-04,XOM,3.0961434841156006
2025-11-05,XOM,0.7749054431915283
2025-11-06,XOM,1.8039133548736572
2025-11-07,XOM,-4.615090847015381
2025-11-10,XOM,-0.4894336760044098
2025-11-11,XOM,0.7026054859161377
2025-11-12,XOM,-0.09560877084732056
2025-11-13,XOM,1.962601900100708
2025-11-14,XOM,1.9501118659973145
2025-11-17,XOM,-4.219081401824951
2025-11-18,XOM,1.2838352918624878
2025-11-19,XOM,3.0263819694519043
2025-11-20,XOM,0.3067648410797119
2025-11-21,XOM,1.330964207649231
2025-11-24,XOM,1.8252376317977905
2025-11-25,XOM,3.523172378540039
2025-11-26,XOM,3.3533401489257812
2025-07-24,SPY,1.2111140489578247
2025-07-25,SPY,1.2307169437408447
2025-07-28,SPY,-1.5679501295089722
2025-07-29,SPY,-3.150219440460205
2025-07-30,SPY,3.9566104412078857
2025-07-31,SPY,-1.3322478532791138
2025-08-01,SPY,3.389239549636841
2025-08-04,SPY,3.279646396636963
2025-08-05,SPY,3.679546594619751
2025-08-06,SPY,3.4353880882263184
2025-08-07,SPY,3.284654140472412
2025-08-08,SPY,2.874972343444824
2025-08-11,SPY,0.7273204922676086
2025-08-12,SPY,-2.5651848316192627
2025-08-13,SPY,-3.2430830001831055
2025-08-14,SPY,1.446036696434021
2025-08-15,SPY,3.1210596561431885
2025-08-18,SPY,1.4803348779678345
2025-08-19,SPY,0.4198324382305145
2025-08-20,SPY,5.435314178466797
2025-08-21,SPY,6.828946113586426
2025-08-22,SPY,6.6616034507751465
2025-08-25,SPY,-3.0988054275512695
2025-08-26,SPY,5.15488338470459
2025-08-27,SPY,4.7010979652404785
2025-08-28,SPY,5.23841667175293
2025-08-29,SPY,-0.6432549953460693
2025-09-02,SPY,4.345890522003174
2025-09-03,SPY,2.9587461948394775
2025-09-04,SPY,0.8639190196990967
2025-09-05,SPY,2.1403138637542725
2025-09-08,SPY,2.1727380752563477
2025-09-09,SPY,1.4060715436935425
2025-09-10,SPY,0.1863526552915573
2025-09-11,SPY,-4.5028977394104
2025-09-12,SPY,4.080522537231445
2025-09-15,SPY,4.407026290893555
2025-09-16,SPY,3.098003625869751
2025-09-17,SPY,0.1490725427865982
2025-09-18,SPY,-3.5606281757354736
2025-09-19,SPY,0.7637834548950195
2025-09-22,SPY,-2.971747398376465
2025-09-23,SPY,-4.223270893096924
2025-09-24,SPY,-2.3515262603759766
2025-09-25,SPY,-6.556943416595459
2025-09-26,SPY,-6.339570045471191
2025-09-29,SPY,-3.0156521797180176
2025-09-30,SPY,2.7786567211151123
2025-10-01,SPY,3.4484097957611084
2025-10-02,SPY,2.7653963565826416
2025-10-03,SPY,1.5900682210922241
2025-10-06,SPY,2.05049204826355
2025-10-07,SPY,2.736609935760498
2025-10-08,SPY,2.9632811546325684
2025-10-09,SPY,4.509217262268066
2025-10-10,SPY,1.8018094301223755
2025-10-13,SPY,2.469001293182373
2025-10-14,SPY,2.85247540473938
2025-10-15,SPY,3.881242275238037
2025-10-16,SPY,5.240108489990234
2025-10-17,SPY,3.769101142883301
2025-10-20,SPY,1.0562210083007812
2025-10-21,SPY,2.2105605602264404
2025-10-22,SPY,-2.2064666748046875
2025-10-23,SPY,1.1660206317901611
2025-10-24,SPY,-1.9981772899627686
2025-10-27,SPY,-3.9922423362731934
2025-10-28,SPY,-2.8679354190826416
2025-10-29,SPY,4.256959438323975
2025-10-30,SPY,3.7964513301849365
2025-10-31,SPY,-2.7218902111053467
2025-11-03,SPY,-6.360845565795898
2025-11-04,SPY,-3.0179059505462646
2025-11-05,SPY,1.3508524894714355
2025-11-06,SPY,-2.2705156803131104
2025-11-07,SPY,-4.241464614868164
2025-11-10,SPY,2.692013740539551
2025-11-11,SPY,2.846719741821289
2025-11-12,SPY,2.9124557971954346
2025-11-13,SPY,2.4318745136260986
2025-11-14,SPY,1.2773323059082031
2025-11-17,SPY,2.045802593231201
2025-11-18,SPY,1.7741879224777222
2025-11-19,SPY,0.7127470970153809
2025-11-20,SPY,5.613466262817383
2025-11-21,SPY,6.81736946105957
2025-11-24,SPY,5.063191890716553
2025-11-25,SPY,6.997923374176025
2025-11-26,SPY,5.839675426483154
2025-07-23,EURUSD=X,3.5200371742248535
2025-07-24,EURUSD=X,3.4516184329986572
2025-07-25,EURUSD=X,4.642999172210693
2025-07-28,EURUSD=X,-1.561644434928894
2025-07-29,EURUSD=X,6.9876885414123535
2025-07-30,EURUSD=X,4.368419170379639
2025-07-31,EURUSD=X,-6.040661334991455
2025-08-01,EURUSD=X,-13.47631549835205
2025-08-04,EURUSD=X,-6.6051764488220215
2025-08-05,EURUSD=X,-6.48576545715332
2025-08-06,EURUSD=X,4.273743629455566
2025-08-07,EURUSD=X,0.7112331986427307
2025-08-08,EURUSD=X,-10.167181015014648
2025-08-11,EURUSD=X,-0.7277793884277344
2025-08-12,EURUSD=X,1.128233551979065
2025-08-13,EURUSD=X,6.4448323249816895
2025-08-14,EURUSD=X,2.977512836456299
2025-08-15,EURUSD=X,8.025625228881836
2025-08-18,EURUSD=X,8.625112533569336
2025-08-19,EURUSD=X,3.8838040828704834
2025-08-20,EURUSD=X,7.895573139190674
2025-08-21,EURUSD=X,-10.424378395080566
2025-08-22,EURUSD=X,5.89056396484375
2025-08-25,EURUSD=X,9.787552833557129
2025-08-26,EURUSD=X,-5.851102352142334
2025-08-27,EURUSD=X,-1.7795276641845703
2025-08-28,EURUSD=X,5.611908435821533
2025-08-29,EURUSD=X,5.903679847717285
2025-09-01,EURUSD=X,2.31247615814209
2025-09-02,EURUSD=X,7.471974849700928
2025-09-03,EURUSD=X,4.872395038604736
2025-09-04,EURUSD=X,2.47091007232666
2025-09-05,EURUSD=X,5.811192512512207
2025-09-08,EURUSD=X,6.978338718414307
2025-09-09,EURUSD=X,6.953983783721924
2025-09-10,EURUSD=X,7.488675117492676
2025-09-11,EURUSD=X,-6.422825336456299
2025-09-12,EURUSD=X,5.1650872230529785
2025-09-15,EURUSD=X,1.8926693201065063
2025-09-16,EURUSD=X,-2.2494935989379883
2025-09-17,EURUSD=X,-9.31935977935791
2025-09-18,EURUSD=X,1.1845619678497314
2025-09-19,EURUSD=X,5.61274528503418
2025-09-22,EURUSD=X,7.008361339569092
2025-09-23,EURUSD=X,-9.057293891906738
2025-09-24,EURUSD=X,-0.0433858223259449
2025-09-25,EURUSD=X,-12.796746253967285
2025-09-26,EURUSD=X,6.046981334686279
2025-09-29,EURUSD=X,11.896354675292969
2025-09-30,EURUSD=X,-1.139857530593872
2025-10-01,EURUSD=X,3.6909914016723633
2025-10-02,EURUSD=X,5.7288079261779785
2025-10-03,EURUSD=X,3.6618521213531494
2025-10-06,EURUSD=X,9.474664688110352
2025-10-07,EURUSD=X,6.297260284423828
2025-10-08,EURUSD=X,2.369450569152832
2025-10-09,EURUSD=X,6.068028926849365
2025-10-10,EURUSD=X,8.449707984924316
2025-10-13,EURUSD=X,10.830546379089355
2025-10-14,EURUSD=X,10.856592178344727
2025-10-15,EURUSD=X,10.730138778686523
2025-10-16,EURUSD=X,11.060419082641602
2025-10-17,EURUSD=X,13.878031730651855
2025-10-20,EURUSD=X,-5.190506458282471
2025-10-21,EURUSD=X,-10.605679512023926
2025-10-22,EURUSD=X,6.977517604827881
2025-10-23,EURUSD=X,12.394816398620605
2025-10-24,EURUSD=X,14.441079139709473
2025-10-27,EURUSD=X,5.700117111206055
2025-10-28,EURUSD=X,13.398608207702637
2025-10-29,EURUSD=X,14.73114013671875
2025-10-30,EURUSD=X,11.173239707946777
2025-10-31,EURUSD=X,-2.0558576583862305
2025-11-03,EURUSD=X,-2.657918930053711
2025-11-04,EURUSD=X,-8.097290992736816
2025-11-05,EURUSD=X,-11.966217041015625
2025-11-06,EURUSD=X,-11.037291526794434
2025-11-07,EURUSD=X,8.554754257202148
2025-11-10,EURUSD=X,13.496966361999512
2025-11-11,EURUSD=X,10.11182689666748
2025-11-12,EURUSD=X,6.39900016784668
2025-11-13,EURUSD=X,3.606523036956787
2025-11-14,EURUSD=X,-0.9257612824440002
2025-11-17,EURUSD=X,0.6572337746620178
2025-11-18,EURUSD=X,7.7253031730651855
2025-11-19,EURUSD=X,10.110391616821289
2025-11-20,EURUSD=X,14.52634048461914
2025-11-21,EURUSD=X,11.510499954223633
2025-11-24,EURUSD=X,13.530889511108398
2025-11-25,EURUSD=X,13.609768867492676
2025-11-26,EURUSD=X,4.991690635681152
2025-11-27,EURUSD=X,10.6912260055542
2025-07-24,GLD,2.2554574012756348
2025-07-25,GLD,0.34739506244659424
2025-07-28,GLD,-7.1084465980529785
2025-07-29,GLD,2.0827038288116455
2025-07-30,GLD,-2.0575900077819824
2025-07-31,GLD,1.3637022972106934
2025-08-01,GLD,1.854432225227356
2025-08-04,GLD,-5.343184471130371
2025-08-05,GLD,3.710347890853882
2025-08-06,GLD,2.2240569591522217
2025-08-07,GLD,4.897277355194092
2025-08-08,GLD,-2.998647928237915
2025-08-11,GLD,2.2849018573760986
2025-08-12,GLD,4.5759453773498535
2025-08-13,GLD,1.461477279663086
2025-08-14,GLD,-0.676651656627655
2025-08-15,GLD,-2.4362387657165527
2025-08-18,GLD,3.1746435165405273
2025-08-19,GLD,5.398134231567383
2025-08-20,GLD,2.9592175483703613
2025-08-21,GLD,-6.428097724914551
2025-08-22,GLD,0.0780077651143074
2025-08-25,GLD,2.861234426498413
2025-08-26,GLD,1.3993573188781738
2025-08-27,GLD,1.0065336227416992
2025-08-28,GLD,1.9262363910675049
2025-08-29,GLD,2.3136706352233887
2025-09-02,GLD,-1.339485764503479
2025-09-03,GLD,3.1953957080841064
2025-09-04,GLD,2.0401663780212402
2025-09-05,GLD,-1.9314147233963013
2025-09-08,GLD,-1.5071755647659302
2025-09-09,GLD,-2.182896375656128
2025-09-10,GLD,3.4367058277130127
2025-09-11,GLD,-0.2967892289161682
2025-09-12,GLD,2.511343240737915
2025-09-15,GLD,2.009678363800049
2025-09-16,GLD,-3.7052676677703857
2025-09-17,GLD,-4.292149066925049
2025-09-18,GLD,6.871014595031738
2025-09-19,GLD,5.395665645599365
2025-09-22,GLD,-4.145975112915039
2025-09-23,GLD,0.2868601381778717
2025-09-24,GLD,6.09839391708374
2025-09-25,GLD,7.484227657318115
2025-09-26,GLD,4.096107006072998
2025-09-29,GLD,-6.872032642364502
2025-09-30,GLD,-2.7565786838531494
2025-10-01,GLD,2.4585494995117188
2025-10-02,GLD,6.766384601593018
2025-10-03,GLD,-1.4337717294692993
2025-10-06,GLD,0.7760071754455566
2025-10-07,GLD,-4.4786696434021
2025-10-08,GLD,-1.6089930534362793
2025-10-09,GLD,0.4634276032447815
2025-10-10,GLD,3.9541282653808594
2025-10-13,GLD,0.7593266367912292
2025-10-14,GLD,-7.569115161895752
2025-10-15,GLD,-5.426985263824463
2025-10-16,GLD,-2.9881772994995117
2025-10-17,GLD,2.971325397491455
2025-10-20,GLD,3.830825090408325
2025-10-21,GLD,-0.3610883057117462
2025-10-22,GLD,-0.21126526594161987
2025-10-23,GLD,1.7074122428894043
2025-10-24,GLD,1.2339426279067993
2025-10-27,GLD,1.9777542352676392
2025-10-28,GLD,3.0341804027557373
2025-10-29,GLD,2.0151100158691406
2025-10-30,GLD,1.9375276565551758
2025-10-31,GLD,0.6471045613288879
2025-11-03,GLD,-0.22952288389205933
2025-11-04,GLD,0.6403635144233704
2025-11-05,GLD,-0.43130987882614136
2025-11-06,GLD,-2.0836284160614014
2025-11-07,GLD,1.3053702116012573
2025-11-10,GLD,1.5549343824386597
2025-11-11,GLD,3.8434853553771973
2025-11-12,GLD,2.8834645748138428
2025-11-13,GLD,-0.2550443112850189
2025-11-14,GLD,1.411639928817749
2025-11-17,GLD,2.462658405303955
2025-11-18,GLD,2.335878610610962
2025-11-19,GLD,3.3754684925079346
2025-11-20,GLD,-2.295212745666504
2025-11-21,GLD,3.861311197280884
2025-11-24,GLD,4.626621723175049
2025-11-25,GLD,0.9958599805831909
2025-11-26,GLD,1.783068060874939
2025-07-23,GC=F,1.31911039352417
2025-07-24,GC=F,0.612281322479248
2025-07-25,GC=F,1.8744239807128906
2025-07-28,GC=F,-2.430870532989502
2025-07-29,GC=F,1.9454331398010254
2025-07-30,GC=F,-3.1208879947662354
2025-07-31,GC=F,5.2774200439453125
2025-08-01,GC=F,3.4133667945861816
2025-08-04,GC=F,-1.146592140197754
2025-08-05,GC=F,0.7260952591896057
2025-08-06,GC=F,1.0094404220581055
2025-08-07,GC=F,2.1055450439453125
2025-08-08,GC=F,-2.291963577270508
2025-08-11,GC=F,1.4073126316070557
2025-08-12,GC=F,3.1913838386535645
2025-08-13,GC=F,-0.18523111939430237
2025-08-14,GC=F,1.190455436706543
2025-08-15,GC=F,0.3571750223636627
2025-08-18,GC=F,0.6447612047195435
2025-08-19,GC=F,0.29448774456977844
2025-08-20,GC=F,-5.275637626647949
2025-08-21,GC=F,-6.102860450744629
2025-08-22,GC=F,-5.137580394744873
2025-08-25,GC=F,1.8855743408203125
2025-08-26,GC=F,0.6984899044036865
2025-08-27,GC=F,-1.253854513168335
2025-08-28,GC=F,1.1139373779296875
2025-08-29,GC=F,3.032198190689087
2025-09-02,GC=F,-3.7240211963653564
2025-09-03,GC=F,2.1278271675109863
2025-09-04,GC=F,-0.14813946187496185
2025-09-05,GC=F,-4.223142147064209
2025-09-08,GC=F,-3.933002471923828
2025-09-09,GC=F,-6.16298246383667
2025-09-10,GC=F,0.6543064713478088
2025-09-11,GC=F,2.078590154647827
2025-09-12,GC=F,2.963761568069458
2025-09-15,GC=F,3.9436872005462646
2025-09-16,GC=F,2.892380714416504
2025-09-17,GC=F,4.028896331787109
2025-09-18,GC=F,5.684193134307861
2025-09-19,GC=F,4.845451831817627
2025-09-22,GC=F,-1.4016976356506348
2025-09-23,GC=F,-1.6498428583145142
2025-09-24,GC=F,2.315720558166504
2025-09-25,GC=F,5.342781066894531
2025-09-26,GC=F,2.509894371032715
2025-09-29,GC=F,-1.6373929977416992
2025-09-30,GC=F,1.2495436668395996
2025-10-01,GC=F,0.41976919770240784
2025-10-02,GC=F,5.032801151275635
2025-10-03,GC=F,-0.041452303528785706
2025-10-06,GC=F,-3.87807297706604
2025-10-07,GC=F,-6.453064441680908
2025-10-08,GC=F,6.793558120727539
2025-10-09,GC=F,2.5668294429779053
2025-10-10,GC=F,2.0050055980682373
2025-10-13,GC=F,0.17820614576339722
2025-10-14,GC=F,-7.356020927429199
2025-10-15,GC=F,-2.6387763023376465
2025-10-16,GC=F,3.9594566822052
2025-10-17,GC=F,1.6647207736968994
2025-10-20,GC=F,2.238497734069824
2025-10-21,GC=F,1.338857889175415
2025-10-22,GC=F,4.187283039093018
2025-10-23,GC=F,1.5226901769638062
2025-10-24,GC=F,0.285511314868927
2025-10-27,GC=F,1.4885510206222534
2025-10-28,GC=F,3.0323522090911865
2025-10-29,GC=F,1.9780489206314087
2025-10-30,GC=F,1.5389057397842407
2025-10-31,GC=F,1.2652384042739868
2025-11-03,GC=F,-0.7828866243362427
2025-11-04,GC=F,0.6193004250526428
2025-11-05,GC=F,-1.090531349182129
2025-11-06,GC=F,-3.5480403900146484
2025-11-07,GC=F,1.7309589385986328
2025-11-10,GC=F,2.1036794185638428
2025-11-11,GC=F,3.2207980155944824
2025-11-12,GC=F,2.4961748123168945
2025-11-13,GC=F,0.6999961733818054
2025-11-14,GC=F,2.7701456546783447
2025-11-17,GC=F,1.4299373626708984
2025-11-18,GC=F,-0.32925108075141907
2025-11-19,GC=F,0.000865029520355165
2025-11-20,GC=F,-1.2288570404052734
2025-11-21,GC=F,3.916684865951538
2025-11-24,GC=F,4.9064106941223145
2025-11-25,GC=F,1.7132658958435059
2025-11-26,GC=F,-1.9297224283218384
2025-07-23,HDFCBANK.NS,3.6836695671081543
2025-07-24,HDFCBANK.NS,3.8854873180389404
2025-07-25,HDFCBANK.NS,4.2585272789001465
2025-07-28,HDFCBANK.NS,5.4618144035339355
2025-07-29,HDFCBANK.NS,3.21380877494812
2025-07-30,HDFCBANK.NS,-0.6885672211647034
2025-07-31,HDFCBANK.NS,4.363766670227051
2025-08-01,HDFCBANK.NS,5.457921504974365
2025-08-04,HDFCBANK.NS,3.3714935779571533
2025-08-05,HDFCBANK.NS,2.8654818534851074
2025-08-06,HDFCBANK.NS,3.6364824771881104
2025-08-07,HDFCBANK.NS,3.4169509410858154
2025-08-08,HDFCBANK.NS,5.259253025054932
2025-08-11,HDFCBANK.NS,-0.2617640197277069
2025-08-12,HDFCBANK.NS,-4.895941257476807
2025-08-13,HDFCBANK.NS,3.3894150257110596
2025-08-14,HDFCBANK.NS,3.2293903827667236
2025-08-18,HDFCBANK.NS,4.091816425323486
2025-08-19,HDFCBANK.NS,2.442518949508667
2025-08-20,HDFCBANK.NS,0.5583245158195496
2025-08-21,HDFCBANK.NS,0.2877275049686432
2025-08-22,HDFCBANK.NS,2.5393974781036377
2025-08-25,HDFCBANK.NS,3.5881097316741943
2025-08-26,HDFCBANK.NS,1.172353982925415
2025-08-28,HDFCBANK.NS,4.592637538909912
2025-08-29,HDFCBANK.NS,4.424077987670898
2025-09-01,HDFCBANK.NS,0.21005722880363464
2025-09-02,HDFCBANK.NS,4.733148097991943
2025-09-03,HDFCBANK.NS,3.855167865753174
2025-09-04,HDFCBANK.NS,3.4766526222229004
2025-09-05,HDFCBANK.NS,2.8424911499023438
2025-09-08,HDFCBANK.NS,2.139145612716675
2025-09-09,HDFCBANK.NS,0.007899116724729538
2025-09-10,HDFCBANK.NS,3.5524744987487793
2025-09-11,HDFCBANK.NS,1.7223190069198608
2025-09-12,HDFCBANK.NS,-0.036650802940130234
2025-09-15,HDFCBANK.NS,3.076246500015259
2025-09-16,HDFCBANK.NS,4.662713050842285
2025-09-17,HDFCBANK.NS,5.953555583953857
2025-09-18,HDFCBANK.NS,0.8585353493690491
2025-09-19,HDFCBANK.NS,4.383307933807373
2025-09-22,HDFCBANK.NS,2.708026647567749
2025-09-23,HDFCBANK.NS,-4.6387434005737305
2025-09-24,HDFCBANK.NS,-2.9747300148010254
2025-09-25,HDFCBANK.NS,3.0860912799835205
2025-09-26,HDFCBANK.NS,4.590965747833252
2025-09-29,HDFCBANK.NS,3.89829421043396
2025-09-30,HDFCBANK.NS,4.5748677253723145
2025-10-01,HDFCBANK.NS,0.9856979846954346
2025-10-03,HDFCBANK.NS,-1.0172827243804932
2025-10-06,HDFCBANK.NS,2.58085298538208
2025-10-07,HDFCBANK.NS,-3.8366565704345703
2025-10-08,HDFCBANK.NS,-2.3513548374176025
2025-10-09,HDFCBANK.NS,4.14077091217041
2025-10-10,HDFCBANK.NS,-2.365520715713501
2025-10-13,HDFCBANK.NS,-0.1764223426580429
2025-10-14,HDFCBANK.NS,0.5262565612792969
2025-10-15,HDFCBANK.NS,-3.9508438110351562
2025-10-16,HDFCBANK.NS,-2.892418146133423
2025-10-17,HDFCBANK.NS,-7.297802448272705
2025-10-20,HDFCBANK.NS,2.5218324661254883
2025-10-21,HDFCBANK.NS,-5.055348873138428
2025-10-23,HDFCBANK.NS,-4.495885848999023
2025-10-24,HDFCBANK.NS,0.1733260452747345
2025-10-27,HDFCBANK.NS,-0.5699676275253296
2025-10-28,HDFCBANK.NS,2.072251319885254
2025-10-29,HDFCBANK.NS,-3.5046286582946777
2025-10-30,HDFCBANK.NS,-4.887086868286133
2025-10-31,HDFCBANK.NS,5.146308898925781
2025-11-03,HDFCBANK.NS,4.058203220367432
2025-11-04,HDFCBANK.NS,3.854144811630249
2025-11-06,HDFCBANK.NS,0.6950156688690186
2025-11-07,HDFCBANK.NS,2.025216817855835
2025-11-10,HDFCBANK.NS,2.7207343578338623
2025-11-11,HDFCBANK.NS,1.1688445806503296
2025-11-12,HDFCBANK.NS,3.68123459815979
2025-11-13,HDFCBANK.NS,-0.9079000353813171
2025-11-14,HDFCBANK.NS,2.2543394565582275
2025-11-17,HDFCBANK.NS,2.0992493629455566
2025-11-18,HDFCBANK.NS,-3.6889545917510986
2025-11-19,HDFCBANK.NS,1.2274380922317505
2025-11-20,HDFCBANK.NS,1.1797386407852173
2025-11-21,HDFCBANK.NS,2.171588897705078
2025-11-24,HDFCBANK.NS,4.683628082275391
2025-11-25,HDFCBANK.NS,4.033371925354004
2025-11-26,HDFCBANK.NS,-6.994675636291504
2025-11-27,HDFCBANK.NS,-5.813255310058594
2025-07-24,AMZN,1.7348812818527222
2025-07-25,AMZN,-1.0471636056900024
2025-07-28,AMZN,-4.080806255340576
2025-07-29,AMZN,-2.2837977409362793
2025-07-30,AMZN,-1.4167786836624146
2025-07-31,AMZN,-1.2431726455688477
2025-08-01,AMZN,-0.7386257648468018
2025-08-04,AMZN,2.9692986011505127
2025-08-05,AMZN,2.458378314971924
2025-08-06,AMZN,1.231776237487793
2025-08-07,AMZN,1.6977102756500244
2025-08-08,AMZN,1.6930745840072632
2025-08-11,AMZN,-0.015660548582673073
2025-08-12,AMZN,-2.7777838706970215
2025-08-13,AMZN,-2.7334306240081787
2025-08-14,AMZN,-0.9504989981651306
2025-08-15,AMZN,-0.09615013748407364
2025-08-18,AMZN,2.2898097038269043
2025-08-19,AMZN,2.7058374881744385
2025-08-20,AMZN,2.810007333755493
2025-08-21,AMZN,2.8887112140655518
2025-08-22,AMZN,3.0153582096099854
2025-08-25,AMZN,-0.7002183198928833
2025-08-26,AMZN,0.535658061504364
2025-08-27,AMZN,-3.515329360961914
2025-08-28,AMZN,-3.529559373855591
2025-08-29,AMZN,-1.2192258834838867
2025-09-02,AMZN,2.143557071685791
2025-09-03,AMZN,1.4439862966537476
2025-09-04,AMZN,1.0275808572769165
2025-09-05,AMZN,0.9336408376693726
2025-09-08,AMZN,1.7351887226104736
2025-09-09,AMZN,0.7726742029190063
2025-09-10,AMZN,1.1063588857650757
2025-09-11,AMZN,2.1457834243774414
2025-09-12,AMZN,1.7489967346191406
2025-09-15,AMZN,1.091702938079834
2025-09-16,AMZN,2.158059597015381
2025-09-17,AMZN,-1.1547317504882812
2025-09-18,AMZN,2.1824026107788086
2025-09-19,AMZN,2.4364969730377197
2025-09-22,AMZN,1.7494736909866333
2025-09-23,AMZN,0.9183284044265747
2025-09-24,AMZN,0.9279531240463257
2025-09-25,AMZN,-0.2713935971260071
2025-09-26,AMZN,1.9889286756515503
2025-09-29,AMZN,1.6322625875473022
2025-09-30,AMZN,2.340892791748047
2025-10-01,AMZN,2.8410444259643555
2025-10-02,AMZN,1.50883150100708
2025-10-03,AMZN,-0.5758529901504517
2025-10-06,AMZN,0.4288759231567383
2025-10-07,AMZN,-0.5171729922294617
2025-10-08,AMZN,0.861525297164917
2025-10-09,AMZN,0.8688462376594543
2025-10-10,AMZN,1.790335774421692
2025-10-13,AMZN,0.9038681983947754
2025-10-14,AMZN,2.4653844833374023
2025-10-15,AMZN,0.5041402578353882
2025-10-16,AMZN,1.0713893175125122
2025-10-17,AMZN,1.1151479482650757
2025-10-20,AMZN,-1.6126774549484253
2025-10-21,AMZN,0.6289942264556885
2025-10-22,AMZN,-0.8044711947441101
2025-10-23,AMZN,0.2512761354446411
2025-10-24,AMZN,-1.2810559272766113
2025-10-27,AMZN,-4.031924724578857
2025-10-28,AMZN,-4.384441375732422
2025-10-29,AMZN,-0.6515343189239502
2025-10-30,AMZN,0.3808092176914215
2025-10-31,AMZN,-1.6399002075195312
2025-11-03,AMZN,-1.221642017364502
2025-11-04,AMZN,-0.539697527885437
2025-11-05,AMZN,1.1564501523971558
2025-11-06,AMZN,0.1367662400007248
2025-11-07,AMZN,-2.734943151473999
2025-11-10,AMZN,-2.729151487350464
2025-11-11,AMZN,0.5943987369537354
2025-11-12,AMZN,2.4280669689178467
2025-11-13,AMZN,2.701627016067505
2025-11-14,AMZN,1.4464186429977417
2025-11-17,AMZN,1.2532503604888916
2025-11-18,AMZN,1.5317922830581665
2025-11-19,AMZN,1.1940997838974
2025-11-20,AMZN,1.4767684936523438
2025-11-21,AMZN,1.4023417234420776
2025-11-24,AMZN,1.5671712160110474
2025-11-25,AMZN,2.5203683376312256
2025-11-26,AMZN,2.621917247772217
2025-07-24,UNH,1.4103318452835083
2025-07-25,UNH,-2.5170207023620605
2025-07-28,UNH,-0.4028189480304718
2025-07-29,UNH,0.9757590889930725
2025-07-30,UNH,-2.478876829147339
2025-07-31,UNH,-2.432835102081299
2025-08-01,UNH,-1.3099099397659302
2025-08-04,UNH,-0.07445283234119415
2025-08-05,UNH,-0.0747598260641098
2025-08-06,UNH,0.29285070300102234
2025-08-07,UNH,1.3082311153411865
2025-08-08,UNH,1.0896645784378052
2025-08-11,UNH,-0.9780861735343933
2025-08-12,UNH,1.2207751274108887
2025-08-13,UNH,-0.1173909455537796
2025-08-14,UNH,1.2706109285354614
2025-08-15,UNH,0.5754933953285217
2025-08-18,UNH,-0.7177961468696594
2025-08-19,UNH,0.17760466039180756
2025-08-20,UNH,0.22754202783107758
2025-08-21,UNH,-1.3037387132644653
2025-08-22,UNH,-2.0536563396453857
2025-08-25,UNH,-1.1513117551803589
2025-08-26,UNH,1.5568474531173706
2025-08-27,UNH,1.85703706741333
2025-08-28,UNH,2.188271999359131
2025-08-29,UNH,1.877586841583252
2025-09-02,UNH,1.3883435726165771
2025-09-03,UNH,2.067648410797119
2025-09-04,UNH,1.7601406574249268
2025-09-05,UNH,1.3745776414871216
2025-09-08,UNH,0.7591553330421448
2025-09-09,UNH,0.9018834829330444
2025-09-10,UNH,1.1265122890472412
2025-09-11,UNH,1.2557125091552734
2025-09-12,UNH,-1.1710736751556396
2025-09-15,UNH,-1.6967188119888306
2025-09-16,UNH,-1.905652642250061
2025-09-17,UNH,0.6107776761054993
2025-09-18,UNH,-1.5471214056015015
2025-09-19,UNH,-0.013497862033545971
2025-09-22,UNH,1.4014779329299927
2025-09-23,UNH,1.4807802438735962
2025-09-24,UNH,1.5049705505371094
2025-09-25,UNH,1.4549490213394165
2025-09-26,UNH,0.5474146008491516
2025-09-29,UNH,0.7198312282562256
2025-09-30,UNH,0.8053230047225952
2025-10-01,UNH,-0.8244166970252991
2025-10-02,UNH,-0.37690192461013794
2025-10-03,UNH,-1.8986155986785889
2025-10-06,UNH,1.4653123617172241
2025-10-07,UNH,2.1627228260040283
2025-10-08,UNH,1.2372057437896729
2025-10-09,UNH,1.7528600692749023
2025-10-10,UNH,-1.4620014429092407
2025-10-13,UNH,-0.9154700040817261
2025-10-14,UNH,-0.5905491709709167
2025-10-15,UNH,-1.3004951477050781
2025-10-16,UNH,-0.11097395420074463
2025-10-17,UNH,2.0487818717956543
2025-10-20,UNH,1.599417805671692
2025-10-21,UNH,-1.3557084798812866
2025-10-22,UNH,-1.8539295196533203
2025-10-23,UNH,-0.687656581401825
2025-10-24,UNH,-0.9076256155967712
2025-10-27,UNH,0.11684221029281616
2025-10-28,UNH,-0.5560157895088196
2025-10-29,UNH,1.3923803567886353
2025-10-30,UNH,2.2770369052886963
2025-10-31,UNH,1.9868379831314087
2025-11-03,UNH,0.42336198687553406
2025-11-04,UNH,0.3777095079421997
2025-11-05,UNH,1.2469420433044434
2025-11-06,UNH,2.0978660583496094
2025-11-07,UNH,1.719031572341919
2025-11-10,UNH,0.9510667324066162
2025-11-11,UNH,0.2574796974658966
2025-11-12,UNH,-0.38132891058921814
2025-11-13,UNH,-0.19709691405296326
2025-11-14,UNH,0.15097340941429138
2025-11-17,UNH,0.06318848580121994
2025-11-18,UNH,0.6599976420402527
2025-11-19,UNH,0.8072459101676941
2025-11-20,UNH,1.1275403499603271
2025-11-21,UNH,1.2652170658111572
2025-11-24,UNH,2.310365915298462
2025-11-25,UNH,2.8135623931884766
2025-11-26,UNH,-2.4993269443511963
2025-07-24,META,0.9149050116539001
2025-07-25,META,-0.2380470484495163
2025-07-28,META,0.1423019915819168
2025-07-29,META,0.6179202795028687
2025-07-30,META,1.7572797536849976
2025-07-31,META,-2.818981647491455
2025-08-01,META,-2.1560747623443604
2025-08-04,META,0.8565593957901001
2025-08-05,META,2.184873580932617
2025-08-06,META,-1.5492980480194092
2025-08-07,META,-2.323364734649658
2025-08-08,META,-0.7878657579421997
2025-08-11,META,2.9025719165802
2025-08-12,META,0.24750147759914398
2025-08-13,META,0.9232823848724365
2025-08-14,META,-0.7171270847320557
2025-08-15,META,0.31643080711364746
2025-08-18,META,0.6984936594963074
2025-08-19,META,0.3810424506664276
2025-08-20,META,1.4483647346496582
2025-08-21,META,1.6812121868133545
2025-08-22,META,1.4712868928909302
2025-08-25,META,0.6811153888702393
2025-08-26,META,0.26129382848739624
2025-08-27,META,1.767303705215454
2025-08-28,META,1.531702995300293
2025-08-29,META,0.776348888874054
2025-09-02,META,1.0396817922592163
2025-09-03,META,-0.1973346620798111
2025-09-04,META,0.11990871280431747
2025-09-05,META,1.6717690229415894
2025-09-08,META,2.709256410598755
2025-09-09,META,2.9858334064483643
2025-09-10,META,2.699406623840332
2025-09-11,META,2.741725206375122
2025-09-12,META,2.5271658897399902
2025-09-15,META,2.2308220863342285
2025-09-16,META,0.11705321073532104
2025-09-17,META,-0.11018058657646179
2025-09-18,META,0.8621971607208252
2025-09-19,META,-0.3113344609737396
2025-09-22,META,1.0979726314544678
2025-09-23,META,1.625197410583496
2025-09-24,META,-0.4228604733943939
2025-09-25,META,-2.838867664337158
2025-09-26,META,-3.4316015243530273
2025-09-29,META,1.031076192855835
2025-09-30,META,0.8260948657989502
2025-10-01,META,1.9933769702911377
2025-10-02,META,1.6015675067901611
2025-10-03,META,2.0185608863830566
2025-10-06,META,2.2888431549072266
2025-10-07,META,1.593174934387207
2025-10-08,META,0.4350227415561676
2025-10-09,META,-0.494028776884079
2025-10-10,META,0.36264243721961975
2025-10-13,META,-0.368217408657074
2025-10-14,META,1.2449910640716553
2025-10-15,META,2.162163496017456
2025-10-16,META,0.7528184056282043
2025-10-17,META,0.5447530150413513
2025-10-20,META,-0.02752462960779667
2025-10-21,META,-4.156281471252441
2025-10-22,META,1.671926498413086
2025-10-23,META,0.24448361992835999
2025-10-24,META,-0.19588953256607056
2025-10-27,META,-0.4623788595199585
2025-10-28,META,-2.56584095954895
2025-10-29,META,1.76606023311615
2025-10-30,META,0.15863080322742462
2025-10-31,META,-0.4126214385032654
2025-11-03,META,-1.1615676879882812
2025-11-04,META,1.0431163311004639
2025-11-05,META,1.8155627250671387
2025-11-06,META,2.1194560527801514
2025-11-07,META,1.8826661109924316
2025-11-10,META,1.1417508125305176
2025-11-11,META,0.47846654057502747
2025-11-12,META,0.03131595999002457
2025-11-13,META,0.4802217185497284
2025-11-14,META,0.22185452282428741
2025-11-17,META,0.7449910044670105
2025-11-18,META,1.4481052160263062
2025-11-19,META,2.488705635070801
2025-11-20,META,2.9753847122192383
2025-11-21,META,2.0906128883361816
2025-11-24,META,3.06661319732666
2025-11-25,META,2.336930274963379
2025-11-26,META,0.7754255533218384
2025-09-09,^NSEI,-0.043298184871673584
2025-09-10,^NSEI,0.7504345774650574
2025-09-11,^NSEI,0.274992972612381
2025-09-12,^NSEI,-8.745908737182617
2025-09-15,^NSEI,8.004549980163574
2025-09-16,^NSEI,5.138165473937988
2025-09-17,^NSEI,4.666044235229492
2025-09-18,^NSEI,-4.936812877655029
2025-09-19,^NSEI,2.370999336242676
2025-09-22,^NSEI,-0.7042993307113647
2025-09-23,^NSEI,1.5493582487106323
2025-09-24,^NSEI,3.2949886322021484
2025-09-25,^NSEI,2.896986484527588
2025-09-26,^NSEI,6.216565132141113
2025-09-29,^NSEI,6.403928756713867
2025-09-30,^NSEI,5.652188301086426
2025-10-01,^NSEI,3.95867919921875
2025-10-03,^NSEI,3.951760768890381
2025-10-06,^NSEI,2.890071392059326
2025-10-07,^NSEI,-3.447381019592285
2025-10-08,^NSEI,-0.07678422331809998
2025-10-09,^NSEI,-0.5157908201217651
2025-10-10,^NSEI,0.6768983602523804
2025-10-13,^NSEI,3.7983312606811523
2025-10-14,^NSEI,-0.5029322504997253
2025-10-15,^NSEI,4.096562385559082
2025-10-16,^NSEI,4.620144367218018
2025-10-17,^NSEI,-1.1149457693099976
2025-10-20,^NSEI,2.6518478393554688
2025-10-21,^NSEI,-8.230548858642578
2025-10-23,^NSEI,-4.918941974639893
2025-10-24,^NSEI,-9.966208457946777
2025-10-27,^NSEI,-8.615839958190918
2025-10-28,^NSEI,6.686960697174072
2025-10-29,^NSEI,7.3299970626831055
2025-10-30,^NSEI,7.124648571014404
2025-10-31,^NSEI,8.803155899047852
2025-11-03,^NSEI,10.540485382080078
2025-11-04,^NSEI,-0.07483994960784912
2025-11-06,^NSEI,-6.435943126678467
2025-11-07,^NSEI,1.4965778589248657
2025-11-10,^NSEI,-0.5228680968284607
2025-11-11,^NSEI,-2.8722283840179443
2025-11-12,^NSEI,3.79948353767395
2025-11-13,^NSEI,1.3475568294525146
2025-11-14,^NSEI,6.118720054626465
2025-11-17,^NSEI,6.087457180023193
2025-11-18,^NSEI,-3.7675297260284424
2025-11-19,^NSEI,5.425094127655029
2025-11-20,^NSEI,3.13273286819458
2025-11-21,^NSEI,2.0215823650360107
2025-11-24,^NSEI,5.750357151031494
2025-11-25,^NSEI,9.83820629119873
2025-11-26,^NSEI,-6.5465545654296875
2025-11-27,^NSEI,-5.4220662117004395
2025-12-23,DX-Y.NYB,12.417876243591309
2025-12-24,DX-Y.NYB,6.7590484619140625
2025-12-26,DX-Y.NYB,21.01799201965332
2025-12-29,DX-Y.NYB,1.025549054145813
2025-12-30,DX-Y.NYB,-19.1835994720459
2025-12-31,DX-Y.NYB,16.487489700317383
2026-01-02,DX-Y.NYB,13.666353225708008
2026-01-05,DX-Y.NYB,-5.2259931564331055
2026-01-06,DX-Y.NYB,12.582428932189941
2026-01-07,DX-Y.NYB,-21.85889434814453
2026-01-08,DX-Y.NYB,-17.523815155029297
2026-01-09,DX-Y.NYB,-11.286972999572754
2026-01-12,DX-Y.NYB,-11.376882553100586
2026-01-13,DX-Y.NYB,2.8437247276306152
2026-01-14,DX-Y.NYB,-10.304862976074219
2026-01-15,DX-Y.NYB,10.972623825073242
2026-01-16,DX-Y.NYB,14.997336387634277
2026-01-20,DX-Y.NYB,19.542375564575195
2026-01-21,DX-Y.NYB,10.666545867919922
2026-01-22,DX-Y.NYB,-12.798135757446289
2026-01-23,DX-Y.NYB,-21.7169189453125
2026-01-26,DX-Y.NYB,-4.934504985809326
2026-01-27,DX-Y.NYB,-3.608771324157715
2026-01-28,DX-Y.NYB,-10.991938591003418
2026-01-29,DX-Y.NYB,9.810530662536621
2026-01-30,DX-Y.NYB,14.964265823364258
2026-02-02,DX-Y.NYB,13.440932273864746
2026-02-03,DX-Y.NYB,15.57703685760498
2026-02-04,DX-Y.NYB,0.44852036237716675
2026-02-05,DX-Y.NYB,-0.38283413648605347
2026-02-06,DX-Y.NYB,-2.9522852897644043
2026-02-09,DX-Y.NYB,3.57273268699646
2026-02-10,DX-Y.NYB,16.18117332458496
2026-02-11,DX-Y.NYB,10.747211456298828
2026-02-12,DX-Y.NYB,18.583097457885742
2026-02-13,DX-Y.NYB,12.297252655029297
2026-02-17,DX-Y.NYB,10.347400665283203
2026-02-18,DX-Y.NYB,14.278545379638672
2026-02-19,DX-Y.NYB,7.674633502960205
2026-02-20,DX-Y.NYB,3.9863317012786865
2026-02-23,DX-Y.NYB,5.452263355255127
2026-02-24,DX-Y.NYB,12.167158126831055
2026-02-25,DX-Y.NYB,13.134511947631836
2026-02-26,DX-Y.NYB,10.40442180633545
2026-02-27,DX-Y.NYB,8.575047492980957
2026-03-02,DX-Y.NYB,14.682291030883789
2026-03-03,DX-Y.NYB,19.83094596862793
2026-03-04,DX-Y.NYB,15.641817092895508
2026-03-05,DX-Y.NYB,-14.772233963012695
2026-03-06,DX-Y.NYB,-6.792867660522461
2026-03-09,DX-Y.NYB,15.304622650146484
2026-03-10,DX-Y.NYB,9.726102828979492
2026-03-11,DX-Y.NYB,15.151993751525879
2026-03-12,DX-Y.NYB,13.730348587036133
2026-03-13,DX-Y.NYB,-9.734784126281738
2026-03-16,DX-Y.NYB,21.06606674194336
2026-03-17,DX-Y.NYB,6.450228214263916
2026-03-18,DX-Y.NYB,5.762565612792969
2026-03-19,DX-Y.NYB,-20.67561912536621
2026-03-20,DX-Y.NYB,-12.727130889892578
2026-03-23,DX-Y.NYB,5.050381183624268
2026-03-24,DX-Y.NYB,-9.629914283752441
2026-03-25,DX-Y.NYB,5.396719455718994
2026-03-26,DX-Y.NYB,5.146358013153076
2026-03-27,DX-Y.NYB,8.263391494750977
2026-03-30,DX-Y.NYB,14.281057357788086
2026-03-31,DX-Y.NYB,14.581892013549805
2026-04-01,DX-Y.NYB,12.450411796569824
2026-04-02,DX-Y.NYB,9.468793869018555
2026-04-06,DX-Y.NYB,-7.093882083892822
2026-04-07,DX-Y.NYB,14.245076179504395
2026-04-08,DX-Y.NYB,3.2400009632110596
2026-04-09,DX-Y.NYB,7.6292290687561035
2026-04-10,DX-Y.NYB,9.165510177612305
2026-04-13,DX-Y.NYB,14.036316871643066
2026-04-14,DX-Y.NYB,9.240593910217285
2026-04-15,DX-Y.NYB,10.061596870422363
2026-04-16,DX-Y.NYB,7.0318450927734375
2026-04-17,DX-Y.NYB,2.1801562309265137
2026-04-20,DX-Y.NYB,8.733161926269531
2026-04-21,DX-Y.NYB,5.286099910736084
2026-04-22,DX-Y.NYB,-2.0250658988952637
2026-04-23,DX-Y.NYB,1.2105354070663452
2026-04-24,DX-Y.NYB,-4.936407089233398
2026-04-27,DX-Y.NYB,19.17384147644043
2026-04-28,DX-Y.NYB,4.444792747497559
2026-04-29,DX-Y.NYB,-6.155933380126953
2025-12-23,GBPUSD=X,-1.104069471359253
2025-12-24,GBPUSD=X,-19.42989158630371
2025-12-26,GBPUSD=X,-15.321096420288086
2025-12-29,GBPUSD=X,-13.52161693572998
2025-12-30,GBPUSD=X,-10.683076858520508
2025-12-31,GBPUSD=X,6.768916606903076
2026-01-02,GBPUSD=X,18.69378662109375
2026-01-05,GBPUSD=X,19.266582489013672
2026-01-06,GBPUSD=X,12.325563430786133
2026-01-07,GBPUSD=X,-5.035289287567139
2026-01-08,GBPUSD=X,-6.677674293518066
2026-01-09,GBPUSD=X,-4.31845235824585
2026-01-12,GBPUSD=X,11.456645011901855
2026-01-13,GBPUSD=X,0.7153570652008057
2026-01-14,GBPUSD=X,4.204376697540283
2026-01-15,GBPUSD=X,0.9445495009422302
2026-01-16,GBPUSD=X,3.626169204711914
2026-01-19,GBPUSD=X,-15.091328620910645
2026-01-20,GBPUSD=X,-18.51416778564453
2026-01-21,GBPUSD=X,-1.1303198337554932
2026-01-22,GBPUSD=X,0.14542335271835327
2026-01-23,GBPUSD=X,6.024026870727539
2026-01-26,GBPUSD=X,-1.6654925346374512
2026-01-27,GBPUSD=X,-10.617731094360352
2026-01-28,GBPUSD=X,-3.8551392555236816
2026-01-29,GBPUSD=X,1.2261955738067627
2026-01-30,GBPUSD=X,3.757655143737793
2026-02-02,GBPUSD=X,7.7950592041015625
2026-02-03,GBPUSD=X,16.046133041381836
2026-02-04,GBPUSD=X,14.219491004943848
2026-02-05,GBPUSD=X,-10.276890754699707
2026-02-06,GBPUSD=X,9.16628646850586
2026-02-09,GBPUSD=X,-9.094639778137207
2026-02-10,GBPUSD=X,1.7492350339889526
2026-02-11,GBPUSD=X,-3.9274470806121826
2026-02-12,GBPUSD=X,0.7755325436592102
2026-02-13,GBPUSD=X,7.498772144317627
2026-02-16,GBPUSD=X,15.34626293182373
2026-02-17,GBPUSD=X,16.71881866455078
2026-02-18,GBPUSD=X,4.683747291564941
2026-02-19,GBPUSD=X,0.933456540107727
2026-02-20,GBPUSD=X,8.330182075500488
2026-02-23,GBPUSD=X,-15.939217567443848
2026-02-24,GBPUSD=X,-17.68358039855957
2026-02-25,GBPUSD=X,-4.050084114074707
2026-02-26,GBPUSD=X,2.187148332595825
2026-02-27,GBPUSD=X,9.439567565917969
2026-03-02,GBPUSD=X,14.312407493591309
2026-03-03,GBPUSD=X,7.314962863922119
2026-03-04,GBPUSD=X,9.41689682006836
2026-03-05,GBPUSD=X,-8.63005256652832
2026-03-06,GBPUSD=X,-9.047510147094727
2026-03-09,GBPUSD=X,8.464037895202637
2026-03-10,GBPUSD=X,4.310866832733154
2026-03-11,GBPUSD=X,3.9777214527130127
2026-03-12,GBPUSD=X,9.736503601074219
2026-03-13,GBPUSD=X,8.297021865844727
2026-03-16,GBPUSD=X,11.917417526245117
2026-03-17,GBPUSD=X,4.568452835083008
2026-03-18,GBPUSD=X,2.842656373977661
2026-03-19,GBPUSD=X,6.525754928588867
2026-03-20,GBPUSD=X,6.2366204261779785
2026-03-23,GBPUSD=X,3.8478941917419434
2026-03-24,GBPUSD=X,-3.858417510986328
2026-03-25,GBPUSD=X,3.098172187805176
2026-03-26,GBPUSD=X,-2.463961124420166
2026-03-27,GBPUSD=X,-13.646541595458984
2026-03-30,GBPUSD=X,-12.413549423217773
2026-03-31,GBPUSD=X,14.400289535522461
2026-04-01,GBPUSD=X,1.3607374429702759
2026-04-02,GBPUSD=X,-3.4687767028808594
2026-04-03,GBPUSD=X,-6.842058181762695
2026-04-06,GBPUSD=X,-7.663239479064941
2026-04-07,GBPUSD=X,-1.0295699834823608
2026-04-08,GBPUSD=X,-13.694605827331543
2026-04-09,GBPUSD=X,0.5055726766586304
2026-04-10,GBPUSD=X,2.473606586456299
2026-04-13,GBPUSD=X,-4.239659309387207
2026-04-14,GBPUSD=X,4.921055793762207
2026-04-15,GBPUSD=X,-4.32050085067749
2026-04-16,GBPUSD=X,13.002289772033691
2026-04-17,GBPUSD=X,14.420231819152832
2026-04-20,GBPUSD=X,13.28405475616455
2026-04-21,GBPUSD=X,12.225676536560059
2026-04-22,GBPUSD=X,3.4209654331207275
2026-04-23,GBPUSD=X,7.031031608581543
2026-04-24,GBPUSD=X,9.70216178894043
2026-04-27,GBPUSD=X,12.898715019226074
2026-04-28,GBPUSD=X,4.8396453857421875
2026-04-29,GBPUSD=X,7.769656658172607
2025-12-23,AAPL,3.5731871128082275
2025-12-24,AAPL,0.6333598494529724
2025-12-26,AAPL,-4.807870388031006
2025-12-29,AAPL,-2.0492613315582275
2025-12-30,AAPL,1.7136783599853516
2025-12-31,AAPL,-0.1603904366493225
2026-01-02,AAPL,2.7760329246520996
2026-01-05,AAPL,3.9649875164031982
2026-01-06,AAPL,2.6451406478881836
2026-01-07,AAPL,0.6108459234237671
2026-01-08,AAPL,-4.53346586227417
2026-01-09,AAPL,-1.6821839809417725
2026-01-12,AAPL,2.3960554599761963
2026-01-13,AAPL,4.544630527496338
2026-01-14,AAPL,4.44426965713501
2026-01-15,AAPL,3.6530582904815674
2026-01-16,AAPL,1.2906898260116577
2026-01-20,AAPL,1.5213830471038818
2026-01-21,AAPL,2.226487398147583
2026-01-22,AAPL,2.8789665699005127
2026-01-23,AAPL,0.9305422306060791
2026-01-26,AAPL,1.6506524085998535
2026-01-27,AAPL,2.08170485496521
2026-01-28,AAPL,3.464189291000366
2026-01-29,AAPL,0.7269169688224792
2026-01-30,AAPL,-1.2569215297698975
2026-02-02,AAPL,0.8919135332107544
2026-02-03,AAPL,2.3329524993896484
2026-02-04,AAPL,1.4047504663467407
2026-02-05,AAPL,-3.2475523948669434
2026-02-06,AAPL,3.689020872116089
2026-02-09,AAPL,4.539820671081543
2026-02-10,AAPL,4.551463603973389
2026-02-11,AAPL,2.3982813358306885
2026-02-12,AAPL,-2.069826126098633
2026-02-13,AAPL,-1.247084140777588
2026-02-17,AAPL,-2.740344285964966
2026-02-18,AAPL,-2.9594740867614746
2026-02-19,AAPL,1.5439255237579346
2026-02-20,AAPL,1.6922370195388794
2026-02-23,AAPL,1.4980283975601196
2026-02-24,AAPL,3.082545518875122
2026-02-25,AAPL,1.4087496995925903
2026-02-26,AAPL,-2.047130584716797
2026-02-27,AAPL,-2.2415499687194824
2026-03-02,AAPL,1.7792773246765137
2026-03-03,AAPL,1.843604326248169
2026-03-04,AAPL,-2.259892225265503
2026-03-05,AAPL,1.756752610206604
2026-03-06,AAPL,-0.9878745079040527
2026-03-09,AAPL,1.9529845714569092
2026-03-10,AAPL,3.1286654472351074
2026-03-11,AAPL,2.098440647125244
2026-03-12,AAPL,2.6295294761657715
2026-03-13,AAPL,0.3279160261154175
2026-03-16,AAPL,-1.078292965888977
2026-03-17,AAPL,-1.8726022243499756
2026-03-18,AAPL,-0.9814031720161438
2026-03-19,AAPL,-1.5190203189849854
2026-03-20,AAPL,0.21516261994838715
2026-03-23,AAPL,-0.592309296131134
2026-03-24,AAPL,1.1044020652770996
2026-03-25,AAPL,1.7751826047897339
2026-03-26,AAPL,1.6202722787857056
2026-03-27,AAPL,-2.081040143966675
2026-03-30,AAPL,4.393970012664795
2026-03-31,AAPL,2.081629753112793
2026-04-01,AAPL,0.9458286166191101
2026-04-02,AAPL,-3.8155078887939453
2026-04-06,AAPL,-3.3035662174224854
2026-04-07,AAPL,4.511253356933594
2026-04-08,AAPL,4.385008811950684
2026-04-09,AAPL,-4.936066150665283
2026-04-10,AAPL,5.438416957855225
2026-04-13,AAPL,4.53633975982666
2026-04-14,AAPL,5.481653690338135
2026-04-15,AAPL,1.6285595893859863
2026-04-16,AAPL,-0.8245852589607239
2026-04-17,AAPL,5.24729061126709
2026-04-20,AAPL,-0.3519294559955597
2026-04-21,AAPL,3.5230274200439453
2026-04-22,AAPL,1.3150185346603394
2026-04-23,AAPL,-1.7373371124267578
2026-04-24,AAPL,-0.42295512557029724
2026-04-27,AAPL,-2.9866690635681152
2026-04-28,AAPL,-4.909361362457275
2026-04-29,AAPL,-0.7229301929473877
2025-12-23,XOM,-5.281057834625244
2025-12-24,XOM,-4.083126544952393
2025-12-26,XOM,2.1547625064849854
2025-12-29,XOM,-2.0561411380767822
2025-12-30,XOM,1.3027373552322388
2025-12-31,XOM,5.702450752258301
2026-01-02,XOM,5.456417560577393
2026-01-05,XOM,1.7656925916671753
2026-01-06,XOM,0.05595283582806587
2026-01-07,XOM,2.901542901992798
2026-01-08,XOM,-2.880798578262329
2026-01-09,XOM,-6.45628547668457
2026-01-12,XOM,-3.79386305809021
2026-01-13,XOM,0.8746533989906311
2026-01-14,XOM,1.7643108367919922
2026-01-15,XOM,5.105081081390381
2026-01-16,XOM,2.749413013458252
2026-01-20,XOM,2.406827211380005
2026-01-21,XOM,5.4768805503845215
2026-01-22,XOM,5.6265177726745605
2026-01-23,XOM,4.973608493804932
2026-01-26,XOM,0.11952772736549377
2026-01-27,XOM,4.268876075744629
2026-01-28,XOM,2.050083637237549
2026-01-29,XOM,3.240546226501465
2026-01-30,XOM,0.6100031137466431
2026-02-02,XOM,1.331549882888794
2026-02-03,XOM,-0.2588738799095154
2026-02-04,XOM,-0.19824960827827454
2026-02-05,XOM,-5.615853309631348
2026-02-06,XOM,2.8696727752685547
2026-02-09,XOM,-4.652267932891846
2026-02-10,XOM,4.429312705993652
2026-02-11,XOM,-2.2138383388519287
2026-02-12,XOM,0.9066489338874817
2026-02-13,XOM,-0.76252281665802
2026-02-17,XOM,1.3993887901306152
2026-02-18,XOM,-2.191458225250244
2026-02-19,XOM,-0.9199609756469727
2026-02-20,XOM,3.2999730110168457
2026-02-23,XOM,2.105958938598633
2026-02-24,XOM,1.9993146657943726
2026-02-25,XOM,2.0691046714782715
2026-02-26,XOM,1.1841562986373901
2026-02-27,XOM,1.2532411813735962
2026-03-02,XOM,-1.2357650995254517
2026-03-03,XOM,0.12067072838544846
2026-03-04,XOM,-2.3767216205596924
2026-03-05,XOM,0.52699214220047
2026-03-06,XOM,3.3572428226470947
2026-03-09,XOM,-3.0660290718078613
2026-03-10,XOM,-2.0222373008728027
2026-03-11,XOM,-0.336337149143219
2026-03-12,XOM,2.1642329692840576
2026-03-13,XOM,3.8544890880584717
2026-03-16,XOM,2.4363481998443604
2026-03-17,XOM,4.0453267097473145
2026-03-18,XOM,3.416679859161377
2026-03-19,XOM,0.4845395088195801
2026-03-20,XOM,-1.8543462753295898
2026-03-23,XOM,-3.9288504123687744
2026-03-24,XOM,-0.48232850432395935
2026-03-25,XOM,-2.2562034130096436
2026-03-26,XOM,3.7126946449279785
2026-03-27,XOM,-1.2220996618270874
2026-03-30,XOM,-4.185610771179199
2026-03-31,XOM,-0.5930547118186951
2026-04-01,XOM,-3.059797525405884
2026-04-02,XOM,4.131173133850098
2026-04-06,XOM,-0.24923133850097656
2026-04-07,XOM,2.3816308975219727
2026-04-08,XOM,3.073852777481079
2026-04-09,XOM,3.0185348987579346
2026-04-10,XOM,0.7347363829612732
2026-04-13,XOM,-1.5618904829025269
2026-04-14,XOM,1.3176615238189697
2026-04-15,XOM,-0.7812750935554504
2026-04-16,XOM,-2.655755043029785
2026-04-17,XOM,-0.7719486951828003
2026-04-20,XOM,-4.124577045440674
2026-04-21,XOM,0.3078151047229767
2026-04-22,XOM,2.66426682472229
2026-04-23,XOM,3.9527430534362793
2026-04-24,XOM,4.126339435577393
2026-04-27,XOM,1.4778470993041992
2026-04-28,XOM,2.3128273487091064
2026-04-29,XOM,-2.8671703338623047
2025-12-23,^NSEI,13.074539184570312
2025-12-24,^NSEI,11.631528854370117
2025-12-26,^NSEI,9.07624626159668
2025-12-29,^NSEI,4.952559947967529
2025-12-30,^NSEI,-2.750319242477417
2025-12-31,^NSEI,-8.714609146118164
2026-01-01,^NSEI,-3.307912588119507
2026-01-02,^NSEI,-4.967230796813965
2026-01-05,^NSEI,-8.819005012512207
2026-01-06,^NSEI,3.5727272033691406
2026-01-07,^NSEI,4.469105243682861
2026-01-08,^NSEI,9.812655448913574
2026-01-09,^NSEI,-10.705741882324219
2026-01-12,^NSEI,6.689131736755371
2026-01-13,^NSEI,6.813080787658691
2026-01-14,^NSEI,5.262268543243408
2026-01-16,^NSEI,6.654747009277344
2026-01-19,^NSEI,8.01949405670166
2026-01-20,^NSEI,8.167227745056152
2026-01-21,^NSEI,4.014769077301025
2026-01-22,^NSEI,-1.6825085878372192
2026-01-23,^NSEI,2.596590280532837
2026-01-27,^NSEI,-6.177730560302734
2026-01-28,^NSEI,-0.6109412908554077
2026-01-29,^NSEI,3.521376609802246
2026-01-30,^NSEI,3.6905453205108643
2026-02-02,^NSEI,-0.9295804500579834
2026-02-03,^NSEI,3.2757163047790527
2026-02-04,^NSEI,2.2187983989715576
2026-02-05,^NSEI,4.14528226852417
2026-02-06,^NSEI,7.4434733390808105
2026-02-09,^NSEI,6.25314474105835
2026-02-10,^NSEI,9.448768615722656
2026-02-11,^NSEI,4.89695405960083
2026-02-12,^NSEI,4.310466289520264
2026-02-13,^NSEI,9.282841682434082
2026-02-16,^NSEI,10.805493354797363
2026-02-17,^NSEI,1.6147500276565552
2026-02-18,^NSEI,-9.509246826171875
2026-02-19,^NSEI,3.2194197177886963
2026-02-20,^NSEI,-2.094062566757202
2026-02-23,^NSEI,-2.3755862712860107
2026-02-24,^NSEI,-2.9489481449127197
2026-02-25,^NSEI,0.00016561431402806193
2026-02-26,^NSEI,1.2660387754440308
2026-02-27,^NSEI,-7.505868434906006
2026-03-02,^NSEI,-4.805910587310791
2026-03-04,^NSEI,-2.278778076171875
2026-03-05,^NSEI,-4.590671062469482
2026-03-06,^NSEI,2.807736873626709
2026-03-09,^NSEI,1.5755075216293335
2026-03-10,^NSEI,-0.4229840636253357
2026-03-11,^NSEI,5.568203449249268
2026-03-12,^NSEI,-0.06729699671268463
2026-03-13,^NSEI,1.345102310180664
2026-03-16,^NSEI,4.190882682800293
2026-03-17,^NSEI,-1.1619406938552856
2026-03-18,^NSEI,-2.149094820022583
2026-03-19,^NSEI,5.209335803985596
2026-03-20,^NSEI,5.946568965911865
2026-03-23,^NSEI,9.477912902832031
2026-03-24,^NSEI,5.411153316497803
2026-03-25,^NSEI,5.000280857086182
2026-03-27,^NSEI,5.830392837524414
2026-03-30,^NSEI,7.51970911026001
2026-04-01,^NSEI,7.135961055755615
2026-04-02,^NSEI,6.5705885887146
2026-04-06,^NSEI,3.6914000511169434
2026-04-07,^NSEI,2.92356014251709
2026-04-08,^NSEI,6.218075275421143
2026-04-09,^NSEI,4.4764251708984375
2026-04-10,^NSEI,7.331632614135742
2026-04-13,^NSEI,6.563739776611328
2026-04-15,^NSEI,-2.684518337249756
2026-04-16,^NSEI,2.6068477630615234
2026-04-17,^NSEI,2.0094306468963623
2026-04-20,^NSEI,1.920943260192871
2026-04-21,^NSEI,0.9565151929855347
2026-04-22,^NSEI,5.372992515563965
2026-04-23,^NSEI,2.1689908504486084
2026-04-24,^NSEI,4.682470321655273
2026-04-27,^NSEI,3.4070262908935547
2026-04-28,^NSEI,6.06965446472168
2026-04-29,^NSEI,4.089596271514893
2025-12-23,QQQ,3.499044895172119
2025-12-24,QQQ,0.392983078956604
2025-12-26,QQQ,-2.901350259780884
2025-12-29,QQQ,-4.090061187744141
2025-12-30,QQQ,-0.22532771527767181
2025-12-31,QQQ,-2.2556395530700684
2026-01-02,QQQ,5.097660541534424
2026-01-05,QQQ,0.15564176440238953
2026-01-06,QQQ,-5.012571334838867
2026-01-07,QQQ,4.848922252655029
2026-01-08,QQQ,4.3678693771362305
2026-01-09,QQQ,5.752480983734131
2026-01-12,QQQ,6.251978397369385
2026-01-13,QQQ,6.679354667663574
2026-01-14,QQQ,6.24595832824707
2026-01-15,QQQ,6.341538429260254
2026-01-16,QQQ,3.9412331581115723
2026-01-20,QQQ,1.6564279794692993
2026-01-21,QQQ,-0.8922195434570312
2026-01-22,QQQ,-0.7482731938362122
2026-01-23,QQQ,-4.963486194610596
2026-01-26,QQQ,-0.21987886726856232
2026-01-27,QQQ,-0.29388588666915894
2026-01-28,QQQ,4.182002067565918
2026-01-29,QQQ,3.6892454624176025
2026-01-30,QQQ,5.543428421020508
2026-02-02,QQQ,1.2009037733078003
2026-02-03,QQQ,6.313148498535156
2026-02-04,QQQ,1.870836615562439
2026-02-05,QQQ,-7.6247735023498535
2026-02-06,QQQ,-2.8336071968078613
2026-02-09,QQQ,-4.414087772369385
2026-02-10,QQQ,5.64418888092041
2026-02-11,QQQ,3.229213237762451
2026-02-12,QQQ,4.239384174346924
2026-02-13,QQQ,-6.3141655921936035
2026-02-17,QQQ,0.020193949341773987
2026-02-18,QQQ,2.985944986343384
2026-02-19,QQQ,6.908722400665283
2026-02-20,QQQ,7.647980213165283
2026-02-23,QQQ,5.68990421295166
2026-02-24,QQQ,3.98857045173645
2026-02-25,QQQ,3.04884934425354
2026-02-26,QQQ,-3.895247459411621
2026-02-27,QQQ,0.27056124806404114
2026-03-02,QQQ,1.7973597049713135
2026-03-03,QQQ,4.642408847808838
2026-03-04,QQQ,-0.6281467080116272
2026-03-05,QQQ,5.896115779876709
2026-03-06,QQQ,4.955418586730957
2026-03-09,QQQ,0.338477224111557
2026-03-10,QQQ,-4.360743999481201
2026-03-11,QQQ,-5.2505669593811035
2026-03-12,QQQ,0.9140369892120361
2026-03-13,QQQ,-4.9469895362854
2026-03-16,QQQ,-2.8913371562957764
2026-03-17,QQQ,0.9359657764434814
2026-03-18,QQQ,-1.4105777740478516
2026-03-19,QQQ,1.8573311567306519
2026-03-20,QQQ,4.797492027282715
2026-03-23,QQQ,0.22619876265525818
2026-03-24,QQQ,2.416599750518799
2026-03-25,QQQ,3.493581771850586
2026-03-26,QQQ,-6.3642354011535645
2026-03-27,QQQ,-2.8039186000823975
2026-03-30,QQQ,-3.11197566986084
2026-03-31,QQQ,2.2128403186798096
2026-04-01,QQQ,2.5807290077209473
2026-04-02,QQQ,4.1257405281066895
2026-04-06,QQQ,5.904808044433594
2026-04-07,QQQ,6.937811851501465
2026-04-08,QQQ,-1.6928505897521973
2026-04-09,QQQ,0.8893583416938782
2026-04-10,QQQ,-0.4784383773803711
2026-04-13,QQQ,3.0738773345947266
2026-04-14,QQQ,5.658463954925537
2026-04-15,QQQ,-0.13940267264842987
2026-04-16,QQQ,4.910557746887207
2026-04-17,QQQ,6.480504035949707
2026-04-20,QQQ,1.716223120689392
2026-04-21,QQQ,5.78200626373291
2026-04-22,QQQ,4.2344489097595215
2026-04-23,QQQ,-4.948147296905518
2026-04-24,QQQ,3.2335174083709717
2026-04-27,QQQ,-6.719334125518799
2026-04-28,QQQ,4.8333048820495605
2026-04-29,QQQ,3.025956392288208
2025-12-23,TSLA,0.16945801675319672
2025-12-24,TSLA,0.09477271139621735
2025-12-26,TSLA,2.0578911304473877
2025-12-29,TSLA,-1.6367266178131104
2025-12-30,TSLA,-0.6522979736328125
2025-12-31,TSLA,0.4879315197467804
2026-01-02,TSLA,-0.13999530673027039
2026-01-05,TSLA,0.865864098072052
2026-01-06,TSLA,0.0011641227174550295
2026-01-07,TSLA,1.2068817615509033
2026-01-08,TSLA,-0.8312318325042725
2026-01-09,TSLA,1.2824996709823608
2026-01-12,TSLA,0.04943041875958443
2026-01-13,TSLA,0.6102162599563599
2026-01-14,TSLA,-2.2148735523223877
2026-01-15,TSLA,0.6351227760314941
2026-01-16,TSLA,-0.09438777714967728
2026-01-20,TSLA,-0.7113597393035889
2026-01-21,TSLA,-0.7147724032402039
2026-01-22,TSLA,1.1201119422912598
2026-01-23,TSLA,2.3899054527282715
2026-01-26,TSLA,2.2413454055786133
2026-01-27,TSLA,1.665941596031189
2026-01-28,TSLA,2.295275926589966
2026-01-29,TSLA,0.07610103487968445
2026-01-30,TSLA,1.848968744277954
2026-02-02,TSLA,0.714070737361908
2026-02-03,TSLA,2.5277724266052246
2026-02-04,TSLA,2.126638889312744
2026-02-05,TSLA,-2.347186803817749
2026-02-06,TSLA,-1.1956095695495605
2026-02-09,TSLA,0.0504244901239872
2026-02-10,TSLA,-1.1781107187271118
2026-02-11,TSLA,0.3726019263267517
2026-02-12,TSLA,-1.1432453393936157
2026-02-13,TSLA,-2.2378640174865723
2026-02-17,TSLA,-2.091076135635376
2026-02-18,TSLA,2.20137619972229
2026-02-19,TSLA,2.7914161682128906
2026-02-20,TSLA,2.6847240924835205
2026-02-23,TSLA,1.9277184009552002
2026-02-24,TSLA,0.7907655835151672
2026-02-25,TSLA,0.6167789697647095
2026-02-26,TSLA,-0.2081955224275589
2026-02-27,TSLA,-0.5800482630729675
2026-03-02,TSLA,-2.6854233741760254
2026-03-03,TSLA,1.8217324018478394
2026-03-04,TSLA,-2.0582072734832764
2026-03-05,TSLA,0.6730514764785767
2026-03-06,TSLA,1.7328464984893799
2026-03-09,TSLA,1.9194573163986206
2026-03-10,TSLA,-0.8130134344100952
2026-03-11,TSLA,-2.456686496734619
2026-03-12,TSLA,0.4350869357585907
2026-03-13,TSLA,-1.6992669105529785
2026-03-16,TSLA,-0.03761281445622444
2026-03-17,TSLA,1.668581247329712
2026-03-18,TSLA,-0.2562258243560791
2026-03-19,TSLA,0.7999598383903503
2026-03-20,TSLA,1.353981375694275
2026-03-23,TSLA,-1.2630864381790161
2026-03-24,TSLA,-0.07971102744340897
2026-03-25,TSLA,1.1806262731552124
2026-03-26,TSLA,0.6086773872375488
2026-03-27,TSLA,0.6734006404876709
2026-03-30,TSLA,2.3813982009887695
2026-03-31,TSLA,1.6604008674621582
2026-04-01,TSLA,0.6346017718315125
2026-04-02,TSLA,0.9062349200248718
2026-04-06,TSLA,-1.1798549890518188
2026-04-07,TSLA,2.7572038173675537
2026-04-08,TSLA,2.416807174682617
2026-04-09,TSLA,0.8543825149536133
2026-04-10,TSLA,1.2501347064971924
2026-04-13,TSLA,2.7140462398529053
2026-04-14,TSLA,2.9144811630249023
2026-04-15,TSLA,-1.748664379119873
2026-04-16,TSLA,0.24703270196914673
2026-04-17,TSLA,0.6447916030883789
2026-04-20,TSLA,0.25665754079818726
2026-04-21,TSLA,1.442536473274231
2026-04-22,TSLA,-0.12566447257995605
2026-04-23,TSLA,2.0861263275146484
2026-04-24,TSLA,1.5528714656829834
2026-04-27,TSLA,0.6578122973442078
2026-04-28,TSLA,0.7352811694145203
2026-04-29,TSLA,0.9473406076431274
2025-12-23,TLT,-13.055628776550293
2025-12-24,TLT,-10.245288848876953
2025-12-26,TLT,-4.6159820556640625
2025-12-29,TLT,-6.839776039123535
2025-12-30,TLT,-0.9069123268127441
2025-12-31,TLT,2.4699954986572266
2026-01-02,TLT,7.520480155944824
2026-01-05,TLT,9.194646835327148
2026-01-06,TLT,9.308963775634766
2026-01-07,TLT,9.224177360534668
2026-01-08,TLT,-0.9098270535469055
2026-01-09,TLT,-9.55070972442627
2026-01-12,TLT,-4.3377366065979
2026-01-13,TLT,0.9932847619056702
2026-01-14,TLT,-2.768604040145874
2026-01-15,TLT,-1.8841242790222168
2026-01-16,TLT,7.1535868644714355
2026-01-20,TLT,-2.4114320278167725
2026-01-21,TLT,5.869956016540527
2026-01-22,TLT,1.0425392389297485
2026-01-23,TLT,3.341813564300537
2026-01-26,TLT,3.7396903038024902
2026-01-27,TLT,-11.37244701385498
2026-01-28,TLT,8.813716888427734
2026-01-29,TLT,-2.6579933166503906
2026-01-30,TLT,7.162707328796387
2026-02-02,TLT,9.642606735229492
2026-02-03,TLT,12.743782043457031
2026-02-04,TLT,7.912106513977051
2026-02-05,TLT,-8.363082885742188
2026-02-06,TLT,5.145905017852783
2026-02-09,TLT,7.284269332885742
2026-02-10,TLT,-1.050042986869812
2026-02-11,TLT,-9.980700492858887
2026-02-12,TLT,6.496109962463379
2026-02-13,TLT,-1.1889194250106812
2026-02-17,TLT,9.307600021362305
2026-02-18,TLT,4.362281322479248
2026-02-19,TLT,9.86706256866455
2026-02-20,TLT,10.99365520477295
2026-02-23,TLT,11.567214965820312
2026-02-24,TLT,13.70486831665039
2026-02-25,TLT,-0.8694086074829102
2026-02-26,TLT,6.768947601318359
2026-02-27,TLT,2.5774714946746826
2026-03-02,TLT,8.156286239624023
2026-03-03,TLT,10.829659461975098
2026-03-04,TLT,10.489280700683594
2026-03-05,TLT,11.230406761169434
2026-03-06,TLT,-1.5755702257156372
2026-03-09,TLT,8.19094467163086
2026-03-10,TLT,6.7329792976379395
2026-03-11,TLT,4.575248718261719
2026-03-12,TLT,2.1324572563171387
2026-03-13,TLT,2.478992223739624
2026-03-16,TLT,2.7429862022399902
2026-03-17,TLT,1.9280191659927368
2026-03-18,TLT,-3.381363868713379
2026-03-19,TLT,2.8344335556030273
2026-03-20,TLT,5.238215923309326
2026-03-23,TLT,1.2092148065567017
2026-03-24,TLT,4.1598124504089355
2026-03-25,TLT,6.419877052307129
2026-03-26,TLT,-2.916450262069702
2026-03-27,TLT,6.6975998878479
2026-03-30,TLT,0.7528228759765625
2026-03-31,TLT,5.39247989654541
2026-04-01,TLT,6.123205661773682
2026-04-02,TLT,3.840217351913452
2026-04-06,TLT,11.097696304321289
2026-04-07,TLT,10.998031616210938
2026-04-08,TLT,5.77744197845459
2026-04-09,TLT,6.04547119140625
2026-04-10,TLT,8.133904457092285
2026-04-13,TLT,8.618885040283203
2026-04-14,TLT,8.145137786865234
2026-04-15,TLT,-4.148669242858887
2026-04-16,TLT,0.8974133729934692
2026-04-17,TLT,-3.3966445922851562
2026-04-20,TLT,-2.5493152141571045
2026-04-21,TLT,-6.86633825302124
2026-04-22,TLT,3.4782299995422363
2026-04-23,TLT,-1.6834259033203125
2026-04-24,TLT,3.4409337043762207
2026-04-27,TLT,3.30478572845459
2026-04-28,TLT,-1.7559610605239868
2026-04-29,TLT,2.313589096069336
2025-12-23,SPY,5.002113342285156
2025-12-24,SPY,-1.1996873617172241
2025-12-26,SPY,-3.231476068496704
2025-12-29,SPY,-3.2038590908050537
2025-12-30,SPY,3.240237236022949
2025-12-31,SPY,4.387961387634277
2026-01-02,SPY,6.844293117523193
2026-01-05,SPY,-2.1101016998291016
2026-01-06,SPY,-9.0046968460083
2026-01-07,SPY,4.792019367218018
2026-01-08,SPY,5.133051872253418
2026-01-09,SPY,7.373899459838867
2026-01-12,SPY,8.437570571899414
2026-01-13,SPY,5.958163261413574
2026-01-14,SPY,7.8216376304626465
2026-01-15,SPY,8.950267791748047
2026-01-16,SPY,5.640129566192627
2026-01-20,SPY,4.686764717102051
2026-01-21,SPY,0.08792269974946976
2026-01-22,SPY,2.885594129562378
2026-01-23,SPY,-4.949286937713623
2026-01-26,SPY,-2.006936550140381
2026-01-27,SPY,1.5144944190979004
2026-01-28,SPY,3.3276760578155518
2026-01-29,SPY,4.946864128112793
2026-01-30,SPY,6.175697326660156
2026-02-02,SPY,6.384880542755127
2026-02-03,SPY,9.764886856079102
2026-02-04,SPY,8.287776947021484
2026-02-05,SPY,-4.0196709632873535
2026-02-06,SPY,-0.14122921228408813
2026-02-09,SPY,-7.278341293334961
2026-02-10,SPY,5.440964221954346
2026-02-11,SPY,-1.440238356590271
2026-02-12,SPY,3.485912799835205
2026-02-13,SPY,4.02877140045166
2026-02-17,SPY,2.835953712463379
2026-02-18,SPY,4.725661277770996
2026-02-19,SPY,8.600934028625488
2026-02-20,SPY,10.083483695983887
2026-02-23,SPY,2.8537564277648926
2026-02-24,SPY,-4.42978048324585
2026-02-25,SPY,0.003336624475196004
2026-02-26,SPY,-7.255249977111816
2026-02-27,SPY,-0.5201711654663086
2026-03-02,SPY,2.2552666664123535
2026-03-03,SPY,5.629576683044434
2026-03-04,SPY,-3.241009473800659
2026-03-05,SPY,5.83955192565918
2026-03-06,SPY,5.057030200958252
2026-03-09,SPY,-1.821606159210205
2026-03-10,SPY,1.3590662479400635
2026-03-11,SPY,-8.952812194824219
2026-03-12,SPY,2.271989583969116
2026-03-13,SPY,-4.133845329284668
2026-03-16,SPY,1.7632496356964111
2026-03-17,SPY,0.782697856426239
2026-03-18,SPY,-1.8711730241775513
2026-03-19,SPY,2.1481590270996094
2026-03-20,SPY,6.31476354598999
2026-03-23,SPY,0.5091481804847717
2026-03-24,SPY,2.3964762687683105
2026-03-25,SPY,4.429391860961914
2026-03-26,SPY,5.813928604125977
2026-03-27,SPY,5.886297702789307
2026-03-30,SPY,5.5258002281188965
2026-03-31,SPY,3.2326111793518066
2026-04-01,SPY,2.054877758026123
2026-04-02,SPY,5.448662757873535
2026-04-06,SPY,9.132879257202148
2026-04-07,SPY,9.06329345703125
2026-04-08,SPY,-3.167956829071045
2026-04-09,SPY,0.142450213432312
2026-04-10,SPY,-0.8733655214309692
2026-04-13,SPY,3.9783411026000977
2026-04-14,SPY,6.164872169494629
2026-04-15,SPY,1.4003974199295044
2026-04-16,SPY,6.126047611236572
2026-04-17,SPY,8.010749816894531
2026-04-20,SPY,3.906621217727661
2026-04-21,SPY,8.148597717285156
2026-04-22,SPY,6.211423873901367
2026-04-23,SPY,0.12921683490276337
2026-04-24,SPY,6.190351486206055
2026-04-27,SPY,-7.606743335723877
2026-04-28,SPY,2.5783047676086426
2026-04-29,SPY,6.770367622375488
2025-12-23,INFY.NS,-0.06040104106068611
2025-12-24,INFY.NS,5.0949811935424805
2025-12-26,INFY.NS,5.362980842590332
2025-12-29,INFY.NS,1.4127107858657837
2025-12-30,INFY.NS,-1.1807706356048584
2025-12-31,INFY.NS,3.611408233642578
2026-01-01,INFY.NS,4.798142910003662
2026-01-02,INFY.NS,4.018026828765869
2026-01-05,INFY.NS,3.2127108573913574
2026-01-06,INFY.NS,-0.25937560200691223
2026-01-07,INFY.NS,-0.7263257503509521
2026-01-08,INFY.NS,-2.879758834838867
2026-01-09,INFY.NS,-3.0252466201782227
2026-01-12,INFY.NS,2.3418538570404053
2026-01-13,INFY.NS,0.9483217597007751
2026-01-14,INFY.NS,-4.2314629554748535
2026-01-15,INFY.NS,0.9966027736663818
2026-01-16,INFY.NS,-2.9513726234436035
2026-01-19,INFY.NS,3.732943296432495
2026-01-20,INFY.NS,2.6218245029449463
2026-01-21,INFY.NS,-1.6648975610733032
2026-01-22,INFY.NS,0.951279878616333
2026-01-23,INFY.NS,-2.0486035346984863
2026-01-27,INFY.NS,-1.3831311464309692
2026-01-28,INFY.NS,3.7852578163146973
2026-01-29,INFY.NS,4.041804790496826
2026-01-30,INFY.NS,5.323249340057373
2026-02-02,INFY.NS,-0.8956311941146851
2026-02-03,INFY.NS,3.836709499359131
2026-02-04,INFY.NS,4.279115200042725
2026-02-05,INFY.NS,-3.8278279304504395
2026-02-06,INFY.NS,3.2476634979248047
2026-02-09,INFY.NS,-0.9626628160476685
2026-02-10,INFY.NS,2.1952409744262695
2026-02-11,INFY.NS,1.3025670051574707
2026-02-12,INFY.NS,-2.3587183952331543
2026-02-13,INFY.NS,-0.26556453108787537
2026-02-16,INFY.NS,1.0666433572769165
2026-02-17,INFY.NS,0.09797157347202301
2026-02-18,INFY.NS,-0.4611857831478119
2026-02-19,INFY.NS,3.157874584197998
2026-02-20,INFY.NS,4.148592948913574
2026-02-23,INFY.NS,3.5291361808776855
2026-02-24,INFY.NS,4.473330020904541
2026-02-25,INFY.NS,0.1373673379421234
2026-02-26,INFY.NS,1.214210033416748
2026-02-27,INFY.NS,-4.078178882598877
2026-03-02,INFY.NS,0.01933184638619423
2026-03-04,INFY.NS,2.23004150390625
2026-03-05,INFY.NS,-2.0148818492889404
2026-03-06,INFY.NS,0.5309511423110962
2026-03-09,INFY.NS,2.5945096015930176
2026-03-10,INFY.NS,1.2087302207946777
2026-03-11,INFY.NS,4.781187534332275
2026-03-12,INFY.NS,-3.0358176231384277
2026-03-13,INFY.NS,-0.23208306729793549
2026-03-16,INFY.NS,-1.8262577056884766
2026-03-17,INFY.NS,-2.0188584327697754
2026-03-18,INFY.NS,0.976586639881134
2026-03-19,INFY.NS,-1.2884918451309204
2026-03-20,INFY.NS,1.0143301486968994
2026-03-23,INFY.NS,0.4341912567615509
2026-03-24,INFY.NS,0.28171929717063904
2026-03-25,INFY.NS,-1.4206289052963257
2026-03-27,INFY.NS,0.8903993368148804
2026-03-30,INFY.NS,3.998971700668335
2026-04-01,INFY.NS,2.4278578758239746
2026-04-02,INFY.NS,3.884260416030884
2026-04-06,INFY.NS,0.3148975968360901
2026-04-07,INFY.NS,1.5180354118347168
2026-04-08,INFY.NS,-0.37906157970428467
2026-04-09,INFY.NS,3.3055450916290283
2026-04-10,INFY.NS,4.455251693725586
2026-04-13,INFY.NS,3.980680465698242
2026-04-15,INFY.NS,1.8088847398757935
2026-04-16,INFY.NS,-3.977553606033325
2026-04-17,INFY.NS,-4.727769374847412
2026-04-20,INFY.NS,-3.906324863433838
2026-04-21,INFY.NS,0.03560424968600273
2026-04-22,INFY.NS,2.5956950187683105
2026-04-23,INFY.NS,0.784878134727478
2026-04-24,INFY.NS,-1.0597186088562012
2026-04-27,INFY.NS,-4.31325626373291
2026-04-28,INFY.NS,-0.8286280035972595
2026-04-29,INFY.NS,-0.6890249252319336
2025-12-23,MSFT,2.1797730922698975
2025-12-24,MSFT,0.59562748670578
2025-12-26,MSFT,5.440090656280518
2025-12-29,MSFT,-1.8123195171356201
2025-12-30,MSFT,-2.6106295585632324
2025-12-31,MSFT,-2.7379674911499023
2026-01-02,MSFT,-4.888045310974121
2026-01-05,MSFT,-0.3656191825866699
2026-01-06,MSFT,0.08915484696626663
2026-01-07,MSFT,2.4489080905914307
2026-01-08,MSFT,2.5706231594085693
2026-01-09,MSFT,2.51015043258667
2026-01-12,MSFT,0.6381932497024536
2026-01-13,MSFT,0.30488935112953186
2026-01-14,MSFT,0.010592542588710785
2026-01-15,MSFT,2.805851459503174
2026-01-16,MSFT,3.836726188659668
2026-01-20,MSFT,-0.5264807343482971
2026-01-21,MSFT,1.4687578678131104
2026-01-22,MSFT,0.01737823151051998
2026-01-23,MSFT,3.903858184814453
2026-01-26,MSFT,3.2055554389953613
2026-01-27,MSFT,3.7430214881896973
2026-01-28,MSFT,4.81404972076416
2026-01-29,MSFT,4.080698490142822
2026-01-30,MSFT,1.1114283800125122
2026-02-02,MSFT,2.0397651195526123
2026-02-03,MSFT,-3.014695644378662
2026-02-04,MSFT,-2.4748034477233887
2026-02-05,MSFT,-3.081629753112793
2026-02-06,MSFT,1.5422979593276978
2026-02-09,MSFT,2.229578971862793
2026-02-10,MSFT,1.0989028215408325
2026-02-11,MSFT,1.3139628171920776
2026-02-12,MSFT,-0.5961775779724121
2026-02-13,MSFT,3.63114595413208
2026-02-17,MSFT,3.9457828998565674
2026-02-18,MSFT,4.323943138122559
2026-02-19,MSFT,4.478196620941162
2026-02-20,MSFT,-0.07232378423213959
2026-02-23,MSFT,1.259536623954773
2026-02-24,MSFT,0.38438236713409424
2026-02-25,MSFT,-0.16735441982746124
2026-02-26,MSFT,3.2698264122009277
2026-02-27,MSFT,0.5502938628196716
2026-03-02,MSFT,1.075271487236023
2026-03-03,MSFT,1.2789794206619263
2026-03-04,MSFT,-4.5137152671813965
2026-03-05,MSFT,-3.078782081604004
2026-03-06,MSFT,-3.352567434310913
2026-03-09,MSFT,4.189373016357422
2026-03-10,MSFT,4.427863121032715
2026-03-11,MSFT,4.646508693695068
2026-03-12,MSFT,3.718287229537964
2026-03-13,MSFT,3.4101834297180176
2026-03-16,MSFT,3.565463066101074
2026-03-17,MSFT,-3.144155263900757
2026-03-18,MSFT,0.22232365608215332
2026-03-19,MSFT,-0.03213777020573616
2026-03-20,MSFT,0.8620729446411133
2026-03-23,MSFT,2.151535987854004
2026-03-24,MSFT,-2.236241102218628
2026-03-25,MSFT,1.8856000900268555
2026-03-26,MSFT,-0.3113833963871002
2026-03-27,MSFT,-1.0509718656539917
2026-03-30,MSFT,0.7407816052436829
2026-03-31,MSFT,1.8043020963668823
2026-04-01,MSFT,2.4699819087982178
2026-04-02,MSFT,1.314056158065796
2026-04-06,MSFT,1.8787014484405518
2026-04-07,MSFT,3.7329061031341553
2026-04-08,MSFT,2.932032823562622
2026-04-09,MSFT,0.5289692282676697
2026-04-10,MSFT,-0.638297438621521
2026-04-13,MSFT,-3.5045554637908936
2026-04-14,MSFT,1.025192379951477
2026-04-15,MSFT,-2.329230785369873
2026-04-16,MSFT,-3.3800292015075684
2026-04-17,MSFT,4.303353786468506
2026-04-20,MSFT,4.1441144943237305
2026-04-21,MSFT,3.6676220893859863
2026-04-22,MSFT,2.5506069660186768
2026-04-23,MSFT,4.071974277496338
2026-04-24,MSFT,4.5842695236206055
2026-04-27,MSFT,-1.8365588188171387
2026-04-28,MSFT,-1.6333503723144531
2026-04-29,MSFT,-1.3567500114440918
2025-12-23,META,0.7053638100624084
2025-12-24,META,2.8847808837890625
2025-12-26,META,2.244072914123535
2025-12-29,META,-3.168679714202881
2025-12-30,META,-0.21896733343601227
2025-12-31,META,-1.9892555475234985
2026-01-02,META,2.9062201976776123
2026-01-05,META,0.4579942226409912
2026-01-06,META,1.1885466575622559
2026-01-07,META,0.20665785670280457
2026-01-08,META,-2.301866292953491
2026-01-09,META,0.6638106107711792
2026-01-12,META,0.4068228006362915
2026-01-13,META,1.902531623840332
2026-01-14,META,0.3834724724292755
2026-01-15,META,1.3213366270065308
2026-01-16,META,-0.7431407570838928
2026-01-20,META,-3.132805109024048
2026-01-21,META,-2.0073659420013428
2026-01-22,META,0.9526402950286865
2026-01-23,META,1.477844476699829
2026-01-26,META,2.2218213081359863
2026-01-27,META,1.9572973251342773
2026-01-28,META,2.8000435829162598
2026-01-29,META,2.5102546215057373
2026-01-30,META,1.2102229595184326
2026-02-02,META,3.479523181915283
2026-02-03,META,3.284641742706299
2026-02-04,META,1.8970444202423096
2026-02-05,META,-0.32773804664611816
2026-02-06,META,-0.396172434091568
2026-02-09,META,0.7157405018806458
2026-02-10,META,0.061241600662469864
2026-02-11,META,-3.49491810798645
2026-02-12,META,0.6890244483947754
2026-02-13,META,2.7560203075408936
2026-02-17,META,3.4018990993499756
2026-02-18,META,3.4017016887664795
2026-02-19,META,3.1671926975250244
2026-02-20,META,1.703694224357605
2026-02-23,META,-0.1516897827386856
2026-02-24,META,-1.6801782846450806
2026-02-25,META,-1.7143328189849854
2026-02-26,META,1.6815341711044312
2026-02-27,META,2.439082145690918
2026-03-02,META,3.304926633834839
2026-03-03,META,2.0081706047058105
2026-03-04,META,-3.194908857345581
2026-03-05,META,0.2743428647518158
2026-03-06,META,2.59663724899292
2026-03-09,META,3.3533787727355957
2026-03-10,META,2.5507078170776367
2026-03-11,META,-0.9160042405128479
2026-03-12,META,-3.563237428665161
2026-03-13,META,-0.35743972659111023
2026-03-16,META,-0.8617230653762817
2026-03-17,META,-1.6993138790130615
2026-03-18,META,1.1952017545700073
2026-03-19,META,1.3865474462509155
2026-03-20,META,1.8698705434799194
2026-03-23,META,-3.427248477935791
2026-03-24,META,-0.17054782807826996
2026-03-25,META,-0.07028577476739883
2026-03-26,META,1.109167456626892
2026-03-27,META,-0.9402178525924683
2026-03-30,META,0.5186052322387695
2026-03-31,META,1.0389117002487183
2026-04-01,META,2.5476248264312744
2026-04-02,META,2.0208098888397217
2026-04-06,META,3.4108145236968994
2026-04-07,META,2.258183240890503
2026-04-08,META,0.7350963950157166
2026-04-09,META,1.6880754232406616
2026-04-10,META,0.9009267091751099
2026-04-13,META,2.303189516067505
2026-04-14,META,2.6334023475646973
2026-04-15,META,0.3854639530181885
2026-04-16,META,3.0633625984191895
2026-04-17,META,3.3786332607269287
2026-04-20,META,2.602081537246704
2026-04-21,META,2.3591227531433105
2026-04-22,META,1.3913075923919678
2026-04-23,META,-0.7207903265953064
2026-04-24,META,1.44853937625885
2026-04-27,META,1.0584996938705444
2026-04-28,META,1.990344524383545
2026-04-29,META,1.7802677154541016
2025-12-23,EURUSD=X,-6.095153331756592
2025-12-24,EURUSD=X,-8.931035995483398
2025-12-26,EURUSD=X,-13.682658195495605
2025-12-29,EURUSD=X,-8.262333869934082
2025-12-30,EURUSD=X,-3.3142354488372803
2025-12-31,EURUSD=X,-9.291596412658691
2026-01-02,EURUSD=X,13.359853744506836
2026-01-05,EURUSD=X,20.424755096435547
2026-01-06,EURUSD=X,12.050357818603516
2026-01-07,EURUSD=X,-7.928025245666504
2026-01-08,EURUSD=X,-14.719948768615723
2026-01-09,EURUSD=X,3.3036468029022217
2026-01-12,EURUSD=X,12.35905647277832
2026-01-13,EURUSD=X,3.68815016746521
2026-01-14,EURUSD=X,6.258860111236572
2026-01-15,EURUSD=X,-8.461195945739746
2026-01-16,EURUSD=X,-2.569716215133667
2026-01-19,EURUSD=X,-18.729475021362305
2026-01-20,EURUSD=X,-21.7489013671875
2026-01-21,EURUSD=X,-5.151065349578857
2026-01-22,EURUSD=X,12.490801811218262
2026-01-23,EURUSD=X,9.135631561279297
2026-01-26,EURUSD=X,-0.6457175016403198
2026-01-27,EURUSD=X,2.4763808250427246
2026-01-28,EURUSD=X,16.62419891357422
2026-01-29,EURUSD=X,17.35995101928711
2026-01-30,EURUSD=X,14.822134017944336
2026-02-02,EURUSD=X,11.640852928161621
2026-02-03,EURUSD=X,19.34576416015625
2026-02-04,EURUSD=X,13.135298728942871
2026-02-05,EURUSD=X,0.34112003445625305
2026-02-06,EURUSD=X,13.557604789733887
2026-02-09,EURUSD=X,-13.528243064880371
2026-02-10,EURUSD=X,5.883701324462891
2026-02-11,EURUSD=X,-10.15474796295166
2026-02-12,EURUSD=X,0.7962095737457275
2026-02-13,EURUSD=X,12.881794929504395
2026-02-16,EURUSD=X,13.428695678710938
2026-02-17,EURUSD=X,16.068361282348633
2026-02-18,EURUSD=X,-2.103334903717041
2026-02-19,EURUSD=X,-7.171406269073486
2026-02-20,EURUSD=X,4.994299411773682
2026-02-23,EURUSD=X,-9.033221244812012
2026-02-24,EURUSD=X,-9.18820571899414
2026-02-25,EURUSD=X,3.4873082637786865
2026-02-26,EURUSD=X,9.550877571105957
2026-02-27,EURUSD=X,1.603622317314148
2026-03-02,EURUSD=X,13.267500877380371
2026-03-03,EURUSD=X,6.975862979888916
2026-03-04,EURUSD=X,8.008679389953613
2026-03-05,EURUSD=X,-0.2779453694820404
2026-03-06,EURUSD=X,-3.6840717792510986
2026-03-09,EURUSD=X,9.518877983093262
2026-03-10,EURUSD=X,10.317970275878906
2026-03-11,EURUSD=X,5.188207149505615
2026-03-12,EURUSD=X,-7.566817283630371
2026-03-13,EURUSD=X,7.163978576660156
2026-03-16,EURUSD=X,10.390273094177246
2026-03-17,EURUSD=X,15.72164535522461
2026-03-18,EURUSD=X,-3.1696701049804688
2026-03-19,EURUSD=X,1.6766772270202637
2026-03-20,EURUSD=X,13.176722526550293
2026-03-23,EURUSD=X,5.436833381652832
2026-03-24,EURUSD=X,11.787592887878418
2026-03-25,EURUSD=X,4.18693208694458
2026-03-26,EURUSD=X,2.5764081478118896
2026-03-27,EURUSD=X,13.07251262664795
2026-03-30,EURUSD=X,10.18020248413086
2026-03-31,EURUSD=X,15.474202156066895
2026-04-01,EURUSD=X,4.259760856628418
2026-04-02,EURUSD=X,5.655045509338379
2026-04-03,EURUSD=X,9.944344520568848
2026-04-06,EURUSD=X,12.674145698547363
2026-04-07,EURUSD=X,13.173345565795898
2026-04-08,EURUSD=X,10.677478790283203
2026-04-09,EURUSD=X,3.313204288482666
2026-04-10,EURUSD=X,13.096892356872559
2026-04-13,EURUSD=X,6.952552795410156
2026-04-14,EURUSD=X,10.818427085876465
2026-04-15,EURUSD=X,4.344320774078369
2026-04-16,EURUSD=X,16.063343048095703
2026-04-17,EURUSD=X,17.231605529785156
2026-04-20,EURUSD=X,15.853754043579102
2026-04-21,EURUSD=X,14.343876838684082
2026-04-22,EURUSD=X,-0.253313273191452
2026-04-23,EURUSD=X,8.849822044372559
2026-04-24,EURUSD=X,10.043299674987793
2026-04-27,EURUSD=X,5.180665969848633
2026-04-28,EURUSD=X,5.463868618011475
2026-04-29,EURUSD=X,16.46697998046875
2025-12-23,HDFCBANK.NS,7.629398345947266
2025-12-24,HDFCBANK.NS,1.6152232885360718
2025-12-26,HDFCBANK.NS,7.841332912445068
2025-12-29,HDFCBANK.NS,-6.7039055824279785
2025-12-30,HDFCBANK.NS,-3.2750749588012695
2025-12-31,HDFCBANK.NS,8.88805103302002
2026-01-01,HDFCBANK.NS,-5.550153732299805
2026-01-02,HDFCBANK.NS,-3.8029210567474365
2026-01-05,HDFCBANK.NS,-6.902439117431641
2026-01-06,HDFCBANK.NS,-9.324321746826172
2026-01-07,HDFCBANK.NS,2.184011936187744
2026-01-08,HDFCBANK.NS,-0.6594748497009277
2026-01-09,HDFCBANK.NS,2.0559237003326416
2026-01-12,HDFCBANK.NS,3.644299268722534
2026-01-13,HDFCBANK.NS,5.71531867980957
2026-01-14,HDFCBANK.NS,6.749945640563965
2026-01-15,HDFCBANK.NS,1.932741403579712
2026-01-16,HDFCBANK.NS,2.6818861961364746
2026-01-19,HDFCBANK.NS,0.0037456180434674025
2026-01-20,HDFCBANK.NS,3.083861827850342
2026-01-21,HDFCBANK.NS,4.059497833251953
2026-01-22,HDFCBANK.NS,6.6193132400512695
2026-01-23,HDFCBANK.NS,7.199757099151611
2026-01-27,HDFCBANK.NS,1.1299623250961304
2026-01-28,HDFCBANK.NS,-1.6544209718704224
2026-01-29,HDFCBANK.NS,7.928252220153809
2026-01-30,HDFCBANK.NS,5.143955707550049
2026-02-02,HDFCBANK.NS,-6.109259128570557
2026-02-03,HDFCBANK.NS,-6.066865921020508
2026-02-04,HDFCBANK.NS,-0.3668743073940277
2026-02-05,HDFCBANK.NS,7.218598365783691
2026-02-06,HDFCBANK.NS,0.9088663458824158
2026-02-09,HDFCBANK.NS,8.672419548034668
2026-02-10,HDFCBANK.NS,8.510513305664062
2026-02-11,HDFCBANK.NS,8.745268821716309
2026-02-12,HDFCBANK.NS,-2.210360527038574
2026-02-13,HDFCBANK.NS,4.138051986694336
2026-02-16,HDFCBANK.NS,7.5115790367126465
2026-02-17,HDFCBANK.NS,0.6811206340789795
2026-02-18,HDFCBANK.NS,4.679243564605713
2026-02-19,HDFCBANK.NS,4.4850077629089355
2026-02-20,HDFCBANK.NS,3.6180243492126465
2026-02-23,HDFCBANK.NS,-2.3087735176086426
2026-02-24,HDFCBANK.NS,-1.618903636932373
2026-02-25,HDFCBANK.NS,2.523381471633911
2026-02-26,HDFCBANK.NS,3.3356080055236816
2026-02-27,HDFCBANK.NS,6.725356101989746
2026-03-02,HDFCBANK.NS,-6.574610233306885
2026-03-04,HDFCBANK.NS,0.33270713686943054
2026-03-05,HDFCBANK.NS,2.1565945148468018
2026-03-06,HDFCBANK.NS,1.1961979866027832
2026-03-09,HDFCBANK.NS,6.649420261383057
2026-03-10,HDFCBANK.NS,1.2373080253601074
2026-03-11,HDFCBANK.NS,2.222334146499634
2026-03-12,HDFCBANK.NS,-1.591495394706726
2026-03-13,HDFCBANK.NS,-4.877017974853516
2026-03-16,HDFCBANK.NS,0.7190626263618469
2026-03-17,HDFCBANK.NS,-4.871965408325195
2026-03-18,HDFCBANK.NS,0.23224301636219025
2026-03-19,HDFCBANK.NS,3.2295644283294678
2026-03-20,HDFCBANK.NS,3.56915545463562
2026-03-23,HDFCBANK.NS,5.4419779777526855
2026-03-24,HDFCBANK.NS,-2.6205856800079346
2026-03-25,HDFCBANK.NS,2.9308021068573
2026-03-27,HDFCBANK.NS,3.6746621131896973
2026-03-30,HDFCBANK.NS,5.741344451904297
2026-04-01,HDFCBANK.NS,4.308554172515869
2026-04-02,HDFCBANK.NS,2.566500186920166
2026-04-06,HDFCBANK.NS,1.5342776775360107
2026-04-07,HDFCBANK.NS,-1.8076112270355225
2026-04-08,HDFCBANK.NS,5.615179538726807
2026-04-09,HDFCBANK.NS,4.758179187774658
2026-04-10,HDFCBANK.NS,4.691288471221924
2026-04-13,HDFCBANK.NS,4.505118370056152
2026-04-15,HDFCBANK.NS,1.585103154182434
2026-04-16,HDFCBANK.NS,4.506640434265137
2026-04-17,HDFCBANK.NS,3.499399423599243
2026-04-20,HDFCBANK.NS,3.45847749710083
2026-04-21,HDFCBANK.NS,2.608949661254883
2026-04-22,HDFCBANK.NS,3.8488481044769287
2026-04-23,HDFCBANK.NS,2.657343864440918
2026-04-24,HDFCBANK.NS,2.9442927837371826
2026-04-27,HDFCBANK.NS,2.7751474380493164
2026-04-28,HDFCBANK.NS,4.501839637756348
2026-04-29,HDFCBANK.NS,1.7860389947891235
2025-12-23,RELIANCE.NS,7.296994686126709
2025-12-24,RELIANCE.NS,7.596462249755859
2025-12-26,RELIANCE.NS,2.006304979324341
2025-12-29,RELIANCE.NS,-1.9449197053909302
2025-12-30,RELIANCE.NS,-3.1266281604766846
2025-12-31,RELIANCE.NS,-1.0670008659362793
2026-01-01,RELIANCE.NS,3.7464311122894287
2026-01-02,RELIANCE.NS,4.39799690246582
2026-01-05,RELIANCE.NS,3.9348552227020264
2026-01-06,RELIANCE.NS,3.054603338241577
2026-01-07,RELIANCE.NS,-2.3560879230499268
2026-01-08,RELIANCE.NS,0.7498051524162292
2026-01-09,RELIANCE.NS,-5.267714500427246
2026-01-12,RELIANCE.NS,0.11241905391216278
2026-01-13,RELIANCE.NS,4.448709011077881
2026-01-14,RELIANCE.NS,-3.112231731414795
2026-01-15,RELIANCE.NS,4.191758155822754
2026-01-16,RELIANCE.NS,3.546135187149048
2026-01-19,RELIANCE.NS,2.6676995754241943
2026-01-20,RELIANCE.NS,4.380040645599365
2026-01-21,RELIANCE.NS,0.3638639450073242
2026-01-22,RELIANCE.NS,4.914165019989014
2026-01-23,RELIANCE.NS,5.8536200523376465
2026-01-27,RELIANCE.NS,5.3448357582092285
2026-01-28,RELIANCE.NS,6.441544532775879
2026-01-29,RELIANCE.NS,3.8711869716644287
2026-01-30,RELIANCE.NS,1.3408268690109253
2026-02-02,RELIANCE.NS,1.4457697868347168
2026-02-03,RELIANCE.NS,3.795503616333008
2026-02-04,RELIANCE.NS,-4.650917053222656
2026-02-05,RELIANCE.NS,2.536346197128296
2026-02-06,RELIANCE.NS,0.09972847253084183
2026-02-09,RELIANCE.NS,-1.1609140634536743
2026-02-10,RELIANCE.NS,3.3305411338806152
2026-02-11,RELIANCE.NS,-2.8103537559509277
2026-02-12,RELIANCE.NS,4.155930995941162
2026-02-13,RELIANCE.NS,6.015983581542969
2026-02-16,RELIANCE.NS,5.772470951080322
2026-02-17,RELIANCE.NS,5.710599422454834
2026-02-18,RELIANCE.NS,-2.5768115520477295
2026-02-19,RELIANCE.NS,2.834651470184326
2026-02-20,RELIANCE.NS,-1.5175154209136963
2026-02-23,RELIANCE.NS,-1.1327317953109741
2026-02-24,RELIANCE.NS,0.15631884336471558
2026-02-25,RELIANCE.NS,-0.5529577136039734
2026-02-26,RELIANCE.NS,1.6509654521942139
2026-02-27,RELIANCE.NS,-5.232967376708984
2026-03-02,RELIANCE.NS,0.766895592212677
2026-03-04,RELIANCE.NS,0.48412850499153137
2026-03-05,RELIANCE.NS,-1.3882864713668823
2026-03-06,RELIANCE.NS,-1.285680890083313
2026-03-09,RELIANCE.NS,4.015838146209717
2026-03-10,RELIANCE.NS,1.508465051651001
2026-03-11,RELIANCE.NS,0.04277091473340988
2026-03-12,RELIANCE.NS,4.662164211273193
2026-03-13,RELIANCE.NS,-0.9406642913818359
2026-03-16,RELIANCE.NS,6.659867286682129
2026-03-17,RELIANCE.NS,5.754636764526367
2026-03-18,RELIANCE.NS,5.36903190612793
2026-03-19,RELIANCE.NS,1.5208394527435303
2026-03-20,RELIANCE.NS,3.3740005493164062
2026-03-23,RELIANCE.NS,2.9841370582580566
2026-03-24,RELIANCE.NS,3.5135157108306885
2026-03-25,RELIANCE.NS,-1.6635452508926392
2026-03-27,RELIANCE.NS,0.6828672289848328
2026-03-30,RELIANCE.NS,2.7058308124542236
2026-04-01,RELIANCE.NS,1.3285924196243286
2026-04-02,RELIANCE.NS,-3.5590126514434814
2026-04-06,RELIANCE.NS,3.321394920349121
2026-04-07,RELIANCE.NS,2.9446957111358643
2026-04-08,RELIANCE.NS,0.6329754590988159
2026-04-09,RELIANCE.NS,-2.2483489513397217
2026-04-10,RELIANCE.NS,0.6792714595794678
2026-04-13,RELIANCE.NS,-0.14946898818016052
2026-04-15,RELIANCE.NS,0.6031510233879089
2026-04-16,RELIANCE.NS,1.4344446659088135
2026-04-17,RELIANCE.NS,1.3155380487442017
2026-04-20,RELIANCE.NS,2.546605110168457
2026-04-21,RELIANCE.NS,2.1565890312194824
2026-04-22,RELIANCE.NS,4.224541664123535
2026-04-23,RELIANCE.NS,3.3272128105163574
2026-04-24,RELIANCE.NS,2.277378797531128
2026-04-27,RELIANCE.NS,2.552422046661377
2026-04-28,RELIANCE.NS,2.83474063873291
2026-04-29,RELIANCE.NS,0.8760882616043091
2025-12-23,USDJPY=X,12.508591651916504
2025-12-24,USDJPY=X,9.598811149597168
2025-12-26,USDJPY=X,11.559197425842285
2025-12-29,USDJPY=X,-3.5586628913879395
2025-12-30,USDJPY=X,10.669098854064941
2025-12-31,USDJPY=X,16.21082878112793
2026-01-02,USDJPY=X,13.110142707824707
2026-01-05,USDJPY=X,9.79655647277832
2026-01-06,USDJPY=X,-6.471658229827881
2026-01-07,USDJPY=X,-1.5638840198516846
2026-01-08,USDJPY=X,-11.7808198928833
2026-01-09,USDJPY=X,-5.226285934448242
2026-01-12,USDJPY=X,-15.8388090133667
2026-01-13,USDJPY=X,-15.418656349182129
2026-01-14,USDJPY=X,9.580254554748535
2026-01-15,USDJPY=X,1.9549282789230347
2026-01-16,USDJPY=X,14.80463981628418
2026-01-19,USDJPY=X,11.301419258117676
2026-01-20,USDJPY=X,4.503407001495361
2026-01-21,USDJPY=X,-8.256963729858398
2026-01-22,USDJPY=X,6.024652481079102
2026-01-23,USDJPY=X,-9.81153678894043
2026-01-26,USDJPY=X,-10.822303771972656
2026-01-27,USDJPY=X,-6.869351387023926
2026-01-28,USDJPY=X,8.008630752563477
2026-01-29,USDJPY=X,6.85020112991333
2026-01-30,USDJPY=X,7.582943439483643
2026-02-02,USDJPY=X,1.525673270225525
2026-02-03,USDJPY=X,7.3405914306640625
2026-02-04,USDJPY=X,3.111393928527832
2026-02-05,USDJPY=X,-0.5905500650405884
2026-02-06,USDJPY=X,-2.4839255809783936
2026-02-09,USDJPY=X,5.046854019165039
2026-02-10,USDJPY=X,9.697908401489258
2026-02-11,USDJPY=X,12.626214027404785
2026-02-12,USDJPY=X,6.013260841369629
2026-02-13,USDJPY=X,8.4899320602417
2026-02-16,USDJPY=X,-2.0406932830810547
2026-02-17,USDJPY=X,-1.7528197765350342
2026-02-18,USDJPY=X,9.048054695129395
2026-02-19,USDJPY=X,-3.53179931640625
2026-02-20,USDJPY=X,3.562985420227051
2026-02-23,USDJPY=X,-0.8738600611686707
2026-02-24,USDJPY=X,-1.8967535495758057
2026-02-25,USDJPY=X,-0.6712052822113037
2026-02-26,USDJPY=X,1.0644944906234741
2026-02-27,USDJPY=X,0.444523423910141
2026-03-02,USDJPY=X,3.257131338119507
2026-03-03,USDJPY=X,12.712278366088867
2026-03-04,USDJPY=X,6.168436050415039
2026-03-05,USDJPY=X,12.70867919921875
2026-03-06,USDJPY=X,6.179769039154053
2026-03-09,USDJPY=X,5.812703609466553
2026-03-10,USDJPY=X,10.521533012390137
2026-03-11,USDJPY=X,12.704105377197266
2026-03-12,USDJPY=X,2.9687647819519043
2026-03-13,USDJPY=X,10.650044441223145
2026-03-16,USDJPY=X,7.53304386138916
2026-03-17,USDJPY=X,12.598625183105469
2026-03-18,USDJPY=X,12.954548835754395
2026-03-19,USDJPY=X,5.950582981109619
2026-03-20,USDJPY=X,1.8054531812667847
2026-03-23,USDJPY=X,-6.189969539642334
2026-03-24,USDJPY=X,0.7245631814002991
2026-03-25,USDJPY=X,-9.64727783203125
2026-03-26,USDJPY=X,2.2782704830169678
2026-03-27,USDJPY=X,5.56975793838501
2026-03-30,USDJPY=X,2.3189756870269775
2026-03-31,USDJPY=X,6.033321380615234
2026-04-01,USDJPY=X,0.22383949160575867
2026-04-02,USDJPY=X,-1.487250566482544
2026-04-03,USDJPY=X,4.416375637054443
2026-04-06,USDJPY=X,-12.659012794494629
2026-04-07,USDJPY=X,-1.2078217267990112
2026-04-08,USDJPY=X,8.54047966003418
2026-04-09,USDJPY=X,10.225213050842285
2026-04-10,USDJPY=X,5.6222124099731445
2026-04-13,USDJPY=X,2.3986830711364746
2026-04-14,USDJPY=X,3.11268949508667
2026-04-15,USDJPY=X,9.839409828186035
2026-04-16,USDJPY=X,-3.4028055667877197
2026-04-17,USDJPY=X,0.1474458873271942
2026-04-20,USDJPY=X,6.874044418334961
2026-04-21,USDJPY=X,6.914165019989014
2026-04-22,USDJPY=X,9.542763710021973
2026-04-23,USDJPY=X,0.7952132821083069
2026-04-24,USDJPY=X,-9.029084205627441
2026-04-27,USDJPY=X,6.534359455108643
2026-04-28,USDJPY=X,9.03908920288086
2026-04-29,USDJPY=X,9.249114036560059
2025-12-23,GOOGL,2.2802677154541016
2025-12-24,GOOGL,1.481916904449463
2025-12-26,GOOGL,0.046736959367990494
2025-12-29,GOOGL,-3.541973114013672
2025-12-30,GOOGL,1.0066636800765991
2025-12-31,GOOGL,4.149179935455322
2026-01-02,GOOGL,4.213714122772217
2026-01-05,GOOGL,1.4456068277359009
2026-01-06,GOOGL,-1.8183231353759766
2026-01-07,GOOGL,-0.2588178813457489
2026-01-08,GOOGL,0.888179361820221
2026-01-09,GOOGL,3.8221213817596436
2026-01-12,GOOGL,2.189972400665283
2026-01-13,GOOGL,1.3904367685317993
2026-01-14,GOOGL,3.182727336883545
2026-01-15,GOOGL,-1.6688222885131836
2026-01-16,GOOGL,2.715317726135254
2026-01-20,GOOGL,-0.7969685196876526
2026-01-21,GOOGL,2.5457265377044678
2026-01-22,GOOGL,-3.442812919616699
2026-01-23,GOOGL,0.4531663954257965
2026-01-26,GOOGL,2.874298095703125
2026-01-27,GOOGL,2.5198230743408203
2026-01-28,GOOGL,3.149731159210205
2026-01-29,GOOGL,1.5659908056259155
2026-01-30,GOOGL,1.957810401916504
2026-02-02,GOOGL,1.0157279968261719
2026-02-03,GOOGL,3.3975613117218018
2026-02-04,GOOGL,4.118494033813477
2026-02-05,GOOGL,-4.155930519104004
2026-02-06,GOOGL,2.5012905597686768
2026-02-09,GOOGL,-4.196019649505615
2026-02-10,GOOGL,-0.7660027146339417
2026-02-11,GOOGL,-3.7112843990325928
2026-02-12,GOOGL,-3.7970340251922607
2026-02-13,GOOGL,2.356757402420044
2026-02-17,GOOGL,-0.37011978030204773
2026-02-18,GOOGL,3.121817111968994
2026-02-19,GOOGL,3.196160316467285
2026-02-20,GOOGL,-1.9981871843338013
2026-02-23,GOOGL,1.0364432334899902
2026-02-24,GOOGL,-1.305372714996338
2026-02-25,GOOGL,-2.5001003742218018
2026-02-26,GOOGL,-3.122997760772705
2026-02-27,GOOGL,-3.7277066707611084
2026-03-02,GOOGL,1.1913896799087524
2026-03-03,GOOGL,2.8557138442993164
2026-03-04,GOOGL,0.8136582374572754
2026-03-05,GOOGL,2.395702838897705
2026-03-06,GOOGL,-1.7317514419555664
2026-03-09,GOOGL,1.7128517627716064
2026-03-10,GOOGL,2.929482936859131
2026-03-11,GOOGL,1.795999526977539
2026-03-12,GOOGL,-0.9317926168441772
2026-03-13,GOOGL,1.356549859046936
2026-03-16,GOOGL,0.35691162943840027
2026-03-17,GOOGL,-1.5877385139465332
2026-03-18,GOOGL,-4.089010238647461
2026-03-19,GOOGL,-3.680826425552368
2026-03-20,GOOGL,2.736887216567993
2026-03-23,GOOGL,2.6417882442474365
2026-03-24,GOOGL,0.1287883222103119
2026-03-25,GOOGL,-1.8263524770736694
2026-03-26,GOOGL,-3.5851473808288574
2026-03-27,GOOGL,0.8850769996643066
2026-03-30,GOOGL,-0.9179589152336121
2026-03-31,GOOGL,1.0834332704544067
2026-04-01,GOOGL,1.1831622123718262
2026-04-02,GOOGL,1.671178936958313
2026-04-06,GOOGL,-0.10761520266532898
2026-04-07,GOOGL,0.4262408912181854
2026-04-08,GOOGL,-1.9580199718475342
2026-04-09,GOOGL,-0.06352760642766953
2026-04-10,GOOGL,2.218616008758545
2026-04-13,GOOGL,3.134474754333496
2026-04-14,GOOGL,2.8526692390441895
2026-04-15,GOOGL,0.6644791960716248
2026-04-16,GOOGL,3.0857179164886475
2026-04-17,GOOGL,3.4993433952331543
2026-04-20,GOOGL,1.8388160467147827
2026-04-21,GOOGL,3.55952787399292
2026-04-22,GOOGL,3.879533052444458
2026-04-23,GOOGL,0.872122585773468
2026-04-24,GOOGL,2.1594507694244385
2026-04-27,GOOGL,-3.110605478286743
2026-04-28,GOOGL,1.820627212524414
2026-04-29,GOOGL,1.914861798286438
2025-12-23,GC=F,0.4908062517642975
2025-12-24,GC=F,2.6364097595214844
2025-12-26,GC=F,3.12314772605896
2025-12-29,GC=F,3.4876725673675537
2025-12-30,GC=F,-2.2662947177886963
2025-12-31,GC=F,-1.3004169464111328
2026-01-02,GC=F,0.17273956537246704
2026-01-05,GC=F,2.610703945159912
2026-01-06,GC=F,3.97963285446167
2026-01-07,GC=F,4.607910633087158
2026-01-08,GC=F,3.336536169052124
2026-01-09,GC=F,-0.8378763198852539
2026-01-12,GC=F,-1.2884771823883057
2026-01-13,GC=F,2.195873975753784
2026-01-14,GC=F,1.1714770793914795
2026-01-15,GC=F,3.1251180171966553
2026-01-16,GC=F,2.136870861053467
2026-01-20,GC=F,3.5897672176361084
2026-01-21,GC=F,1.4029455184936523
2026-01-22,GC=F,4.072944641113281
2026-01-23,GC=F,-2.6396737098693848
2026-01-26,GC=F,-0.37823301553726196
2026-01-27,GC=F,1.397206425666809
2026-01-28,GC=F,5.178391456604004
2026-01-29,GC=F,0.29572945833206177
2026-01-30,GC=F,3.812645435333252
2026-02-02,GC=F,-1.137451410293579
2026-02-03,GC=F,-4.180588245391846
2026-02-04,GC=F,-3.770174980163574
2026-02-05,GC=F,1.4100795984268188
2026-02-06,GC=F,1.1446006298065186
2026-02-09,GC=F,0.9543188810348511
2026-02-10,GC=F,2.6481614112854004
2026-02-11,GC=F,1.111479640007019
2026-02-12,GC=F,0.8262820243835449
2026-02-13,GC=F,3.721876382827759
2026-02-17,GC=F,-1.5684529542922974
2026-02-18,GC=F,-0.7297273278236389
2026-02-19,GC=F,-2.957469940185547
2026-02-20,GC=F,1.7558470964431763
2026-02-23,GC=F,2.7373530864715576
2026-02-24,GC=F,3.420042037963867
2026-02-25,GC=F,3.1252903938293457
2026-02-26,GC=F,1.6643502712249756
2026-02-27,GC=F,2.713122844696045
2026-03-02,GC=F,0.48729971051216125
2026-03-03,GC=F,1.1854910850524902
2026-03-04,GC=F,3.5486550331115723
2026-03-05,GC=F,3.726078510284424
2026-03-06,GC=F,3.4436585903167725
2026-03-09,GC=F,0.516956627368927
2026-03-10,GC=F,1.9127540588378906
2026-03-11,GC=F,-2.683682680130005
2026-03-12,GC=F,-1.7009464502334595
2026-03-13,GC=F,1.7466413974761963
2026-03-16,GC=F,0.9942651391029358
2026-03-17,GC=F,2.5299906730651855
2026-03-18,GC=F,1.4556398391723633
2026-03-19,GC=F,-1.4982699155807495
2026-03-20,GC=F,2.10174560546875
2026-03-23,GC=F,1.9443764686584473
2026-03-24,GC=F,2.420130968093872
2026-03-25,GC=F,0.8051027655601501
2026-03-26,GC=F,2.7389121055603027
2026-03-27,GC=F,-0.7718486189842224
2026-03-30,GC=F,1.841776967048645
2026-03-31,GC=F,-0.3332332670688629
2026-04-01,GC=F,1.6178362369537354
2026-04-02,GC=F,-0.44309717416763306
2026-04-06,GC=F,3.7373239994049072
2026-04-07,GC=F,3.420790433883667
2026-04-08,GC=F,2.750556707382202
2026-04-09,GC=F,1.137674331665039
2026-04-10,GC=F,-3.154376745223999
2026-04-13,GC=F,0.33327871561050415
2026-04-14,GC=F,2.522270441055298
2026-04-15,GC=F,1.9424864053726196
2026-04-16,GC=F,2.323939800262451
2026-04-17,GC=F,2.194814443588257
2026-04-20,GC=F,0.9846680760383606
2026-04-21,GC=F,1.959456205368042
2026-04-22,GC=F,1.0964113473892212
2026-04-23,GC=F,2.2170934677124023
2026-04-24,GC=F,1.2955517768859863
2026-04-27,GC=F,2.148000955581665
2026-04-28,GC=F,0.6128132939338684
2026-04-29,GC=F,-0.7972733378410339
2025-12-23,EEM,3.045253276824951
2025-12-24,EEM,-3.1602470874786377
2025-12-26,EEM,-1.9229601621627808
2025-12-29,EEM,1.9762426614761353
2025-12-30,EEM,6.274461269378662
2025-12-31,EEM,5.841243267059326
2026-01-02,EEM,7.262493133544922
2026-01-05,EEM,6.599125385284424
2026-01-06,EEM,7.4227800369262695
2026-01-07,EEM,7.817387104034424
2026-01-08,EEM,5.1358113288879395
2026-01-09,EEM,4.035332202911377
2026-01-12,EEM,-0.8045409321784973
2026-01-13,EEM,-4.0073394775390625
2026-01-14,EEM,4.337818622589111
2026-01-15,EEM,7.154821395874023
2026-01-16,EEM,1.5896133184432983
2026-01-20,EEM,-1.0154908895492554
2026-01-21,EEM,0.7533707618713379
2026-01-22,EEM,-5.221020698547363
2026-01-23,EEM,-8.948843002319336
2026-01-26,EEM,-5.3463287353515625
2026-01-27,EEM,-2.867453098297119
2026-01-28,EEM,6.76575231552124
2026-01-29,EEM,2.111128330230713
2026-01-30,EEM,6.773226737976074
2026-02-02,EEM,2.5920052528381348
2026-02-03,EEM,6.833970546722412
2026-02-04,EEM,2.566821336746216
2026-02-05,EEM,1.4953503608703613
2026-02-06,EEM,0.5989598631858826
2026-02-09,EEM,0.3021708130836487
2026-02-10,EEM,3.808682441711426
2026-02-11,EEM,0.9756795167922974
2026-02-12,EEM,-3.5008013248443604
2026-02-13,EEM,7.5641937255859375
2026-02-17,EEM,2.0321719646453857
2026-02-18,EEM,3.836132764816284
2026-02-19,EEM,7.059690952301025
2026-02-20,EEM,8.396794319152832
2026-02-23,EEM,4.188345909118652
2026-02-24,EEM,0.3749178647994995
2026-02-25,EEM,-0.5003296136856079
2026-02-26,EEM,-6.720768928527832
2026-02-27,EEM,6.335640907287598
2026-03-02,EEM,3.2374682426452637
2026-03-03,EEM,4.319626331329346
2026-03-04,EEM,-1.1655393838882446
2026-03-05,EEM,0.4653644561767578
2026-03-06,EEM,1.9490082263946533
2026-03-09,EEM,3.964805841445923
2026-03-10,EEM,3.962888717651367
2026-03-11,EEM,1.6091160774230957
2026-03-12,EEM,3.8024485111236572
2026-03-13,EEM,-5.324239253997803
2026-03-16,EEM,0.8825738430023193
2026-03-17,EEM,4.689173221588135
2026-03-18,EEM,-1.5238560438156128
2026-03-19,EEM,4.612334728240967
2026-03-20,EEM,2.63177490234375
2026-03-23,EEM,3.82416033744812
2026-03-24,EEM,4.773514747619629
2026-03-25,EEM,2.4530138969421387
2026-03-26,EEM,0.5490725636482239
2026-03-27,EEM,2.623806953430176
2026-03-30,EEM,-1.7140344381332397
2026-03-31,EEM,2.407573699951172
2026-04-01,EEM,2.0005085468292236
2026-04-02,EEM,3.679567575454712
2026-04-06,EEM,5.286753177642822
2026-04-07,EEM,2.0248892307281494
2026-04-08,EEM,-2.3761579990386963
2026-04-09,EEM,2.142272710800171
2026-04-10,EEM,2.4891841411590576
2026-04-13,EEM,1.5020819902420044
2026-04-14,EEM,3.7457261085510254
2026-04-15,EEM,2.841843843460083
2026-04-16,EEM,5.228010177612305
2026-04-17,EEM,5.434934616088867
2026-04-20,EEM,1.881462574005127
2026-04-21,EEM,5.275083065032959
2026-04-22,EEM,1.9548993110656738
2026-04-23,EEM,1.844714641571045
2026-04-24,EEM,0.39917615056037903
2026-04-27,EEM,-5.750399112701416
2026-04-28,EEM,-3.1280674934387207
2026-04-29,EEM,-2.673064947128296
2025-12-23,UNH,0.39323580265045166
2025-12-24,UNH,-1.202633023262024
2025-12-26,UNH,-0.8892322182655334
2025-12-29,UNH,-2.1111621856689453
2025-12-30,UNH,0.4889295995235443
2025-12-31,UNH,1.7179956436157227
2026-01-02,UNH,1.7392266988754272
2026-01-05,UNH,1.0239839553833008
2026-01-06,UNH,-2.8984150886535645
2026-01-07,UNH,-2.3431591987609863
2026-01-08,UNH,-1.55158531665802
2026-01-09,UNH,2.826282024383545
2026-01-12,UNH,1.519707202911377
2026-01-13,UNH,3.351072311401367
2026-01-14,UNH,2.742353916168213
2026-01-15,UNH,2.8644297122955322
2026-01-16,UNH,3.090890645980835
2026-01-20,UNH,-2.873277187347412
2026-01-21,UNH,1.5698354244232178
2026-01-22,UNH,0.5954627990722656
2026-01-23,UNH,1.578452706336975
2026-01-26,UNH,0.4773433804512024
2026-01-27,UNH,2.468252182006836
2026-01-28,UNH,-0.5386468172073364
2026-01-29,UNH,-0.3104788661003113
2026-01-30,UNH,-0.80250084400177
2026-02-02,UNH,1.2293647527694702
2026-02-03,UNH,1.7513906955718994
2026-02-04,UNH,0.5680897235870361
2026-02-05,UNH,1.7353203296661377
2026-02-06,UNH,0.4135194718837738
2026-02-09,UNH,1.4915024042129517
2026-02-10,UNH,1.138252854347229
2026-02-11,UNH,0.722956657409668
2026-02-12,UNH,0.7901796698570251
2026-02-13,UNH,-0.2590446174144745
2026-02-17,UNH,2.2156457901000977
2026-02-18,UNH,2.1815617084503174
2026-02-19,UNH,0.7363891005516052
2026-02-20,UNH,0.857467770576477
2026-02-23,UNH,1.7725038528442383
2026-02-24,UNH,-1.521317481994629
2026-02-25,UNH,1.253472924232483
2026-02-26,UNH,-0.7257012128829956
2026-02-27,UNH,1.4430255889892578
2026-03-02,UNH,-0.19840319454669952
2026-03-03,UNH,2.34224009513855
2026-03-04,UNH,2.1345415115356445
2026-03-05,UNH,2.701456069946289
2026-03-06,UNH,2.455130100250244
2026-03-09,UNH,2.158968210220337
2026-03-10,UNH,2.413954973220825
2026-03-11,UNH,-0.4953335225582123
2026-03-12,UNH,-1.4579355716705322
2026-03-13,UNH,0.31623998284339905
2026-03-16,UNH,-0.6642506718635559
2026-03-17,UNH,1.9112799167633057
2026-03-18,UNH,-2.776369571685791
2026-03-19,UNH,-1.7602791786193848
2026-03-20,UNH,0.5147154331207275
2026-03-23,UNH,1.8431239128112793
2026-03-24,UNH,2.212949514389038
2026-03-25,UNH,1.314731240272522
2026-03-26,UNH,2.85323166847229
2026-03-27,UNH,-1.303851842880249
2026-03-30,UNH,-1.0524822473526
2026-03-31,UNH,1.1765127182006836
2026-04-01,UNH,0.5357354879379272
2026-04-02,UNH,1.0459411144256592
2026-04-06,UNH,1.1328010559082031
2026-04-07,UNH,-0.7558809518814087
2026-04-08,UNH,0.6049773097038269
2026-04-09,UNH,2.57841420173645
2026-04-10,UNH,2.5944857597351074
2026-04-13,UNH,-2.1057279109954834
2026-04-14,UNH,1.3060905933380127
2026-04-15,UNH,0.6253486275672913
2026-04-16,UNH,-0.44751840829849243
2026-04-17,UNH,2.938678503036499
2026-04-20,UNH,2.749109983444214
2026-04-21,UNH,0.9795044660568237
2026-04-22,UNH,-1.2071236371994019
2026-04-23,UNH,2.7139370441436768
2026-04-24,UNH,-0.40125465393066406
2026-04-27,UNH,1.485247254371643
2026-04-28,UNH,-0.42122283577919006
2026-04-29,UNH,-2.191293239593506
2025-12-23,NVDA,0.01882293075323105
2025-12-24,NVDA,-0.10794368386268616
2025-12-26,NVDA,-0.6585689783096313
2025-12-29,NVDA,-3.057133197784424
2025-12-30,NVDA,2.1851015090942383
2025-12-31,NVDA,2.114887237548828
2026-01-02,NVDA,-0.3677760362625122
2026-01-05,NVDA,1.8773112297058105
2026-01-06,NVDA,-2.1419730186462402
2026-01-07,NVDA,-1.047542929649353
2026-01-08,NVDA,2.081153631210327
2026-01-09,NVDA,2.5217766761779785
2026-01-12,NVDA,2.275189161300659
2026-01-13,NVDA,1.5252094268798828
2026-01-14,NVDA,0.6461905837059021
2026-01-15,NVDA,2.1446428298950195
2026-01-16,NVDA,0.1949145644903183
2026-01-20,NVDA,2.6874587535858154
2026-01-21,NVDA,1.534485101699829
2026-01-22,NVDA,0.23382875323295593
2026-01-23,NVDA,-0.7678564786911011
2026-01-26,NVDA,1.3272584676742554
2026-01-27,NVDA,-3.4529836177825928
2026-01-28,NVDA,-0.2803579866886139
2026-01-29,NVDA,2.8861172199249268
2026-01-30,NVDA,3.3263707160949707
2026-02-02,NVDA,2.876638174057007
2026-02-03,NVDA,3.158306360244751
2026-02-04,NVDA,1.2353177070617676
2026-02-05,NVDA,-3.3527097702026367
2026-02-06,NVDA,-1.6379070281982422
2026-02-09,NVDA,1.025960922241211
2026-02-10,NVDA,2.7209692001342773
2026-02-11,NVDA,2.0756924152374268
2026-02-12,NVDA,0.7724063396453857
2026-02-13,NVDA,-1.5882645845413208
2026-02-17,NVDA,-0.33197909593582153
2026-02-18,NVDA,-1.0233725309371948
2026-02-19,NVDA,1.8321218490600586
2026-02-20,NVDA,3.4844861030578613
2026-02-23,NVDA,2.4762630462646484
2026-02-24,NVDA,1.6698026657104492
2026-02-25,NVDA,3.089312791824341
2026-02-26,NVDA,2.3559839725494385
2026-02-27,NVDA,2.604912281036377
2026-03-02,NVDA,1.7665289640426636
2026-03-03,NVDA,-3.21730899810791
2026-03-04,NVDA,-1.1082230806350708
2026-03-05,NVDA,2.3286144733428955
2026-03-06,NVDA,1.9665231704711914
2026-03-09,NVDA,1.6380120515823364
2026-03-10,NVDA,0.20360159873962402
2026-03-11,NVDA,-0.7395929098129272
2026-03-12,NVDA,-0.459403395652771
2026-03-13,NVDA,-2.3510210514068604
2026-03-16,NVDA,-0.28663861751556396
2026-03-17,NVDA,0.12723219394683838
2026-03-18,NVDA,0.9922240376472473
2026-03-19,NVDA,1.355154275894165
2026-03-20,NVDA,3.0017287731170654
2026-03-23,NVDA,1.8406023979187012
2026-03-24,NVDA,-3.753896951675415
2026-03-25,NVDA,-0.00919813010841608
2026-03-26,NVDA,-2.4796411991119385
2026-03-27,NVDA,1.4546968936920166
2026-03-30,NVDA,1.7893180847167969
2026-03-31,NVDA,-1.1433603763580322
2026-04-01,NVDA,0.13119471073150635
2026-04-02,NVDA,0.8167811036109924
2026-04-06,NVDA,1.4639930725097656
2026-04-07,NVDA,1.921491026878357
2026-04-08,NVDA,1.476576566696167
2026-04-09,NVDA,0.558530867099762
2026-04-10,NVDA,0.5649997591972351
2026-04-13,NVDA,0.9427199363708496
2026-04-14,NVDA,3.445286989212036
2026-04-15,NVDA,0.34185686707496643
2026-04-16,NVDA,0.25086092948913574
2026-04-17,NVDA,3.0697271823883057
2026-04-20,NVDA,-1.520084261894226
2026-04-21,NVDA,2.287571907043457
2026-04-22,NVDA,0.7132288217544556
2026-04-23,NVDA,-2.371110200881958
2026-04-24,NVDA,0.45680347084999084
2026-04-27,NVDA,-3.4760141372680664
2026-04-28,NVDA,0.6225687265396118
2026-04-29,NVDA,-1.9940420389175415
2025-12-23,JPM,0.6454485654830933
2025-12-24,JPM,-1.5505300760269165
2025-12-26,JPM,-1.0356671810150146
2025-12-29,JPM,-0.9999530911445618
2025-12-30,JPM,3.812455892562866
2025-12-31,JPM,-0.9193600416183472
2026-01-02,JPM,-1.853959083557129
2026-01-05,JPM,-4.534127235412598
2026-01-06,JPM,-1.6596626043319702
2026-01-07,JPM,4.802501678466797
2026-01-08,JPM,4.638564109802246
2026-01-09,JPM,4.0189290046691895
2026-01-12,JPM,5.401461124420166
2026-01-13,JPM,-1.543526530265808
2026-01-14,JPM,-2.1549649238586426
2026-01-15,JPM,3.4142329692840576
2026-01-16,JPM,2.5102427005767822
2026-01-20,JPM,0.8247449398040771
2026-01-21,JPM,3.4811880588531494
2026-01-22,JPM,4.865949630737305
2026-01-23,JPM,1.318305492401123
2026-01-26,JPM,1.7035754919052124
2026-01-27,JPM,2.6638295650482178
2026-01-28,JPM,1.6495680809020996
2026-01-29,JPM,0.43708109855651855
2026-01-30,JPM,-1.9909741878509521
2026-02-02,JPM,-0.22234293818473816
2026-02-03,JPM,3.926755905151367
2026-02-04,JPM,3.7884445190429688
2026-02-05,JPM,3.855571985244751
2026-02-06,JPM,5.001675605773926
2026-02-09,JPM,4.823593616485596
2026-02-10,JPM,3.427973508834839
2026-02-11,JPM,0.31085196137428284
2026-02-12,JPM,0.7208112478256226
2026-02-13,JPM,3.0239851474761963
2026-02-17,JPM,0.07209403812885284
2026-02-18,JPM,-1.9760960340499878
2026-02-19,JPM,2.884578227996826
2026-02-20,JPM,3.7083029747009277
2026-02-23,JPM,-3.827362060546875
2026-02-24,JPM,-0.8563485741615295
2026-02-25,JPM,1.8014745712280273
2026-02-26,JPM,-2.8118929862976074
2026-02-27,JPM,-4.256937503814697
2026-03-02,JPM,-5.341943264007568
2026-03-03,JPM,-3.4358949661254883
2026-03-04,JPM,1.6197943687438965
2026-03-05,JPM,2.347083568572998
2026-03-06,JPM,1.9604616165161133
2026-03-09,JPM,3.5928492546081543
2026-03-10,JPM,3.4669711589813232
2026-03-11,JPM,-1.308481216430664
2026-03-12,JPM,0.853641152381897
2026-03-13,JPM,2.078521966934204
2026-03-16,JPM,3.340540647506714
2026-03-17,JPM,-0.8636453747749329
2026-03-18,JPM,-0.3658091723918915
2026-03-19,JPM,-0.6327188014984131
2026-03-20,JPM,-5.555020332336426
2026-03-23,JPM,-4.335701942443848
2026-03-24,JPM,-3.4375452995300293
2026-03-25,JPM,-2.128572463989258
2026-03-26,JPM,-4.892562389373779
2026-03-27,JPM,-1.1152422428131104
2026-03-30,JPM,-1.8130826950073242
2026-03-31,JPM,-4.563094139099121
2026-04-01,JPM,-0.6734954118728638
2026-04-02,JPM,3.3857686519622803
2026-04-06,JPM,4.850316524505615
2026-04-07,JPM,3.849321126937866
2026-04-08,JPM,5.257744312286377
2026-04-09,JPM,2.008394718170166
2026-04-10,JPM,2.166543483734131
2026-04-13,JPM,4.523135662078857
2026-04-14,JPM,4.714846134185791
2026-04-15,JPM,2.2766504287719727
2026-04-16,JPM,1.3609611988067627
2026-04-17,JPM,5.050258636474609
2026-04-20,JPM,-2.8679287433624268
2026-04-21,JPM,-3.9450435638427734
2026-04-22,JPM,-1.2723028659820557
2026-04-23,JPM,1.904944658279419
2026-04-24,JPM,-0.8138347268104553
2026-04-27,JPM,2.336191177368164
2026-04-28,JPM,3.9152066707611084
2026-04-29,JPM,4.891977787017822
2025-12-23,IWM,4.261180400848389
2025-12-24,IWM,-4.118940830230713
2025-12-26,IWM,-3.2056901454925537
2025-12-29,IWM,-0.8580065369606018
2025-12-30,IWM,0.8149092793464661
2025-12-31,IWM,0.8044975399971008
2026-01-02,IWM,1.8159496784210205
2026-01-05,IWM,2.8300557136535645
2026-01-06,IWM,3.1418654918670654
2026-01-07,IWM,4.53013277053833
2026-01-08,IWM,4.935959815979004
2026-01-09,IWM,6.121674060821533
2026-01-12,IWM,5.808684349060059
2026-01-13,IWM,5.621186256408691
2026-01-14,IWM,5.110243797302246
2026-01-15,IWM,5.087557792663574
2026-01-16,IWM,4.7295637130737305
2026-01-20,IWM,5.406279563903809
2026-01-21,IWM,4.914865016937256
2026-01-22,IWM,5.3172736167907715
2026-01-23,IWM,6.605198860168457
2026-01-26,IWM,-6.856730937957764
2026-01-27,IWM,-5.684811115264893
2026-01-28,IWM,-6.009639263153076
2026-01-29,IWM,-6.777381896972656
2026-01-30,IWM,-5.90364933013916
2026-02-02,IWM,5.773746967315674
2026-02-03,IWM,5.256729602813721
2026-02-04,IWM,1.4179956912994385
2026-02-05,IWM,-0.13229741156101227
2026-02-06,IWM,0.8511610627174377
2026-02-09,IWM,-4.208340167999268
2026-02-10,IWM,2.2653164863586426
2026-02-11,IWM,2.8427157402038574
2026-02-12,IWM,-1.5297057628631592
2026-02-13,IWM,-2.205141305923462
2026-02-17,IWM,1.631701946258545
2026-02-18,IWM,0.41229987144470215
2026-02-19,IWM,5.103602886199951
2026-02-20,IWM,6.178266525268555
2026-02-23,IWM,1.938204288482666
2026-02-24,IWM,-3.214689016342163
2026-02-25,IWM,-0.2076210379600525
2026-02-26,IWM,-4.275784969329834
2026-02-27,IWM,-5.423000335693359
2026-03-02,IWM,0.24063485860824585
2026-03-03,IWM,1.2720059156417847
2026-03-04,IWM,-2.534226179122925
2026-03-05,IWM,-6.428752422332764
2026-03-06,IWM,3.5290586948394775
2026-03-09,IWM,-2.9142491817474365
2026-03-10,IWM,1.8272113800048828
2026-03-11,IWM,-3.7745296955108643
2026-03-12,IWM,1.9886242151260376
2026-03-13,IWM,-1.9852368831634521
2026-03-16,IWM,1.6144365072250366
2026-03-17,IWM,-0.20983506739139557
2026-03-18,IWM,1.1687250137329102
2026-03-19,IWM,0.4205284118652344
2026-03-20,IWM,1.8631525039672852
2026-03-23,IWM,5.118756294250488
2026-03-24,IWM,1.791303038597107
2026-03-25,IWM,3.568681001663208
2026-03-26,IWM,-4.031766891479492
2026-03-27,IWM,0.38818833231925964
2026-03-30,IWM,4.497572422027588
2026-03-31,IWM,2.115286350250244
2026-04-01,IWM,-0.532090425491333
2026-04-02,IWM,4.0547871589660645
2026-04-06,IWM,5.204851150512695
2026-04-07,IWM,3.726950168609619
2026-04-08,IWM,3.700676918029785
2026-04-09,IWM,-0.6687464714050293
2026-04-10,IWM,5.595675468444824
2026-04-13,IWM,5.720870494842529
2026-04-14,IWM,5.067144870758057
2026-04-15,IWM,0.1408725082874298
2026-04-16,IWM,4.7529215812683105
2026-04-17,IWM,4.719269275665283
2026-04-20,IWM,-1.5817846059799194
2026-04-21,IWM,4.505736827850342
2026-04-22,IWM,3.0542776584625244
2026-04-23,IWM,1.8416504859924316
2026-04-24,IWM,-2.1318116188049316
2026-04-27,IWM,-5.471654415130615
2026-04-28,IWM,-4.491199970245361
2026-04-29,IWM,3.9403183460235596
2025-12-23,GLD,-4.719305038452148
2025-12-24,GLD,-3.6721320152282715
2025-12-26,GLD,1.3888581991195679
2025-12-29,GLD,-2.490640163421631
2025-12-30,GLD,2.1285688877105713
2025-12-31,GLD,2.080556869506836
2026-01-02,GLD,1.0829565525054932
2026-01-05,GLD,3.4093618392944336
2026-01-06,GLD,4.224868297576904
2026-01-07,GLD,2.138122797012329
2026-01-08,GLD,3.230475902557373
2026-01-09,GLD,-1.0075788497924805
2026-01-12,GLD,-2.712531805038452
2026-01-13,GLD,1.7664785385131836
2026-01-14,GLD,3.0212440490722656
2026-01-15,GLD,4.024446487426758
2026-01-16,GLD,4.522801876068115
2026-01-20,GLD,2.7997214794158936
2026-01-21,GLD,-3.7348697185516357
2026-01-22,GLD,2.2997710704803467
2026-01-23,GLD,0.8572769165039062
2026-01-26,GLD,1.8385738134384155
2026-01-27,GLD,0.7693018913269043
2026-01-28,GLD,2.536996603012085
2026-01-29,GLD,4.326595783233643
2026-01-30,GLD,4.306812763214111
2026-02-02,GLD,0.8792586326599121
2026-02-03,GLD,-3.8883821964263916
2026-02-04,GLD,-3.924579381942749
2026-02-05,GLD,0.41320812702178955
2026-02-06,GLD,0.09481506794691086
2026-02-09,GLD,1.122764229774475
2026-02-10,GLD,3.1961047649383545
2026-02-11,GLD,1.7422559261322021
2026-02-12,GLD,1.059378981590271
2026-02-13,GLD,2.997056722640991
2026-02-17,GLD,-0.3935309648513794
2026-02-18,GLD,-0.9394627213478088
2026-02-19,GLD,-3.0541927814483643
2026-02-20,GLD,1.6358994245529175
2026-02-23,GLD,1.8924508094787598
2026-02-24,GLD,3.2385077476501465
2026-02-25,GLD,2.793962240219116
2026-02-26,GLD,2.059506893157959
2026-02-27,GLD,-1.691807746887207
2026-03-02,GLD,-2.335397481918335
2026-03-03,GLD,2.532768964767456
2026-03-04,GLD,3.0315754413604736
2026-03-05,GLD,3.225426435470581
2026-03-06,GLD,-0.6364250183105469
2026-03-09,GLD,0.9223091006278992
2026-03-10,GLD,2.7780613899230957
2026-03-11,GLD,-1.132106065750122
2026-03-12,GLD,-3.145512342453003
2026-03-13,GLD,-0.8405636548995972
2026-03-16,GLD,0.9574223160743713
2026-03-17,GLD,2.2774221897125244
2026-03-18,GLD,1.3839830160140991
2026-03-19,GLD,-0.4464682638645172
2026-03-20,GLD,1.6343010663986206
2026-03-23,GLD,1.9149924516677856
2026-03-24,GLD,2.877194404602051
2026-03-25,GLD,1.8075512647628784
2026-03-26,GLD,2.682973623275757
2026-03-27,GLD,1.7517683506011963
2026-03-30,GLD,2.201319694519043
2026-03-31,GLD,1.6102231740951538
2026-04-01,GLD,0.11246781796216965
2026-04-02,GLD,-0.4237593114376068
2026-04-06,GLD,4.033207416534424
2026-04-07,GLD,3.706637382507324
2026-04-08,GLD,3.721147060394287
2026-04-09,GLD,2.504739999771118
2026-04-10,GLD,-3.2687487602233887
2026-04-13,GLD,-0.2052340805530548
2026-04-14,GLD,2.0595552921295166
2026-04-15,GLD,1.240111231803894
2026-04-16,GLD,1.7744410037994385
2026-04-17,GLD,0.7651719450950623
2026-04-20,GLD,0.27159884572029114
2026-04-21,GLD,1.2890583276748657
2026-04-22,GLD,0.8015257120132446
2026-04-23,GLD,1.7205784320831299
2026-04-24,GLD,1.267765998840332
2026-04-27,GLD,1.5820865631103516
2026-04-28,GLD,-0.331180214881897
2026-04-29,GLD,-1.8136560916900635
2025-12-23,USDINR=X,-0.7693721652030945
2025-12-24,USDINR=X,-7.275704383850098
2025-12-26,USDINR=X,-25.54511833190918
2025-12-29,USDINR=X,-24.207338333129883
2025-12-30,USDINR=X,16.043903350830078
2025-12-31,USDINR=X,8.959041595458984
2026-01-02,USDINR=X,0.7641441226005554
2026-01-05,USDINR=X,-5.111404895782471
2026-01-06,USDINR=X,8.94491195678711
2026-01-07,USDINR=X,24.993213653564453
2026-01-08,USDINR=X,14.398421287536621
2026-01-09,USDINR=X,26.305925369262695
2026-01-12,USDINR=X,-4.220719814300537
2026-01-13,USDINR=X,23.305591583251953
2026-01-14,USDINR=X,-7.662790775299072
2026-01-15,USDINR=X,-4.7219719886779785
2026-01-16,USDINR=X,21.645713806152344
2026-01-19,USDINR=X,19.158716201782227
2026-01-20,USDINR=X,9.008620262145996
2026-01-21,USDINR=X,22.195079803466797
2026-01-22,USDINR=X,-6.610929012298584
2026-01-23,USDINR=X,12.10742473602295
2026-01-26,USDINR=X,0.10161558538675308
2026-01-27,USDINR=X,22.694313049316406
2026-01-28,USDINR=X,2.4321703910827637
2026-01-29,USDINR=X,12.910293579101562
2026-01-30,USDINR=X,-26.38433265686035
2026-02-02,USDINR=X,25.879947662353516
2026-02-03,USDINR=X,18.7204532623291
2026-02-04,USDINR=X,2.785520076751709
2026-02-05,USDINR=X,4.847751140594482
2026-02-06,USDINR=X,9.181093215942383
2026-02-09,USDINR=X,16.96784210205078
2026-02-10,USDINR=X,12.289778709411621
2026-02-11,USDINR=X,15.936382293701172
2026-02-12,USDINR=X,11.761147499084473
2026-02-13,USDINR=X,-8.768415451049805
2026-02-16,USDINR=X,2.9133591651916504
2026-02-17,USDINR=X,-8.952796936035156
2026-02-18,USDINR=X,-7.934708595275879
2026-02-19,USDINR=X,-0.6765643954277039
2026-02-20,USDINR=X,6.560124397277832
2026-02-23,USDINR=X,10.938380241394043
2026-02-24,USDINR=X,10.13497543334961
2026-02-25,USDINR=X,19.067758560180664
2026-02-26,USDINR=X,13.615995407104492
2026-02-27,USDINR=X,-18.314332962036133
2026-03-02,USDINR=X,-14.907515525817871
2026-03-03,USDINR=X,6.703277111053467
2026-03-04,USDINR=X,-13.075023651123047
2026-03-05,USDINR=X,21.86123275756836
2026-03-06,USDINR=X,20.562623977661133
2026-03-09,USDINR=X,25.239757537841797
2026-03-10,USDINR=X,10.491353034973145
2026-03-11,USDINR=X,5.798027515411377
2026-03-12,USDINR=X,-0.5820914506912231
2026-03-13,USDINR=X,-16.766267776489258
2026-03-16,USDINR=X,18.785953521728516
2026-03-17,USDINR=X,5.753292560577393
2026-03-18,USDINR=X,2.8132195472717285
2026-03-19,USDINR=X,0.9047203063964844
2026-03-20,USDINR=X,-4.070546627044678
2026-03-23,USDINR=X,4.930538654327393
2026-03-24,USDINR=X,9.846534729003906
2026-03-25,USDINR=X,6.346991062164307
2026-03-26,USDINR=X,-13.659595489501953
2026-03-27,USDINR=X,10.546830177307129
2026-03-30,USDINR=X,-7.125260829925537
2026-03-31,USDINR=X,-2.8915302753448486
2026-04-01,USDINR=X,15.107285499572754
2026-04-02,USDINR=X,-10.459417343139648
2026-04-03,USDINR=X,3.979644298553467
2026-04-06,USDINR=X,-12.737445831298828
2026-04-07,USDINR=X,15.58359146118164
2026-04-08,USDINR=X,0.7385317087173462
2026-04-09,USDINR=X,4.95039701461792
2026-04-10,USDINR=X,14.07874584197998
2026-04-13,USDINR=X,-2.318789482116699
2026-04-14,USDINR=X,1.9282830953598022
2026-04-15,USDINR=X,8.939892768859863
2026-04-16,USDINR=X,4.395077705383301
2026-04-17,USDINR=X,-10.125236511230469
2026-04-20,USDINR=X,-15.42165470123291
2026-04-21,USDINR=X,8.497544288635254
2026-04-22,USDINR=X,6.594157695770264
2026-04-23,USDINR=X,13.499065399169922
2026-04-24,USDINR=X,15.578208923339844
2026-04-27,USDINR=X,-7.315068244934082
2026-04-28,USDINR=X,-3.569279909133911
2026-04-29,USDINR=X,-0.22596468031406403
2025-12-23,AMZN,2.195450782775879
2025-12-24,AMZN,-2.254739761352539
2025-12-26,AMZN,-1.0308270454406738
2025-12-29,AMZN,-1.6748266220092773
2025-12-30,AMZN,2.9077043533325195
2025-12-31,AMZN,3.2829856872558594
2026-01-02,AMZN,2.6399996280670166
2026-01-05,AMZN,-1.1351087093353271
2026-01-06,AMZN,-3.0774197578430176
2026-01-07,AMZN,2.8409981727600098
2026-01-08,AMZN,3.5574355125427246
2026-01-09,AMZN,3.647160291671753
2026-01-12,AMZN,2.062089681625366
2026-01-13,AMZN,-1.9240589141845703
2026-01-14,AMZN,1.4158295392990112
2026-01-15,AMZN,-1.9146838188171387
2026-01-16,AMZN,2.0075807571411133
2026-01-20,AMZN,-3.397444009780884
2026-01-21,AMZN,-3.1096222400665283
2026-01-22,AMZN,-0.10883758962154388
2026-01-23,AMZN,-3.220726490020752
2026-01-26,AMZN,-0.15726806223392487
2026-01-27,AMZN,2.211996078491211
2026-01-28,AMZN,2.8140265941619873
2026-01-29,AMZN,3.0425374507904053
2026-01-30,AMZN,-0.24243713915348053
2026-02-02,AMZN,2.674790382385254
2026-02-03,AMZN,3.4737796783447266
2026-02-04,AMZN,3.0611095428466797
2026-02-05,AMZN,-0.47956281900405884
2026-02-06,AMZN,-1.2966344356536865
2026-02-09,AMZN,-2.2828309535980225
2026-02-10,AMZN,0.8765023350715637
2026-02-11,AMZN,-1.6578104496002197
2026-02-12,AMZN,0.027522068470716476
2026-02-13,AMZN,-3.151275873184204
2026-02-17,AMZN,0.7038537263870239
2026-02-18,AMZN,-0.279427170753479
2026-02-19,AMZN,1.044130802154541
2026-02-20,AMZN,2.434741735458374
2026-02-23,AMZN,1.984872579574585
2026-02-24,AMZN,2.762690782546997
2026-02-25,AMZN,2.508375883102417
2026-02-26,AMZN,1.5340354442596436
2026-02-27,AMZN,-0.5900691151618958
2026-03-02,AMZN,-2.1837940216064453
2026-03-03,AMZN,3.4732370376586914
2026-03-04,AMZN,1.5336647033691406
2026-03-05,AMZN,2.815755844116211
2026-03-06,AMZN,2.394882917404175
2026-03-09,AMZN,3.847259521484375
2026-03-10,AMZN,2.5035760402679443
2026-03-11,AMZN,3.6723451614379883
2026-03-12,AMZN,3.6015613079071045
2026-03-13,AMZN,2.8095240592956543
2026-03-16,AMZN,2.006196975708008
2026-03-17,AMZN,-0.03525276109576225
2026-03-18,AMZN,-3.0376579761505127
2026-03-19,AMZN,-0.6914721131324768
2026-03-20,AMZN,-0.1585516780614853
2026-03-23,AMZN,-3.4509849548339844
2026-03-24,AMZN,0.014230993576347828
2026-03-25,AMZN,1.274853229522705
2026-03-26,AMZN,0.6593334078788757
2026-03-27,AMZN,1.5987393856048584
2026-03-30,AMZN,0.2845263183116913
2026-03-31,AMZN,0.439227819442749
2026-04-01,AMZN,1.430649757385254
2026-04-02,AMZN,1.9632444381713867
2026-04-06,AMZN,1.1204185485839844
2026-04-07,AMZN,3.7250921726226807
2026-04-08,AMZN,2.622292995452881
2026-04-09,AMZN,-1.12495756149292
2026-04-10,AMZN,-1.021041750907898
2026-04-13,AMZN,3.0744247436523438
2026-04-14,AMZN,2.8430087566375732
2026-04-15,AMZN,-1.0575933456420898
2026-04-16,AMZN,1.4841105937957764
2026-04-17,AMZN,4.178587436676025
2026-04-20,AMZN,3.426598072052002
2026-04-21,AMZN,0.9293895363807678
2026-04-22,AMZN,2.5797369480133057
2026-04-23,AMZN,0.8083145022392273
2026-04-24,AMZN,2.8236770629882812
2026-04-27,AMZN,2.0634870529174805
2026-04-28,AMZN,1.7958645820617676
2026-04-29,AMZN,0.05830010026693344
