time,symbol,weight
2025-02-24,HDFCBANK.NS,8.321497917175293
2025-02-25,HDFCBANK.NS,8.366541862487793
2025-02-27,HDFCBANK.NS,8.375960350036621
2025-02-28,HDFCBANK.NS,8.312520027160645
2025-03-03,HDFCBANK.NS,8.254020690917969
2025-03-04,HDFCBANK.NS,8.294526100158691
2025-03-05,HDFCBANK.NS,8.296494483947754
2025-03-06,HDFCBANK.NS,8.344439506530762
2025-03-07,HDFCBANK.NS,8.39224624633789
2025-03-10,HDFCBANK.NS,8.440427780151367
2025-03-11,HDFCBANK.NS,8.488768577575684
2025-03-12,HDFCBANK.NS,8.458940505981445
2025-03-13,HDFCBANK.NS,8.505026817321777
2025-03-17,HDFCBANK.NS,8.552874565124512
2025-03-18,HDFCBANK.NS,8.602402687072754
2025-03-19,HDFCBANK.NS,8.51766586303711
2025-03-20,HDFCBANK.NS,8.50177001953125
2025-03-21,HDFCBANK.NS,8.550992965698242
2025-03-24,HDFCBANK.NS,8.50912094116211
2025-03-25,HDFCBANK.NS,8.51529598236084
2025-03-26,HDFCBANK.NS,8.535506248474121
2025-03-27,HDFCBANK.NS,8.552550315856934
2025-03-28,HDFCBANK.NS,8.601957321166992
2025-04-01,HDFCBANK.NS,8.260951042175293
2025-04-02,HDFCBANK.NS,8.228815078735352
2025-04-03,HDFCBANK.NS,8.275364875793457
2025-04-04,HDFCBANK.NS,8.278658866882324
2025-04-07,HDFCBANK.NS,7.9824347496032715
2025-04-08,HDFCBANK.NS,8.01806640625
2025-04-09,HDFCBANK.NS,8.062077522277832
2025-04-11,HDFCBANK.NS,7.952974796295166
2025-04-15,HDFCBANK.NS,7.729744911193848
2025-04-16,HDFCBANK.NS,7.765367031097412
2025-04-17,HDFCBANK.NS,7.757823944091797
2025-04-21,HDFCBANK.NS,7.779599189758301
2025-04-22,HDFCBANK.NS,7.752562999725342
2025-04-23,HDFCBANK.NS,7.683557033538818
2025-04-24,HDFCBANK.NS,7.72133207321167
2025-04-25,HDFCBANK.NS,7.761260986328125
2025-04-28,HDFCBANK.NS,7.803132057189941
2025-04-29,HDFCBANK.NS,7.833992958068848
2025-04-30,HDFCBANK.NS,7.865078926086426
2025-05-02,HDFCBANK.NS,7.908219337463379
2025-05-05,HDFCBANK.NS,7.9423346519470215
2025-05-06,HDFCBANK.NS,7.983733654022217
2025-05-07,HDFCBANK.NS,8.02003002166748
2025-05-08,HDFCBANK.NS,8.036055564880371
2025-05-09,HDFCBANK.NS,7.950143337249756
2025-05-12,HDFCBANK.NS,7.671994686126709
2025-05-13,HDFCBANK.NS,7.623884677886963
2025-05-14,HDFCBANK.NS,7.653999328613281
2025-05-15,HDFCBANK.NS,7.667500972747803
2025-05-16,HDFCBANK.NS,7.711756229400635
2025-05-19,HDFCBANK.NS,7.756257057189941
2025-05-20,HDFCBANK.NS,7.75281286239624
2025-05-21,HDFCBANK.NS,7.7907915115356445
2025-05-22,HDFCBANK.NS,7.8298492431640625
2025-05-23,HDFCBANK.NS,7.865275859832764
2025-05-26,HDFCBANK.NS,7.909453868865967
2025-05-27,HDFCBANK.NS,7.935556888580322
2025-05-28,HDFCBANK.NS,7.979655742645264
2025-05-29,HDFCBANK.NS,8.025591850280762
2025-05-30,HDFCBANK.NS,8.053557395935059
2025-06-02,HDFCBANK.NS,8.082295417785645
2025-06-03,HDFCBANK.NS,8.121665954589844
2025-06-04,HDFCBANK.NS,8.151152610778809
2025-06-05,HDFCBANK.NS,8.19520092010498
2025-06-06,HDFCBANK.NS,8.18375301361084
2025-06-09,HDFCBANK.NS,8.230698585510254
2025-06-10,HDFCBANK.NS,8.25717544555664
2025-06-11,HDFCBANK.NS,8.280275344848633
2025-06-12,HDFCBANK.NS,8.321097373962402
2025-06-13,HDFCBANK.NS,8.302544593811035
2025-06-16,HDFCBANK.NS,8.327722549438477
2025-06-17,HDFCBANK.NS,8.370737075805664
2025-06-18,HDFCBANK.NS,8.418673515319824
2025-06-19,HDFCBANK.NS,8.467425346374512
2025-06-20,HDFCBANK.NS,8.447059631347656
2025-06-23,HDFCBANK.NS,8.465662002563477
2025-06-24,HDFCBANK.NS,8.504593849182129
2025-06-25,HDFCBANK.NS,8.52696418762207
2025-06-26,HDFCBANK.NS,8.4403657913208
2025-06-27,HDFCBANK.NS,8.476298332214355
2025-02-24,RELIANCE.NS,7.758590221405029
2025-02-25,RELIANCE.NS,7.787285804748535
2025-02-27,RELIANCE.NS,7.829036235809326
2025-02-28,RELIANCE.NS,7.867867946624756
2025-03-03,RELIANCE.NS,7.7694993019104
2025-03-04,RELIANCE.NS,7.802354335784912
2025-03-05,RELIANCE.NS,7.801374912261963
2025-03-06,RELIANCE.NS,7.612100124359131
2025-03-07,RELIANCE.NS,7.379847049713135
2025-03-10,RELIANCE.NS,7.405315399169922
2025-03-11,RELIANCE.NS,7.434452056884766
2025-03-12,RELIANCE.NS,7.461578369140625
2025-03-13,RELIANCE.NS,7.493424415588379
2025-03-17,RELIANCE.NS,7.525657653808594
2025-03-18,RELIANCE.NS,7.569194316864014
2025-03-19,RELIANCE.NS,7.600249767303467
2025-03-20,RELIANCE.NS,7.563851833343506
2025-03-21,RELIANCE.NS,7.599141597747803
2025-03-24,RELIANCE.NS,7.54181432723999
2025-03-25,RELIANCE.NS,7.545187473297119
2025-03-26,RELIANCE.NS,7.566429138183594
2025-03-27,RELIANCE.NS,7.6058831214904785
2025-03-28,RELIANCE.NS,7.6486053466796875
2025-04-01,RELIANCE.NS,7.6158127784729
2025-04-02,RELIANCE.NS,7.659764766693115
2025-04-03,RELIANCE.NS,7.703477382659912
2025-04-04,RELIANCE.NS,7.449036598205566
2025-04-07,RELIANCE.NS,7.267058849334717
2025-04-08,RELIANCE.NS,7.258462429046631
2025-04-09,RELIANCE.NS,7.297646522521973
2025-04-11,RELIANCE.NS,7.156960487365723
2025-04-15,RELIANCE.NS,7.13203763961792
2025-04-16,RELIANCE.NS,7.173339366912842
2025-04-17,RELIANCE.NS,7.046392917633057
2025-04-21,RELIANCE.NS,7.03328275680542
2025-04-22,RELIANCE.NS,7.071648597717285
2025-04-23,RELIANCE.NS,7.103532314300537
2025-04-24,RELIANCE.NS,7.144458293914795
2025-04-25,RELIANCE.NS,7.185588836669922
2025-04-28,RELIANCE.NS,6.707126140594482
2025-04-29,RELIANCE.NS,6.665611267089844
2025-04-30,RELIANCE.NS,6.70294189453125
2025-05-02,RELIANCE.NS,6.726399898529053
2025-05-05,RELIANCE.NS,6.757040500640869
2025-05-06,RELIANCE.NS,6.783441066741943
2025-05-07,RELIANCE.NS,6.798718452453613
2025-05-08,RELIANCE.NS,6.838087558746338
2025-05-09,RELIANCE.NS,6.789479732513428
2025-05-12,RELIANCE.NS,6.529923439025879
2025-05-13,RELIANCE.NS,6.52877950668335
2025-05-14,RELIANCE.NS,6.56250524520874
2025-05-15,RELIANCE.NS,6.538173198699951
2025-05-16,RELIANCE.NS,6.576045513153076
2025-05-19,RELIANCE.NS,6.5906291007995605
2025-05-20,RELIANCE.NS,6.603579044342041
2025-05-21,RELIANCE.NS,6.6410698890686035
2025-05-22,RELIANCE.NS,6.642469882965088
2025-05-23,RELIANCE.NS,6.659229278564453
2025-05-26,RELIANCE.NS,6.694317817687988
2025-05-27,RELIANCE.NS,6.716168403625488
2025-05-28,RELIANCE.NS,6.745460510253906
2025-05-29,RELIANCE.NS,6.783389568328857
2025-05-30,RELIANCE.NS,6.822408199310303
2025-06-02,RELIANCE.NS,6.85537052154541
2025-06-03,RELIANCE.NS,6.886881351470947
2025-06-04,RELIANCE.NS,6.9000725746154785
2025-06-05,RELIANCE.NS,6.91168737411499
2025-06-06,RELIANCE.NS,6.9517083168029785
2025-06-09,RELIANCE.NS,6.99069356918335
2025-06-10,RELIANCE.NS,7.018043041229248
2025-06-11,RELIANCE.NS,7.051094055175781
2025-06-12,RELIANCE.NS,7.084438323974609
2025-06-13,RELIANCE.NS,7.1031084060668945
2025-06-16,RELIANCE.NS,7.136813640594482
2025-06-17,RELIANCE.NS,7.171756267547607
2025-06-18,RELIANCE.NS,7.212713718414307
2025-06-19,RELIANCE.NS,7.2541046142578125
2025-06-20,RELIANCE.NS,7.192364692687988
2025-06-23,RELIANCE.NS,7.2219061851501465
2025-06-24,RELIANCE.NS,7.257968902587891
2025-06-25,RELIANCE.NS,7.276664733886719
2025-06-26,RELIANCE.NS,7.2488908767700195
2025-06-27,RELIANCE.NS,7.259193420410156
2025-02-24,INFY.NS,6.656984806060791
2025-02-25,INFY.NS,6.694756984710693
2025-02-27,INFY.NS,6.732974529266357
2025-02-28,INFY.NS,6.467220306396484
2025-03-03,INFY.NS,6.478714942932129
2025-03-04,INFY.NS,6.496132850646973
2025-03-05,INFY.NS,6.501786708831787
2025-03-06,INFY.NS,6.538058757781982
2025-03-07,INFY.NS,6.530340671539307
2025-03-10,INFY.NS,6.55306339263916
2025-03-11,INFY.NS,6.5081095695495605
2025-03-12,INFY.NS,6.286670207977295
2025-03-13,INFY.NS,6.318514347076416
2025-03-17,INFY.NS,6.346476078033447
2025-03-18,INFY.NS,6.383029460906982
2025-03-19,INFY.NS,6.419856548309326
2025-03-20,INFY.NS,6.400440216064453
2025-03-21,INFY.NS,6.411376953125
2025-03-24,INFY.NS,6.448280334472656
2025-03-25,INFY.NS,6.402468204498291
2025-03-26,INFY.NS,6.396887302398682
2025-03-27,INFY.NS,6.432000637054443
2025-03-28,INFY.NS,6.412168025970459
2025-04-01,INFY.NS,6.343202114105225
2025-04-02,INFY.NS,6.3381028175354
2025-04-03,INFY.NS,6.219748497009277
2025-04-04,INFY.NS,6.148953914642334
2025-04-07,INFY.NS,6.021390438079834
2025-04-08,INFY.NS,5.977389812469482
2025-04-09,INFY.NS,5.9832987785339355
2025-04-11,INFY.NS,6.012895584106445
2025-04-15,INFY.NS,6.023505687713623
2025-04-16,INFY.NS,6.052402019500732
2025-04-17,INFY.NS,6.081760883331299
2025-04-21,INFY.NS,6.042518615722656
2025-04-22,INFY.NS,6.038857936859131
2025-04-23,INFY.NS,5.894268035888672
2025-04-24,INFY.NS,5.928342342376709
2025-04-25,INFY.NS,5.9558634757995605
2025-04-28,INFY.NS,5.989423751831055
2025-04-29,INFY.NS,6.006907939910889
2025-04-30,INFY.NS,6.040533542633057
2025-05-02,INFY.NS,6.071238040924072
2025-05-05,INFY.NS,6.105691909790039
2025-05-06,INFY.NS,6.139785289764404
2025-05-07,INFY.NS,6.17523717880249
2025-05-08,INFY.NS,6.209596157073975
2025-05-09,INFY.NS,6.245315074920654
2025-05-12,INFY.NS,5.540098667144775
2025-05-13,INFY.NS,5.453131675720215
2025-05-14,INFY.NS,5.461677074432373
2025-05-15,INFY.NS,5.4766693115234375
2025-05-16,INFY.NS,5.490094184875488
2025-05-19,INFY.NS,5.489999294281006
2025-05-20,INFY.NS,5.521667003631592
2025-05-21,INFY.NS,5.5504913330078125
2025-05-22,INFY.NS,5.566770553588867
2025-05-23,INFY.NS,5.585036754608154
2025-05-26,INFY.NS,5.606135845184326
2025-05-27,INFY.NS,5.634894371032715
2025-05-28,INFY.NS,5.667259216308594
2025-05-29,INFY.NS,5.691067695617676
2025-05-30,INFY.NS,5.724034309387207
2025-06-02,INFY.NS,5.754241943359375
2025-06-03,INFY.NS,5.783059597015381
2025-06-04,INFY.NS,5.812731742858887
2025-06-05,INFY.NS,5.845699787139893
2025-06-06,INFY.NS,5.874612331390381
2025-06-09,INFY.NS,5.9041643142700195
2025-06-10,INFY.NS,5.912031173706055
2025-06-11,INFY.NS,5.889204502105713
2025-06-12,INFY.NS,5.900954723358154
2025-06-13,INFY.NS,5.933228492736816
2025-06-16,INFY.NS,5.9452738761901855
2025-06-17,INFY.NS,5.968059539794922
2025-06-18,INFY.NS,6.000255584716797
2025-06-19,INFY.NS,6.025076389312744
2025-06-20,INFY.NS,6.059017658233643
2025-06-23,INFY.NS,6.022217750549316
2025-06-24,INFY.NS,6.056901454925537
2025-06-25,INFY.NS,6.035182476043701
2025-06-26,INFY.NS,6.070084571838379
2025-06-27,INFY.NS,6.102123260498047
2025-02-26,QQQ,8.778176307678223
2025-02-27,QQQ,8.534449577331543
2025-02-28,QQQ,8.499249458312988
2025-03-03,QQQ,8.379376411437988
2025-03-04,QQQ,8.424535751342773
2025-03-05,QQQ,8.416954040527344
2025-03-06,QQQ,8.214613914489746
2025-03-07,QQQ,8.244904518127441
2025-03-10,QQQ,7.849361419677734
2025-03-11,QQQ,7.893752574920654
2025-03-12,QQQ,7.901217937469482
2025-03-13,QQQ,7.860276699066162
2025-03-14,QQQ,7.742226600646973
2025-03-17,QQQ,7.775199890136719
2025-03-18,QQQ,7.7446465492248535
2025-03-19,QQQ,7.74007511138916
2025-03-20,QQQ,7.7821855545043945
2025-03-21,QQQ,7.823951244354248
2025-03-24,QQQ,7.7387895584106445
2025-03-25,QQQ,7.7752532958984375
2025-03-26,QQQ,7.7295989990234375
2025-03-27,QQQ,7.7660369873046875
2025-03-28,QQQ,7.633749485015869
2025-03-31,QQQ,7.677933692932129
2025-04-01,QQQ,7.703843593597412
2025-04-02,QQQ,7.733313083648682
2025-04-03,QQQ,7.121743679046631
2025-04-04,QQQ,6.495582103729248
2025-04-07,QQQ,6.530741214752197
2025-04-08,QQQ,6.525731563568115
2025-04-09,QQQ,5.0096564292907715
2025-04-10,QQQ,4.915355205535889
2025-04-11,QQQ,4.91898250579834
2025-04-14,QQQ,4.943812370300293
2025-04-15,QQQ,4.972275257110596
2025-04-16,QQQ,4.940346717834473
2025-04-17,QQQ,4.968939304351807
2025-04-21,QQQ,4.958035945892334
2025-04-22,QQQ,4.935580253601074
2025-04-23,QQQ,4.926873683929443
2025-04-24,QQQ,4.900368690490723
2025-04-25,QQQ,4.920179843902588
2025-04-28,QQQ,4.9486775398254395
2025-04-29,QQQ,4.974295139312744
2025-04-30,QQQ,5.003109455108643
2025-05-01,QQQ,5.0200066566467285
2025-05-02,QQQ,5.033638954162598
2025-05-05,QQQ,5.059922695159912
2025-05-06,QQQ,5.082454681396484
2025-05-07,QQQ,5.110841274261475
2025-05-08,QQQ,5.132675647735596
2025-05-09,QQQ,5.162333965301514
2025-05-12,QQQ,5.068466663360596
2025-05-13,QQQ,5.082361221313477
2025-05-14,QQQ,5.109898567199707
2025-05-15,QQQ,5.139499664306641
2025-05-16,QQQ,5.168406963348389
2025-05-19,QQQ,5.198347091674805
2025-05-20,QQQ,5.22692346572876
2025-05-21,QQQ,5.23921012878418
2025-05-22,QQQ,5.269471645355225
2025-05-23,QQQ,5.29149866104126
2025-05-27,QQQ,5.2786970138549805
2025-05-28,QQQ,5.3068156242370605
2025-05-29,QQQ,5.337464809417725
2025-05-30,QQQ,5.367838382720947
2025-06-02,QQQ,5.394619464874268
2025-06-03,QQQ,5.421690940856934
2025-06-04,QQQ,5.452828407287598
2025-06-05,QQQ,5.477567195892334
2025-06-06,QQQ,5.5020599365234375
2025-06-09,QQQ,5.533919811248779
2025-06-10,QQQ,5.563026428222656
2025-06-11,QQQ,5.5932440757751465
2025-06-12,QQQ,5.625490665435791
2025-06-13,QQQ,5.63917875289917
2025-06-16,QQQ,5.65474796295166
2025-06-17,QQQ,5.67537260055542
2025-06-18,QQQ,5.70811128616333
2025-06-20,QQQ,5.73846960067749
2025-06-23,QQQ,5.7622599601745605
2025-06-24,QQQ,5.773510932922363
2025-06-25,QQQ,5.80674934387207
2025-06-26,QQQ,5.832973003387451
2025-06-27,QQQ,5.866248607635498
2025-02-26,EEM,10.366786003112793
2025-02-27,EEM,10.179481506347656
2025-02-28,EEM,10.121247291564941
2025-03-03,EEM,10.132181167602539
2025-03-04,EEM,10.150252342224121
2025-03-05,EEM,9.721014976501465
2025-03-06,EEM,9.752874374389648
2025-03-07,EEM,9.798617362976074
2025-03-10,EEM,9.550743103027344
2025-03-11,EEM,9.573891639709473
2025-03-12,EEM,9.616052627563477
2025-03-13,EEM,9.661559104919434
2025-03-14,EEM,9.556022644042969
2025-03-17,EEM,9.478492736816406
2025-03-18,EEM,9.517043113708496
2025-03-19,EEM,9.570633888244629
2025-03-20,EEM,9.576637268066406
2025-03-21,EEM,9.617064476013184
2025-03-24,EEM,9.664761543273926
2025-03-25,EEM,9.71458625793457
2025-03-26,EEM,9.748385429382324
2025-03-27,EEM,9.794089317321777
2025-03-28,EEM,9.660703659057617
2025-03-31,EEM,9.714861869812012
2025-04-01,EEM,9.766585350036621
2025-04-02,EEM,9.822541236877441
2025-04-03,EEM,9.638772964477539
2025-04-04,EEM,8.415943145751953
2025-04-07,EEM,8.042072296142578
2025-04-08,EEM,8.038405418395996
2025-04-09,EEM,6.921695232391357
2025-04-10,EEM,6.9084038734436035
2025-04-11,EEM,6.76423978805542
2025-04-14,EEM,6.78826379776001
2025-04-15,EEM,6.827450752258301
2025-04-16,EEM,6.842837810516357
2025-04-17,EEM,6.871075630187988
2025-04-21,EEM,6.910877227783203
2025-04-22,EEM,6.90802526473999
2025-04-23,EEM,6.923422336578369
2025-04-24,EEM,6.938875675201416
2025-04-25,EEM,6.978188991546631
2025-04-28,EEM,7.0181474685668945
2025-04-29,EEM,7.057620525360107
2025-04-30,EEM,7.097548007965088
2025-05-01,EEM,7.1385931968688965
2025-05-02,EEM,7.020058631896973
2025-05-05,EEM,7.051400661468506
2025-05-06,EEM,7.087780952453613
2025-05-07,EEM,7.0986857414245605
2025-05-08,EEM,7.13949728012085
2025-05-09,EEM,7.172942638397217
2025-05-12,EEM,7.123493194580078
2025-05-13,EEM,7.1645989418029785
2025-05-14,EEM,7.196568489074707
2025-05-15,EEM,7.237853527069092
2025-05-16,EEM,7.279242038726807
2025-05-19,EEM,7.321067810058594
2025-05-20,EEM,7.36257791519165
2025-05-21,EEM,7.402445316314697
2025-05-22,EEM,7.441414833068848
2025-05-23,EEM,7.481947422027588
2025-05-27,EEM,7.522789001464844
2025-05-28,EEM,7.559364318847656
2025-05-29,EEM,7.601015567779541
2025-05-30,EEM,7.603382110595703
2025-06-02,EEM,7.636493682861328
2025-06-03,EEM,7.680014133453369
2025-06-04,EEM,7.689547061920166
2025-06-05,EEM,7.729325771331787
2025-06-06,EEM,7.772724151611328
2025-06-09,EEM,7.802396297454834
2025-06-10,EEM,7.841681957244873
2025-06-11,EEM,7.884438514709473
2025-06-12,EEM,7.930028438568115
2025-06-13,EEM,7.894874095916748
2025-06-16,EEM,7.90481424331665
2025-06-17,EEM,7.894406795501709
2025-06-18,EEM,7.939789772033691
2025-06-20,EEM,7.973053932189941
2025-06-23,EEM,8.0034818649292
2025-06-24,EEM,7.872788429260254
2025-06-25,EEM,7.918361186981201
2025-06-26,EEM,7.95569372177124
2025-06-27,EEM,7.994082927703857
2025-02-26,TSLA,2.440915584564209
2025-02-27,TSLA,2.447139024734497
2025-02-28,TSLA,2.4487130641937256
2025-03-03,TSLA,2.455857515335083
2025-03-04,TSLA,2.4534480571746826
2025-03-05,TSLA,2.4618985652923584
2025-03-06,TSLA,2.449737548828125
2025-03-07,TSLA,2.463881492614746
2025-03-10,TSLA,2.298194408416748
2025-03-11,TSLA,2.3003222942352295
2025-03-12,TSLA,2.27264404296875
2025-03-13,TSLA,2.280250072479248
2025-03-14,TSLA,2.2827110290527344
2025-03-17,TSLA,2.281078815460205
2025-03-18,TSLA,2.2762300968170166
2025-03-19,TSLA,2.273515462875366
2025-03-20,TSLA,2.2866194248199463
2025-03-21,TSLA,2.2801260948181152
2025-03-24,TSLA,2.2014663219451904
2025-03-25,TSLA,2.207026243209839
2025-03-26,TSLA,2.2002832889556885
2025-03-27,TSLA,2.2129504680633545
2025-03-28,TSLA,2.2180402278900146
2025-03-31,TSLA,2.2291722297668457
2025-04-01,TSLA,2.2338783740997314
2025-04-02,TSLA,2.2290914058685303
2025-04-03,TSLA,2.222750663757324
2025-04-04,TSLA,2.170325994491577
2025-04-07,TSLA,2.1793761253356934
2025-04-08,TSLA,2.1786954402923584
2025-04-09,TSLA,1.9352906942367554
2025-04-10,TSLA,1.9245270490646362
2025-04-11,TSLA,1.9356756210327148
2025-04-14,TSLA,1.94688880443573
2025-04-15,TSLA,1.9579566717147827
2025-04-16,TSLA,1.9589169025421143
2025-04-17,TSLA,1.9702650308609009
2025-04-21,TSLA,1.967698335647583
2025-04-22,TSLA,1.9694525003433228
2025-04-23,TSLA,1.9680986404418945
2025-04-24,TSLA,1.9741753339767456
2025-04-25,TSLA,1.944961428642273
2025-04-28,TSLA,1.9562149047851562
2025-04-29,TSLA,1.9658336639404297
2025-04-30,TSLA,1.9717763662338257
2025-05-01,TSLA,1.9829777479171753
2025-05-02,TSLA,1.9921886920928955
2025-05-05,TSLA,2.0007598400115967
2025-05-06,TSLA,2.0107529163360596
2025-05-07,TSLA,2.022378921508789
2025-05-08,TSLA,2.0298171043395996
2025-05-09,TSLA,2.0316109657287598
2025-05-12,TSLA,2.0230863094329834
2025-05-13,TSLA,2.0245890617370605
2025-05-14,TSLA,2.029656410217285
2025-05-15,TSLA,2.039942979812622
2025-05-16,TSLA,2.0502774715423584
2025-05-19,TSLA,2.058803081512451
2025-05-20,TSLA,2.070713996887207
2025-05-21,TSLA,2.0781424045562744
2025-05-22,TSLA,2.0888335704803467
2025-05-23,TSLA,2.100590229034424
2025-05-27,TSLA,2.0898406505584717
2025-05-28,TSLA,2.0997982025146484
2025-05-29,TSLA,2.111959934234619
2025-05-30,TSLA,2.1168744564056396
2025-06-02,TSLA,2.1280696392059326
2025-06-03,TSLA,2.14038348197937
2025-06-04,TSLA,2.1445236206054688
2025-06-05,TSLA,2.0472288131713867
2025-06-06,TSLA,2.0528523921966553
2025-06-09,TSLA,2.0551552772521973
2025-06-10,TSLA,2.0522751808166504
2025-06-11,TSLA,2.0641541481018066
2025-06-12,TSLA,2.0730128288269043
2025-06-13,TSLA,2.0835063457489014
2025-06-16,TSLA,2.095121383666992
2025-06-17,TSLA,2.098360061645508
2025-06-18,TSLA,2.1091623306274414
2025-06-20,TSLA,2.1213626861572266
2025-06-23,TSLA,2.099461078643799
2025-06-24,TSLA,2.1078884601593018
2025-06-25,TSLA,2.1112887859344482
2025-06-26,TSLA,2.1232004165649414
2025-06-27,TSLA,2.135075807571411
2025-02-26,DX-Y.NYB,24.21779441833496
2025-02-27,DX-Y.NYB,23.899778366088867
2025-02-28,DX-Y.NYB,23.954673767089844
2025-03-03,DX-Y.NYB,23.58275032043457
2025-03-04,DX-Y.NYB,23.061527252197266
2025-03-05,DX-Y.NYB,23.195127487182617
2025-03-06,DX-Y.NYB,21.714977264404297
2025-03-07,DX-Y.NYB,21.81896209716797
2025-03-10,DX-Y.NYB,21.9407958984375
2025-03-11,DX-Y.NYB,21.955698013305664
2025-03-12,DX-Y.NYB,22.061412811279297
2025-03-13,DX-Y.NYB,22.15558433532715
2025-03-14,DX-Y.NYB,22.27928924560547
2025-03-17,DX-Y.NYB,22.345169067382812
2025-03-18,DX-Y.NYB,22.468034744262695
2025-03-19,DX-Y.NYB,22.56987762451172
2025-03-20,DX-Y.NYB,22.580806732177734
2025-03-21,DX-Y.NYB,22.670957565307617
2025-03-24,DX-Y.NYB,22.78114891052246
2025-03-25,DX-Y.NYB,22.910383224487305
2025-03-26,DX-Y.NYB,22.950223922729492
2025-03-27,DX-Y.NYB,22.94489860534668
2025-03-28,DX-Y.NYB,23.07768440246582
2025-03-31,DX-Y.NYB,23.18911361694336
2025-04-01,DX-Y.NYB,23.32082176208496
2025-04-02,DX-Y.NYB,23.329484939575195
2025-04-03,DX-Y.NYB,21.691844940185547
2025-04-04,DX-Y.NYB,21.292444229125977
2025-04-07,DX-Y.NYB,21.379243850708008
2025-04-08,DX-Y.NYB,21.46294403076172
2025-04-09,DX-Y.NYB,21.586654663085938
2025-04-10,DX-Y.NYB,19.814579010009766
2025-04-11,DX-Y.NYB,19.471731185913086
2025-04-14,DX-Y.NYB,19.581789016723633
2025-04-15,DX-Y.NYB,19.52052116394043
2025-04-16,DX-Y.NYB,19.376989364624023
2025-04-17,DX-Y.NYB,19.48763656616211
2025-04-21,DX-Y.NYB,19.15439796447754
2025-04-22,DX-Y.NYB,19.058032989501953
2025-04-23,DX-Y.NYB,18.788585662841797
2025-04-24,DX-Y.NYB,18.804506301879883
2025-04-25,DX-Y.NYB,18.891483306884766
2025-04-28,DX-Y.NYB,18.937841415405273
2025-04-29,DX-Y.NYB,19.014205932617188
2025-04-30,DX-Y.NYB,19.09149742126465
2025-05-01,DX-Y.NYB,18.928518295288086
2025-05-02,DX-Y.NYB,19.02201271057129
2025-05-05,DX-Y.NYB,19.126296997070312
2025-05-06,DX-Y.NYB,19.12067985534668
2025-05-07,DX-Y.NYB,19.158811569213867
2025-05-08,DX-Y.NYB,18.814537048339844
2025-05-09,DX-Y.NYB,18.897777557373047
2025-05-12,DX-Y.NYB,18.209808349609375
2025-05-13,DX-Y.NYB,18.123085021972656
2025-05-14,DX-Y.NYB,18.2263240814209
2025-05-15,DX-Y.NYB,18.32633399963379
2025-05-16,DX-Y.NYB,18.412124633789062
2025-05-19,DX-Y.NYB,18.38205337524414
2025-05-20,DX-Y.NYB,18.46245765686035
2025-05-21,DX-Y.NYB,18.473360061645508
2025-05-22,DX-Y.NYB,18.508535385131836
2025-05-23,DX-Y.NYB,18.383115768432617
2025-05-26,DX-Y.NYB,18.483509063720703
2025-05-27,DX-Y.NYB,18.440866470336914
2025-05-28,DX-Y.NYB,18.488889694213867
2025-05-29,DX-Y.NYB,18.483484268188477
2025-05-30,DX-Y.NYB,18.587194442749023
2025-06-02,DX-Y.NYB,18.56890106201172
2025-06-03,DX-Y.NYB,18.542272567749023
2025-06-04,DX-Y.NYB,18.586238861083984
2025-06-05,DX-Y.NYB,18.69390869140625
2025-06-06,DX-Y.NYB,18.707611083984375
2025-06-09,DX-Y.NYB,18.799814224243164
2025-06-10,DX-Y.NYB,18.89931869506836
2025-06-11,DX-Y.NYB,18.953523635864258
2025-06-12,DX-Y.NYB,18.890653610229492
2025-06-13,DX-Y.NYB,18.96027946472168
2025-06-16,DX-Y.NYB,19.063495635986328
2025-06-17,DX-Y.NYB,18.867319107055664
2025-06-18,DX-Y.NYB,18.9696102142334
2025-06-20,DX-Y.NYB,19.069578170776367
2025-06-23,DX-Y.NYB,19.155471801757812
2025-06-24,DX-Y.NYB,19.158124923706055
2025-06-25,DX-Y.NYB,19.262256622314453
2025-06-26,DX-Y.NYB,19.27745819091797
2025-06-27,DX-Y.NYB,19.34797477722168
2025-02-26,GLD,10.858797073364258
2025-02-27,GLD,10.725838661193848
2025-02-28,GLD,10.749320030212402
2025-03-03,GLD,10.709147453308105
2025-03-04,GLD,10.732131958007812
2025-03-05,GLD,10.793874740600586
2025-03-06,GLD,10.827194213867188
2025-03-07,GLD,10.889548301696777
2025-03-10,GLD,10.879866600036621
2025-03-11,GLD,10.860974311828613
2025-03-12,GLD,10.916817665100098
2025-03-13,GLD,10.78357219696045
2025-03-14,GLD,10.845236778259277
2025-03-17,GLD,10.89663028717041
2025-03-18,GLD,10.884012222290039
2025-03-19,GLD,10.942477226257324
2025-03-20,GLD,10.999495506286621
2025-03-21,GLD,10.9930419921875
2025-03-24,GLD,11.029991149902344
2025-03-25,GLD,11.087119102478027
2025-03-26,GLD,11.1472806930542
2025-03-27,GLD,11.10019588470459
2025-03-28,GLD,11.137958526611328
2025-03-31,GLD,11.076889038085938
2025-04-01,GLD,11.130083084106445
2025-04-02,GLD,11.194485664367676
2025-04-03,GLD,11.211114883422852
2025-04-04,GLD,10.802786827087402
2025-04-07,GLD,10.507829666137695
2025-04-08,GLD,10.556258201599121
2025-04-09,GLD,9.847482681274414
2025-04-10,GLD,9.631401062011719
2025-04-11,GLD,9.5387544631958
2025-04-14,GLD,9.564506530761719
2025-04-15,GLD,9.614500999450684
2025-04-16,GLD,9.228374481201172
2025-04-17,GLD,9.261643409729004
2025-04-21,GLD,8.963077545166016
2025-04-22,GLD,8.901467323303223
2025-04-23,GLD,8.685539245605469
2025-04-24,GLD,8.678238868713379
2025-04-25,GLD,8.665453910827637
2025-04-28,GLD,8.661192893981934
2025-04-29,GLD,8.658808708190918
2025-04-30,GLD,8.675268173217773
2025-05-01,GLD,8.538859367370605
2025-05-02,GLD,8.588324546813965
2025-05-05,GLD,8.364821434020996
2025-05-06,GLD,8.19621753692627
2025-05-07,GLD,8.150922775268555
2025-05-08,GLD,8.054681777954102
2025-05-09,GLD,8.092743873596191
2025-05-12,GLD,7.877984046936035
2025-05-13,GLD,7.921644687652588
2025-05-14,GLD,7.825595378875732
2025-05-15,GLD,7.813269138336182
2025-05-16,GLD,7.808472633361816
2025-05-19,GLD,7.817989349365234
2025-05-20,GLD,7.7845892906188965
2025-05-21,GLD,7.821037292480469
2025-05-22,GLD,7.835633277893066
2025-05-23,GLD,7.7706804275512695
2025-05-27,GLD,7.7223711013793945
2025-05-28,GLD,7.763043403625488
2025-05-29,GLD,7.803073406219482
2025-05-30,GLD,7.829885005950928
2025-06-02,GLD,7.709270000457764
2025-06-03,GLD,7.7240424156188965
2025-06-04,GLD,7.762979030609131
2025-06-05,GLD,7.79546594619751
2025-06-06,GLD,7.779411315917969
2025-06-09,GLD,7.8217668533325195
2025-06-10,GLD,7.8666276931762695
2025-06-11,GLD,7.908085823059082
2025-06-12,GLD,7.921089172363281
2025-06-13,GLD,7.930552005767822
2025-06-16,GLD,7.903482913970947
2025-06-17,GLD,7.948886394500732
2025-06-18,GLD,7.98071813583374
2025-06-20,GLD,8.025787353515625
2025-06-23,GLD,8.071615219116211
2025-06-24,GLD,8.030000686645508
2025-06-25,GLD,8.075705528259277
2025-06-26,GLD,8.120601654052734
2025-06-27,GLD,8.05388069152832
2025-02-26,XOM,7.969446659088135
2025-02-27,XOM,8.003836631774902
2025-02-28,XOM,8.01672649383545
2025-03-03,XOM,7.774827480316162
2025-03-04,XOM,7.819016933441162
2025-03-05,XOM,7.765105724334717
2025-03-06,XOM,7.692880153656006
2025-03-07,XOM,7.692089080810547
2025-03-10,XOM,7.571681499481201
2025-03-11,XOM,7.478894233703613
2025-03-12,XOM,7.52221155166626
2025-03-13,XOM,7.561651706695557
2025-03-14,XOM,7.394473552703857
2025-03-17,XOM,7.375878810882568
2025-03-18,XOM,7.418126106262207
2025-03-19,XOM,7.407851696014404
2025-03-20,XOM,7.447605133056641
2025-03-21,XOM,7.486888408660889
2025-03-24,XOM,7.529256343841553
2025-03-25,XOM,7.563375949859619
2025-03-26,XOM,7.560816287994385
2025-03-27,XOM,7.6006388664245605
2025-03-28,XOM,7.643548488616943
2025-03-31,XOM,7.665111541748047
2025-04-01,XOM,7.709514617919922
2025-04-02,XOM,7.750095367431641
2025-04-03,XOM,7.132700443267822
2025-04-04,XOM,6.290521144866943
2025-04-07,XOM,6.30389928817749
2025-04-08,XOM,6.282342910766602
2025-04-09,XOM,5.980575084686279
2025-04-10,XOM,5.676146030426025
2025-04-11,XOM,5.597336769104004
2025-04-14,XOM,5.628791809082031
2025-04-15,XOM,5.660928726196289
2025-04-16,XOM,5.680655479431152
2025-04-17,XOM,5.640096187591553
2025-04-21,XOM,5.651524066925049
2025-04-22,XOM,5.602853298187256
2025-04-23,XOM,5.628059387207031
2025-04-24,XOM,5.646267890930176
2025-04-25,XOM,5.678950786590576
2025-04-28,XOM,5.711811065673828
2025-04-29,XOM,5.744264602661133
2025-04-30,XOM,5.710414409637451
2025-05-01,XOM,5.743159294128418
2025-05-02,XOM,5.774333953857422
2025-05-05,XOM,5.727004528045654
2025-05-06,XOM,5.7376203536987305
2025-05-07,XOM,5.770829677581787
2025-05-08,XOM,5.781645774841309
2025-05-09,XOM,5.799401760101318
2025-05-12,XOM,5.799651622772217
2025-05-13,XOM,5.8324456214904785
2025-05-14,XOM,5.856986045837402
2025-05-15,XOM,5.879127025604248
2025-05-16,XOM,5.911599636077881
2025-05-19,XOM,5.916021823883057
2025-05-20,XOM,5.926743030548096
2025-05-21,XOM,5.944009304046631
2025-05-22,XOM,5.9737868309021
2025-05-23,XOM,6.0082526206970215
2025-05-27,XOM,6.039665699005127
2025-05-28,XOM,6.052852153778076
2025-05-29,XOM,6.082973003387451
2025-05-30,XOM,6.116814613342285
2025-06-02,XOM,6.144172668457031
2025-06-03,XOM,6.171876430511475
2025-06-04,XOM,6.181143283843994
2025-06-05,XOM,6.214714050292969
2025-06-06,XOM,6.169849395751953
2025-06-09,XOM,6.199031829833984
2025-06-10,XOM,6.172204494476318
2025-06-11,XOM,6.157785892486572
2025-06-12,XOM,6.19175386428833
2025-06-13,XOM,6.166050910949707
2025-06-16,XOM,6.200826168060303
2025-06-17,XOM,6.214115619659424
2025-06-18,XOM,6.24171257019043
2025-06-20,XOM,6.255605220794678
2025-06-23,XOM,6.195245265960693
2025-06-24,XOM,6.105318069458008
2025-06-25,XOM,6.140683650970459
2025-06-26,XOM,6.147426128387451
2025-06-27,XOM,6.178509712219238
2025-02-26,TLT,11.337508201599121
2025-02-27,TLT,11.358798027038574
2025-02-28,TLT,11.304145812988281
2025-03-03,TLT,11.354021072387695
2025-03-04,TLT,11.287814140319824
2025-03-05,TLT,11.298380851745605
2025-03-06,TLT,11.354159355163574
2025-03-07,TLT,11.410898208618164
2025-03-10,TLT,11.386547088623047
2025-03-11,TLT,11.407814025878906
2025-03-12,TLT,11.442962646484375
2025-03-13,TLT,11.44384765625
2025-03-14,TLT,11.485211372375488
2025-03-17,TLT,11.530680656433105
2025-03-18,TLT,11.596790313720703
2025-03-19,TLT,11.641191482543945
2025-03-20,TLT,11.708418846130371
2025-03-21,TLT,11.742307662963867
2025-03-24,TLT,11.712275505065918
2025-03-25,TLT,11.78011703491211
2025-03-26,TLT,11.80836009979248
2025-03-27,TLT,11.869244575500488
2025-03-28,TLT,11.756361961364746
2025-03-31,TLT,11.735799789428711
2025-04-01,TLT,11.73749828338623
2025-04-02,TLT,11.804732322692871
2025-04-03,TLT,11.85537338256836
2025-04-04,TLT,11.818665504455566
2025-04-07,TLT,11.093425750732422
2025-04-08,TLT,10.888099670410156
2025-04-09,TLT,10.9243803024292
2025-04-10,TLT,10.465150833129883
2025-04-11,TLT,10.503530502319336
2025-04-14,TLT,10.527655601501465
2025-04-15,TLT,10.579081535339355
2025-04-16,TLT,10.617819786071777
2025-04-17,TLT,10.628032684326172
2025-04-21,TLT,10.491473197937012
2025-04-22,TLT,10.528456687927246
2025-04-23,TLT,10.522375106811523
2025-04-24,TLT,10.506766319274902
2025-04-25,TLT,10.530638694763184
2025-04-28,TLT,10.564932823181152
2025-04-29,TLT,10.579463005065918
2025-04-30,TLT,10.595349311828613
2025-05-01,TLT,10.639080047607422
2025-05-02,TLT,10.621417045593262
2025-05-05,TLT,10.662787437438965
2025-05-06,TLT,10.715912818908691
2025-05-07,TLT,10.764422416687012
2025-05-08,TLT,10.74118709564209
2025-05-09,TLT,10.801261901855469
2025-05-12,TLT,10.80502700805664
2025-05-13,TLT,10.857630729675293
2025-05-14,TLT,10.891982078552246
2025-05-15,TLT,10.892666816711426
2025-05-16,TLT,10.949076652526855
2025-05-19,TLT,11.007477760314941
2025-05-20,TLT,11.035481452941895
2025-05-21,TLT,10.891979217529297
2025-05-22,TLT,10.929949760437012
2025-05-23,TLT,10.989668846130371
2025-05-27,TLT,10.897990226745605
2025-05-28,TLT,10.949501037597656
2025-05-29,TLT,10.943816184997559
2025-05-30,TLT,11.004813194274902
2025-06-02,TLT,11.006827354431152
2025-06-03,TLT,11.069106101989746
2025-06-04,TLT,10.92542552947998
2025-06-05,TLT,10.98813247680664
2025-06-06,TLT,10.934486389160156
2025-06-09,TLT,10.996410369873047
2025-06-10,TLT,11.037558555603027
2025-06-11,TLT,11.093282699584961
2025-06-12,TLT,11.043932914733887
2025-06-13,TLT,11.038164138793945
2025-06-16,TLT,11.027612686157227
2025-06-17,TLT,10.97445297241211
2025-06-18,TLT,11.035353660583496
2025-06-20,TLT,11.097014427185059
2025-06-23,TLT,11.15237045288086
2025-06-24,TLT,11.174215316772461
2025-06-25,TLT,11.237638473510742
2025-06-26,TLT,11.282235145568848
2025-06-27,TLT,11.313987731933594
2025-02-25,USDINR=X,50.91501235961914
2025-02-26,USDINR=X,49.88528060913086
2025-02-27,USDINR=X,50.1447639465332
2025-02-28,USDINR=X,50.25225830078125
2025-03-03,USDINR=X,50.42904281616211
2025-03-04,USDINR=X,50.46929931640625
2025-03-05,USDINR=X,50.57645034790039
2025-03-06,USDINR=X,49.70350646972656
2025-03-07,USDINR=X,49.55289077758789
2025-03-10,USDINR=X,49.783897399902344
2025-03-11,USDINR=X,49.46086883544922
2025-03-12,USDINR=X,49.45511245727539
2025-03-13,USDINR=X,49.617435455322266
2025-03-14,USDINR=X,48.20002746582031
2025-03-17,USDINR=X,48.47919845581055
2025-03-18,USDINR=X,48.7447624206543
2025-03-19,USDINR=X,47.93444061279297
2025-03-20,USDINR=X,47.680335998535156
2025-03-21,USDINR=X,47.95516586303711
2025-03-24,USDINR=X,47.169151306152344
2025-03-25,USDINR=X,45.79841995239258
2025-03-26,USDINR=X,46.040199279785156
2025-03-27,USDINR=X,44.50071334838867
2025-03-28,USDINR=X,43.66324996948242
2025-03-31,USDINR=X,43.751220703125
2025-04-01,USDINR=X,43.97002029418945
2025-04-02,USDINR=X,44.09382247924805
2025-04-03,USDINR=X,44.339534759521484
2025-04-04,USDINR=X,43.687625885009766
2025-04-07,USDINR=X,43.545806884765625
2025-04-08,USDINR=X,42.29512405395508
2025-04-09,USDINR=X,41.63315963745117
2025-04-10,USDINR=X,41.56444549560547
2025-04-11,USDINR=X,41.79572677612305
2025-04-14,USDINR=X,42.0042610168457
2025-04-15,USDINR=X,42.10720443725586
2025-04-16,USDINR=X,41.75410079956055
2025-04-17,USDINR=X,41.92794418334961
2025-04-22,USDINR=X,40.98687744140625
2025-04-23,USDINR=X,41.19265365600586
2025-04-24,USDINR=X,41.03766632080078
2025-04-25,USDINR=X,40.958717346191406
2025-04-28,USDINR=X,41.10593032836914
2025-04-29,USDINR=X,41.073055267333984
2025-04-30,USDINR=X,41.31001663208008
2025-05-01,USDINR=X,39.466278076171875
2025-05-02,USDINR=X,39.54454040527344
2025-05-05,USDINR=X,39.64435958862305
2025-05-06,USDINR=X,39.44562530517578
2025-05-07,USDINR=X,38.081451416015625
2025-05-08,USDINR=X,38.2979850769043
2025-05-09,USDINR=X,32.86137390136719
2025-05-12,USDINR=X,31.847204208374023
2025-05-13,USDINR=X,31.545949935913086
2025-05-14,USDINR=X,31.704431533813477
2025-05-15,USDINR=X,31.43202018737793
2025-05-16,USDINR=X,31.609304428100586
2025-05-19,USDINR=X,31.785184860229492
2025-05-20,USDINR=X,31.92695426940918
2025-05-21,USDINR=X,32.043880462646484
2025-05-22,USDINR=X,32.219669342041016
2025-05-23,USDINR=X,32.05228805541992
2025-05-26,USDINR=X,30.7835750579834
2025-05-27,USDINR=X,30.958341598510742
2025-05-28,USDINR=X,31.040502548217773
2025-05-29,USDINR=X,31.218835830688477
2025-05-30,USDINR=X,31.398183822631836
2025-06-02,USDINR=X,31.5159912109375
2025-06-03,USDINR=X,31.634082794189453
2025-06-04,USDINR=X,31.526330947875977
2025-06-05,USDINR=X,31.62030029296875
2025-06-06,USDINR=X,31.800796508789062
2025-06-09,USDINR=X,31.96101951599121
2025-06-10,USDINR=X,32.143211364746094
2025-06-11,USDINR=X,32.29955291748047
2025-06-12,USDINR=X,32.396060943603516
2025-06-13,USDINR=X,32.4587516784668
2025-06-16,USDINR=X,31.851240158081055
2025-06-17,USDINR=X,31.976266860961914
2025-06-18,USDINR=X,32.0050163269043
2025-06-19,USDINR=X,32.047176361083984
2025-06-20,USDINR=X,32.228023529052734
2025-06-23,USDINR=X,32.41398620605469
2025-06-24,USDINR=X,32.26960372924805
2025-06-25,USDINR=X,32.1668815612793
2025-06-26,USDINR=X,32.32947540283203
2025-06-27,USDINR=X,32.208858489990234
2025-02-26,IWM,8.124246597290039
2025-02-27,IWM,8.101888656616211
2025-02-28,IWM,8.112885475158691
2025-03-03,IWM,7.943271160125732
2025-03-04,IWM,7.9558539390563965
2025-03-05,IWM,7.9703288078308105
2025-03-06,IWM,7.9536027908325195
2025-03-07,IWM,7.995315074920654
2025-03-10,IWM,7.871154308319092
2025-03-11,IWM,7.916586399078369
2025-03-12,IWM,7.9605231285095215
2025-03-13,IWM,7.950104713439941
2025-03-14,IWM,7.820290565490723
2025-03-17,IWM,7.817556858062744
2025-03-18,IWM,7.844875335693359
2025-03-19,IWM,7.818980693817139
2025-03-20,IWM,7.854833126068115
2025-03-21,IWM,7.8914713859558105
2025-03-24,IWM,7.761152744293213
2025-03-25,IWM,7.798757076263428
2025-03-26,IWM,7.818065166473389
2025-03-27,IWM,7.858331203460693
2025-03-28,IWM,7.797322750091553
2025-03-31,IWM,7.838081359863281
2025-04-01,IWM,7.883267402648926
2025-04-02,IWM,7.853177547454834
2025-04-03,IWM,6.972660064697266
2025-04-04,IWM,6.676337718963623
2025-04-07,IWM,6.706155300140381
2025-04-08,IWM,6.6444621086120605
2025-04-09,IWM,5.686699867248535
2025-04-10,IWM,5.552217483520508
2025-04-11,IWM,5.558787822723389
2025-04-14,IWM,5.573878765106201
2025-04-15,IWM,5.605525493621826
2025-04-16,IWM,5.631087779998779
2025-04-17,IWM,5.6544413566589355
2025-04-21,IWM,5.651124477386475
2025-04-22,IWM,5.608191013336182
2025-04-23,IWM,5.615061283111572
2025-04-24,IWM,5.603461742401123
2025-04-25,IWM,5.635810375213623
2025-04-28,IWM,5.665945529937744
2025-04-29,IWM,5.694278240203857
2025-04-30,IWM,5.723881244659424
2025-05-01,IWM,5.751979827880859
2025-05-02,IWM,5.728259563446045
2025-05-05,IWM,5.755644798278809
2025-05-06,IWM,5.77702522277832
2025-05-07,IWM,5.80887508392334
2025-05-08,IWM,5.800290584564209
2025-05-09,IWM,5.833614826202393
2025-05-12,IWM,5.730030536651611
2025-05-13,IWM,5.761887550354004
2025-05-14,IWM,5.786370754241943
2025-05-15,IWM,5.815273284912109
2025-05-16,IWM,5.841560363769531
2025-05-19,IWM,5.873173713684082
2025-05-20,IWM,5.907183647155762
2025-05-21,IWM,5.84958028793335
2025-05-22,IWM,5.8834662437438965
2025-05-23,IWM,5.9164958000183105
2025-05-27,IWM,5.8750481605529785
2025-05-28,IWM,5.895958423614502
2025-05-29,IWM,5.929081439971924
2025-05-30,IWM,5.9603047370910645
2025-06-02,IWM,5.993635177612305
2025-06-03,IWM,5.996619701385498
2025-06-04,IWM,6.030238151550293
2025-06-05,IWM,6.065162181854248
2025-06-06,IWM,6.0679497718811035
2025-06-09,IWM,6.097646236419678
2025-06-10,IWM,6.129776954650879
2025-06-11,IWM,6.162529468536377
2025-06-12,IWM,6.195638179779053
2025-06-13,IWM,6.184791088104248
2025-06-16,IWM,6.202432155609131
2025-06-17,IWM,6.222451686859131
2025-06-18,IWM,6.254917144775391
2025-06-20,IWM,6.290395259857178
2025-06-23,IWM,6.306352138519287
2025-06-24,IWM,6.320947170257568
2025-06-25,IWM,6.336419582366943
2025-06-26,IWM,6.336782455444336
2025-06-27,IWM,6.373486042022705
2025-02-26,JPM,6.577826023101807
2025-02-27,JPM,6.615886211395264
2025-02-28,JPM,6.588494777679443
2025-03-03,JPM,6.580014705657959
2025-03-04,JPM,6.3562846183776855
2025-03-05,JPM,6.390737056732178
2025-03-06,JPM,6.363159656524658
2025-03-07,JPM,6.351959705352783
2025-03-10,JPM,6.1429524421691895
2025-03-11,JPM,6.154670238494873
2025-03-12,JPM,6.186357498168945
2025-03-13,JPM,6.203209400177002
2025-03-14,JPM,6.101264476776123
2025-03-17,JPM,6.131649971008301
2025-03-18,JPM,6.164902687072754
2025-03-19,JPM,6.161056995391846
2025-03-20,JPM,6.19662618637085
2025-03-21,JPM,6.2177863121032715
2025-03-24,JPM,6.1632890701293945
2025-03-25,JPM,6.181602954864502
2025-03-26,JPM,6.217120170593262
2025-03-27,JPM,6.231282711029053
2025-03-28,JPM,6.200647830963135
2025-03-31,JPM,6.2245049476623535
2025-04-01,JPM,6.252924919128418
2025-04-02,JPM,6.279825687408447
2025-04-03,JPM,5.7129950523376465
2025-04-04,JPM,5.229381561279297
2025-04-07,JPM,5.225118160247803
2025-04-08,JPM,5.243725776672363
2025-04-09,JPM,4.80418062210083
2025-04-10,JPM,4.771275520324707
2025-04-11,JPM,4.7028045654296875
2025-04-14,JPM,4.727319717407227
2025-04-15,JPM,4.7515716552734375
2025-04-16,JPM,4.764535903930664
2025-04-17,JPM,4.78590202331543
2025-04-21,JPM,4.802926540374756
2025-04-22,JPM,4.779539108276367
2025-04-23,JPM,4.777380466461182
2025-04-24,JPM,4.791320323944092
2025-04-25,JPM,4.81727933883667
2025-04-28,JPM,4.8448805809021
2025-04-29,JPM,4.871358394622803
2025-04-30,JPM,4.899529457092285
2025-05-01,JPM,4.923153400421143
2025-05-02,JPM,4.919575214385986
2025-05-05,JPM,4.948005676269531
2025-05-06,JPM,4.96259069442749
2025-05-07,JPM,4.991324424743652
2025-05-08,JPM,5.003617763519287
2025-05-09,JPM,5.032068252563477
2025-05-12,JPM,5.011355876922607
2025-05-13,JPM,5.033339500427246
2025-05-14,JPM,5.057347774505615
2025-05-15,JPM,5.0845842361450195
2025-05-16,JPM,5.113875389099121
2025-05-19,JPM,5.133007526397705
2025-05-20,JPM,5.162585258483887
2025-05-21,JPM,5.164155006408691
2025-05-22,JPM,5.193452835083008
2025-05-23,JPM,5.223423957824707
2025-05-27,JPM,5.23238468170166
2025-05-28,JPM,5.257054805755615
2025-05-29,JPM,5.287206649780273
2025-05-30,JPM,5.3171491622924805
2025-06-02,JPM,5.347851753234863
2025-06-03,JPM,5.376944065093994
2025-06-04,JPM,5.400619983673096
2025-06-05,JPM,5.422984600067139
2025-06-06,JPM,5.438686847686768
2025-06-09,JPM,5.469671249389648
2025-06-10,JPM,5.498503684997559
2025-06-11,JPM,5.52939510345459
2025-06-12,JPM,5.561302185058594
2025-06-13,JPM,5.575113773345947
2025-06-16,JPM,5.571592330932617
2025-06-17,JPM,5.601755619049072
2025-06-18,JPM,5.611739635467529
2025-06-20,JPM,5.643779277801514
2025-06-23,JPM,5.665769100189209
2025-06-24,JPM,5.690265655517578
2025-06-25,JPM,5.716390132904053
2025-06-26,JPM,5.727109432220459
2025-06-27,JPM,5.753731727600098
2025-02-26,UNH,5.001211166381836
2025-02-27,UNH,5.019577980041504
2025-02-28,UNH,5.032480239868164
2025-03-03,UNH,5.044279098510742
2025-03-04,UNH,5.051112651824951
2025-03-05,UNH,5.079177379608154
2025-03-06,UNH,5.059640407562256
2025-03-07,UNH,5.077220439910889
2025-03-10,UNH,5.070678234100342
2025-03-11,UNH,5.087453365325928
2025-03-12,UNH,5.110324859619141
2025-03-13,UNH,5.139703273773193
2025-03-14,UNH,5.150571346282959
2025-03-17,UNH,5.143409729003906
2025-03-18,UNH,5.165454387664795
2025-03-19,UNH,5.195317268371582
2025-03-20,UNH,5.203976631164551
2025-03-21,UNH,5.22444486618042
2025-03-24,UNH,5.254673480987549
2025-03-25,UNH,5.282198905944824
2025-03-26,UNH,5.305428981781006
2025-03-27,UNH,5.3341875076293945
2025-03-28,UNH,5.365052700042725
2025-03-31,UNH,5.376510143280029
2025-04-01,UNH,5.4074931144714355
2025-04-02,UNH,5.438819408416748
2025-04-03,UNH,5.374022960662842
2025-04-04,UNH,5.3321685791015625
2025-04-07,UNH,5.3629961013793945
2025-04-08,UNH,5.154932975769043
2025-04-09,UNH,5.032222270965576
2025-04-10,UNH,5.012248992919922
2025-04-11,UNH,5.037848472595215
2025-04-14,UNH,5.030816555023193
2025-04-15,UNH,5.0560431480407715
2025-04-16,UNH,5.085237979888916
2025-04-17,UNH,3.2422523498535156
2025-04-21,UNH,3.1883585453033447
2025-04-22,UNH,3.206097364425659
2025-04-23,UNH,3.224414587020874
2025-04-24,UNH,3.242197036743164
2025-04-25,UNH,3.2584877014160156
2025-04-28,UNH,3.276813507080078
2025-04-29,UNH,3.2845959663391113
2025-04-30,UNH,3.3024423122406006
2025-05-01,UNH,3.3097939491271973
2025-05-02,UNH,3.3289616107940674
2025-05-05,UNH,3.343733310699463
2025-05-06,UNH,3.351685047149658
2025-05-07,UNH,3.370269536972046
2025-05-08,UNH,3.3869082927703857
2025-05-09,UNH,3.404308795928955
2025-05-12,UNH,3.4239284992218018
2025-05-13,UNH,2.902550458908081
2025-05-14,UNH,2.9188716411590576
2025-05-15,UNH,2.792423725128174
2025-05-16,UNH,2.7493484020233154
2025-05-19,UNH,2.6786949634552
2025-05-20,UNH,2.6887500286102295
2025-05-21,UNH,2.6728029251098633
2025-05-22,UNH,2.685453176498413
2025-05-23,UNH,2.7009952068328857
2025-05-27,UNH,2.7165448665618896
2025-05-28,UNH,2.7295806407928467
2025-05-29,UNH,2.74511981010437
2025-05-30,UNH,2.7575578689575195
2025-06-02,UNH,2.771285057067871
2025-06-03,UNH,2.7867021560668945
2025-06-04,UNH,2.802816390991211
2025-06-05,UNH,2.817586660385132
2025-06-06,UNH,2.8229482173919678
2025-06-09,UNH,2.8390965461730957
2025-06-10,UNH,2.8550684452056885
2025-06-11,UNH,2.862483263015747
2025-06-12,UNH,2.86767840385437
2025-06-13,UNH,2.8822689056396484
2025-06-16,UNH,2.898030996322632
2025-06-17,UNH,2.9140355587005615
2025-06-18,UNH,2.9308648109436035
2025-06-20,UNH,2.9452731609344482
2025-06-23,UNH,2.962327480316162
2025-06-24,UNH,2.973505735397339
2025-06-25,UNH,2.989689350128174
2025-06-26,UNH,3.006542205810547
2025-06-27,UNH,3.0143649578094482
2025-02-26,SPY,12.505465507507324
2025-02-27,SPY,12.285613059997559
2025-02-28,SPY,12.11645221710205
2025-03-03,SPY,11.869927406311035
2025-03-04,SPY,11.800804138183594
2025-03-05,SPY,11.765068054199219
2025-03-06,SPY,11.542409896850586
2025-03-07,SPY,11.582374572753906
2025-03-10,SPY,11.061820983886719
2025-03-11,SPY,11.075172424316406
2025-03-12,SPY,11.115229606628418
2025-03-13,SPY,11.047083854675293
2025-03-14,SPY,10.785828590393066
2025-03-17,SPY,10.804614067077637
2025-03-18,SPY,10.784520149230957
2025-03-19,SPY,10.760640144348145
2025-03-20,SPY,10.817151069641113
2025-03-21,SPY,10.879705429077148
2025-03-24,SPY,10.712838172912598
2025-03-25,SPY,10.771330833435059
2025-03-26,SPY,10.730517387390137
2025-03-27,SPY,10.78757381439209
2025-03-28,SPY,10.570414543151855
2025-03-31,SPY,10.599326133728027
2025-04-01,SPY,10.654730796813965
2025-04-02,SPY,10.687915802001953
2025-04-03,SPY,9.376075744628906
2025-04-04,SPY,8.161632537841797
2025-04-07,SPY,8.208832740783691
2025-04-08,SPY,8.19177532196045
2025-04-09,SPY,6.035521984100342
2025-04-10,SPY,5.845038890838623
2025-04-11,SPY,5.840002536773682
2025-04-14,SPY,5.862020969390869
2025-04-15,SPY,5.895310878753662
2025-04-16,SPY,5.874574184417725
2025-04-17,SPY,5.908099174499512
2025-04-21,SPY,5.880151271820068
2025-04-22,SPY,5.831798553466797
2025-04-23,SPY,5.8364644050598145
2025-04-24,SPY,5.818665981292725
2025-04-25,SPY,5.8462347984313965
2025-04-28,SPY,5.880077838897705
2025-04-29,SPY,5.909426212310791
2025-04-30,SPY,5.943641185760498
2025-05-01,SPY,5.972060680389404
2025-05-02,SPY,5.980326175689697
2025-05-05,SPY,6.0106000900268555
2025-05-06,SPY,6.03639554977417
2025-05-07,SPY,6.06923246383667
2025-05-08,SPY,6.098435401916504
2025-05-09,SPY,6.13347864151001
2025-05-12,SPY,6.0315327644348145
2025-05-13,SPY,6.061917781829834
2025-05-14,SPY,6.096982955932617
2025-05-15,SPY,6.129981517791748
2025-05-16,SPY,6.161315441131592
2025-05-19,SPY,6.196993350982666
2025-05-20,SPY,6.2305803298950195
2025-05-21,SPY,6.224480152130127
2025-05-22,SPY,6.260537147521973
2025-05-23,SPY,6.289271354675293
2025-05-27,SPY,6.2676262855529785
2025-05-28,SPY,6.298096656799316
2025-05-29,SPY,6.332973957061768
2025-05-30,SPY,6.369218826293945
2025-06-02,SPY,6.402393341064453
2025-06-03,SPY,6.4356842041015625
2025-06-04,SPY,6.472816467285156
2025-06-05,SPY,6.505558013916016
2025-06-06,SPY,6.528741359710693
2025-06-09,SPY,6.566559791564941
2025-06-10,SPY,6.600707530975342
2025-06-11,SPY,6.636735439300537
2025-06-12,SPY,6.673474311828613
2025-06-13,SPY,6.687863349914551
2025-06-16,SPY,6.713295936584473
2025-06-17,SPY,6.7372283935546875
2025-06-18,SPY,6.7761406898498535
2025-06-20,SPY,6.813788890838623
2025-06-23,SPY,6.8378472328186035
2025-06-24,SPY,6.858109951019287
2025-06-25,SPY,6.897824287414551
2025-06-26,SPY,6.928676128387451
2025-06-27,SPY,6.965712070465088
2025-02-26,MSFT,7.141671657562256
2025-02-27,MSFT,7.119485378265381
2025-02-28,MSFT,7.131345272064209
2025-03-03,MSFT,7.083603858947754
2025-03-04,MSFT,7.124425411224365
2025-03-05,MSFT,6.955329895019531
2025-03-06,MSFT,6.976617336273193
2025-03-07,MSFT,7.0028252601623535
2025-03-10,MSFT,6.8404083251953125
2025-03-11,MSFT,6.879516124725342
2025-03-12,MSFT,6.906548500061035
2025-03-13,MSFT,6.924182415008545
2025-03-14,MSFT,6.832196235656738
2025-03-17,MSFT,6.871598243713379
2025-03-18,MSFT,6.881661415100098
2025-03-19,MSFT,6.895005226135254
2025-03-20,MSFT,6.93427038192749
2025-03-21,MSFT,6.946863651275635
2025-03-24,MSFT,6.982019901275635
2025-03-25,MSFT,7.016075134277344
2025-03-26,MSFT,7.024865627288818
2025-03-27,MSFT,7.064695835113525
2025-03-28,MSFT,6.934900760650635
2025-03-31,MSFT,6.962436676025391
2025-04-01,MSFT,6.933845043182373
2025-04-02,MSFT,6.973947048187256
2025-04-03,MSFT,6.9147868156433105
2025-04-04,MSFT,6.73940372467041
2025-04-07,MSFT,6.775467872619629
2025-04-08,MSFT,6.803936004638672
2025-04-09,MSFT,5.486124038696289
2025-04-10,MSFT,5.468367576599121
2025-04-11,MSFT,5.465902805328369
2025-04-14,MSFT,5.497416019439697
2025-04-15,MSFT,5.526916027069092
2025-04-16,MSFT,5.437008380889893
2025-04-17,MSFT,5.4603352546691895
2025-04-21,MSFT,5.445184707641602
2025-04-22,MSFT,5.429959297180176
2025-04-23,MSFT,5.419238567352295
2025-04-24,MSFT,5.3413920402526855
2025-04-25,MSFT,5.359716415405273
2025-04-28,MSFT,5.390544891357422
2025-04-29,MSFT,5.416671276092529
2025-04-30,MSFT,5.447118759155273
2025-05-01,MSFT,5.009140968322754
2025-05-02,MSFT,5.002467632293701
2025-05-05,MSFT,5.031378746032715
2025-05-06,MSFT,5.056295871734619
2025-05-07,MSFT,5.085528373718262
2025-05-08,MSFT,5.107274532318115
2025-05-09,MSFT,5.136858940124512
2025-05-12,MSFT,5.126479148864746
2025-05-13,MSFT,5.1559739112854
2025-05-14,MSFT,5.181878566741943
2025-05-15,MSFT,5.211841583251953
2025-05-16,MSFT,5.241939067840576
2025-05-19,MSFT,5.266116142272949
2025-05-20,MSFT,5.295837879180908
2025-05-21,MSFT,5.310600757598877
2025-05-22,MSFT,5.340188503265381
2025-05-23,MSFT,5.359297752380371
2025-05-27,MSFT,5.347968578338623
2025-05-28,MSFT,5.372289180755615
2025-05-29,MSFT,5.403218746185303
2025-05-30,MSFT,5.434070587158203
2025-06-02,MSFT,5.46516752243042
2025-06-03,MSFT,5.49678373336792
2025-06-04,MSFT,5.52860689163208
2025-06-05,MSFT,5.556278705596924
2025-06-06,MSFT,5.586735248565674
2025-06-09,MSFT,5.617934226989746
2025-06-10,MSFT,5.647388935089111
2025-06-11,MSFT,5.679685592651367
2025-06-12,MSFT,5.698541641235352
2025-06-13,MSFT,5.72119665145874
2025-06-16,MSFT,5.748857021331787
2025-06-17,MSFT,5.78041410446167
2025-06-18,MSFT,5.812952995300293
2025-06-20,MSFT,5.840128421783447
2025-06-23,MSFT,5.843617916107178
2025-06-24,MSFT,5.872436046600342
2025-06-25,MSFT,5.905717849731445
2025-06-26,MSFT,5.93122673034668
2025-06-27,MSFT,5.962555885314941
2025-02-25,EURUSD=X,22.54412078857422
2025-02-26,EURUSD=X,22.430034637451172
2025-02-27,EURUSD=X,22.49178695678711
2025-02-28,EURUSD=X,22.13556480407715
2025-03-03,EURUSD=X,22.2381649017334
2025-03-04,EURUSD=X,22.061500549316406
2025-03-05,EURUSD=X,21.125455856323242
2025-03-06,EURUSD=X,20.022621154785156
2025-03-07,EURUSD=X,20.13526153564453
2025-03-10,EURUSD=X,20.055709838867188
2025-03-11,EURUSD=X,20.149141311645508
2025-03-12,EURUSD=X,20.062414169311523
2025-03-13,EURUSD=X,20.140438079833984
2025-03-14,EURUSD=X,20.212352752685547
2025-03-17,EURUSD=X,20.30856704711914
2025-03-18,EURUSD=X,20.377307891845703
2025-03-19,EURUSD=X,20.483856201171875
2025-03-20,EURUSD=X,20.56264305114746
2025-03-21,EURUSD=X,20.540563583374023
2025-03-24,EURUSD=X,20.636322021484375
2025-03-25,EURUSD=X,20.70512580871582
2025-03-26,EURUSD=X,20.811002731323242
2025-03-27,EURUSD=X,20.833961486816406
2025-03-28,EURUSD=X,20.806886672973633
2025-03-31,EURUSD=X,20.907875061035156
2025-04-01,EURUSD=X,21.0267333984375
2025-04-02,EURUSD=X,21.120481491088867
2025-04-03,EURUSD=X,20.69611930847168
2025-04-04,EURUSD=X,20.111974716186523
2025-04-07,EURUSD=X,20.075233459472656
2025-04-08,EURUSD=X,19.99039649963379
2025-04-09,EURUSD=X,19.960180282592773
2025-04-10,EURUSD=X,20.037113189697266
2025-04-11,EURUSD=X,17.360477447509766
2025-04-14,EURUSD=X,17.318307876586914
2025-04-15,EURUSD=X,17.415616989135742
2025-04-16,EURUSD=X,17.4464168548584
2025-04-17,EURUSD=X,17.328197479248047
2025-04-22,EURUSD=X,17.169525146484375
2025-04-23,EURUSD=X,16.66316795349121
2025-04-24,EURUSD=X,16.739343643188477
2025-04-25,EURUSD=X,16.807310104370117
2025-04-28,EURUSD=X,16.876863479614258
2025-04-29,EURUSD=X,16.901512145996094
2025-04-30,EURUSD=X,16.982999801635742
2025-05-01,EURUSD=X,16.970640182495117
2025-05-02,EURUSD=X,17.042070388793945
2025-05-05,EURUSD=X,17.131616592407227
2025-05-06,EURUSD=X,17.224782943725586
2025-05-07,EURUSD=X,17.31255531311035
2025-05-08,EURUSD=X,17.369922637939453
2025-05-09,EURUSD=X,17.29137420654297
2025-05-12,EURUSD=X,17.391542434692383
2025-05-13,EURUSD=X,17.048198699951172
2025-05-14,EURUSD=X,16.977636337280273
2025-05-15,EURUSD=X,17.074501037597656
2025-05-16,EURUSD=X,17.172504425048828
2025-05-19,EURUSD=X,17.26983642578125
2025-05-20,EURUSD=X,17.32961082458496
2025-05-21,EURUSD=X,17.372283935546875
2025-05-22,EURUSD=X,17.43955421447754
2025-05-23,EURUSD=X,17.468908309936523
2025-05-26,EURUSD=X,17.397138595581055
2025-05-27,EURUSD=X,17.49588966369629
2025-05-28,EURUSD=X,17.518922805786133
2025-05-29,EURUSD=X,17.342466354370117
2025-05-30,EURUSD=X,16.99652671813965
2025-06-02,EURUSD=X,17.07394027709961
2025-06-03,EURUSD=X,16.979856491088867
2025-06-04,EURUSD=X,16.956785202026367
2025-06-05,EURUSD=X,17.033647537231445
2025-06-06,EURUSD=X,17.118389129638672
2025-06-09,EURUSD=X,17.157241821289062
2025-06-10,EURUSD=X,17.25221061706543
2025-06-11,EURUSD=X,17.351926803588867
2025-06-12,EURUSD=X,17.35517692565918
2025-06-13,EURUSD=X,17.299470901489258
2025-06-16,EURUSD=X,17.3413028717041
2025-06-17,EURUSD=X,17.438091278076172
2025-06-18,EURUSD=X,17.409332275390625
2025-06-19,EURUSD=X,17.50712776184082
2025-06-20,EURUSD=X,17.589033126831055
2025-06-23,EURUSD=X,17.6828556060791
2025-06-24,EURUSD=X,17.587682723999023
2025-06-25,EURUSD=X,17.688827514648438
2025-06-26,EURUSD=X,17.6964168548584
2025-06-27,EURUSD=X,17.798933029174805
2025-02-26,NVDA,2.9039320945739746
2025-02-27,NVDA,2.8218705654144287
2025-02-28,NVDA,2.818732261657715
2025-03-03,NVDA,2.741109609603882
2025-03-04,NVDA,2.753615617752075
2025-03-05,NVDA,2.768091917037964
2025-03-06,NVDA,2.7447078227996826
2025-03-07,NVDA,2.7561089992523193
2025-03-10,NVDA,2.7420549392700195
2025-03-11,NVDA,2.754396915435791
2025-03-12,NVDA,2.7215635776519775
2025-03-13,NVDA,2.7373006343841553
2025-03-14,NVDA,2.7214443683624268
2025-03-17,NVDA,2.733325958251953
2025-03-18,NVDA,2.735074043273926
2025-03-19,NVDA,2.747175931930542
2025-03-20,NVDA,2.7622954845428467
2025-03-21,NVDA,2.7776224613189697
2025-03-24,NVDA,2.7819395065307617
2025-03-25,NVDA,2.7975053787231445
2025-03-26,NVDA,2.772433042526245
2025-03-27,NVDA,2.783395528793335
2025-03-28,NVDA,2.7965376377105713
2025-03-31,NVDA,2.811126470565796
2025-04-01,NVDA,2.823812961578369
2025-04-02,NVDA,2.840071678161621
2025-04-03,NVDA,2.7805662155151367
2025-04-04,NVDA,2.734501361846924
2025-04-07,NVDA,2.7342097759246826
2025-04-08,NVDA,2.748335123062134
2025-04-09,NVDA,2.4186136722564697
2025-04-10,NVDA,2.404463529586792
2025-04-11,NVDA,2.4105613231658936
2025-04-14,NVDA,2.4244906902313232
2025-04-15,NVDA,2.437082052230835
2025-04-16,NVDA,2.412820339202881
2025-04-17,NVDA,2.4204633235931396
2025-04-21,NVDA,2.4187819957733154
2025-04-22,NVDA,2.428957939147949
2025-04-23,NVDA,2.4301936626434326
2025-04-24,NVDA,2.433192253112793
2025-04-25,NVDA,2.4320199489593506
2025-04-28,NVDA,2.44256854057312
2025-04-29,NVDA,2.4566595554351807
2025-04-30,NVDA,2.470883369445801
2025-05-01,NVDA,2.479970693588257
2025-05-02,NVDA,2.4886558055877686
2025-05-05,NVDA,2.5026962757110596
2025-05-06,NVDA,2.5171146392822266
2025-05-07,NVDA,2.5232625007629395
2025-05-08,NVDA,2.5378499031066895
2025-05-09,NVDA,2.5520949363708496
2025-05-12,NVDA,2.5399861335754395
2025-05-13,NVDA,2.526916027069092
2025-05-14,NVDA,2.52722430229187
2025-05-15,NVDA,2.54150390625
2025-05-16,NVDA,2.5561962127685547
2025-05-19,NVDA,2.570991277694702
2025-05-20,NVDA,2.5846688747406006
2025-05-21,NVDA,2.595099687576294
2025-05-22,NVDA,2.6098010540008545
2025-05-23,NVDA,2.6230151653289795
2025-05-27,NVDA,2.6289165019989014
2025-05-28,NVDA,2.6435790061950684
2025-05-29,NVDA,2.6492769718170166
2025-05-30,NVDA,2.6539971828460693
2025-06-02,NVDA,2.6671454906463623
2025-06-03,NVDA,2.6755316257476807
2025-06-04,NVDA,2.6909732818603516
2025-06-05,NVDA,2.7036166191101074
2025-06-06,NVDA,2.718182325363159
2025-06-09,NVDA,2.733762502670288
2025-06-10,NVDA,2.7490804195404053
2025-06-11,NVDA,2.7636959552764893
2025-06-12,NVDA,2.7778000831604004
2025-06-13,NVDA,2.7870700359344482
2025-06-16,NVDA,2.7997848987579346
2025-06-17,NVDA,2.815455913543701
2025-06-18,NVDA,2.8311705589294434
2025-06-20,NVDA,2.8450775146484375
2025-06-23,NVDA,2.861557960510254
2025-06-24,NVDA,2.870863437652588
2025-06-25,NVDA,2.865525007247925
2025-06-26,NVDA,2.8821005821228027
2025-06-27,NVDA,2.8959872722625732
2025-02-26,AAPL,6.8572258949279785
2025-02-27,AAPL,6.863278388977051
2025-02-28,AAPL,6.841075420379639
2025-03-03,AAPL,6.830562114715576
2025-03-04,AAPL,6.85366678237915
2025-03-05,AAPL,6.893008708953857
2025-03-06,AAPL,6.931934356689453
2025-03-07,AAPL,6.927774906158447
2025-03-10,AAPL,6.549153804779053
2025-03-11,AAPL,6.453078746795654
2025-03-12,AAPL,6.444981575012207
2025-03-13,AAPL,6.31942892074585
2025-03-14,AAPL,6.305058479309082
2025-03-17,AAPL,6.34036111831665
2025-03-18,AAPL,6.372499465942383
2025-03-19,AAPL,6.386250019073486
2025-03-20,AAPL,6.419715404510498
2025-03-21,AAPL,6.397578239440918
2025-03-24,AAPL,6.414892673492432
2025-03-25,AAPL,6.423547267913818
2025-03-26,AAPL,6.4457855224609375
2025-03-27,AAPL,6.466189861297607
2025-03-28,AAPL,6.396864891052246
2025-03-31,AAPL,6.3768630027771
2025-04-01,AAPL,6.4103922843933105
2025-04-02,AAPL,6.446071624755859
2025-04-03,AAPL,5.4720258712768555
2025-04-04,AAPL,5.075883388519287
2025-04-07,AAPL,5.016665458679199
2025-04-08,AAPL,4.889979839324951
2025-04-09,AAPL,3.8158771991729736
2025-04-10,AAPL,3.78470778465271
2025-04-11,AAPL,3.7530410289764404
2025-04-14,AAPL,3.7588746547698975
2025-04-15,AAPL,3.780608892440796
2025-04-16,AAPL,3.7582499980926514
2025-04-17,AAPL,3.7731175422668457
2025-04-21,AAPL,3.7846310138702393
2025-04-22,AAPL,3.768632173538208
2025-04-23,AAPL,3.7713124752044678
2025-04-24,AAPL,3.7822272777557373
2025-04-25,AAPL,3.8034684658050537
2025-04-28,AAPL,3.824908971786499
2025-04-29,AAPL,3.8461766242980957
2025-04-30,AAPL,3.8671958446502686
2025-05-01,AAPL,3.8890931606292725
2025-05-02,AAPL,3.8655872344970703
2025-05-05,AAPL,3.8566277027130127
2025-05-06,AAPL,3.8789284229278564
2025-05-07,AAPL,3.897676467895508
2025-05-08,AAPL,3.9184811115264893
2025-05-09,AAPL,3.9398982524871826
2025-05-12,AAPL,3.8273041248321533
2025-05-13,AAPL,3.8461532592773438
2025-05-14,AAPL,3.8681626319885254
2025-05-15,AAPL,3.8899917602539062
2025-05-16,AAPL,3.9125001430511475
2025-05-19,AAPL,3.930474042892456
2025-05-20,AAPL,3.9504096508026123
2025-05-21,AAPL,3.9551141262054443
2025-05-22,AAPL,3.9776875972747803
2025-05-23,AAPL,3.9694199562072754
2025-05-27,AAPL,3.9681396484375
2025-05-28,AAPL,3.9910314083099365
2025-05-29,AAPL,4.014037609100342
2025-05-30,AAPL,4.036332607269287
2025-06-02,AAPL,4.058862209320068
2025-06-03,AAPL,4.079770088195801
2025-06-04,AAPL,4.103274822235107
2025-06-05,AAPL,4.1227922439575195
2025-06-06,AAPL,4.135261535644531
2025-06-09,AAPL,4.153624534606934
2025-06-10,AAPL,4.1759467124938965
2025-06-11,AAPL,4.185515403747559
2025-06-12,AAPL,4.209452152252197
2025-06-13,AAPL,4.226404666900635
2025-06-16,AAPL,4.245909214019775
2025-06-17,AAPL,4.262673377990723
2025-06-18,AAPL,4.285998821258545
2025-06-20,AAPL,4.2868733406066895
2025-06-23,AAPL,4.311324596405029
2025-06-24,AAPL,4.33488655090332
2025-06-25,AAPL,4.35788106918335
2025-06-26,AAPL,4.38285493850708
2025-06-27,AAPL,4.4082136154174805
2025-02-26,GC=F,10.644196510314941
2025-02-27,GC=F,10.593511581420898
2025-02-28,GC=F,10.457337379455566
2025-03-03,GC=F,10.316593170166016
2025-03-04,GC=F,10.357449531555176
2025-03-05,GC=F,10.417155265808105
2025-03-06,GC=F,10.477049827575684
2025-03-07,GC=F,10.518967628479004
2025-03-10,GC=F,10.55661678314209
2025-03-11,GC=F,10.590103149414062
2025-03-12,GC=F,10.610682487487793
2025-03-13,GC=F,10.539607048034668
2025-03-14,GC=F,10.598128318786621
2025-03-17,GC=F,10.659442901611328
2025-03-18,GC=F,10.64990234375
2025-03-19,GC=F,10.710342407226562
2025-03-20,GC=F,10.772345542907715
2025-03-21,GC=F,10.780315399169922
2025-03-24,GC=F,10.835522651672363
2025-03-25,GC=F,10.895212173461914
2025-03-26,GC=F,10.95405101776123
2025-03-27,GC=F,10.918634414672852
2025-03-28,GC=F,10.945565223693848
2025-03-31,GC=F,10.933464050292969
2025-04-01,GC=F,10.989950180053711
2025-04-02,GC=F,11.03482723236084
2025-04-03,GC=F,10.919612884521484
2025-04-04,GC=F,10.403704643249512
2025-04-07,GC=F,10.180209159851074
2025-04-08,GC=F,10.225637435913086
2025-04-09,GC=F,9.819822311401367
2025-04-10,GC=F,9.398795127868652
2025-04-11,GC=F,9.278838157653809
2025-04-14,GC=F,9.307658195495605
2025-04-15,GC=F,9.358895301818848
2025-04-16,GC=F,8.978583335876465
2025-04-17,GC=F,9.006229400634766
2025-04-21,GC=F,8.763838768005371
2025-04-22,GC=F,8.80808162689209
2025-04-23,GC=F,8.316786766052246
2025-04-24,GC=F,8.292411804199219
2025-04-25,GC=F,8.246851921081543
2025-04-28,GC=F,8.238994598388672
2025-04-29,GC=F,8.274158477783203
2025-04-30,GC=F,8.309465408325195
2025-05-01,GC=F,8.063702583312988
2025-05-02,GC=F,8.102483749389648
2025-05-05,GC=F,7.995489597320557
2025-05-06,GC=F,7.818740367889404
2025-05-07,GC=F,7.8305535316467285
2025-05-08,GC=F,7.679649353027344
2025-05-09,GC=F,7.698949337005615
2025-05-12,GC=F,7.416642665863037
2025-05-13,GC=F,7.4543914794921875
2025-05-14,GC=F,7.406520366668701
2025-05-15,GC=F,7.421733379364014
2025-05-16,GC=F,7.422305583953857
2025-05-19,GC=F,7.423901557922363
2025-05-20,GC=F,7.418941020965576
2025-05-21,GC=F,7.45001220703125
2025-05-22,GC=F,7.481938362121582
2025-05-23,GC=F,7.431703090667725
2025-05-27,GC=F,7.3726019859313965
2025-05-28,GC=F,7.412755489349365
2025-05-29,GC=F,7.448678493499756
2025-05-30,GC=F,7.467387676239014
2025-06-02,GC=F,7.38524866104126
2025-06-03,GC=F,7.413707733154297
2025-06-04,GC=F,7.45038366317749
2025-06-05,GC=F,7.4762282371521
2025-06-06,GC=F,7.49542236328125
2025-06-09,GC=F,7.5384840965271
2025-06-10,GC=F,7.5760931968688965
2025-06-11,GC=F,7.619466304779053
2025-06-12,GC=F,7.596567630767822
2025-06-13,GC=F,7.597694396972656
2025-06-16,GC=F,7.605738162994385
2025-06-17,GC=F,7.644413948059082
2025-06-18,GC=F,7.6885552406311035
2025-06-20,GC=F,7.716180324554443
2025-06-23,GC=F,7.760465145111084
2025-06-24,GC=F,7.706292629241943
2025-06-25,GC=F,7.750315189361572
2025-06-26,GC=F,7.795140266418457
2025-06-27,GC=F,7.740993022918701
2025-02-25,GBPUSD=X,21.17192840576172
2025-02-26,GBPUSD=X,21.184541702270508
2025-02-27,GBPUSD=X,21.305269241333008
2025-02-28,GBPUSD=X,21.192228317260742
2025-03-03,GBPUSD=X,21.313861846923828
2025-03-04,GBPUSD=X,21.11001205444336
2025-03-05,GBPUSD=X,20.95435905456543
2025-03-06,GBPUSD=X,20.785715103149414
2025-03-07,GBPUSD=X,20.9034481048584
2025-03-10,GBPUSD=X,20.962556838989258
2025-03-11,GBPUSD=X,20.971406936645508
2025-03-12,GBPUSD=X,20.95210075378418
2025-03-13,GBPUSD=X,21.065202713012695
2025-03-14,GBPUSD=X,21.184497833251953
2025-03-17,GBPUSD=X,21.2760009765625
2025-03-18,GBPUSD=X,21.311527252197266
2025-03-19,GBPUSD=X,21.430538177490234
2025-03-20,GBPUSD=X,21.553295135498047
2025-03-21,GBPUSD=X,21.605663299560547
2025-03-24,GBPUSD=X,21.656768798828125
2025-03-25,GBPUSD=X,21.78191566467285
2025-03-26,GBPUSD=X,21.898563385009766
2025-03-27,GBPUSD=X,21.859376907348633
2025-03-28,GBPUSD=X,21.800092697143555
2025-03-31,GBPUSD=X,21.91664695739746
2025-04-01,GBPUSD=X,22.029159545898438
2025-04-02,GBPUSD=X,22.15677261352539
2025-04-03,GBPUSD=X,21.76149559020996
2025-04-04,GBPUSD=X,21.836559295654297
2025-04-07,GBPUSD=X,20.893598556518555
2025-04-08,GBPUSD=X,20.089889526367188
2025-04-09,GBPUSD=X,20.117719650268555
2025-04-10,GBPUSD=X,20.20216941833496
2025-04-11,GBPUSD=X,19.578439712524414
2025-04-14,GBPUSD=X,19.489253997802734
2025-04-15,GBPUSD=X,19.425779342651367
2025-04-16,GBPUSD=X,19.475236892700195
2025-04-17,GBPUSD=X,19.587862014770508
2025-04-22,GBPUSD=X,19.23836898803711
2025-04-23,GBPUSD=X,19.061065673828125
2025-04-24,GBPUSD=X,19.166606903076172
2025-04-25,GBPUSD=X,19.2070255279541
2025-04-28,GBPUSD=X,19.276792526245117
2025-04-29,GBPUSD=X,18.950185775756836
2025-04-30,GBPUSD=X,19.03632164001465
2025-05-01,GBPUSD=X,18.954816818237305
2025-05-02,GBPUSD=X,19.0227108001709
2025-05-05,GBPUSD=X,19.123807907104492
2025-05-06,GBPUSD=X,19.22941780090332
2025-05-07,GBPUSD=X,19.264841079711914
2025-05-08,GBPUSD=X,19.270885467529297
2025-05-09,GBPUSD=X,19.28744888305664
2025-05-12,GBPUSD=X,19.34369468688965
2025-05-13,GBPUSD=X,19.14508819580078
2025-05-14,GBPUSD=X,18.91858673095703
2025-05-15,GBPUSD=X,18.98124885559082
2025-05-16,GBPUSD=X,19.05845069885254
2025-05-19,GBPUSD=X,19.167821884155273
2025-05-20,GBPUSD=X,19.22406578063965
2025-05-21,GBPUSD=X,19.312423706054688
2025-05-22,GBPUSD=X,19.41921043395996
2025-05-23,GBPUSD=X,19.53078269958496
2025-05-26,GBPUSD=X,19.363195419311523
2025-05-27,GBPUSD=X,19.46478843688965
2025-05-28,GBPUSD=X,19.4959774017334
2025-05-29,GBPUSD=X,19.42729377746582
2025-05-30,GBPUSD=X,19.45325469970703
2025-06-02,GBPUSD=X,19.531526565551758
2025-06-03,GBPUSD=X,19.485248565673828
2025-06-04,GBPUSD=X,19.573394775390625
2025-06-05,GBPUSD=X,19.682462692260742
2025-06-06,GBPUSD=X,19.786888122558594
2025-06-09,GBPUSD=X,19.844388961791992
2025-06-10,GBPUSD=X,19.956083297729492
2025-06-11,GBPUSD=X,19.995712280273438
2025-06-12,GBPUSD=X,20.04227066040039
2025-06-13,GBPUSD=X,20.088064193725586
2025-06-16,GBPUSD=X,20.05294418334961
2025-06-17,GBPUSD=X,20.169029235839844
2025-06-18,GBPUSD=X,19.78885269165039
2025-06-19,GBPUSD=X,19.894973754882812
2025-06-20,GBPUSD=X,19.93425178527832
2025-06-23,GBPUSD=X,19.996543884277344
2025-06-24,GBPUSD=X,19.84245491027832
2025-06-25,GBPUSD=X,19.86081314086914
2025-06-26,GBPUSD=X,19.858789443969727
2025-06-27,GBPUSD=X,19.95892906188965
2025-02-26,GOOGL,5.3331708908081055
2025-02-27,GOOGL,5.31281042098999
2025-02-28,GOOGL,5.333568572998047
2025-03-03,GOOGL,5.333268642425537
2025-03-04,GOOGL,5.315864086151123
2025-03-05,GOOGL,5.333568572998047
2025-03-06,GOOGL,5.363132953643799
2025-03-07,GOOGL,5.387465000152588
2025-03-10,GOOGL,5.2466912269592285
2025-03-11,GOOGL,5.2678022384643555
2025-03-12,GOOGL,5.267669677734375
2025-03-13,GOOGL,5.2438178062438965
2025-03-14,GOOGL,5.249505519866943
2025-03-17,GOOGL,5.276049613952637
2025-03-18,GOOGL,5.268091678619385
2025-03-19,GOOGL,5.262949466705322
2025-03-20,GOOGL,5.290284633636475
2025-03-21,GOOGL,5.315698623657227
2025-03-24,GOOGL,5.301788330078125
2025-03-25,GOOGL,5.306967258453369
2025-03-26,GOOGL,5.251168727874756
2025-03-27,GOOGL,5.258667945861816
2025-03-28,GOOGL,5.106291770935059
2025-03-31,GOOGL,5.13512659072876
2025-04-01,GOOGL,5.1431803703308105
2025-04-02,GOOGL,5.172936916351318
2025-04-03,GOOGL,5.084635257720947
2025-04-04,GOOGL,5.035998344421387
2025-04-07,GOOGL,5.058445930480957
2025-04-08,GOOGL,5.076488018035889
2025-04-09,GOOGL,4.505475997924805
2025-04-10,GOOGL,4.463576316833496
2025-04-11,GOOGL,4.446458339691162
2025-04-14,GOOGL,4.463784694671631
2025-04-15,GOOGL,4.475373268127441
2025-04-16,GOOGL,4.484212398529053
2025-04-17,GOOGL,4.501244068145752
2025-04-21,GOOGL,4.502358436584473
2025-04-22,GOOGL,4.4906768798828125
2025-04-23,GOOGL,4.480380535125732
2025-04-24,GOOGL,4.471921443939209
2025-04-25,GOOGL,4.482682704925537
2025-04-28,GOOGL,4.505285263061523
2025-04-29,GOOGL,4.531066417694092
2025-04-30,GOOGL,4.553809642791748
2025-05-01,GOOGL,4.566105842590332
2025-05-02,GOOGL,4.5765700340271
2025-05-05,GOOGL,4.6030073165893555
2025-05-06,GOOGL,4.627729415893555
2025-05-07,GOOGL,4.38306999206543
2025-05-08,GOOGL,4.389133453369141
2025-05-09,GOOGL,4.410489082336426
2025-05-12,GOOGL,4.366182327270508
2025-05-13,GOOGL,4.389050483703613
2025-05-14,GOOGL,4.350104808807373
2025-05-15,GOOGL,4.371802806854248
2025-05-16,GOOGL,4.388345241546631
2025-05-19,GOOGL,4.413586139678955
2025-05-20,GOOGL,4.42731237411499
2025-05-21,GOOGL,4.414833068847656
2025-05-22,GOOGL,4.431649684906006
2025-05-23,GOOGL,4.446864128112793
2025-05-27,GOOGL,4.439124584197998
2025-05-28,GOOGL,4.464141368865967
2025-05-29,GOOGL,4.489388942718506
2025-05-30,GOOGL,4.515317916870117
2025-06-02,GOOGL,4.527572154998779
2025-06-03,GOOGL,4.538213729858398
2025-06-04,GOOGL,4.55792236328125
2025-06-05,GOOGL,4.584300518035889
2025-06-06,GOOGL,4.554694652557373
2025-06-09,GOOGL,4.569838047027588
2025-06-10,GOOGL,4.586490631103516
2025-06-11,GOOGL,4.609572887420654
2025-06-12,GOOGL,4.630496978759766
2025-06-13,GOOGL,4.654841899871826
2025-06-16,GOOGL,4.674413204193115
2025-06-17,GOOGL,4.69976282119751
2025-06-18,GOOGL,4.71245813369751
2025-06-20,GOOGL,4.650930881500244
2025-06-23,GOOGL,4.673413276672363
2025-06-24,GOOGL,4.695180416107178
2025-06-25,GOOGL,4.6905622482299805
2025-06-26,GOOGL,4.702034950256348
2025-06-27,GOOGL,4.682849407196045
2025-02-25,USDJPY=X,15.766203880310059
2025-02-26,USDJPY=X,15.800270080566406
2025-02-27,USDJPY=X,15.887516975402832
2025-02-28,USDJPY=X,15.830174446105957
2025-03-03,USDJPY=X,15.860692024230957
2025-03-04,USDJPY=X,15.745383262634277
2025-03-05,USDJPY=X,15.809172630310059
2025-03-06,USDJPY=X,15.824065208435059
2025-03-07,USDJPY=X,15.857775688171387
2025-03-10,USDJPY=X,15.927983283996582
2025-03-11,USDJPY=X,15.994771003723145
2025-03-12,USDJPY=X,15.974837303161621
2025-03-13,USDJPY=X,16.059133529663086
2025-03-14,USDJPY=X,16.143041610717773
2025-03-17,USDJPY=X,16.184425354003906
2025-03-18,USDJPY=X,16.205835342407227
2025-03-19,USDJPY=X,16.298673629760742
2025-03-20,USDJPY=X,16.29652214050293
2025-03-21,USDJPY=X,16.388721466064453
2025-03-24,USDJPY=X,16.34425163269043
2025-03-25,USDJPY=X,16.30180549621582
2025-03-26,USDJPY=X,16.324140548706055
2025-03-27,USDJPY=X,16.38663673400879
2025-03-28,USDJPY=X,16.465190887451172
2025-03-31,USDJPY=X,16.395278930664062
2025-04-01,USDJPY=X,16.479049682617188
2025-04-02,USDJPY=X,16.57304573059082
2025-04-03,USDJPY=X,16.26862335205078
2025-04-04,USDJPY=X,16.08167839050293
2025-04-07,USDJPY=X,16.11414337158203
2025-04-08,USDJPY=X,15.58348560333252
2025-04-09,USDJPY=X,15.326112747192383
2025-04-10,USDJPY=X,15.169543266296387
2025-04-11,USDJPY=X,14.185477256774902
2025-04-14,USDJPY=X,14.267587661743164
2025-04-15,USDJPY=X,14.3377046585083
2025-04-16,USDJPY=X,14.420605659484863
2025-04-17,USDJPY=X,14.39122200012207
2025-04-22,USDJPY=X,14.397990226745605
2025-04-23,USDJPY=X,14.17540168762207
2025-04-24,USDJPY=X,14.226885795593262
2025-04-25,USDJPY=X,14.3036527633667
2025-04-28,USDJPY=X,14.298240661621094
2025-04-29,USDJPY=X,14.180563926696777
2025-04-30,USDJPY=X,14.25922679901123
2025-05-01,USDJPY=X,14.290471076965332
2025-05-02,USDJPY=X,13.884053230285645
2025-05-05,USDJPY=X,13.921172142028809
2025-05-06,USDJPY=X,13.940757751464844
2025-05-07,USDJPY=X,13.998690605163574
2025-05-08,USDJPY=X,14.020126342773438
2025-05-09,USDJPY=X,13.737817764282227
2025-05-12,USDJPY=X,13.815505027770996
2025-05-13,USDJPY=X,13.4608154296875
2025-05-14,USDJPY=X,13.50127124786377
2025-05-15,USDJPY=X,13.532126426696777
2025-05-16,USDJPY=X,13.544160842895508
2025-05-19,USDJPY=X,13.617576599121094
2025-05-20,USDJPY=X,13.691125869750977
2025-05-21,USDJPY=X,13.745363235473633
2025-05-22,USDJPY=X,13.805790901184082
2025-05-23,USDJPY=X,13.883862495422363
2025-05-26,USDJPY=X,13.900324821472168
2025-05-27,USDJPY=X,13.979277610778809
2025-05-28,USDJPY=X,13.870192527770996
2025-05-29,USDJPY=X,13.773055076599121
2025-05-30,USDJPY=X,13.60979175567627
2025-06-02,USDJPY=X,13.688064575195312
2025-06-03,USDJPY=X,13.647499084472656
2025-06-04,USDJPY=X,13.578055381774902
2025-06-05,USDJPY=X,13.58067798614502
2025-06-06,USDJPY=X,13.606139183044434
2025-06-09,USDJPY=X,13.585139274597168
2025-06-10,USDJPY=X,13.662996292114258
2025-06-11,USDJPY=X,13.734132766723633
2025-06-12,USDJPY=X,13.78857707977295
2025-06-13,USDJPY=X,13.801902770996094
2025-06-16,USDJPY=X,13.816014289855957
2025-06-17,USDJPY=X,13.862433433532715
2025-06-18,USDJPY=X,13.908947944641113
2025-06-19,USDJPY=X,13.978344917297363
2025-06-20,USDJPY=X,14.052818298339844
2025-06-23,USDJPY=X,14.054305076599121
2025-06-24,USDJPY=X,14.129992485046387
2025-06-25,USDJPY=X,14.144081115722656
2025-06-26,USDJPY=X,14.225982666015625
2025-06-27,USDJPY=X,14.305914878845215
2025-02-26,META,5.52225923538208
2025-02-27,META,5.4950785636901855
2025-02-28,META,5.510077953338623
2025-03-03,META,5.49794340133667
2025-03-04,META,5.473010540008545
2025-03-05,META,5.450078010559082
2025-03-06,META,5.302419185638428
2025-03-07,META,5.331201076507568
2025-03-10,META,5.19271993637085
2025-03-11,META,5.210687637329102
2025-03-12,META,5.201700687408447
2025-03-13,META,5.058358669281006
2025-03-14,META,5.025786399841309
2025-03-17,META,5.0529375076293945
2025-03-18,META,4.979241847991943
2025-03-19,META,5.007591247558594
2025-03-20,META,5.035945415496826
2025-03-21,META,5.043782711029053
2025-03-24,META,4.973657608032227
2025-03-25,META,4.9938435554504395
2025-03-26,META,4.976938724517822
2025-03-27,META,4.990952968597412
2025-03-28,META,4.89065408706665
2025-03-31,META,4.918944835662842
2025-04-01,META,4.928800106048584
2025-04-02,META,4.956345081329346
2025-04-03,META,4.503750801086426
2025-04-04,META,4.405704021453857
2025-04-07,META,4.402985572814941
2025-04-08,META,4.423458099365234
2025-04-09,META,3.643005132675171
2025-04-10,META,3.5430076122283936
2025-04-11,META,3.5629653930664062
2025-04-14,META,3.5712430477142334
2025-04-15,META,3.583364486694336
2025-04-16,META,3.570423126220703
2025-04-17,META,3.5911011695861816
2025-04-21,META,3.5845375061035156
2025-04-22,META,3.575651168823242
2025-04-23,META,3.5530076026916504
2025-04-24,META,3.5571115016937256
2025-04-25,META,3.559279680252075
2025-04-28,META,3.5793519020080566
2025-04-29,META,3.5981552600860596
2025-04-30,META,3.616412878036499
2025-05-01,META,3.589905261993408
2025-05-02,META,3.5629780292510986
2025-05-05,META,3.583409070968628
2025-05-06,META,3.592733144760132
2025-05-07,META,3.6072323322296143
2025-05-08,META,3.6280956268310547
2025-05-09,META,3.646315336227417
2025-05-12,META,3.5081405639648438
2025-05-13,META,3.514029026031494
2025-05-14,META,3.534146547317505
2025-05-15,META,3.538367509841919
2025-05-16,META,3.5575520992279053
2025-05-19,META,3.578104019165039
2025-05-20,META,3.5976197719573975
2025-05-21,META,3.6180260181427
2025-05-22,META,3.638984441757202
2025-05-23,META,3.6526622772216797
2025-05-27,META,3.6591439247131348
2025-05-28,META,3.6803371906280518
2025-05-29,META,3.7016429901123047
2025-05-30,META,3.7229459285736084
2025-06-02,META,3.7098236083984375
2025-06-03,META,3.72943377494812
2025-06-04,META,3.7251224517822266
2025-06-05,META,3.7452199459075928
2025-06-06,META,3.758324146270752
2025-06-09,META,3.7783496379852295
2025-06-10,META,3.79731822013855
2025-06-11,META,3.813074827194214
2025-06-12,META,3.8348095417022705
2025-06-13,META,3.847407102584839
2025-06-16,META,3.8462140560150146
2025-06-17,META,3.8657116889953613
2025-06-18,META,3.887500762939453
2025-06-20,META,3.8947067260742188
2025-06-23,META,3.9013097286224365
2025-06-24,META,3.9136569499969482
2025-06-25,META,3.93451189994812
2025-06-26,META,3.940114974975586
2025-06-27,META,3.9607808589935303
2025-02-26,AMZN,5.751013278961182
2025-02-27,AMZN,5.706925868988037
2025-02-28,AMZN,5.711399555206299
2025-03-03,AMZN,5.619313716888428
2025-03-04,AMZN,5.647945404052734
2025-03-05,AMZN,5.630753993988037
2025-03-06,AMZN,5.527223110198975
2025-03-07,AMZN,5.554175853729248
2025-03-10,AMZN,5.532712936401367
2025-03-11,AMZN,5.553389072418213
2025-03-12,AMZN,5.5717644691467285
2025-03-13,AMZN,5.542948246002197
2025-03-14,AMZN,5.531493663787842
2025-03-17,AMZN,5.551759243011475
2025-03-18,AMZN,5.562971591949463
2025-03-19,AMZN,5.574619770050049
2025-03-20,AMZN,5.606149196624756
2025-03-21,AMZN,5.634073257446289
2025-03-24,AMZN,5.537994861602783
2025-03-25,AMZN,5.55655574798584
2025-03-26,AMZN,5.5392656326293945
2025-03-27,AMZN,5.571249485015869
2025-03-28,AMZN,5.429255962371826
2025-03-31,AMZN,5.446749210357666
2025-04-01,AMZN,5.468037128448486
2025-04-02,AMZN,5.461326599121094
2025-04-03,AMZN,4.870351314544678
2025-04-04,AMZN,4.794643402099609
2025-04-07,AMZN,4.778581142425537
2025-04-08,AMZN,4.768121242523193
2025-04-09,AMZN,4.081634521484375
2025-04-10,AMZN,4.006191253662109
2025-04-11,AMZN,4.013336658477783
2025-04-14,AMZN,4.029082775115967
2025-04-15,AMZN,4.045999526977539
2025-04-16,AMZN,4.0393218994140625
2025-04-17,AMZN,4.05992317199707
2025-04-21,AMZN,4.05100679397583
2025-04-22,AMZN,4.024299144744873
2025-04-23,AMZN,3.977128267288208
2025-04-24,AMZN,3.960136890411377
2025-04-25,AMZN,3.9766368865966797
2025-04-28,AMZN,3.998100757598877
2025-04-29,AMZN,4.021193504333496
2025-04-30,AMZN,4.035537242889404
2025-05-01,AMZN,4.0214524269104
2025-05-02,AMZN,4.044708251953125
2025-05-05,AMZN,4.0545878410339355
2025-05-06,AMZN,4.076291561126709
2025-05-07,AMZN,4.0838775634765625
2025-05-08,AMZN,4.094934463500977
2025-05-09,AMZN,4.117645740509033
2025-05-12,AMZN,3.9044349193573
2025-05-13,AMZN,3.9221057891845703
2025-05-14,AMZN,3.9433963298797607
2025-05-15,AMZN,3.9441311359405518
2025-05-16,AMZN,3.966923475265503
2025-05-19,AMZN,3.989765167236328
2025-05-20,AMZN,4.008531093597412
2025-05-21,AMZN,4.0233378410339355
2025-05-22,AMZN,4.043415069580078
2025-05-23,AMZN,4.062265872955322
2025-05-27,AMZN,4.062967777252197
2025-05-28,AMZN,4.0845794677734375
2025-05-29,AMZN,4.1075921058654785
2025-05-30,AMZN,4.130721569061279
2025-06-02,AMZN,4.1525092124938965
2025-06-03,AMZN,4.1754021644592285
2025-06-04,AMZN,4.197744846343994
2025-06-05,AMZN,4.221802234649658
2025-06-06,AMZN,4.21663761138916
2025-06-09,AMZN,4.231674671173096
2025-06-10,AMZN,4.256077766418457
2025-06-11,AMZN,4.2603678703308105
2025-06-12,AMZN,4.285013675689697
2025-06-13,AMZN,4.307992935180664
2025-06-16,AMZN,4.318443298339844
2025-06-17,AMZN,4.341132640838623
2025-06-18,AMZN,4.359770774841309
2025-06-20,AMZN,4.375392436981201
2025-06-23,AMZN,4.3986382484436035
2025-06-24,AMZN,4.4050188064575195
2025-06-25,AMZN,4.429490566253662
2025-06-26,AMZN,4.4284796714782715
2025-06-27,AMZN,4.41766881942749
2025-07-23,USDJPY=X,14.984786987304688
2025-07-24,USDJPY=X,15.055193901062012
2025-07-25,USDJPY=X,15.102012634277344
2025-07-28,USDJPY=X,15.129838943481445
2025-07-29,USDJPY=X,15.178128242492676
2025-07-30,USDJPY=X,15.265830039978027
2025-07-31,USDJPY=X,15.299667358398438
2025-08-01,USDJPY=X,15.179171562194824
2025-08-04,USDJPY=X,14.308802604675293
2025-08-05,USDJPY=X,14.368489265441895
2025-08-06,USDJPY=X,14.40488338470459
2025-08-07,USDJPY=X,14.477665901184082
2025-08-08,USDJPY=X,14.551533699035645
2025-08-11,USDJPY=X,14.579505920410156
2025-08-12,USDJPY=X,14.646997451782227
2025-08-13,USDJPY=X,14.720321655273438
2025-08-14,USDJPY=X,14.771296501159668
2025-08-15,USDJPY=X,14.828927993774414
2025-08-18,USDJPY=X,14.89903450012207
2025-08-19,USDJPY=X,14.948307991027832
2025-08-20,USDJPY=X,15.031718254089355
2025-08-21,USDJPY=X,15.103370666503906
2025-08-22,USDJPY=X,15.088357925415039
2025-08-25,USDJPY=X,15.052711486816406
2025-08-26,USDJPY=X,15.106688499450684
2025-08-27,USDJPY=X,15.182214736938477
2025-08-28,USDJPY=X,15.268183708190918
2025-08-29,USDJPY=X,15.330876350402832
2025-09-01,USDJPY=X,15.410287857055664
2025-09-02,USDJPY=X,15.499549865722656
2025-09-03,USDJPY=X,15.381924629211426
2025-09-04,USDJPY=X,15.439277648925781
2025-09-05,USDJPY=X,15.51427936553955
2025-09-08,USDJPY=X,15.60398006439209
2025-09-09,USDJPY=X,15.598472595214844
2025-09-10,USDJPY=X,15.688753128051758
2025-09-11,USDJPY=X,15.779273986816406
2025-09-12,USDJPY=X,15.86949634552002
2025-09-15,USDJPY=X,15.940703392028809
2025-09-16,USDJPY=X,16.025659561157227
2025-09-17,USDJPY=X,16.013111114501953
2025-09-18,USDJPY=X,16.07974624633789
2025-09-19,USDJPY=X,16.050275802612305
2025-09-22,USDJPY=X,16.141096115112305
2025-09-23,USDJPY=X,16.218969345092773
2025-09-24,USDJPY=X,16.311429977416992
2025-09-25,USDJPY=X,16.261213302612305
2025-09-26,USDJPY=X,16.224117279052734
2025-09-29,USDJPY=X,16.292688369750977
2025-09-30,USDJPY=X,16.310884475708008
2025-10-01,USDJPY=X,16.363622665405273
2025-10-02,USDJPY=X,16.36256217956543
2025-10-03,USDJPY=X,16.45676040649414
2025-10-06,USDJPY=X,15.883822441101074
2025-10-07,USDJPY=X,15.925979614257812
2025-10-08,USDJPY=X,15.73552131652832
2025-10-09,USDJPY=X,15.794868469238281
2025-10-10,USDJPY=X,15.881484985351562
2025-10-13,USDJPY=X,15.881973266601562
2025-10-14,USDJPY=X,15.96342658996582
2025-10-15,USDJPY=X,15.998745918273926
2025-10-16,USDJPY=X,16.026290893554688
2025-10-17,USDJPY=X,16.03791618347168
2025-10-20,USDJPY=X,16.071800231933594
2025-10-21,USDJPY=X,16.162195205688477
2025-10-22,USDJPY=X,16.13227653503418
2025-10-23,USDJPY=X,16.225706100463867
2025-10-24,USDJPY=X,16.28160285949707
2025-10-27,USDJPY=X,16.358552932739258
2025-10-28,USDJPY=X,16.433862686157227
2025-10-29,USDJPY=X,16.41834831237793
2025-10-30,USDJPY=X,16.41536521911621
2025-10-31,USDJPY=X,16.375017166137695
2025-11-03,USDJPY=X,16.46433448791504
2025-11-04,USDJPY=X,16.559326171875
2025-11-05,USDJPY=X,16.599763870239258
2025-11-06,USDJPY=X,16.672914505004883
2025-11-07,USDJPY=X,16.6137752532959
2025-11-10,USDJPY=X,16.63564682006836
2025-11-11,USDJPY=X,16.724035263061523
2025-11-12,USDJPY=X,16.818864822387695
2025-11-13,USDJPY=X,16.878522872924805
2025-11-14,USDJPY=X,16.973739624023438
2025-11-17,USDJPY=X,17.070507049560547
2025-11-18,USDJPY=X,17.123640060424805
2025-11-19,USDJPY=X,17.2180233001709
2025-11-20,USDJPY=X,17.096710205078125
2025-11-21,USDJPY=X,17.1864070892334
2025-11-24,USDJPY=X,17.215682983398438
2025-11-25,USDJPY=X,17.312223434448242
2025-11-26,USDJPY=X,17.33641242980957
2025-11-27,USDJPY=X,17.436235427856445
2025-07-23,INFY.NS,6.541663646697998
2025-07-24,INFY.NS,6.549775123596191
2025-07-25,INFY.NS,6.5025177001953125
2025-07-28,INFY.NS,6.540059566497803
2025-07-29,INFY.NS,6.5778374671936035
2025-07-30,INFY.NS,6.613076686859131
2025-07-31,INFY.NS,6.645582675933838
2025-08-01,INFY.NS,6.578591823577881
2025-08-04,INFY.NS,6.605184078216553
2025-08-05,INFY.NS,6.616943359375
2025-08-06,INFY.NS,6.617870330810547
2025-08-07,INFY.NS,6.655896186828613
2025-08-08,INFY.NS,6.682644844055176
2025-08-11,INFY.NS,6.717273235321045
2025-08-12,INFY.NS,6.755735874176025
2025-08-13,INFY.NS,6.793254375457764
2025-08-14,INFY.NS,6.787055969238281
2025-08-18,INFY.NS,6.817234992980957
2025-08-19,INFY.NS,6.853740215301514
2025-08-20,INFY.NS,6.6153178215026855
2025-08-21,INFY.NS,6.653542995452881
2025-08-22,INFY.NS,6.687324523925781
2025-08-25,INFY.NS,6.570991039276123
2025-08-26,INFY.NS,6.608783721923828
2025-08-28,INFY.NS,6.588730812072754
2025-08-29,INFY.NS,6.563991546630859
2025-09-01,INFY.NS,6.531475067138672
2025-09-02,INFY.NS,6.569310665130615
2025-09-03,INFY.NS,6.582101345062256
2025-09-04,INFY.NS,6.603382110595703
2025-09-05,INFY.NS,6.618987560272217
2025-09-08,INFY.NS,6.648873329162598
2025-09-09,INFY.NS,6.291467189788818
2025-09-10,INFY.NS,6.275838375091553
2025-09-11,INFY.NS,6.281833171844482
2025-09-12,INFY.NS,6.301403045654297
2025-09-15,INFY.NS,6.3206634521484375
2025-09-16,INFY.NS,6.35650634765625
2025-09-17,INFY.NS,6.384629726409912
2025-09-18,INFY.NS,6.399496555328369
2025-09-19,INFY.NS,6.436566352844238
2025-09-22,INFY.NS,6.371133804321289
2025-09-23,INFY.NS,6.407924175262451
2025-09-24,INFY.NS,6.444713115692139
2025-09-25,INFY.NS,6.476386547088623
2025-09-26,INFY.NS,6.428906440734863
2025-09-29,INFY.NS,6.4636101722717285
2025-09-30,INFY.NS,6.500940799713135
2025-10-01,INFY.NS,6.536545753479004
2025-10-03,INFY.NS,6.574118137359619
2025-10-06,INFY.NS,6.541054725646973
2025-10-07,INFY.NS,6.558599948883057
2025-10-08,INFY.NS,6.4926886558532715
2025-10-09,INFY.NS,6.514894962310791
2025-10-10,INFY.NS,6.550140380859375
2025-10-13,INFY.NS,6.556397438049316
2025-10-14,INFY.NS,6.593841075897217
2025-10-15,INFY.NS,6.615731239318848
2025-10-16,INFY.NS,6.653709411621094
2025-10-17,INFY.NS,6.625161170959473
2025-10-20,INFY.NS,6.628872871398926
2025-10-21,INFY.NS,6.655368804931641
2025-10-23,INFY.NS,6.4563517570495605
2025-10-24,INFY.NS,6.493157386779785
2025-10-27,INFY.NS,6.530429840087891
2025-10-28,INFY.NS,6.567020416259766
2025-10-29,INFY.NS,6.597386360168457
2025-10-30,INFY.NS,6.615951061248779
2025-10-31,INFY.NS,6.644859313964844
2025-11-03,INFY.NS,6.68239688873291
2025-11-04,INFY.NS,6.698122501373291
2025-11-06,INFY.NS,6.736885070800781
2025-11-07,INFY.NS,6.7668070793151855
2025-11-10,INFY.NS,6.697122097015381
2025-11-11,INFY.NS,6.714993953704834
2025-11-12,INFY.NS,6.721076488494873
2025-11-13,INFY.NS,6.752254009246826
2025-11-14,INFY.NS,6.67958927154541
2025-11-17,INFY.NS,6.716487884521484
2025-11-18,INFY.NS,6.72152853012085
2025-11-19,INFY.NS,6.5351409912109375
2025-11-20,INFY.NS,6.571336269378662
2025-11-21,INFY.NS,6.604816436767578
2025-11-24,INFY.NS,6.642617702484131
2025-11-25,INFY.NS,6.658963203430176
2025-11-26,INFY.NS,6.645453929901123
2025-11-27,INFY.NS,6.679602146148682
2025-07-24,IWM,6.697018623352051
2025-07-25,IWM,6.7343597412109375
2025-07-28,IWM,6.772679805755615
2025-07-29,IWM,6.802759647369385
2025-07-30,IWM,6.836123943328857
2025-07-31,IWM,6.855870246887207
2025-08-01,IWM,6.81647253036499
2025-08-04,IWM,6.769463539123535
2025-08-05,IWM,6.805026531219482
2025-08-06,IWM,6.843785285949707
2025-08-07,IWM,6.880720615386963
2025-08-08,IWM,6.920078277587891
2025-08-11,IWM,6.960049629211426
2025-08-12,IWM,6.84240198135376
2025-08-13,IWM,6.819892406463623
2025-08-14,IWM,6.824241638183594
2025-08-15,IWM,6.857676029205322
2025-08-18,IWM,6.895976543426514
2025-08-19,IWM,6.922181606292725
2025-08-20,IWM,6.958714962005615
2025-08-21,IWM,6.998451232910156
2025-08-22,IWM,6.766550540924072
2025-08-25,IWM,6.781520843505859
2025-08-26,IWM,6.811639308929443
2025-08-27,IWM,6.8447794914245605
2025-08-28,IWM,6.884430885314941
2025-08-29,IWM,6.918316841125488
2025-09-02,IWM,6.950257301330566
2025-09-03,IWM,6.989695072174072
2025-09-04,IWM,7.004851818084717
2025-09-05,IWM,7.042613983154297
2025-09-08,IWM,7.083291053771973
2025-09-09,IWM,7.114040374755859
2025-09-10,IWM,7.153473854064941
2025-09-11,IWM,7.132818698883057
2025-09-12,IWM,7.146655559539795
2025-09-15,IWM,7.186135292053223
2025-09-16,IWM,7.226004123687744
2025-09-17,IWM,7.267467498779297
2025-09-18,IWM,7.18960428237915
2025-09-19,IWM,7.213791847229004
2025-09-22,IWM,7.25140380859375
2025-09-23,IWM,7.290452003479004
2025-09-24,IWM,7.308038234710693
2025-09-25,IWM,7.324351787567139
2025-09-26,IWM,7.354465484619141
2025-09-29,IWM,7.397068977355957
2025-09-30,IWM,7.439913272857666
2025-10-01,IWM,7.482798099517822
2025-10-02,IWM,7.520019054412842
2025-10-03,IWM,7.5545244216918945
2025-10-06,IWM,7.596608638763428
2025-10-07,IWM,7.603980541229248
2025-10-08,IWM,7.626778602600098
2025-10-09,IWM,7.655533790588379
2025-10-10,IWM,7.4616379737854
2025-10-13,IWM,7.338682651519775
2025-10-14,IWM,7.34307336807251
2025-10-15,IWM,7.369632720947266
2025-10-16,IWM,7.298964977264404
2025-10-17,IWM,7.327245235443115
2025-10-20,IWM,7.294912815093994
2025-10-21,IWM,7.329061031341553
2025-10-22,IWM,7.314300537109375
2025-10-23,IWM,7.326934814453125
2025-10-24,IWM,7.342370510101318
2025-10-27,IWM,7.383866310119629
2025-10-28,IWM,7.416273593902588
2025-10-29,IWM,7.436932563781738
2025-10-30,IWM,7.4600372314453125
2025-10-31,IWM,7.498322486877441
2025-11-03,IWM,7.537242889404297
2025-11-04,IWM,7.499886512756348
2025-11-05,IWM,7.499411106109619
2025-11-06,IWM,7.4598708152771
2025-11-07,IWM,7.498424530029297
2025-11-10,IWM,7.5217485427856445
2025-11-11,IWM,7.565319061279297
2025-11-12,IWM,7.606258392333984
2025-11-13,IWM,7.446876049041748
2025-11-14,IWM,7.488739967346191
2025-11-17,IWM,7.433415412902832
2025-11-18,IWM,7.474803924560547
2025-11-19,IWM,7.518024444580078
2025-11-20,IWM,7.476278781890869
2025-11-21,IWM,7.337470531463623
2025-11-24,IWM,7.3099846839904785
2025-11-25,IWM,7.255112648010254
2025-11-26,IWM,7.283581733703613
2025-07-24,DX-Y.NYB,20.52134132385254
2025-07-25,DX-Y.NYB,20.588586807250977
2025-07-28,DX-Y.NYB,20.152565002441406
2025-07-29,DX-Y.NYB,20.231691360473633
2025-07-30,DX-Y.NYB,19.829328536987305
2025-07-31,DX-Y.NYB,19.93927001953125
2025-08-01,DX-Y.NYB,19.30374526977539
2025-08-04,DX-Y.NYB,19.40962028503418
2025-08-05,DX-Y.NYB,19.521738052368164
2025-08-06,DX-Y.NYB,19.493505477905273
2025-08-07,DX-Y.NYB,19.57828712463379
2025-08-08,DX-Y.NYB,19.67586326599121
2025-08-11,DX-Y.NYB,19.727434158325195
2025-08-12,DX-Y.NYB,19.772890090942383
2025-08-13,DX-Y.NYB,19.863832473754883
2025-08-14,DX-Y.NYB,19.88676643371582
2025-08-15,DX-Y.NYB,19.938749313354492
2025-08-18,DX-Y.NYB,19.995080947875977
2025-08-19,DX-Y.NYB,20.10283660888672
2025-08-20,DX-Y.NYB,20.219083786010742
2025-08-21,DX-Y.NYB,20.246612548828125
2025-08-22,DX-Y.NYB,20.000417709350586
2025-08-25,DX-Y.NYB,19.856399536132812
2025-08-26,DX-Y.NYB,19.95745849609375
2025-08-27,DX-Y.NYB,20.072708129882812
2025-08-28,DX-Y.NYB,20.115673065185547
2025-08-29,DX-Y.NYB,20.23217010498047
2025-09-02,DX-Y.NYB,20.1359806060791
2025-09-03,DX-Y.NYB,20.225988388061523
2025-09-04,DX-Y.NYB,20.31561851501465
2025-09-05,DX-Y.NYB,20.282262802124023
2025-09-08,DX-Y.NYB,20.358173370361328
2025-09-09,DX-Y.NYB,20.40554428100586
2025-09-10,DX-Y.NYB,20.523555755615234
2025-09-11,DX-Y.NYB,20.61960792541504
2025-09-12,DX-Y.NYB,20.738136291503906
2025-09-15,DX-Y.NYB,20.832735061645508
2025-09-16,DX-Y.NYB,20.736112594604492
2025-09-17,DX-Y.NYB,20.813373565673828
2025-09-18,DX-Y.NYB,20.788454055786133
2025-09-19,DX-Y.NYB,20.853025436401367
2025-09-22,DX-Y.NYB,20.930850982666016
2025-09-23,DX-Y.NYB,21.051279067993164
2025-09-24,DX-Y.NYB,20.94500160217285
2025-09-25,DX-Y.NYB,20.79955291748047
2025-09-26,DX-Y.NYB,20.842721939086914
2025-09-29,DX-Y.NYB,20.93775749206543
2025-09-30,DX-Y.NYB,21.051620483398438
2025-10-01,DX-Y.NYB,21.172880172729492
2025-10-02,DX-Y.NYB,21.28007698059082
2025-10-03,DX-Y.NYB,21.39680290222168
2025-10-06,DX-Y.NYB,21.42085075378418
2025-10-07,DX-Y.NYB,21.40643882751465
2025-10-08,DX-Y.NYB,21.48404884338379
2025-10-09,DX-Y.NYB,21.329296112060547
2025-10-10,DX-Y.NYB,21.28139877319336
2025-10-13,DX-Y.NYB,21.35454750061035
2025-10-14,DX-Y.NYB,21.45242691040039
2025-10-15,DX-Y.NYB,21.540388107299805
2025-10-16,DX-Y.NYB,21.577293395996094
2025-10-17,DX-Y.NYB,21.70046043395996
2025-10-20,DX-Y.NYB,21.807767868041992
2025-10-21,DX-Y.NYB,21.858596801757812
2025-10-22,DX-Y.NYB,21.984952926635742
2025-10-23,DX-Y.NYB,22.110811233520508
2025-10-24,DX-Y.NYB,22.23868179321289
2025-10-27,DX-Y.NYB,22.35077476501465
2025-10-28,DX-Y.NYB,22.47609519958496
2025-10-29,DX-Y.NYB,22.413869857788086
2025-10-30,DX-Y.NYB,22.479215621948242
2025-10-31,DX-Y.NYB,22.561389923095703
2025-11-03,DX-Y.NYB,22.689023971557617
2025-11-04,DX-Y.NYB,22.74018096923828
2025-11-05,DX-Y.NYB,22.871442794799805
2025-11-06,DX-Y.NYB,22.851119995117188
2025-11-07,DX-Y.NYB,22.97178077697754
2025-11-10,DX-Y.NYB,23.10455894470215
2025-11-11,DX-Y.NYB,23.22035789489746
2025-11-12,DX-Y.NYB,23.35451316833496
2025-11-13,DX-Y.NYB,23.424814224243164
2025-11-14,DX-Y.NYB,23.55372428894043
2025-11-17,DX-Y.NYB,23.61092185974121
2025-11-18,DX-Y.NYB,23.746524810791016
2025-11-19,DX-Y.NYB,23.53406524658203
2025-11-20,DX-Y.NYB,23.66602897644043
2025-11-21,DX-Y.NYB,23.802976608276367
2025-11-24,DX-Y.NYB,23.93923568725586
2025-11-25,DX-Y.NYB,23.895835876464844
2025-11-26,DX-Y.NYB,24.031442642211914
2025-07-24,AAPL,4.7903876304626465
2025-07-25,AAPL,4.81813383102417
2025-07-28,AAPL,4.846028804779053
2025-07-29,AAPL,4.862672328948975
2025-07-30,AAPL,4.883408069610596
2025-07-31,AAPL,4.908346652984619
2025-08-01,AAPL,4.895294189453125
2025-08-04,AAPL,4.9218854904174805
2025-08-05,AAPL,4.950170040130615
2025-08-06,AAPL,4.806556224822998
2025-08-07,AAPL,4.772639751434326
2025-08-08,AAPL,4.695785045623779
2025-08-11,AAPL,4.717706203460693
2025-08-12,AAPL,4.7392191886901855
2025-08-13,AAPL,4.753241062164307
2025-08-14,AAPL,4.7799577713012695
2025-08-15,AAPL,4.805120944976807
2025-08-18,AAPL,4.831837177276611
2025-08-19,AAPL,4.859404563903809
2025-08-20,AAPL,4.85934591293335
2025-08-21,AAPL,4.885310649871826
2025-08-22,AAPL,4.904183387756348
2025-08-25,AAPL,4.931735038757324
2025-08-26,AAPL,4.955282211303711
2025-08-27,AAPL,4.982790946960449
2025-08-28,AAPL,5.007209300994873
2025-08-29,AAPL,5.03559684753418
2025-09-02,AAPL,5.055114269256592
2025-09-03,AAPL,4.9856953620910645
2025-09-04,AAPL,5.013388156890869
2025-09-05,AAPL,5.042193412780762
2025-09-08,AAPL,5.06552267074585
2025-09-09,AAPL,5.075606822967529
2025-09-10,AAPL,5.023752212524414
2025-09-11,AAPL,5.039635181427002
2025-09-12,AAPL,5.048664093017578
2025-09-15,AAPL,5.070369720458984
2025-09-16,AAPL,5.097945213317871
2025-09-17,AAPL,5.127090930938721
2025-09-18,AAPL,5.154080867767334
2025-09-19,AAPL,5.111291408538818
2025-09-22,AAPL,5.014309406280518
2025-09-23,AAPL,5.03816556930542
2025-09-24,AAPL,5.059637546539307
2025-09-25,AAPL,5.069569110870361
2025-09-26,AAPL,5.094740867614746
2025-09-29,AAPL,5.1215643882751465
2025-09-30,AAPL,5.1511430740356445
2025-10-01,AAPL,5.180838584899902
2025-10-02,AAPL,5.209096431732178
2025-10-03,AAPL,5.2390828132629395
2025-10-06,AAPL,5.265297889709473
2025-10-07,AAPL,5.295199871063232
2025-10-08,AAPL,5.324288845062256
2025-10-09,AAPL,5.329048156738281
2025-10-10,AAPL,5.250119209289551
2025-10-13,AAPL,5.274604320526123
2025-10-14,AAPL,5.305088996887207
2025-10-15,AAPL,5.333705425262451
2025-10-16,AAPL,5.357614040374756
2025-10-17,AAPL,5.359633922576904
2025-10-20,AAPL,5.268543720245361
2025-10-21,AAPL,5.2990641593933105
2025-10-22,AAPL,5.301246643066406
2025-10-23,AAPL,5.331368923187256
2025-10-24,AAPL,5.352356910705566
2025-10-27,AAPL,5.3455376625061035
2025-10-28,AAPL,5.376326084136963
2025-10-29,AAPL,5.407450199127197
2025-10-30,AAPL,5.43720006942749
2025-10-31,AAPL,5.465431213378906
2025-11-03,AAPL,5.49254846572876
2025-11-04,AAPL,5.524106979370117
2025-11-05,AAPL,5.5558390617370605
2025-11-06,AAPL,5.5868964195251465
2025-11-07,AAPL,5.614657878875732
2025-11-10,AAPL,5.646478176116943
2025-11-11,AAPL,5.6398515701293945
2025-11-12,AAPL,5.664910793304443
2025-11-13,AAPL,5.696095943450928
2025-11-14,AAPL,5.727408409118652
2025-11-17,AAPL,5.717545986175537
2025-11-18,AAPL,5.750316143035889
2025-11-19,AAPL,5.782966136932373
2025-11-20,AAPL,5.804673671722412
2025-11-21,AAPL,5.802247047424316
2025-11-24,AAPL,5.812610149383545
2025-11-25,AAPL,5.84591817855835
2025-11-26,AAPL,5.8797831535339355
2025-07-23,RELIANCE.NS,7.45888090133667
2025-07-24,RELIANCE.NS,7.443941593170166
2025-07-25,RELIANCE.NS,7.470785617828369
2025-07-28,RELIANCE.NS,7.511635780334473
2025-07-29,RELIANCE.NS,7.450161933898926
2025-07-30,RELIANCE.NS,7.4864630699157715
2025-07-31,RELIANCE.NS,7.4799323081970215
2025-08-01,RELIANCE.NS,7.522007942199707
2025-08-04,RELIANCE.NS,7.52777099609375
2025-08-05,RELIANCE.NS,7.521216869354248
2025-08-06,RELIANCE.NS,7.5647101402282715
2025-08-07,RELIANCE.NS,7.606762886047363
2025-08-08,RELIANCE.NS,7.589227199554443
2025-08-11,RELIANCE.NS,7.58858060836792
2025-08-12,RELIANCE.NS,7.6277971267700195
2025-08-13,RELIANCE.NS,7.671441078186035
2025-08-14,RELIANCE.NS,7.714217662811279
2025-08-18,RELIANCE.NS,7.750596523284912
2025-08-19,RELIANCE.NS,7.600391387939453
2025-08-20,RELIANCE.NS,7.636855602264404
2025-08-21,RELIANCE.NS,7.6652069091796875
2025-08-22,RELIANCE.NS,7.675974369049072
2025-08-25,RELIANCE.NS,7.719388484954834
2025-08-26,RELIANCE.NS,7.660868167877197
2025-08-28,RELIANCE.NS,7.705174446105957
2025-08-29,RELIANCE.NS,7.638156414031982
2025-09-01,RELIANCE.NS,7.680957794189453
2025-09-02,RELIANCE.NS,7.702783107757568
2025-09-03,RELIANCE.NS,7.742287635803223
2025-09-04,RELIANCE.NS,7.761947154998779
2025-09-05,RELIANCE.NS,7.771360874176025
2025-09-08,RELIANCE.NS,7.814784526824951
2025-09-09,RELIANCE.NS,7.859171390533447
2025-09-10,RELIANCE.NS,7.904638767242432
2025-09-11,RELIANCE.NS,7.944831848144531
2025-09-12,RELIANCE.NS,7.971253395080566
2025-09-15,RELIANCE.NS,8.015134811401367
2025-09-16,RELIANCE.NS,8.056886672973633
2025-09-17,RELIANCE.NS,8.093852996826172
2025-09-18,RELIANCE.NS,8.140681266784668
2025-09-19,RELIANCE.NS,8.177555084228516
2025-09-22,RELIANCE.NS,8.178215980529785
2025-09-23,RELIANCE.NS,8.225401878356934
2025-09-24,RELIANCE.NS,8.2648344039917
2025-09-25,RELIANCE.NS,8.293157577514648
2025-09-26,RELIANCE.NS,8.33664608001709
2025-09-29,RELIANCE.NS,8.38071346282959
2025-09-30,RELIANCE.NS,8.41526985168457
2025-10-01,RELIANCE.NS,8.459925651550293
2025-10-03,RELIANCE.NS,8.50371265411377
2025-10-06,RELIANCE.NS,8.527499198913574
2025-10-07,RELIANCE.NS,8.559313774108887
2025-10-08,RELIANCE.NS,8.55158519744873
2025-10-09,RELIANCE.NS,8.580565452575684
2025-10-10,RELIANCE.NS,8.627567291259766
2025-10-13,RELIANCE.NS,8.668496131896973
2025-10-14,RELIANCE.NS,8.718584060668945
2025-10-15,RELIANCE.NS,8.768512725830078
2025-10-16,RELIANCE.NS,8.7049560546875
2025-10-17,RELIANCE.NS,8.692684173583984
2025-10-20,RELIANCE.NS,8.31954288482666
2025-10-21,RELIANCE.NS,8.366552352905273
2025-10-23,RELIANCE.NS,8.365263938903809
2025-10-24,RELIANCE.NS,8.412906646728516
2025-10-27,RELIANCE.NS,8.305591583251953
2025-10-28,RELIANCE.NS,8.353395462036133
2025-10-29,RELIANCE.NS,8.363863945007324
2025-10-30,RELIANCE.NS,8.3685941696167
2025-10-31,RELIANCE.NS,8.415263175964355
2025-11-03,RELIANCE.NS,8.462607383728027
2025-11-04,RELIANCE.NS,8.485687255859375
2025-11-06,RELIANCE.NS,8.458952903747559
2025-11-07,RELIANCE.NS,8.449841499328613
2025-11-10,RELIANCE.NS,8.482629776000977
2025-11-11,RELIANCE.NS,8.53052806854248
2025-11-12,RELIANCE.NS,8.535566329956055
2025-11-13,RELIANCE.NS,8.584303855895996
2025-11-14,RELIANCE.NS,8.627376556396484
2025-11-17,RELIANCE.NS,8.676589965820312
2025-11-18,RELIANCE.NS,8.726818084716797
2025-11-19,RELIANCE.NS,8.77667236328125
2025-11-20,RELIANCE.NS,8.693194389343262
2025-11-21,RELIANCE.NS,8.740522384643555
2025-11-24,RELIANCE.NS,8.766149520874023
2025-11-25,RELIANCE.NS,8.81620979309082
2025-11-26,RELIANCE.NS,8.736407279968262
2025-11-27,RELIANCE.NS,8.775634765625
2025-07-24,NVDA,3.1299149990081787
2025-07-25,NVDA,3.1475706100463867
2025-07-28,NVDA,3.16182804107666
2025-07-29,NVDA,3.177978277206421
2025-07-30,NVDA,3.1907241344451904
2025-07-31,NVDA,3.2066147327423096
2025-08-01,NVDA,3.211333990097046
2025-08-04,NVDA,3.2100541591644287
2025-08-05,NVDA,3.2251548767089844
2025-08-06,NVDA,3.243696928024292
2025-08-07,NVDA,3.2622203826904297
2025-08-08,NVDA,3.2801990509033203
2025-08-11,NVDA,3.2980847358703613
2025-08-12,NVDA,3.3170926570892334
2025-08-13,NVDA,3.333080768585205
2025-08-14,NVDA,3.3523495197296143
2025-08-15,NVDA,3.3684937953948975
2025-08-18,NVDA,3.3874480724334717
2025-08-19,NVDA,3.3744125366210938
2025-08-20,NVDA,3.3935039043426514
2025-08-21,NVDA,3.41247820854187
2025-08-22,NVDA,3.4277305603027344
2025-08-25,NVDA,3.4464664459228516
2025-08-26,NVDA,3.46509051322937
2025-08-27,NVDA,3.484715223312378
2025-08-28,NVDA,3.501856565475464
2025-08-29,NVDA,3.4899628162384033
2025-09-02,NVDA,3.498138189315796
2025-09-03,NVDA,3.5181045532226562
2025-09-04,NVDA,3.5381665229797363
2025-09-05,NVDA,3.5367283821105957
2025-09-08,NVDA,3.556450605392456
2025-09-09,NVDA,3.573188543319702
2025-09-10,NVDA,3.5604970455169678
2025-09-11,NVDA,3.5807735919952393
2025-09-12,NVDA,3.601496934890747
2025-09-15,NVDA,3.6220879554748535
2025-09-16,NVDA,3.63340425491333
2025-09-17,NVDA,3.6319520473480225
2025-09-18,NVDA,3.6240479946136475
2025-09-19,NVDA,3.6450412273406982
2025-09-22,NVDA,3.629488468170166
2025-09-23,NVDA,3.624182939529419
2025-09-24,NVDA,3.6419894695281982
2025-09-25,NVDA,3.66302227973938
2025-09-26,NVDA,3.6842403411865234
2025-09-29,NVDA,3.6963772773742676
2025-09-30,NVDA,3.7022953033447266
2025-10-01,NVDA,3.7237350940704346
2025-10-02,NVDA,3.744321584701538
2025-10-03,NVDA,3.763124942779541
2025-10-06,NVDA,3.7789146900177
2025-10-07,NVDA,3.799868106842041
2025-10-08,NVDA,3.8103408813476562
2025-10-09,NVDA,3.8250255584716797
2025-10-10,NVDA,3.763517379760742
2025-10-13,NVDA,3.765507459640503
2025-10-14,NVDA,3.722064733505249
2025-10-15,NVDA,3.743281126022339
2025-10-16,NVDA,3.7626826763153076
2025-10-17,NVDA,3.783599615097046
2025-10-20,NVDA,3.8045475482940674
2025-10-21,NVDA,3.823140859603882
2025-10-22,NVDA,3.8436760902404785
2025-10-23,NVDA,3.8637332916259766
2025-10-24,NVDA,3.8726913928985596
2025-10-27,NVDA,3.873603105545044
2025-10-28,NVDA,3.824655532836914
2025-10-29,NVDA,3.8244659900665283
2025-10-30,NVDA,3.828831911087036
2025-10-31,NVDA,3.850100040435791
2025-11-03,NVDA,3.8614461421966553
2025-11-04,NVDA,3.82413911819458
2025-11-05,NVDA,3.832897663116455
2025-11-06,NVDA,3.8063602447509766
2025-11-07,NVDA,3.82828950881958
2025-11-10,NVDA,3.7550199031829834
2025-11-11,NVDA,3.7451629638671875
2025-11-12,NVDA,3.7668423652648926
2025-11-13,NVDA,3.744462728500366
2025-11-14,NVDA,3.758906602859497
2025-11-17,NVDA,3.7672600746154785
2025-11-18,NVDA,3.7616138458251953
2025-11-19,NVDA,3.7618930339813232
2025-11-20,NVDA,3.7498977184295654
2025-11-21,NVDA,3.7677154541015625
2025-11-24,NVDA,3.7785725593566895
2025-11-25,NVDA,3.7771241664886475
2025-11-26,NVDA,3.7943599224090576
2025-07-24,EEM,8.67890739440918
2025-07-25,EEM,8.722206115722656
2025-07-28,EEM,8.749056816101074
2025-07-29,EEM,8.799519538879395
2025-07-30,EEM,8.82269287109375
2025-07-31,EEM,8.855767250061035
2025-08-01,EEM,8.879253387451172
2025-08-04,EEM,8.894916534423828
2025-08-05,EEM,8.945023536682129
2025-08-06,EEM,8.991271018981934
2025-08-07,EEM,9.021333694458008
2025-08-08,EEM,9.072000503540039
2025-08-11,EEM,9.117907524108887
2025-08-12,EEM,9.117890357971191
2025-08-13,EEM,9.120428085327148
2025-08-14,EEM,9.09414291381836
2025-08-15,EEM,9.146824836730957
2025-08-18,EEM,9.190430641174316
2025-08-19,EEM,9.204874038696289
2025-08-20,EEM,9.255370140075684
2025-08-21,EEM,9.304068565368652
2025-08-22,EEM,9.197970390319824
2025-08-25,EEM,9.229601860046387
2025-08-26,EEM,9.276702880859375
2025-08-27,EEM,9.307441711425781
2025-08-28,EEM,9.357887268066406
2025-08-29,EEM,9.395950317382812
2025-09-02,EEM,9.44880199432373
2025-09-03,EEM,9.499735832214355
2025-09-04,EEM,9.546001434326172
2025-09-05,EEM,9.541226387023926
2025-09-08,EEM,9.564879417419434
2025-09-09,EEM,9.61108684539795
2025-09-10,EEM,9.65100383758545
2025-09-11,EEM,9.61826229095459
2025-09-12,EEM,9.671857833862305
2025-09-15,EEM,9.710411071777344
2025-09-16,EEM,9.748549461364746
2025-09-17,EEM,9.801009178161621
2025-09-18,EEM,9.848960876464844
2025-09-19,EEM,9.898040771484375
2025-09-22,EEM,9.949053764343262
2025-09-23,EEM,10.006128311157227
2025-09-24,EEM,10.05023193359375
2025-09-25,EEM,10.07745361328125
2025-09-26,EEM,10.129462242126465
2025-09-29,EEM,10.152823448181152
2025-09-30,EEM,10.207942008972168
2025-10-01,EEM,10.242475509643555
2025-10-02,EEM,10.295984268188477
2025-10-03,EEM,10.354474067687988
2025-10-06,EEM,10.408769607543945
2025-10-07,EEM,10.413139343261719
2025-10-08,EEM,10.447041511535645
2025-10-09,EEM,10.416693687438965
2025-10-10,EEM,9.638969421386719
2025-10-13,EEM,9.31627368927002
2025-10-14,EEM,9.321274757385254
2025-10-15,EEM,9.270434379577637
2025-10-16,EEM,9.312390327453613
2025-10-17,EEM,9.365070343017578
2025-10-20,EEM,9.350234985351562
2025-10-21,EEM,9.329997062683105
2025-10-22,EEM,9.381443977355957
2025-10-23,EEM,9.409902572631836
2025-10-24,EEM,9.4522066116333
2025-10-27,EEM,9.463683128356934
2025-10-28,EEM,9.516507148742676
2025-10-29,EEM,9.563390731811523
2025-10-30,EEM,9.547053337097168
2025-10-31,EEM,9.594795227050781
2025-11-03,EEM,9.638705253601074
2025-11-04,EEM,9.498221397399902
2025-11-05,EEM,9.524896621704102
2025-11-06,EEM,9.54151725769043
2025-11-07,EEM,9.58784008026123
2025-11-10,EEM,9.51206111907959
2025-11-11,EEM,9.567091941833496
2025-11-12,EEM,9.62169361114502
2025-11-13,EEM,9.590781211853027
2025-11-14,EEM,9.646058082580566
2025-11-17,EEM,9.614994049072266
2025-11-18,EEM,9.651817321777344
2025-11-19,EEM,9.69697093963623
2025-11-20,EEM,9.64173698425293
2025-11-21,EEM,9.69704532623291
2025-11-24,EEM,9.70445442199707
2025-11-25,EEM,9.757153511047363
2025-11-26,EEM,9.792895317077637
2025-07-24,TLT,11.829265594482422
2025-07-25,TLT,11.858782768249512
2025-07-28,TLT,11.888665199279785
2025-07-29,TLT,11.688350677490234
2025-07-30,TLT,11.73151683807373
2025-07-31,TLT,11.799153327941895
2025-08-01,TLT,11.682112693786621
2025-08-04,TLT,11.743735313415527
2025-08-05,TLT,11.80408763885498
2025-08-06,TLT,11.838912963867188
2025-08-07,TLT,11.904234886169434
2025-08-08,TLT,11.95407772064209
2025-08-11,TLT,12.022208213806152
2025-08-12,TLT,12.065906524658203
2025-08-13,TLT,12.068068504333496
2025-08-14,TLT,12.081361770629883
2025-08-15,TLT,12.100038528442383
2025-08-18,TLT,12.161938667297363
2025-08-19,TLT,12.19700813293457
2025-08-20,TLT,12.2626371383667
2025-08-21,TLT,12.307791709899902
2025-08-22,TLT,12.320442199707031
2025-08-25,TLT,12.38275146484375
2025-08-26,TLT,12.454113006591797
2025-08-27,TLT,12.524786949157715
2025-08-28,TLT,12.54892349243164
2025-08-29,TLT,12.563950538635254
2025-09-02,TLT,12.574764251708984
2025-09-03,TLT,12.510485649108887
2025-09-04,TLT,12.51888656616211
2025-09-05,TLT,12.342379570007324
2025-09-08,TLT,12.23530101776123
2025-09-09,TLT,12.267210006713867
2025-09-10,TLT,12.308211326599121
2025-09-11,TLT,12.338013648986816
2025-09-12,TLT,12.384690284729004
2025-09-15,TLT,12.452556610107422
2025-09-16,TLT,12.521721839904785
2025-09-17,TLT,12.583982467651367
2025-09-18,TLT,12.526952743530273
2025-09-19,TLT,12.593935012817383
2025-09-22,TLT,12.649625778198242
2025-09-23,TLT,12.670801162719727
2025-09-24,TLT,12.724349975585938
2025-09-25,TLT,12.797966957092285
2025-09-26,TLT,12.870436668395996
2025-09-29,TLT,12.868861198425293
2025-09-30,TLT,12.930498123168945
2025-10-01,TLT,12.999101638793945
2025-10-02,TLT,13.066168785095215
2025-10-03,TLT,13.135268211364746
2025-10-06,TLT,13.123214721679688
2025-10-07,TLT,13.160430908203125
2025-10-08,TLT,13.2363862991333
2025-10-09,TLT,13.311436653137207
2025-10-10,TLT,13.063090324401855
2025-10-13,TLT,13.137373924255371
2025-10-14,TLT,13.20390796661377
2025-10-15,TLT,13.270726203918457
2025-10-16,TLT,13.282341003417969
2025-10-17,TLT,13.353416442871094
2025-10-20,TLT,13.415992736816406
2025-10-21,TLT,13.467828750610352
2025-10-22,TLT,13.545846939086914
2025-10-23,TLT,13.545821189880371
2025-10-24,TLT,13.624277114868164
2025-10-27,TLT,13.691492080688477
2025-10-28,TLT,13.764693260192871
2025-10-29,TLT,13.676970481872559
2025-10-30,TLT,13.698748588562012
2025-10-31,TLT,13.76134967803955
2025-11-03,TLT,13.828892707824707
2025-11-04,TLT,13.903552055358887
2025-11-05,TLT,13.793929100036621
2025-11-06,TLT,13.75994873046875
2025-11-07,TLT,13.83082103729248
2025-11-10,TLT,13.910539627075195
2025-11-11,TLT,13.962916374206543
2025-11-12,TLT,14.04057502746582
2025-11-13,TLT,14.007376670837402
2025-11-14,TLT,14.0330810546875
2025-11-17,TLT,14.106117248535156
2025-11-18,TLT,14.187349319458008
2025-11-19,TLT,14.261448860168457
2025-11-20,TLT,14.320752143859863
2025-11-21,TLT,14.3905668258667
2025-11-24,TLT,14.423807144165039
2025-11-25,TLT,14.498804092407227
2025-11-26,TLT,14.553799629211426
2025-07-24,MSFT,6.482216835021973
2025-07-25,MSFT,6.517714023590088
2025-07-28,MSFT,6.552547454833984
2025-07-29,MSFT,6.5900092124938965
2025-07-30,MSFT,6.628131866455078
2025-07-31,MSFT,6.443156719207764
2025-08-01,MSFT,6.420817852020264
2025-08-04,MSFT,6.3988237380981445
2025-08-05,MSFT,6.392928600311279
2025-08-06,MSFT,6.4217400550842285
2025-08-07,MSFT,6.444375038146973
2025-08-08,MSFT,6.481683254241943
2025-08-11,MSFT,6.518313884735107
2025-08-12,MSFT,6.531769752502441
2025-08-13,MSFT,6.516443729400635
2025-08-14,MSFT,6.553662300109863
2025-08-15,MSFT,6.585340976715088
2025-08-18,MSFT,6.6139235496521
2025-08-19,MSFT,6.611106872558594
2025-08-20,MSFT,6.634751319885254
2025-08-21,MSFT,6.671993255615234
2025-08-22,MSFT,6.707099914550781
2025-08-25,MSFT,6.736881256103516
2025-08-26,MSFT,6.770188331604004
2025-08-27,MSFT,6.797805309295654
2025-08-28,MSFT,6.833761692047119
2025-08-29,MSFT,6.863945007324219
2025-09-02,MSFT,6.9001054763793945
2025-09-03,MSFT,6.939953804016113
2025-09-04,MSFT,6.977219581604004
2025-09-05,MSFT,6.881978511810303
2025-09-08,MSFT,6.91628885269165
2025-09-09,MSFT,6.956277370452881
2025-09-10,MSFT,6.994981288909912
2025-09-11,MSFT,7.035495758056641
2025-09-12,MSFT,7.021722316741943
2025-09-15,MSFT,7.044888973236084
2025-09-16,MSFT,7.048789978027344
2025-09-17,MSFT,7.089526653289795
2025-09-18,MSFT,7.126808166503906
2025-09-19,MSFT,7.105931282043457
2025-09-22,MSFT,7.133664131164551
2025-09-23,MSFT,7.1479997634887695
2025-09-24,MSFT,7.189321994781494
2025-09-25,MSFT,7.219726085662842
2025-09-26,MSFT,7.249011516571045
2025-09-29,MSFT,7.285653114318848
2025-09-30,MSFT,7.321717739105225
2025-10-01,MSFT,7.363141059875488
2025-10-02,MSFT,7.387575626373291
2025-10-03,MSFT,7.429534912109375
2025-10-06,MSFT,7.376526832580566
2025-10-07,MSFT,7.395732402801514
2025-10-08,MSFT,7.438553810119629
2025-10-09,MSFT,7.473124027252197
2025-10-10,MSFT,7.391460418701172
2025-10-13,MSFT,7.428465366363525
2025-10-14,MSFT,7.470548152923584
2025-10-15,MSFT,7.513404369354248
2025-10-16,MSFT,7.55183744430542
2025-10-17,MSFT,7.593573093414307
2025-10-20,MSFT,7.630739688873291
2025-10-21,MSFT,7.6748528480529785
2025-10-22,MSFT,7.714151859283447
2025-10-23,MSFT,7.758520603179932
2025-10-24,MSFT,7.7975053787231445
2025-10-27,MSFT,7.790712833404541
2025-10-28,MSFT,7.744981288909912
2025-10-29,MSFT,7.788171291351318
2025-10-30,MSFT,7.591057777404785
2025-10-31,MSFT,7.569564342498779
2025-11-03,MSFT,7.611875057220459
2025-11-04,MSFT,7.646369934082031
2025-11-05,MSFT,7.635148525238037
2025-11-06,MSFT,7.574222564697266
2025-11-07,MSFT,7.6178297996521
2025-11-10,MSFT,7.581385135650635
2025-11-11,MSFT,7.619996547698975
2025-11-12,MSFT,7.6598801612854
2025-11-13,MSFT,7.63831090927124
2025-11-14,MSFT,7.639264106750488
2025-11-17,MSFT,7.6743292808532715
2025-11-18,MSFT,7.52850341796875
2025-11-19,MSFT,7.52572774887085
2025-11-20,MSFT,7.506278991699219
2025-11-21,MSFT,7.508046627044678
2025-11-24,MSFT,7.547431945800781
2025-11-25,MSFT,7.581109046936035
2025-11-26,MSFT,7.546860694885254
2025-07-24,QQQ,6.443567752838135
2025-07-25,QQQ,6.480737209320068
2025-07-28,QQQ,6.517818450927734
2025-07-29,QQQ,6.5541815757751465
2025-07-30,QQQ,6.5921502113342285
2025-07-31,QQQ,6.623039245605469
2025-08-01,QQQ,6.589376926422119
2025-08-04,QQQ,6.578727722167969
2025-08-05,QQQ,6.6063079833984375
2025-08-06,QQQ,6.623257637023926
2025-08-07,QQQ,6.660910129547119
2025-08-08,QQQ,6.688728332519531
2025-08-11,QQQ,6.724198818206787
2025-08-12,QQQ,6.741491794586182
2025-08-13,QQQ,6.780370235443115
2025-08-14,QQQ,6.818736553192139
2025-08-15,QQQ,6.852028846740723
2025-08-18,QQQ,6.8911309242248535
2025-08-19,QQQ,6.889703273773193
2025-08-20,QQQ,6.920112609863281
2025-08-21,QQQ,6.95395040512085
2025-08-22,QQQ,6.954908847808838
2025-08-25,QQQ,6.9919633865356445
2025-08-26,QQQ,7.030892372131348
2025-08-27,QQQ,7.071600437164307
2025-08-28,QQQ,7.107421875
2025-08-29,QQQ,7.115017890930176
2025-09-02,QQQ,7.1377434730529785
2025-09-03,QQQ,7.169351100921631
2025-09-04,QQQ,7.197582244873047
2025-09-05,QQQ,7.23926305770874
2025-09-08,QQQ,7.2782464027404785
2025-09-09,QQQ,7.319840908050537
2025-09-10,QQQ,7.362056732177734
2025-09-11,QQQ,7.3999176025390625
2025-09-12,QQQ,7.4405198097229
2025-09-15,QQQ,7.471346378326416
2025-09-16,QQQ,7.513420104980469
2025-09-17,QQQ,7.5541863441467285
2025-09-18,QQQ,7.583488464355469
2025-09-19,QQQ,7.620330333709717
2025-09-22,QQQ,7.659523010253906
2025-09-23,QQQ,7.686764717102051
2025-09-24,QQQ,7.724925518035889
2025-09-25,QQQ,7.7611308097839355
2025-09-26,QQQ,7.804020881652832
2025-09-29,QQQ,7.846322536468506
2025-09-30,QQQ,7.891278266906738
2025-10-01,QQQ,7.93377685546875
2025-10-02,QQQ,7.977717876434326
2025-10-03,QQQ,8.01456356048584
2025-10-06,QQQ,8.050092697143555
2025-10-07,QQQ,8.083186149597168
2025-10-08,QQQ,8.099684715270996
2025-10-09,QQQ,8.144339561462402
2025-10-10,QQQ,7.814847469329834
2025-10-13,QQQ,7.751798152923584
2025-10-14,QQQ,7.779872894287109
2025-10-15,QQQ,7.8157830238342285
2025-10-16,QQQ,7.854293346405029
2025-10-17,QQQ,7.891910552978516
2025-10-20,QQQ,7.901943206787109
2025-10-21,QQQ,7.946925640106201
2025-10-22,QQQ,7.958316326141357
2025-10-23,QQQ,7.989804267883301
2025-10-24,QQQ,8.010878562927246
2025-10-27,QQQ,7.979947090148926
2025-10-28,QQQ,8.01560115814209
2025-10-29,QQQ,8.05975341796875
2025-10-30,QQQ,8.021035194396973
2025-10-31,QQQ,8.064349174499512
2025-11-03,QQQ,8.108013153076172
2025-11-04,QQQ,8.012495994567871
2025-11-05,QQQ,8.051185607910156
2025-11-06,QQQ,7.980489253997803
2025-11-07,QQQ,8.021210670471191
2025-11-10,QQQ,7.941132545471191
2025-11-11,QQQ,7.982429504394531
2025-11-12,QQQ,8.02734661102295
2025-11-13,QQQ,7.937777996063232
2025-11-14,QQQ,7.983731746673584
2025-11-17,QQQ,8.003275871276855
2025-11-18,QQQ,7.999602794647217
2025-11-19,QQQ,8.038168907165527
2025-11-20,QQQ,7.9118499755859375
2025-11-21,QQQ,7.944151401519775
2025-11-24,QQQ,7.818288326263428
2025-11-25,QQQ,7.856178283691406
2025-11-26,QQQ,7.884797096252441
2025-07-23,USDINR=X,34.072566986083984
2025-07-24,USDINR=X,34.263423919677734
2025-07-25,USDINR=X,34.46047592163086
2025-07-28,USDINR=X,34.64667892456055
2025-07-29,USDINR=X,34.634063720703125
2025-07-30,USDINR=X,34.604740142822266
2025-07-31,USDINR=X,33.61394119262695
2025-08-01,USDINR=X,33.63399124145508
2025-08-04,USDINR=X,33.629947662353516
2025-08-05,USDINR=X,32.7484130859375
2025-08-06,USDINR=X,32.83854293823242
2025-08-07,USDINR=X,33.02813720703125
2025-08-08,USDINR=X,32.89104080200195
2025-08-11,USDINR=X,33.07827377319336
2025-08-12,USDINR=X,33.204444885253906
2025-08-13,USDINR=X,33.374290466308594
2025-08-14,USDINR=X,33.49106979370117
2025-08-15,USDINR=X,33.54682540893555
2025-08-18,USDINR=X,33.6287841796875
2025-08-19,USDINR=X,33.66534423828125
2025-08-20,USDINR=X,33.70673751831055
2025-08-21,USDINR=X,33.8858757019043
2025-08-22,USDINR=X,33.88228988647461
2025-08-25,USDINR=X,34.07733154296875
2025-08-26,USDINR=X,34.07291793823242
2025-08-27,USDINR=X,34.26810836791992
2025-08-28,USDINR=X,34.46199417114258
2025-08-29,USDINR=X,34.63865280151367
2025-09-01,USDINR=X,33.89505386352539
2025-09-02,USDINR=X,33.979732513427734
2025-09-03,USDINR=X,34.174625396728516
2025-09-04,USDINR=X,34.36460494995117
2025-09-05,USDINR=X,34.53577423095703
2025-09-08,USDINR=X,34.73294448852539
2025-09-09,USDINR=X,34.7728385925293
2025-09-10,USDINR=X,34.82978439331055
2025-09-11,USDINR=X,34.92163848876953
2025-09-12,USDINR=X,35.00820541381836
2025-09-15,USDINR=X,35.21036911010742
2025-09-16,USDINR=X,35.3139533996582
2025-09-17,USDINR=X,35.30070114135742
2025-09-18,USDINR=X,35.5050163269043
2025-09-19,USDINR=X,35.4587516784668
2025-09-22,USDINR=X,35.60926818847656
2025-09-23,USDINR=X,35.70271682739258
2025-09-24,USDINR=X,35.16260528564453
2025-09-25,USDINR=X,35.35581970214844
2025-09-26,USDINR=X,35.5571174621582
2025-09-29,USDINR=X,35.713470458984375
2025-09-30,USDINR=X,35.920345306396484
2025-10-01,USDINR=X,36.087547302246094
2025-10-02,USDINR=X,36.18096923828125
2025-10-03,USDINR=X,36.390052795410156
2025-10-06,USDINR=X,36.60049057006836
2025-10-07,USDINR=X,36.807106018066406
2025-10-08,USDINR=X,37.02029037475586
2025-10-09,USDINR=X,37.234378814697266
2025-10-10,USDINR=X,37.43498611450195
2025-10-13,USDINR=X,37.58440017700195
2025-10-14,USDINR=X,37.750396728515625
2025-10-15,USDINR=X,37.93394470214844
2025-10-16,USDINR=X,34.74435043334961
2025-10-17,USDINR=X,34.857093811035156
2025-10-20,USDINR=X,35.05900192260742
2025-10-21,USDINR=X,35.20322799682617
2025-10-22,USDINR=X,35.36875915527344
2025-10-23,USDINR=X,35.32951736450195
2025-10-24,USDINR=X,35.531578063964844
2025-10-27,USDINR=X,35.7323112487793
2025-10-28,USDINR=X,35.45686721801758
2025-10-29,USDINR=X,35.66176986694336
2025-10-30,USDINR=X,35.83208084106445
2025-10-31,USDINR=X,35.79304122924805
2025-11-03,USDINR=X,35.95177459716797
2025-11-04,USDINR=X,36.141902923583984
2025-11-05,USDINR=X,36.35078048706055
2025-11-06,USDINR=X,36.428890228271484
2025-11-07,USDINR=X,36.606201171875
2025-11-10,USDINR=X,36.81406784057617
2025-11-11,USDINR=X,37.02402877807617
2025-11-12,USDINR=X,36.99227523803711
2025-11-13,USDINR=X,37.16093063354492
2025-11-14,USDINR=X,37.22096252441406
2025-11-17,USDINR=X,37.348323822021484
2025-11-18,USDINR=X,37.5490837097168
2025-11-19,USDINR=X,37.73082733154297
2025-11-20,USDINR=X,37.920589447021484
2025-11-21,USDINR=X,37.9979248046875
2025-11-24,USDINR=X,35.21171188354492
2025-11-25,USDINR=X,34.62152862548828
2025-11-26,USDINR=X,34.82094955444336
2025-11-27,USDINR=X,35.022377014160156
2025-07-24,GOOGL,5.043372631072998
2025-07-25,GOOGL,5.071588039398193
2025-07-28,GOOGL,5.099318504333496
2025-07-29,GOOGL,5.112101078033447
2025-07-30,GOOGL,5.141324043273926
2025-07-31,GOOGL,5.122129917144775
2025-08-01,GOOGL,5.132541179656982
2025-08-04,GOOGL,5.094265460968018
2025-08-05,GOOGL,5.122845649719238
2025-08-06,GOOGL,5.150012969970703
2025-08-07,GOOGL,5.179823398590088
2025-08-08,GOOGL,5.167323112487793
2025-08-11,GOOGL,5.195997714996338
2025-08-12,GOOGL,5.21846342086792
2025-08-13,GOOGL,5.242467880249023
2025-08-14,GOOGL,5.272110939025879
2025-08-15,GOOGL,5.30198860168457
2025-08-18,GOOGL,5.3314032554626465
2025-08-19,GOOGL,5.3511061668396
2025-08-20,GOOGL,5.367530345916748
2025-08-21,GOOGL,5.398599147796631
2025-08-22,GOOGL,5.350203514099121
2025-08-25,GOOGL,5.373036861419678
2025-08-26,GOOGL,5.397683620452881
2025-08-27,GOOGL,5.42894172668457
2025-08-28,GOOGL,5.430810451507568
2025-08-29,GOOGL,5.460944175720215
2025-09-02,GOOGL,5.484097480773926
2025-09-03,GOOGL,4.890788555145264
2025-09-04,GOOGL,4.918073654174805
2025-09-05,GOOGL,4.941746711730957
2025-09-08,GOOGL,4.967477321624756
2025-09-09,GOOGL,4.966623783111572
2025-09-10,GOOGL,4.993375778198242
2025-09-11,GOOGL,5.022115230560303
2025-09-12,GOOGL,5.0510172843933105
2025-09-15,GOOGL,4.958110809326172
2025-09-16,GOOGL,4.984606742858887
2025-09-17,GOOGL,5.006004333496094
2025-09-18,GOOGL,5.032134056091309
2025-09-19,GOOGL,5.057810306549072
2025-09-22,GOOGL,5.0757222175598145
2025-09-23,GOOGL,5.101322650909424
2025-09-24,GOOGL,5.095951080322266
2025-09-25,GOOGL,5.119592189788818
2025-09-26,GOOGL,5.149246692657471
2025-09-29,GOOGL,5.165213108062744
2025-09-30,GOOGL,5.191282272338867
2025-10-01,GOOGL,5.219826698303223
2025-10-02,GOOGL,5.250062942504883
2025-10-03,GOOGL,5.2788310050964355
2025-10-06,GOOGL,5.283360958099365
2025-10-07,GOOGL,5.274106502532959
2025-10-08,GOOGL,5.299802780151367
2025-10-09,GOOGL,5.3101348876953125
2025-10-10,GOOGL,5.295269966125488
2025-10-13,GOOGL,5.2532148361206055
2025-10-14,GOOGL,5.283113479614258
2025-10-15,GOOGL,5.280630111694336
2025-10-16,GOOGL,5.311071395874023
2025-10-17,GOOGL,5.340266704559326
2025-10-20,GOOGL,5.362953186035156
2025-10-21,GOOGL,5.331262111663818
2025-10-22,GOOGL,5.361790180206299
2025-10-23,GOOGL,5.392247676849365
2025-10-24,GOOGL,5.372260570526123
2025-10-27,GOOGL,5.310801029205322
2025-10-28,GOOGL,5.3325629234313965
2025-10-29,GOOGL,5.317939281463623
2025-10-30,GOOGL,5.309736251831055
2025-10-31,GOOGL,5.338349342346191
2025-11-03,GOOGL,5.367039680480957
2025-11-04,GOOGL,5.340470314025879
2025-11-05,GOOGL,5.334503173828125
2025-11-06,GOOGL,5.3649163246154785
2025-11-07,GOOGL,5.343048572540283
2025-11-10,GOOGL,5.259765625
2025-11-11,GOOGL,5.290233612060547
2025-11-12,GOOGL,5.287949562072754
2025-11-13,GOOGL,5.23314094543457
2025-11-14,GOOGL,5.253232479095459
2025-11-17,GOOGL,5.220662593841553
2025-11-18,GOOGL,5.247757434844971
2025-11-19,GOOGL,5.221374988555908
2025-11-20,GOOGL,5.232603073120117
2025-11-21,GOOGL,5.1831488609313965
2025-11-24,GOOGL,4.9559526443481445
2025-11-25,GOOGL,4.976978302001953
2025-11-26,GOOGL,4.9886794090271
2025-07-23,GBPUSD=X,21.110185623168945
2025-07-24,GBPUSD=X,21.14906120300293
2025-07-25,GBPUSD=X,21.109777450561523
2025-07-28,GBPUSD=X,21.07476043701172
2025-07-29,GBPUSD=X,20.990642547607422
2025-07-30,GBPUSD=X,21.109792709350586
2025-07-31,GBPUSD=X,20.946630477905273
2025-08-01,GBPUSD=X,20.996479034423828
2025-08-04,GBPUSD=X,20.92984390258789
2025-08-05,GBPUSD=X,21.050024032592773
2025-08-06,GBPUSD=X,21.171964645385742
2025-08-07,GBPUSD=X,21.19655418395996
2025-08-08,GBPUSD=X,21.069896697998047
2025-08-11,GBPUSD=X,21.188722610473633
2025-08-12,GBPUSD=X,21.306772232055664
2025-08-13,GBPUSD=X,21.298933029174805
2025-08-14,GBPUSD=X,21.244401931762695
2025-08-15,GBPUSD=X,21.263465881347656
2025-08-18,GBPUSD=X,21.37274169921875
2025-08-19,GBPUSD=X,21.41326141357422
2025-08-20,GBPUSD=X,21.517826080322266
2025-08-21,GBPUSD=X,21.624643325805664
2025-08-22,GBPUSD=X,21.670162200927734
2025-08-25,GBPUSD=X,21.54380226135254
2025-08-26,GBPUSD=X,21.552080154418945
2025-08-27,GBPUSD=X,21.661300659179688
2025-08-28,GBPUSD=X,21.771467208862305
2025-08-29,GBPUSD=X,21.89711570739746
2025-09-01,GBPUSD=X,22.020126342773438
2025-09-02,GBPUSD=X,22.09250259399414
2025-09-03,GBPUSD=X,21.327024459838867
2025-09-04,GBPUSD=X,21.353574752807617
2025-09-05,GBPUSD=X,21.477272033691406
2025-09-08,GBPUSD=X,21.53615951538086
2025-09-09,GBPUSD=X,21.55965232849121
2025-09-10,GBPUSD=X,21.644826889038086
2025-09-11,GBPUSD=X,21.766874313354492
2025-09-12,GBPUSD=X,21.84568977355957
2025-09-15,GBPUSD=X,21.94852066040039
2025-09-16,GBPUSD=X,22.00762176513672
2025-09-17,GBPUSD=X,22.062490463256836
2025-09-18,GBPUSD=X,22.162858963012695
2025-09-19,GBPUSD=X,22.08991813659668
2025-09-22,GBPUSD=X,21.923322677612305
2025-09-23,GBPUSD=X,21.974674224853516
2025-09-24,GBPUSD=X,22.10053253173828
2025-09-25,GBPUSD=X,22.041019439697266
2025-09-26,GBPUSD=X,21.712860107421875
2025-09-29,GBPUSD=X,21.67508888244629
2025-09-30,GBPUSD=X,21.776369094848633
2025-10-01,GBPUSD=X,21.901931762695312
2025-10-02,GBPUSD=X,21.988637924194336
2025-10-03,GBPUSD=X,22.073102951049805
2025-10-06,GBPUSD=X,22.19356918334961
2025-10-07,GBPUSD=X,22.23849105834961
2025-10-08,GBPUSD=X,22.217348098754883
2025-10-09,GBPUSD=X,22.330469131469727
2025-10-10,GBPUSD=X,22.128721237182617
2025-10-13,GBPUSD=X,22.223350524902344
2025-10-14,GBPUSD=X,22.351491928100586
2025-10-15,GBPUSD=X,22.476207733154297
2025-10-16,GBPUSD=X,22.36195945739746
2025-10-17,GBPUSD=X,22.43555450439453
2025-10-20,GBPUSD=X,22.54908561706543
2025-10-21,GBPUSD=X,22.66175079345703
2025-10-22,GBPUSD=X,22.730369567871094
2025-10-23,GBPUSD=X,22.854476928710938
2025-10-24,GBPUSD=X,22.962947845458984
2025-10-27,GBPUSD=X,23.094816207885742
2025-10-28,GBPUSD=X,23.2153377532959
2025-10-29,GBPUSD=X,23.19613265991211
2025-10-30,GBPUSD=X,23.052204132080078
2025-10-31,GBPUSD=X,23.136301040649414
2025-11-03,GBPUSD=X,23.24909019470215
2025-11-04,GBPUSD=X,23.383546829223633
2025-11-05,GBPUSD=X,23.007549285888672
2025-11-06,GBPUSD=X,23.093730926513672
2025-11-07,GBPUSD=X,22.892988204956055
2025-11-10,GBPUSD=X,23.02515983581543
2025-11-11,GBPUSD=X,23.117637634277344
2025-11-12,GBPUSD=X,23.237083435058594
2025-11-13,GBPUSD=X,23.34865951538086
2025-11-14,GBPUSD=X,23.455354690551758
2025-11-17,GBPUSD=X,23.587491989135742
2025-11-18,GBPUSD=X,23.72382164001465
2025-11-19,GBPUSD=X,23.85889434814453
2025-11-20,GBPUSD=X,23.684646606445312
2025-11-21,GBPUSD=X,23.793127059936523
2025-11-24,GBPUSD=X,23.922704696655273
2025-11-25,GBPUSD=X,24.055044174194336
2025-11-26,GBPUSD=X,24.058923721313477
2025-11-27,GBPUSD=X,23.854480743408203
2025-07-24,JPM,6.070980548858643
2025-07-25,JPM,6.10308837890625
2025-07-28,JPM,6.137049198150635
2025-07-29,JPM,6.167436599731445
2025-07-30,JPM,6.197179794311523
2025-07-31,JPM,6.208745002746582
2025-08-01,JPM,6.160068988800049
2025-08-04,JPM,6.165006637573242
2025-08-05,JPM,6.182610034942627
2025-08-06,JPM,6.218001365661621
2025-08-07,JPM,6.215539455413818
2025-08-08,JPM,6.248321533203125
2025-08-11,JPM,6.2843098640441895
2025-08-12,JPM,6.3071465492248535
2025-08-13,JPM,6.330533027648926
2025-08-14,JPM,6.3499674797058105
2025-08-15,JPM,6.357617378234863
2025-08-18,JPM,6.393828392028809
2025-08-19,JPM,6.42780065536499
2025-08-20,JPM,6.462687015533447
2025-08-21,JPM,6.4974365234375
2025-08-22,JPM,6.5007171630859375
2025-08-25,JPM,6.532375335693359
2025-08-26,JPM,6.551558971405029
2025-08-27,JPM,6.589442729949951
2025-08-28,JPM,6.624660491943359
2025-08-29,JPM,6.662974834442139
2025-09-02,JPM,6.692155361175537
2025-09-03,JPM,6.73000431060791
2025-09-04,JPM,6.740943908691406
2025-09-05,JPM,6.59853458404541
2025-09-08,JPM,6.630012035369873
2025-09-09,JPM,6.628724575042725
2025-09-10,JPM,6.657784938812256
2025-09-11,JPM,6.658322334289551
2025-09-12,JPM,6.6957292556762695
2025-09-15,JPM,6.730790615081787
2025-09-16,JPM,6.769630432128906
2025-09-17,JPM,6.801563262939453
2025-09-18,JPM,6.839544773101807
2025-09-19,JPM,6.877543926239014
2025-09-22,JPM,6.900905132293701
2025-09-23,JPM,6.940718173980713
2025-09-24,JPM,6.9809088706970215
2025-09-25,JPM,7.020726680755615
2025-09-26,JPM,7.053164958953857
2025-09-29,JPM,7.092085361480713
2025-09-30,JPM,7.131653785705566
2025-10-01,JPM,7.114967346191406
2025-10-02,JPM,7.127478122711182
2025-10-03,JPM,7.159994602203369
2025-10-06,JPM,7.201423168182373
2025-10-07,JPM,7.2343034744262695
2025-10-08,JPM,7.237442970275879
2025-10-09,JPM,7.276660919189453
2025-10-10,JPM,7.258768558502197
2025-10-13,JPM,7.19472599029541
2025-10-14,JPM,7.147592067718506
2025-10-15,JPM,7.165306091308594
2025-10-16,JPM,7.081223964691162
2025-10-17,JPM,7.118349552154541
2025-10-20,JPM,7.1132121086120605
2025-10-21,JPM,7.083954811096191
2025-10-22,JPM,7.100371837615967
2025-10-23,JPM,7.141435146331787
2025-10-24,JPM,7.107809543609619
2025-10-27,JPM,7.123230934143066
2025-10-28,JPM,7.162948131561279
2025-10-29,JPM,7.204315185546875
2025-10-30,JPM,7.2174835205078125
2025-10-31,JPM,7.255804538726807
2025-11-03,JPM,7.286770820617676
2025-11-04,JPM,7.3283562660217285
2025-11-05,JPM,7.361283779144287
2025-11-06,JPM,7.399975776672363
2025-11-07,JPM,7.442584991455078
2025-11-10,JPM,7.4740142822265625
2025-11-11,JPM,7.509941101074219
2025-11-12,JPM,7.5085649490356445
2025-11-13,JPM,7.260694980621338
2025-11-14,JPM,7.215121746063232
2025-11-17,JPM,7.227842807769775
2025-11-18,JPM,7.266147136688232
2025-11-19,JPM,7.276556491851807
2025-11-20,JPM,7.255298614501953
2025-11-21,JPM,7.296477794647217
2025-11-24,JPM,7.338599681854248
2025-11-25,JPM,7.3237128257751465
2025-11-26,JPM,7.320109844207764
2025-07-24,TSLA,2.226991891860962
2025-07-25,TSLA,2.232628345489502
2025-07-28,TSLA,2.240403652191162
2025-07-29,TSLA,2.251856565475464
2025-07-30,TSLA,2.2644317150115967
2025-07-31,TSLA,2.2692759037017822
2025-08-01,TSLA,2.279874801635742
2025-08-04,TSLA,2.2901394367218018
2025-08-05,TSLA,2.3033435344696045
2025-08-06,TSLA,2.30818247795105
2025-08-07,TSLA,2.3213229179382324
2025-08-08,TSLA,2.331568956375122
2025-08-11,TSLA,2.34000825881958
2025-08-12,TSLA,2.353494167327881
2025-08-13,TSLA,2.3668065071105957
2025-08-14,TSLA,2.3791568279266357
2025-08-15,TSLA,2.3907148838043213
2025-08-18,TSLA,2.4034321308135986
2025-08-19,TSLA,2.4143593311309814
2025-08-20,TSLA,2.4256856441497803
2025-08-21,TSLA,2.4383037090301514
2025-08-22,TSLA,2.4224414825439453
2025-08-25,TSLA,2.434058666229248
2025-08-26,TSLA,2.446911573410034
2025-08-27,TSLA,2.4605045318603516
2025-08-28,TSLA,2.473384380340576
2025-08-29,TSLA,2.4758317470550537
2025-09-02,TSLA,2.488149404525757
2025-09-03,TSLA,2.5011346340179443
2025-09-04,TSLA,2.5144362449645996
2025-09-05,TSLA,2.5182836055755615
2025-09-08,TSLA,2.53083872795105
2025-09-09,TSLA,2.5454976558685303
2025-09-10,TSLA,2.5602431297302246
2025-09-11,TSLA,2.543081045150757
2025-09-12,TSLA,2.512026071548462
2025-09-15,TSLA,2.517350912094116
2025-09-16,TSLA,2.5265815258026123
2025-09-17,TSLA,2.5409066677093506
2025-09-18,TSLA,2.5495734214782715
2025-09-19,TSLA,2.5612475872039795
2025-09-22,TSLA,2.573962926864624
2025-09-23,TSLA,2.5834455490112305
2025-09-24,TSLA,2.585983991622925
2025-09-25,TSLA,2.578187942504883
2025-09-26,TSLA,2.580395460128784
2025-09-29,TSLA,2.5953052043914795
2025-09-30,TSLA,2.6103293895721436
2025-10-01,TSLA,2.6171021461486816
2025-10-02,TSLA,2.6009681224823
2025-10-03,TSLA,2.6126976013183594
2025-10-06,TSLA,2.6021382808685303
2025-10-07,TSLA,2.593440055847168
2025-10-08,TSLA,2.607652425765991
2025-10-09,TSLA,2.621492385864258
2025-10-10,TSLA,2.606640338897705
2025-10-13,TSLA,2.5958809852600098
2025-10-14,TSLA,2.607276678085327
2025-10-15,TSLA,2.621338367462158
2025-10-16,TSLA,2.6330325603485107
2025-10-17,TSLA,2.6436543464660645
2025-10-20,TSLA,2.656686305999756
2025-10-21,TSLA,2.6697566509246826
2025-10-22,TSLA,2.6836681365966797
2025-10-23,TSLA,2.6951653957366943
2025-10-24,TSLA,2.694916009902954
2025-10-27,TSLA,2.6930816173553467
2025-10-28,TSLA,2.706467866897583
2025-10-29,TSLA,2.7221033573150635
2025-10-30,TSLA,2.709078073501587
2025-10-31,TSLA,2.711764097213745
2025-11-03,TSLA,2.7219552993774414
2025-11-04,TSLA,2.7028675079345703
2025-11-05,TSLA,2.703502655029297
2025-11-06,TSLA,2.7023112773895264
2025-11-07,TSLA,2.6999671459198
2025-11-10,TSLA,2.702988386154175
2025-11-11,TSLA,2.715787649154663
2025-11-12,TSLA,2.725135087966919
2025-11-13,TSLA,2.6870226860046387
2025-11-14,TSLA,2.7024295330047607
2025-11-17,TSLA,2.7171363830566406
2025-11-18,TSLA,2.727844476699829
2025-11-19,TSLA,2.743375539779663
2025-11-20,TSLA,2.752652883529663
2025-11-21,TSLA,2.7668135166168213
2025-11-24,TSLA,2.7306833267211914
2025-11-25,TSLA,2.746476888656616
2025-11-26,TSLA,2.7598330974578857
2025-07-24,XOM,6.336174011230469
2025-07-25,XOM,6.370741367340088
2025-07-28,XOM,6.395330429077148
2025-07-29,XOM,6.409008026123047
2025-07-30,XOM,6.433438301086426
2025-07-31,XOM,6.4695658683776855
2025-08-01,XOM,6.455873012542725
2025-08-04,XOM,6.427313327789307
2025-08-05,XOM,6.464347839355469
2025-08-06,XOM,6.494822025299072
2025-08-07,XOM,6.528377532958984
2025-08-08,XOM,6.555445194244385
2025-08-11,XOM,6.580535411834717
2025-08-12,XOM,6.617136478424072
2025-08-13,XOM,6.623105049133301
2025-08-14,XOM,6.660796642303467
2025-08-15,XOM,6.699217319488525
2025-08-18,XOM,6.737197399139404
2025-08-19,XOM,6.768698215484619
2025-08-20,XOM,6.789309024810791
2025-08-21,XOM,6.821628093719482
2025-08-22,XOM,6.799844264984131
2025-08-25,XOM,6.836822032928467
2025-08-26,XOM,6.8750529289245605
2025-08-27,XOM,6.8932390213012695
2025-08-28,XOM,6.929007053375244
2025-08-29,XOM,6.958091735839844
2025-09-02,XOM,6.9969377517700195
2025-09-03,XOM,6.918193340301514
2025-09-04,XOM,6.955409526824951
2025-09-05,XOM,6.842263221740723
2025-09-08,XOM,6.8764262199401855
2025-09-09,XOM,6.907134532928467
2025-09-10,XOM,6.897242069244385
2025-09-11,XOM,6.9345879554748535
2025-09-12,XOM,6.974741458892822
2025-09-15,XOM,7.01486349105835
2025-09-16,XOM,6.976131439208984
2025-09-17,XOM,7.012470245361328
2025-09-18,XOM,7.022127628326416
2025-09-19,XOM,7.04158353805542
2025-09-22,XOM,7.070847988128662
2025-09-23,XOM,7.055549144744873
2025-09-24,XOM,7.091947078704834
2025-09-25,XOM,7.1190104484558105
2025-09-26,XOM,7.123952388763428
2025-09-29,XOM,7.024266242980957
2025-09-30,XOM,7.029188632965088
2025-10-01,XOM,7.059619426727295
2025-10-02,XOM,7.091678619384766
2025-10-03,XOM,7.071961402893066
2025-10-06,XOM,7.100710391998291
2025-10-07,XOM,7.141843318939209
2025-10-08,XOM,7.181700229644775
2025-10-09,XOM,7.200952053070068
2025-10-10,XOM,7.160843849182129
2025-10-13,XOM,7.164898872375488
2025-10-14,XOM,7.206404209136963
2025-10-15,XOM,7.239319801330566
2025-10-16,XOM,7.263791084289551
2025-10-17,XOM,7.261772155761719
2025-10-20,XOM,7.300793647766113
2025-10-21,XOM,7.343064785003662
2025-10-22,XOM,7.318546295166016
2025-10-23,XOM,7.3365373611450195
2025-10-24,XOM,7.371436595916748
2025-10-27,XOM,7.410279273986816
2025-10-28,XOM,7.436267375946045
2025-10-29,XOM,7.447198390960693
2025-10-30,XOM,7.431755065917969
2025-10-31,XOM,7.472041606903076
2025-11-03,XOM,7.507421016693115
2025-11-04,XOM,7.548897743225098
2025-11-05,XOM,7.587623596191406
2025-11-06,XOM,7.62014102935791
2025-11-07,XOM,7.53132963180542
2025-11-10,XOM,7.560342311859131
2025-11-11,XOM,7.566915988922119
2025-11-12,XOM,7.556643009185791
2025-11-13,XOM,7.594668865203857
2025-11-14,XOM,7.602316379547119
2025-11-17,XOM,7.593934535980225
2025-11-18,XOM,7.609955787658691
2025-11-19,XOM,7.597283363342285
2025-11-20,XOM,7.638002872467041
2025-11-21,XOM,7.682231903076172
2025-11-24,XOM,7.699676036834717
2025-11-25,XOM,7.698976993560791
2025-11-26,XOM,7.74276065826416
2025-07-24,SPY,7.654941082000732
2025-07-25,SPY,7.696816444396973
2025-07-28,SPY,7.740890026092529
2025-07-29,SPY,7.781959533691406
2025-07-30,SPY,7.825550079345703
2025-07-31,SPY,7.864537239074707
2025-08-01,SPY,7.827298164367676
2025-08-04,SPY,7.816565990447998
2025-08-05,SPY,7.851891994476318
2025-08-06,SPY,7.884808540344238
2025-08-07,SPY,7.9295549392700195
2025-08-08,SPY,7.962231636047363
2025-08-11,SPY,8.005727767944336
2025-08-12,SPY,8.025029182434082
2025-08-13,SPY,8.069952964782715
2025-08-14,SPY,8.116369247436523
2025-08-15,SPY,8.159703254699707
2025-08-18,SPY,8.206439018249512
2025-08-19,SPY,8.240662574768066
2025-08-20,SPY,8.2841215133667
2025-08-21,SPY,8.324092864990234
2025-08-22,SPY,8.304363250732422
2025-08-25,SPY,8.342697143554688
2025-08-26,SPY,8.387677192687988
2025-08-27,SPY,8.43575382232666
2025-08-28,SPY,8.48250961303711
2025-08-29,SPY,8.514376640319824
2025-09-02,SPY,8.538843154907227
2025-09-03,SPY,8.581086158752441
2025-09-04,SPY,8.611127853393555
2025-09-05,SPY,8.655349731445312
2025-09-08,SPY,8.704706192016602
2025-09-09,SPY,8.754501342773438
2025-09-10,SPY,8.803893089294434
2025-09-11,SPY,8.83444881439209
2025-09-12,SPY,8.884773254394531
2025-09-15,SPY,8.92917537689209
2025-09-16,SPY,8.97826862335205
2025-09-17,SPY,9.027936935424805
2025-09-18,SPY,9.07491397857666
2025-09-19,SPY,9.121329307556152
2025-09-22,SPY,9.168760299682617
2025-09-23,SPY,9.20229434967041
2025-09-24,SPY,9.247225761413574
2025-09-25,SPY,9.286036491394043
2025-09-26,SPY,9.329813957214355
2025-09-29,SPY,9.382503509521484
2025-09-30,SPY,9.433549880981445
2025-10-01,SPY,9.485753059387207
2025-10-02,SPY,9.540702819824219
2025-10-03,SPY,9.595271110534668
2025-10-06,SPY,9.6478910446167
2025-10-07,SPY,9.691512107849121
2025-10-08,SPY,9.735548973083496
2025-10-09,SPY,9.783166885375977
2025-10-10,SPY,9.441208839416504
2025-10-13,SPY,9.39609432220459
2025-10-14,SPY,9.448222160339355
2025-10-15,SPY,9.497125625610352
2025-10-16,SPY,9.522454261779785
2025-10-17,SPY,9.566431999206543
2025-10-20,SPY,9.577641487121582
2025-10-21,SPY,9.632532119750977
2025-10-22,SPY,9.668402671813965
2025-10-23,SPY,9.711832046508789
2025-10-24,SPY,9.741625785827637
2025-10-27,SPY,9.738496780395508
2025-10-28,SPY,9.793868064880371
2025-10-29,SPY,9.850273132324219
2025-10-30,SPY,9.826388359069824
2025-10-31,SPY,9.88077449798584
2025-11-03,SPY,9.937714576721191
2025-11-04,SPY,9.901867866516113
2025-11-05,SPY,9.955859184265137
2025-11-06,SPY,9.936543464660645
2025-11-07,SPY,9.994101524353027
2025-11-10,SPY,9.930877685546875
2025-11-11,SPY,9.987565994262695
2025-11-12,SPY,10.045269012451172
2025-11-13,SPY,9.927557945251465
2025-11-14,SPY,9.98447322845459
2025-11-17,SPY,9.984012603759766
2025-11-18,SPY,9.994744300842285
2025-11-19,SPY,10.04670524597168
2025-11-20,SPY,9.961385726928711
2025-11-21,SPY,9.968829154968262
2025-11-24,SPY,9.915648460388184
2025-11-25,SPY,9.931732177734375
2025-11-26,SPY,9.968891143798828
2025-07-23,EURUSD=X,19.15863037109375
2025-07-24,EURUSD=X,19.247243881225586
2025-07-25,EURUSD=X,19.339149475097656
2025-07-28,EURUSD=X,19.449832916259766
2025-07-29,EURUSD=X,18.76267433166504
2025-07-30,EURUSD=X,18.798429489135742
2025-07-31,EURUSD=X,18.469404220581055
2025-08-01,EURUSD=X,18.574237823486328
2025-08-04,EURUSD=X,18.004547119140625
2025-08-05,EURUSD=X,18.10741424560547
2025-08-06,EURUSD=X,18.209823608398438
2025-08-07,EURUSD=X,18.15627098083496
2025-08-08,EURUSD=X,18.259963989257812
2025-08-11,EURUSD=X,18.335323333740234
2025-08-12,EURUSD=X,18.40987777709961
2025-08-13,EURUSD=X,18.44131088256836
2025-08-14,EURUSD=X,18.52434730529785
2025-08-15,EURUSD=X,18.511857986450195
2025-08-18,EURUSD=X,18.552810668945312
2025-08-19,EURUSD=X,18.60871696472168
2025-08-20,EURUSD=X,18.69034194946289
2025-08-21,EURUSD=X,18.798118591308594
2025-08-22,EURUSD=X,18.853824615478516
2025-08-25,EURUSD=X,18.727149963378906
2025-08-26,EURUSD=X,18.584646224975586
2025-08-27,EURUSD=X,18.68492317199707
2025-08-28,EURUSD=X,18.79275131225586
2025-08-29,EURUSD=X,18.878339767456055
2025-09-01,EURUSD=X,18.9869441986084
2025-09-02,EURUSD=X,19.086637496948242
2025-09-03,EURUSD=X,18.990436553955078
2025-09-04,EURUSD=X,19.08881378173828
2025-09-05,EURUSD=X,19.19746971130371
2025-09-08,EURUSD=X,19.229503631591797
2025-09-09,EURUSD=X,19.26480484008789
2025-09-10,EURUSD=X,19.224956512451172
2025-09-11,EURUSD=X,19.33580780029297
2025-09-12,EURUSD=X,19.42669677734375
2025-09-15,EURUSD=X,19.53378677368164
2025-09-16,EURUSD=X,19.614797592163086
2025-09-17,EURUSD=X,19.41037368774414
2025-09-18,EURUSD=X,19.44420051574707
2025-09-19,EURUSD=X,19.50594139099121
2025-09-22,EURUSD=X,19.511537551879883
2025-09-23,EURUSD=X,19.517030715942383
2025-09-24,EURUSD=X,19.62819480895996
2025-09-25,EURUSD=X,19.568397521972656
2025-09-26,EURUSD=X,19.453115463256836
2025-09-29,EURUSD=X,19.512060165405273
2025-09-30,EURUSD=X,19.613889694213867
2025-10-01,EURUSD=X,19.72751235961914
2025-10-02,EURUSD=X,19.8405704498291
2025-10-03,EURUSD=X,19.949800491333008
2025-10-06,EURUSD=X,20.056053161621094
2025-10-07,EURUSD=X,20.170957565307617
2025-10-08,EURUSD=X,20.16752815246582
2025-10-09,EURUSD=X,20.2613582611084
2025-10-10,EURUSD=X,20.216337203979492
2025-10-13,EURUSD=X,20.29314613342285
2025-10-14,EURUSD=X,20.359525680541992
2025-10-15,EURUSD=X,20.437482833862305
2025-10-16,EURUSD=X,20.493505477905273
2025-10-17,EURUSD=X,20.52103042602539
2025-10-20,EURUSD=X,20.565095901489258
2025-10-21,EURUSD=X,20.674842834472656
2025-10-22,EURUSD=X,20.713409423828125
2025-10-23,EURUSD=X,20.83212661743164
2025-10-24,EURUSD=X,20.95079803466797
2025-10-27,EURUSD=X,21.067262649536133
2025-10-28,EURUSD=X,21.177221298217773
2025-10-29,EURUSD=X,21.299449920654297
2025-10-30,EURUSD=X,21.290725708007812
2025-10-31,EURUSD=X,21.369590759277344
2025-11-03,EURUSD=X,21.40523910522461
2025-11-04,EURUSD=X,21.524932861328125
2025-11-05,EURUSD=X,21.598142623901367
2025-11-06,EURUSD=X,21.718421936035156
2025-11-07,EURUSD=X,21.727201461791992
2025-11-10,EURUSD=X,21.8510684967041
2025-11-11,EURUSD=X,21.971210479736328
2025-11-12,EURUSD=X,22.06100082397461
2025-11-13,EURUSD=X,22.188419342041016
2025-11-14,EURUSD=X,22.250463485717773
2025-11-17,EURUSD=X,22.36275863647461
2025-11-18,EURUSD=X,22.45828628540039
2025-11-19,EURUSD=X,22.582401275634766
2025-11-20,EURUSD=X,22.62672233581543
2025-11-21,EURUSD=X,22.75518035888672
2025-11-24,EURUSD=X,22.847457885742188
2025-11-25,EURUSD=X,22.972740173339844
2025-11-26,EURUSD=X,23.005956649780273
2025-11-27,EURUSD=X,23.072431564331055
2025-07-24,GLD,8.564180374145508
2025-07-25,GLD,8.574685096740723
2025-07-28,GLD,8.603743553161621
2025-07-29,GLD,8.652496337890625
2025-07-30,GLD,8.581158638000488
2025-07-31,GLD,8.618692398071289
2025-08-01,GLD,8.534187316894531
2025-08-04,GLD,8.575784683227539
2025-08-05,GLD,8.625414848327637
2025-08-06,GLD,8.671417236328125
2025-08-07,GLD,8.701842308044434
2025-08-08,GLD,8.751473426818848
2025-08-11,GLD,8.71079158782959
2025-08-12,GLD,8.759851455688477
2025-08-13,GLD,8.808981895446777
2025-08-14,GLD,8.838944435119629
2025-08-15,GLD,8.89009952545166
2025-08-18,GLD,8.939105033874512
2025-08-19,GLD,8.974347114562988
2025-08-20,GLD,8.99091625213623
2025-08-21,GLD,9.034950256347656
2025-08-22,GLD,9.046954154968262
2025-08-25,GLD,9.094437599182129
2025-08-26,GLD,9.130114555358887
2025-08-27,GLD,9.18258285522461
2025-08-28,GLD,9.217864036560059
2025-08-29,GLD,9.238874435424805
2025-09-02,GLD,9.073870658874512
2025-09-03,GLD,9.109233856201172
2025-09-04,GLD,9.146685600280762
2025-09-05,GLD,9.138736724853516
2025-09-08,GLD,9.150324821472168
2025-09-09,GLD,9.196353912353516
2025-09-10,GLD,9.248004913330078
2025-09-11,GLD,9.296976089477539
2025-09-12,GLD,9.350790977478027
2025-09-15,GLD,9.36953353881836
2025-09-16,GLD,9.423785209655762
2025-09-17,GLD,9.435654640197754
2025-09-18,GLD,9.474934577941895
2025-09-19,GLD,9.490644454956055
2025-09-22,GLD,9.428936958312988
2025-09-23,GLD,9.481230735778809
2025-09-24,GLD,9.478133201599121
2025-09-25,GLD,9.530275344848633
2025-09-26,GLD,9.57772445678711
2025-09-29,GLD,9.527403831481934
2025-09-30,GLD,9.56167984008789
2025-10-01,GLD,9.616934776306152
2025-10-02,GLD,9.656911849975586
2025-10-03,GLD,9.694353103637695
2025-10-06,GLD,9.607745170593262
2025-10-07,GLD,9.659228324890137
2025-10-08,GLD,9.613473892211914
2025-10-09,GLD,9.454188346862793
2025-10-10,GLD,9.479324340820312
2025-10-13,GLD,9.307847023010254
2025-10-14,GLD,9.352225303649902
2025-10-15,GLD,9.307140350341797
2025-10-16,GLD,9.171957969665527
2025-10-17,GLD,9.021503448486328
2025-10-20,GLD,8.63428783416748
2025-10-21,GLD,7.37905740737915
2025-10-22,GLD,7.420594215393066
2025-10-23,GLD,7.4629645347595215
2025-10-24,GLD,7.4983673095703125
2025-10-27,GLD,7.3318095207214355
2025-10-28,GLD,7.3555169105529785
2025-10-29,GLD,7.390845775604248
2025-10-30,GLD,7.361447811126709
2025-10-31,GLD,7.391489505767822
2025-11-03,GLD,7.434303283691406
2025-11-04,GLD,7.390186309814453
2025-11-05,GLD,7.410705089569092
2025-11-06,GLD,7.451515197753906
2025-11-07,GLD,7.490249156951904
2025-11-10,GLD,7.38223123550415
2025-11-11,GLD,7.424243927001953
2025-11-12,GLD,7.422116756439209
2025-11-13,GLD,7.440025329589844
2025-11-14,GLD,7.388632297515869
2025-11-17,GLD,7.390290260314941
2025-11-18,GLD,7.426236629486084
2025-11-19,GLD,7.46924352645874
2025-11-20,GLD,7.511405944824219
2025-11-21,GLD,7.552146911621094
2025-11-24,GLD,7.5478434562683105
2025-11-25,GLD,7.590295314788818
2025-11-26,GLD,7.625102519989014
2025-07-23,GC=F,8.272276878356934
2025-07-24,GC=F,8.29883861541748
2025-07-25,GC=F,8.298591613769531
2025-07-28,GC=F,8.322782516479492
2025-07-29,GC=F,8.36738109588623
2025-07-30,GC=F,8.386767387390137
2025-07-31,GC=F,8.434348106384277
2025-08-01,GC=F,8.400710105895996
2025-08-04,GC=F,8.433403968811035
2025-08-05,GC=F,8.48188304901123
2025-08-06,GC=F,8.529952049255371
2025-08-07,GC=F,8.571083068847656
2025-08-08,GC=F,8.583662986755371
2025-08-11,GC=F,8.393126487731934
2025-08-12,GC=F,8.439977645874023
2025-08-13,GC=F,8.4876127243042
2025-08-14,GC=F,8.514355659484863
2025-08-15,GC=F,8.563506126403809
2025-08-18,GC=F,8.611344337463379
2025-08-19,GC=F,8.646330833435059
2025-08-20,GC=F,8.671587944030762
2025-08-21,GC=F,8.718750953674316
2025-08-22,GC=F,8.729056358337402
2025-08-25,GC=F,8.779085159301758
2025-08-26,GC=F,8.825514793395996
2025-08-27,GC=F,8.87132453918457
2025-08-28,GC=F,8.903756141662598
2025-08-29,GC=F,8.90654182434082
2025-09-02,GC=F,8.793198585510254
2025-09-03,GC=F,8.799063682556152
2025-09-04,GC=F,8.816774368286133
2025-09-05,GC=F,8.81429386138916
2025-09-08,GC=F,8.85473918914795
2025-09-09,GC=F,8.905997276306152
2025-09-10,GC=F,8.956491470336914
2025-09-11,GC=F,9.003203392028809
2025-09-12,GC=F,9.054061889648438
2025-09-15,GC=F,9.084044456481934
2025-09-16,GC=F,9.136667251586914
2025-09-17,GC=F,9.183632850646973
2025-09-18,GC=F,9.172931671142578
2025-09-19,GC=F,9.210068702697754
2025-09-22,GC=F,9.134465217590332
2025-09-23,GC=F,9.153836250305176
2025-09-24,GC=F,9.11249828338623
2025-09-25,GC=F,9.165175437927246
2025-09-26,GC=F,9.186762809753418
2025-09-29,GC=F,9.194327354431152
2025-09-30,GC=F,9.243033409118652
2025-10-01,GC=F,9.285717010498047
2025-10-02,GC=F,9.3003511428833
2025-10-03,GC=F,9.319537162780762
2025-10-06,GC=F,9.266411781311035
2025-10-07,GC=F,9.309420585632324
2025-10-08,GC=F,9.268595695495605
2025-10-09,GC=F,9.019014358520508
2025-10-10,GC=F,9.059440612792969
2025-10-13,GC=F,8.726377487182617
2025-10-14,GC=F,8.768473625183105
2025-10-15,GC=F,8.802680969238281
2025-10-16,GC=F,8.670992851257324
2025-10-17,GC=F,8.513041496276855
2025-10-20,GC=F,8.217780113220215
2025-10-21,GC=F,7.305616855621338
2025-10-22,GC=F,7.310728549957275
2025-10-23,GC=F,7.283261299133301
2025-10-24,GC=F,7.321636199951172
2025-10-27,GC=F,7.1617608070373535
2025-10-28,GC=F,7.178183078765869
2025-10-29,GC=F,7.218448162078857
2025-10-30,GC=F,7.258948802947998
2025-10-31,GC=F,7.291085243225098
2025-11-03,GC=F,7.331766605377197
2025-11-04,GC=F,7.323636531829834
2025-11-05,GC=F,7.356583595275879
2025-11-06,GC=F,7.398356914520264
2025-11-07,GC=F,7.439000129699707
2025-11-10,GC=F,7.325024604797363
2025-11-11,GC=F,7.364930629730225
2025-11-12,GC=F,7.302811622619629
2025-11-13,GC=F,7.335700511932373
2025-11-14,GC=F,7.230465888977051
2025-11-17,GC=F,7.262683868408203
2025-11-18,GC=F,7.301889896392822
2025-11-19,GC=F,7.34313440322876
2025-11-20,GC=F,7.374356269836426
2025-11-21,GC=F,7.414765357971191
2025-11-24,GC=F,7.456888675689697
2025-11-25,GC=F,7.477914333343506
2025-11-26,GC=F,7.5168046951293945
2025-07-23,HDFCBANK.NS,8.873372077941895
2025-07-24,HDFCBANK.NS,8.909154891967773
2025-07-25,HDFCBANK.NS,8.955840110778809
2025-07-28,HDFCBANK.NS,9.007472038269043
2025-07-29,HDFCBANK.NS,9.047736167907715
2025-07-30,HDFCBANK.NS,9.099848747253418
2025-07-31,HDFCBANK.NS,9.141844749450684
2025-08-01,HDFCBANK.NS,9.187262535095215
2025-08-04,HDFCBANK.NS,9.185652732849121
2025-08-05,HDFCBANK.NS,9.208964347839355
2025-08-06,HDFCBANK.NS,9.25836181640625
2025-08-07,HDFCBANK.NS,9.30424976348877
2025-08-08,HDFCBANK.NS,9.295050621032715
2025-08-11,HDFCBANK.NS,9.3021879196167
2025-08-12,HDFCBANK.NS,9.269048690795898
2025-08-13,HDFCBANK.NS,9.313714027404785
2025-08-14,HDFCBANK.NS,9.35799503326416
2025-08-18,HDFCBANK.NS,9.398819923400879
2025-08-19,HDFCBANK.NS,9.428624153137207
2025-08-20,HDFCBANK.NS,9.480582237243652
2025-08-21,HDFCBANK.NS,9.535307884216309
2025-08-22,HDFCBANK.NS,9.49169635772705
2025-08-25,HDFCBANK.NS,9.546219825744629
2025-08-26,HDFCBANK.NS,9.556855201721191
2025-08-28,HDFCBANK.NS,9.477361679077148
2025-08-29,HDFCBANK.NS,9.5093355178833
2025-09-01,HDFCBANK.NS,9.56348991394043
2025-09-02,HDFCBANK.NS,9.596353530883789
2025-09-03,HDFCBANK.NS,9.598857879638672
2025-09-04,HDFCBANK.NS,9.63139533996582
2025-09-05,HDFCBANK.NS,9.685526847839355
2025-09-08,HDFCBANK.NS,9.739017486572266
2025-09-09,HDFCBANK.NS,9.794463157653809
2025-09-10,HDFCBANK.NS,9.851149559020996
2025-09-11,HDFCBANK.NS,9.906987190246582
2025-09-12,HDFCBANK.NS,9.963824272155762
2025-09-15,HDFCBANK.NS,10.02124309539795
2025-09-16,HDFCBANK.NS,10.0790376663208
2025-09-17,HDFCBANK.NS,10.13703441619873
2025-09-18,HDFCBANK.NS,10.133063316345215
2025-09-19,HDFCBANK.NS,10.123153686523438
2025-09-22,HDFCBANK.NS,10.175612449645996
2025-09-23,HDFCBANK.NS,10.199410438537598
2025-09-24,HDFCBANK.NS,10.231081008911133
2025-09-25,HDFCBANK.NS,10.288973808288574
2025-09-26,HDFCBANK.NS,10.331320762634277
2025-09-29,HDFCBANK.NS,10.372891426086426
2025-09-30,HDFCBANK.NS,10.432812690734863
2025-10-01,HDFCBANK.NS,10.354853630065918
2025-10-03,HDFCBANK.NS,10.414679527282715
2025-10-06,HDFCBANK.NS,10.4318265914917
2025-10-07,HDFCBANK.NS,10.442296981811523
2025-10-08,HDFCBANK.NS,10.489909172058105
2025-10-09,HDFCBANK.NS,10.547572135925293
2025-10-10,HDFCBANK.NS,10.601036071777344
2025-10-13,HDFCBANK.NS,10.648541450500488
2025-10-14,HDFCBANK.NS,10.7101469039917
2025-10-15,HDFCBANK.NS,10.771910667419434
2025-10-16,HDFCBANK.NS,10.657042503356934
2025-10-17,HDFCBANK.NS,10.679475784301758
2025-10-20,HDFCBANK.NS,10.741244316101074
2025-10-21,HDFCBANK.NS,10.792339324951172
2025-10-23,HDFCBANK.NS,10.854803085327148
2025-10-24,HDFCBANK.NS,10.762323379516602
2025-10-27,HDFCBANK.NS,10.78382396697998
2025-10-28,HDFCBANK.NS,10.846282005310059
2025-10-29,HDFCBANK.NS,10.899930953979492
2025-10-30,HDFCBANK.NS,10.88399887084961
2025-10-31,HDFCBANK.NS,10.850573539733887
2025-11-03,HDFCBANK.NS,10.895976066589355
2025-11-04,HDFCBANK.NS,10.911748886108398
2025-11-06,HDFCBANK.NS,10.974072456359863
2025-11-07,HDFCBANK.NS,11.031479835510254
2025-11-10,HDFCBANK.NS,11.092902183532715
2025-11-11,HDFCBANK.NS,11.120741844177246
2025-11-12,HDFCBANK.NS,11.17919635772705
2025-11-13,HDFCBANK.NS,11.23481273651123
2025-11-14,HDFCBANK.NS,11.29475212097168
2025-11-17,HDFCBANK.NS,11.325310707092285
2025-11-18,HDFCBANK.NS,11.372742652893066
2025-11-19,HDFCBANK.NS,11.436345100402832
2025-11-20,HDFCBANK.NS,11.343548774719238
2025-11-21,HDFCBANK.NS,11.302440643310547
2025-11-24,HDFCBANK.NS,11.36767864227295
2025-11-25,HDFCBANK.NS,11.35172176361084
2025-11-26,HDFCBANK.NS,11.261929512023926
2025-11-27,HDFCBANK.NS,11.307136535644531
2025-07-24,AMZN,4.779881000518799
2025-07-25,AMZN,4.80596923828125
2025-07-28,AMZN,4.832679748535156
2025-07-29,AMZN,4.855106830596924
2025-07-30,AMZN,4.881533622741699
2025-07-31,AMZN,4.893855571746826
2025-08-01,AMZN,4.505457878112793
2025-08-04,AMZN,4.51963996887207
2025-08-05,AMZN,4.541176795959473
2025-08-06,AMZN,4.4866251945495605
2025-08-07,AMZN,4.512267589569092
2025-08-08,AMZN,4.537906169891357
2025-08-11,AMZN,4.561334609985352
2025-08-12,AMZN,4.58775520324707
2025-08-13,AMZN,4.605104446411133
2025-08-14,AMZN,4.590342998504639
2025-08-15,AMZN,4.616849422454834
2025-08-18,AMZN,4.643578052520752
2025-08-19,AMZN,4.655018329620361
2025-08-20,AMZN,4.659829616546631
2025-08-21,AMZN,4.681784629821777
2025-08-22,AMZN,4.656651020050049
2025-08-25,AMZN,4.682064056396484
2025-08-26,AMZN,4.708913326263428
2025-08-27,AMZN,4.736173629760742
2025-08-28,AMZN,4.758055210113525
2025-08-29,AMZN,4.775910377502441
2025-09-02,AMZN,4.785292625427246
2025-09-03,AMZN,4.812795162200928
2025-09-04,AMZN,4.732938289642334
2025-09-05,AMZN,4.745446681976318
2025-09-08,AMZN,4.7614054679870605
2025-09-09,AMZN,4.784348487854004
2025-09-10,AMZN,4.738096714019775
2025-09-11,AMZN,4.7650532722473145
2025-09-12,AMZN,4.787672996520996
2025-09-15,AMZN,4.804330825805664
2025-09-16,AMZN,4.8257036209106445
2025-09-17,AMZN,4.844884395599365
2025-09-18,AMZN,4.872413635253906
2025-09-19,AMZN,4.900639057159424
2025-09-22,AMZN,4.907894134521484
2025-09-23,AMZN,4.871272563934326
2025-09-24,AMZN,4.898952007293701
2025-09-25,AMZN,4.920743465423584
2025-09-26,AMZN,4.945895671844482
2025-09-29,AMZN,4.967168807983398
2025-09-30,AMZN,4.985305309295654
2025-10-01,AMZN,5.0128631591796875
2025-10-02,AMZN,5.037847518920898
2025-10-03,AMZN,5.053423881530762
2025-10-06,AMZN,5.0801801681518555
2025-10-07,AMZN,5.10872745513916
2025-10-08,AMZN,5.121457576751709
2025-10-09,AMZN,5.142806529998779
2025-10-10,AMZN,4.9830641746521
2025-10-13,AMZN,4.992103099822998
2025-10-14,AMZN,5.000106334686279
2025-10-15,AMZN,5.0278825759887695
2025-10-16,AMZN,5.054933071136475
2025-10-17,AMZN,5.080756664276123
2025-10-20,AMZN,5.091027736663818
2025-10-21,AMZN,5.072790145874023
2025-10-22,AMZN,5.075597763061523
2025-10-23,AMZN,5.090340614318848
2025-10-24,AMZN,5.105982303619385
2025-10-27,AMZN,5.125313758850098
2025-10-28,AMZN,5.148467063903809
2025-10-29,AMZN,5.177248954772949
2025-10-30,AMZN,5.1216959953308105
2025-10-31,AMZN,4.570565700531006
2025-11-03,AMZN,4.51881742477417
2025-11-04,AMZN,4.522926330566406
2025-11-05,AMZN,4.548984050750732
2025-11-06,AMZN,4.526090145111084
2025-11-07,AMZN,4.551424980163574
2025-11-10,AMZN,4.566154956817627
2025-11-11,AMZN,4.592545986175537
2025-11-12,AMZN,4.593917369842529
2025-11-13,AMZN,4.575784206390381
2025-11-14,AMZN,4.592549800872803
2025-11-17,AMZN,4.614874839782715
2025-11-18,AMZN,4.530736923217773
2025-11-19,AMZN,4.556981563568115
2025-11-20,AMZN,4.549041748046875
2025-11-21,AMZN,4.561333656311035
2025-11-24,AMZN,4.5542449951171875
2025-11-25,AMZN,4.569530010223389
2025-11-26,AMZN,4.5955119132995605
2025-07-24,UNH,3.1593358516693115
2025-07-25,UNH,3.1748013496398926
2025-07-28,UNH,3.1922237873077393
2025-07-29,UNH,3.1205432415008545
2025-07-30,UNH,3.129255533218384
2025-07-31,UNH,3.090191125869751
2025-08-01,UNH,3.0779619216918945
2025-08-04,UNH,3.090026617050171
2025-08-05,UNH,3.0721263885498047
2025-08-06,UNH,3.085474729537964
2025-08-07,UNH,3.10334849357605
2025-08-08,UNH,3.1060829162597656
2025-08-11,UNH,3.1223225593566895
2025-08-12,UNH,3.1121904850006104
2025-08-13,UNH,3.099163770675659
2025-08-14,UNH,3.117050886154175
2025-08-15,UNH,2.9025373458862305
2025-08-18,UNH,2.9155771732330322
2025-08-19,UNH,2.9303476810455322
2025-08-20,UNH,2.9449758529663086
2025-08-21,UNH,2.959371566772461
2025-08-22,UNH,2.9731547832489014
2025-08-25,UNH,2.9896771907806396
2025-08-26,UNH,3.0044362545013428
2025-08-27,UNH,3.0191457271575928
2025-08-28,UNH,3.036424398422241
2025-08-29,UNH,3.0426948070526123
2025-09-02,UNH,3.0602469444274902
2025-09-03,UNH,3.077930212020874
2025-09-04,UNH,3.0942695140838623
2025-09-05,UNH,3.107097864151001
2025-09-08,UNH,3.120474100112915
2025-09-09,UNH,3.014265298843384
2025-09-10,UNH,3.0315427780151367
2025-09-11,UNH,3.043022871017456
2025-09-12,UNH,3.060459613800049
2025-09-15,UNH,3.077345609664917
2025-09-16,UNH,3.0860016345977783
2025-09-17,UNH,3.1033823490142822
2025-09-18,UNH,3.114633798599243
2025-09-19,UNH,3.1320955753326416
2025-09-22,UNH,3.1468820571899414
2025-09-23,UNH,3.1588966846466064
2025-09-24,UNH,3.174765110015869
2025-09-25,UNH,3.1871743202209473
2025-09-26,UNH,3.205275058746338
2025-09-29,UNH,3.2236621379852295
2025-09-30,UNH,3.2423360347747803
2025-10-01,UNH,3.259695529937744
2025-10-02,UNH,3.2739410400390625
2025-10-03,UNH,3.286497116088867
2025-10-06,UNH,3.305109739303589
2025-10-07,UNH,3.3207409381866455
2025-10-08,UNH,3.3342978954315186
2025-10-09,UNH,3.35259747505188
2025-10-10,UNH,3.343416690826416
2025-10-13,UNH,3.360046148300171
2025-10-14,UNH,3.379314422607422
2025-10-15,UNH,3.398714780807495
2025-10-16,UNH,3.4146206378936768
2025-10-17,UNH,3.434391736984253
2025-10-20,UNH,3.443488836288452
2025-10-21,UNH,3.463365316390991
2025-10-22,UNH,3.4803884029388428
2025-10-23,UNH,3.500262498855591
2025-10-24,UNH,3.519890546798706
2025-10-27,UNH,3.5382652282714844
2025-10-28,UNH,3.558277130126953
2025-10-29,UNH,3.547872543334961
2025-10-30,UNH,3.545792818069458
2025-10-31,UNH,3.564152479171753
2025-11-03,UNH,3.571611166000366
2025-11-04,UNH,3.5904197692871094
2025-11-05,UNH,3.609135389328003
2025-11-06,UNH,3.6210899353027344
2025-11-07,UNH,3.6398675441741943
2025-11-10,UNH,3.6594274044036865
2025-11-11,UNH,3.670560598373413
2025-11-12,UNH,3.655785083770752
2025-11-13,UNH,3.6667544841766357
2025-11-14,UNH,3.6599984169006348
2025-11-17,UNH,3.680866003036499
2025-11-18,UNH,3.6898033618927
2025-11-19,UNH,3.7060887813568115
2025-11-20,UNH,3.7251720428466797
2025-11-21,UNH,3.72367262840271
2025-11-24,UNH,3.745105504989624
2025-11-25,UNH,3.750488758087158
2025-11-26,UNH,3.768589496612549
2025-07-24,META,4.297348499298096
2025-07-25,META,4.321178913116455
2025-07-28,META,4.345004558563232
2025-07-29,META,4.337766647338867
2025-07-30,META,4.359592437744141
2025-07-31,META,3.896923542022705
2025-08-01,META,3.88309645652771
2025-08-04,META,3.8701837062835693
2025-08-05,META,3.8802249431610107
2025-08-06,META,3.9002158641815186
2025-08-07,META,3.9143872261047363
2025-08-08,META,3.9352118968963623
2025-08-11,META,3.9563076496124268
2025-08-12,META,3.9497153759002686
2025-08-13,META,3.96433687210083
2025-08-14,META,3.98730206489563
2025-08-15,META,4.010334491729736
2025-08-18,META,4.010063648223877
2025-08-19,META,4.013882160186768
2025-08-20,META,4.035287380218506
2025-08-21,META,4.051823139190674
2025-08-22,META,4.0610857009887695
2025-08-25,META,4.08398962020874
2025-08-26,META,4.1076130867004395
2025-08-27,META,4.12670373916626
2025-08-28,META,4.1502203941345215
2025-08-29,META,4.160460948944092
2025-09-02,META,4.182794094085693
2025-09-03,META,4.206982135772705
2025-09-04,META,4.222923278808594
2025-09-05,META,4.246924877166748
2025-09-08,META,4.271346092224121
2025-09-09,META,4.2847442626953125
2025-09-10,META,4.2918620109558105
2025-09-11,META,4.316261291503906
2025-09-12,META,4.340329647064209
2025-09-15,META,4.36055326461792
2025-09-16,META,4.372513294219971
2025-09-17,META,4.395947456359863
2025-09-18,META,4.420705795288086
2025-09-19,META,4.445333003997803
2025-09-22,META,4.454319000244141
2025-09-23,META,4.469465255737305
2025-09-24,META,4.493910789489746
2025-09-25,META,4.504788875579834
2025-09-26,META,4.527215003967285
2025-09-29,META,4.5532546043396
2025-09-30,META,4.569817066192627
2025-10-01,META,4.564107894897461
2025-10-02,META,4.581967353820801
2025-10-03,META,4.5777812004089355
2025-10-06,META,4.602086544036865
2025-10-07,META,4.627622127532959
2025-10-08,META,4.652503490447998
2025-10-09,META,4.654483795166016
2025-10-10,META,4.593663692474365
2025-10-13,META,4.609382152557373
2025-10-14,META,4.629690647125244
2025-10-15,META,4.648602485656738
2025-10-16,META,4.671390056610107
2025-10-17,META,4.696327209472656
2025-10-20,META,4.69903039932251
2025-10-21,META,4.726241111755371
2025-10-22,META,4.753572463989258
2025-10-23,META,4.7811055183410645
2025-10-24,META,4.807319641113281
2025-10-27,META,4.8194990158081055
2025-10-28,META,4.8474040031433105
2025-10-29,META,4.875421047210693
2025-10-30,META,4.213165283203125
2025-10-31,META,4.206428050994873
2025-11-03,META,4.219867706298828
2025-11-04,META,4.23369026184082
2025-11-05,META,4.249176979064941
2025-11-06,META,4.244025707244873
2025-11-07,META,4.267376899719238
2025-11-10,META,4.279407978057861
2025-11-11,META,4.302119255065918
2025-11-12,META,4.291459560394287
2025-11-13,META,4.316051959991455
2025-11-14,META,4.3410515785217285
2025-11-17,META,4.360284328460693
2025-11-18,META,4.383790493011475
2025-11-19,META,4.403193473815918
2025-11-20,META,4.428677558898926
2025-11-21,META,4.449429035186768
2025-11-24,META,4.421999931335449
2025-11-25,META,4.375834941864014
2025-11-26,META,4.400514602661133
2025-09-09,^NSEI,13.294787406921387
2025-09-10,^NSEI,13.353482246398926
2025-09-11,^NSEI,13.433148384094238
2025-09-12,^NSEI,13.491029739379883
2025-09-15,^NSEI,13.566302299499512
2025-09-16,^NSEI,13.586699485778809
2025-09-17,^NSEI,13.653573989868164
2025-09-18,^NSEI,13.720242500305176
2025-09-19,^NSEI,13.775374412536621
2025-09-22,^NSEI,13.814498901367188
2025-09-23,^NSEI,13.893768310546875
2025-09-24,^NSEI,13.941001892089844
2025-09-25,^NSEI,13.949002265930176
2025-09-26,^NSEI,13.88427448272705
2025-09-29,^NSEI,13.966875076293945
2025-09-30,^NSEI,14.0494384765625
2025-10-01,^NSEI,13.999815940856934
2025-10-03,^NSEI,14.076568603515625
2025-10-06,^NSEI,14.076861381530762
2025-10-07,^NSEI,14.160179138183594
2025-10-08,^NSEI,14.2326078414917
2025-10-09,^NSEI,14.272933959960938
2025-10-10,^NSEI,14.334024429321289
2025-10-13,^NSEI,14.407938957214355
2025-10-14,^NSEI,14.47197437286377
2025-10-15,^NSEI,14.476806640625
2025-10-16,^NSEI,14.388566970825195
2025-10-17,^NSEI,14.441227912902832
2025-10-20,^NSEI,14.476268768310547
2025-10-21,^NSEI,11.468902587890625
2025-10-23,^NSEI,10.982892990112305
2025-10-24,^NSEI,14.340306282043457
2025-10-27,^NSEI,14.294746398925781
2025-10-28,^NSEI,2.7490079402923584
2025-10-29,^NSEI,-14.873496055603027
2025-10-30,^NSEI,-14.861027717590332
2025-10-31,^NSEI,-14.866909980773926
2025-11-03,^NSEI,-14.953368186950684
2025-11-04,^NSEI,-14.949150085449219
2025-11-06,^NSEI,-15.009374618530273
2025-11-07,^NSEI,-15.085287094116211
2025-11-10,^NSEI,-10.811304092407227
2025-11-11,^NSEI,-15.169133186340332
2025-11-12,^NSEI,-15.22403621673584
2025-11-13,^NSEI,-15.31452465057373
2025-11-14,^NSEI,-15.404858589172363
2025-11-17,^NSEI,-15.470904350280762
2025-11-18,^NSEI,-15.518521308898926
2025-11-19,^NSEI,-15.55518913269043
2025-11-20,^NSEI,-15.597698211669922
2025-11-21,^NSEI,-15.609572410583496
2025-11-24,^NSEI,-15.664216041564941
2025-11-25,^NSEI,-15.738744735717773
2025-11-26,^NSEI,-15.517626762390137
2025-11-27,^NSEI,-15.609781265258789
2025-12-23,DX-Y.NYB,25.67255210876465
2025-12-24,DX-Y.NYB,25.817922592163086
2025-12-26,DX-Y.NYB,25.964160919189453
2025-12-29,DX-Y.NYB,26.11319351196289
2025-12-30,DX-Y.NYB,26.21527099609375
2025-12-31,DX-Y.NYB,26.364084243774414
2026-01-02,DX-Y.NYB,26.491525650024414
2026-01-05,DX-Y.NYB,26.623886108398438
2026-01-06,DX-Y.NYB,26.662643432617188
2026-01-07,DX-Y.NYB,26.80386734008789
2026-01-08,DX-Y.NYB,26.8843994140625
2026-01-09,DX-Y.NYB,26.992691040039062
2026-01-12,DX-Y.NYB,27.067663192749023
2026-01-13,DX-Y.NYB,27.13690757751465
2026-01-14,DX-Y.NYB,27.294103622436523
2026-01-15,DX-Y.NYB,27.408594131469727
2026-01-16,DX-Y.NYB,27.56150245666504
2026-01-20,DX-Y.NYB,27.063451766967773
2026-01-21,DX-Y.NYB,27.20121192932129
2026-01-22,DX-Y.NYB,27.178119659423828
2026-01-23,DX-Y.NYB,26.694074630737305
2026-01-26,DX-Y.NYB,26.521570205688477
2026-01-27,DX-Y.NYB,25.988555908203125
2026-01-28,DX-Y.NYB,26.063817977905273
2026-01-29,DX-Y.NYB,26.193933486938477
2026-01-30,DX-Y.NYB,25.75522232055664
2026-02-02,DX-Y.NYB,25.484115600585938
2026-02-03,DX-Y.NYB,25.60862159729004
2026-02-04,DX-Y.NYB,25.717092514038086
2026-02-05,DX-Y.NYB,25.818357467651367
2026-02-06,DX-Y.NYB,25.936246871948242
2026-02-09,DX-Y.NYB,25.451873779296875
2026-02-10,DX-Y.NYB,25.599288940429688
2026-02-11,DX-Y.NYB,25.74448585510254
2026-02-12,DX-Y.NYB,25.877548217773438
2026-02-13,DX-Y.NYB,26.026691436767578
2026-02-17,DX-Y.NYB,26.079334259033203
2026-02-18,DX-Y.NYB,25.90042495727539
2026-02-19,DX-Y.NYB,25.98903465270996
2026-02-20,DX-Y.NYB,26.124744415283203
2026-02-23,DX-Y.NYB,26.267866134643555
2026-02-24,DX-Y.NYB,26.379690170288086
2026-02-25,DX-Y.NYB,26.501285552978516
2026-02-26,DX-Y.NYB,26.643035888671875
2026-02-27,DX-Y.NYB,26.765439987182617
2026-03-02,DX-Y.NYB,26.24152183532715
2026-03-03,DX-Y.NYB,25.921344757080078
2026-03-04,DX-Y.NYB,25.9906063079834
2026-03-05,DX-Y.NYB,25.835647583007812
2026-03-06,DX-Y.NYB,25.8731746673584
2026-03-09,DX-Y.NYB,25.98760414123535
2026-03-10,DX-Y.NYB,26.011016845703125
2026-03-11,DX-Y.NYB,25.999011993408203
2026-03-12,DX-Y.NYB,25.893634796142578
2026-03-13,DX-Y.NYB,25.681671142578125
2026-03-16,DX-Y.NYB,25.412275314331055
2026-03-17,DX-Y.NYB,25.54095458984375
2026-03-18,DX-Y.NYB,25.451148986816406
2026-03-19,DX-Y.NYB,24.908872604370117
2026-03-20,DX-Y.NYB,24.89982032775879
2026-03-23,DX-Y.NYB,24.60911750793457
2026-03-24,DX-Y.NYB,24.55471420288086
2026-03-25,DX-Y.NYB,24.67416763305664
2026-03-26,DX-Y.NYB,24.74396324157715
2026-03-27,DX-Y.NYB,24.83831024169922
2026-03-30,DX-Y.NYB,24.878812789916992
2026-03-31,DX-Y.NYB,24.746097564697266
2026-04-01,DX-Y.NYB,24.80008888244629
2026-04-02,DX-Y.NYB,24.82350730895996
2026-04-06,DX-Y.NYB,24.963878631591797
2026-04-07,DX-Y.NYB,24.999116897583008
2026-04-08,DX-Y.NYB,24.906335830688477
2026-04-09,DX-Y.NYB,24.963714599609375
2026-04-10,DX-Y.NYB,25.082584381103516
2026-04-13,DX-Y.NYB,25.15743064880371
2026-04-14,DX-Y.NYB,25.24774169921875
2026-04-15,DX-Y.NYB,25.391565322875977
2026-04-16,DX-Y.NYB,25.510587692260742
2026-04-17,DX-Y.NYB,25.64607810974121
2026-04-20,DX-Y.NYB,25.792993545532227
2026-04-21,DX-Y.NYB,25.80411148071289
2026-04-22,DX-Y.NYB,25.918760299682617
2026-04-23,DX-Y.NYB,26.022403717041016
2026-04-24,DX-Y.NYB,26.087512969970703
2026-04-27,DX-Y.NYB,26.23794937133789
2026-04-28,DX-Y.NYB,26.367719650268555
2026-04-29,DX-Y.NYB,26.422210693359375
2025-12-23,GBPUSD=X,24.540868759155273
2025-12-24,GBPUSD=X,24.60367202758789
2025-12-26,GBPUSD=X,24.743623733520508
2025-12-29,GBPUSD=X,24.877185821533203
2025-12-30,GBPUSD=X,25.0152645111084
2025-12-31,GBPUSD=X,25.05516242980957
2026-01-02,GBPUSD=X,25.19938087463379
2026-01-05,GBPUSD=X,25.27360725402832
2026-01-06,GBPUSD=X,24.97793960571289
2026-01-07,GBPUSD=X,25.058961868286133
2026-01-08,GBPUSD=X,25.110685348510742
2026-01-09,GBPUSD=X,25.22930335998535
2026-01-12,GBPUSD=X,25.271394729614258
2026-01-13,GBPUSD=X,25.16757583618164
2026-01-14,GBPUSD=X,25.230213165283203
2026-01-15,GBPUSD=X,25.365787506103516
2026-01-16,GBPUSD=X,25.31072425842285
2026-01-19,GBPUSD=X,25.43221664428711
2026-01-20,GBPUSD=X,25.570878982543945
2026-01-21,GBPUSD=X,25.695114135742188
2026-01-22,GBPUSD=X,25.815622329711914
2026-01-23,GBPUSD=X,25.617767333984375
2026-01-26,GBPUSD=X,24.529844284057617
2026-01-27,GBPUSD=X,24.666627883911133
2026-01-28,GBPUSD=X,23.926298141479492
2026-01-29,GBPUSD=X,24.063892364501953
2026-01-30,GBPUSD=X,24.17780113220215
2026-02-02,GBPUSD=X,23.603225708007812
2026-02-03,GBPUSD=X,23.73594856262207
2026-02-04,GBPUSD=X,23.85638427734375
2026-02-05,GBPUSD=X,23.86130142211914
2026-02-06,GBPUSD=X,23.351917266845703
2026-02-09,GBPUSD=X,23.197477340698242
2026-02-10,GBPUSD=X,23.13762664794922
2026-02-11,GBPUSD=X,23.1673641204834
2026-02-12,GBPUSD=X,23.294307708740234
2026-02-13,GBPUSD=X,23.42745590209961
2026-02-16,GBPUSD=X,23.539400100708008
2026-02-17,GBPUSD=X,23.653974533081055
2026-02-18,GBPUSD=X,23.614551544189453
2026-02-19,GBPUSD=X,23.548669815063477
2026-02-20,GBPUSD=X,23.631895065307617
2026-02-23,GBPUSD=X,23.561023712158203
2026-02-24,GBPUSD=X,23.63833236694336
2026-02-25,GBPUSD=X,23.775239944458008
2026-02-26,GBPUSD=X,23.76667022705078
2026-02-27,GBPUSD=X,23.710283279418945
2026-03-02,GBPUSD=X,23.543642044067383
2026-03-03,GBPUSD=X,23.679466247558594
2026-03-04,GBPUSD=X,23.679609298706055
2026-03-05,GBPUSD=X,23.805587768554688
2026-03-06,GBPUSD=X,23.937301635742188
2026-03-09,GBPUSD=X,23.939359664916992
2026-03-10,GBPUSD=X,23.416074752807617
2026-03-11,GBPUSD=X,23.550031661987305
2026-03-12,GBPUSD=X,23.62811279296875
2026-03-13,GBPUSD=X,23.728824615478516
2026-03-16,GBPUSD=X,23.412269592285156
2026-03-17,GBPUSD=X,23.35607147216797
2026-03-18,GBPUSD=X,23.40528678894043
2026-03-19,GBPUSD=X,23.184846878051758
2026-03-20,GBPUSD=X,22.32596206665039
2026-03-23,GBPUSD=X,22.14554214477539
2026-03-24,GBPUSD=X,21.97669792175293
2026-03-25,GBPUSD=X,22.10158348083496
2026-03-26,GBPUSD=X,22.13339614868164
2026-03-27,GBPUSD=X,22.23480224609375
2026-03-30,GBPUSD=X,22.039976119995117
2026-03-31,GBPUSD=X,22.026113510131836
2026-04-01,GBPUSD=X,21.969846725463867
2026-04-02,GBPUSD=X,21.970470428466797
2026-04-03,GBPUSD=X,21.924514770507812
2026-04-06,GBPUSD=X,21.990015029907227
2026-04-07,GBPUSD=X,22.031057357788086
2026-04-08,GBPUSD=X,21.224454879760742
2026-04-09,GBPUSD=X,21.34537696838379
2026-04-10,GBPUSD=X,21.429880142211914
2026-04-13,GBPUSD=X,21.512876510620117
2026-04-14,GBPUSD=X,21.191057205200195
2026-04-15,GBPUSD=X,21.21363639831543
2026-04-16,GBPUSD=X,21.33603286743164
2026-04-17,GBPUSD=X,21.384889602661133
2026-04-20,GBPUSD=X,21.451047897338867
2026-04-21,GBPUSD=X,21.51118278503418
2026-04-22,GBPUSD=X,21.618810653686523
2026-04-23,GBPUSD=X,21.74031639099121
2026-04-24,GBPUSD=X,21.82594871520996
2026-04-27,GBPUSD=X,21.878293991088867
2026-04-28,GBPUSD=X,21.989877700805664
2026-04-29,GBPUSD=X,22.109243392944336
2025-12-23,AAPL,6.350301742553711
2025-12-24,AAPL,6.384878635406494
2025-12-26,AAPL,6.420548915863037
2025-12-29,AAPL,6.457740783691406
2025-12-30,AAPL,6.492778778076172
2025-12-31,AAPL,6.52501916885376
2026-01-02,AAPL,6.559669017791748
2026-01-05,AAPL,6.561141490936279
2026-01-06,AAPL,6.539027690887451
2026-01-07,AAPL,6.565074920654297
2026-01-08,AAPL,6.597789764404297
2026-01-09,AAPL,6.635960578918457
2026-01-12,AAPL,6.673214912414551
2026-01-13,AAPL,6.710960388183594
2026-01-14,AAPL,6.745598793029785
2026-01-15,AAPL,6.774951457977295
2026-01-16,AAPL,6.7927422523498535
2026-01-20,AAPL,6.622096538543701
2026-01-21,AAPL,6.658139228820801
2026-01-22,AAPL,6.695504665374756
2026-01-23,AAPL,6.733940124511719
2026-01-26,AAPL,6.6256914138793945
2026-01-27,AAPL,6.645171642303467
2026-01-28,AAPL,6.673716068267822
2026-01-29,AAPL,6.70491886138916
2026-01-30,AAPL,6.740967750549316
2026-02-02,AAPL,6.517409801483154
2026-02-03,AAPL,6.553661346435547
2026-02-04,AAPL,6.4939775466918945
2026-02-05,AAPL,6.529715061187744
2026-02-06,AAPL,6.560466289520264
2026-02-09,AAPL,6.571099758148193
2026-02-10,AAPL,6.605617046356201
2026-02-11,AAPL,6.639009952545166
2026-02-12,AAPL,6.277622222900391
2026-02-13,AAPL,6.237950325012207
2026-02-17,AAPL,6.1429057121276855
2026-02-18,AAPL,6.178355693817139
2026-02-19,AAPL,6.183896541595459
2026-02-20,AAPL,6.190581321716309
2026-02-23,AAPL,6.222684860229492
2026-02-24,AAPL,6.195785045623779
2026-02-25,AAPL,6.225780487060547
2026-02-26,AAPL,6.257169246673584
2026-02-27,AAPL,6.144459247589111
2026-03-02,AAPL,6.179819107055664
2026-03-03,AAPL,6.213020324707031
2026-03-04,AAPL,6.245108604431152
2026-03-05,AAPL,6.269773006439209
2026-03-06,AAPL,6.287932872772217
2026-03-09,AAPL,6.312844276428223
2026-03-10,AAPL,6.347970485687256
2026-03-11,AAPL,6.3846917152404785
2026-03-12,AAPL,6.36375617980957
2026-03-13,AAPL,6.328434467315674
2026-03-16,AAPL,6.348388671875
2026-03-17,AAPL,6.380870819091797
2026-03-18,AAPL,6.374943256378174
2026-03-19,AAPL,6.4095778465271
2026-03-20,AAPL,6.444457530975342
2026-03-23,AAPL,6.451260566711426
2026-03-24,AAPL,6.488593578338623
2026-03-25,AAPL,6.523934364318848
2026-03-26,AAPL,6.561590671539307
2026-03-27,AAPL,6.557025909423828
2026-03-30,AAPL,6.582897186279297
2026-03-31,AAPL,6.486672878265381
2026-04-01,AAPL,6.516517639160156
2026-04-02,AAPL,6.554152965545654
2026-04-06,AAPL,6.572057247161865
2026-04-07,AAPL,6.5389604568481445
2026-04-08,AAPL,6.5067338943481445
2026-04-09,AAPL,6.539283275604248
2026-04-10,AAPL,6.577121257781982
2026-04-13,AAPL,6.610501766204834
2026-04-14,AAPL,6.648234844207764
2026-04-15,AAPL,6.550258159637451
2026-04-16,AAPL,6.564827919006348
2026-04-17,AAPL,6.501502990722656
2026-04-20,AAPL,6.5248870849609375
2026-04-21,AAPL,6.45654296875
2026-04-22,AAPL,6.395440578460693
2026-04-23,AAPL,6.432488918304443
2026-04-24,AAPL,6.4556427001953125
2026-04-27,AAPL,6.464809417724609
2026-04-28,AAPL,6.4841156005859375
2026-04-29,AAPL,6.520426273345947
2025-12-23,XOM,7.763790130615234
2025-12-24,XOM,7.807061195373535
2025-12-26,XOM,7.8514604568481445
2025-12-29,XOM,7.862992763519287
2025-12-30,XOM,7.906230926513672
2025-12-31,XOM,7.940728664398193
2026-01-02,XOM,7.892618656158447
2026-01-05,XOM,7.817418098449707
2026-01-06,XOM,7.536136150360107
2026-01-07,XOM,7.463387966156006
2026-01-08,XOM,7.207133769989014
2026-01-09,XOM,7.214475154876709
2026-01-12,XOM,7.248818397521973
2026-01-13,XOM,7.213062286376953
2026-01-14,XOM,7.097723484039307
2026-01-15,XOM,7.118793487548828
2026-01-16,XOM,7.156248569488525
2026-01-20,XOM,7.196132659912109
2026-01-21,XOM,7.132752418518066
2026-01-22,XOM,7.173465251922607
2026-01-23,XOM,7.201450347900391
2026-01-26,XOM,7.2412848472595215
2026-01-27,XOM,7.2480621337890625
2026-01-28,XOM,7.28759765625
2026-01-29,XOM,7.250204563140869
2026-01-30,XOM,7.2888054847717285
2026-02-02,XOM,7.210480690002441
2026-02-03,XOM,6.984853267669678
2026-02-04,XOM,6.913305759429932
2026-02-05,XOM,6.921290874481201
2026-02-06,XOM,6.903274059295654
2026-02-09,XOM,6.9181742668151855
2026-02-10,XOM,6.958198547363281
2026-02-11,XOM,6.897563457489014
2026-02-12,XOM,6.741322994232178
2026-02-13,XOM,6.751949310302734
2026-02-17,XOM,6.734864234924316
2026-02-18,XOM,6.639745235443115
2026-02-19,XOM,6.678054332733154
2026-02-20,XOM,6.593329906463623
2026-02-23,XOM,6.560060024261475
2026-02-24,XOM,6.572000980377197
2026-02-25,XOM,6.607484340667725
2026-02-26,XOM,6.639641761779785
2026-02-27,XOM,6.582953929901123
2026-03-02,XOM,6.609458923339844
2026-03-03,XOM,6.592549800872803
2026-03-04,XOM,6.589547634124756
2026-03-05,XOM,6.625420570373535
2026-03-06,XOM,6.663771152496338
2026-03-09,XOM,6.692480564117432
2026-03-10,XOM,6.677456855773926
2026-03-11,XOM,6.642297267913818
2026-03-12,XOM,6.662930965423584
2026-03-13,XOM,6.6675705909729
2026-03-16,XOM,6.703052520751953
2026-03-17,XOM,6.732985019683838
2026-03-18,XOM,6.75244140625
2026-03-19,XOM,6.79144287109375
2026-03-20,XOM,6.822702884674072
2026-03-23,XOM,6.855159282684326
2026-03-24,XOM,6.796237468719482
2026-03-25,XOM,6.789864540100098
2026-03-26,XOM,6.810535430908203
2026-03-27,XOM,6.688739776611328
2026-03-30,XOM,6.727400302886963
2026-03-31,XOM,6.732229709625244
2026-04-01,XOM,6.288024425506592
2026-04-02,XOM,6.322933197021484
2026-04-06,XOM,6.331437110900879
2026-04-07,XOM,6.368082523345947
2026-04-08,XOM,6.068450927734375
2026-04-09,XOM,6.091334819793701
2026-04-10,XOM,6.0830512046813965
2026-04-13,XOM,6.118136882781982
2026-04-14,XOM,6.078371047973633
2026-04-15,XOM,6.11227560043335
2026-04-16,XOM,6.1044020652771
2026-04-17,XOM,5.957871913909912
2026-04-20,XOM,5.986339092254639
2026-04-21,XOM,6.01981258392334
2026-04-22,XOM,6.04993200302124
2026-04-23,XOM,6.0814104080200195
2026-04-24,XOM,6.096996784210205
2026-04-27,XOM,6.127140522003174
2026-04-28,XOM,6.134930610656738
2026-04-29,XOM,6.085122585296631
2025-12-23,^NSEI,16.37574577331543
2025-12-24,^NSEI,16.464033126831055
2025-12-26,^NSEI,16.513792037963867
2025-12-29,^NSEI,16.56385040283203
2025-12-30,^NSEI,16.661100387573242
2025-12-31,^NSEI,16.629501342773438
2026-01-01,^NSEI,16.727630615234375
2026-01-02,^NSEI,16.712060928344727
2026-01-05,^NSEI,16.77764129638672
2026-01-06,^NSEI,16.848432540893555
2026-01-07,^NSEI,16.937891006469727
2026-01-08,^NSEI,16.7335262298584
2026-01-09,^NSEI,16.669736862182617
2026-01-12,^NSEI,16.726118087768555
2026-01-13,^NSEI,16.80774688720703
2026-01-14,^NSEI,16.884967803955078
2026-01-16,^NSEI,16.982101440429688
2026-01-19,^NSEI,17.026365280151367
2026-01-20,^NSEI,16.594806671142578
2026-01-21,^NSEI,16.66933822631836
2026-01-22,^NSEI,16.692298889160156
2026-01-23,^NSEI,16.54938316345215
2026-01-27,^NSEI,16.577394485473633
2026-01-28,^NSEI,16.558242797851562
2026-01-29,^NSEI,16.632661819458008
2026-01-30,^NSEI,16.689193725585938
2026-02-02,^NSEI,16.56358528137207
2026-02-03,^NSEI,15.16868782043457
2026-02-04,^NSEI,15.252328872680664
2026-02-05,^NSEI,15.282195091247559
2026-02-06,^NSEI,15.36530590057373
2026-02-09,^NSEI,15.366081237792969
2026-02-10,^NSEI,15.444838523864746
2026-02-11,^NSEI,15.535226821899414
2026-02-12,^NSEI,15.54997444152832
2026-02-13,^NSEI,15.271931648254395
2026-02-16,^NSEI,15.224047660827637
2026-02-17,^NSEI,15.308981895446777
2026-02-18,^NSEI,15.374162673950195
2026-02-19,^NSEI,15.04747200012207
2026-02-20,^NSEI,15.095664024353027
2026-02-23,^NSEI,15.126151084899902
2026-02-24,^NSEI,14.961262702941895
2026-02-25,^NSEI,15.039497375488281
2026-02-26,^NSEI,15.127287864685059
2026-02-27,^NSEI,14.91014575958252
2026-03-02,^NSEI,14.712824821472168
2026-03-04,^NSEI,14.38688850402832
2026-03-05,^NSEI,14.228079795837402
2026-03-06,^NSEI,14.058547019958496
2026-03-09,^NSEI,13.704256057739258
2026-03-10,^NSEI,13.629427909851074
2026-03-11,^NSEI,13.357958793640137
2026-03-12,^NSEI,13.328680992126465
2026-03-13,^NSEI,12.896339416503906
2026-03-16,^NSEI,12.793949127197266
2026-03-17,^NSEI,12.788298606872559
2026-03-18,^NSEI,12.76470947265625
2026-03-19,^NSEI,11.76394271850586
2026-03-20,^NSEI,11.800300598144531
2026-03-23,^NSEI,11.31396770477295
2026-03-24,^NSEI,11.090361595153809
2026-03-25,^NSEI,10.903136253356934
2026-03-27,^NSEI,10.67724323272705
2026-03-30,^NSEI,10.460108757019043
2026-04-01,^NSEI,10.338706016540527
2026-04-02,^NSEI,10.395005226135254
2026-04-06,^NSEI,10.359512329101562
2026-04-07,^NSEI,10.38260555267334
2026-04-08,^NSEI,9.597418785095215
2026-04-09,^NSEI,9.613492965698242
2026-04-10,^NSEI,9.59610652923584
2026-04-13,^NSEI,9.617194175720215
2026-04-15,^NSEI,9.533129692077637
2026-04-16,^NSEI,9.58813762664795
2026-04-17,^NSEI,9.6212739944458
2026-04-20,^NSEI,9.677289962768555
2026-04-21,^NSEI,9.69318675994873
2026-04-22,^NSEI,9.71628475189209
2026-04-23,^NSEI,9.737223625183105
2026-04-24,^NSEI,9.72889232635498
2026-04-27,^NSEI,9.747406005859375
2026-04-28,^NSEI,9.796852111816406
2026-04-29,^NSEI,9.820423126220703
2025-12-23,QQQ,8.305685997009277
2025-12-24,QQQ,8.352648735046387
2025-12-26,QQQ,8.400607109069824
2025-12-29,QQQ,8.437519073486328
2025-12-30,QQQ,8.482643127441406
2025-12-31,QQQ,8.502324104309082
2026-01-02,QQQ,8.548860549926758
2026-01-05,QQQ,8.58031177520752
2026-01-06,QQQ,8.607647895812988
2026-01-07,QQQ,8.657511711120605
2026-01-08,QQQ,8.69119930267334
2026-01-09,QQQ,8.711003303527832
2026-01-12,QQQ,8.761453628540039
2026-01-13,QQQ,8.809819221496582
2026-01-14,QQQ,8.808194160461426
2026-01-15,QQQ,8.856268882751465
2026-01-16,QQQ,8.906404495239258
2026-01-20,QQQ,8.767110824584961
2026-01-21,QQQ,8.754446983337402
2026-01-22,QQQ,8.788949012756348
2026-01-23,QQQ,8.837763786315918
2026-01-26,QQQ,8.884016990661621
2026-01-27,QQQ,8.908890724182129
2026-01-28,QQQ,8.958327293395996
2026-01-29,QQQ,8.990156173706055
2026-01-30,QQQ,8.973467826843262
2026-02-02,QQQ,9.010249137878418
2026-02-03,QQQ,8.954484939575195
2026-02-04,QQQ,8.874391555786133
2026-02-05,QQQ,8.838972091674805
2026-02-06,QQQ,8.723648071289062
2026-02-09,QQQ,8.754989624023438
2026-02-10,QQQ,8.795149803161621
2026-02-11,QQQ,8.844340324401855
2026-02-12,QQQ,8.727614402770996
2026-02-13,QQQ,8.776952743530273
2026-02-17,QQQ,8.827052116394043
2026-02-18,QQQ,8.858322143554688
2026-02-19,QQQ,8.902462005615234
2026-02-20,QQQ,8.925251007080078
2026-02-23,QQQ,8.9129056930542
2026-02-24,QQQ,8.921018600463867
2026-02-25,QQQ,8.893778800964355
2026-02-26,QQQ,8.881468772888184
2026-02-27,QQQ,8.92755126953125
2026-03-02,QQQ,8.978941917419434
2026-03-03,QQQ,8.980118751525879
2026-03-04,QQQ,8.941245079040527
2026-03-05,QQQ,8.988078117370605
2026-03-06,QQQ,8.942420959472656
2026-03-09,QQQ,8.924982070922852
2026-03-10,QQQ,8.976622581481934
2026-03-11,QQQ,9.028505325317383
2026-03-12,QQQ,8.95392894744873
2026-03-13,QQQ,8.990470886230469
2026-03-16,QQQ,8.99193000793457
2026-03-17,QQQ,9.03514289855957
2026-03-18,QQQ,9.003203392028809
2026-03-19,QQQ,9.050817489624023
2026-03-20,QQQ,8.960439682006836
2026-03-23,QQQ,8.957686424255371
2026-03-24,QQQ,8.990321159362793
2026-03-25,QQQ,9.024215698242188
2026-03-26,QQQ,8.846095085144043
2026-03-27,QQQ,8.75390338897705
2026-03-30,QQQ,8.784995079040527
2026-03-31,QQQ,8.410330772399902
2026-04-01,QQQ,8.406347274780273
2026-04-02,QQQ,8.454585075378418
2026-04-06,QQQ,8.491076469421387
2026-04-07,QQQ,8.540261268615723
2026-04-08,QQQ,8.292847633361816
2026-04-09,QQQ,8.327754020690918
2026-04-10,QQQ,8.375690460205078
2026-04-13,QQQ,8.391833305358887
2026-04-14,QQQ,8.338356971740723
2026-04-15,QQQ,8.329619407653809
2026-04-16,QQQ,8.37296199798584
2026-04-17,QQQ,8.372954368591309
2026-04-20,QQQ,8.4152250289917
2026-04-21,QQQ,8.455836296081543
2026-04-22,QQQ,8.4210205078125
2026-04-23,QQQ,8.453862190246582
2026-04-24,QQQ,8.393317222595215
2026-04-27,QQQ,8.4417142868042
2026-04-28,QQQ,8.446403503417969
2026-04-29,QQQ,8.487046241760254
2025-12-23,TSLA,2.928032398223877
2025-12-24,TSLA,2.944784641265869
2025-12-26,TSLA,2.9531397819519043
2025-12-29,TSLA,2.95147967338562
2025-12-30,TSLA,2.9656660556793213
2025-12-31,TSLA,2.980347156524658
2026-01-02,TSLA,2.985534429550171
2026-01-05,TSLA,2.9901981353759766
2026-01-06,TSLA,2.9785523414611816
2026-01-07,TSLA,2.9953455924987793
2026-01-08,TSLA,3.011643648147583
2026-01-09,TSLA,3.0233852863311768
2026-01-12,TSLA,3.0401968955993652
2026-01-13,TSLA,3.057192325592041
2026-01-14,TSLA,3.0683343410491943
2026-01-15,TSLA,3.0859172344207764
2026-01-16,TSLA,3.1034724712371826
2026-01-20,TSLA,3.089501142501831
2026-01-21,TSLA,3.0945682525634766
2026-01-22,TSLA,3.085991621017456
2026-01-23,TSLA,3.1037344932556152
2026-01-26,TSLA,3.1032941341400146
2026-01-27,TSLA,3.1189656257629395
2026-01-28,TSLA,3.1370320320129395
2026-01-29,TSLA,3.1324217319488525
2026-01-30,TSLA,3.13269305229187
2026-02-02,TSLA,3.1427221298217773
2026-02-03,TSLA,3.1609113216400146
2026-02-04,TSLA,3.1519970893859863
2026-02-05,TSLA,3.1612164974212646
2026-02-06,TSLA,3.158402919769287
2026-02-09,TSLA,3.1731231212615967
2026-02-10,TSLA,3.1857731342315674
2026-02-11,TSLA,3.203599691390991
2026-02-12,TSLA,3.207972764968872
2026-02-13,TSLA,3.226555347442627
2026-02-17,TSLA,3.23944091796875
2026-02-18,TSLA,3.258195161819458
2026-02-19,TSLA,3.277069568634033
2026-02-20,TSLA,3.2960450649261475
2026-02-23,TSLA,3.2968597412109375
2026-02-24,TSLA,3.3048863410949707
2026-02-25,TSLA,3.316802978515625
2026-02-26,TSLA,3.325815200805664
2026-02-27,TSLA,3.3399486541748047
2026-03-02,TSLA,3.359255313873291
2026-03-03,TSLA,3.3623104095458984
2026-03-04,TSLA,3.35680890083313
2026-03-05,TSLA,3.376195192337036
2026-03-06,TSLA,3.3847482204437256
2026-03-09,TSLA,3.4039101600646973
2026-03-10,TSLA,3.423609495162964
2026-03-11,TSLA,3.4333808422088623
2026-03-12,TSLA,3.429640293121338
2026-03-13,TSLA,3.4472033977508545
2026-03-16,TSLA,3.464398145675659
2026-03-17,TSLA,3.4825427532196045
2026-03-18,TSLA,3.495986223220825
2026-03-19,TSLA,3.491431951522827
2026-03-20,TSLA,3.486478090286255
2026-03-23,TSLA,3.4765915870666504
2026-03-24,TSLA,3.495931625366211
2026-03-25,TSLA,3.514772891998291
2026-03-26,TSLA,3.5034961700439453
2026-03-27,TSLA,3.5056092739105225
2026-03-30,TSLA,3.5184247493743896
2026-03-31,TSLA,3.4847114086151123
2026-04-01,TSLA,3.4888477325439453
2026-04-02,TSLA,3.439847946166992
2026-04-06,TSLA,3.4496281147003174
2026-04-07,TSLA,3.463139295578003
2026-04-08,TSLA,3.4813785552978516
2026-04-09,TSLA,3.499988317489624
2026-04-10,TSLA,3.5174736976623535
2026-04-13,TSLA,3.5349183082580566
2026-04-14,TSLA,3.5262153148651123
2026-04-15,TSLA,3.4082818031311035
2026-04-16,TSLA,3.4264862537384033
2026-04-17,TSLA,3.426172971725464
2026-04-20,TSLA,3.435948133468628
2026-04-21,TSLA,3.449960470199585
2026-04-22,TSLA,3.4697964191436768
2026-04-23,TSLA,3.45953631401062
2026-04-24,TSLA,3.4784226417541504
2026-04-27,TSLA,3.497617721557617
2026-04-28,TSLA,3.5166611671447754
2026-04-29,TSLA,3.53521990776062
2025-12-23,TLT,15.284825325012207
2025-12-24,TLT,15.300311088562012
2025-12-26,TLT,15.3651762008667
2025-12-29,TLT,15.426187515258789
2025-12-30,TLT,15.502402305603027
2025-12-31,TLT,15.455817222595215
2026-01-02,TLT,15.540661811828613
2026-01-05,TLT,15.578279495239258
2026-01-06,TLT,15.659029006958008
2026-01-07,TLT,15.675824165344238
2026-01-08,TLT,15.709848403930664
2026-01-09,TLT,15.704849243164062
2026-01-12,TLT,15.775192260742188
2026-01-13,TLT,15.86051082611084
2026-01-14,TLT,15.878287315368652
2026-01-15,TLT,15.969944953918457
2026-01-16,TLT,15.981551170349121
2026-01-20,TLT,15.684185981750488
2026-01-21,TLT,15.646344184875488
2026-01-22,TLT,15.695991516113281
2026-01-23,TLT,15.771171569824219
2026-01-26,TLT,15.813677787780762
2026-01-27,TLT,15.814332962036133
2026-01-28,TLT,15.893446922302246
2026-01-29,TLT,15.985443115234375
2026-01-30,TLT,16.004281997680664
2026-02-02,TLT,16.078107833862305
2026-02-03,TLT,16.156753540039062
2026-02-04,TLT,16.235107421875
2026-02-05,TLT,16.045900344848633
2026-02-06,TLT,16.137983322143555
2026-02-09,TLT,16.231233596801758
2026-02-10,TLT,16.013809204101562
2026-02-11,TLT,16.035547256469727
2026-02-12,TLT,15.736861228942871
2026-02-13,TLT,15.768402099609375
2026-02-17,TLT,15.855897903442383
2026-02-18,TLT,15.908533096313477
2026-02-19,TLT,15.9996337890625
2026-02-20,TLT,16.0755672454834
2026-02-23,TLT,16.14156150817871
2026-02-24,TLT,16.23009490966797
2026-02-25,TLT,16.323965072631836
2026-02-26,TLT,16.385597229003906
2026-02-27,TLT,16.399677276611328
2026-03-02,TLT,16.22351837158203
2026-03-03,TLT,16.30402374267578
2026-03-04,TLT,16.369138717651367
2026-03-05,TLT,16.417524337768555
2026-03-06,TLT,16.47346305847168
2026-03-09,TLT,16.38654899597168
2026-03-10,TLT,16.189453125
2026-03-11,TLT,15.884620666503906
2026-03-12,TLT,15.9678955078125
2026-03-13,TLT,16.004276275634766
2026-03-16,TLT,15.955855369567871
2026-03-17,TLT,16.030942916870117
2026-03-18,TLT,16.049238204956055
2026-03-19,TLT,16.054716110229492
2026-03-20,TLT,15.354887962341309
2026-03-23,TLT,15.352113723754883
2026-03-24,TLT,15.402831077575684
2026-03-25,TLT,15.295892715454102
2026-03-26,TLT,15.242998123168945
2026-03-27,TLT,15.27405834197998
2026-03-30,TLT,15.004838943481445
2026-03-31,TLT,15.089802742004395
2026-04-01,TLT,15.175471305847168
2026-04-02,TLT,15.187350273132324
2026-04-06,TLT,15.270001411437988
2026-04-07,TLT,15.358431816101074
2026-04-08,TLT,15.425836563110352
2026-04-09,TLT,15.501398086547852
2026-04-10,TLT,15.578661918640137
2026-04-13,TLT,15.649165153503418
2026-04-14,TLT,15.678969383239746
2026-04-15,TLT,15.726747512817383
2026-04-16,TLT,15.7288236618042
2026-04-17,TLT,15.6349515914917
2026-04-20,TLT,15.72534465789795
2026-04-21,TLT,15.748064994812012
2026-04-22,TLT,15.830606460571289
2026-04-23,TLT,15.911335945129395
2026-04-24,TLT,15.995539665222168
2026-04-27,TLT,16.030855178833008
2026-04-28,TLT,16.12091636657715
2026-04-29,TLT,16.07355308532715
2025-12-23,SPY,10.678889274597168
2025-12-24,SPY,10.73607063293457
2025-12-26,SPY,10.797480583190918
2025-12-29,SPY,10.845480918884277
2025-12-30,SPY,10.905069351196289
2025-12-31,SPY,10.917913436889648
2026-01-02,SPY,10.980319023132324
2026-01-05,SPY,11.017891883850098
2026-01-06,SPY,11.061918258666992
2026-01-07,SPY,11.112835884094238
2026-01-08,SPY,11.176487922668457
2026-01-09,SPY,11.214835166931152
2026-01-12,SPY,11.27945613861084
2026-01-13,SPY,11.337808609008789
2026-01-14,SPY,11.375555992126465
2026-01-15,SPY,11.4384183883667
2026-01-16,SPY,11.502264022827148
2026-01-20,SPY,11.197709083557129
2026-01-21,SPY,11.167497634887695
2026-01-22,SPY,11.2160062789917
2026-01-23,SPY,11.280854225158691
2026-01-26,SPY,11.330911636352539
2026-01-27,SPY,11.388160705566406
2026-01-28,SPY,11.453384399414062
2026-01-29,SPY,11.512944221496582
2026-01-30,SPY,11.567207336425781
2026-02-02,SPY,11.618532180786133
2026-02-03,SPY,11.609827995300293
2026-02-04,SPY,11.64975357055664
2026-02-05,SPY,11.564821243286133
2026-02-06,SPY,11.334671020507812
2026-02-09,SPY,11.386210441589355
2026-02-10,SPY,11.442545890808105
2026-02-11,SPY,11.508082389831543
2026-02-12,SPY,11.354409217834473
2026-02-13,SPY,11.420153617858887
2026-02-17,SPY,11.48527717590332
2026-02-18,SPY,11.534226417541504
2026-02-19,SPY,11.592007637023926
2026-02-20,SPY,11.619521141052246
2026-02-23,SPY,11.58321762084961
2026-02-24,SPY,11.60977554321289
2026-02-25,SPY,11.62209415435791
2026-02-26,SPY,11.654959678649902
2026-02-27,SPY,11.696298599243164
2026-03-02,SPY,11.764052391052246
2026-03-03,SPY,11.751910209655762
2026-03-04,SPY,11.779391288757324
2026-03-05,SPY,11.813375473022461
2026-03-06,SPY,11.713066101074219
2026-03-09,SPY,11.715343475341797
2026-03-10,SPY,11.779629707336426
2026-03-11,SPY,11.845478057861328
2026-03-12,SPY,11.692096710205078
2026-03-13,SPY,11.729151725769043
2026-03-16,SPY,11.704315185546875
2026-03-17,SPY,11.766704559326172
2026-03-18,SPY,11.65215015411377
2026-03-19,SPY,11.713883399963379
2026-03-20,SPY,11.596681594848633
2026-03-23,SPY,11.564505577087402
2026-03-24,SPY,11.621611595153809
2026-03-25,SPY,11.660731315612793
2026-03-26,SPY,11.449260711669922
2026-03-27,SPY,11.279346466064453
2026-03-30,SPY,11.337507247924805
2026-03-31,SPY,10.742117881774902
2026-04-01,SPY,10.763572692871094
2026-04-02,SPY,10.825362205505371
2026-04-06,SPY,10.872064590454102
2026-04-07,SPY,10.93494701385498
2026-04-08,SPY,10.546429634094238
2026-04-09,SPY,10.588057518005371
2026-04-10,SPY,10.648582458496094
2026-04-13,SPY,10.650467872619629
2026-04-14,SPY,10.619632720947266
2026-04-15,SPY,10.645586967468262
2026-04-16,SPY,10.70523452758789
2026-04-17,SPY,10.67856502532959
2026-04-20,SPY,10.734606742858887
2026-04-21,SPY,10.7582426071167
2026-04-22,SPY,10.758926391601562
2026-04-23,SPY,10.805150985717773
2026-04-24,SPY,10.833404541015625
2026-04-27,SPY,10.89568042755127
2026-04-28,SPY,10.93418025970459
2026-04-29,SPY,10.996766090393066
2025-12-23,INFY.NS,6.986547946929932
2025-12-24,INFY.NS,7.023960113525391
2025-12-26,INFY.NS,7.0589470863342285
2025-12-29,INFY.NS,7.0876359939575195
2025-12-30,INFY.NS,7.0841217041015625
2025-12-31,INFY.NS,7.121081829071045
2026-01-01,INFY.NS,7.1481547355651855
2026-01-02,INFY.NS,7.182559967041016
2026-01-05,INFY.NS,7.128326416015625
2026-01-06,INFY.NS,7.167651653289795
2026-01-07,INFY.NS,7.155523777008057
2026-01-08,INFY.NS,7.141195774078369
2026-01-09,INFY.NS,7.182563781738281
2026-01-12,INFY.NS,7.194739818572998
2026-01-13,INFY.NS,7.235925197601318
2026-01-14,INFY.NS,7.277841091156006
2026-01-15,INFY.NS,7.3199591636657715
2026-01-16,INFY.NS,6.750222206115723
2026-01-19,INFY.NS,6.782665252685547
2026-01-20,INFY.NS,6.785977363586426
2026-01-21,INFY.NS,6.823038578033447
2026-01-22,INFY.NS,6.858557224273682
2026-01-23,INFY.NS,6.895986080169678
2026-01-27,INFY.NS,6.9286789894104
2026-01-28,INFY.NS,6.947607517242432
2026-01-29,INFY.NS,6.982990264892578
2026-01-30,INFY.NS,6.995921611785889
2026-02-02,INFY.NS,7.024835109710693
2026-02-03,INFY.NS,7.016835689544678
2026-02-04,INFY.NS,6.188484191894531
2026-02-05,INFY.NS,6.210695743560791
2026-02-06,INFY.NS,6.237044811248779
2026-02-09,INFY.NS,6.267763137817383
2026-02-10,INFY.NS,6.303985118865967
2026-02-11,INFY.NS,6.299966812133789
2026-02-12,INFY.NS,5.907516002655029
2026-02-13,INFY.NS,5.927651882171631
2026-02-16,INFY.NS,5.961820125579834
2026-02-17,INFY.NS,5.947964668273926
2026-02-18,INFY.NS,5.966769695281982
2026-02-19,INFY.NS,6.001199722290039
2026-02-20,INFY.NS,6.020167350769043
2026-02-23,INFY.NS,6.0169243812561035
2026-02-24,INFY.NS,5.883654594421387
2026-02-25,INFY.NS,5.896666049957275
2026-02-26,INFY.NS,5.930678367614746
2026-02-27,INFY.NS,5.952155113220215
2026-03-02,INFY.NS,5.980990886688232
2026-03-04,INFY.NS,5.983851432800293
2026-03-05,INFY.NS,6.018492698669434
2026-03-06,INFY.NS,6.051707744598389
2026-03-09,INFY.NS,6.081171035766602
2026-03-10,INFY.NS,6.0940775871276855
2026-03-11,INFY.NS,6.106945514678955
2026-03-12,INFY.NS,6.137017726898193
2026-03-13,INFY.NS,6.153914451599121
2026-03-16,INFY.NS,6.188160419464111
2026-03-17,INFY.NS,6.206149578094482
2026-03-18,INFY.NS,6.12369441986084
2026-03-19,INFY.NS,6.006753444671631
2026-03-20,INFY.NS,5.926398754119873
2026-03-23,INFY.NS,5.959952354431152
2026-03-24,INFY.NS,5.95167350769043
2026-03-25,INFY.NS,5.985558032989502
2026-03-27,INFY.NS,6.016146183013916
2026-03-30,INFY.NS,6.028770923614502
2026-04-01,INFY.NS,6.004776954650879
2026-04-02,INFY.NS,5.984681606292725
2026-04-06,INFY.NS,6.015723705291748
2026-04-07,INFY.NS,5.964175701141357
2026-04-08,INFY.NS,5.994365215301514
2026-04-09,INFY.NS,6.0168585777282715
2026-04-10,INFY.NS,5.953883647918701
2026-04-13,INFY.NS,5.974240779876709
2026-04-15,INFY.NS,5.941360950469971
2026-04-16,INFY.NS,5.959177494049072
2026-04-17,INFY.NS,5.993649959564209
2026-04-20,INFY.NS,6.026761531829834
2026-04-21,INFY.NS,6.0613908767700195
2026-04-22,INFY.NS,5.963112831115723
2026-04-23,INFY.NS,5.946627140045166
2026-04-24,INFY.NS,5.496990203857422
2026-04-27,INFY.NS,5.5046467781066895
2026-04-28,INFY.NS,5.519735813140869
2026-04-29,INFY.NS,5.528013229370117
2025-12-23,MSFT,7.68847131729126
2025-12-24,MSFT,7.73175573348999
2025-12-26,MSFT,7.776348114013672
2025-12-29,MSFT,7.820815563201904
2025-12-30,MSFT,7.866030216217041
2025-12-31,MSFT,7.893303871154785
2026-01-02,MSFT,7.804158687591553
2026-01-05,MSFT,7.849367618560791
2026-01-06,MSFT,7.854653835296631
2026-01-07,MSFT,7.8705902099609375
2026-01-08,MSFT,7.881460666656494
2026-01-09,MSFT,7.9254302978515625
2026-01-12,MSFT,7.965845584869385
2026-01-13,MSFT,7.959056854248047
2026-01-14,MSFT,7.846935272216797
2026-01-15,MSFT,7.884183406829834
2026-01-16,MSFT,7.914028167724609
2026-01-20,MSFT,7.924770355224609
2026-01-21,MSFT,7.8325676918029785
2026-01-22,MSFT,7.802940368652344
2026-01-23,MSFT,7.561000823974609
2026-01-26,MSFT,7.582435607910156
2026-01-27,MSFT,7.508249759674072
2026-01-28,MSFT,7.5507097244262695
2026-01-29,MSFT,5.91541862487793
2026-01-30,MSFT,5.944859981536865
2026-02-02,MSFT,5.952493190765381
2026-02-03,MSFT,5.89814567565918
2026-02-04,MSFT,5.92322301864624
2026-02-05,MSFT,5.700909614562988
2026-02-06,MSFT,5.687850475311279
2026-02-09,MSFT,5.610727310180664
2026-02-10,MSFT,5.643193244934082
2026-02-11,MSFT,5.634720325469971
2026-02-12,MSFT,5.665175437927246
2026-02-13,MSFT,5.6979780197143555
2026-02-17,MSFT,5.7216033935546875
2026-02-18,MSFT,5.746689319610596
2026-02-19,MSFT,5.77984619140625
2026-02-20,MSFT,5.813107967376709
2026-02-23,MSFT,5.7455878257751465
2026-02-24,MSFT,5.758293151855469
2026-02-25,MSFT,5.685109615325928
2026-02-26,MSFT,5.716093063354492
2026-02-27,MSFT,5.703237056732178
2026-03-02,MSFT,5.7076544761657715
2026-03-03,MSFT,5.716928482055664
2026-03-04,MSFT,5.747898101806641
2026-03-05,MSFT,5.7575364112854
2026-03-06,MSFT,5.789865493774414
2026-03-09,MSFT,5.822841167449951
2026-03-10,MSFT,5.84975528717041
2026-03-11,MSFT,5.88353967666626
2026-03-12,MSFT,5.913118839263916
2026-03-13,MSFT,5.923049449920654
2026-03-16,MSFT,5.938634872436523
2026-03-17,MSFT,5.973037242889404
2026-03-18,MSFT,5.969650745391846
2026-03-19,MSFT,6.0005059242248535
2026-03-20,MSFT,6.00079870223999
2026-03-23,MSFT,6.032785415649414
2026-03-24,MSFT,5.990514278411865
2026-03-25,MSFT,6.024424076080322
2026-03-26,MSFT,6.042545318603516
2026-03-27,MSFT,6.012221336364746
2026-03-30,MSFT,6.037929058074951
2026-03-31,MSFT,5.935991287231445
2026-04-01,MSFT,5.970373153686523
2026-04-02,MSFT,5.984416484832764
2026-04-06,MSFT,6.0190749168396
2026-04-07,MSFT,6.053936958312988
2026-04-08,MSFT,6.0822906494140625
2026-04-09,MSFT,6.117178916931152
2026-04-10,MSFT,6.150361061096191
2026-04-13,MSFT,6.000884532928467
2026-04-14,MSFT,5.96528959274292
2026-04-15,MSFT,5.747347354888916
2026-04-16,MSFT,5.726452350616455
2026-04-17,MSFT,5.7553815841674805
2026-04-20,MSFT,5.775687217712402
2026-04-21,MSFT,5.784888744354248
2026-04-22,MSFT,5.771113872528076
2026-04-23,MSFT,5.638595104217529
2026-04-24,MSFT,5.623620986938477
2026-04-27,MSFT,5.656162261962891
2026-04-28,MSFT,5.677470684051514
2026-04-29,MSFT,5.697385787963867
2025-12-23,META,4.663157939910889
2025-12-24,META,4.689363479614258
2025-12-26,META,4.713954925537109
2025-12-29,META,4.73825740814209
2025-12-30,META,4.758443832397461
2025-12-31,META,4.781033515930176
2026-01-02,META,4.795187950134277
2026-01-05,META,4.812432765960693
2026-01-06,META,4.839847087860107
2026-01-07,META,4.846659183502197
2026-01-08,META,4.873719692230225
2026-01-09,META,4.8940019607543945
2026-01-12,META,4.903209209442139
2026-01-13,META,4.912874221801758
2026-01-14,META,4.9019455909729
2026-01-15,META,4.924581050872803
2026-01-16,META,4.953102111816406
2026-01-20,META,4.937547206878662
2026-01-21,META,4.949702739715576
2026-01-22,META,4.765801906585693
2026-01-23,META,4.775177001953125
2026-01-26,META,4.776957988739014
2026-01-27,META,4.804614543914795
2026-01-28,META,4.829606533050537
2026-01-29,META,4.285289764404297
2026-01-30,META,4.267422676086426
2026-02-02,META,4.281874179840088
2026-02-03,META,4.285520076751709
2026-02-04,META,4.260591983795166
2026-02-05,META,4.285177230834961
2026-02-06,META,4.3019328117370605
2026-02-09,META,4.301720142364502
2026-02-10,META,4.322030067443848
2026-02-11,META,4.346537113189697
2026-02-12,META,4.333964824676514
2026-02-13,META,4.348019599914551
2026-02-17,META,4.373191833496094
2026-02-18,META,4.39661169052124
2026-02-19,META,4.4217681884765625
2026-02-20,META,4.433254718780518
2026-02-23,META,4.419920921325684
2026-02-24,META,4.444945335388184
2026-02-25,META,4.4451165199279785
2026-02-26,META,4.4696173667907715
2026-02-27,META,4.486131191253662
2026-03-02,META,4.508561611175537
2026-03-03,META,4.534416675567627
2026-03-04,META,4.5411834716796875
2026-03-05,META,4.560971736907959
2026-03-06,META,4.556539535522461
2026-03-09,META,4.582073211669922
2026-03-10,META,4.602749347686768
2026-03-11,META,4.6293439865112305
2026-03-12,META,4.619542121887207
2026-03-13,META,4.566462993621826
2026-03-16,META,4.562193870544434
2026-03-17,META,4.585750102996826
2026-03-18,META,4.6059370040893555
2026-03-19,META,4.621682643890381
2026-03-20,META,4.624322414398193
2026-03-23,META,4.631950855255127
2026-03-24,META,4.641118049621582
2026-03-25,META,4.666961669921875
2026-03-26,META,4.3712077140808105
2026-03-27,META,4.3290839195251465
2026-03-30,META,4.330857753753662
2026-03-31,META,4.1526312828063965
2026-04-01,META,4.169139385223389
2026-04-02,META,4.191149711608887
2026-04-06,META,4.215348243713379
2026-04-07,META,4.238831043243408
2026-04-08,META,4.0853590965271
2026-04-09,META,4.082152843475342
2026-04-10,META,4.105583667755127
2026-04-13,META,4.127199649810791
2026-04-14,META,4.075599193572998
2026-04-15,META,4.092565059661865
2026-04-16,META,4.114284515380859
2026-04-17,META,4.1274285316467285
2026-04-20,META,4.123144149780273
2026-04-21,META,4.146452903747559
2026-04-22,META,4.167788982391357
2026-04-23,META,4.16864013671875
2026-04-24,META,4.169930458068848
2026-04-27,META,4.193225860595703
2026-04-28,META,4.211923599243164
2026-04-29,META,4.235645771026611
2025-12-23,EURUSD=X,24.788969039916992
2025-12-24,EURUSD=X,24.889081954956055
2025-12-26,EURUSD=X,25.021432876586914
2025-12-29,EURUSD=X,25.149919509887695
2025-12-30,EURUSD=X,25.29500389099121
2025-12-31,EURUSD=X,25.38666343688965
2026-01-02,EURUSD=X,25.533720016479492
2026-01-05,EURUSD=X,25.52045249938965
2026-01-06,EURUSD=X,25.663822174072266
2026-01-07,EURUSD=X,25.75337028503418
2026-01-08,EURUSD=X,25.88960838317871
2026-01-09,EURUSD=X,26.0082950592041
2026-01-12,EURUSD=X,26.06496238708496
2026-01-13,EURUSD=X,26.08451271057129
2026-01-14,EURUSD=X,26.18491554260254
2026-01-15,EURUSD=X,26.336164474487305
2026-01-16,EURUSD=X,26.374160766601562
2026-01-19,EURUSD=X,26.50955581665039
2026-01-20,EURUSD=X,26.649682998657227
2026-01-21,EURUSD=X,26.21417808532715
2026-01-22,EURUSD=X,26.124685287475586
2026-01-23,EURUSD=X,25.810531616210938
2026-01-26,EURUSD=X,25.26067352294922
2026-01-27,EURUSD=X,25.393726348876953
2026-01-28,EURUSD=X,24.37742042541504
2026-01-29,EURUSD=X,24.401124954223633
2026-01-30,EURUSD=X,24.52561378479004
2026-02-02,EURUSD=X,23.84389305114746
2026-02-03,EURUSD=X,23.823516845703125
2026-02-04,EURUSD=X,23.94965171813965
2026-02-05,EURUSD=X,24.071277618408203
2026-02-06,EURUSD=X,24.17058753967285
2026-02-09,EURUSD=X,24.191341400146484
2026-02-10,EURUSD=X,24.010290145874023
2026-02-11,EURUSD=X,24.130708694458008
2026-02-12,EURUSD=X,24.253700256347656
2026-02-13,EURUSD=X,24.387128829956055
2026-02-16,EURUSD=X,24.52730941772461
2026-02-17,EURUSD=X,24.643415451049805
2026-02-18,EURUSD=X,24.786102294921875
2026-02-19,EURUSD=X,24.664091110229492
2026-02-20,EURUSD=X,24.777313232421875
2026-02-23,EURUSD=X,24.670948028564453
2026-02-24,EURUSD=X,24.698116302490234
2026-02-25,EURUSD=X,24.81437110900879
2026-02-26,EURUSD=X,24.868030548095703
2026-02-27,EURUSD=X,24.998754501342773
2026-03-02,EURUSD=X,25.010061264038086
2026-03-03,EURUSD=X,24.89522361755371
2026-03-04,EURUSD=X,24.57616424560547
2026-03-05,EURUSD=X,24.68427085876465
2026-03-06,EURUSD=X,24.778301239013672
2026-03-09,EURUSD=X,24.471250534057617
2026-03-10,EURUSD=X,24.063404083251953
2026-03-11,EURUSD=X,24.20067024230957
2026-03-12,EURUSD=X,24.06719398498535
2026-03-13,EURUSD=X,24.180866241455078
2026-03-16,EURUSD=X,23.887657165527344
2026-03-17,EURUSD=X,23.76778221130371
2026-03-18,EURUSD=X,23.807851791381836
2026-03-19,EURUSD=X,23.632884979248047
2026-03-20,EURUSD=X,23.0498046875
2026-03-23,EURUSD=X,23.16805076599121
2026-03-24,EURUSD=X,23.18362045288086
2026-03-25,EURUSD=X,23.314970016479492
2026-03-26,EURUSD=X,23.298906326293945
2026-03-27,EURUSD=X,23.397563934326172
2026-03-30,EURUSD=X,23.435197830200195
2026-03-31,EURUSD=X,23.5184326171875
2026-04-01,EURUSD=X,22.931114196777344
2026-04-02,EURUSD=X,23.049776077270508
2026-04-03,EURUSD=X,23.060497283935547
2026-04-06,EURUSD=X,23.14330291748047
2026-04-07,EURUSD=X,23.222213745117188
2026-04-08,EURUSD=X,22.290149688720703
2026-04-09,EURUSD=X,22.382183074951172
2026-04-10,EURUSD=X,22.466318130493164
2026-04-13,EURUSD=X,22.582420349121094
2026-04-14,EURUSD=X,22.308956146240234
2026-04-15,EURUSD=X,22.400981903076172
2026-04-16,EURUSD=X,22.528213500976562
2026-04-17,EURUSD=X,22.619829177856445
2026-04-20,EURUSD=X,22.66094970703125
2026-04-21,EURUSD=X,22.709314346313477
2026-04-22,EURUSD=X,22.75558853149414
2026-04-23,EURUSD=X,22.810544967651367
2026-04-24,EURUSD=X,22.915945053100586
2026-04-27,EURUSD=X,23.024982452392578
2026-04-28,EURUSD=X,23.145483016967773
2026-04-29,EURUSD=X,23.277101516723633
2025-12-23,HDFCBANK.NS,11.765528678894043
2025-12-24,HDFCBANK.NS,11.833659172058105
2025-12-26,HDFCBANK.NS,11.873183250427246
2025-12-29,HDFCBANK.NS,11.941390991210938
2025-12-30,HDFCBANK.NS,12.009239196777344
2025-12-31,HDFCBANK.NS,12.07880687713623
2026-01-01,HDFCBANK.NS,12.148619651794434
2026-01-02,HDFCBANK.NS,12.11385726928711
2026-01-05,HDFCBANK.NS,11.616007804870605
2026-01-06,HDFCBANK.NS,11.465258598327637
2026-01-07,HDFCBANK.NS,11.374293327331543
2026-01-08,HDFCBANK.NS,11.43567943572998
2026-01-09,HDFCBANK.NS,11.448370933532715
2026-01-12,HDFCBANK.NS,11.511581420898438
2026-01-13,HDFCBANK.NS,11.577807426452637
2026-01-14,HDFCBANK.NS,11.510881423950195
2026-01-15,HDFCBANK.NS,11.577399253845215
2026-01-16,HDFCBANK.NS,11.606822967529297
2026-01-19,HDFCBANK.NS,11.665583610534668
2026-01-20,HDFCBANK.NS,11.719077110290527
2026-01-21,HDFCBANK.NS,11.671183586120605
2026-01-22,HDFCBANK.NS,11.737215042114258
2026-01-23,HDFCBANK.NS,11.800149917602539
2026-01-27,HDFCBANK.NS,11.740866661071777
2026-01-28,HDFCBANK.NS,11.76151180267334
2026-01-29,HDFCBANK.NS,11.819540023803711
2026-01-30,HDFCBANK.NS,11.849331855773926
2026-02-02,HDFCBANK.NS,11.917198181152344
2026-02-03,HDFCBANK.NS,11.523489952087402
2026-02-04,HDFCBANK.NS,11.57080078125
2026-02-05,HDFCBANK.NS,11.626785278320312
2026-02-06,HDFCBANK.NS,11.622374534606934
2026-02-09,HDFCBANK.NS,11.675981521606445
2026-02-10,HDFCBANK.NS,11.721370697021484
2026-02-11,HDFCBANK.NS,11.762476921081543
2026-02-12,HDFCBANK.NS,11.78946590423584
2026-02-13,HDFCBANK.NS,11.574311256408691
2026-02-16,HDFCBANK.NS,11.13045883178711
2026-02-17,HDFCBANK.NS,11.194896697998047
2026-02-18,HDFCBANK.NS,11.259299278259277
2026-02-19,HDFCBANK.NS,11.251659393310547
2026-02-20,HDFCBANK.NS,11.306038856506348
2026-02-23,HDFCBANK.NS,11.226688385009766
2026-02-24,HDFCBANK.NS,11.139938354492188
2026-02-25,HDFCBANK.NS,11.198768615722656
2026-02-26,HDFCBANK.NS,11.19360637664795
2026-02-27,HDFCBANK.NS,11.155097007751465
2026-03-02,HDFCBANK.NS,11.161022186279297
2026-03-04,HDFCBANK.NS,11.12463665008545
2026-03-05,HDFCBANK.NS,11.087035179138184
2026-03-06,HDFCBANK.NS,10.770088195800781
2026-03-09,HDFCBANK.NS,10.60966682434082
2026-03-10,HDFCBANK.NS,10.578372955322266
2026-03-11,HDFCBANK.NS,10.44843578338623
2026-03-12,HDFCBANK.NS,10.50896167755127
2026-03-13,HDFCBANK.NS,10.372111320495605
2026-03-16,HDFCBANK.NS,9.886309623718262
2026-03-17,HDFCBANK.NS,9.917454719543457
2026-03-18,HDFCBANK.NS,9.97355842590332
2026-03-19,HDFCBANK.NS,8.779205322265625
2026-03-20,HDFCBANK.NS,8.672679901123047
2026-03-23,HDFCBANK.NS,8.067496299743652
2026-03-24,HDFCBANK.NS,7.850415229797363
2026-03-25,HDFCBANK.NS,7.7296671867370605
2026-03-27,HDFCBANK.NS,7.525712013244629
2026-03-30,HDFCBANK.NS,7.3546905517578125
2026-04-01,HDFCBANK.NS,7.330788612365723
2026-04-02,HDFCBANK.NS,7.329205513000488
2026-04-06,HDFCBANK.NS,7.189467906951904
2026-04-07,HDFCBANK.NS,7.228936672210693
2026-04-08,HDFCBANK.NS,6.619380950927734
2026-04-09,HDFCBANK.NS,6.583482265472412
2026-04-10,HDFCBANK.NS,6.5737504959106445
2026-04-13,HDFCBANK.NS,6.5598320960998535
2026-04-15,HDFCBANK.NS,6.530643463134766
2026-04-16,HDFCBANK.NS,6.524929046630859
2026-04-17,HDFCBANK.NS,6.5549750328063965
2026-04-20,HDFCBANK.NS,6.590057373046875
2026-04-21,HDFCBANK.NS,6.551478862762451
2026-04-22,HDFCBANK.NS,6.560455322265625
2026-04-23,HDFCBANK.NS,6.545894145965576
2026-04-24,HDFCBANK.NS,6.583094120025635
2026-04-27,HDFCBANK.NS,6.611426830291748
2026-04-28,HDFCBANK.NS,6.639685153961182
2026-04-29,HDFCBANK.NS,6.6765666007995605
2025-12-23,RELIANCE.NS,9.411161422729492
2025-12-24,RELIANCE.NS,9.426806449890137
2025-12-26,RELIANCE.NS,9.481353759765625
2025-12-29,RELIANCE.NS,9.490616798400879
2025-12-30,RELIANCE.NS,9.53510570526123
2025-12-31,RELIANCE.NS,9.415797233581543
2026-01-01,RELIANCE.NS,9.467912673950195
2026-01-02,RELIANCE.NS,9.479133605957031
2026-01-05,RELIANCE.NS,9.484762191772461
2026-01-06,RELIANCE.NS,8.659051895141602
2026-01-07,RELIANCE.NS,8.706305503845215
2026-01-08,RELIANCE.NS,8.566360473632812
2026-01-09,RELIANCE.NS,8.612874984741211
2026-01-12,RELIANCE.NS,8.653409957885742
2026-01-13,RELIANCE.NS,8.547167778015137
2026-01-14,RELIANCE.NS,8.590909004211426
2026-01-15,RELIANCE.NS,8.640666961669922
2026-01-16,RELIANCE.NS,8.690505981445312
2026-01-19,RELIANCE.NS,8.41124439239502
2026-01-20,RELIANCE.NS,8.397318840026855
2026-01-21,RELIANCE.NS,8.424561500549316
2026-01-22,RELIANCE.NS,8.472857475280762
2026-01-23,RELIANCE.NS,8.477129936218262
2026-01-27,RELIANCE.NS,8.521685600280762
2026-01-28,RELIANCE.NS,8.518960952758789
2026-01-29,RELIANCE.NS,8.56332778930664
2026-01-30,RELIANCE.NS,8.608473777770996
2026-02-02,RELIANCE.NS,8.654478073120117
2026-02-03,RELIANCE.NS,8.30700969696045
2026-02-04,RELIANCE.NS,8.294536590576172
2026-02-05,RELIANCE.NS,8.314045906066895
2026-02-06,RELIANCE.NS,8.353854179382324
2026-02-09,RELIANCE.NS,8.384519577026367
2026-02-10,RELIANCE.NS,8.431248664855957
2026-02-11,RELIANCE.NS,8.464303970336914
2026-02-12,RELIANCE.NS,8.448603630065918
2026-02-13,RELIANCE.NS,8.358646392822266
2026-02-16,RELIANCE.NS,8.355864524841309
2026-02-17,RELIANCE.NS,8.372243881225586
2026-02-18,RELIANCE.NS,8.365092277526855
2026-02-19,RELIANCE.NS,8.254621505737305
2026-02-20,RELIANCE.NS,8.285746574401855
2026-02-23,RELIANCE.NS,8.321398735046387
2026-02-24,RELIANCE.NS,8.369483947753906
2026-02-25,RELIANCE.NS,8.27182674407959
2026-02-26,RELIANCE.NS,8.307294845581055
2026-02-27,RELIANCE.NS,8.329249382019043
2026-03-02,RELIANCE.NS,8.171720504760742
2026-03-04,RELIANCE.NS,8.194103240966797
2026-03-05,RELIANCE.NS,7.90609073638916
2026-03-06,RELIANCE.NS,7.915454864501953
2026-03-09,RELIANCE.NS,7.90749979019165
2026-03-10,RELIANCE.NS,7.92150354385376
2026-03-11,RELIANCE.NS,7.9194769859313965
2026-03-12,RELIANCE.NS,7.96449613571167
2026-03-13,RELIANCE.NS,7.992328643798828
2026-03-16,RELIANCE.NS,8.004829406738281
2026-03-17,RELIANCE.NS,8.049982070922852
2026-03-18,RELIANCE.NS,8.078840255737305
2026-03-19,RELIANCE.NS,8.045746803283691
2026-03-20,RELIANCE.NS,7.955857276916504
2026-03-23,RELIANCE.NS,7.995891571044922
2026-03-24,RELIANCE.NS,8.03963851928711
2026-03-25,RELIANCE.NS,8.085906982421875
2026-03-27,RELIANCE.NS,7.562459468841553
2026-03-30,RELIANCE.NS,7.604718208312988
2026-04-01,RELIANCE.NS,7.5553741455078125
2026-04-02,RELIANCE.NS,7.556319713592529
2026-04-06,RELIANCE.NS,7.340123653411865
2026-04-07,RELIANCE.NS,7.382472515106201
2026-04-08,RELIANCE.NS,7.172354221343994
2026-04-09,RELIANCE.NS,7.180383205413818
2026-04-10,RELIANCE.NS,7.1692423820495605
2026-04-13,RELIANCE.NS,7.077891826629639
2026-04-15,RELIANCE.NS,7.015428066253662
2026-04-16,RELIANCE.NS,7.056067943572998
2026-04-17,RELIANCE.NS,7.041673183441162
2026-04-20,RELIANCE.NS,7.082305908203125
2026-04-21,RELIANCE.NS,7.11348819732666
2026-04-22,RELIANCE.NS,7.144806861877441
2026-04-23,RELIANCE.NS,7.149270057678223
2026-04-24,RELIANCE.NS,7.165126800537109
2026-04-27,RELIANCE.NS,7.03325891494751
2026-04-28,RELIANCE.NS,7.015824317932129
2026-04-29,RELIANCE.NS,6.923042297363281
2025-12-23,USDJPY=X,17.955055236816406
2025-12-24,USDJPY=X,17.979175567626953
2025-12-26,USDJPY=X,18.080280303955078
2025-12-29,USDJPY=X,18.171628952026367
2025-12-30,USDJPY=X,18.239795684814453
2025-12-31,USDJPY=X,18.328983306884766
2026-01-02,USDJPY=X,18.425870895385742
2026-01-05,USDJPY=X,18.52729034423828
2026-01-06,USDJPY=X,18.607181549072266
2026-01-07,USDJPY=X,18.714956283569336
2026-01-08,USDJPY=X,18.823347091674805
2026-01-09,USDJPY=X,18.93126106262207
2026-01-12,USDJPY=X,18.81666374206543
2026-01-13,USDJPY=X,18.9167537689209
2026-01-14,USDJPY=X,18.836124420166016
2026-01-15,USDJPY=X,18.83308219909668
2026-01-16,USDJPY=X,18.940187454223633
2026-01-19,USDJPY=X,18.8519229888916
2026-01-20,USDJPY=X,18.91042709350586
2026-01-21,USDJPY=X,19.01874542236328
2026-01-22,USDJPY=X,19.12126922607422
2026-01-23,USDJPY=X,19.23188591003418
2026-01-26,USDJPY=X,17.699005126953125
2026-01-27,USDJPY=X,17.703824996948242
2026-01-28,USDJPY=X,17.34080696105957
2026-01-29,USDJPY=X,17.389116287231445
2026-01-30,USDJPY=X,17.48946189880371
2026-02-02,USDJPY=X,17.07831573486328
2026-02-03,USDJPY=X,17.172258377075195
2026-02-04,USDJPY=X,17.25963020324707
2026-02-05,USDJPY=X,17.22113037109375
2026-02-06,USDJPY=X,17.316740036010742
2026-02-09,USDJPY=X,17.397016525268555
2026-02-10,USDJPY=X,17.333984375
2026-02-11,USDJPY=X,17.094833374023438
2026-02-12,USDJPY=X,17.013978958129883
2026-02-13,USDJPY=X,17.087568283081055
2026-02-16,USDJPY=X,17.18630027770996
2026-02-17,USDJPY=X,17.201637268066406
2026-02-18,USDJPY=X,17.2737979888916
2026-02-19,USDJPY=X,17.08501625061035
2026-02-20,USDJPY=X,17.16083335876465
2026-02-23,USDJPY=X,17.173969268798828
2026-02-24,USDJPY=X,17.264263153076172
2026-02-25,USDJPY=X,17.183910369873047
2026-02-26,USDJPY=X,17.273998260498047
2026-02-27,USDJPY=X,17.356435775756836
2026-03-02,USDJPY=X,17.390623092651367
2026-03-03,USDJPY=X,17.45058250427246
2026-03-04,USDJPY=X,17.525388717651367
2026-03-05,USDJPY=X,17.538761138916016
2026-03-06,USDJPY=X,17.60883903503418
2026-03-09,USDJPY=X,17.62310028076172
2026-03-10,USDJPY=X,17.673913955688477
2026-03-11,USDJPY=X,17.770750045776367
2026-03-12,USDJPY=X,17.770322799682617
2026-03-13,USDJPY=X,17.872791290283203
2026-03-16,USDJPY=X,17.96541404724121
2026-03-17,USDJPY=X,18.032094955444336
2026-03-18,USDJPY=X,18.12591552734375
2026-03-19,USDJPY=X,18.136259078979492
2026-03-20,USDJPY=X,17.7564697265625
2026-03-23,USDJPY=X,17.659727096557617
2026-03-24,USDJPY=X,17.67891502380371
2026-03-25,USDJPY=X,17.77716064453125
2026-03-26,USDJPY=X,17.833406448364258
2026-03-27,USDJPY=X,17.928510665893555
2026-03-30,USDJPY=X,18.005048751831055
2026-03-31,USDJPY=X,18.081008911132812
2026-04-01,USDJPY=X,17.95604133605957
2026-04-02,USDJPY=X,18.059656143188477
2026-04-03,USDJPY=X,18.08985710144043
2026-04-06,USDJPY=X,18.187877655029297
2026-04-07,USDJPY=X,18.289670944213867
2026-04-08,USDJPY=X,18.251710891723633
2026-04-09,USDJPY=X,18.355260848999023
2026-04-10,USDJPY=X,18.436931610107422
2026-04-13,USDJPY=X,18.506696701049805
2026-04-14,USDJPY=X,18.57454490661621
2026-04-15,USDJPY=X,18.64935874938965
2026-04-16,USDJPY=X,18.757238388061523
2026-04-17,USDJPY=X,18.848974227905273
2026-04-20,USDJPY=X,18.95701789855957
2026-04-21,USDJPY=X,19.045936584472656
2026-04-22,USDJPY=X,19.12017822265625
2026-04-23,USDJPY=X,19.2303466796875
2026-04-24,USDJPY=X,19.335065841674805
2026-04-27,USDJPY=X,19.438688278198242
2026-04-28,USDJPY=X,19.53902244567871
2026-04-29,USDJPY=X,19.648727416992188
2025-12-23,GOOGL,5.1805949211120605
2025-12-24,GOOGL,5.2090020179748535
2025-12-26,GOOGL,5.236769676208496
2025-12-29,GOOGL,5.26616096496582
2025-12-30,GOOGL,5.296108245849609
2025-12-31,GOOGL,5.3235368728637695
2026-01-02,GOOGL,5.353348255157471
2026-01-05,GOOGL,5.384280204772949
2026-01-06,GOOGL,5.40582799911499
2026-01-07,GOOGL,5.397946834564209
2026-01-08,GOOGL,5.424619197845459
2026-01-09,GOOGL,5.452820777893066
2026-01-12,GOOGL,5.4807658195495605
2026-01-13,GOOGL,5.505615234375
2026-01-14,GOOGL,5.535752773284912
2026-01-15,GOOGL,5.551598072052002
2026-01-16,GOOGL,5.5695953369140625
2026-01-20,GOOGL,5.527070999145508
2026-01-21,GOOGL,5.532830715179443
2026-01-22,GOOGL,5.563930988311768
2026-01-23,GOOGL,5.58348274230957
2026-01-26,GOOGL,5.599343776702881
2026-01-27,GOOGL,5.6317667961120605
2026-01-28,GOOGL,5.6643147468566895
2026-01-29,GOOGL,5.696094036102295
2026-01-30,GOOGL,5.7271552085876465
2026-02-02,GOOGL,5.741344451904297
2026-02-03,GOOGL,5.749700546264648
2026-02-04,GOOGL,5.725905418395996
2026-02-05,GOOGL,5.751192569732666
2026-02-06,GOOGL,5.698612689971924
2026-02-09,GOOGL,5.7313055992126465
2026-02-10,GOOGL,5.719844341278076
2026-02-11,GOOGL,5.679449081420898
2026-02-12,GOOGL,5.704687595367432
2026-02-13,GOOGL,5.720496654510498
2026-02-17,GOOGL,5.7324371337890625
2026-02-18,GOOGL,5.764983177185059
2026-02-19,GOOGL,5.797064304351807
2026-02-20,GOOGL,5.674744606018066
2026-02-23,GOOGL,5.6890716552734375
2026-02-24,GOOGL,5.720325946807861
2026-02-25,GOOGL,5.751443386077881
2026-02-26,GOOGL,5.742739200592041
2026-02-27,GOOGL,5.759604454040527
2026-03-02,GOOGL,5.754561424255371
2026-03-03,GOOGL,5.773748397827148
2026-03-04,GOOGL,5.806081771850586
2026-03-05,GOOGL,5.830508708953857
2026-03-06,GOOGL,5.8543009757995605
2026-03-09,GOOGL,5.814918041229248
2026-03-10,GOOGL,5.848578929901123
2026-03-11,GOOGL,5.8809332847595215
2026-03-12,GOOGL,5.875750541687012
2026-03-13,GOOGL,5.905942440032959
2026-03-16,GOOGL,5.929929256439209
2026-03-17,GOOGL,5.934333324432373
2026-03-18,GOOGL,5.951047420501709
2026-03-19,GOOGL,5.984061241149902
2026-03-20,GOOGL,5.962523937225342
2026-03-23,GOOGL,5.9965081214904785
2026-03-24,GOOGL,5.844566345214844
2026-03-25,GOOGL,5.878360271453857
2026-03-26,GOOGL,5.772530555725098
2026-03-27,GOOGL,5.743880748748779
2026-03-30,GOOGL,5.775953769683838
2026-03-31,GOOGL,5.5410685539245605
2026-04-01,GOOGL,5.468080043792725
2026-04-02,GOOGL,5.495631694793701
2026-04-06,GOOGL,5.51117467880249
2026-04-07,GOOGL,5.5158233642578125
2026-04-08,GOOGL,5.418721675872803
2026-04-09,GOOGL,5.449822425842285
2026-04-10,GOOGL,5.478236198425293
2026-04-13,GOOGL,5.49869966506958
2026-04-14,GOOGL,5.423235893249512
2026-04-15,GOOGL,5.445065975189209
2026-04-16,GOOGL,5.473559856414795
2026-04-17,GOOGL,5.485901832580566
2026-04-20,GOOGL,5.496428966522217
2026-04-21,GOOGL,5.4990620613098145
2026-04-22,GOOGL,5.497164249420166
2026-04-23,GOOGL,5.527711391448975
2026-04-24,GOOGL,5.541275501251221
2026-04-27,GOOGL,5.552505970001221
2026-04-28,GOOGL,5.582850933074951
2026-04-29,GOOGL,5.614706039428711
2025-12-23,GC=F,7.997837066650391
2025-12-24,GC=F,8.041655540466309
2025-12-26,GC=F,8.067294120788574
2025-12-29,GC=F,7.510869026184082
2025-12-30,GC=F,7.537184238433838
2025-12-31,GC=F,7.544485569000244
2026-01-02,GC=F,7.583218574523926
2026-01-05,GC=F,7.457724094390869
2026-01-06,GC=F,7.485660076141357
2026-01-07,GC=F,7.507040500640869
2026-01-08,GC=F,7.549502849578857
2026-01-09,GC=F,7.581237316131592
2026-01-12,GC=F,7.494884014129639
2026-01-13,GC=F,7.530355930328369
2026-01-14,GC=F,7.566135406494141
2026-01-15,GC=F,7.604658603668213
2026-01-16,GC=F,7.6307878494262695
2026-01-20,GC=F,7.382060527801514
2026-01-21,GC=F,7.389503479003906
2026-01-22,GC=F,7.393270969390869
2026-01-23,GC=F,7.4097580909729
2026-01-26,GC=F,7.381287574768066
2026-01-27,GC=F,7.4215407371521
2026-01-28,GC=F,7.111486911773682
2026-01-29,GC=F,7.152609348297119
2026-01-30,GC=F,5.360741138458252
2026-02-02,GC=F,5.350461483001709
2026-02-03,GC=F,5.103522777557373
2026-02-04,GC=F,5.133062362670898
2026-02-05,GC=F,5.145888328552246
2026-02-06,GC=F,5.1563849449157715
2026-02-09,GC=F,5.163031578063965
2026-02-10,GC=F,5.180942058563232
2026-02-11,GC=F,5.201990127563477
2026-02-12,GC=F,5.150749206542969
2026-02-13,GC=F,5.1573872566223145
2026-02-17,GC=F,5.115623950958252
2026-02-18,GC=F,5.118716716766357
2026-02-19,GC=F,5.1465678215026855
2026-02-20,GC=F,5.160995960235596
2026-02-23,GC=F,5.138997554779053
2026-02-24,GC=F,5.156653881072998
2026-02-25,GC=F,5.1828789710998535
2026-02-26,GC=F,5.2067484855651855
2026-02-27,GC=F,5.232420444488525
2026-03-02,GC=F,5.255869388580322
2026-03-03,GC=F,5.167714595794678
2026-03-04,GC=F,5.197647571563721
2026-03-05,GC=F,5.213351726531982
2026-03-06,GC=F,5.229093074798584
2026-03-09,GC=F,5.244961261749268
2026-03-10,GC=F,5.226233959197998
2026-03-11,GC=F,5.23886251449585
2026-03-12,GC=F,5.256112575531006
2026-03-13,GC=F,5.268255710601807
2026-03-16,GC=F,5.2826457023620605
2026-03-17,GC=F,5.313194751739502
2026-03-18,GC=F,5.29370641708374
2026-03-19,GC=F,5.034271717071533
2026-03-20,GC=F,5.059021949768066
2026-03-23,GC=F,4.987449645996094
2026-03-24,GC=F,5.016119003295898
2026-03-25,GC=F,4.965971946716309
2026-03-26,GC=F,4.889829158782959
2026-03-27,GC=F,4.873534679412842
2026-03-30,GC=F,4.898824691772461
2026-03-31,GC=F,4.882792949676514
2026-04-01,GC=F,4.860110282897949
2026-04-02,GC=F,4.833601951599121
2026-04-06,GC=F,4.861601829528809
2026-04-07,GC=F,4.88967227935791
2026-04-08,GC=F,4.895061492919922
2026-04-09,GC=F,4.919617652893066
2026-04-10,GC=F,4.943919658660889
2026-04-13,GC=F,4.970439910888672
2026-04-14,GC=F,4.981308937072754
2026-04-15,GC=F,5.006951808929443
2026-04-16,GC=F,5.034484386444092
2026-04-17,GC=F,5.0501322746276855
2026-04-20,GC=F,5.068662166595459
2026-04-21,GC=F,5.055837631225586
2026-04-22,GC=F,5.082404613494873
2026-04-23,GC=F,5.108133316040039
2026-04-24,GC=F,5.1372551918029785
2026-04-27,GC=F,5.157449245452881
2026-04-28,GC=F,5.1592278480529785
2026-04-29,GC=F,5.179760456085205
2025-12-23,EEM,10.404236793518066
2025-12-24,EEM,10.463866233825684
2025-12-26,EEM,10.50144100189209
2025-12-29,EEM,10.553422927856445
2025-12-30,EEM,10.608680725097656
2025-12-31,EEM,10.658153533935547
2026-01-02,EEM,10.2516450881958
2026-01-05,EEM,10.254044532775879
2026-01-06,EEM,10.291964530944824
2026-01-07,EEM,10.301029205322266
2026-01-08,EEM,10.35997200012207
2026-01-09,EEM,10.412970542907715
2026-01-12,EEM,10.3733549118042
2026-01-13,EEM,10.38191032409668
2026-01-14,EEM,10.437490463256836
2026-01-15,EEM,10.485655784606934
2026-01-16,EEM,10.52747631072998
2026-01-20,EEM,10.5059232711792
2026-01-21,EEM,10.417330741882324
2026-01-22,EEM,10.454617500305176
2026-01-23,EEM,10.500985145568848
2026-01-26,EEM,10.561817169189453
2026-01-27,EEM,10.409563064575195
2026-01-28,EEM,10.454440116882324
2026-01-29,EEM,10.482680320739746
2026-01-30,EEM,10.182639122009277
2026-02-02,EEM,10.240357398986816
2026-02-03,EEM,10.290898323059082
2026-02-04,EEM,10.211881637573242
2026-02-05,EEM,10.248682022094727
2026-02-06,EEM,9.946885108947754
2026-02-09,EEM,9.986762046813965
2026-02-10,EEM,10.044571876525879
2026-02-11,EEM,9.989924430847168
2026-02-12,EEM,9.948702812194824
2026-02-13,EEM,10.002812385559082
2026-02-17,EEM,10.041007041931152
2026-02-18,EEM,10.091989517211914
2026-02-19,EEM,10.140009880065918
2026-02-20,EEM,9.977995872497559
2026-02-23,EEM,9.941076278686523
2026-02-24,EEM,9.89145278930664
2026-02-25,EEM,9.903684616088867
2026-02-26,EEM,9.888025283813477
2026-02-27,EEM,9.936477661132812
2026-03-02,EEM,9.794923782348633
2026-03-03,EEM,8.668334007263184
2026-03-04,EEM,8.68365478515625
2026-03-05,EEM,8.5053129196167
2026-03-06,EEM,8.540807723999023
2026-03-09,EEM,8.466020584106445
2026-03-10,EEM,8.512151718139648
2026-03-11,EEM,8.560683250427246
2026-03-12,EEM,8.243947982788086
2026-03-13,EEM,8.288138389587402
2026-03-16,EEM,8.106396675109863
2026-03-17,EEM,8.144638061523438
2026-03-18,EEM,8.055392265319824
2026-03-19,EEM,8.102038383483887
2026-03-20,EEM,7.797611236572266
2026-03-23,EEM,7.6155595779418945
2026-03-24,EEM,7.607049465179443
2026-03-25,EEM,7.592537879943848
2026-03-26,EEM,7.352210521697998
2026-03-27,EEM,7.388638973236084
2026-03-30,EEM,7.415093421936035
2026-03-31,EEM,7.157349586486816
2026-04-01,EEM,7.188185214996338
2026-04-02,EEM,7.200077056884766
2026-04-06,EEM,7.225973606109619
2026-04-07,EEM,7.266094207763672
2026-04-08,EEM,6.744045257568359
2026-04-09,EEM,6.780369758605957
2026-04-10,EEM,6.817616939544678
2026-04-13,EEM,6.847967624664307
2026-04-14,EEM,6.830449104309082
2026-04-15,EEM,6.869109630584717
2026-04-16,EEM,6.907788276672363
2026-04-17,EEM,6.891120910644531
2026-04-20,EEM,6.915879249572754
2026-04-21,EEM,6.905627727508545
2026-04-22,EEM,6.894082069396973
2026-04-23,EEM,6.874546051025391
2026-04-24,EEM,6.835437774658203
2026-04-27,EEM,6.873055934906006
2026-04-28,EEM,6.886756896972656
2026-04-29,EEM,6.919227600097656
2025-12-23,UNH,4.011658191680908
2025-12-24,UNH,4.031966209411621
2025-12-26,UNH,4.048783302307129
2025-12-29,UNH,4.069437503814697
2025-12-30,UNH,4.089171886444092
2025-12-31,UNH,4.111417770385742
2026-01-02,UNH,4.1206583976745605
2026-01-05,UNH,4.133500576019287
2026-01-06,UNH,4.141295433044434
2026-01-07,UNH,4.1469855308532715
2026-01-08,UNH,4.162074565887451
2026-01-09,UNH,4.18308687210083
2026-01-12,UNH,4.202811241149902
2026-01-13,UNH,4.211114406585693
2026-01-14,UNH,4.235093593597412
2026-01-15,UNH,4.253453731536865
2026-01-16,UNH,4.253910064697266
2026-01-20,UNH,4.256433486938477
2026-01-21,UNH,4.248374938964844
2026-01-22,UNH,4.257454872131348
2026-01-23,UNH,4.281267166137695
2026-01-26,UNH,4.297715187072754
2026-01-27,UNH,3.212448835372925
2026-01-28,UNH,3.198557138442993
2026-01-29,UNH,3.216681718826294
2026-01-30,UNH,3.229801893234253
2026-02-02,UNH,3.2483162879943848
2026-02-03,UNH,3.266904592514038
2026-02-04,UNH,3.270864963531494
2026-02-05,UNH,3.2775533199310303
2026-02-06,UNH,3.275740146636963
2026-02-09,UNH,3.2946617603302
2026-02-10,UNH,3.312692403793335
2026-02-11,UNH,3.321226119995117
2026-02-12,UNH,3.331102132797241
2026-02-13,UNH,3.328463077545166
2026-02-17,UNH,3.3442063331604004
2026-02-18,UNH,3.3635003566741943
2026-02-19,UNH,3.381864309310913
2026-02-20,UNH,3.4014155864715576
2026-02-23,UNH,3.406792402267456
2026-02-24,UNH,3.4085357189178467
2026-02-25,UNH,3.394200086593628
2026-02-26,UNH,3.4116733074188232
2026-02-27,UNH,3.4182395935058594
2026-03-02,UNH,3.437072515487671
2026-03-03,UNH,3.448981523513794
2026-03-04,UNH,3.4663779735565186
2026-03-05,UNH,3.4840595722198486
2026-03-06,UNH,3.5030808448791504
2026-03-09,UNH,3.5229332447052
2026-03-10,UNH,3.541365385055542
2026-03-11,UNH,3.558570623397827
2026-03-12,UNH,3.559530258178711
2026-03-13,UNH,3.5703933238983154
2026-03-16,UNH,3.5865962505340576
2026-03-17,UNH,3.605593204498291
2026-03-18,UNH,3.6235756874084473
2026-03-19,UNH,3.640181064605713
2026-03-20,UNH,3.6540749073028564
2026-03-23,UNH,3.663412094116211
2026-03-24,UNH,3.680798292160034
2026-03-25,UNH,3.7014222145080566
2026-03-26,UNH,3.7211105823516846
2026-03-27,UNH,3.7126355171203613
2026-03-30,UNH,3.729506254196167
2026-03-31,UNH,3.7145678997039795
2026-04-01,UNH,3.730452060699463
2026-04-02,UNH,3.7469277381896973
2026-04-06,UNH,3.761120319366455
2026-04-07,UNH,3.5372567176818848
2026-04-08,UNH,3.5568675994873047
2026-04-09,UNH,3.5772576332092285
2026-04-10,UNH,3.5960540771484375
2026-04-13,UNH,3.5956497192382812
2026-04-14,UNH,3.616173505783081
2026-04-15,UNH,3.6371002197265625
2026-04-16,UNH,3.6568074226379395
2026-04-17,UNH,3.6599793434143066
2026-04-20,UNH,3.6806507110595703
2026-04-21,UNH,3.5738396644592285
2026-04-22,UNH,3.584005832672119
2026-04-23,UNH,3.6047325134277344
2026-04-24,UNH,3.625598192214966
2026-04-27,UNH,3.64643931388855
2026-04-28,UNH,3.6390221118927
2026-04-29,UNH,3.6580257415771484
2025-12-23,NVDA,3.944791078567505
2025-12-24,NVDA,3.9667510986328125
2025-12-26,NVDA,3.9872398376464844
2025-12-29,NVDA,4.003225326538086
2025-12-30,NVDA,4.025362491607666
2025-12-31,NVDA,4.0467329025268555
2026-01-02,NVDA,4.065609455108643
2026-01-05,NVDA,4.087959289550781
2026-01-06,NVDA,4.110070705413818
2026-01-07,NVDA,4.131091594696045
2026-01-08,NVDA,4.133497714996338
2026-01-09,NVDA,4.157210826873779
2026-01-12,NVDA,4.181255340576172
2026-01-13,NVDA,4.205018043518066
2026-01-14,NVDA,4.218825817108154
2026-01-15,NVDA,4.226037979125977
2026-01-16,NVDA,4.2490410804748535
2026-01-20,NVDA,4.186791896820068
2026-01-21,NVDA,4.177192687988281
2026-01-22,NVDA,4.199309349060059
2026-01-23,NVDA,4.215357303619385
2026-01-26,NVDA,4.237142086029053
2026-01-27,NVDA,4.257668972015381
2026-01-28,NVDA,4.27318000793457
2026-01-29,NVDA,4.2973809242248535
2026-01-30,NVDA,4.318727970123291
2026-02-02,NVDA,4.301679611206055
2026-02-03,NVDA,4.287249565124512
2026-02-04,NVDA,4.258015155792236
2026-02-05,NVDA,4.274368762969971
2026-02-06,NVDA,4.048843860626221
2026-02-09,NVDA,4.051109313964844
2026-02-10,NVDA,4.071227550506592
2026-02-11,NVDA,4.0931291580200195
2026-02-12,NVDA,4.104436874389648
2026-02-13,NVDA,4.106832981109619
2026-02-17,NVDA,4.12600564956665
2026-02-18,NVDA,4.140735149383545
2026-02-19,NVDA,4.164601802825928
2026-02-20,NVDA,4.185435771942139
2026-02-23,NVDA,4.207181453704834
2026-02-24,NVDA,4.23035192489624
2026-02-25,NVDA,4.248097896575928
2026-02-26,NVDA,4.140653133392334
2026-02-27,NVDA,4.092720985412598
2026-03-02,NVDA,4.08319616317749
2026-03-03,NVDA,4.0990424156188965
2026-03-04,NVDA,4.112890243530273
2026-03-05,NVDA,4.136693954467773
2026-03-06,NVDA,4.122320652008057
2026-03-09,NVDA,4.1181559562683105
2026-03-10,NVDA,4.13740873336792
2026-03-11,NVDA,4.159971237182617
2026-03-12,NVDA,4.172815322875977
2026-03-13,NVDA,4.1855549812316895
2026-03-16,NVDA,4.199370384216309
2026-03-17,NVDA,4.221069812774658
2026-03-18,NVDA,4.241919994354248
2026-03-19,NVDA,4.261373043060303
2026-03-20,NVDA,4.237764835357666
2026-03-23,NVDA,4.2499823570251465
2026-03-24,NVDA,4.274249076843262
2026-03-25,NVDA,4.2820515632629395
2026-03-26,NVDA,4.229293346405029
2026-03-27,NVDA,4.233473300933838
2026-03-30,NVDA,4.249745845794678
2026-03-31,NVDA,4.142115116119385
2026-04-01,NVDA,4.163853645324707
2026-04-02,NVDA,4.184665203094482
2026-04-06,NVDA,4.208869934082031
2026-04-07,NVDA,4.233062267303467
2026-04-08,NVDA,4.237069606781006
2026-04-09,NVDA,4.257867336273193
2026-04-10,NVDA,4.255672931671143
2026-04-13,NVDA,4.280059814453125
2026-04-14,NVDA,4.245294570922852
2026-04-15,NVDA,4.265160083770752
2026-04-16,NVDA,4.289036750793457
2026-04-17,NVDA,4.303619861602783
2026-04-20,NVDA,4.328550338745117
2026-04-21,NVDA,4.346255779266357
2026-04-22,NVDA,4.365342617034912
2026-04-23,NVDA,4.378593921661377
2026-04-24,NVDA,4.323346138000488
2026-04-27,NVDA,4.283519268035889
2026-04-28,NVDA,4.293155193328857
2026-04-29,NVDA,4.2987284660339355
2025-12-23,JPM,6.9632134437561035
2025-12-24,JPM,6.989955902099609
2025-12-26,JPM,7.024652004241943
2025-12-29,JPM,7.025485992431641
2025-12-30,JPM,7.0650248527526855
2025-12-31,JPM,7.100753307342529
2026-01-02,JPM,7.126101016998291
2026-01-05,JPM,7.042768955230713
2026-01-06,JPM,7.079490661621094
2026-01-07,JPM,7.001668453216553
2026-01-08,JPM,7.032395362854004
2026-01-09,JPM,7.070875644683838
2026-01-12,JPM,7.062021732330322
2026-01-13,JPM,6.754754066467285
2026-01-14,JPM,6.774259090423584
2026-01-15,JPM,6.810941219329834
2026-01-16,JPM,6.833760738372803
2026-01-20,JPM,6.693924903869629
2026-01-21,JPM,6.73134708404541
2026-01-22,JPM,6.766341686248779
2026-01-23,JPM,6.735942840576172
2026-01-26,JPM,6.754489421844482
2026-01-27,JPM,6.792194366455078
2026-01-28,JPM,6.831306457519531
2026-01-29,JPM,6.8101677894592285
2026-01-30,JPM,6.848630428314209
2026-02-02,JPM,6.879910945892334
2026-02-03,JPM,6.8383378982543945
2026-02-04,JPM,6.869571208953857
2026-02-05,JPM,6.810246467590332
2026-02-06,JPM,6.593966960906982
2026-02-09,JPM,6.631450653076172
2026-02-10,JPM,6.641923427581787
2026-02-11,JPM,6.582775115966797
2026-02-12,JPM,6.5050835609436035
2026-02-13,JPM,6.542691707611084
2026-02-17,JPM,6.546070098876953
2026-02-18,JPM,6.58027982711792
2026-02-19,JPM,6.6169586181640625
2026-02-20,JPM,6.643876075744629
2026-02-23,JPM,6.394132137298584
2026-02-24,JPM,6.430870056152344
2026-02-25,JPM,6.408120155334473
2026-02-26,JPM,6.4332756996154785
2026-02-27,JPM,6.4132609367370605
2026-03-02,JPM,6.437154293060303
2026-03-03,JPM,6.4623894691467285
2026-03-04,JPM,6.498283386230469
2026-03-05,JPM,6.475734233856201
2026-03-06,JPM,6.483628273010254
2026-03-09,JPM,6.520750522613525
2026-03-10,JPM,6.556033611297607
2026-03-11,JPM,6.591427803039551
2026-03-12,JPM,6.588781833648682
2026-03-13,JPM,6.626044750213623
2026-03-16,JPM,6.647946834564209
2026-03-17,JPM,6.68512487411499
2026-03-18,JPM,6.722106456756592
2026-03-19,JPM,6.760874271392822
2026-03-20,JPM,6.7961320877075195
2026-03-23,JPM,6.810124397277832
2026-03-24,JPM,6.835984230041504
2026-03-25,JPM,6.856189250946045
2026-03-26,JPM,6.865760803222656
2026-03-27,JPM,6.7428507804870605
2026-03-30,JPM,6.7795562744140625
2026-03-31,JPM,6.588130474090576
2026-04-01,JPM,6.623603343963623
2026-04-02,JPM,6.660697937011719
2026-04-06,JPM,6.688731670379639
2026-04-07,JPM,6.7204718589782715
2026-04-08,JPM,6.553532600402832
2026-04-09,JPM,6.583652019500732
2026-04-10,JPM,6.620978832244873
2026-04-13,JPM,6.637256145477295
2026-04-14,JPM,6.662166595458984
2026-04-15,JPM,6.6500139236450195
2026-04-16,JPM,6.662093639373779
2026-04-17,JPM,6.700660228729248
2026-04-20,JPM,6.665740966796875
2026-04-21,JPM,6.673610210418701
2026-04-22,JPM,6.712181091308594
2026-04-23,JPM,6.746703624725342
2026-04-24,JPM,6.762063503265381
2026-04-27,JPM,6.782658576965332
2026-04-28,JPM,6.821656703948975
2026-04-29,JPM,6.850299835205078
2025-12-23,IWM,7.677857875823975
2025-12-24,IWM,7.7218194007873535
2025-12-26,IWM,7.756443023681641
2025-12-29,IWM,7.787766933441162
2025-12-30,IWM,7.814136028289795
2025-12-31,IWM,7.840285778045654
2026-01-02,IWM,7.8589396476745605
2026-01-05,IWM,7.842772006988525
2026-01-06,IWM,7.847438335418701
2026-01-07,IWM,7.88947057723999
2026-01-08,IWM,7.9084978103637695
2026-01-09,IWM,7.943001747131348
2026-01-12,IWM,7.985404968261719
2026-01-13,IWM,8.03056812286377
2026-01-14,IWM,8.067516326904297
2026-01-15,IWM,8.097865104675293
2026-01-16,IWM,8.144682884216309
2026-01-20,IWM,8.136576652526855
2026-01-21,IWM,8.08035945892334
2026-01-22,IWM,8.116629600524902
2026-01-23,IWM,8.043320655822754
2026-01-26,IWM,8.083853721618652
2026-01-27,IWM,8.129997253417969
2026-01-28,IWM,8.163140296936035
2026-01-29,IWM,8.210113525390625
2026-01-30,IWM,8.183871269226074
2026-02-02,IWM,8.20791244506836
2026-02-03,IWM,8.255075454711914
2026-02-04,IWM,8.272234916687012
2026-02-05,IWM,8.204848289489746
2026-02-06,IWM,7.89009952545166
2026-02-09,IWM,7.926548004150391
2026-02-10,IWM,7.9678473472595215
2026-02-11,IWM,8.004194259643555
2026-02-12,IWM,7.9168572425842285
2026-02-13,IWM,7.920845031738281
2026-02-17,IWM,7.966545104980469
2026-02-18,IWM,8.010878562927246
2026-02-19,IWM,8.056877136230469
2026-02-20,IWM,8.10318374633789
2026-02-23,IWM,8.066668510437012
2026-02-24,IWM,8.083817481994629
2026-02-25,IWM,8.126538276672363
2026-02-26,IWM,8.168132781982422
2026-02-27,IWM,8.112473487854004
2026-03-02,IWM,8.138819694519043
2026-03-03,IWM,8.084208488464355
2026-03-04,IWM,8.10723876953125
2026-03-05,IWM,8.034892082214355
2026-03-06,IWM,7.921974182128906
2026-03-09,IWM,7.936984539031982
2026-03-10,IWM,7.982263088226318
2026-03-11,IWM,8.026637077331543
2026-03-12,IWM,7.933801174163818
2026-03-13,IWM,7.97615909576416
2026-03-16,IWM,7.997694492340088
2026-03-17,IWM,8.033459663391113
2026-03-18,IWM,8.000661849975586
2026-03-19,IWM,8.0352144241333
2026-03-20,IWM,7.940777778625488
2026-03-23,IWM,7.856795787811279
2026-03-24,IWM,7.895055294036865
2026-03-25,IWM,7.901246070861816
2026-03-26,IWM,7.85884428024292
2026-03-27,IWM,7.818154335021973
2026-03-30,IWM,7.807498931884766
2026-03-31,IWM,7.537233829498291
2026-04-01,IWM,7.572073459625244
2026-04-02,IWM,7.605210781097412
2026-04-06,IWM,7.645575046539307
2026-04-07,IWM,7.689116954803467
2026-04-08,IWM,7.518527984619141
2026-04-09,IWM,7.556271553039551
2026-04-10,IWM,7.597198486328125
2026-04-13,IWM,7.595405101776123
2026-04-14,IWM,7.598911285400391
2026-04-15,IWM,7.642475128173828
2026-04-16,IWM,7.686532497406006
2026-04-17,IWM,7.625083923339844
2026-04-20,IWM,7.664604187011719
2026-04-21,IWM,7.6740875244140625
2026-04-22,IWM,7.709706783294678
2026-04-23,IWM,7.74819803237915
2026-04-24,IWM,7.791045665740967
2026-04-27,IWM,7.8361334800720215
2026-04-28,IWM,7.8353447914123535
2026-04-29,IWM,7.863652229309082
2025-12-23,GLD,8.167488098144531
2025-12-24,GLD,8.20129108428955
2025-12-26,GLD,8.221760749816895
2025-12-29,GLD,7.669445991516113
2025-12-30,GLD,7.713479518890381
2025-12-31,GLD,7.739650726318359
2026-01-02,GLD,7.781917572021484
2026-01-05,GLD,7.671280860900879
2026-01-06,GLD,7.696544170379639
2026-01-07,GLD,7.704946041107178
2026-01-08,GLD,7.746585369110107
2026-01-09,GLD,7.7846527099609375
2026-01-12,GLD,7.757509708404541
2026-01-13,GLD,7.798515319824219
2026-01-14,GLD,7.8270792961120605
2026-01-15,GLD,7.852271556854248
2026-01-16,GLD,7.883515357971191
2026-01-20,GLD,7.597639560699463
2026-01-21,GLD,7.606586456298828
2026-01-22,GLD,7.589975833892822
2026-01-23,GLD,7.605336666107178
2026-01-26,GLD,7.616419315338135
2026-01-27,GLD,7.548935890197754
2026-01-28,GLD,7.304500579833984
2026-01-29,GLD,7.34649133682251
2026-01-30,GLD,5.672281742095947
2026-02-02,GLD,5.523922443389893
2026-02-03,GLD,5.225142478942871
2026-02-04,GLD,5.254358768463135
2026-02-05,GLD,5.214242935180664
2026-02-06,GLD,5.1811442375183105
2026-02-09,GLD,5.171176433563232
2026-02-10,GLD,5.18782377243042
2026-02-11,GLD,5.212306022644043
2026-02-12,GLD,5.130827903747559
2026-02-13,GLD,5.122715473175049
2026-02-17,GLD,5.065720558166504
2026-02-18,GLD,5.06558084487915
2026-02-19,GLD,5.094924449920654
2026-02-20,GLD,5.102725028991699
2026-02-23,GLD,5.088720798492432
2026-02-24,GLD,5.096505641937256
2026-02-25,GLD,5.123754978179932
2026-02-26,GLD,5.1509785652160645
2026-02-27,GLD,5.172797679901123
2026-03-02,GLD,5.195157051086426
2026-03-03,GLD,5.051238536834717
2026-03-04,GLD,5.078545093536377
2026-03-05,GLD,5.091794490814209
2026-03-06,GLD,5.108047962188721
2026-03-09,GLD,5.1359052658081055
2026-03-10,GLD,5.159905910491943
2026-03-11,GLD,5.186843395233154
2026-03-12,GLD,5.177600860595703
2026-03-13,GLD,5.188999652862549
2026-03-16,GLD,5.218275547027588
2026-03-17,GLD,5.246691703796387
2026-03-18,GLD,5.185362339019775
2026-03-19,GLD,5.074268341064453
2026-03-20,GLD,5.029716491699219
2026-03-23,GLD,5.019195079803467
2026-03-24,GLD,5.048259258270264
2026-03-25,GLD,5.014937877655029
2026-03-26,GLD,4.940177917480469
2026-03-27,GLD,4.888531684875488
2026-03-30,GLD,4.916752338409424
2026-03-31,GLD,4.854945659637451
2026-04-01,GLD,4.866087436676025
2026-04-02,GLD,4.866244792938232
2026-04-06,GLD,4.8925299644470215
2026-04-07,GLD,4.916041374206543
2026-04-08,GLD,4.942838191986084
2026-04-09,GLD,4.968648433685303
2026-04-10,GLD,4.996700286865234
2026-04-13,GLD,5.023521900177002
2026-04-14,GLD,5.021003246307373
2026-04-15,GLD,5.039723873138428
2026-04-16,GLD,5.068526744842529
2026-04-17,GLD,5.087452411651611
2026-04-20,GLD,5.109158039093018
2026-04-21,GLD,5.072581768035889
2026-04-22,GLD,5.0910162925720215
2026-04-23,GLD,5.111515522003174
2026-04-24,GLD,5.139901161193848
2026-04-27,GLD,5.16351842880249
2026-04-28,GLD,5.163417339324951
2026-04-29,GLD,5.182960033416748
2025-12-23,USDINR=X,33.76365280151367
2025-12-24,USDINR=X,33.921627044677734
2025-12-26,USDINR=X,33.22492980957031
2025-12-29,USDINR=X,33.18250274658203
2025-12-30,USDINR=X,33.368896484375
2025-12-31,USDINR=X,33.499813079833984
2026-01-02,USDINR=X,33.61668395996094
2026-01-05,USDINR=X,33.81023025512695
2026-01-06,USDINR=X,33.89574432373047
2026-01-07,USDINR=X,34.068233489990234
2026-01-08,USDINR=X,33.97203826904297
2026-01-09,USDINR=X,34.16780471801758
2026-01-12,USDINR=X,34.100379943847656
2026-01-13,USDINR=X,34.2518310546875
2026-01-14,USDINR=X,34.41215133666992
2026-01-15,USDINR=X,34.57364273071289
2026-01-16,USDINR=X,34.70503616333008
2026-01-19,USDINR=X,34.62052536010742
2026-01-20,USDINR=X,34.7353401184082
2026-01-21,USDINR=X,34.840816497802734
2026-01-22,USDINR=X,34.62010192871094
2026-01-23,USDINR=X,34.81983184814453
2026-01-26,USDINR=X,34.99530792236328
2026-01-27,USDINR=X,35.108917236328125
2026-01-28,USDINR=X,35.1734504699707
2026-01-29,USDINR=X,34.740230560302734
2026-01-30,USDINR=X,34.6878776550293
2026-02-02,USDINR=X,34.83840560913086
2026-02-03,USDINR=X,30.06477165222168
2026-02-04,USDINR=X,30.191818237304688
2026-02-05,USDINR=X,30.17227554321289
2026-02-06,USDINR=X,30.290220260620117
2026-02-09,USDINR=X,30.341724395751953
2026-02-10,USDINR=X,30.430654525756836
2026-02-11,USDINR=X,30.475543975830078
2026-02-12,USDINR=X,30.62117576599121
2026-02-13,USDINR=X,30.72273063659668
2026-02-16,USDINR=X,30.90028190612793
2026-02-17,USDINR=X,31.00514030456543
2026-02-18,USDINR=X,31.117694854736328
2026-02-19,USDINR=X,31.253570556640625
2026-02-20,USDINR=X,31.328779220581055
2026-02-23,USDINR=X,31.267578125
2026-02-24,USDINR=X,31.293508529663086
2026-02-25,USDINR=X,31.440637588500977
2026-02-26,USDINR=X,31.622587203979492
2026-02-27,USDINR=X,31.803451538085938
2026-03-02,USDINR=X,31.982574462890625
2026-03-03,USDINR=X,31.703577041625977
2026-03-04,USDINR=X,31.519880294799805
2026-03-05,USDINR=X,31.6892032623291
2026-03-06,USDINR=X,31.580291748046875
2026-03-09,USDINR=X,31.733747482299805
2026-03-10,USDINR=X,30.772506713867188
2026-03-11,USDINR=X,29.38530921936035
2026-03-12,USDINR=X,29.554153442382812
2026-03-13,USDINR=X,29.698095321655273
2026-03-16,USDINR=X,29.837488174438477
2026-03-17,USDINR=X,29.831104278564453
2026-03-18,USDINR=X,29.9942626953125
2026-03-19,USDINR=X,29.02439308166504
2026-03-20,USDINR=X,29.121997833251953
2026-03-23,USDINR=X,28.371292114257812
2026-03-24,USDINR=X,27.82954216003418
2026-03-25,USDINR=X,26.64499282836914
2026-03-26,USDINR=X,26.661914825439453
2026-03-27,USDINR=X,26.58087158203125
2026-03-30,USDINR=X,26.527475357055664
2026-03-31,USDINR=X,26.40510368347168
2026-04-01,USDINR=X,25.60004997253418
2026-04-02,USDINR=X,24.930397033691406
2026-04-03,USDINR=X,24.983705520629883
2026-04-06,USDINR=X,25.12686538696289
2026-04-07,USDINR=X,25.23451805114746
2026-04-08,USDINR=X,25.380596160888672
2026-04-09,USDINR=X,25.122297286987305
2026-04-10,USDINR=X,25.237730026245117
2026-04-13,USDINR=X,21.913379669189453
2026-04-14,USDINR=X,21.941194534301758
2026-04-15,USDINR=X,20.10334587097168
2026-04-16,USDINR=X,20.201398849487305
2026-04-17,USDINR=X,20.242204666137695
2026-04-20,USDINR=X,20.23558235168457
2026-04-21,USDINR=X,20.220321655273438
2026-04-22,USDINR=X,20.220518112182617
2026-04-23,USDINR=X,20.327341079711914
2026-04-24,USDINR=X,20.40504264831543
2026-04-27,USDINR=X,20.518491744995117
2026-04-28,USDINR=X,20.636587142944336
2026-04-29,USDINR=X,20.690349578857422
2025-12-23,AMZN,4.928921699523926
2025-12-24,AMZN,4.957469940185547
2025-12-26,AMZN,4.986186504364014
2025-12-29,AMZN,5.014552116394043
2025-12-30,AMZN,5.043490409851074
2025-12-31,AMZN,5.067895412445068
2026-01-02,AMZN,5.0695695877075195
2026-01-05,AMZN,5.039474010467529
2026-01-06,AMZN,4.990912914276123
2026-01-07,AMZN,5.01967191696167
2026-01-08,AMZN,5.024432182312012
2026-01-09,AMZN,5.052865028381348
2026-01-12,AMZN,5.08022928237915
2026-01-13,AMZN,5.0880231857299805
2026-01-14,AMZN,5.068599700927734
2026-01-15,AMZN,5.09562873840332
2026-01-16,AMZN,5.124458312988281
2026-01-20,AMZN,5.062936305999756
2026-01-21,AMZN,5.092219829559326
2026-01-22,AMZN,5.109920978546143
2026-01-23,AMZN,5.10974645614624
2026-01-26,AMZN,5.138106822967529
2026-01-27,AMZN,5.118760108947754
2026-01-28,AMZN,5.143505573272705
2026-01-29,AMZN,5.170161247253418
2026-01-30,AMZN,5.190463542938232
2026-02-02,AMZN,5.204049587249756
2026-02-03,AMZN,5.205620765686035
2026-02-04,AMZN,5.1883368492126465
2026-02-05,AMZN,5.065549373626709
2026-02-06,AMZN,4.879919052124023
2026-02-09,AMZN,4.90492582321167
2026-02-10,AMZN,4.929288387298584
2026-02-11,AMZN,4.946052551269531
2026-02-12,AMZN,4.94440221786499
2026-02-13,AMZN,4.972463130950928
2026-02-17,AMZN,4.98933744430542
2026-02-18,AMZN,4.992476940155029
2026-02-19,AMZN,5.021302223205566
2026-02-20,AMZN,5.000629425048828
2026-02-23,AMZN,4.993728160858154
2026-02-24,AMZN,5.002736568450928
2026-02-25,AMZN,5.023792743682861
2026-02-26,AMZN,5.041680812835693
2026-02-27,AMZN,5.062695503234863
2026-03-02,AMZN,5.0881876945495605
2026-03-03,AMZN,5.117305278778076
2026-03-04,AMZN,5.032783031463623
2026-03-05,AMZN,5.0548882484436035
2026-03-06,AMZN,5.034249782562256
2026-03-09,AMZN,5.063231945037842
2026-03-10,AMZN,5.0912699699401855
2026-03-11,AMZN,5.116367816925049
2026-03-12,AMZN,5.130247592926025
2026-03-13,AMZN,5.154499053955078
2026-03-16,AMZN,5.1529154777526855
2026-03-17,AMZN,5.161229610443115
2026-03-18,AMZN,5.1440958976745605
2026-03-19,AMZN,5.172043323516846
2026-03-20,AMZN,5.182453155517578
2026-03-23,AMZN,5.167773723602295
2026-03-24,AMZN,5.183553218841553
2026-03-25,AMZN,5.175192832946777
2026-03-26,AMZN,5.175558090209961
2026-03-27,AMZN,5.0890607833862305
2026-03-30,AMZN,5.11243200302124
2026-03-31,AMZN,5.0392632484436035
2026-04-01,AMZN,5.058898448944092
2026-04-02,AMZN,5.087287902832031
2026-04-06,AMZN,5.10055685043335
2026-04-07,AMZN,5.128392219543457
2026-04-08,AMZN,5.065831184387207
2026-04-09,AMZN,4.879133224487305
2026-04-10,AMZN,4.882889747619629
2026-04-13,AMZN,4.9094038009643555
2026-04-14,AMZN,4.848672389984131
2026-04-15,AMZN,4.875850200653076
2026-04-16,AMZN,4.903409481048584
2026-04-17,AMZN,4.9315972328186035
2026-04-20,AMZN,4.952246189117432
2026-04-21,AMZN,4.979186534881592
2026-04-22,AMZN,4.979495525360107
2026-04-23,AMZN,5.007736682891846
2026-04-24,AMZN,4.959836483001709
2026-04-27,AMZN,4.976743221282959
2026-04-28,AMZN,5.001652717590332
2026-04-29,AMZN,5.022134304046631
