time,symbol,weight
2025-11-06,SBIN.NS,-5.4667024457578985e-05
2025-11-07,SBIN.NS,-5.773335018246585e-05
2025-11-10,SBIN.NS,-0.00020527909604384445
2025-11-11,SBIN.NS,-0.0001359444418643035
2025-11-12,SBIN.NS,-9.505102884192852e-05
2025-11-13,SBIN.NS,6.25292273725432e-05
2025-11-14,SBIN.NS,-7.90123729462265e-05
2025-11-17,SBIN.NS,-0.0002229977340623554
2025-11-18,SBIN.NS,-0.00019796696180465612
2025-11-19,SBIN.NS,-0.00014949607910025092
2025-11-20,SBIN.NS,-3.511474772870903e-05
2025-11-21,SBIN.NS,-0.00012979670288073392
2025-11-24,SBIN.NS,6.330489964270142e-05
2025-11-25,SBIN.NS,-0.0001688025090911715
2025-11-26,SBIN.NS,-3.970711378222975e-05
2025-11-27,SBIN.NS,-7.872732901271193e-05
2025-11-28,SBIN.NS,4.728673615175999e-05
2025-12-01,SBIN.NS,-0.0001752471132125017
2025-12-02,SBIN.NS,1.3472781583968867e-05
2025-12-03,SBIN.NS,9.558758119711713e-05
2025-12-04,SBIN.NS,-0.00013857051995693306
2025-12-05,SBIN.NS,2.4481708884321735e-05
2025-12-08,SBIN.NS,-0.00015176594235689515
2025-12-09,SBIN.NS,-0.00011703700025863918
2025-12-10,SBIN.NS,5.973427885699682e-06
2025-12-11,SBIN.NS,8.889976720747189e-05
2025-12-12,SBIN.NS,-9.369064405562707e-05
2025-12-15,SBIN.NS,-0.00012001643056792235
2025-12-16,SBIN.NS,0.00011399738887712499
2025-12-17,SBIN.NS,-0.00014333697572514598
2025-12-18,SBIN.NS,4.854566748266883e-06
2025-12-19,SBIN.NS,-0.0001670562982094929
2025-12-22,SBIN.NS,0.0001349377992983691
2025-12-23,SBIN.NS,-2.004546281238965e-05
2025-12-24,SBIN.NS,-0.00010207904372700532
2025-12-26,SBIN.NS,-6.976989451180777e-05
2025-12-29,SBIN.NS,-3.259474765463603e-05
2025-12-30,SBIN.NS,4.791793006210743e-05
2025-12-31,SBIN.NS,-0.00018222230736918173
2026-01-01,SBIN.NS,-9.61301359144496e-05
2026-01-02,SBIN.NS,-6.239180608346088e-05
2026-01-05,SBIN.NS,-8.340637454770269e-05
2026-01-06,SBIN.NS,-0.00013614924995112118
2026-01-07,SBIN.NS,-4.82450884699468e-05
2026-01-08,SBIN.NS,-0.0001413081369356469
2026-01-09,SBIN.NS,0.00010538273993221647
2026-01-12,SBIN.NS,-0.00010668925345950761
2026-01-13,SBIN.NS,6.446618143335777e-05
2026-01-14,SBIN.NS,-0.00012610750813337064
2026-01-15,SBIN.NS,-7.224764821859183e-05
2026-01-16,SBIN.NS,0.0001263975822016884
2026-01-19,SBIN.NS,-0.0002452974808054534
2026-01-20,SBIN.NS,8.619207146622957e-05
2026-01-21,SBIN.NS,9.46747390541541e-05
2026-01-22,SBIN.NS,0.0001978247661330464
2026-01-23,SBIN.NS,-0.0003905335592553002
2026-01-27,SBIN.NS,0.00017516770332750905
2026-01-28,SBIN.NS,4.465705715750649e-06
2026-01-29,SBIN.NS,-4.763825449477594e-05
2025-11-06,TCS.NS,0.0002619721883076074
2025-11-07,TCS.NS,0.0009794597476123418
2025-11-10,TCS.NS,0.0006046360071377924
2025-11-11,TCS.NS,-2.271559775622917e-05
2025-11-12,TCS.NS,-0.00010848544325798166
2025-11-13,TCS.NS,0.0007696839782261208
2025-11-14,TCS.NS,0.00024910425651284465
2025-11-17,TCS.NS,0.0006290960529254997
2025-11-18,TCS.NS,0.00017758224218486705
2025-11-19,TCS.NS,0.0007591543618588528
2025-11-20,TCS.NS,-9.737124221130566e-05
2025-11-21,TCS.NS,0.0004933596404662136
2025-11-24,TCS.NS,0.0010589447309843375
2025-11-25,TCS.NS,0.0003419424298209216
2025-11-26,TCS.NS,0.0007703837654459263
2025-11-27,TCS.NS,0.0006648435565413594
2025-11-28,TCS.NS,0.0011802621815955867
2025-12-01,TCS.NS,-0.0002960142562662303
2025-12-02,TCS.NS,0.0005008583253293225
2025-12-03,TCS.NS,7.293463273817956e-05
2025-12-04,TCS.NS,0.0003988303673391689
2025-12-05,TCS.NS,0.0007275256786568312
2025-12-08,TCS.NS,0.0008827868176365025
2025-12-09,TCS.NS,0.0008772623976966737
2025-12-10,TCS.NS,0.0005045233705366644
2025-12-11,TCS.NS,0.0005015056191616053
2025-12-12,TCS.NS,0.0006708721202509258
2025-12-15,TCS.NS,0.00021198808363145889
2025-12-16,TCS.NS,0.00024600032925726746
2025-12-17,TCS.NS,0.0006511295927691993
2025-12-18,TCS.NS,0.0007818701009974073
2025-12-19,TCS.NS,0.00016060797689462406
2025-12-22,TCS.NS,0.0005425716618131336
2025-12-23,TCS.NS,0.0007839022638858063
2025-12-24,TCS.NS,0.0038586227780072675
2025-12-26,TCS.NS,0.002201131678328759
2025-12-29,TCS.NS,0.003060855674352984
2025-12-30,TCS.NS,0.0006583428762851758
2025-12-31,TCS.NS,0.000842921068487451
2026-01-01,TCS.NS,0.0007506366020899319
2026-01-02,TCS.NS,-0.0003139136694083762
2026-01-05,TCS.NS,-0.0002901881241302419
2026-01-06,TCS.NS,9.761035798905101e-05
2026-01-07,TCS.NS,-2.749113166056481e-05
2026-01-08,TCS.NS,0.0003079723022991809
2026-01-09,TCS.NS,-0.0004070954188777584
2026-01-12,TCS.NS,0.0004573121123653963
2026-01-13,TCS.NS,-0.0008184377810416129
2026-01-14,TCS.NS,-0.00012255824112101773
2026-01-15,TCS.NS,0.00014471352245536964
2026-01-16,TCS.NS,0.0002652695254319576
2026-01-19,TCS.NS,0.0012419422559861643
2026-01-20,TCS.NS,0.0009675928123107526
2026-01-21,TCS.NS,0.0007808279283101771
2026-01-22,TCS.NS,0.0006047548634335831
2026-01-23,TCS.NS,0.00045833862890043474
2026-01-27,TCS.NS,-0.000157822598651582
2026-01-28,TCS.NS,0.00043822535315669414
2026-01-29,TCS.NS,0.0008281699702896494
2025-10-31,UNH,0.0006259806233593772
2025-11-03,UNH,0.0007259066645333347
2025-11-04,UNH,0.00017469741768651078
2025-11-05,UNH,0.0001490313938756539
2025-11-06,UNH,-0.00047486887885212306
2025-11-07,UNH,-0.000583470944873146
2025-11-10,UNH,-0.0005758322998653384
2025-11-11,UNH,-0.00047430272692348756
2025-11-12,UNH,-0.0003589195839224952
2025-11-13,UNH,-0.00031853955905292874
2025-11-14,UNH,-0.00032157260588292283
2025-11-17,UNH,2.6620003178200476e-05
2025-11-18,UNH,2.7309052965108962e-05
2025-11-19,UNH,0.00032969449917191014
2025-11-20,UNH,-0.00010431166918811662
2025-11-21,UNH,0.00016147522254170914
2025-11-24,UNH,0.0003489289778442952
2025-11-25,UNH,0.0005230636540731252
2025-11-26,UNH,-0.00010820988145162986
2025-11-28,UNH,0.0005727100378391795
2025-12-01,UNH,0.0003585256250510985
2025-12-02,UNH,0.00019536622057137644
2025-12-03,UNH,0.0001499242044178171
2025-12-04,UNH,0.00029965179493904353
2025-12-05,UNH,0.00043268590500958445
2025-12-08,UNH,0.00025540951399649365
2025-12-09,UNH,0.0005126564215453814
2025-12-10,UNH,0.0005371019001842405
2025-12-11,UNH,0.0002833916707738001
2025-12-12,UNH,0.000524422587462875
2025-12-15,UNH,0.0005158158512604982
2025-12-16,UNH,0.0008277342324421593
2025-12-17,UNH,0.00055771076585394
2025-12-18,UNH,0.000976065283234306
2025-12-19,UNH,0.0006659790358425631
2025-12-22,UNH,0.0006788124737420887
2025-12-23,UNH,0.0009635612419496956
2025-12-24,UNH,0.0002857082141355906
2025-12-26,UNH,0.0006570737131261418
2025-12-29,UNH,0.001035667248403373
2025-12-30,UNH,0.0011962274385754817
2025-12-31,UNH,0.000950521778883361
2026-01-02,UNH,0.0006292927213192667
2026-01-05,UNH,0.00034529624731787845
2026-01-06,UNH,0.0003537872420368395
2026-01-07,UNH,0.00020552818197420552
2026-01-08,UNH,7.439443423323117e-05
2026-01-09,UNH,3.6922516171786645e-05
2026-01-12,UNH,7.577272835362102e-05
2026-01-13,UNH,6.831273298959791e-05
2026-01-14,UNH,-5.1185568693788945e-06
2026-01-15,UNH,4.4111938630489e-05
2026-01-16,UNH,0.00011801724407175646
2026-01-20,UNH,-7.804499193467286e-05
2026-01-21,UNH,1.5931074532910192e-06
2026-01-22,UNH,-7.597381026247659e-05
2026-01-23,UNH,-7.789565440893993e-05
2026-01-26,UNH,-0.00011560230756830335
2026-01-27,UNH,0.0001686867788117447
2026-01-28,UNH,-0.0002964550188530682
2026-01-29,UNH,0.00020404992036608351
2025-10-31,TLT,-0.00022667107212173202
2025-11-03,TLT,0.0002534122093049106
2025-11-04,TLT,0.0001424659107266956
2025-11-05,TLT,0.00020071086615625771
2025-11-06,TLT,1.1564983197637266e-05
2025-11-07,TLT,0.00025620775029528233
2025-11-10,TLT,8.987499298371195e-05
2025-11-11,TLT,0.0002686777074841292
2025-11-12,TLT,0.000111887153645463
2025-11-13,TLT,0.00012245956954647067
2025-11-14,TLT,0.0002272078953250626
2025-11-17,TLT,0.00023413528417228865
2025-11-18,TLT,0.00046585238554033474
2025-11-19,TLT,8.957045153645658e-05
2025-11-20,TLT,0.00024181887140406282
2025-11-21,TLT,0.00025073594417763915
2025-11-24,TLT,0.0004966017315158562
2025-11-25,TLT,0.0001311660526801505
2025-11-26,TLT,8.934652416956487e-05
2025-11-28,TLT,0.00023889190667120778
2025-12-01,TLT,-2.835042594271619e-05
2025-12-02,TLT,-7.883603919401843e-05
2025-12-03,TLT,-2.258408951026245e-05
2025-12-04,TLT,0.00035052942612941293
2025-12-05,TLT,5.9822046742354844e-05
2025-12-08,TLT,8.453893862307481e-05
2025-12-09,TLT,0.00018098144439641952
2025-12-10,TLT,-0.00010178960567847512
2025-12-11,TLT,-0.00022038220018934902
2025-12-12,TLT,0.00040846235481256746
2025-12-15,TLT,0.0002549166014078723
2025-12-16,TLT,0.00016641808623030785
2025-12-17,TLT,0.0002491846628050601
2025-12-18,TLT,0.00028288870211673733
2025-12-19,TLT,0.00038559215167600257
2025-12-22,TLT,0.00035827405089769573
2025-12-23,TLT,0.00026297494993323485
2025-12-24,TLT,0.0005716128604132757
2025-12-26,TLT,0.00036487322953852495
2025-12-29,TLT,3.366451591598553e-05
2025-12-30,TLT,0.0001642796177865015
2025-12-31,TLT,0.0003681842752387802
2026-01-02,TLT,0.00016492478876967495
2026-01-05,TLT,1.430487271658548e-05
2026-01-06,TLT,0.00032790018062979134
2026-01-07,TLT,0.00013326688973155717
2026-01-08,TLT,0.00019279961775833408
2026-01-09,TLT,-1.0231611790102676e-05
2026-01-12,TLT,-2.7536225128157106e-05
2026-01-13,TLT,-0.00024681921289459324
2026-01-14,TLT,5.869114119630828e-05
2026-01-15,TLT,0.00026898162934039214
2026-01-16,TLT,-6.331954200894698e-05
2026-01-20,TLT,-0.0003036969170865629
2026-01-21,TLT,0.000206546917480447
2026-01-22,TLT,0.00028468156148605595
2026-01-23,TLT,-1.5096389116607617e-05
2026-01-26,TLT,-1.440274189275903e-05
2026-01-27,TLT,0.0001902081637126461
2026-01-28,TLT,-1.6067000330479117e-05
2026-01-29,TLT,-0.00017836101286861992
2025-10-31,AMZN,9.945820115154614e-06
2025-11-03,AMZN,0.00011978311238034498
2025-11-04,AMZN,0.0002089654933745995
2025-11-05,AMZN,3.655660810546877e-05
2025-11-06,AMZN,-0.00019294788282227905
2025-11-07,AMZN,-0.00010675315830841949
2025-11-10,AMZN,-0.00011610156744538692
2025-11-11,AMZN,0.00016127367627305416
2025-11-12,AMZN,0.0004503810821455753
2025-11-13,AMZN,0.00014630208326586524
2025-11-14,AMZN,3.9196215666395145e-05
2025-11-17,AMZN,6.626043756485239e-05
2025-11-18,AMZN,0.00033309694760565606
2025-11-19,AMZN,1.1921541020015871e-05
2025-11-20,AMZN,7.080330074493737e-05
2025-11-21,AMZN,3.96127854367627e-05
2025-11-24,AMZN,-5.133216050293658e-05
2025-11-25,AMZN,0.0001301827779323471
2025-11-26,AMZN,0.000350707209319308
2025-11-28,AMZN,-2.2025121512797803e-05
2025-12-01,AMZN,0.00011568085471433077
2025-12-02,AMZN,0.0002457430595322001
2025-12-03,AMZN,9.275431792296302e-05
2025-12-04,AMZN,0.00012062499213150578
2025-12-05,AMZN,6.451795493564777e-05
2025-12-08,AMZN,0.00010772986939787223
2025-12-09,AMZN,-1.1228752809977447e-05
2025-12-10,AMZN,-4.3130413888004e-05
2025-12-11,AMZN,-0.0005360685536574837
2025-12-12,AMZN,-1.1360892393806207e-05
2025-12-15,AMZN,7.62608278332256e-05
2025-12-16,AMZN,6.883830357346363e-05
2025-12-17,AMZN,8.301424678150944e-05
2025-12-18,AMZN,7.702830828947424e-06
2025-12-19,AMZN,1.6836355425539192e-05
2025-12-22,AMZN,-9.697410589212637e-06
2025-12-23,AMZN,-1.4809890838276254e-05
2025-12-24,AMZN,7.436532060764419e-06
2025-12-26,AMZN,9.580456928888714e-05
2025-12-29,AMZN,1.3822489006922365e-05
2025-12-30,AMZN,7.56404342721429e-05
2025-12-31,AMZN,3.2820475791269475e-05
2026-01-02,AMZN,9.526028208541192e-05
2026-01-05,AMZN,0.00012106014298648925
2026-01-06,AMZN,5.932343909448071e-05
2026-01-07,AMZN,1.4905356652404257e-05
2026-01-08,AMZN,2.7876154123660163e-05
2026-01-09,AMZN,0.00039016928138207183
2026-01-12,AMZN,-1.4744153506225543e-05
2026-01-13,AMZN,6.002164106651762e-05
2026-01-14,AMZN,0.00010749431570258476
2026-01-15,AMZN,5.390764119414991e-05
2026-01-16,AMZN,-0.0003966577182910677
2026-01-20,AMZN,7.635694763712422e-05
2026-01-21,AMZN,0.00013537218989911673
2026-01-22,AMZN,0.00014350925553758965
2026-01-23,AMZN,4.600701269168784e-05
2026-01-26,AMZN,-6.394653880043802e-05
2026-01-27,AMZN,-9.532895857796479e-06
2026-01-28,AMZN,8.06428479955935e-05
2026-01-29,AMZN,-5.814332199217573e-05
2025-11-06,INFY.NS,5.6587171279870534e-05
2025-11-07,INFY.NS,0.00044606924172058734
2025-11-10,INFY.NS,0.000619654339388882
2025-11-11,INFY.NS,0.00023825018399133578
2025-11-12,INFY.NS,0.0002734454534262994
2025-11-13,INFY.NS,0.0006716383383244555
2025-11-14,INFY.NS,0.000714209125634485
2025-11-17,INFY.NS,0.00010301767841298777
2025-11-18,INFY.NS,0.0002939933371867575
2025-11-19,INFY.NS,0.0003339291085505448
2025-11-20,INFY.NS,0.000540227248867573
2025-11-21,INFY.NS,0.0002766926396465041
2025-11-24,INFY.NS,0.0005099587716674049
2025-11-25,INFY.NS,0.0002774103494197025
2025-11-26,INFY.NS,0.0005788790715211692
2025-11-27,INFY.NS,0.00020048163666645642
2025-11-28,INFY.NS,0.0006061483446440427
2025-12-01,INFY.NS,0.00021749834478539568
2025-12-02,INFY.NS,0.00011586981700887121
2025-12-03,INFY.NS,0.0001851365924536194
2025-12-04,INFY.NS,0.0001465562033545878
2025-12-05,INFY.NS,0.00044321371003050436
2025-12-08,INFY.NS,0.00021171458320441106
2025-12-09,INFY.NS,0.00043645245801509735
2025-12-10,INFY.NS,0.0002495873153516335
2025-12-11,INFY.NS,0.00018491322006341759
2025-12-12,INFY.NS,0.00046695865214923534
2025-12-15,INFY.NS,0.00021569919736385396
2025-12-16,INFY.NS,0.0003478905927127036
2025-12-17,INFY.NS,0.0003829887183913998
2025-12-18,INFY.NS,0.0005180277076304307
2025-12-19,INFY.NS,0.00048563115965131917
2025-12-22,INFY.NS,0.0002976044315026421
2025-12-23,INFY.NS,0.00035746544690251554
2025-12-24,INFY.NS,0.0005162111838252293
2025-12-26,INFY.NS,0.0002995845767905381
2025-12-29,INFY.NS,0.0004607840988272008
2025-12-30,INFY.NS,0.0002468145813753191
2025-12-31,INFY.NS,0.00026070183214940365
2026-01-01,INFY.NS,0.0001643572235998735
2026-01-02,INFY.NS,0.0001544913310983391
2026-01-05,INFY.NS,0.00019261939833728226
2026-01-06,INFY.NS,0.00021763977162158476
2026-01-07,INFY.NS,0.0001941720983900791
2026-01-08,INFY.NS,0.0004406712436125841
2026-01-09,INFY.NS,0.00018077187151406025
2026-01-12,INFY.NS,0.00017894988323644798
2026-01-13,INFY.NS,-9.068689592217989e-05
2026-01-14,INFY.NS,0.00023741331137821622
2026-01-15,INFY.NS,4.712009000608471e-05
2026-01-16,INFY.NS,2.218522071799677e-06
2026-01-19,INFY.NS,0.00015152642108552734
2026-01-20,INFY.NS,0.00025010745205543086
2026-01-21,INFY.NS,4.699442943201692e-05
2026-01-22,INFY.NS,-0.0014823520548197641
2026-01-23,INFY.NS,5.874703444352363e-05
2026-01-27,INFY.NS,-0.0003519831217408341
2026-01-28,INFY.NS,0.00021246007442460006
2026-01-29,INFY.NS,0.002347420077824151
2025-10-31,EEM,0.00033584356725164784
2025-11-03,EEM,-0.0008553855875490485
2025-11-04,EEM,0.00021374732488907818
2025-11-05,EEM,3.92899070923872e-05
2025-11-06,EEM,-0.0003618734954240558
2025-11-07,EEM,0.0002249927077840035
2025-11-10,EEM,-9.206440343985519e-05
2025-11-11,EEM,-9.640178756113172e-05
2025-11-12,EEM,0.00015793609509273229
2025-11-13,EEM,0.00023838039376167217
2025-11-14,EEM,0.0004662450632128163
2025-11-17,EEM,0.0008237540956996114
2025-11-18,EEM,0.0010518867090948537
2025-11-19,EEM,0.0009870203860256421
2025-11-20,EEM,-0.0005556689667845717
2025-11-21,EEM,-0.0018436672626280016
2025-11-24,EEM,-0.0009661304483614443
2025-11-25,EEM,-0.0006826186671942915
2025-11-26,EEM,-0.0006815676302993323
2025-11-28,EEM,0.00014902152272369118
2025-12-01,EEM,0.0003520377611806393
2025-12-02,EEM,-0.0006229579773118027
2025-12-03,EEM,0.0014229902087203518
2025-12-04,EEM,0.0009398482035461993
2025-12-05,EEM,-1.9798223706393747e-05
2025-12-08,EEM,-0.00011897537237419748
2025-12-09,EEM,-0.0005045916107886462
2025-12-10,EEM,-0.00028913273975756515
2025-12-11,EEM,-4.970903541370768e-05
2025-12-12,EEM,-0.0003052344912181297
2025-12-15,EEM,-5.572842544989599e-05
2025-12-16,EEM,-0.0001039212765202541
2025-12-17,EEM,-0.00014997151671591392
2025-12-18,EEM,-0.0001528062517558263
2025-12-19,EEM,-0.0003188136343511931
2025-12-22,EEM,-0.0006654173631962833
2025-12-23,EEM,-0.0006857479705987266
2025-12-24,EEM,0.0005754840687050537
2025-12-26,EEM,0.0006073089063898504
2025-12-29,EEM,0.0007699108233105405
2025-12-30,EEM,-7.737448467942509e-05
2025-12-31,EEM,0.00014127909229682062
2026-01-02,EEM,0.0004694310483928912
2026-01-05,EEM,0.0005627595778300445
2026-01-06,EEM,0.00010111460566816189
2026-01-07,EEM,0.00024187971715336788
2026-01-08,EEM,8.630231499744332e-05
2026-01-09,EEM,0.00015862078671612621
2026-01-12,EEM,3.8275496664512355e-05
2026-01-13,EEM,4.468886240239413e-05
2026-01-14,EEM,-0.0001206868566548958
2026-01-15,EEM,-5.15266037552519e-05
2026-01-16,EEM,-1.914330503351442e-05
2026-01-20,EEM,-1.7483691393090944e-05
2026-01-21,EEM,-1.7373608903566353e-05
2026-01-22,EEM,-0.00010748572672607682
2026-01-23,EEM,-0.0001697137391652579
2026-01-26,EEM,-7.20593368877713e-05
2026-01-27,EEM,-0.00021199998139863297
2026-01-28,EEM,-0.0001625860666556246
2026-01-29,EEM,-0.0001603043746343523
2025-10-31,TSLA,1.1326282730735279e-05
2025-11-03,TSLA,-5.0433196215713074e-05
2025-11-04,TSLA,2.4566558984013816e-05
2025-11-05,TSLA,2.3227914761098307e-05
2025-11-06,TSLA,-4.065980170093485e-05
2025-11-07,TSLA,-1.486266648979548e-06
2025-11-10,TSLA,-1.521778087489256e-05
2025-11-11,TSLA,-3.084742071737648e-05
2025-11-12,TSLA,-1.9925208353057036e-05
2025-11-13,TSLA,-3.6742740363542305e-05
2025-11-14,TSLA,-6.810326263089532e-07
2025-11-17,TSLA,-1.9388216316885477e-05
2025-11-18,TSLA,1.9367780896876143e-05
2025-11-19,TSLA,-3.394784971197127e-05
2025-11-20,TSLA,-6.164027327479033e-05
2025-11-21,TSLA,6.080418472324012e-06
2025-11-24,TSLA,1.7992210139182032e-05
2025-11-25,TSLA,2.6971897425187853e-05
2025-11-26,TSLA,3.84626885732339e-05
2025-11-28,TSLA,-2.3188603108141857e-05
2025-12-01,TSLA,2.706217700973048e-05
2025-12-02,TSLA,1.0466686840578655e-06
2025-12-03,TSLA,9.381209086882748e-06
2025-12-04,TSLA,4.430968541192201e-06
2025-12-05,TSLA,1.9288540404019055e-05
2025-12-08,TSLA,2.0312216162953942e-05
2025-12-09,TSLA,-1.9985220326224922e-05
2025-12-10,TSLA,1.8617832429929198e-05
2025-12-11,TSLA,-2.8362677127834123e-05
2025-12-12,TSLA,-3.367521497488366e-05
2025-12-15,TSLA,-2.3974614775126675e-05
2025-12-16,TSLA,-5.529770639863477e-05
2025-12-17,TSLA,-4.6621520795173025e-05
2025-12-18,TSLA,-2.225861573354624e-05
2025-12-19,TSLA,3.571772253920462e-05
2025-12-22,TSLA,1.4502841597037475e-05
2025-12-23,TSLA,-2.918441326728839e-05
2025-12-24,TSLA,2.7201192042378733e-06
2025-12-26,TSLA,-1.220816454161743e-07
2025-12-29,TSLA,2.4204911086305582e-05
2025-12-30,TSLA,2.9962050918103205e-05
2025-12-31,TSLA,9.655675493075749e-06
2026-01-02,TSLA,6.123109389670715e-05
2026-01-05,TSLA,-8.53521002573928e-06
2026-01-06,TSLA,1.92872661650246e-06
2026-01-07,TSLA,5.2974648922296714e-05
2026-01-08,TSLA,4.154968029395278e-05
2026-01-09,TSLA,5.982289719188618e-05
2026-01-12,TSLA,-2.2449875337465392e-05
2026-01-13,TSLA,1.3788701759056246e-05
2026-01-14,TSLA,3.6238007737477286e-05
2026-01-15,TSLA,-2.0798522688040886e-06
2026-01-16,TSLA,7.469135645821817e-06
2026-01-20,TSLA,3.7500025555706175e-05
2026-01-21,TSLA,1.5244941488064627e-05
2026-01-22,TSLA,6.879077856783945e-05
2026-01-23,TSLA,-4.179703111402697e-05
2026-01-26,TSLA,-4.098617980314913e-05
2026-01-27,TSLA,-5.038586594987311e-05
2026-01-28,TSLA,1.505220737491703e-05
2026-01-29,TSLA,6.906664640106851e-06
2025-10-31,MSFT,0.00014166864512292775
2025-11-03,MSFT,0.0007091124894886432
2025-11-04,MSFT,7.034170075695424e-05
2025-11-05,MSFT,3.6843798645173987e-06
2025-11-06,MSFT,7.240495116426116e-05
2025-11-07,MSFT,-2.9543724284370287e-05
2025-11-10,MSFT,0.00011321425605723609
2025-11-11,MSFT,-2.1108543155921304e-05
2025-11-12,MSFT,0.0002098681278499378
2025-11-13,MSFT,5.741828904739882e-05
2025-11-14,MSFT,0.00033379465890979277
2025-11-17,MSFT,0.0008155397794304598
2025-11-18,MSFT,7.703429013209239e-05
2025-11-19,MSFT,0.0005245969980256945
2025-11-20,MSFT,-6.71677747789884e-05
2025-11-21,MSFT,-0.0002306778061323921
2025-11-24,MSFT,-0.0003640448101252324
2025-11-25,MSFT,0.00016746993622810094
2025-11-26,MSFT,2.149496281485217e-05
2025-11-28,MSFT,0.0002634640015357396
2025-12-01,MSFT,0.00033580223855804876
2025-12-02,MSFT,-1.468533507162891e-05
2025-12-03,MSFT,0.0002927001441627264
2025-12-04,MSFT,3.097615444084567e-05
2025-12-05,MSFT,-0.0005763176834580988
2025-12-08,MSFT,-0.00036883639107015065
2025-12-09,MSFT,-0.00042505678465426153
2025-12-10,MSFT,-3.4459545802983074e-05
2025-12-11,MSFT,0.0002413153107734318
2025-12-12,MSFT,-2.8706495419858918e-05
2025-12-15,MSFT,-3.049096149535814e-05
2025-12-16,MSFT,-0.00047652612705885314
2025-12-17,MSFT,0.0004441805349894252
2025-12-18,MSFT,-0.00013640714507250266
2025-12-19,MSFT,-0.0003086360032980401
2025-12-22,MSFT,-0.0003014688775058797
2025-12-23,MSFT,0.0004374766439359178
2025-12-24,MSFT,0.0004406142302234064
2025-12-26,MSFT,0.0003307380041299978
2025-12-29,MSFT,0.0006458416848772756
2025-12-30,MSFT,0.0001092516929847817
2025-12-31,MSFT,0.0003655492058214608
2026-01-02,MSFT,0.0002440105453558591
2026-01-05,MSFT,0.002449068067244917
2026-01-06,MSFT,0.0022270483443118656
2026-01-07,MSFT,0.0012029248694089406
2026-01-08,MSFT,-3.518877947048043e-05
2026-01-09,MSFT,0.0002017861979825305
2026-01-12,MSFT,0.00030501961178758496
2026-01-13,MSFT,0.0001969515870423909
2026-01-14,MSFT,6.777520797075856e-05
2026-01-15,MSFT,0.00013549483249021834
2026-01-16,MSFT,0.00017053867270137724
2026-01-20,MSFT,0.0023977333355616128
2026-01-21,MSFT,0.0002094488062724531
2026-01-22,MSFT,1.6092191418199272e-05
2026-01-23,MSFT,0.0007776706422868699
2026-01-26,MSFT,-6.376798147986432e-05
2026-01-27,MSFT,2.0687645594114216e-07
2026-01-28,MSFT,-0.00031653338380886633
2026-01-29,MSFT,-0.0005046977264845339
2025-10-31,IWM,6.74742438837426e-05
2025-11-03,IWM,-0.00013657873006155585
2025-11-04,IWM,3.030993968047061e-05
2025-11-05,IWM,0.00010556067487095874
2025-11-06,IWM,-0.00017292492652770016
2025-11-07,IWM,-5.5504442705012246e-05
2025-11-10,IWM,2.5047302496756433e-05
2025-11-11,IWM,0.00021603917271290673
2025-11-12,IWM,-5.3259378101040426e-05
2025-11-13,IWM,-1.2423849736606468e-05
2025-11-14,IWM,1.9367240867684797e-07
2025-11-17,IWM,0.0002088797604385489
2025-11-18,IWM,3.9414832715584474e-05
2025-11-19,IWM,0.00010711987092680426
2025-11-20,IWM,-5.0353649375225146e-05
2025-11-21,IWM,-5.877654584236725e-05
2025-11-24,IWM,-8.344048741118868e-05
2025-11-25,IWM,-8.447771524001598e-06
2025-11-26,IWM,0.0001771746290664164
2025-11-28,IWM,4.6030544102294685e-05
2025-12-01,IWM,-6.792330621956227e-05
2025-12-02,IWM,-0.00012789298827341729
2025-12-03,IWM,4.0937561277613814e-05
2025-12-04,IWM,3.697667727904086e-05
2025-12-05,IWM,6.360259764070841e-05
2025-12-08,IWM,4.2536287774589986e-05
2025-12-09,IWM,0.00010880242123313491
2025-12-10,IWM,0.00029323266208761297
2025-12-11,IWM,-0.00011742074809603225
2025-12-12,IWM,-0.00012979410524084238
2025-12-15,IWM,-9.452405873647996e-05
2025-12-16,IWM,-0.00011987630274270405
2025-12-17,IWM,-0.00010703542099631305
2025-12-18,IWM,-3.8099458407393576e-05
2025-12-19,IWM,7.135048801499353e-05
2025-12-22,IWM,1.6788897872442323e-05
2025-12-23,IWM,-1.8565417641813984e-05
2025-12-24,IWM,-3.6577337475281355e-05
2025-12-26,IWM,-3.6324795101402015e-05
2025-12-29,IWM,0.00013856561106539078
2025-12-30,IWM,0.00014592138306581916
2025-12-31,IWM,2.978225023303736e-05
2026-01-02,IWM,0.00013164162463747024
2026-01-05,IWM,-9.801662855789787e-05
2026-01-06,IWM,4.864225678367862e-05
2026-01-07,IWM,-0.00044919695362343967
2026-01-08,IWM,0.0001753125271764767
2026-01-09,IWM,5.088000730898129e-05
2026-01-12,IWM,-1.7989705183687784e-05
2026-01-13,IWM,2.9643841461897737e-05
2026-01-14,IWM,-4.220662351406109e-05
2026-01-15,IWM,-0.00012334772915356256
2026-01-16,IWM,8.1412709313271e-05
2026-01-20,IWM,0.0001471045133011006
2026-01-21,IWM,6.420189028105426e-05
2026-01-22,IWM,4.2346338552626455e-05
2026-01-23,IWM,-7.984015391152562e-05
2026-01-26,IWM,-5.390577199699995e-05
2026-01-27,IWM,-1.223553957636933e-05
2026-01-28,IWM,-6.39089749236233e-05
2026-01-29,IWM,-0.00012021478765424002
2025-10-31,JPM,0.00012841624421754746
2025-11-03,JPM,-4.720639860393162e-05
2025-11-04,JPM,6.062523981651751e-05
2025-11-05,JPM,8.507581134813646e-05
2025-11-06,JPM,-5.559648190829079e-05
2025-11-07,JPM,-4.8655467745461044e-05
2025-11-10,JPM,0.00012556179935739343
2025-11-11,JPM,1.9666529677277663e-05
2025-11-12,JPM,-8.284480313310949e-05
2025-11-13,JPM,6.7905343507593234e-06
2025-11-14,JPM,-7.6034198167515865e-06
2025-11-17,JPM,0.0007970642042564091
2025-11-18,JPM,-7.629273058764566e-05
2025-11-19,JPM,-7.754424688450998e-05
2025-11-20,JPM,-0.0003479227235091216
2025-11-21,JPM,-0.000274130173858217
2025-11-24,JPM,-9.957962920411005e-05
2025-11-25,JPM,-2.2617484507716625e-05
2025-11-26,JPM,0.0002509575985402309
2025-11-28,JPM,3.9080348717440495e-05
2025-12-01,JPM,0.00012650009506592755
2025-12-02,JPM,0.0002579817685153197
2025-12-03,JPM,6.311406931985773e-05
2025-12-04,JPM,0.0001687830827078
2025-12-05,JPM,-0.00027975924096760695
2025-12-08,JPM,-6.0562579938925645e-05
2025-12-09,JPM,-2.436642170977214e-05
2025-12-10,JPM,0.0002675016006524372
2025-12-11,JPM,8.261165906879497e-05
2025-12-12,JPM,0.0005229559098073005
2025-12-15,JPM,-6.495819917331477e-05
2025-12-16,JPM,-3.829160325092642e-05
2025-12-17,JPM,-0.0001625903371852795
2025-12-18,JPM,-8.613428245868796e-05
2025-12-19,JPM,-0.00027554835439196475
2025-12-22,JPM,0.00014942304463501797
2025-12-23,JPM,-0.00018150954019821925
2025-12-24,JPM,-0.00021400736336949888
2025-12-26,JPM,-3.563583017972788e-05
2025-12-29,JPM,0.00011414767517994474
2025-12-30,JPM,-0.0001136177974038882
2025-12-31,JPM,-5.108627780390871e-05
2026-01-02,JPM,1.3973862295017748e-05
2026-01-05,JPM,0.00017606311910838454
2026-01-06,JPM,0.00021891281788489084
2026-01-07,JPM,-1.9411842752128107e-05
2026-01-08,JPM,1.804504070996195e-05
2026-01-09,JPM,0.0001519272704143636
2026-01-12,JPM,0.00012074367246597691
2026-01-13,JPM,0.00022913821693890766
2026-01-14,JPM,-8.32138548766783e-06
2026-01-15,JPM,0.00018333833063600798
2026-01-16,JPM,0.00024078316119436501
2026-01-20,JPM,6.332355369765965e-05
2026-01-21,JPM,9.542893754208686e-05
2026-01-22,JPM,0.00012832027983715604
2026-01-23,JPM,4.618312983714596e-05
2026-01-26,JPM,-5.895002904002309e-06
2026-01-27,JPM,1.1474685633481805e-05
2026-01-28,JPM,1.587486257013161e-05
2026-01-29,JPM,6.876739845894765e-05
2025-10-30,EURUSD=X,-9.869074531005614e-05
2025-10-31,EURUSD=X,0.00011830606066127535
2025-11-03,EURUSD=X,-2.30753499898372e-05
2025-11-04,EURUSD=X,-9.732125797522492e-05
2025-11-05,EURUSD=X,1.195044254273542e-05
2025-11-06,EURUSD=X,-0.0004010522269631033
2025-11-07,EURUSD=X,2.3656535171306446e-05
2025-11-10,EURUSD=X,-0.00012042246693127967
2025-11-11,EURUSD=X,-1.2034143248208275e-05
2025-11-12,EURUSD=X,0.00031339689780830987
2025-11-13,EURUSD=X,0.0002566169518331573
2025-11-14,EURUSD=X,-0.0002956198351681944
2025-11-17,EURUSD=X,2.5863214440532368e-05
2025-11-18,EURUSD=X,0.00023651948078831232
2025-11-19,EURUSD=X,0.0006212370549220898
2025-11-20,EURUSD=X,8.166066102457927e-05
2025-11-21,EURUSD=X,0.00029291052452834834
2025-11-24,EURUSD=X,0.0003011543836477816
2025-11-25,EURUSD=X,0.00022891409221430313
2025-11-26,EURUSD=X,0.00021432237994886742
2025-11-27,EURUSD=X,0.00021038644407716842
2025-11-28,EURUSD=X,7.298573447906073e-05
2025-12-01,EURUSD=X,0.00026435251435339487
2025-12-02,EURUSD=X,-0.00012732641610268438
2025-12-03,EURUSD=X,9.991328405260104e-05
2025-12-04,EURUSD=X,0.0001332890720051429
2025-12-05,EURUSD=X,0.00017613872442135157
2025-12-08,EURUSD=X,0.00011085007808284645
2025-12-09,EURUSD=X,0.00031088242074009577
2025-12-10,EURUSD=X,-9.869518623396525e-05
2025-12-11,EURUSD=X,0.0002129725597351953
2025-12-12,EURUSD=X,8.00897433477841e-05
2025-12-15,EURUSD=X,0.0003702277963899728
2025-12-16,EURUSD=X,-0.00035789440501122897
2025-12-17,EURUSD=X,-0.0005670966510175944
2025-12-18,EURUSD=X,0.00014343692396282513
2025-12-19,EURUSD=X,0.0006247629658018484
2025-12-22,EURUSD=X,0.00034108091550097425
2025-12-23,EURUSD=X,6.873762543726971e-05
2025-12-24,EURUSD=X,0.0003991635987921959
2025-12-26,EURUSD=X,3.977645296609056e-06
2025-12-29,EURUSD=X,5.7311524832228215e-05
2025-12-30,EURUSD=X,5.477453892105592e-05
2025-12-31,EURUSD=X,-0.0002080971428740218
2026-01-02,EURUSD=X,0.00036435316518537486
2026-01-05,EURUSD=X,5.2036041899804265e-05
2026-01-06,EURUSD=X,0.0005253549258967568
2026-01-07,EURUSD=X,0.00018300264176929822
2026-01-08,EURUSD=X,0.0003961853289398291
2026-01-09,EURUSD=X,0.00047343215386261886
2026-01-12,EURUSD=X,0.0007024868655663223
2026-01-13,EURUSD=X,0.00023840795230500647
2026-01-14,EURUSD=X,0.0003270702801172714
2026-01-15,EURUSD=X,0.00033845303080712595
2026-01-16,EURUSD=X,0.0003502708411857052
2026-01-19,EURUSD=X,0.00023045859060327823
2026-01-20,EURUSD=X,9.688475851273293e-06
2026-01-21,EURUSD=X,0.00041680141116894764
2026-01-22,EURUSD=X,0.0004268709960928894
2026-01-23,EURUSD=X,0.00027195547706347357
2026-01-26,EURUSD=X,0.0004728448487197963
2026-01-27,EURUSD=X,0.00029344265542070056
2026-01-28,EURUSD=X,0.0002767077958873912
2026-01-29,EURUSD=X,0.00019273808378176508
2025-10-31,QQQ,0.0005566621471343328
2025-11-03,QQQ,0.00010518649830804823
2025-11-04,QQQ,0.00023091223243137363
2025-11-05,QQQ,3.3781879339680526e-05
2025-11-06,QQQ,-0.00012303711490198966
2025-11-07,QQQ,-8.012818552564349e-05
2025-11-10,QQQ,5.605622881500716e-05
2025-11-11,QQQ,-9.83917286332395e-05
2025-11-12,QQQ,3.682509518786925e-05
2025-11-13,QQQ,0.00013353148696257318
2025-11-14,QQQ,0.00014578943255138974
2025-11-17,QQQ,0.0007210651407972142
2025-11-18,QQQ,0.0008815252469918859
2025-11-19,QQQ,0.000913942102851405
2025-11-20,QQQ,-0.0005999251966084219
2025-11-21,QQQ,-0.000413833378681815
2025-11-24,QQQ,-0.000248346119424917
2025-11-25,QQQ,-1.9929654192924538e-05
2025-11-26,QQQ,-0.0004189377839073188
2025-11-28,QQQ,0.00021012909419026361
2025-12-01,QQQ,0.00028678091699598044
2025-12-02,QQQ,0.00025191542437584996
2025-12-03,QQQ,0.00025329327239932215
2025-12-04,QQQ,0.0014256368948778336
2025-12-05,QQQ,-0.00012768167152480577
2025-12-08,QQQ,-0.00035579430180259056
2025-12-09,QQQ,-0.0003779905330164341
2025-12-10,QQQ,0.00019828099625760954
2025-12-11,QQQ,-2.3399636214814657e-05
2025-12-12,QQQ,-1.6762912087965948e-05
2025-12-15,QQQ,-6.625332889529897e-05
2025-12-16,QQQ,-0.00022952118352668343
2025-12-17,QQQ,-9.994947314048827e-06
2025-12-18,QQQ,1.513146578134239e-05
2025-12-19,QQQ,-0.00019570604429396834
2025-12-22,QQQ,7.225038630578691e-06
2025-12-23,QQQ,-0.0004043473778898938
2025-12-24,QQQ,1.370600022378836e-06
2025-12-26,QQQ,0.0005926819039912523
2025-12-29,QQQ,-4.53172620670729e-06
2025-12-30,QQQ,0.00021550325434671817
2025-12-31,QQQ,0.00010584329417114322
2026-01-02,QQQ,0.00022436495425495488
2026-01-05,QQQ,0.0002332962905386173
2026-01-06,QQQ,0.0004177236682841087
2026-01-07,QQQ,0.00027276888955738094
2026-01-08,QQQ,0.00010397490948651329
2026-01-09,QQQ,0.0002439394798254222
2026-01-12,QQQ,0.00013568594439542438
2026-01-13,QQQ,0.00011291064676103884
2026-01-14,QQQ,7.105876655397636e-05
2026-01-15,QQQ,2.1613679345105125e-05
2026-01-16,QQQ,-4.203895739304803e-05
2026-01-20,QQQ,0.00017909413715502524
2026-01-21,QQQ,8.383712243496717e-05
2026-01-22,QQQ,0.00010808336716121358
2026-01-23,QQQ,-3.8463226017310825e-05
2026-01-26,QQQ,-0.00011677980317170204
2026-01-27,QQQ,-0.00017974227018228062
2026-01-28,QQQ,-9.922407428221861e-05
2026-01-29,QQQ,-3.631906444379867e-05
2025-10-31,GLD,0.002650449627933914
2025-11-03,GLD,0.001120056412088546
2025-11-04,GLD,0.0008902412317644798
2025-11-05,GLD,0.0009112665365349912
2025-11-06,GLD,5.9011520069493575e-05
2025-11-07,GLD,0.001367023103556315
2025-11-10,GLD,0.0003539753875503926
2025-11-11,GLD,0.00018738889248744338
2025-11-12,GLD,-3.5311564252447596e-05
2025-11-13,GLD,-0.0005710345192305
2025-11-14,GLD,-0.0004632930223939849
2025-11-17,GLD,0.0004986477561560996
2025-11-18,GLD,8.139859607669284e-05
2025-11-19,GLD,-0.00124605180511546
2025-11-20,GLD,-0.0002518571073123325
2025-11-21,GLD,-0.0017689680182454755
2025-11-24,GLD,0.00033960769532091295
2025-11-25,GLD,0.0005779697743504299
2025-11-26,GLD,-1.8503666605173176e-05
2025-11-28,GLD,0.0011169971712549432
2025-12-01,GLD,-0.0016832921480474665
2025-12-02,GLD,-0.0012336749632022458
2025-12-03,GLD,-0.0005922120832905578
2025-12-04,GLD,-0.0015186685099170484
2025-12-05,GLD,-0.0004364249879499871
2025-12-08,GLD,0.0040510465573095475
2025-12-09,GLD,0.0022290642150772167
2025-12-10,GLD,0.0002117471772208201
2025-12-11,GLD,0.005173450165907815
2025-12-12,GLD,-0.001106891769938651
2025-12-15,GLD,-0.0009361515756506694
2025-12-16,GLD,-0.0006583577850135879
2025-12-17,GLD,-0.001252103492654278
2025-12-18,GLD,-0.0006993649046464061
2025-12-19,GLD,-0.00015507690074740866
2025-12-22,GLD,2.2123038355040137e-05
2025-12-23,GLD,-0.0004837338917724353
2025-12-24,GLD,-0.00013739479195430115
2025-12-26,GLD,-0.00038693374969776513
2025-12-29,GLD,0.0003516298870358528
2025-12-30,GLD,-0.0005473801019642374
2025-12-31,GLD,-0.00038262798221723644
2026-01-02,GLD,0.0010384826060557061
2026-01-05,GLD,0.0007477215221093612
2026-01-06,GLD,0.0014546423972817916
2026-01-07,GLD,0.0003781290810196684
2026-01-08,GLD,0.0009237494243987677
2026-01-09,GLD,-0.00020447913335901665
2026-01-12,GLD,0.00020044175456756326
2026-01-13,GLD,-0.0006836045928500499
2026-01-14,GLD,-0.0022702742466331706
2026-01-15,GLD,3.46766808301602e-05
2026-01-16,GLD,-0.000931487367828973
2026-01-20,GLD,-0.0006677975144147152
2026-01-21,GLD,-4.905607990039221e-05
2026-01-22,GLD,-4.7786868928865e-05
2026-01-23,GLD,-6.271466604853655e-05
2026-01-26,GLD,-0.0001146109760661359
2026-01-27,GLD,-0.00031835385092659867
2026-01-28,GLD,-0.00039255885576572656
2026-01-29,GLD,-0.0011333522095223361
2025-10-31,NVDA,3.776518370107764e-05
2025-11-03,NVDA,0.0003767133342541539
2025-11-04,NVDA,0.00010247688948695505
2025-11-05,NVDA,6.652996894370703e-05
2025-11-06,NVDA,3.19191589985673e-05
2025-11-07,NVDA,0.00013750578511170366
2025-11-10,NVDA,0.00028600878707488143
2025-11-11,NVDA,5.9397315820707654e-05
2025-11-12,NVDA,-1.619118144348608e-05
2025-11-13,NVDA,1.0429371653157988e-05
2025-11-14,NVDA,0.00012140358254121583
2025-11-17,NVDA,3.6017423816945756e-05
2025-11-18,NVDA,0.00011167472611710447
2025-11-19,NVDA,-1.2906336168796403e-05
2025-11-20,NVDA,-4.7734394325488394e-05
2025-11-21,NVDA,-0.00023929989130452563
2025-11-24,NVDA,-0.00012872538886174098
2025-11-25,NVDA,6.349758243745743e-05
2025-11-26,NVDA,1.7485340494358213e-05
2025-11-28,NVDA,4.396155572885809e-05
2025-12-01,NVDA,0.00015185613058554936
2025-12-02,NVDA,8.540542731356841e-05
2025-12-03,NVDA,5.972563434306752e-05
2025-12-04,NVDA,-3.957751620286811e-06
2025-12-05,NVDA,-0.00014613065343083785
2025-12-08,NVDA,-0.00012461150922302839
2025-12-09,NVDA,-0.00017974081882794846
2025-12-10,NVDA,-2.6433558999444135e-05
2025-12-11,NVDA,1.718967207334181e-05
2025-12-12,NVDA,-2.6981217079058787e-05
2025-12-15,NVDA,-0.00010008497417563781
2025-12-16,NVDA,-0.0003815111602429419
2025-12-17,NVDA,3.572950216324607e-05
2025-12-18,NVDA,1.0187339354898927e-05
2025-12-19,NVDA,-0.00014069213744661321
2025-12-22,NVDA,-7.217135525046313e-05
2025-12-23,NVDA,-0.0003990786658728867
2025-12-24,NVDA,-4.97113402091531e-05
2025-12-26,NVDA,3.9332811121947856e-05
2025-12-29,NVDA,-9.498068835534662e-05
2025-12-30,NVDA,2.6157856276427765e-06
2025-12-31,NVDA,1.193407225241178e-05
2026-01-02,NVDA,-9.963620671774988e-06
2026-01-05,NVDA,2.5822657461743055e-05
2026-01-06,NVDA,-2.5977641234865654e-05
2026-01-07,NVDA,9.99092533050915e-05
2026-01-08,NVDA,1.9405370602281998e-05
2026-01-09,NVDA,3.196671964531344e-05
2026-01-12,NVDA,0.0002947870430969316
2026-01-13,NVDA,0.0002957572441310313
2026-01-14,NVDA,3.775609778762605e-05
2026-01-15,NVDA,1.1352931100640239e-05
2026-01-16,NVDA,-0.00012151153304287188
2026-01-20,NVDA,0.00030506221283377284
2026-01-21,NVDA,-2.5589232682507246e-05
2026-01-22,NVDA,4.259427857382774e-05
2026-01-23,NVDA,-1.816029907071518e-05
2026-01-26,NVDA,-4.968913584371289e-05
2026-01-27,NVDA,2.4144162838628786e-05
2026-01-28,NVDA,1.1236277958002198e-05
2026-01-29,NVDA,0.0004968397247882014
2025-10-30,GBPUSD=X,4.183561665203187e-05
2025-10-31,GBPUSD=X,0.0001012343222546778
2025-11-03,GBPUSD=X,0.000362584330148832
2025-11-04,GBPUSD=X,-5.4878875161330285e-05
2025-11-05,GBPUSD=X,0.0004930805122215213
2025-11-06,GBPUSD=X,-0.00046773031823864504
2025-11-07,GBPUSD=X,0.0011059132580240646
2025-11-10,GBPUSD=X,0.00040812449126824326
2025-11-11,GBPUSD=X,0.0002884826745539398
2025-11-12,GBPUSD=X,0.00044663869152920295
2025-11-13,GBPUSD=X,0.0004057115599016157
2025-11-14,GBPUSD=X,0.00013834351784715806
2025-11-17,GBPUSD=X,0.00028736365154368105
2025-11-18,GBPUSD=X,0.001002149841329553
2025-11-19,GBPUSD=X,0.0007385226836363043
2025-11-20,GBPUSD=X,9.980411737396574e-05
2025-11-21,GBPUSD=X,-0.00015612515154034398
2025-11-24,GBPUSD=X,0.0005538493469585573
2025-11-25,GBPUSD=X,7.585974589945893e-05
2025-11-26,GBPUSD=X,0.0004966327194241767
2025-11-27,GBPUSD=X,9.010955534909024e-06
2025-11-28,GBPUSD=X,-0.00013472279536247224
2025-12-01,GBPUSD=X,0.0004290272562100276
2025-12-02,GBPUSD=X,-0.0004030555548452077
2025-12-03,GBPUSD=X,-0.0002179104746287396
2025-12-04,GBPUSD=X,0.00035166518474477425
2025-12-05,GBPUSD=X,-0.00048658911411797283
2025-12-08,GBPUSD=X,0.00024008094176056712
2025-12-09,GBPUSD=X,0.0004256850891120301
2025-12-10,GBPUSD=X,-0.0003151416081717585
2025-12-11,GBPUSD=X,0.0005618993270408595
2025-12-12,GBPUSD=X,0.0002242518085370304
2025-12-15,GBPUSD=X,0.0007222151891064262
2025-12-16,GBPUSD=X,0.0003458988760804549
2025-12-17,GBPUSD=X,-0.00011153840053724484
2025-12-18,GBPUSD=X,0.00020550160242396986
2025-12-19,GBPUSD=X,0.0006506546422627219
2025-12-22,GBPUSD=X,0.0005228964053627763
2025-12-23,GBPUSD=X,0.0002488712727369397
2025-12-24,GBPUSD=X,0.0003712754083801547
2025-12-26,GBPUSD=X,0.00010402324164560372
2025-12-29,GBPUSD=X,0.0003012086399436313
2025-12-30,GBPUSD=X,0.0003367493659581406
2025-12-31,GBPUSD=X,7.09540557029616e-05
2026-01-02,GBPUSD=X,0.00024184668029669985
2026-01-05,GBPUSD=X,7.724977837965372e-05
2026-01-06,GBPUSD=X,0.00016665582752858484
2026-01-07,GBPUSD=X,0.00015413198523912252
2026-01-08,GBPUSD=X,-0.00031604034208746254
2026-01-09,GBPUSD=X,0.00027999335781737764
2026-01-12,GBPUSD=X,0.0006029100229330499
2026-01-13,GBPUSD=X,-0.00028755748283325507
2026-01-14,GBPUSD=X,-4.4234536905015303e-05
2026-01-15,GBPUSD=X,0.00018764616968742695
2026-01-16,GBPUSD=X,-0.0004247051273410382
2026-01-19,GBPUSD=X,-5.6096195995565114e-05
2026-01-20,GBPUSD=X,-0.0003193042425848924
2026-01-21,GBPUSD=X,-2.4655802097979585e-05
2026-01-22,GBPUSD=X,0.0004089322669340228
2026-01-23,GBPUSD=X,-2.2897124203352462e-05
2026-01-26,GBPUSD=X,0.00023699894061577102
2026-01-27,GBPUSD=X,0.000527084652057032
2026-01-28,GBPUSD=X,-0.0019721890863936813
2026-01-29,GBPUSD=X,-0.00046315360047196344
2025-10-31,AAPL,3.135637579230618e-05
2025-11-03,AAPL,-6.332042026721016e-05
2025-11-04,AAPL,1.7495399082022008e-05
2025-11-05,AAPL,-9.973360980631057e-07
2025-11-06,AAPL,-4.062100574247352e-05
2025-11-07,AAPL,8.927248184803617e-06
2025-11-10,AAPL,8.205890235295778e-06
2025-11-11,AAPL,-5.1244101780399476e-05
2025-11-12,AAPL,-6.402446089834165e-05
2025-11-13,AAPL,6.130455902776641e-06
2025-11-14,AAPL,5.572916582142751e-05
2025-11-17,AAPL,3.176620188107407e-05
2025-11-18,AAPL,-0.00010717505782625808
2025-11-19,AAPL,5.079138078264631e-05
2025-11-20,AAPL,-2.4176540582574046e-06
2025-11-21,AAPL,-4.421233157176895e-05
2025-11-24,AAPL,-6.799838333850134e-05
2025-11-25,AAPL,-0.00010088067138366344
2025-11-26,AAPL,4.1768864627547656e-05
2025-11-28,AAPL,6.25044799100353e-05
2025-12-01,AAPL,1.182997596220419e-05
2025-12-02,AAPL,1.9354666682157083e-05
2025-12-03,AAPL,7.648340654825403e-05
2025-12-04,AAPL,0.00015003854376680046
2025-12-05,AAPL,0.0001182723044550556
2025-12-08,AAPL,6.065166714725028e-05
2025-12-09,AAPL,5.808383381855052e-05
2025-12-10,AAPL,8.2229302738349e-06
2025-12-11,AAPL,2.1375881458579975e-06
2025-12-12,AAPL,2.041670391085224e-05
2025-12-15,AAPL,-4.293975196370735e-05
2025-12-16,AAPL,-1.700244176360869e-05
2025-12-17,AAPL,8.072043298998994e-06
2025-12-18,AAPL,-4.5116429850859e-05
2025-12-19,AAPL,-7.547788972386093e-05
2025-12-22,AAPL,-6.95618583069201e-05
2025-12-23,AAPL,-5.291625933877096e-05
2025-12-24,AAPL,1.3191032627689306e-05
2025-12-26,AAPL,1.036054482068761e-05
2025-12-29,AAPL,-2.5445702263732363e-05
2025-12-30,AAPL,5.715132049366379e-06
2025-12-31,AAPL,-7.626628691223047e-05
2026-01-02,AAPL,-4.080620567640034e-05
2026-01-05,AAPL,-9.472797915166768e-05
2026-01-06,AAPL,4.9868926500737856e-05
2026-01-07,AAPL,0.00014975871991594915
2026-01-08,AAPL,6.96403596488016e-05
2026-01-09,AAPL,1.4348820633086834e-06
2026-01-12,AAPL,3.116839913175307e-05
2026-01-13,AAPL,-8.282492436914563e-05
2026-01-14,AAPL,6.143263645285681e-05
2026-01-15,AAPL,-9.097410509934507e-05
2026-01-16,AAPL,5.936877880710583e-05
2026-01-20,AAPL,0.00017855246041568575
2026-01-21,AAPL,0.00011109630902135602
2026-01-22,AAPL,0.00014156307938599242
2026-01-23,AAPL,-7.093951143268556e-05
2026-01-26,AAPL,-3.829528579342048e-05
2026-01-27,AAPL,-1.0969268402215219e-05
2026-01-28,AAPL,-4.355674999415979e-05
2026-01-29,AAPL,0.00012589929554674963
2025-10-30,USDINR=X,-0.00044419580598325516
2025-10-31,USDINR=X,0.0004568111286579831
2025-11-03,USDINR=X,-0.00016210398028905702
2025-11-04,USDINR=X,0.0005214677752164961
2025-11-05,USDINR=X,0.00026060030393282584
2025-11-06,USDINR=X,0.0009617569337595755
2025-11-07,USDINR=X,-0.00025729254533089356
2025-11-10,USDINR=X,-0.0003028360891548369
2025-11-11,USDINR=X,0.00030324491897644164
2025-11-12,USDINR=X,-0.00011840223365356833
2025-11-13,USDINR=X,0.00011321953366358685
2025-11-14,USDINR=X,-7.924163485676682e-05
2025-11-17,USDINR=X,-6.158718176060497e-05
2025-11-18,USDINR=X,-0.0001830102703031297
2025-11-19,USDINR=X,-0.00020252696219703246
2025-11-20,USDINR=X,0.00023178106053174126
2025-11-21,USDINR=X,0.00042755521292053546
2025-11-24,USDINR=X,-0.004670154533834
2025-11-25,USDINR=X,0.0005314421574679137
2025-11-26,USDINR=X,0.0016615703835991215
2025-11-27,USDINR=X,4.697698713750045e-05
2025-11-28,USDINR=X,-0.0010038420939685385
2025-12-01,USDINR=X,0.00034836763634791
2025-12-02,USDINR=X,-0.006640327167532092
2025-12-03,USDINR=X,-0.00043273607340417133
2025-12-04,USDINR=X,0.0040051801046013654
2025-12-05,USDINR=X,0.00016774264498702472
2025-12-08,USDINR=X,0.0006631039602776165
2025-12-09,USDINR=X,0.0003311365443391443
2025-12-10,USDINR=X,0.006501448422481346
2025-12-11,USDINR=X,-0.00024293145780774394
2025-12-12,USDINR=X,-9.484747492779828e-06
2025-12-15,USDINR=X,0.0011375112682067584
2025-12-16,USDINR=X,0.00010878370563797282
2025-12-17,USDINR=X,0.00064575265703969
2025-12-18,USDINR=X,0.0012002991269049357
2025-12-19,USDINR=X,8.603026169676456e-05
2025-12-22,USDINR=X,0.0007726242221142269
2025-12-23,USDINR=X,0.001433310188394327
2025-12-24,USDINR=X,0.00172893638586102
2025-12-26,USDINR=X,0.0009756814010591164
2025-12-29,USDINR=X,-0.00033241009007789425
2025-12-30,USDINR=X,-0.0003543036754127898
2025-12-31,USDINR=X,-0.0004200006244854183
2026-01-02,USDINR=X,0.0007459871447359555
2026-01-05,USDINR=X,-0.0028987732345218463
2026-01-06,USDINR=X,0.0007695894758888468
2026-01-07,USDINR=X,0.00023262342205408452
2026-01-08,USDINR=X,0.000584200324231949
2026-01-09,USDINR=X,-0.0011264932799421449
2026-01-12,USDINR=X,-0.0005706412039276268
2026-01-13,USDINR=X,0.0004292143300817664
2026-01-14,USDINR=X,-0.00039024460690259777
2026-01-15,USDINR=X,9.450859787682991e-05
2026-01-16,USDINR=X,9.02062789451716e-05
2026-01-19,USDINR=X,0.0008801985652207227
2026-01-20,USDINR=X,2.9962463470070206e-05
2026-01-21,USDINR=X,0.00017156449408373933
2026-01-22,USDINR=X,0.00016374267575392675
2026-01-23,USDINR=X,-0.00010618127668429572
2026-01-26,USDINR=X,-8.393883194641183e-05
2026-01-27,USDINR=X,0.0008381981897141554
2026-01-28,USDINR=X,-0.00010165806420640583
2026-01-29,USDINR=X,0.00046433781468596
2025-10-31,GOOGL,-0.0001655624456652379
2025-11-03,GOOGL,-0.0009304547546130885
2025-11-04,GOOGL,0.00028201780696400123
2025-11-05,GOOGL,0.0006199260738752613
2025-11-06,GOOGL,-0.0005858825870243224
2025-11-07,GOOGL,4.0088391015784374e-05
2025-11-10,GOOGL,-0.0003612627718329174
2025-11-11,GOOGL,0.0007098629886097027
2025-11-12,GOOGL,0.000981299428061525
2025-11-13,GOOGL,0.0008520250319419732
2025-11-14,GOOGL,-0.00027358629905913356
2025-11-17,GOOGL,0.0006753102669353265
2025-11-18,GOOGL,0.0004587010870891926
2025-11-19,GOOGL,0.00027067233793093694
2025-11-20,GOOGL,-0.00046785565031258903
2025-11-21,GOOGL,-0.0005197255869595272
2025-11-24,GOOGL,-0.0005582764265267341
2025-11-25,GOOGL,-0.0005680734543103327
2025-11-26,GOOGL,-7.873284396280549e-05
2025-11-28,GOOGL,0.0005549233606777985
2025-12-01,GOOGL,0.0007989427535853568
2025-12-02,GOOGL,-0.00013760300744115086
2025-12-03,GOOGL,-0.00145086286505949
2025-12-04,GOOGL,0.00017340065170870245
2025-12-05,GOOGL,-0.001965251428113447
2025-12-08,GOOGL,-0.0011975506472289438
2025-12-09,GOOGL,-0.0007425041360281643
2025-12-10,GOOGL,-2.7075542254282044e-06
2025-12-11,GOOGL,-0.0010363714467558744
2025-12-12,GOOGL,0.0010469347892410486
2025-12-15,GOOGL,0.0005097733608251903
2025-12-16,GOOGL,-0.00032364310430300545
2025-12-17,GOOGL,9.52984097458938e-05
2025-12-18,GOOGL,-0.000737369948078383
2025-12-19,GOOGL,-0.000911369124605838
2025-12-22,GOOGL,0.0006225889401742077
2025-12-23,GOOGL,0.00043321630779685896
2025-12-24,GOOGL,-0.0012240672931770327
2025-12-26,GOOGL,-0.001172657698462966
2025-12-29,GOOGL,-0.0007649213700048771
2025-12-30,GOOGL,-0.00022709972925347358
2025-12-31,GOOGL,-0.0007911252463933498
2026-01-02,GOOGL,-0.0002659826648979069
2026-01-05,GOOGL,0.0008567239741644371
2026-01-06,GOOGL,1.81567931404016e-06
2026-01-07,GOOGL,-0.00040765367797656525
2026-01-08,GOOGL,0.0020257421695763743
2026-01-09,GOOGL,-0.0005220253325402556
2026-01-12,GOOGL,4.1251412016203173e-05
2026-01-13,GOOGL,-0.00010237101304141746
2026-01-14,GOOGL,-0.0002552885225356247
2026-01-15,GOOGL,-0.0035782106677963413
2026-01-16,GOOGL,-0.00020761683802448456
2026-01-20,GOOGL,0.001020692412207229
2026-01-21,GOOGL,0.0018630097442432017
2026-01-22,GOOGL,0.000369549152646817
2026-01-23,GOOGL,-0.0008567267812760841
2026-01-26,GOOGL,-0.00020853991043735714
2026-01-27,GOOGL,-4.8671157859922984e-05
2026-01-28,GOOGL,-0.00017703143698509217
2026-01-29,GOOGL,0.00024588817731018166
2025-10-30,USDJPY=X,0.00018702748661787535
2025-10-31,USDJPY=X,0.0004031880862936477
2025-11-03,USDJPY=X,8.27111704960826e-05
2025-11-04,USDJPY=X,0.00010866731651459349
2025-11-05,USDJPY=X,0.00011198668557768813
2025-11-06,USDJPY=X,0.00022688978851661675
2025-11-07,USDJPY=X,7.204182859573712e-05
2025-11-10,USDJPY=X,-5.84928585994634e-05
2025-11-11,USDJPY=X,-0.0001579714718011807
2025-11-12,USDJPY=X,0.00011360319134296276
2025-11-13,USDJPY=X,-0.00030435808019901753
2025-11-14,USDJPY=X,-9.371088648342369e-05
2025-11-17,USDJPY=X,0.0002857933655763968
2025-11-18,USDJPY=X,-9.833410315450825e-06
2025-11-19,USDJPY=X,0.00015605960350058098
2025-11-20,USDJPY=X,0.00015489533383281927
2025-11-21,USDJPY=X,3.682790183363473e-05
2025-11-24,USDJPY=X,-0.00023600937673480036
2025-11-25,USDJPY=X,-0.00027457508248575406
2025-11-26,USDJPY=X,0.0001792230676365585
2025-11-27,USDJPY=X,-2.70702674909705e-05
2025-11-28,USDJPY=X,-0.0001543290262170154
2025-12-01,USDJPY=X,0.00012835506198656887
2025-12-02,USDJPY=X,-1.6616834422489263e-05
2025-12-03,USDJPY=X,0.00024636026802064685
2025-12-04,USDJPY=X,2.052471513513948e-05
2025-12-05,USDJPY=X,4.8442792138044254e-05
2025-12-08,USDJPY=X,0.00020174202187055737
2025-12-09,USDJPY=X,-0.00025128162728469127
2025-12-10,USDJPY=X,0.0004842373809680835
2025-12-11,USDJPY=X,-4.587123530758197e-05
2025-12-12,USDJPY=X,4.9444009373889695e-05
2025-12-15,USDJPY=X,0.0002047302700873591
2025-12-16,USDJPY=X,7.81136559225846e-05
2025-12-17,USDJPY=X,-0.00036236331389671877
2025-12-18,USDJPY=X,-0.00028091198922159684
2025-12-19,USDJPY=X,-0.0002789732167983803
2025-12-22,USDJPY=X,5.9326087226906874e-06
2025-12-23,USDJPY=X,-0.00014932508743902595
2025-12-24,USDJPY=X,5.6218400492051124e-06
2025-12-26,USDJPY=X,0.00029565635874721313
2025-12-29,USDJPY=X,0.0003333428590765257
2025-12-30,USDJPY=X,-0.00019346471323256637
2025-12-31,USDJPY=X,-2.3914010926166834e-06
2026-01-02,USDJPY=X,-0.00022946775781933765
2026-01-05,USDJPY=X,-4.6586547400380426e-05
2026-01-06,USDJPY=X,-7.471237686624101e-06
2026-01-07,USDJPY=X,0.00013588227180959733
2026-01-08,USDJPY=X,0.0001172747628832628
2026-01-09,USDJPY=X,-0.0001569208257919804
2026-01-12,USDJPY=X,8.199489028792104e-05
2026-01-13,USDJPY=X,0.00024021719778470873
2026-01-14,USDJPY=X,-0.0002237276971896308
2026-01-15,USDJPY=X,0.0001251003597695063
2026-01-16,USDJPY=X,-1.5593475643472418e-05
2026-01-19,USDJPY=X,0.0002742445479619383
2026-01-20,USDJPY=X,6.507731670509031e-05
2026-01-21,USDJPY=X,-0.0003815875536902133
2026-01-22,USDJPY=X,-0.00022101837016376739
2026-01-23,USDJPY=X,0.00040501098606015933
2026-01-26,USDJPY=X,0.0001813016205002995
2026-01-27,USDJPY=X,5.0188650828741724e-05
2026-01-28,USDJPY=X,0.0003558867748767758
2026-01-29,USDJPY=X,0.0003963050683598568
2025-11-06,RELIANCE.NS,8.54086037637954e-05
2025-11-07,RELIANCE.NS,0.00035144859977707173
2025-11-10,RELIANCE.NS,1.8394449031191065e-05
2025-11-11,RELIANCE.NS,7.537131286326455e-05
2025-11-12,RELIANCE.NS,0.00023279432015629444
2025-11-13,RELIANCE.NS,0.0002510759814279315
2025-11-14,RELIANCE.NS,8.261150234232812e-05
2025-11-17,RELIANCE.NS,0.00017849156379178948
2025-11-18,RELIANCE.NS,0.00010378107253180026
2025-11-19,RELIANCE.NS,0.0002053657351266844
2025-11-20,RELIANCE.NS,0.00012941276034891176
2025-11-21,RELIANCE.NS,0.0001705003982419277
2025-11-24,RELIANCE.NS,0.0001928843671931328
2025-11-25,RELIANCE.NS,6.240044223342295e-05
2025-11-26,RELIANCE.NS,0.0001345261459281773
2025-11-27,RELIANCE.NS,3.51468516694217e-05
2025-11-28,RELIANCE.NS,0.00018833616179249696
2025-12-01,RELIANCE.NS,0.00015526897954662731
2025-12-02,RELIANCE.NS,0.0002026117926234614
2025-12-03,RELIANCE.NS,0.00024895239023317275
2025-12-04,RELIANCE.NS,5.242045571244391e-05
2025-12-05,RELIANCE.NS,0.00020571914554727897
2025-12-08,RELIANCE.NS,0.00024589517695954146
2025-12-09,RELIANCE.NS,8.196677313803204e-05
2025-12-10,RELIANCE.NS,7.03910536525147e-05
2025-12-11,RELIANCE.NS,0.0002505519607303429
2025-12-12,RELIANCE.NS,8.360915452704782e-05
2025-12-15,RELIANCE.NS,-2.831364388958442e-05
2025-12-16,RELIANCE.NS,3.687851484677931e-06
2025-12-17,RELIANCE.NS,0.00010224083493776096
2025-12-18,RELIANCE.NS,0.00032561478756010427
2025-12-19,RELIANCE.NS,8.554149263163136e-05
2025-12-22,RELIANCE.NS,0.00014214227716869093
2025-12-23,RELIANCE.NS,0.0002118441672926889
2025-12-24,RELIANCE.NS,0.00010137483223973134
2025-12-26,RELIANCE.NS,-1.1449674248599481e-05
2025-12-29,RELIANCE.NS,0.0001683469979424189
2025-12-30,RELIANCE.NS,-4.394160279497167e-06
2025-12-31,RELIANCE.NS,0.00017627285938841156
2026-01-01,RELIANCE.NS,-5.0542259777280265e-05
2026-01-02,RELIANCE.NS,3.5518698823780406e-05
2026-01-05,RELIANCE.NS,0.00015723998780100429
2026-01-06,RELIANCE.NS,-3.5670390560450255e-05
2026-01-07,RELIANCE.NS,0.0002808996587594016
2026-01-08,RELIANCE.NS,0.0004942816093874346
2026-01-09,RELIANCE.NS,0.00016001075970107625
2026-01-12,RELIANCE.NS,0.00013192463076767234
2026-01-13,RELIANCE.NS,-3.318594776172667e-05
2026-01-14,RELIANCE.NS,-0.00019380354006869047
2026-01-15,RELIANCE.NS,-0.0001592545546467443
2026-01-16,RELIANCE.NS,-7.069619049086304e-05
2026-01-19,RELIANCE.NS,0.00029520084210423256
2026-01-20,RELIANCE.NS,0.0002269002121851511
2026-01-21,RELIANCE.NS,0.00037127264301113074
2026-01-22,RELIANCE.NS,0.00027658145543695646
2026-01-23,RELIANCE.NS,4.433505276742568e-05
2026-01-27,RELIANCE.NS,0.00016492824214716707
2026-01-28,RELIANCE.NS,0.00013137389087302062
2026-01-29,RELIANCE.NS,-5.9761699420184664e-05
2025-11-06,HDFCBANK.NS,-0.0003065924944883575
2025-11-07,HDFCBANK.NS,0.00014110840948842722
2025-11-10,HDFCBANK.NS,-0.00012069992334475835
2025-11-11,HDFCBANK.NS,8.2610718566889e-05
2025-11-12,HDFCBANK.NS,2.0696011533619057e-05
2025-11-13,HDFCBANK.NS,1.8491766257213706e-05
2025-11-14,HDFCBANK.NS,0.0002480224618163257
2025-11-17,HDFCBANK.NS,0.0002518111819270962
2025-11-18,HDFCBANK.NS,8.657731616812777e-05
2025-11-19,HDFCBANK.NS,0.0002947492378317451
2025-11-20,HDFCBANK.NS,0.00023625597918191035
2025-11-21,HDFCBANK.NS,-2.7812784181354093e-05
2025-11-24,HDFCBANK.NS,0.00017307492984602193
2025-11-25,HDFCBANK.NS,0.00015784733343162562
2025-11-26,HDFCBANK.NS,0.00021423203818642342
2025-11-27,HDFCBANK.NS,5.029861448884375e-05
2025-11-28,HDFCBANK.NS,4.3646935369954975e-05
2025-12-01,HDFCBANK.NS,0.00011964670152129423
2025-12-02,HDFCBANK.NS,0.00012745247980665804
2025-12-03,HDFCBANK.NS,1.1335946738691967e-05
2025-12-04,HDFCBANK.NS,7.807465684094838e-05
2025-12-05,HDFCBANK.NS,0.00017126885128904666
2025-12-08,HDFCBANK.NS,0.0002412123256083429
2025-12-09,HDFCBANK.NS,-5.552492193052953e-05
2025-12-10,HDFCBANK.NS,-5.111460379464956e-05
2025-12-11,HDFCBANK.NS,-2.6801892437868417e-05
2025-12-12,HDFCBANK.NS,7.488466404962068e-05
2025-12-15,HDFCBANK.NS,-4.702518018632445e-05
2025-12-16,HDFCBANK.NS,0.00011446998570831534
2025-12-17,HDFCBANK.NS,7.171749065119967e-05
2025-12-18,HDFCBANK.NS,-1.8183267230062055e-05
2025-12-19,HDFCBANK.NS,0.0001632234158087712
2025-12-22,HDFCBANK.NS,-5.381520872441097e-05
2025-12-23,HDFCBANK.NS,0.00012660615537519074
2025-12-24,HDFCBANK.NS,8.499307606681577e-05
2025-12-26,HDFCBANK.NS,-2.2583564300658437e-05
2025-12-29,HDFCBANK.NS,0.00014405032705996234
2025-12-30,HDFCBANK.NS,-4.360651515588594e-06
2025-12-31,HDFCBANK.NS,0.0001950052834683897
2026-01-01,HDFCBANK.NS,0.00014304037232631682
2026-01-02,HDFCBANK.NS,9.56235634748654e-05
2026-01-05,HDFCBANK.NS,-2.2816290937190615e-05
2026-01-06,HDFCBANK.NS,6.198800490691655e-05
2026-01-07,HDFCBANK.NS,0.00022772985844479664
2026-01-08,HDFCBANK.NS,0.00020404783747396708
2026-01-09,HDFCBANK.NS,0.00015990591852765767
2026-01-12,HDFCBANK.NS,1.6515798491117722e-05
2026-01-13,HDFCBANK.NS,-9.676710351557201e-05
2026-01-14,HDFCBANK.NS,-0.0003516732007262459
2026-01-15,HDFCBANK.NS,3.3688699414975866e-05
2026-01-16,HDFCBANK.NS,0.00020161134914639545
2026-01-19,HDFCBANK.NS,0.0004608378233572757
2026-01-20,HDFCBANK.NS,0.00031126544265868284
2026-01-21,HDFCBANK.NS,0.00024373976707312792
2026-01-22,HDFCBANK.NS,0.0003981268931616858
2026-01-23,HDFCBANK.NS,0.0003004199368777795
2026-01-27,HDFCBANK.NS,0.00021587013960586135
2026-01-28,HDFCBANK.NS,0.00017966324429951393
2026-01-29,HDFCBANK.NS,-8.724195357450012e-05
2025-10-31,META,5.362877767646455e-05
2025-11-03,META,5.326441841784516e-05
2025-11-04,META,0.0002980971892656394
2025-11-05,META,1.9330493022982774e-05
2025-11-06,META,-5.175043171414619e-05
2025-11-07,META,-5.917187923696798e-05
2025-11-10,META,-1.606071454496131e-05
2025-11-11,META,-1.8498703095868423e-05
2025-11-12,META,6.550229937376616e-05
2025-11-13,META,-5.366494460493358e-06
2025-11-14,META,8.407654858416772e-05
2025-11-17,META,6.475328477461517e-05
2025-11-18,META,0.00010051912278621042
2025-11-19,META,-4.991425139862799e-05
2025-11-20,META,0.0003727234049857663
2025-11-21,META,-2.0405340816975474e-05
2025-11-24,META,-4.65076159384259e-05
2025-11-25,META,-5.3605330582859345e-05
2025-11-26,META,5.0077442647825195e-05
2025-11-28,META,-5.874151878456324e-05
2025-12-01,META,-0.00011157567828485179
2025-12-02,META,-9.3655311024488e-06
2025-12-03,META,7.339866792706251e-05
2025-12-04,META,6.428564661017239e-05
2025-12-05,META,-4.401396478202032e-05
2025-12-08,META,-4.2319432866520994e-05
2025-12-09,META,-9.591460125758708e-05
2025-12-10,META,-8.032607895047835e-05
2025-12-11,META,8.030237292702085e-05
2025-12-12,META,2.6472615920451634e-05
2025-12-15,META,-3.635356861220984e-05
2025-12-16,META,-1.0348535448995457e-05
2025-12-17,META,-7.44986923442029e-05
2025-12-18,META,-7.644480737703661e-05
2025-12-19,META,-0.00026105008374027
2025-12-22,META,-6.311775964750153e-05
2025-12-23,META,-2.7248132443689947e-05
2025-12-24,META,-1.610528008172537e-05
2025-12-26,META,2.9414126704830723e-05
2025-12-29,META,5.8067669719243155e-05
2025-12-30,META,0.00016814105230803585
2025-12-31,META,3.636859454045146e-05
2026-01-02,META,0.00013350729160442086
2026-01-05,META,5.752864947589003e-05
2026-01-06,META,0.00012808058891447408
2026-01-07,META,0.00021796296089573468
2026-01-08,META,0.00020261271953989071
2026-01-09,META,0.0006406130412691584
2026-01-12,META,0.0001593385753107681
2026-01-13,META,0.0005428241150872809
2026-01-14,META,0.00020033439718682305
2026-01-15,META,0.00043337554293699365
2026-01-16,META,0.00016535446813672455
2026-01-20,META,9.669667765252282e-05
2026-01-21,META,-3.8271931061468205e-05
2026-01-22,META,7.91841656706392e-05
2026-01-23,META,2.632063191469459e-05
2026-01-26,META,-4.527551687401822e-05
2026-01-27,META,-4.6462959462899765e-05
2026-01-28,META,6.581662522985462e-05
2026-01-29,META,-2.2433470981668884e-05
2025-10-31,SPY,0.00015964305888388234
2025-11-03,SPY,0.00018246708786791386
2025-11-04,SPY,1.933804174592031e-05
2025-11-05,SPY,0.00012593452129546783
2025-11-06,SPY,-0.00017329274724614557
2025-11-07,SPY,-9.112828470329871e-05
2025-11-10,SPY,0.0001397509360235481
2025-11-11,SPY,0.00013301823340188082
2025-11-12,SPY,-0.00011153953237182366
2025-11-13,SPY,3.4346646161545847e-06
2025-11-14,SPY,3.852640341225097e-05
2025-11-17,SPY,0.00011234636770447471
2025-11-18,SPY,9.1421571135383e-05
2025-11-19,SPY,-0.0003167367707302766
2025-11-20,SPY,-0.0006325744562253092
2025-11-21,SPY,-0.0001257359182767641
2025-11-24,SPY,-2.6957951366505933e-05
2025-11-25,SPY,-4.407335404348646e-06
2025-11-26,SPY,-0.00017760542767813269
2025-11-28,SPY,-3.391267294314753e-05
2025-12-01,SPY,0.00018571646917442237
2025-12-02,SPY,-0.0001971569185378585
2025-12-03,SPY,0.0003932800982750806
2025-12-04,SPY,0.00017614481323628264
2025-12-05,SPY,-0.00024897606814685587
2025-12-08,SPY,0.00013128014115836378
2025-12-09,SPY,-0.000317981576290132
2025-12-10,SPY,0.00027517507820528145
2025-12-11,SPY,-9.385317919098369e-05
2025-12-12,SPY,-0.00012019321550841322
2025-12-15,SPY,-0.00011063648868710095
2025-12-16,SPY,-0.0003619435446442687
2025-12-17,SPY,-0.00010392936299503933
2025-12-18,SPY,-0.00013071988355806602
2025-12-19,SPY,-2.8550905757841753e-06
2025-12-22,SPY,0.0001332895679038787
2025-12-23,SPY,2.3249155796792714e-05
2025-12-24,SPY,-6.41400082970709e-05
2025-12-26,SPY,-7.051473358790243e-05
2025-12-29,SPY,0.00018992019634385044
2025-12-30,SPY,0.0002478511188663267
2025-12-31,SPY,0.00012075769293700089
2026-01-02,SPY,0.00021228461073822632
2026-01-05,SPY,-1.5981161389436674e-05
2026-01-06,SPY,-5.499424869198879e-05
2026-01-07,SPY,0.00037456407577798266
2026-01-08,SPY,0.00013370701031385724
2026-01-09,SPY,0.00019109482337291347
2026-01-12,SPY,-9.720693195850959e-06
2026-01-13,SPY,0.0001894803143923438
2026-01-14,SPY,0.0001006793428025326
2026-01-15,SPY,2.464863243807192e-05
2026-01-16,SPY,-5.753740187493867e-05
2026-01-20,SPY,-9.48439375650856e-05
2026-01-21,SPY,6.032626851470945e-05
2026-01-22,SPY,0.00023118463469697968
2026-01-23,SPY,-4.700089656098851e-05
2026-01-26,SPY,-0.00015524701208021184
2026-01-27,SPY,-0.00012083926694486248
2026-01-28,SPY,8.035551928609342e-07
2026-01-29,SPY,-0.00013808852851419703
2025-10-31,DX-Y.NYB,-0.0004750797196948193
2025-11-03,DX-Y.NYB,-0.00012483364021995938
2025-11-04,DX-Y.NYB,-5.215436889864173e-05
2025-11-05,DX-Y.NYB,0.00040149924209507363
2025-11-06,DX-Y.NYB,-0.0003276650936264974
2025-11-07,DX-Y.NYB,-0.0003526936831714272
2025-11-10,DX-Y.NYB,-5.9406385487571646e-05
2025-11-11,DX-Y.NYB,-0.00017325055037152584
2025-11-12,DX-Y.NYB,-0.0006943157360438675
2025-11-13,DX-Y.NYB,-0.0006104775134640113
2025-11-14,DX-Y.NYB,-0.0006206869749200707
2025-11-17,DX-Y.NYB,-0.00023778519839508133
2025-11-18,DX-Y.NYB,-0.0007953838192224439
2025-11-19,DX-Y.NYB,-0.0005220659629651571
2025-11-20,DX-Y.NYB,-0.0004929447799020587
2025-11-21,DX-Y.NYB,-0.0008281266986307251
2025-11-24,DX-Y.NYB,-0.0013369051481899677
2025-11-25,DX-Y.NYB,-0.0013058347003225934
2025-11-26,DX-Y.NYB,-0.0011329615644531314
2025-11-28,DX-Y.NYB,0.000726469055946985
2025-12-01,DX-Y.NYB,0.0005335473952216386
2025-12-02,DX-Y.NYB,0.00021815186123931097
2025-12-03,DX-Y.NYB,0.00046468645469101185
2025-12-04,DX-Y.NYB,0.0003594751216866132
2025-12-05,DX-Y.NYB,0.0007705867954052873
2025-12-08,DX-Y.NYB,0.0010168682122665632
2025-12-09,DX-Y.NYB,0.0011753380114987299
2025-12-10,DX-Y.NYB,0.0014654776862681198
2025-12-11,DX-Y.NYB,0.0008031937806914247
2025-12-12,DX-Y.NYB,-0.00016298827172363706
2025-12-15,DX-Y.NYB,0.00044766312247068653
2025-12-16,DX-Y.NYB,0.0026708198618167803
2025-12-17,DX-Y.NYB,0.0031382074353682537
2025-12-18,DX-Y.NYB,0.001237706425188103
2025-12-19,DX-Y.NYB,-2.7976916225461804e-05
2025-12-22,DX-Y.NYB,0.0027649142864924463
2025-12-23,DX-Y.NYB,0.0018752059494019549
2025-12-24,DX-Y.NYB,0.002015301846199012
2025-12-26,DX-Y.NYB,0.0021701246013833236
2025-12-29,DX-Y.NYB,0.00020412522711251447
2025-12-30,DX-Y.NYB,0.0005061034983778367
2025-12-31,DX-Y.NYB,0.0013593853092862176
2026-01-02,DX-Y.NYB,0.001407762545123097
2026-01-05,DX-Y.NYB,0.001391493550651913
2026-01-06,DX-Y.NYB,0.0007485804141268539
2026-01-07,DX-Y.NYB,0.0015973629833618123
2026-01-08,DX-Y.NYB,0.0013282195470883176
2026-01-09,DX-Y.NYB,-0.0009397726004870939
2026-01-12,DX-Y.NYB,-0.0009775435875099847
2026-01-13,DX-Y.NYB,0.0015696411921120707
2026-01-14,DX-Y.NYB,0.0017952833583370442
2026-01-15,DX-Y.NYB,0.0017569698452213748
2026-01-16,DX-Y.NYB,0.0023165151583134343
2026-01-20,DX-Y.NYB,0.002241132001750173
2026-01-21,DX-Y.NYB,-0.0008647156629698631
2026-01-22,DX-Y.NYB,-0.00010948991701675181
2026-01-23,DX-Y.NYB,0.0025977940100265972
2026-01-26,DX-Y.NYB,-0.0011125807993823593
2026-01-27,DX-Y.NYB,-0.0005070367290632195
2026-01-28,DX-Y.NYB,-0.0019421669231366064
2026-01-29,DX-Y.NYB,-0.0005243989484404039
2025-10-31,GC=F,0.0027281870106332386
2025-11-03,GC=F,0.0013044754266744343
2025-11-04,GC=F,0.000807325341328928
2025-11-05,GC=F,0.0009109960351094688
2025-11-06,GC=F,0.0001133249106375987
2025-11-07,GC=F,0.0007906018649036735
2025-11-10,GC=F,0.00042325860492440937
2025-11-11,GC=F,0.00014260293599562375
2025-11-12,GC=F,-8.184861487195914e-06
2025-11-13,GC=F,-0.0005582802859599579
2025-11-14,GC=F,7.324120592534364e-05
2025-11-17,GC=F,-9.58753304738406e-05
2025-11-18,GC=F,0.00042450595899564807
2025-11-19,GC=F,-0.00017359792688220475
2025-11-20,GC=F,9.142872769551717e-05
2025-11-21,GC=F,-0.0011357210552171788
2025-11-24,GC=F,-0.000504501742744854
2025-11-25,GC=F,-0.000704341111057413
2025-11-26,GC=F,-3.89180881496676e-05
2025-11-28,GC=F,0.0020222853306250672
2025-12-01,GC=F,-0.0005028313702604429
2025-12-02,GC=F,-0.0003767141082242887
2025-12-03,GC=F,-0.0011452494565731236
2025-12-04,GC=F,-0.00014321584994069465
2025-12-05,GC=F,-0.00018379140480866916
2025-12-08,GC=F,-3.548944879697987e-05
2025-12-09,GC=F,0.002805574688517579
2025-12-10,GC=F,0.00038206867052240046
2025-12-11,GC=F,0.00024835851694784424
2025-12-12,GC=F,-0.0002427342387110595
2025-12-15,GC=F,-8.917619128697172e-05
2025-12-16,GC=F,-0.0009319907519764251
2025-12-17,GC=F,-0.001075738577627065
2025-12-18,GC=F,-0.00020555193281653064
2025-12-19,GC=F,-0.00023667928713859437
2025-12-22,GC=F,-0.00020319502367843956
2025-12-23,GC=F,-1.7059322437139462e-05
2025-12-24,GC=F,-2.619340703589879e-05
2025-12-26,GC=F,-0.0005071278209601245
2025-12-29,GC=F,-6.908114731485385e-06
2025-12-30,GC=F,2.0588694139437942e-05
2025-12-31,GC=F,-0.0006307609495339561
2026-01-02,GC=F,0.0009045595347364066
2026-01-05,GC=F,0.0008312757475098467
2026-01-06,GC=F,-0.0006813276748706842
2026-01-07,GC=F,0.0007847694948907668
2026-01-08,GC=F,7.252414907780507e-05
2026-01-09,GC=F,-0.0013865537059557682
2026-01-12,GC=F,-0.001051865200460778
2026-01-13,GC=F,-0.0004801852003109849
2026-01-14,GC=F,-0.00014303732656820324
2026-01-15,GC=F,-2.8486258445825635e-05
2026-01-16,GC=F,-0.0007962650387494539
2026-01-20,GC=F,-0.0010806763128038094
2026-01-21,GC=F,-0.0002096046282675553
2026-01-22,GC=F,1.9470478933340203e-05
2026-01-23,GC=F,0.00013987282233435602
2026-01-26,GC=F,-3.082406775814109e-05
2026-01-27,GC=F,-0.000336418053628448
2026-01-28,GC=F,-8.364908667482541e-05
2026-01-29,GC=F,-0.0008772498447266642
2025-10-31,XOM,0.00014184860216466983
2025-11-03,XOM,8.374936420234522e-05
2025-11-04,XOM,0.00032696403229671143
2025-11-05,XOM,6.522242605700231e-05
2025-11-06,XOM,-4.567634258570092e-05
2025-11-07,XOM,0.00011120662483726256
2025-11-10,XOM,8.43088821611997e-06
2025-11-11,XOM,0.00010623659315715003
2025-11-12,XOM,-1.6966427626427893e-06
2025-11-13,XOM,9.760680877170468e-05
2025-11-14,XOM,0.00016344829279407844
2025-11-17,XOM,3.283111230599227e-05
2025-11-18,XOM,-3.986830877630842e-05
2025-11-19,XOM,0.00011800047292720657
2025-11-20,XOM,0.0001124584502928986
2025-11-21,XOM,-2.3781955897670034e-05
2025-11-24,XOM,-0.00010316946588093812
2025-11-25,XOM,-5.6866961911151704e-05
2025-11-26,XOM,-1.6122388778780825e-05
2025-11-28,XOM,8.060498755698992e-05
2025-12-01,XOM,0.00015473554128729342
2025-12-02,XOM,0.00011324509393202168
2025-12-03,XOM,4.6443078979812296e-05
2025-12-04,XOM,7.924729482544167e-05
2025-12-05,XOM,7.022533495619905e-05
2025-12-08,XOM,1.830918595054748e-05
2025-12-09,XOM,4.661114064218174e-05
2025-12-10,XOM,-5.847692434383117e-05
2025-12-11,XOM,-6.687219379187142e-05
2025-12-12,XOM,-1.9419056345676634e-05
2025-12-15,XOM,-0.00012131657244008146
2025-12-16,XOM,8.996757240197991e-05
2025-12-17,XOM,-5.5900052894565894e-05
2025-12-18,XOM,0.00013588726997228653
2025-12-19,XOM,2.1431990521475848e-05
2025-12-22,XOM,-0.00015128538834233816
2025-12-23,XOM,-4.61001250611296e-05
2025-12-24,XOM,5.5952543486906875e-05
2025-12-26,XOM,-7.671351830266096e-05
2025-12-29,XOM,7.772632487845452e-05
2025-12-30,XOM,0.00017550857500184434
2025-12-31,XOM,9.178772217068073e-05
2026-01-02,XOM,-9.95808295057909e-05
2026-01-05,XOM,-2.5670314110904875e-05
2026-01-06,XOM,-3.894730812035332e-05
2026-01-07,XOM,0.00016864584759339747
2026-01-08,XOM,0.000271071850854213
2026-01-09,XOM,0.00010414193874412092
2026-01-12,XOM,3.1593183486394875e-05
2026-01-13,XOM,9.434559453496293e-05
2026-01-14,XOM,-0.00014454210084527123
2026-01-15,XOM,1.603752845326007e-05
2026-01-16,XOM,5.471778290094214e-05
2026-01-20,XOM,7.253352090126963e-05
2026-01-21,XOM,1.8200041713790972e-05
2026-01-22,XOM,2.7605726146723027e-05
2026-01-23,XOM,-0.00016363764766883778
2026-01-26,XOM,5.3357530403959575e-05
2026-01-27,XOM,-7.333296809456787e-05
2026-01-28,XOM,-5.503497104603921e-05
2026-01-29,XOM,-0.00010235900544609205
2026-05-08,SBIN.NS,-6.36540093866476e-05
2026-05-11,SBIN.NS,2.3271404736406985e-05
2026-05-12,SBIN.NS,0.0007046171794525362
2026-05-13,SBIN.NS,0.0007446895726094873
2026-05-14,SBIN.NS,0.0008824223780113637
2026-05-15,SBIN.NS,-0.0002489171441342813
2026-05-18,SBIN.NS,0.0006097228120912067
2026-05-19,SBIN.NS,-0.0008811202505873213
2026-05-20,SBIN.NS,-0.0009340048725580444
2026-05-21,SBIN.NS,0.0008996262675380043
2026-05-22,SBIN.NS,0.0009075780589486478
2026-05-25,SBIN.NS,-0.0002196992624584767
2026-05-26,SBIN.NS,0.002478072659970184
2026-05-27,SBIN.NS,0.0001008074138455807
2026-05-28,SBIN.NS,0.0004439865235565611
2026-05-29,SBIN.NS,0.00017816950105331634
2026-06-01,SBIN.NS,0.00023695614674917626
2026-06-02,SBIN.NS,-0.000742967221094805
2026-06-03,SBIN.NS,0.0004079552793772388
2026-06-04,SBIN.NS,-0.0006219690291294658
2026-06-05,SBIN.NS,0.0005876850115130888
2026-06-08,SBIN.NS,-0.00039449344874425073
2026-06-09,SBIN.NS,-3.875433863284757e-05
2026-06-10,SBIN.NS,0.0006916567933382534
2026-06-11,SBIN.NS,0.0008673177590719922
2026-06-12,SBIN.NS,-0.00032653286942651655
2026-06-15,SBIN.NS,-1.0060531520073052e-05
2026-06-16,SBIN.NS,-0.00010734233603257884
2026-06-17,SBIN.NS,0.00042921102066927
2026-06-18,SBIN.NS,8.494198687992525e-05
2026-06-19,SBIN.NS,0.001062359706330663
2026-06-22,SBIN.NS,0.0005254441890506579
2026-06-23,SBIN.NS,0.00025812543675009946
2026-06-24,SBIN.NS,0.000365777510323825
2026-06-25,SBIN.NS,0.0006061940035033005
2026-06-26,SBIN.NS,0.0005551202469501749
2026-06-29,SBIN.NS,-0.0001967663865629858
2026-06-30,SBIN.NS,-1.670612688763545e-06
2026-07-01,SBIN.NS,-3.857733167231479e-05
2026-07-02,SBIN.NS,0.00021780803996256377
2026-07-03,SBIN.NS,-0.00023029756476266523
2026-07-06,SBIN.NS,-0.00033849296915047073
2026-07-07,SBIN.NS,-0.00035953475154455457
2026-07-08,SBIN.NS,-0.0003543580204778221
2026-07-09,SBIN.NS,-0.00031901059735558584
2026-07-10,SBIN.NS,-0.0003596799132932285
2026-07-13,SBIN.NS,8.922457168944329e-05
2026-07-14,SBIN.NS,1.9409883177476827e-05
2026-07-15,SBIN.NS,7.356111026120244e-05
2026-07-16,SBIN.NS,-2.504320042627304e-05
2026-07-17,SBIN.NS,0.00012591311554995165
2026-07-20,SBIN.NS,-5.2099663667299146e-05
2026-07-21,SBIN.NS,-0.00021950332647960178
2026-07-22,SBIN.NS,5.6288578842401684e-05
2026-07-23,SBIN.NS,0.00011916623330209527
2026-07-24,SBIN.NS,-2.8989980753837636e-05
2026-07-27,SBIN.NS,4.682018607250276e-05
2026-07-28,SBIN.NS,0.00016564836570197387
2026-07-29,SBIN.NS,-7.358468875193544e-05
2026-07-30,SBIN.NS,-0.00023334892643637987
2026-05-08,RELIANCE.NS,0.0004598860448060692
2026-05-11,RELIANCE.NS,-3.302617219482851e-05
2026-05-12,RELIANCE.NS,0.0006013181946966766
2026-05-13,RELIANCE.NS,0.0003112496168036116
2026-05-14,RELIANCE.NS,0.0004203848715565398
2026-05-15,RELIANCE.NS,0.0006977397991662948
2026-05-18,RELIANCE.NS,1.1572718873625076e-06
2026-05-19,RELIANCE.NS,-1.8618320474782996e-05
2026-05-20,RELIANCE.NS,-3.3128429978741806e-05
2026-05-21,RELIANCE.NS,0.00010252143002640815
2026-05-22,RELIANCE.NS,0.0003345533415988968
2026-05-25,RELIANCE.NS,8.90579790055487e-05
2026-05-26,RELIANCE.NS,-6.142337129492493e-05
2026-05-27,RELIANCE.NS,0.0001569116907924484
2026-05-28,RELIANCE.NS,-7.480691710350437e-05
2026-05-29,RELIANCE.NS,0.0002938528127450802
2026-06-01,RELIANCE.NS,8.685955952002228e-05
2026-06-02,RELIANCE.NS,0.00012896916499315178
2026-06-03,RELIANCE.NS,0.00022484681920650724
2026-06-04,RELIANCE.NS,0.0002479937574932171
2026-06-05,RELIANCE.NS,7.045133473970698e-05
2026-06-08,RELIANCE.NS,5.748466123304144e-05
2026-06-09,RELIANCE.NS,0.0001728758789402053
2026-06-10,RELIANCE.NS,8.495353604890725e-05
2026-06-11,RELIANCE.NS,3.269166082608342e-05
2026-06-12,RELIANCE.NS,6.525603505763303e-05
2026-06-15,RELIANCE.NS,6.015504407472254e-05
2026-06-16,RELIANCE.NS,5.906558885422681e-06
2026-06-17,RELIANCE.NS,-0.00011933587309321033
2026-06-18,RELIANCE.NS,-0.0001287992068380617
2026-06-19,RELIANCE.NS,-0.00025537808895821016
2026-06-22,RELIANCE.NS,2.2060176082007634e-06
2026-06-23,RELIANCE.NS,6.769858121262623e-05
2026-06-24,RELIANCE.NS,-5.038857744580092e-05
2026-06-25,RELIANCE.NS,4.4676670174463e-05
2026-06-26,RELIANCE.NS,-2.7123916353954144e-05
2026-06-29,RELIANCE.NS,0.00016342306277971835
2026-06-30,RELIANCE.NS,-0.00011622352251336435
2026-07-01,RELIANCE.NS,-0.00018488508909533064
2026-07-02,RELIANCE.NS,-8.604709026514242e-06
2026-07-03,RELIANCE.NS,-0.000235352701534536
2026-07-06,RELIANCE.NS,-0.00024414045438405233
2026-07-07,RELIANCE.NS,-3.619250923926456e-05
2026-07-08,RELIANCE.NS,-0.0001708548579260724
2026-07-09,RELIANCE.NS,0.00017756398714678374
2026-07-10,RELIANCE.NS,2.8896778130730154e-05
2026-07-13,RELIANCE.NS,-8.037817250361886e-05
2026-07-14,RELIANCE.NS,6.213307775909275e-05
2026-07-15,RELIANCE.NS,-0.00045506277809527197
2026-07-16,RELIANCE.NS,-9.958028034915966e-05
2026-07-17,RELIANCE.NS,-5.112172308150921e-05
2026-07-20,RELIANCE.NS,0.0003319116637214938
2026-07-21,RELIANCE.NS,0.00011468449872778025
2026-07-22,RELIANCE.NS,-8.953660407202339e-05
2026-07-23,RELIANCE.NS,-0.0002637438785077417
2026-07-24,RELIANCE.NS,-0.00021606221693887107
2026-07-27,RELIANCE.NS,-0.0003274026184776053
2026-07-28,RELIANCE.NS,-0.00011168741920750435
2026-07-29,RELIANCE.NS,-0.00014394860816928191
2026-07-30,RELIANCE.NS,-0.00031694679444917303
2026-05-05,AAPL,9.40815687221088e-05
2026-05-06,AAPL,-6.883711289773785e-05
2026-05-07,AAPL,3.358275327031842e-05
2026-05-08,AAPL,3.250032529682572e-05
2026-05-11,AAPL,1.9229131099835e-05
2026-05-12,AAPL,0.00011236642860129905
2026-05-13,AAPL,-8.518921591905659e-05
2026-05-14,AAPL,-4.704891313396379e-05
2026-05-15,AAPL,0.0002246201569075049
2026-05-18,AAPL,0.00014371782418880262
2026-05-19,AAPL,0.00018856222409169483
2026-05-20,AAPL,-2.0291865770501703e-05
2026-05-21,AAPL,-3.976141259338548e-05
2026-05-22,AAPL,-0.000185407310643005
2026-05-26,AAPL,3.6622759855067e-05
2026-05-27,AAPL,-0.00010437287490530869
2026-05-28,AAPL,8.42683062273296e-05
2026-05-29,AAPL,-9.622689267211019e-05
2026-06-01,AAPL,0.00020577980540818883
2026-06-02,AAPL,0.00031955317864596676
2026-06-03,AAPL,0.00018655643249703338
2026-06-04,AAPL,7.050890805849778e-05
2026-06-05,AAPL,0.00010522806009394207
2026-06-08,AAPL,6.121608511283851e-05
2026-06-09,AAPL,9.023816575536824e-05
2026-06-10,AAPL,9.317276912130024e-06
2026-06-11,AAPL,0.0007273808273535624
2026-06-12,AAPL,0.00032805251328710277
2026-06-15,AAPL,4.482140832832195e-05
2026-06-16,AAPL,-7.42540946200494e-05
2026-06-17,AAPL,7.12890107623554e-05
2026-06-18,AAPL,0.00011737948741395053
2026-06-22,AAPL,-1.656543692007451e-05
2026-06-23,AAPL,0.00035752109510349785
2026-06-24,AAPL,0.00011907493072630343
2026-06-25,AAPL,0.00011033147363718748
2026-06-26,AAPL,7.667897416645028e-05
2026-06-29,AAPL,-8.237595442303842e-06
2026-06-30,AAPL,0.0002334738012540731
2026-07-01,AAPL,-4.0102727673627826e-05
2026-07-02,AAPL,6.914120674509909e-05
2026-07-06,AAPL,-8.151203348830989e-05
2026-07-07,AAPL,-0.0002062100431520373
2026-07-08,AAPL,8.994771166564673e-06
2026-07-09,AAPL,0.00019687062209891161
2026-07-10,AAPL,0.00010419051259252865
2026-07-13,AAPL,-0.00018613790730648185
2026-07-14,AAPL,5.757031859124157e-06
2026-07-15,AAPL,0.00018583556925882045
2026-07-16,AAPL,0.0001443319760044527
2026-07-17,AAPL,0.00017671585680006824
2026-07-20,AAPL,7.816050817992824e-05
2026-07-21,AAPL,0.0002529900343147046
2026-07-22,AAPL,2.2934560771277132e-05
2026-07-23,AAPL,-0.0002562795136183463
2026-07-24,AAPL,-0.0002363636587311557
2026-07-27,AAPL,-0.0005444823406545332
2026-07-28,AAPL,-0.00028982233794157773
2026-07-29,AAPL,-0.0004358167586307725
2026-07-30,AAPL,-0.0002904535593606427
2026-05-08,INFY.NS,0.0005168199487136564
2026-05-11,INFY.NS,9.613678162915433e-05
2026-05-12,INFY.NS,0.0003509206928830245
2026-05-13,INFY.NS,0.0005109417911266257
2026-05-14,INFY.NS,-0.0012145362441405875
2026-05-15,INFY.NS,0.002868901439334498
2026-05-18,INFY.NS,-0.0009011267673710104
2026-05-19,INFY.NS,0.000418247789854737
2026-05-20,INFY.NS,-6.523868363574716e-05
2026-05-21,INFY.NS,0.0015494808611142836
2026-05-22,INFY.NS,0.002085554039206924
2026-05-25,INFY.NS,0.0016351540937698309
2026-05-26,INFY.NS,0.002194001918435969
2026-05-27,INFY.NS,0.001219176350255735
2026-05-28,INFY.NS,0.0008965683151136948
2026-05-29,INFY.NS,0.0010681007019226721
2026-06-01,INFY.NS,0.0007403019200346981
2026-06-02,INFY.NS,0.0017288457629467276
2026-06-03,INFY.NS,0.0017001142795878292
2026-06-04,INFY.NS,0.002674179903624809
2026-06-05,INFY.NS,0.0024614950070212336
2026-06-08,INFY.NS,0.0015683710807529332
2026-06-09,INFY.NS,0.0015419927475055857
2026-06-10,INFY.NS,0.0014395794847344835
2026-06-11,INFY.NS,0.001047654921199166
2026-06-12,INFY.NS,0.00013950418178624406
2026-06-15,INFY.NS,0.0006093717014594385
2026-06-16,INFY.NS,0.0014281697030794785
2026-06-17,INFY.NS,0.0019050127243799317
2026-06-18,INFY.NS,0.0008277313653550923
2026-06-19,INFY.NS,0.0002817940278588641
2026-06-22,INFY.NS,0.0007380515539363746
2026-06-23,INFY.NS,0.0008026099948302446
2026-06-24,INFY.NS,0.0004678419239663279
2026-06-25,INFY.NS,6.874843707764698e-05
2026-06-26,INFY.NS,0.00011396882451277544
2026-06-29,INFY.NS,-0.0003368699794181328
2026-06-30,INFY.NS,-0.00014660631767016028
2026-07-01,INFY.NS,-0.0007097160238846242
2026-07-02,INFY.NS,7.100300856121123e-05
2026-07-03,INFY.NS,-0.0005778378452180533
2026-07-06,INFY.NS,0.0007379015180647258
2026-07-07,INFY.NS,0.0006919314240985351
2026-07-08,INFY.NS,-0.0002823548841341676
2026-07-09,INFY.NS,-0.00023618908320202972
2026-07-10,INFY.NS,0.0008268880716975015
2026-07-13,INFY.NS,0.0004178219432444263
2026-07-14,INFY.NS,0.0003466398630281053
2026-07-15,INFY.NS,0.0006460992647330397
2026-07-16,INFY.NS,-0.0004887852787943698
2026-07-17,INFY.NS,0.0013631316627611605
2026-07-20,INFY.NS,0.000910051197795593
2026-07-21,INFY.NS,0.0014254286137444516
2026-07-22,INFY.NS,0.004124633922523947
2026-07-23,INFY.NS,0.001197337657312512
2026-07-24,INFY.NS,0.0004486856580881682
2026-07-27,INFY.NS,0.000333081477371828
2026-07-28,INFY.NS,0.0009359344316061538
2026-07-29,INFY.NS,0.0007279930372470494
2026-07-30,INFY.NS,6.383947409493058e-06
2026-05-05,MSFT,0.0005072476704320978
2026-05-06,MSFT,1.7652568117305512e-05
2026-05-07,MSFT,-4.743117948592121e-05
2026-05-08,MSFT,-5.48147930666245e-05
2026-05-11,MSFT,1.2905364188459486e-05
2026-05-12,MSFT,0.0003244993972713358
2026-05-13,MSFT,0.0009169762622113611
2026-05-14,MSFT,0.00011891650478687751
2026-05-15,MSFT,-0.00032378639451545964
2026-05-18,MSFT,-1.9851803489452466e-05
2026-05-19,MSFT,-7.422151473388919e-05
2026-05-20,MSFT,0.0003079583919481424
2026-05-21,MSFT,-0.0001294248335612021
2026-05-22,MSFT,-4.285085431220344e-05
2026-05-26,MSFT,0.0004347286943516851
2026-05-27,MSFT,-0.0002513170558627993
2026-05-28,MSFT,-0.0006076709355037968
2026-05-29,MSFT,-0.00012457012898357622
2026-06-01,MSFT,-0.0002015058254732262
2026-06-02,MSFT,-0.00016303223908481168
2026-06-03,MSFT,-0.00013400771903578185
2026-06-04,MSFT,-5.9470195763043056e-05
2026-06-05,MSFT,-0.0005687591872201732
2026-06-08,MSFT,4.712938582171015e-05
2026-06-09,MSFT,-0.00013424550583879372
2026-06-10,MSFT,-2.3968733009801078e-06
2026-06-11,MSFT,-0.0001636113163300958
2026-06-12,MSFT,-0.00028674844808759115
2026-06-15,MSFT,0.0008968471519672794
2026-06-16,MSFT,0.00013089425251675466
2026-06-17,MSFT,0.0006457721939323723
2026-06-18,MSFT,0.000905205702061257
2026-06-22,MSFT,-3.2026336893035083e-05
2026-06-23,MSFT,-6.18739883329683e-06
2026-06-24,MSFT,-4.212192847198072e-05
2026-06-25,MSFT,-0.00011056035908132599
2026-06-26,MSFT,-0.00024255824053334154
2026-06-29,MSFT,-9.912248486283978e-05
2026-06-30,MSFT,1.7710154676562755e-05
2026-07-01,MSFT,0.00026847015886006533
2026-07-02,MSFT,-0.00035635480505408955
2026-07-06,MSFT,-0.00012761966659285374
2026-07-07,MSFT,-0.0003253271428878726
2026-07-08,MSFT,-0.00038138802323968863
2026-07-09,MSFT,-0.00017987205062628228
2026-07-10,MSFT,-0.00015513878457878197
2026-07-13,MSFT,0.00021368989816896347
2026-07-14,MSFT,-0.0003516792928576981
2026-07-15,MSFT,9.495065970098102e-05
2026-07-16,MSFT,-0.0002687282685260834
2026-07-17,MSFT,-0.0004353119351363309
2026-07-20,MSFT,-0.0002550165430278816
2026-07-21,MSFT,-0.00013390444310667696
2026-07-22,MSFT,-0.0009466544183014285
2026-07-23,MSFT,-0.00013202493322444735
2026-07-24,MSFT,-0.0005943615320428129
2026-07-27,MSFT,-6.501238503178744e-05
2026-07-28,MSFT,0.00012489891977428876
2026-07-29,MSFT,-6.210036141466913e-05
2026-07-30,MSFT,-0.0004469140974686785
2026-05-05,GLD,6.958858508937843e-05
2026-05-06,GLD,4.037873828953923e-06
2026-05-07,GLD,8.31322513369888e-05
2026-05-08,GLD,2.7790152707656696e-07
2026-05-11,GLD,0.0004526004772073144
2026-05-12,GLD,-2.0553094824219465e-05
2026-05-13,GLD,0.0001395876330480052
2026-05-14,GLD,0.00010878323028814763
2026-05-15,GLD,8.541764656865407e-06
2026-05-18,GLD,5.7389532038538425e-05
2026-05-19,GLD,5.1176304269973474e-05
2026-05-20,GLD,4.9218098208690524e-05
2026-05-21,GLD,0.0002025682649461437
2026-05-22,GLD,6.675533028460066e-05
2026-05-26,GLD,-9.503287710359565e-05
2026-05-27,GLD,-7.903417682260279e-05
2026-05-28,GLD,4.9308603080733914e-05
2026-05-29,GLD,-3.436818458292781e-05
2026-06-01,GLD,1.0072706968828835e-05
2026-06-02,GLD,-0.0002428140554649712
2026-06-03,GLD,-4.1647365100210145e-05
2026-06-04,GLD,8.781145928991282e-07
2026-06-05,GLD,-0.00014223910884574308
2026-06-08,GLD,5.5718298039614646e-05
2026-06-09,GLD,0.0004448408531816209
2026-06-10,GLD,0.00026667880310030106
2026-06-11,GLD,-0.00012189225153737486
2026-06-12,GLD,0.00035557431829095847
2026-06-15,GLD,0.00020165538516493613
2026-06-16,GLD,-2.196628027706665e-05
2026-06-17,GLD,-5.526779384248848e-05
2026-06-18,GLD,0.0004187167055056536
2026-06-22,GLD,4.855373483610203e-05
2026-06-23,GLD,0.0003271674003216276
2026-06-24,GLD,0.00019366413718722037
2026-06-25,GLD,0.00017173249175449519
2026-06-26,GLD,4.419207033698103e-05
2026-06-29,GLD,-4.712675019832882e-05
2026-06-30,GLD,0.00030300431448017086
2026-07-01,GLD,6.840827229461497e-05
2026-07-02,GLD,0.0002275221975508496
2026-07-06,GLD,-4.7631368928508524e-07
2026-07-07,GLD,-1.4950083673507e-05
2026-07-08,GLD,-2.6210070457601696e-05
2026-07-09,GLD,4.041095729017703e-06
2026-07-10,GLD,-4.13932009615401e-05
2026-07-13,GLD,1.2527610725392549e-05
2026-07-14,GLD,0.0002698549188607131
2026-07-15,GLD,0.0002455311367170824
2026-07-16,GLD,3.656316555983314e-05
2026-07-17,GLD,0.00036048841706667114
2026-07-20,GLD,-1.873137200405505e-05
2026-07-21,GLD,-1.0881086233989653e-05
2026-07-22,GLD,-0.00010195362536815672
2026-07-23,GLD,8.801034232580264e-05
2026-07-24,GLD,-0.00011581615539644643
2026-07-27,GLD,-4.0278613338076064e-05
2026-07-28,GLD,-2.4980599572326237e-05
2026-07-29,GLD,-0.00017660953876242258
2026-07-30,GLD,0.00011993692771085319
2026-05-05,UNH,-0.0005464249525548427
2026-05-06,UNH,-0.00040591227929842437
2026-05-07,UNH,-0.0002578181873815018
2026-05-08,UNH,-0.0005645726037731704
2026-05-11,UNH,-0.00068925490185683
2026-05-12,UNH,-0.0010977232664340694
2026-05-13,UNH,-0.0012949549546420476
2026-05-14,UNH,-0.00017951056520690777
2026-05-15,UNH,-0.001323001165500813
2026-05-18,UNH,-0.0005602550907558786
2026-05-19,UNH,0.0009175502503497824
2026-05-20,UNH,0.00032576978363639975
2026-05-21,UNH,0.0003603772935344173
2026-05-22,UNH,0.00035565322809066776
2026-05-26,UNH,0.0004519328066871834
2026-05-27,UNH,-0.00021221356214094644
2026-05-28,UNH,-9.735895125656371e-05
2026-05-29,UNH,-0.0002487405003381662
2026-06-01,UNH,-0.0003509889784554133
2026-06-02,UNH,-2.0604000260386417e-05
2026-06-03,UNH,-3.029566405218321e-05
2026-06-04,UNH,0.00034239028891021203
2026-06-05,UNH,0.00015852997411374117
2026-06-08,UNH,0.0012746078212253996
2026-06-09,UNH,0.0002983127350386789
2026-06-10,UNH,0.00032665996941281595
2026-06-11,UNH,-5.100406646174345e-05
2026-06-12,UNH,0.00011603891828046839
2026-06-15,UNH,7.947731194642846e-05
2026-06-16,UNH,4.0681964316877976e-05
2026-06-17,UNH,0.0003551925969506212
2026-06-18,UNH,0.00019467396155229555
2026-06-22,UNH,0.0002801862562742517
2026-06-23,UNH,0.0002701463631983022
2026-06-24,UNH,0.0003446579503294554
2026-06-25,UNH,0.0003216703156378169
2026-06-26,UNH,9.940373516399008e-05
2026-06-29,UNH,-0.00020247355406286929
2026-06-30,UNH,-0.00027669026492729696
2026-07-01,UNH,-0.00025514604720958833
2026-07-02,UNH,-0.000276468052920841
2026-07-06,UNH,-0.00021003933707261767
2026-07-07,UNH,-0.00015838337785707647
2026-07-08,UNH,-5.4088977066547285e-06
2026-07-09,UNH,-0.00031133244823640654
2026-07-10,UNH,-0.00018615235164608793
2026-07-13,UNH,-0.00034613960195559434
2026-07-14,UNH,-5.9226440598668415e-05
2026-07-15,UNH,-0.00034280889983522294
2026-07-16,UNH,-0.00021214389847749036
2026-07-17,UNH,-0.00011306685224846363
2026-07-20,UNH,0.0004437916515373559
2026-07-21,UNH,-3.7303205617828684e-05
2026-07-22,UNH,-0.0001296536643773454
2026-07-23,UNH,0.0003318499944972114
2026-07-24,UNH,0.0004336985901359628
2026-07-27,UNH,0.00028335705265355164
2026-07-28,UNH,0.00012370910384754314
2026-07-29,UNH,0.00012336655189687818
2026-07-30,UNH,-8.375757356657086e-05
2026-05-05,JPM,0.0002007335468363765
2026-05-06,JPM,7.160560337651501e-05
2026-05-07,JPM,-3.088847111777262e-05
2026-05-08,JPM,0.00011463292576875381
2026-05-11,JPM,-0.0006704592845682545
2026-05-12,JPM,6.229426133516995e-05
2026-05-13,JPM,0.0002491085882342168
2026-05-14,JPM,-0.0001036069280591085
2026-05-15,JPM,9.365673683952413e-06
2026-05-18,JPM,1.546362383491815e-05
2026-05-19,JPM,8.951964958228811e-05
2026-05-20,JPM,0.00023550879826488117
2026-05-21,JPM,-6.156692394833982e-05
2026-05-22,JPM,5.917236991829079e-05
2026-05-26,JPM,0.00012133882733991101
2026-05-27,JPM,0.0002061281508317574
2026-05-28,JPM,0.0002920819674257634
2026-05-29,JPM,0.0003118635929189434
2026-06-01,JPM,9.251225234202622e-05
2026-06-02,JPM,0.00016690023794545353
2026-06-03,JPM,0.00017740226230896974
2026-06-04,JPM,-9.691121820620932e-05
2026-06-05,JPM,-8.492931144107521e-05
2026-06-08,JPM,0.00010005718009301024
2026-06-09,JPM,0.00019109859302257303
2026-06-10,JPM,1.8066369204347192e-05
2026-06-11,JPM,9.579115970914052e-05
2026-06-12,JPM,-9.49591694976793e-06
2026-06-15,JPM,0.00013229104582685174
2026-06-16,JPM,-7.38664420004039e-05
2026-06-17,JPM,4.870376847229819e-05
2026-06-18,JPM,0.00010742237995707896
2026-06-22,JPM,4.4273732078925795e-05
2026-06-23,JPM,0.00014899775335729904
2026-06-24,JPM,7.354450482299135e-05
2026-06-25,JPM,-1.077873040566526e-05
2026-06-26,JPM,7.413190538552691e-05
2026-06-29,JPM,-4.618175109396239e-05
2026-06-30,JPM,0.00023779105165337749
2026-07-01,JPM,0.00011306512583377209
2026-07-02,JPM,0.00011619144045878049
2026-07-06,JPM,0.0002000694306013165
2026-07-07,JPM,-8.034924970231187e-05
2026-07-08,JPM,9.507519800577375e-06
2026-07-09,JPM,-4.0757777231351047e-07
2026-07-10,JPM,-4.42954661311604e-05
2026-07-13,JPM,0.00017511328233047463
2026-07-14,JPM,-2.3484152126137866e-05
2026-07-15,JPM,3.781529846060606e-05
2026-07-16,JPM,-5.420889513443704e-06
2026-07-17,JPM,-0.00012787754458991603
2026-07-20,JPM,6.0075836352561815e-05
2026-07-21,JPM,0.00020063694106687373
2026-07-22,JPM,0.00011679791571849895
2026-07-23,JPM,-7.340488831819669e-05
2026-07-24,JPM,-0.0001946527343707862
2026-07-27,JPM,4.345890616130441e-05
2026-07-28,JPM,-7.983119817443552e-05
2026-07-29,JPM,-2.93164036189029e-05
2026-07-30,JPM,0.00015935267064420882
2026-05-05,TLT,0.00013810681961835686
2026-05-06,TLT,-0.0001400818044094737
2026-05-07,TLT,-0.00023148443135793451
2026-05-08,TLT,0.0001557254121293991
2026-05-11,TLT,0.00016984456832125114
2026-05-12,TLT,0.0002356998228292746
2026-05-13,TLT,-0.00018480814936041294
2026-05-14,TLT,0.00027958769443543475
2026-05-15,TLT,0.0003294280192116072
2026-05-18,TLT,5.130638478917634e-05
2026-05-19,TLT,0.00037339487786218695
2026-05-20,TLT,7.924397636334647e-05
2026-05-21,TLT,0.00035039123670805406
2026-05-22,TLT,-0.00020861899567143868
2026-05-26,TLT,-0.00039738734081581445
2026-05-27,TLT,-0.0006222910828316456
2026-05-28,TLT,-0.00032929361811440415
2026-05-29,TLT,0.00012434374263247438
2026-06-01,TLT,-0.00022493618548592256
2026-06-02,TLT,7.676881273012885e-05
2026-06-03,TLT,-0.00033882598266503713
2026-06-04,TLT,-0.0005926865982434812
2026-06-05,TLT,0.0001598365042352272
2026-06-08,TLT,7.769712354948244e-05
2026-06-09,TLT,0.00011483666366200569
2026-06-10,TLT,0.00016261930682032508
2026-06-11,TLT,-4.187108547040475e-06
2026-06-12,TLT,-0.0004307284767943329
2026-06-15,TLT,0.00025671740035277237
2026-06-16,TLT,-0.00016001630502408658
2026-06-17,TLT,5.6652470694318604e-05
2026-06-18,TLT,0.00010314611657390079
2026-06-22,TLT,0.0004697622184939618
2026-06-23,TLT,0.0004691328095709755
2026-06-24,TLT,0.0003451676394361666
2026-06-25,TLT,8.312531665027494e-05
2026-06-26,TLT,0.00011010156982456445
2026-06-29,TLT,0.00014616048778065874
2026-06-30,TLT,0.0006250157409040574
2026-07-01,TLT,-0.00017547126627042995
2026-07-02,TLT,0.0002704371908182896
2026-07-06,TLT,0.0003551746648825594
2026-07-07,TLT,-6.173276824772924e-05
2026-07-08,TLT,7.759203536077201e-05
2026-07-09,TLT,-0.00022822242995148274
2026-07-10,TLT,0.0002119324765256967
2026-07-13,TLT,-3.4261836403189984e-06
2026-07-14,TLT,0.00038631595698220244
2026-07-15,TLT,0.00019573938171009927
2026-07-16,TLT,-4.197512094147242e-05
2026-07-17,TLT,5.673520083286958e-05
2026-07-20,TLT,0.00025445033887585216
2026-07-21,TLT,0.0006539413848083315
2026-07-22,TLT,0.00022932895437500486
2026-07-23,TLT,0.00040413715520129707
2026-07-24,TLT,0.00014769492736650935
2026-07-27,TLT,0.00045264034071486613
2026-07-28,TLT,0.0001717774465399121
2026-07-29,TLT,0.00023009968740633738
2026-07-30,TLT,0.0006492809528560948
2026-05-05,TSLA,6.260232311892288e-05
2026-05-06,TSLA,3.896808777669456e-06
2026-05-07,TSLA,4.618672551781815e-05
2026-05-08,TSLA,2.7607136450666238e-05
2026-05-11,TSLA,4.4569103176499116e-05
2026-05-12,TSLA,7.014812243019342e-05
2026-05-13,TSLA,0.00011205402139966269
2026-05-14,TSLA,6.81974409280879e-05
2026-05-15,TSLA,1.3532220354913905e-06
2026-05-18,TSLA,0.00027057178298885
2026-05-19,TSLA,0.00017470673673168735
2026-05-20,TSLA,3.094712813932589e-05
2026-05-21,TSLA,5.857188077126778e-05
2026-05-22,TSLA,2.328609462258592e-05
2026-05-26,TSLA,2.4729544112286846e-05
2026-05-27,TSLA,4.467897806077833e-05
2026-05-28,TSLA,7.070362664855755e-05
2026-05-29,TSLA,1.0282883614596117e-05
2026-06-01,TSLA,7.983678498739102e-05
2026-06-02,TSLA,2.2196396770756914e-05
2026-06-03,TSLA,6.944162483884184e-05
2026-06-04,TSLA,9.706211512169257e-05
2026-06-05,TSLA,4.313642672453803e-05
2026-06-08,TSLA,7.196525453722754e-05
2026-06-09,TSLA,4.590590132815902e-05
2026-06-10,TSLA,0.0001232559531212536
2026-06-11,TSLA,5.1204311527002416e-05
2026-06-12,TSLA,2.0777018867005663e-05
2026-06-15,TSLA,5.7605601291820725e-05
2026-06-16,TSLA,1.8147270692919608e-05
2026-06-17,TSLA,0.00010220253406242724
2026-06-18,TSLA,0.0001178167926856473
2026-06-22,TSLA,0.00010453528785164175
2026-06-23,TSLA,9.66776015852793e-05
2026-06-24,TSLA,0.00010973483605932125
2026-06-25,TSLA,0.00016921872555953035
2026-06-26,TSLA,4.013402216322519e-05
2026-06-29,TSLA,3.271616744514528e-05
2026-06-30,TSLA,9.387238554877716e-05
2026-07-01,TSLA,4.092396396490031e-05
2026-07-02,TSLA,3.308579450356676e-05
2026-07-06,TSLA,1.6468387446278503e-05
2026-07-07,TSLA,0.0001211387228670832
2026-07-08,TSLA,6.092831827614127e-05
2026-07-09,TSLA,9.382657377005622e-06
2026-07-10,TSLA,3.37048200883835e-06
2026-07-13,TSLA,3.0646430217747856e-06
2026-07-14,TSLA,9.828529999932929e-05
2026-07-15,TSLA,-5.835783970650228e-06
2026-07-16,TSLA,3.743682027988446e-05
2026-07-17,TSLA,4.8790448490575365e-05
2026-07-20,TSLA,3.332747686514758e-05
2026-07-21,TSLA,-7.364587745556358e-05
2026-07-22,TSLA,0.00011289493185017062
2026-07-23,TSLA,3.2460022993432554e-05
2026-07-24,TSLA,4.090298923589869e-05
2026-07-27,TSLA,0.00013127817244531128
2026-07-28,TSLA,0.00012022168566189208
2026-07-29,TSLA,0.00010047308068478764
2026-07-30,TSLA,-7.461476717586303e-05
2026-05-01,USDJPY=X,0.0005782269033669443
2026-05-04,USDJPY=X,7.053146516087375e-05
2026-05-05,USDJPY=X,0.00015168624768496458
2026-05-06,USDJPY=X,0.0007190233640587085
2026-05-07,USDJPY=X,0.00043976460959531123
2026-05-08,USDJPY=X,0.00013777841183655265
2026-05-11,USDJPY=X,0.00021681818376668383
2026-05-12,USDJPY=X,-0.00013734121309843115
2026-05-13,USDJPY=X,0.00036412497785476663
2026-05-14,USDJPY=X,0.0006228608215932618
2026-05-15,USDJPY=X,0.00021125969859881098
2026-05-18,USDJPY=X,-0.00010488116113449933
2026-05-19,USDJPY=X,0.0003147257179125663
2026-05-20,USDJPY=X,0.00038746688061301837
2026-05-21,USDJPY=X,0.00048347489610089906
2026-05-22,USDJPY=X,0.0006366042422591068
2026-05-25,USDJPY=X,0.0002899865836284269
2026-05-26,USDJPY=X,0.0003916234036339923
2026-05-27,USDJPY=X,0.00022793490777721603
2026-05-28,USDJPY=X,5.626511252119636e-05
2026-05-29,USDJPY=X,0.00016238931942909988
2026-06-01,USDJPY=X,9.72352087968088e-05
2026-06-02,USDJPY=X,0.0002559107773216957
2026-06-03,USDJPY=X,7.956877510460605e-05
2026-06-04,USDJPY=X,0.000306104605785875
2026-06-05,USDJPY=X,0.00019698455339905906
2026-06-08,USDJPY=X,7.03206999526753e-05
2026-06-09,USDJPY=X,-2.900824961831282e-05
2026-06-10,USDJPY=X,0.0003536234254578461
2026-06-11,USDJPY=X,0.0003214191549099606
2026-06-12,USDJPY=X,0.00038665970617138626
2026-06-15,USDJPY=X,-0.00038204456290540616
2026-06-16,USDJPY=X,0.0005284043391032274
2026-06-17,USDJPY=X,0.0003392623968324484
2026-06-18,USDJPY=X,0.00042841663377705437
2026-06-19,USDJPY=X,0.00023410569255048912
2026-06-22,USDJPY=X,7.757732051061514e-05
2026-06-23,USDJPY=X,7.016171885023798e-05
2026-06-24,USDJPY=X,0.0004875732750665787
2026-06-25,USDJPY=X,8.532839050460949e-05
2026-06-26,USDJPY=X,0.0005386066316631284
2026-06-29,USDJPY=X,-0.00013987917049852996
2026-06-30,USDJPY=X,9.651273000661386e-05
2026-07-01,USDJPY=X,0.00038870907396261896
2026-07-02,USDJPY=X,0.000577781190668313
2026-07-03,USDJPY=X,0.000434538509665451
2026-07-06,USDJPY=X,0.0001070504281950136
2026-07-07,USDJPY=X,7.623271560170354e-05
2026-07-08,USDJPY=X,4.869238256312402e-06
2026-07-09,USDJPY=X,-0.00015183394652861466
2026-07-10,USDJPY=X,-5.803423681487525e-05
2026-07-13,USDJPY=X,-0.00015041383202484294
2026-07-14,USDJPY=X,0.00015503808718823707
2026-07-15,USDJPY=X,0.0001995754626992587
2026-07-16,USDJPY=X,0.0003637532768702556
2026-07-17,USDJPY=X,0.00028299233642073895
2026-07-20,USDJPY=X,0.00014996780184305572
2026-07-21,USDJPY=X,0.00025841726500446666
2026-07-22,USDJPY=X,0.00036245265111221246
2026-07-23,USDJPY=X,0.00022031912074114401
2026-07-24,USDJPY=X,0.00042439296350016686
2026-07-27,USDJPY=X,0.0004843800920678518
2026-07-28,USDJPY=X,2.515643590847495e-05
2026-07-29,USDJPY=X,0.00038445611095700414
2026-07-30,USDJPY=X,0.0002302861279382943
2026-05-01,GBPUSD=X,0.0002819123756833874
2026-05-04,GBPUSD=X,0.00018950754389118385
2026-05-05,GBPUSD=X,3.6304076651051456e-05
2026-05-06,GBPUSD=X,0.0002681511922622631
2026-05-07,GBPUSD=X,-0.00034788464767178927
2026-05-08,GBPUSD=X,0.00025226444783209143
2026-05-11,GBPUSD=X,-3.608704701553584e-05
2026-05-12,GBPUSD=X,-0.0004745270879954193
2026-05-13,GBPUSD=X,0.0003719014018271443
2026-05-14,GBPUSD=X,0.00027265683355242855
2026-05-15,GBPUSD=X,0.0003924305290852904
2026-05-18,GBPUSD=X,0.0005945575684113579
2026-05-19,GBPUSD=X,0.0005429861527103774
2026-05-20,GBPUSD=X,4.4033456247216206e-05
2026-05-21,GBPUSD=X,-0.00014137613956279486
2026-05-22,GBPUSD=X,0.0001828781462431696
2026-05-25,GBPUSD=X,-0.0004620372162213314
2026-05-26,GBPUSD=X,3.606534843157964e-05
2026-05-27,GBPUSD=X,0.00047439082212737967
2026-05-28,GBPUSD=X,0.0005915330609358131
2026-05-29,GBPUSD=X,0.0001745138404207713
2026-06-01,GBPUSD=X,0.0004331638548312153
2026-06-02,GBPUSD=X,-3.679810823435173e-05
2026-06-03,GBPUSD=X,0.0002360789265939541
2026-06-04,GBPUSD=X,0.00028156303612954464
2026-06-05,GBPUSD=X,0.00011287372608385527
2026-06-08,GBPUSD=X,0.0006149543179152616
2026-06-09,GBPUSD=X,0.0003383708986237705
2026-06-10,GBPUSD=X,0.0004584174161498792
2026-06-11,GBPUSD=X,0.00028249140826348433
2026-06-12,GBPUSD=X,-0.00018880341946995945
2026-06-15,GBPUSD=X,0.0004796743360228623
2026-06-16,GBPUSD=X,-1.452018497374397e-05
2026-06-17,GBPUSD=X,2.4999424927492917e-05
2026-06-18,GBPUSD=X,0.0004189094870980632
2026-06-19,GBPUSD=X,0.0004970490722020884
2026-06-22,GBPUSD=X,0.0007811124908935216
2026-06-23,GBPUSD=X,0.00032691367251799053
2026-06-24,GBPUSD=X,-0.00012388465662492015
2026-06-25,GBPUSD=X,0.0003553139434328428
2026-06-26,GBPUSD=X,0.0006685813728015419
2026-06-29,GBPUSD=X,0.0002945158215631454
2026-06-30,GBPUSD=X,0.0006886624024642743
2026-07-01,GBPUSD=X,5.5052758655036065e-05
2026-07-02,GBPUSD=X,0.0005910033675677286
2026-07-03,GBPUSD=X,-0.0004278491275370645
2026-07-06,GBPUSD=X,-9.433145807029456e-05
2026-07-07,GBPUSD=X,0.0002814240625130252
2026-07-08,GBPUSD=X,0.0002725747772482395
2026-07-09,GBPUSD=X,0.00025147021746466406
2026-07-10,GBPUSD=X,0.0002879541798179772
2026-07-13,GBPUSD=X,0.00028569752223612117
2026-07-14,GBPUSD=X,0.00046356585524181344
2026-07-15,GBPUSD=X,1.0540338233872731e-05
2026-07-16,GBPUSD=X,-0.0001976959434995811
2026-07-17,GBPUSD=X,0.00031732304536239407
2026-07-20,GBPUSD=X,0.00027370494203494267
2026-07-21,GBPUSD=X,-0.00028362294014496554
2026-07-22,GBPUSD=X,-0.0003987686646923692
2026-07-23,GBPUSD=X,0.00011621814316340887
2026-07-24,GBPUSD=X,-3.408511660327117e-05
2026-07-27,GBPUSD=X,0.0003461680062691481
2026-07-28,GBPUSD=X,0.00012494492002274558
2026-07-29,GBPUSD=X,1.3552774598646967e-05
2026-07-30,GBPUSD=X,0.00014153569517448556
2026-05-05,GC=F,-0.0003378461089455129
2026-05-06,GC=F,-3.52988890798439e-05
2026-05-07,GC=F,8.005731309520522e-05
2026-05-08,GC=F,-2.8656999064211695e-05
2026-05-11,GC=F,-3.416097201539766e-05
2026-05-12,GC=F,1.386538348793193e-05
2026-05-13,GC=F,7.992613553231945e-05
2026-05-14,GC=F,2.9067388664435425e-05
2026-05-15,GC=F,2.928717227438137e-05
2026-05-18,GC=F,4.695510634694032e-05
2026-05-19,GC=F,4.814436170009009e-05
2026-05-20,GC=F,0.00014258856923068927
2026-05-21,GC=F,9.288065536283032e-05
2026-05-22,GC=F,6.62389708594865e-05
2026-05-26,GC=F,-4.749935378950065e-05
2026-05-27,GC=F,-5.7029139327409824e-05
2026-05-28,GC=F,-2.2282265596545497e-05
2026-05-29,GC=F,-3.445795294941771e-05
2026-06-01,GC=F,-0.00028932313857697777
2026-06-02,GC=F,-0.00031449136260207794
2026-06-03,GC=F,8.492465405291757e-05
2026-06-04,GC=F,6.743673163833672e-05
2026-06-05,GC=F,3.426568454930162e-05
2026-06-08,GC=F,3.9384567780746086e-05
2026-06-09,GC=F,5.358440478806772e-05
2026-06-10,GC=F,0.0002180490828613826
2026-06-11,GC=F,-3.650298194446139e-05
2026-06-12,GC=F,0.0007344103822692104
2026-06-15,GC=F,0.0006883601042399432
2026-06-16,GC=F,2.165973959428633e-05
2026-06-17,GC=F,-5.494323705998044e-05
2026-06-18,GC=F,5.955427702367278e-05
2026-06-22,GC=F,8.370843154012627e-05
2026-06-23,GC=F,0.00019669885668373492
2026-06-24,GC=F,0.00027899983589067833
2026-06-25,GC=F,0.0001620113032228453
2026-06-26,GC=F,-6.616105903318113e-06
2026-06-29,GC=F,-5.908823617707013e-05
2026-06-30,GC=F,9.94341419475621e-05
2026-07-01,GC=F,0.00013145678852673738
2026-07-02,GC=F,0.00030022086439447404
2026-07-06,GC=F,4.494649199675009e-06
2026-07-07,GC=F,7.718112679585893e-05
2026-07-08,GC=F,-5.6943071677386405e-05
2026-07-09,GC=F,1.6059921566347953e-05
2026-07-10,GC=F,-3.861832937186056e-05
2026-07-13,GC=F,-4.208614768556771e-05
2026-07-14,GC=F,0.000346107892367302
2026-07-15,GC=F,0.00017906425799891576
2026-07-16,GC=F,0.00032735322974809957
2026-07-17,GC=F,0.000377088858701992
2026-07-20,GC=F,-2.403877773620788e-06
2026-07-21,GC=F,-5.452576067796354e-05
2026-07-22,GC=F,-0.00023163689206752842
2026-07-23,GC=F,-1.1917395764638945e-06
2026-07-24,GC=F,-0.00011863482934287072
2026-07-27,GC=F,-7.995722673966973e-05
2026-07-28,GC=F,4.082555534631066e-05
2026-07-29,GC=F,5.589347534793146e-05
2026-07-30,GC=F,0.00016627593841087913
2026-05-05,IWM,8.316643096343853e-05
2026-05-06,IWM,-0.0001461479541266248
2026-05-07,IWM,-0.00031714655419551015
2026-05-08,IWM,0.00027112852089672396
2026-05-11,IWM,6.316943802926933e-05
2026-05-12,IWM,0.00014991535733035192
2026-05-13,IWM,4.936196322513691e-05
2026-05-14,IWM,-9.457234612192478e-06
2026-05-15,IWM,-5.9313044100898e-05
2026-05-18,IWM,6.363252400090516e-05
2026-05-19,IWM,-8.804427214452222e-05
2026-05-20,IWM,0.00019047065181143632
2026-05-21,IWM,-2.954872453985629e-06
2026-05-22,IWM,-7.241575507912715e-06
2026-05-26,IWM,-7.831424973073621e-05
2026-05-27,IWM,-0.00010596090387230092
2026-05-28,IWM,-0.00029583777602131873
2026-05-29,IWM,0.00011676653347994743
2026-06-01,IWM,9.705577137668719e-05
2026-06-02,IWM,0.00013962101486601425
2026-06-03,IWM,0.00015769729965964038
2026-06-04,IWM,-0.0002133532283346477
2026-06-05,IWM,0.00010149126573229821
2026-06-08,IWM,0.0002625949234032902
2026-06-09,IWM,0.00015486605514782045
2026-06-10,IWM,-0.00042061382099339454
2026-06-11,IWM,-0.000247111936074375
2026-06-12,IWM,-3.7723299301309714e-06
2026-06-15,IWM,7.796752870142424e-05
2026-06-16,IWM,0.0001562959300449147
2026-06-17,IWM,0.00017917074850126342
2026-06-18,IWM,0.00031013041305307247
2026-06-22,IWM,1.5907313536325716e-05
2026-06-23,IWM,0.00017818993523026667
2026-06-24,IWM,1.679125010844759e-05
2026-06-25,IWM,0.00015290360874248093
2026-06-26,IWM,-0.00013030927663311635
2026-06-29,IWM,0.00016958497367463297
2026-06-30,IWM,0.00022848148538468746
2026-07-01,IWM,-0.000117615217900544
2026-07-02,IWM,9.93492101130042e-05
2026-07-06,IWM,2.3602174273364334e-05
2026-07-07,IWM,5.897258127706569e-05
2026-07-08,IWM,7.70437616209181e-05
2026-07-09,IWM,3.5828797223701974e-05
2026-07-10,IWM,0.00012152307684090775
2026-07-13,IWM,0.00010318430128909329
2026-07-14,IWM,9.356746120688556e-05
2026-07-15,IWM,2.2514704268107365e-05
2026-07-16,IWM,-8.683512735864901e-05
2026-07-17,IWM,0.0001474527705016432
2026-07-20,IWM,-5.382298923983284e-06
2026-07-21,IWM,5.000526686626769e-05
2026-07-22,IWM,0.00015680071271787055
2026-07-23,IWM,-9.503698119189316e-06
2026-07-24,IWM,6.455111799957396e-05
2026-07-27,IWM,0.00020508669092043333
2026-07-28,IWM,6.843071301642247e-05
2026-07-29,IWM,-2.377209979989006e-05
2026-07-30,IWM,2.3811894708846276e-05
2026-05-08,HDFCBANK.NS,0.002784621442640638
2026-05-11,HDFCBANK.NS,0.0004385266311996434
2026-05-12,HDFCBANK.NS,0.0022269795566502546
2026-05-13,HDFCBANK.NS,-0.00013058141866723462
2026-05-14,HDFCBANK.NS,5.773193211502751e-05
2026-05-15,HDFCBANK.NS,-0.0007686054996596332
2026-05-18,HDFCBANK.NS,-0.001170147538449885
2026-05-19,HDFCBANK.NS,-0.0010280834690118029
2026-05-20,HDFCBANK.NS,-0.00019979773953882345
2026-05-21,HDFCBANK.NS,0.0003732610095556505
2026-05-22,HDFCBANK.NS,0.00038321535948480185
2026-05-25,HDFCBANK.NS,0.0004133077727981223
2026-05-26,HDFCBANK.NS,-0.0008275397374171689
2026-05-27,HDFCBANK.NS,-0.0010737227234347074
2026-05-28,HDFCBANK.NS,-6.525762648703764e-06
2026-05-29,HDFCBANK.NS,0.00013463327440046554
2026-06-01,HDFCBANK.NS,0.0005270080662494417
2026-06-02,HDFCBANK.NS,-0.00048644170708945746
2026-06-03,HDFCBANK.NS,-0.0007705336583520853
2026-06-04,HDFCBANK.NS,-0.000608531654013509
2026-06-05,HDFCBANK.NS,0.0009187325359045571
2026-06-08,HDFCBANK.NS,-0.0009532254983405075
2026-06-09,HDFCBANK.NS,0.0014892069754411023
2026-06-10,HDFCBANK.NS,-0.00030598765328499253
2026-06-11,HDFCBANK.NS,0.0006739564405267596
2026-06-12,HDFCBANK.NS,-0.000736569813840927
2026-06-15,HDFCBANK.NS,0.0001633567675856224
2026-06-16,HDFCBANK.NS,-0.0018002022698668442
2026-06-17,HDFCBANK.NS,-0.0009085318604811308
2026-06-18,HDFCBANK.NS,0.0004320523280874128
2026-06-19,HDFCBANK.NS,0.0016951890887111146
2026-06-22,HDFCBANK.NS,0.0003855890842351908
2026-06-23,HDFCBANK.NS,0.001305767299700002
2026-06-24,HDFCBANK.NS,0.0018951621806579336
2026-06-25,HDFCBANK.NS,0.006671124254079789
2026-06-26,HDFCBANK.NS,0.0009145788450054611
2026-06-29,HDFCBANK.NS,0.0005848901510819495
2026-06-30,HDFCBANK.NS,0.0006206636548649042
2026-07-01,HDFCBANK.NS,0.00014306065363904822
2026-07-02,HDFCBANK.NS,-2.3369008712840646e-05
2026-07-03,HDFCBANK.NS,4.090551929731238e-05
2026-07-06,HDFCBANK.NS,2.695747737911997e-05
2026-07-07,HDFCBANK.NS,-0.00011603514034035675
2026-07-08,HDFCBANK.NS,-6.563354824843034e-05
2026-07-09,HDFCBANK.NS,0.0002333043834631476
2026-07-10,HDFCBANK.NS,0.00021417279205837415
2026-07-13,HDFCBANK.NS,4.134542377791495e-05
2026-07-14,HDFCBANK.NS,-0.00011927333511834676
2026-07-15,HDFCBANK.NS,0.00025439427060633906
2026-07-16,HDFCBANK.NS,5.94557548515115e-05
2026-07-17,HDFCBANK.NS,-6.334178120184779e-05
2026-07-20,HDFCBANK.NS,-0.00042798625089620306
2026-07-21,HDFCBANK.NS,0.0004396708394754194
2026-07-22,HDFCBANK.NS,0.00034389294207795313
2026-07-23,HDFCBANK.NS,5.0919117430028387e-05
2026-07-24,HDFCBANK.NS,-0.0009924333702764838
2026-07-27,HDFCBANK.NS,0.0002637819825476881
2026-07-28,HDFCBANK.NS,0.0003243845592678194
2026-07-29,HDFCBANK.NS,-0.0015193042400158164
2026-07-30,HDFCBANK.NS,-0.00033060540660311314
2026-05-01,EURUSD=X,0.0003356316590628597
2026-05-04,EURUSD=X,0.00021379031025988866
2026-05-05,EURUSD=X,0.0001487404794968974
2026-05-06,EURUSD=X,-1.24630693684539e-05
2026-05-07,EURUSD=X,0.00014606904536979652
2026-05-08,EURUSD=X,0.0004501716193226785
2026-05-11,EURUSD=X,-0.00024021211700718794
2026-05-12,EURUSD=X,-0.0003504830981733378
2026-05-13,EURUSD=X,0.0003270919211311668
2026-05-14,EURUSD=X,0.0001162582380428743
2026-05-15,EURUSD=X,0.00023736234111906862
2026-05-18,EURUSD=X,0.0005834205911697556
2026-05-19,EURUSD=X,0.00012134240131826422
2026-05-20,EURUSD=X,2.8674319491644817e-05
2026-05-21,EURUSD=X,-0.0004659625911506354
2026-05-22,EURUSD=X,-0.00019804432573191668
2026-05-25,EURUSD=X,-0.000548433746993774
2026-05-26,EURUSD=X,0.00021616051262524327
2026-05-27,EURUSD=X,0.0006002886090561725
2026-05-28,EURUSD=X,0.0005285108319895793
2026-05-29,EURUSD=X,0.0006803077233513438
2026-06-01,EURUSD=X,0.0007823273000164384
2026-06-02,EURUSD=X,-1.634464143616155e-05
2026-06-03,EURUSD=X,0.0008641852741494663
2026-06-04,EURUSD=X,0.00023962779742192928
2026-06-05,EURUSD=X,0.00020880517520428815
2026-06-08,EURUSD=X,0.0008357361698627868
2026-06-09,EURUSD=X,0.00038349121550708236
2026-06-10,EURUSD=X,0.00046099157372505987
2026-06-11,EURUSD=X,0.0011304456535871001
2026-06-12,EURUSD=X,8.593973725874917e-05
2026-06-15,EURUSD=X,0.0005455915035945152
2026-06-16,EURUSD=X,-2.2231265372607716e-05
2026-06-17,EURUSD=X,3.5580217905211355e-06
2026-06-18,EURUSD=X,0.0003729454812528825
2026-06-19,EURUSD=X,0.0009367226569975073
2026-06-22,EURUSD=X,0.001011148206958408
2026-06-23,EURUSD=X,0.0006645061306749394
2026-06-24,EURUSD=X,3.0903400800156206e-05
2026-06-25,EURUSD=X,0.0006633496868909791
2026-06-26,EURUSD=X,0.0008395056905663137
2026-06-29,EURUSD=X,0.0008062344809636585
2026-06-30,EURUSD=X,0.0005613921125733836
2026-07-01,EURUSD=X,0.0004946979688646677
2026-07-02,EURUSD=X,0.00036610917155887587
2026-07-03,EURUSD=X,-0.0003281559718715342
2026-07-06,EURUSD=X,-3.9009391712797404e-05
2026-07-07,EURUSD=X,0.0003868416848799986
2026-07-08,EURUSD=X,0.0005022219707202977
2026-07-09,EURUSD=X,0.00011311288766668256
2026-07-10,EURUSD=X,0.00016039551157775054
2026-07-13,EURUSD=X,0.00043733457189541503
2026-07-14,EURUSD=X,0.0007737672290534589
2026-07-15,EURUSD=X,0.00031531033191690717
2026-07-16,EURUSD=X,0.0003772360642899619
2026-07-17,EURUSD=X,0.0004483706291263121
2026-07-20,EURUSD=X,-0.0005985206975511824
2026-07-21,EURUSD=X,-0.0005653280399066433
2026-07-22,EURUSD=X,-0.0004722151948771776
2026-07-23,EURUSD=X,-0.00021045219391997548
2026-07-24,EURUSD=X,-0.00032244666838087755
2026-07-27,EURUSD=X,-8.591336984345166e-05
2026-07-28,EURUSD=X,-0.00014808656330278445
2026-07-29,EURUSD=X,-0.0002697381876908267
2026-07-30,EURUSD=X,-0.00020614055768824818
2026-05-05,NVDA,4.0820003257705024e-05
2026-05-06,NVDA,-5.70706820905063e-05
2026-05-07,NVDA,3.32527133294328e-05
2026-05-08,NVDA,0.00015173640213123835
2026-05-11,NVDA,-0.00011440067519376756
2026-05-12,NVDA,0.00021246584687872246
2026-05-13,NVDA,0.00014821586958318933
2026-05-14,NVDA,3.2822735036153246e-05
2026-05-15,NVDA,0.00021799621299007545
2026-05-18,NVDA,4.017064582738468e-05
2026-05-19,NVDA,0.00010479585626521256
2026-05-20,NVDA,8.146119380900629e-05
2026-05-21,NVDA,0.00025334405056729207
2026-05-22,NVDA,0.00021122642426939442
2026-05-26,NVDA,1.691140192980926e-05
2026-05-27,NVDA,2.9692627859599462e-05
2026-05-28,NVDA,-4.296586380054305e-05
2026-05-29,NVDA,-1.2312710508852121e-05
2026-06-01,NVDA,-2.1413804170070164e-05
2026-06-02,NVDA,5.04508923194168e-05
2026-06-03,NVDA,1.526312769567934e-05
2026-06-04,NVDA,3.7201410217916824e-05
2026-06-05,NVDA,5.207299927868794e-05
2026-06-08,NVDA,0.00013675084292316659
2026-06-09,NVDA,0.0001596736215733318
2026-06-10,NVDA,2.9395986613295604e-05
2026-06-11,NVDA,-4.490372804806037e-06
2026-06-12,NVDA,-3.424999668946822e-05
2026-06-15,NVDA,3.1107891396281704e-05
2026-06-16,NVDA,7.30895110577594e-05
2026-06-17,NVDA,5.357899804517591e-05
2026-06-18,NVDA,3.875640877122141e-05
2026-06-22,NVDA,5.1981978443168334e-05
2026-06-23,NVDA,0.00011274825536426481
2026-06-24,NVDA,8.971448490118139e-07
2026-06-25,NVDA,9.10314322590176e-05
2026-06-26,NVDA,1.4542100832246363e-05
2026-06-29,NVDA,4.952062313760206e-05
2026-06-30,NVDA,-7.959259326130004e-05
2026-07-01,NVDA,4.925472354343775e-05
2026-07-02,NVDA,0.00021376253322767785
2026-07-06,NVDA,-5.217738722489404e-05
2026-07-07,NVDA,0.00030012108471072485
2026-07-08,NVDA,0.000284917864021905
2026-07-09,NVDA,0.00011205503367030848
2026-07-10,NVDA,3.734543068964619e-06
2026-07-13,NVDA,4.579202986586921e-05
2026-07-14,NVDA,3.7327637476797095e-05
2026-07-15,NVDA,1.3619746722781674e-05
2026-07-16,NVDA,-2.6627838844417397e-06
2026-07-17,NVDA,0.00016474223622495456
2026-07-20,NVDA,0.0003003807862537677
2026-07-21,NVDA,9.050006244567098e-05
2026-07-22,NVDA,6.985166360536741e-05
2026-07-23,NVDA,-2.1766292202209445e-05
2026-07-24,NVDA,-8.44418579721695e-05
2026-07-27,NVDA,1.5623426381886503e-05
2026-07-28,NVDA,6.146229398136027e-05
2026-07-29,NVDA,5.048930530962882e-05
2026-07-30,NVDA,3.613077767310382e-05
2026-05-05,META,0.0002005080289745087
2026-05-06,META,-8.27708588003456e-06
2026-05-07,META,-2.9747138839493e-05
2026-05-08,META,7.071962631254545e-06
2026-05-11,META,-7.826205835664386e-06
2026-05-12,META,-7.911153574704015e-05
2026-05-13,META,0.00023777675813288466
2026-05-14,META,9.789495542971128e-06
2026-05-15,META,0.0002624704932087707
2026-05-18,META,-0.0001280521426793639
2026-05-19,META,-9.683141860361012e-05
2026-05-20,META,-0.0001587414079347577
2026-05-21,META,3.9217149838462866e-05
2026-05-22,META,3.645069168183947e-05
2026-05-26,META,-0.0003464021959255534
2026-05-27,META,-0.0003354530543289483
2026-05-28,META,-0.0002729256891152719
2026-05-29,META,-6.461467234547933e-06
2026-06-01,META,0.00026234395248403783
2026-06-02,META,-5.58932801539474e-05
2026-06-03,META,-0.0003131125326409303
2026-06-04,META,-0.0002707329377307072
2026-06-05,META,-0.0007060622865226156
2026-06-08,META,0.00022157204240030406
2026-06-09,META,0.0003253156247124318
2026-06-10,META,0.0001369267046417806
2026-06-11,META,0.00017228022753307156
2026-06-12,META,3.7536011417842184e-05
2026-06-15,META,-0.00024249388578355407
2026-06-16,META,0.0001817470059697524
2026-06-17,META,2.5911278733685553e-05
2026-06-18,META,0.0001489466546015075
2026-06-22,META,0.00021701419921390155
2026-06-23,META,0.00022987821982711027
2026-06-24,META,0.000186189910905123
2026-06-25,META,0.00014482094302778147
2026-06-26,META,0.00018528886310270124
2026-06-29,META,-1.0975234924790273e-05
2026-06-30,META,4.150361351411039e-05
2026-07-01,META,0.0001438868609739211
2026-07-02,META,0.0003355501850746728
2026-07-06,META,0.00022740855880747844
2026-07-07,META,4.902989044051589e-05
2026-07-08,META,-0.00014687290174725408
2026-07-09,META,-5.8299684111228284e-05
2026-07-10,META,-9.081105224394925e-05
2026-07-13,META,0.00054131701706431
2026-07-14,META,0.00021845228256026032
2026-07-15,META,3.0341633294272488e-05
2026-07-16,META,0.0003947223465418674
2026-07-17,META,0.00020550762214378238
2026-07-20,META,-4.24958297648881e-05
2026-07-21,META,-8.157423377234659e-05
2026-07-22,META,0.00011273897616374253
2026-07-23,META,0.0002596468909699062
2026-07-24,META,-6.540550080191737e-05
2026-07-27,META,6.023301950090157e-05
2026-07-28,META,-3.620699436743358e-05
2026-07-29,META,7.657490963603863e-05
2026-07-30,META,7.795240506381787e-06
2026-05-01,USDINR=X,0.00010856060853105114
2026-05-04,USDINR=X,0.0022677490436550612
2026-05-05,USDINR=X,0.00043124671806288545
2026-05-06,USDINR=X,9.526072090635083e-05
2026-05-07,USDINR=X,0.0007985520387947183
2026-05-08,USDINR=X,0.00016221044160027082
2026-05-11,USDINR=X,0.0006034862079911372
2026-05-12,USDINR=X,0.0013342190839674443
2026-05-13,USDINR=X,0.00015100126498915123
2026-05-14,USDINR=X,0.002224157180573781
2026-05-15,USDINR=X,-0.00029194092792078397
2026-05-18,USDINR=X,0.00012402359467956686
2026-05-19,USDINR=X,-0.00013017165472195604
2026-05-20,USDINR=X,0.00038674576404518213
2026-05-21,USDINR=X,-0.008563134873134204
2026-05-22,USDINR=X,0.00021991193815659724
2026-05-25,USDINR=X,0.00047904919792749986
2026-05-26,USDINR=X,-0.0004613523094030738
2026-05-27,USDINR=X,-7.15833654223211e-05
2026-05-28,USDINR=X,-8.61153402461016e-05
2026-05-29,USDINR=X,0.00036872932796280875
2026-06-01,USDINR=X,0.0002763730110220546
2026-06-02,USDINR=X,0.0005091683732892989
2026-06-03,USDINR=X,6.128337987886021e-05
2026-06-04,USDINR=X,8.202265418957361e-05
2026-06-05,USDINR=X,0.0001097739105000236
2026-06-08,USDINR=X,-0.00039783733101789924
2026-06-09,USDINR=X,0.0005688782153685496
2026-06-10,USDINR=X,0.000176082234300218
2026-06-11,USDINR=X,0.000420399486507673
2026-06-12,USDINR=X,0.00015995597595758475
2026-06-15,USDINR=X,0.00025711723533430663
2026-06-16,USDINR=X,0.0007300650615805482
2026-06-17,USDINR=X,0.0002008826786549032
2026-06-18,USDINR=X,6.474815692164439e-05
2026-06-19,USDINR=X,0.0004792642980824761
2026-06-22,USDINR=X,-0.00041124022100562304
2026-06-23,USDINR=X,-0.00016812919828417076
2026-06-24,USDINR=X,0.00034577018314622135
2026-06-25,USDINR=X,0.0004632355285555721
2026-06-26,USDINR=X,-0.0005787888804557751
2026-06-29,USDINR=X,0.00011342080520270536
2026-06-30,USDINR=X,-1.2038242314472861e-05
2026-07-01,USDINR=X,5.0540717185341185e-05
2026-07-02,USDINR=X,-0.00032543075620471883
2026-07-03,USDINR=X,-0.00016625574512866187
2026-07-06,USDINR=X,1.0050802401141813e-05
2026-07-07,USDINR=X,-0.00034031305713758825
2026-07-08,USDINR=X,0.00013919739045131806
2026-07-09,USDINR=X,0.0001210544097910805
2026-07-10,USDINR=X,0.0001864844375780923
2026-07-13,USDINR=X,7.243399990292304e-05
2026-07-14,USDINR=X,0.0005030748136525924
2026-07-15,USDINR=X,0.00013577975410847826
2026-07-16,USDINR=X,-0.00011769650150158771
2026-07-17,USDINR=X,0.00018526347799845632
2026-07-20,USDINR=X,0.00014585030034904606
2026-07-21,USDINR=X,0.0003040558677061025
2026-07-22,USDINR=X,-1.843105562801165e-05
2026-07-23,USDINR=X,0.00028015382990928414
2026-07-24,USDINR=X,0.00032889449040546655
2026-07-27,USDINR=X,0.00012749259753903588
2026-07-28,USDINR=X,-0.00033701938783424094
2026-07-29,USDINR=X,0.0002749417326773285
2026-07-30,USDINR=X,0.0003887768826474697
2026-05-05,EEM,0.00021019968679996363
2026-05-06,EEM,-1.4163336759549701e-05
2026-05-07,EEM,0.0005806881323436499
2026-05-08,EEM,0.0003618582520466229
2026-05-11,EEM,1.187425639381201e-05
2026-05-12,EEM,-3.178523316490295e-05
2026-05-13,EEM,-6.184685719527059e-05
2026-05-14,EEM,0.0002183653911646719
2026-05-15,EEM,-0.0001779751404895791
2026-05-18,EEM,2.0007624601411773e-05
2026-05-19,EEM,-2.1599163912205865e-05
2026-05-20,EEM,-0.0003186968756052583
2026-05-21,EEM,0.00028567669064387576
2026-05-22,EEM,3.2985455471241517e-05
2026-05-26,EEM,-0.0009217358438787787
2026-05-27,EEM,-0.00012152058507566575
2026-05-28,EEM,-0.000638047157578248
2026-05-29,EEM,0.0003239331311375484
2026-06-01,EEM,0.00022748064350675056
2026-06-02,EEM,1.666340946274576e-05
2026-06-03,EEM,0.00016550328304770157
2026-06-04,EEM,-2.576714271517085e-05
2026-06-05,EEM,1.442319770000207e-05
2026-06-08,EEM,0.0034555016496581182
2026-06-09,EEM,3.4121559399184324e-05
2026-06-10,EEM,0.0008826509660293498
2026-06-11,EEM,0.00014647602751010987
2026-06-12,EEM,0.00019966184683648541
2026-06-15,EEM,0.0019752736658238913
2026-06-16,EEM,0.0014849033115523886
2026-06-17,EEM,0.00012503386458635626
2026-06-18,EEM,0.00017986629571369663
2026-06-22,EEM,2.2097470299022174e-05
2026-06-23,EEM,1.6797666556507044e-05
2026-06-24,EEM,0.000470469863581816
2026-06-25,EEM,0.0002464727553407907
2026-06-26,EEM,0.00014433312991504721
2026-06-29,EEM,8.753670516270354e-05
2026-06-30,EEM,0.00010858379812015792
2026-07-01,EEM,-1.5367786225275823e-05
2026-07-02,EEM,-1.687866534586914e-05
2026-07-06,EEM,-0.00016451260453175504
2026-07-07,EEM,0.00022418553559608846
2026-07-08,EEM,6.594569364182649e-05
2026-07-09,EEM,-1.6992926761927575e-05
2026-07-10,EEM,-1.630116366888608e-08
2026-07-13,EEM,0.0001842286980834812
2026-07-14,EEM,7.245013570445978e-05
2026-07-15,EEM,0.0005534547526482228
2026-07-16,EEM,5.365831072989528e-05
2026-07-17,EEM,0.0001152890142764929
2026-07-20,EEM,-7.68700555141888e-05
2026-07-21,EEM,2.518222417209541e-05
2026-07-22,EEM,9.648802513190888e-05
2026-07-23,EEM,-1.0384804172774148e-06
2026-07-24,EEM,2.6631031860050073e-05
2026-07-27,EEM,8.1117375442459e-05
2026-07-28,EEM,0.00018066473988704793
2026-07-29,EEM,8.406044094493235e-06
2026-07-30,EEM,5.8764462895884264e-05
2026-05-05,AMZN,-0.0008310287939115427
2026-05-06,AMZN,-0.0009595104447865934
2026-05-07,AMZN,-0.000920593047077962
2026-05-08,AMZN,-0.0008797535948149163
2026-05-11,AMZN,0.000316479780776774
2026-05-12,AMZN,-0.0007370053075758088
2026-05-13,AMZN,-0.0003147154340899281
2026-05-14,AMZN,-8.80801893967113e-05
2026-05-15,AMZN,-0.0005642984884006847
2026-05-18,AMZN,0.00013064905210742115
2026-05-19,AMZN,-0.0003881220802861187
2026-05-20,AMZN,-0.0003245306758265798
2026-05-21,AMZN,-0.0003041971214716039
2026-05-22,AMZN,0.00064412242673229
2026-05-26,AMZN,0.00032332353297402655
2026-05-27,AMZN,0.00026658167099790747
2026-05-28,AMZN,0.0004814132335151461
2026-05-29,AMZN,0.00031008966327223574
2026-06-01,AMZN,0.00045192063660273664
2026-06-02,AMZN,-0.0003138469079160157
2026-06-03,AMZN,0.00039255047571011515
2026-06-04,AMZN,0.0001020242426725034
2026-06-05,AMZN,0.0005190690728279885
2026-06-08,AMZN,0.0002067192386219827
2026-06-09,AMZN,-0.0005309529782748986
2026-06-10,AMZN,-0.0008904212960176173
2026-06-11,AMZN,-0.0006235940087665122
2026-06-12,AMZN,0.0020508803343070423
2026-06-15,AMZN,0.00022251423251202956
2026-06-16,AMZN,0.0015486891537887192
2026-06-17,AMZN,0.0004167694582936035
2026-06-18,AMZN,-0.00047517078808172484
2026-06-22,AMZN,-0.0009668551799307561
2026-06-23,AMZN,-0.00015820809772165243
2026-06-24,AMZN,-0.00012190575243288627
2026-06-25,AMZN,0.00020970960076033146
2026-06-26,AMZN,2.917004950930529e-05
2026-06-29,AMZN,-0.00032817055769315416
2026-06-30,AMZN,7.495480963259906e-05
2026-07-01,AMZN,0.00029306229241993686
2026-07-02,AMZN,0.0004361497085771463
2026-07-06,AMZN,0.000369079691144597
2026-07-07,AMZN,0.00022964557256677494
2026-07-08,AMZN,-0.0003943250598637015
2026-07-09,AMZN,-0.0005746009656106018
2026-07-10,AMZN,-0.00032240925496797215
2026-07-13,AMZN,0.0001649494335537796
2026-07-14,AMZN,-0.0003242097903498406
2026-07-15,AMZN,-0.0012006022491105625
2026-07-16,AMZN,-0.00029456595637844036
2026-07-17,AMZN,-0.0002372112507508905
2026-07-20,AMZN,-0.0009977936053788415
2026-07-21,AMZN,-0.0005403377031716656
2026-07-22,AMZN,-0.0012694967455449924
2026-07-23,AMZN,-0.0005683481922311048
2026-07-24,AMZN,-0.00035949914861382014
2026-07-27,AMZN,-0.0005596902811130402
2026-07-28,AMZN,-4.9597380947583326e-05
2026-07-29,AMZN,8.393254130255021e-05
2026-07-30,AMZN,-0.0001914991843568552
2026-05-05,XOM,-0.0005262133701605546
2026-05-06,XOM,-4.5508657977757815e-05
2026-05-07,XOM,-0.00013551541793116876
2026-05-08,XOM,0.0003612694372487733
2026-05-11,XOM,0.00010888008895203144
2026-05-12,XOM,-0.0001876569657304016
2026-05-13,XOM,7.925030538959843e-05
2026-05-14,XOM,-0.0006013944013621952
2026-05-15,XOM,8.790596885488231e-05
2026-05-18,XOM,-0.00037528083716214475
2026-05-19,XOM,0.00199510434961478
2026-05-20,XOM,-0.0001237173680139324
2026-05-21,XOM,0.0002699032483781939
2026-05-22,XOM,0.00040500420537842855
2026-05-26,XOM,0.0003345938266761543
2026-05-27,XOM,-0.0014513371443511495
2026-05-28,XOM,-4.4283111277433654e-05
2026-05-29,XOM,-1.5540406152314218e-05
2026-06-01,XOM,0.0004829745095158201
2026-06-02,XOM,-0.00015597064063763814
2026-06-03,XOM,0.0006076222498154988
2026-06-04,XOM,0.00023040782105170578
2026-06-05,XOM,-0.00019654235142133736
2026-06-08,XOM,0.0001526986884656819
2026-06-09,XOM,0.0006631375059604303
2026-06-10,XOM,0.00010429700448914157
2026-06-11,XOM,-7.72187374108078e-05
2026-06-12,XOM,0.0003496614144151754
2026-06-15,XOM,-0.0004643820356126713
2026-06-16,XOM,-0.0005681333705818767
2026-06-17,XOM,0.0012463058998896665
2026-06-18,XOM,0.0013563347533223544
2026-06-22,XOM,3.719975464337065e-05
2026-06-23,XOM,-0.00048134239590200085
2026-06-24,XOM,0.0008184576061938539
2026-06-25,XOM,-0.0006984674778172383
2026-06-26,XOM,0.0010305407345760497
2026-06-29,XOM,0.0025983476801573237
2026-06-30,XOM,0.0009508463199974546
2026-07-01,XOM,0.00012497965799235485
2026-07-02,XOM,0.0008193964919881165
2026-07-06,XOM,0.00017408527558778015
2026-07-07,XOM,-0.0003517600813500134
2026-07-08,XOM,-0.0003359324934752288
2026-07-09,XOM,0.00017683660150509176
2026-07-10,XOM,8.324889176414284e-05
2026-07-13,XOM,0.0001414878592463121
2026-07-14,XOM,6.783241893486867e-05
2026-07-15,XOM,0.00014549501151771163
2026-07-16,XOM,0.00012534102115645325
2026-07-17,XOM,-0.00020696041545375057
2026-07-20,XOM,-5.1276167014482995e-05
2026-07-21,XOM,-8.082322026404147e-05
2026-07-22,XOM,-0.0002284164003994598
2026-07-23,XOM,0.00017620381510195587
2026-07-24,XOM,-5.709626985454999e-05
2026-07-27,XOM,0.00010352991434716732
2026-07-28,XOM,8.184010676138672e-05
2026-07-29,XOM,0.00010926031238335317
2026-07-30,XOM,0.00019263506560737148
2026-05-05,SPY,7.131036120104225e-05
2026-05-06,SPY,-0.00053532276981163
2026-05-07,SPY,0.0010305075067371392
2026-05-08,SPY,0.0004520254927157265
2026-05-11,SPY,-0.0014089991357607908
2026-05-12,SPY,0.00012114557823598516
2026-05-13,SPY,0.00046391778211657034
2026-05-14,SPY,0.0004290190241612531
2026-05-15,SPY,0.0005435686586994668
2026-05-18,SPY,0.0007741442117775866
2026-05-19,SPY,-0.00023723917793853113
2026-05-20,SPY,0.0020395401086399792
2026-05-21,SPY,0.0008656342807476818
2026-05-22,SPY,0.00012888886278969623
2026-05-26,SPY,-0.0006891433793035463
2026-05-27,SPY,0.00026049214410724824
2026-05-28,SPY,0.00016445398405091848
2026-05-29,SPY,4.9430533832820626e-05
2026-06-01,SPY,0.0002973483805048678
2026-06-02,SPY,0.00026092247856538434
2026-06-03,SPY,-7.642042463084567e-05
2026-06-04,SPY,-0.0004553304682592703
2026-06-05,SPY,-0.0005412394946339194
2026-06-08,SPY,0.00034820200413179374
2026-06-09,SPY,0.001055960183835206
2026-06-10,SPY,0.0038954776297049102
2026-06-11,SPY,-0.00018806286988960972
2026-06-12,SPY,0.00012132882493573192
2026-06-15,SPY,0.0022416935707778238
2026-06-16,SPY,0.0043842686275075106
2026-06-17,SPY,-7.782781937195959e-05
2026-06-18,SPY,0.00018770339013107144
2026-06-22,SPY,3.543247587334529e-05
2026-06-23,SPY,0.00047569499991161637
2026-06-24,SPY,0.00021676819535668075
2026-06-25,SPY,0.00029469572927647367
2026-06-26,SPY,-2.1421291945974704e-06
2026-06-29,SPY,-0.0003470064470182171
2026-06-30,SPY,-0.00032362953861003545
2026-07-01,SPY,0.0002938648286065462
2026-07-02,SPY,-0.0002545116084579905
2026-07-06,SPY,-0.0006175836243848113
2026-07-07,SPY,-0.00018108832081066678
2026-07-08,SPY,0.0001870546170818711
2026-07-09,SPY,-0.00017259562673352697
2026-07-10,SPY,9.283400286054578e-05
2026-07-13,SPY,0.00019576516159697124
2026-07-14,SPY,6.86562665211021e-05
2026-07-15,SPY,0.0006179138065684672
2026-07-16,SPY,-0.00031643263296432555
2026-07-17,SPY,0.0007288047927452609
2026-07-20,SPY,0.0002236644179786258
2026-07-21,SPY,0.0007185731049210439
2026-07-22,SPY,0.0001222933021675851
2026-07-23,SPY,0.00018530183643976383
2026-07-24,SPY,-0.0002696453397553899
2026-07-27,SPY,0.0002565216018726338
2026-07-28,SPY,0.00032504804847192605
2026-07-29,SPY,-5.4816211370603846e-05
2026-07-30,SPY,-3.1748175669496604e-05
2026-05-08,TCS.NS,0.0004925785767379793
2026-05-11,TCS.NS,-0.001339836855776638
2026-05-12,TCS.NS,-0.0010384954132256908
2026-05-13,TCS.NS,-0.00046863204772970584
2026-05-14,TCS.NS,0.002186878059483216
2026-05-15,TCS.NS,-0.00031063795167611747
2026-05-18,TCS.NS,0.003866352556214754
2026-05-19,TCS.NS,0.00010525585715064206
2026-05-20,TCS.NS,0.0008589851490026057
2026-05-21,TCS.NS,0.0016745123944513602
2026-05-22,TCS.NS,0.0014594907030592375
2026-05-25,TCS.NS,0.0020207103314489124
2026-05-26,TCS.NS,0.003138161699614622
2026-05-27,TCS.NS,0.001645339729048507
2026-05-28,TCS.NS,0.0026639112800514635
2026-05-29,TCS.NS,0.0030054544521662804
2026-06-01,TCS.NS,0.0015366405623197165
2026-06-02,TCS.NS,0.0022268238636154324
2026-06-03,TCS.NS,0.004156771615584832
2026-06-04,TCS.NS,0.0035569507571293723
2026-06-05,TCS.NS,0.004107000491271193
2026-06-08,TCS.NS,0.0026109142879101274
2026-06-09,TCS.NS,0.002047468202016833
2026-06-10,TCS.NS,0.0016965280744996201
2026-06-11,TCS.NS,0.004026849435079849
2026-06-12,TCS.NS,0.0038907382122799223
2026-06-15,TCS.NS,0.001985270660760392
2026-06-16,TCS.NS,0.0009869612512847677
2026-06-17,TCS.NS,0.001417589359322397
2026-06-18,TCS.NS,0.0009418037966063231
2026-06-19,TCS.NS,0.0015408348108771348
2026-06-22,TCS.NS,0.0008873071517807934
2026-06-23,TCS.NS,0.003398109953906879
2026-06-24,TCS.NS,0.0013759118788782931
2026-06-25,TCS.NS,0.0028689858827832
2026-06-26,TCS.NS,0.0017164968703026766
2026-06-29,TCS.NS,0.00013306053320378178
2026-06-30,TCS.NS,3.888517255596013e-06
2026-07-01,TCS.NS,0.0035915207614042473
2026-07-02,TCS.NS,0.0004547231304939002
2026-07-03,TCS.NS,-0.0007245725714375352
2026-07-06,TCS.NS,0.001400983388628606
2026-07-07,TCS.NS,0.0022040851029783005
2026-07-08,TCS.NS,0.000954615504829145
2026-07-09,TCS.NS,1.6343249290681094e-05
2026-07-10,TCS.NS,0.0016070962023053022
2026-07-13,TCS.NS,0.001216077973410384
2026-07-14,TCS.NS,0.001121986610478196
2026-07-15,TCS.NS,0.0009697198621643829
2026-07-16,TCS.NS,-2.1017111566529967e-06
2026-07-17,TCS.NS,0.0018023511449059306
2026-07-20,TCS.NS,0.00023461153750413513
2026-07-21,TCS.NS,0.0014205130640492997
2026-07-22,TCS.NS,0.0037021895595099794
2026-07-23,TCS.NS,0.0005511531928432402
2026-07-24,TCS.NS,0.00020608544724011482
2026-07-27,TCS.NS,0.0005093592048996913
2026-07-28,TCS.NS,0.0022083633806593106
2026-07-29,TCS.NS,0.0009852488944556916
2026-07-30,TCS.NS,-0.000533747645587653
2026-05-05,DX-Y.NYB,0.0007758203435804535
2026-05-06,DX-Y.NYB,0.0012048866799491962
2026-05-07,DX-Y.NYB,0.0012726319802644163
2026-05-08,DX-Y.NYB,0.0009499659318641837
2026-05-11,DX-Y.NYB,0.0005230842345303979
2026-05-12,DX-Y.NYB,0.001012496756969421
2026-05-13,DX-Y.NYB,0.0018693769649590223
2026-05-14,DX-Y.NYB,0.00048529767495260345
2026-05-15,DX-Y.NYB,0.00022858963315482955
2026-05-18,DX-Y.NYB,-0.0002328707158177546
2026-05-19,DX-Y.NYB,0.0005544546151006457
2026-05-20,DX-Y.NYB,0.00039729846939132196
2026-05-21,DX-Y.NYB,0.0007373853924935537
2026-05-22,DX-Y.NYB,0.0005913190789827359
2026-05-26,DX-Y.NYB,0.0011883435055622205
2026-05-27,DX-Y.NYB,0.0010233361740756384
2026-05-28,DX-Y.NYB,0.00048645903921283113
2026-05-29,DX-Y.NYB,0.0005553245043415235
2026-06-01,DX-Y.NYB,2.539089079619016e-05
2026-06-02,DX-Y.NYB,0.0007120664294229649
2026-06-03,DX-Y.NYB,-0.0005875245289271883
2026-06-04,DX-Y.NYB,0.00037339902135728064
2026-06-05,DX-Y.NYB,-0.00021899687590389282
2026-06-08,DX-Y.NYB,-0.0003232047716714299
2026-06-09,DX-Y.NYB,5.5343526551467543e-05
2026-06-10,DX-Y.NYB,0.00011243963108563878
2026-06-11,DX-Y.NYB,0.00041214452986997345
2026-06-12,DX-Y.NYB,0.0005085233243652042
2026-06-15,DX-Y.NYB,-0.0001612552869368155
2026-06-16,DX-Y.NYB,0.000329236915288574
2026-06-17,DX-Y.NYB,0.0002316065168576881
2026-06-18,DX-Y.NYB,0.00013582363283671123
2026-06-22,DX-Y.NYB,9.683184924089985e-05
2026-06-23,DX-Y.NYB,-0.0004060657280424593
2026-06-24,DX-Y.NYB,0.0001888217312369754
2026-06-25,DX-Y.NYB,-0.0005145605598007404
2026-06-26,DX-Y.NYB,0.0002882815628692753
2026-06-29,DX-Y.NYB,0.0007252641094816359
2026-06-30,DX-Y.NYB,0.000257369494077552
2026-07-01,DX-Y.NYB,0.00030980074589545114
2026-07-02,DX-Y.NYB,0.0005568111212163804
2026-07-06,DX-Y.NYB,0.0018018539703185171
2026-07-07,DX-Y.NYB,0.0013674905269248378
2026-07-08,DX-Y.NYB,0.0001353681523674251
2026-07-09,DX-Y.NYB,3.5597795277890605e-05
2026-07-10,DX-Y.NYB,0.00019298933415565954
2026-07-13,DX-Y.NYB,0.0004509356255776178
2026-07-14,DX-Y.NYB,0.0003400339219882083
2026-07-15,DX-Y.NYB,0.0004885550306579781
2026-07-16,DX-Y.NYB,0.00043698394842271363
2026-07-17,DX-Y.NYB,0.0009048656404831838
2026-07-20,DX-Y.NYB,0.00035914545946624923
2026-07-21,DX-Y.NYB,0.0005999097738895569
2026-07-22,DX-Y.NYB,0.0007467321133776827
2026-07-23,DX-Y.NYB,0.00018158088953029115
2026-07-24,DX-Y.NYB,0.00035298286379082495
2026-07-27,DX-Y.NYB,-0.0003636061086713957
2026-07-28,DX-Y.NYB,0.0008793945901525653
2026-07-29,DX-Y.NYB,0.0012447566926833444
2026-07-30,DX-Y.NYB,3.6351484005748306e-05
2026-05-05,QQQ,-0.0004118030653477846
2026-05-06,QQQ,-0.0009033489010194029
2026-05-07,QQQ,-6.540865253041441e-05
2026-05-08,QQQ,-0.0005785639464776864
2026-05-11,QQQ,-0.0011823620074992017
2026-05-12,QQQ,0.0003025368435418423
2026-05-13,QQQ,-0.0002779788555561365
2026-05-14,QQQ,-0.001319742471975204
2026-05-15,QQQ,0.0007180114492795456
2026-05-18,QQQ,0.0006939362773365273
2026-05-19,QQQ,0.0016781941392068048
2026-05-20,QQQ,0.003166300235948748
2026-05-21,QQQ,0.001803758159521614
2026-05-22,QQQ,0.0009349910098583651
2026-05-26,QQQ,-0.0013026095843385345
2026-05-27,QQQ,0.001404968284990959
2026-05-28,QQQ,0.001301697638438413
2026-05-29,QQQ,-0.00013421309285187023
2026-06-01,QQQ,1.6224512780978428e-05
2026-06-02,QQQ,-0.0002390113180815899
2026-06-03,QQQ,9.920414557357328e-05
2026-06-04,QQQ,-6.678451193946292e-05
2026-06-05,QQQ,0.0012159474422616943
2026-06-08,QQQ,0.00071861426079849
2026-06-09,QQQ,0.0007969820753697057
2026-06-10,QQQ,0.0029271246743431223
2026-06-11,QQQ,-0.00027945029370468724
2026-06-12,QQQ,0.0009168280321548964
2026-06-15,QQQ,0.0036159135405342824
2026-06-16,QQQ,0.008389537833070497
2026-06-17,QQQ,4.581013318161125e-05
2026-06-18,QQQ,0.00330112226302023
2026-06-22,QQQ,2.3923917291568886e-05
2026-06-23,QQQ,0.0021323187569290743
2026-06-24,QQQ,7.419321335800245e-05
2026-06-25,QQQ,0.000140463872826455
2026-06-26,QQQ,-0.0001277937748030626
2026-06-29,QQQ,-0.00037297853841719656
2026-06-30,QQQ,1.895602236681682e-05
2026-07-01,QQQ,-0.0005584446089978286
2026-07-02,QQQ,-0.00022434129626142864
2026-07-06,QQQ,0.0002661673568831306
2026-07-07,QQQ,0.0003514445906806964
2026-07-08,QQQ,-0.00031837273003248903
2026-07-09,QQQ,-0.0007845582302332782
2026-07-10,QQQ,-0.0011061957846033902
2026-07-13,QQQ,-0.000566997816969059
2026-07-14,QQQ,-0.0003735017395462125
2026-07-15,QQQ,-0.0004719663614627872
2026-07-16,QQQ,-0.0008197498551070436
2026-07-17,QQQ,0.0015123646499465055
2026-07-20,QQQ,7.623728089739577e-05
2026-07-21,QQQ,0.00037807919125335617
2026-07-22,QQQ,-0.0007361240952512841
2026-07-23,QQQ,-0.0009873730358920295
2026-07-24,QQQ,-0.0016328467318515985
2026-07-27,QQQ,-0.00047546487342284705
2026-07-28,QQQ,-0.0004535960637555897
2026-07-29,QQQ,-0.00016055164700485203
2026-07-30,QQQ,0.00017838721198779327
2026-05-05,GOOGL,-0.00012183372110699474
2026-05-06,GOOGL,-0.000738636143679554
2026-05-07,GOOGL,-0.0010003896678339526
2026-05-08,GOOGL,-0.0007967070405402247
2026-05-11,GOOGL,0.0006713907813768593
2026-05-12,GOOGL,0.0014432122730449512
2026-05-13,GOOGL,0.000826475454608499
2026-05-14,GOOGL,0.001925213384971716
2026-05-15,GOOGL,0.00016989918203022587
2026-05-18,GOOGL,0.0019732907193885088
2026-05-19,GOOGL,0.0004199706043138613
2026-05-20,GOOGL,0.0017176210899989793
2026-05-21,GOOGL,0.0013901359578509952
2026-05-22,GOOGL,0.00048792176550622893
2026-05-26,GOOGL,-0.00021828461237560691
2026-05-27,GOOGL,0.000677637888990287
2026-05-28,GOOGL,-6.857623824720173e-05
2026-05-29,GOOGL,0.0005609991171533835
2026-06-01,GOOGL,0.00035839968717142124
2026-06-02,GOOGL,0.0006711840885743527
2026-06-03,GOOGL,0.0006039401519976884
2026-06-04,GOOGL,-0.00025431714941702085
2026-06-05,GOOGL,-2.977082076973674e-05
2026-06-08,GOOGL,0.0007857753171881742
2026-06-09,GOOGL,0.0008665634934257289
2026-06-10,GOOGL,-0.001340687016561977
2026-06-11,GOOGL,0.0015062313745732895
2026-06-12,GOOGL,1.1510825695629925e-05
2026-06-15,GOOGL,0.0021429376737686226
2026-06-16,GOOGL,0.0033432197926122524
2026-06-17,GOOGL,-0.00020271905324785515
2026-06-18,GOOGL,-2.096988779468275e-05
2026-06-22,GOOGL,0.0019359543570044591
2026-06-23,GOOGL,0.0007312117629131784
2026-06-24,GOOGL,0.0008720154203857672
2026-06-25,GOOGL,0.001954822799325339
2026-06-26,GOOGL,0.0035132183469996337
2026-06-29,GOOGL,0.0020774426974496194
2026-06-30,GOOGL,0.00032081372912152756
2026-07-01,GOOGL,0.0012515635051432844
2026-07-02,GOOGL,0.001628682022704071
2026-07-06,GOOGL,0.0013787131918999924
2026-07-07,GOOGL,0.0014541671211305348
2026-07-08,GOOGL,0.0013209698951483077
2026-07-09,GOOGL,0.0010933795905252446
2026-07-10,GOOGL,0.0011234547103759257
2026-07-13,GOOGL,0.0008473786820187293
2026-07-14,GOOGL,-0.0010455547302492703
2026-07-15,GOOGL,0.000591133242538338
2026-07-16,GOOGL,0.0010310723151212842
2026-07-17,GOOGL,0.0027840122467211363
2026-07-20,GOOGL,-0.00016109475529906076
2026-07-21,GOOGL,0.0003722945954412785
2026-07-22,GOOGL,0.0007013950571078087
2026-07-23,GOOGL,0.0011586790807849535
2026-07-24,GOOGL,0.002788977402340644
2026-07-27,GOOGL,0.000689313973020002
2026-07-28,GOOGL,0.0006561152593630418
2026-07-29,GOOGL,0.0013296160668718844
2026-07-30,GOOGL,-0.0010519071254528583
