time,symbol,weight
2025-11-06,SBIN.NS,0.22122036632508868
2025-11-07,SBIN.NS,0.2547523661657457
2025-11-10,SBIN.NS,0.2857903924983306
2025-11-11,SBIN.NS,0.2939310473315894
2025-11-12,SBIN.NS,0.29865368113993723
2025-11-13,SBIN.NS,0.372649330553228
2025-11-14,SBIN.NS,0.1886500397736308
2025-11-17,SBIN.NS,0.2264047756037476
2025-11-18,SBIN.NS,0.2745441535032552
2025-11-19,SBIN.NS,0.19300036561142456
2025-11-20,SBIN.NS,0.3067033847257301
2025-11-21,SBIN.NS,0.43748505315770353
2025-11-24,SBIN.NS,0.4238211848966431
2025-11-25,SBIN.NS,0.27260058706980694
2025-11-26,SBIN.NS,0.43070555433815405
2025-11-27,SBIN.NS,0.5056784826941093
2025-11-28,SBIN.NS,0.3325306321654113
2025-12-01,SBIN.NS,0.4362135016347644
2025-12-02,SBIN.NS,0.5188981165231445
2025-12-03,SBIN.NS,0.6588876942181056
2025-12-04,SBIN.NS,0.5857577486213571
2025-12-05,SBIN.NS,0.3403098378093568
2025-12-08,SBIN.NS,0.5768204403988473
2025-12-09,SBIN.NS,0.44948123980204246
2025-12-10,SBIN.NS,0.4105231795455665
2025-12-11,SBIN.NS,0.38153319523241086
2025-12-12,SBIN.NS,0.47022250584128433
2025-12-15,SBIN.NS,0.37971864801988364
2025-12-16,SBIN.NS,0.49177020314301195
2025-12-17,SBIN.NS,0.31464268859486894
2025-12-18,SBIN.NS,0.4159969391598236
2025-12-19,SBIN.NS,0.3874259595826941
2025-12-22,SBIN.NS,0.49596847043337516
2025-12-23,SBIN.NS,0.4705330729271219
2025-12-24,SBIN.NS,0.5780666300025376
2025-12-26,SBIN.NS,0.6250592351414088
2025-12-29,SBIN.NS,0.6006071669362856
2025-12-30,SBIN.NS,0.5084253278609564
2025-12-31,SBIN.NS,0.47115938272061064
2026-01-01,SBIN.NS,0.49706413005010835
2026-01-02,SBIN.NS,0.31931543644180177
2026-01-05,SBIN.NS,0.30845006149985493
2026-01-06,SBIN.NS,0.2790464608953308
2026-01-07,SBIN.NS,0.4648367754886042
2026-01-08,SBIN.NS,0.5215981353479411
2026-01-09,SBIN.NS,0.5145433504438559
2026-01-12,SBIN.NS,0.4018947864193921
2026-01-13,SBIN.NS,0.3990985153021352
2026-01-14,SBIN.NS,0.4600287951972542
2026-01-15,SBIN.NS,0.46465924367896216
2026-01-16,SBIN.NS,0.3859881568810051
2026-01-19,SBIN.NS,0.5272981227644952
2026-01-20,SBIN.NS,0.5748875837481444
2026-01-21,SBIN.NS,0.6181955871882343
2026-01-22,SBIN.NS,0.3483808634533945
2026-01-23,SBIN.NS,0.6632287511176478
2026-01-27,SBIN.NS,0.3373345120443224
2026-01-28,SBIN.NS,0.3593952312811809
2026-01-29,SBIN.NS,0.38755710185655085
2025-11-06,TCS.NS,0.4072279426194815
2025-11-07,TCS.NS,0.4761328535323296
2025-11-10,TCS.NS,0.39376996837915185
2025-11-11,TCS.NS,0.39305778878858255
2025-11-12,TCS.NS,0.1667517835141734
2025-11-13,TCS.NS,0.33008676913737683
2025-11-14,TCS.NS,0.2686986162336607
2025-11-17,TCS.NS,0.3087436392475019
2025-11-18,TCS.NS,0.34520874141604546
2025-11-19,TCS.NS,0.2286828592919681
2025-11-20,TCS.NS,0.3239037889002778
2025-11-21,TCS.NS,0.3096655791138296
2025-11-24,TCS.NS,0.38174573043813737
2025-11-25,TCS.NS,0.40435024068241654
2025-11-26,TCS.NS,0.32018100537461675
2025-11-27,TCS.NS,0.4140609655328611
2025-11-28,TCS.NS,0.3667221021568507
2025-12-01,TCS.NS,0.3549879392072575
2025-12-02,TCS.NS,0.34106348499172856
2025-12-03,TCS.NS,0.24992452398608556
2025-12-04,TCS.NS,0.15113337944103541
2025-12-05,TCS.NS,0.19925623104583332
2025-12-08,TCS.NS,0.19595323234060208
2025-12-09,TCS.NS,0.2760892900179084
2025-12-10,TCS.NS,0.32797250147354934
2025-12-11,TCS.NS,0.3755851163548644
2025-12-12,TCS.NS,0.29745038697411774
2025-12-15,TCS.NS,0.3163740854257169
2025-12-16,TCS.NS,0.3790252934861668
2025-12-17,TCS.NS,0.2944966445525889
2025-12-18,TCS.NS,0.1624778583260912
2025-12-19,TCS.NS,0.2709024366533142
2025-12-22,TCS.NS,0.180142306220825
2025-12-23,TCS.NS,0.23109447660093982
2025-12-24,TCS.NS,0.19435025971867742
2025-12-26,TCS.NS,0.3932006432101578
2025-12-29,TCS.NS,0.3945176805281687
2025-12-30,TCS.NS,0.3871993175290388
2025-12-31,TCS.NS,0.48165853877875225
2026-01-01,TCS.NS,0.3683707190395199
2026-01-02,TCS.NS,0.3284141078691148
2026-01-05,TCS.NS,0.45772530576080195
2026-01-06,TCS.NS,0.3130222002237568
2026-01-07,TCS.NS,0.216214625966622
2026-01-08,TCS.NS,0.5330021299897411
2026-01-09,TCS.NS,0.41412062102173564
2026-01-12,TCS.NS,0.3144830396814129
2026-01-13,TCS.NS,0.2920329530557079
2026-01-14,TCS.NS,0.5471897843101353
2026-01-15,TCS.NS,0.35386357371486593
2026-01-16,TCS.NS,0.168863563519543
2026-01-19,TCS.NS,0.42180524442514966
2026-01-20,TCS.NS,0.5384167510910227
2026-01-21,TCS.NS,0.3675294483933436
2026-01-22,TCS.NS,0.3307398429442528
2026-01-23,TCS.NS,0.4004075570364962
2026-01-27,TCS.NS,0.38997187075520345
2026-01-28,TCS.NS,0.1968699096254601
2026-01-29,TCS.NS,0.4028799904736054
2025-10-31,UNH,0.18667308523100906
2025-11-03,UNH,0.22444006884123202
2025-11-04,UNH,0.2179447155736075
2025-11-05,UNH,0.21366715786868778
2025-11-06,UNH,0.22864975890925437
2025-11-07,UNH,0.1970621363551763
2025-11-10,UNH,0.20070848474524874
2025-11-11,UNH,0.15099271145913248
2025-11-12,UNH,0.10537999852015112
2025-11-13,UNH,0.1531643014810459
2025-11-14,UNH,0.1977293936697199
2025-11-17,UNH,0.1837295578323487
2025-11-18,UNH,0.2271983717793482
2025-11-19,UNH,0.24227859982024857
2025-11-20,UNH,0.20946874375398575
2025-11-21,UNH,0.16040143855287178
2025-11-24,UNH,0.1830317084749233
2025-11-25,UNH,0.13917889421684027
2025-11-26,UNH,0.13585532166920689
2025-11-28,UNH,0.14371361443723835
2025-12-01,UNH,0.18444549400420834
2025-12-02,UNH,0.15628450293653193
2025-12-03,UNH,0.08821315681667279
2025-12-04,UNH,0.16138675662130836
2025-12-05,UNH,0.1617987912175427
2025-12-08,UNH,0.17440395089755273
2025-12-09,UNH,0.16927516217429986
2025-12-10,UNH,0.1723511169584401
2025-12-11,UNH,0.13858601222607747
2025-12-12,UNH,0.1364099029117956
2025-12-15,UNH,0.14302651225523635
2025-12-16,UNH,0.17318746710378843
2025-12-17,UNH,0.17200185232430837
2025-12-18,UNH,0.1934518014209878
2025-12-19,UNH,0.1952412271721542
2025-12-22,UNH,0.20822430715259385
2025-12-23,UNH,0.20296623398608615
2025-12-24,UNH,0.17896128823906118
2025-12-26,UNH,0.16485879147202903
2025-12-29,UNH,0.19737139939863313
2025-12-30,UNH,0.1717629004928669
2025-12-31,UNH,0.18193096039470663
2026-01-02,UNH,0.14721743077289798
2026-01-05,UNH,0.15330360806764423
2026-01-06,UNH,0.12208386298659261
2026-01-07,UNH,0.18531656328780846
2026-01-08,UNH,0.1265210871038093
2026-01-09,UNH,0.17127017317589743
2026-01-12,UNH,0.1895905098105675
2026-01-13,UNH,0.23367677299331865
2026-01-14,UNH,0.1975541098964171
2026-01-15,UNH,0.18257161151644705
2026-01-16,UNH,0.22939935065189718
2026-01-20,UNH,0.15706615152045236
2026-01-21,UNH,0.11370271609324852
2026-01-22,UNH,0.10467239731256428
2026-01-23,UNH,0.11180976599754332
2026-01-26,UNH,0.12953856600878388
2026-01-27,UNH,0.3569114396182408
2026-01-28,UNH,0.1974307673670111
2026-01-29,UNH,0.23531809566600898
2025-10-31,TLT,0.8414158772881175
2025-11-03,TLT,0.869922964274528
2025-11-04,TLT,0.7865644886921368
2025-11-05,TLT,1.0172817105334355
2025-11-06,TLT,0.6280882919386909
2025-11-07,TLT,0.7508817024403021
2025-11-10,TLT,0.795151743488486
2025-11-11,TLT,0.6916422702822206
2025-11-12,TLT,0.6087512327178802
2025-11-13,TLT,0.8685147445808239
2025-11-14,TLT,0.9335028063243147
2025-11-17,TLT,0.8323089575845407
2025-11-18,TLT,0.8955370471447783
2025-11-19,TLT,0.9397777816308943
2025-11-20,TLT,0.7945277287380553
2025-11-21,TLT,0.7084221423650904
2025-11-24,TLT,0.6607102747423547
2025-11-25,TLT,0.6758473861152806
2025-11-26,TLT,0.6222965465131036
2025-11-28,TLT,0.7295812357451131
2025-12-01,TLT,0.933840361425201
2025-12-02,TLT,0.8024319865734131
2025-12-03,TLT,0.7713621611613366
2025-12-04,TLT,0.9862066649961972
2025-12-05,TLT,0.9768730733837504
2025-12-08,TLT,0.9201483668256943
2025-12-09,TLT,0.8671989846289332
2025-12-10,TLT,0.8202493793795834
2025-12-11,TLT,0.9167433858795105
2025-12-12,TLT,1.095817958278724
2025-12-15,TLT,0.916072727948677
2025-12-16,TLT,0.8214071957824309
2025-12-17,TLT,0.9664998081188715
2025-12-18,TLT,0.8162889722227421
2025-12-19,TLT,0.8961259111644645
2025-12-22,TLT,0.9707171268655735
2025-12-23,TLT,0.985445570180117
2025-12-24,TLT,0.8630938016973935
2025-12-26,TLT,1.0879484013430354
2025-12-29,TLT,0.9556612982525733
2025-12-30,TLT,1.044403770147657
2025-12-31,TLT,1.1937547737024483
2026-01-02,TLT,1.149985783609392
2026-01-05,TLT,0.9794899225872769
2026-01-06,TLT,1.1006440688383992
2026-01-07,TLT,0.9143656869677281
2026-01-08,TLT,1.074548412463391
2026-01-09,TLT,0.8144367644984667
2026-01-12,TLT,1.0654086917241312
2026-01-13,TLT,0.9614663330077132
2026-01-14,TLT,0.8456804235093132
2026-01-15,TLT,0.9056836597727812
2026-01-16,TLT,1.1125161495779219
2026-01-20,TLT,1.3365846509227772
2026-01-21,TLT,0.9849457821458969
2026-01-22,TLT,0.9903157324011175
2026-01-23,TLT,0.9847772155831972
2026-01-26,TLT,0.877031234343921
2026-01-27,TLT,1.0146001627485215
2026-01-28,TLT,1.0475001866444458
2026-01-29,TLT,1.059204666635953
2025-10-31,AMZN,0.047482877851487
2025-11-03,AMZN,0.0714902799622174
2025-11-04,AMZN,0.1855678635559899
2025-11-05,AMZN,0.1502712346945566
2025-11-06,AMZN,0.2097019373027889
2025-11-07,AMZN,0.22473592822371494
2025-11-10,AMZN,0.20805929281004878
2025-11-11,AMZN,0.21763810550360194
2025-11-12,AMZN,0.26885903169950565
2025-11-13,AMZN,0.28389756208813255
2025-11-14,AMZN,0.28001489795324186
2025-11-17,AMZN,0.2857915757593049
2025-11-18,AMZN,0.375263768658258
2025-11-19,AMZN,0.32401025510599
2025-11-20,AMZN,0.36326927538131026
2025-11-21,AMZN,0.29015373227421504
2025-11-24,AMZN,0.25876825989450203
2025-11-25,AMZN,0.2344578216384846
2025-11-26,AMZN,0.26654605142081855
2025-11-28,AMZN,0.1998410967630141
2025-12-01,AMZN,0.20963909937513148
2025-12-02,AMZN,0.25822227585469726
2025-12-03,AMZN,0.31030460515084246
2025-12-04,AMZN,0.32243780735158095
2025-12-05,AMZN,0.31878610290968123
2025-12-08,AMZN,0.34272741491356945
2025-12-09,AMZN,0.3158452122350848
2025-12-10,AMZN,0.27045143250387055
2025-12-11,AMZN,0.3014882159177709
2025-12-12,AMZN,0.33484223150676556
2025-12-15,AMZN,0.33500490996734544
2025-12-16,AMZN,0.3127447750355526
2025-12-17,AMZN,0.3383759170188214
2025-12-18,AMZN,0.2385353081615234
2025-12-19,AMZN,0.25271365799045375
2025-12-22,AMZN,0.2319705817679711
2025-12-23,AMZN,0.19756752124756116
2025-12-24,AMZN,0.2250877661054677
2025-12-26,AMZN,0.25762447905600305
2025-12-29,AMZN,0.26097268803470725
2025-12-30,AMZN,0.26538716795433864
2025-12-31,AMZN,0.3082527532290262
2026-01-02,AMZN,0.3581487330049493
2026-01-05,AMZN,0.24514610089673833
2026-01-06,AMZN,0.18270458598656142
2026-01-07,AMZN,0.2275265383307835
2026-01-08,AMZN,0.163645989813159
2026-01-09,AMZN,0.176185356155873
2026-01-12,AMZN,0.2179149380150934
2026-01-13,AMZN,0.2906810828512604
2026-01-14,AMZN,0.3255878962697132
2026-01-15,AMZN,0.28097315797195355
2026-01-16,AMZN,0.27931661943390457
2026-01-20,AMZN,0.37685824148757185
2026-01-21,AMZN,0.317132901600139
2026-01-22,AMZN,0.26412449188117015
2026-01-23,AMZN,0.228007792723337
2026-01-26,AMZN,0.28122663207527215
2026-01-27,AMZN,0.17387430584746996
2026-01-28,AMZN,0.23706938557921142
2026-01-29,AMZN,0.25190982315441496
2025-11-06,INFY.NS,0.37246560932940537
2025-11-07,INFY.NS,0.31830865380309986
2025-11-10,INFY.NS,0.20989099925410912
2025-11-11,INFY.NS,0.2530996194272263
2025-11-12,INFY.NS,0.18382930121312172
2025-11-13,INFY.NS,0.23512686435812905
2025-11-14,INFY.NS,0.3613453103851648
2025-11-17,INFY.NS,0.298762096104317
2025-11-18,INFY.NS,0.38550227257406616
2025-11-19,INFY.NS,0.1657914720860695
2025-11-20,INFY.NS,0.27731168276837975
2025-11-21,INFY.NS,0.21976554995864053
2025-11-24,INFY.NS,0.26838136586668476
2025-11-25,INFY.NS,0.3072283645987282
2025-11-26,INFY.NS,0.24594859564045476
2025-11-27,INFY.NS,0.24738317315354832
2025-11-28,INFY.NS,0.2951356296265516
2025-12-01,INFY.NS,0.25520651579985326
2025-12-02,INFY.NS,0.25417265282325807
2025-12-03,INFY.NS,0.22767553929030018
2025-12-04,INFY.NS,0.19259048652248903
2025-12-05,INFY.NS,0.14963621878623895
2025-12-08,INFY.NS,0.2047346345972345
2025-12-09,INFY.NS,0.251069080407437
2025-12-10,INFY.NS,0.3162629604070691
2025-12-11,INFY.NS,0.29058864058904255
2025-12-12,INFY.NS,0.31828741549119477
2025-12-15,INFY.NS,0.2617422882570501
2025-12-16,INFY.NS,0.31391111902554586
2025-12-17,INFY.NS,0.23269596797892605
2025-12-18,INFY.NS,0.20264227299740634
2025-12-19,INFY.NS,0.20905557844899914
2025-12-22,INFY.NS,0.07217318965063758
2025-12-23,INFY.NS,0.2025071936949536
2025-12-24,INFY.NS,0.1878010898318751
2025-12-26,INFY.NS,0.25485356939971304
2025-12-29,INFY.NS,0.2950233126782966
2025-12-30,INFY.NS,0.39121162584028457
2025-12-31,INFY.NS,0.35224906103839343
2026-01-01,INFY.NS,0.2839806961184961
2026-01-02,INFY.NS,0.2802740877633582
2026-01-05,INFY.NS,0.42261540851042523
2026-01-06,INFY.NS,0.3389568711129847
2026-01-07,INFY.NS,0.2230420987122952
2026-01-08,INFY.NS,0.3865345880007242
2026-01-09,INFY.NS,0.34365092361297467
2026-01-12,INFY.NS,0.38199944205082104
2026-01-13,INFY.NS,0.33366980936288304
2026-01-14,INFY.NS,0.36622242584469455
2026-01-15,INFY.NS,0.3261141493222028
2026-01-16,INFY.NS,0.030595844661803095
2026-01-19,INFY.NS,0.19510012169699734
2026-01-20,INFY.NS,0.2625277715375114
2026-01-21,INFY.NS,0.2689767510284722
2026-01-22,INFY.NS,0.2554636397084317
2026-01-23,INFY.NS,0.3301957433361358
2026-01-27,INFY.NS,0.29289785089218384
2026-01-28,INFY.NS,0.3183972616489143
2026-01-29,INFY.NS,0.30040345157169906
2025-10-31,EEM,0.50470638228601
2025-11-03,EEM,0.4835163462472154
2025-11-04,EEM,0.7042332705751474
2025-11-05,EEM,0.5208010810209397
2025-11-06,EEM,0.6186558320932948
2025-11-07,EEM,0.5800353057248383
2025-11-10,EEM,0.38581075891913813
2025-11-11,EEM,0.44541438545769946
2025-11-12,EEM,0.4886405772108286
2025-11-13,EEM,0.6163913683566193
2025-11-14,EEM,0.5740141924637804
2025-11-17,EEM,0.7475019420895762
2025-11-18,EEM,0.7619686010436824
2025-11-19,EEM,0.7560217536327931
2025-11-20,EEM,0.8314397589437237
2025-11-21,EEM,0.7779121919264004
2025-11-24,EEM,0.6434685198763376
2025-11-25,EEM,0.665066594449489
2025-11-26,EEM,0.6061377089430645
2025-11-28,EEM,0.586604294361477
2025-12-01,EEM,0.6001836526000599
2025-12-02,EEM,0.627563689065226
2025-12-03,EEM,0.6513540276888287
2025-12-04,EEM,0.6641984262048498
2025-12-05,EEM,0.6057000010540725
2025-12-08,EEM,0.6727646764197304
2025-12-09,EEM,0.6798625428950451
2025-12-10,EEM,0.587433255314305
2025-12-11,EEM,0.691330263673921
2025-12-12,EEM,0.8260922546305047
2025-12-15,EEM,0.7781229506269419
2025-12-16,EEM,0.8277451428935719
2025-12-17,EEM,0.8876992074630363
2025-12-18,EEM,0.6896130701065751
2025-12-19,EEM,0.6181224657090291
2025-12-22,EEM,0.6383682585663536
2025-12-23,EEM,0.582527301370608
2025-12-24,EEM,0.5862557252454114
2025-12-26,EEM,0.552006103768183
2025-12-29,EEM,0.684206958890155
2025-12-30,EEM,0.6533322366453148
2025-12-31,EEM,0.7561725840259629
2026-01-02,EEM,0.4096753836212431
2026-01-05,EEM,0.47674979312329124
2026-01-06,EEM,0.46332615317650255
2026-01-07,EEM,0.6067711366554273
2026-01-08,EEM,0.5478068897444551
2026-01-09,EEM,0.5901711823742153
2026-01-12,EEM,0.49166889584996004
2026-01-13,EEM,0.7358677429950068
2026-01-14,EEM,0.6043872216137696
2026-01-15,EEM,0.5611775555478916
2026-01-16,EEM,0.6381557303378828
2026-01-20,EEM,0.7718270648969456
2026-01-21,EEM,0.5009627986378292
2026-01-22,EEM,0.5380561888929115
2026-01-23,EEM,0.5371731859563833
2026-01-26,EEM,0.557673900446235
2026-01-27,EEM,0.28335930690890226
2026-01-28,EEM,0.43496706365818677
2026-01-29,EEM,0.5472051684170915
2025-10-31,TSLA,0.12220396484880856
2025-11-03,TSLA,0.12472334277306094
2025-11-04,TSLA,0.1915009080663607
2025-11-05,TSLA,0.13415846869392492
2025-11-06,TSLA,0.1768260736720471
2025-11-07,TSLA,0.1992255587232448
2025-11-10,TSLA,0.1457053409012515
2025-11-11,TSLA,0.16682837229703307
2025-11-12,TSLA,0.18042319754888927
2025-11-13,TSLA,0.20661858880544495
2025-11-14,TSLA,0.17228280313751113
2025-11-17,TSLA,0.17447584374693967
2025-11-18,TSLA,0.19833660574368753
2025-11-19,TSLA,0.17538308420774026
2025-11-20,TSLA,0.18026983904971466
2025-11-21,TSLA,0.1829027359152546
2025-11-24,TSLA,0.12580593116228536
2025-11-25,TSLA,0.1525250104960411
2025-11-26,TSLA,0.14075500677231986
2025-11-28,TSLA,0.1354284140195083
2025-12-01,TSLA,0.13018454567098683
2025-12-02,TSLA,0.156553038070371
2025-12-03,TSLA,0.11856400147647649
2025-12-04,TSLA,0.1070923996020546
2025-12-05,TSLA,0.1252295792721752
2025-12-08,TSLA,0.15437818486786362
2025-12-09,TSLA,0.12326038946001602
2025-12-10,TSLA,0.13083376084998266
2025-12-11,TSLA,0.1527468311359165
2025-12-12,TSLA,0.12191357846060934
2025-12-15,TSLA,0.08002906631167302
2025-12-16,TSLA,0.07074882666033494
2025-12-17,TSLA,0.13426424652951185
2025-12-18,TSLA,0.06946908445955877
2025-12-19,TSLA,0.1047836681001016
2025-12-22,TSLA,0.09746018106098253
2025-12-23,TSLA,0.11844936250488944
2025-12-24,TSLA,0.11306153045358941
2025-12-26,TSLA,0.1442212210144023
2025-12-29,TSLA,0.16032153347980369
2025-12-30,TSLA,0.15720715412142333
2025-12-31,TSLA,0.17070013343126095
2026-01-02,TSLA,0.19063987434316854
2026-01-05,TSLA,0.14248827522665702
2026-01-06,TSLA,0.20208468121379206
2026-01-07,TSLA,0.17248558856256266
2026-01-08,TSLA,0.15872764078390572
2026-01-09,TSLA,0.14183439964699723
2026-01-12,TSLA,0.15355109614118806
2026-01-13,TSLA,0.15058524974752388
2026-01-14,TSLA,0.17077768853819983
2026-01-15,TSLA,0.17273366714382338
2026-01-16,TSLA,0.18085945750299537
2026-01-20,TSLA,0.22282249463937145
2026-01-21,TSLA,0.17255160076629056
2026-01-22,TSLA,0.1393112282567772
2026-01-23,TSLA,0.15926194556610915
2026-01-26,TSLA,0.1956693733222614
2026-01-27,TSLA,0.17845363820593363
2026-01-28,TSLA,0.1819191315295599
2026-01-29,TSLA,0.22725156969398758
2025-10-31,MSFT,0.5443759192351869
2025-11-03,MSFT,0.530664675032314
2025-11-04,MSFT,0.6482620036671286
2025-11-05,MSFT,0.697437479620674
2025-11-06,MSFT,0.7234749513609274
2025-11-07,MSFT,0.6315869806879072
2025-11-10,MSFT,0.49461820328601175
2025-11-11,MSFT,0.5100975162125909
2025-11-12,MSFT,0.48335246059781944
2025-11-13,MSFT,0.5647421861057743
2025-11-14,MSFT,0.41320852928586554
2025-11-17,MSFT,0.5307152755396073
2025-11-18,MSFT,0.6755678128342595
2025-11-19,MSFT,0.6875595686526947
2025-11-20,MSFT,0.7173645401618288
2025-11-21,MSFT,0.7569174360753482
2025-11-24,MSFT,0.702636070557726
2025-11-25,MSFT,0.6501084986799737
2025-11-26,MSFT,0.5489836959808863
2025-11-28,MSFT,0.494535707251494
2025-12-01,MSFT,0.547088859161372
2025-12-02,MSFT,0.47496877314410046
2025-12-03,MSFT,0.6532985158534831
2025-12-04,MSFT,0.5476659400218479
2025-12-05,MSFT,0.5599580739893213
2025-12-08,MSFT,0.433639708536103
2025-12-09,MSFT,0.48317631564185715
2025-12-10,MSFT,0.6158980358904497
2025-12-11,MSFT,0.49073010535168166
2025-12-12,MSFT,0.6027227434704808
2025-12-15,MSFT,0.6272780634228295
2025-12-16,MSFT,0.5993926139304581
2025-12-17,MSFT,0.5686027722985609
2025-12-18,MSFT,0.45748294536425066
2025-12-19,MSFT,0.462151431590348
2025-12-22,MSFT,0.4844194343948854
2025-12-23,MSFT,0.4515339713965467
2025-12-24,MSFT,0.4577514724475988
2025-12-26,MSFT,0.5143011074637533
2025-12-29,MSFT,0.5454437415119372
2025-12-30,MSFT,0.5469036146397757
2025-12-31,MSFT,0.613909598182027
2026-01-02,MSFT,0.7427017253576641
2026-01-05,MSFT,0.6515114561847469
2026-01-06,MSFT,0.5872235688927238
2026-01-07,MSFT,0.5655288802562298
2026-01-08,MSFT,0.6695514390865234
2026-01-09,MSFT,0.582915151341018
2026-01-12,MSFT,0.5881223913375124
2026-01-13,MSFT,0.7093642848109932
2026-01-14,MSFT,0.8148389229474926
2026-01-15,MSFT,0.7513043640363322
2026-01-16,MSFT,0.6780134753981744
2026-01-20,MSFT,0.7763326673004829
2026-01-21,MSFT,0.8502501681944915
2026-01-22,MSFT,0.6249626119830679
2026-01-23,MSFT,0.4266373159056791
2026-01-26,MSFT,0.49901001991330296
2026-01-27,MSFT,0.3751499401743637
2026-01-28,MSFT,0.4080991201797281
2026-01-29,MSFT,0.7229529044516709
2025-10-31,IWM,0.36044740137558595
2025-11-03,IWM,0.41214495545122715
2025-11-04,IWM,0.5038908599018298
2025-11-05,IWM,0.33060366935141783
2025-11-06,IWM,0.4869281345994316
2025-11-07,IWM,0.39174958882322786
2025-11-10,IWM,0.31315863230741997
2025-11-11,IWM,0.34532145380022583
2025-11-12,IWM,0.39089245457832905
2025-11-13,IWM,0.519086105497934
2025-11-14,IWM,0.4171508808393767
2025-11-17,IWM,0.555509388925022
2025-11-18,IWM,0.4977185935044532
2025-11-19,IWM,0.4996352019118781
2025-11-20,IWM,0.5606749526201353
2025-11-21,IWM,0.3302796871057624
2025-11-24,IWM,0.2992800462683301
2025-11-25,IWM,0.22536794678236602
2025-11-26,IWM,0.22931242956309475
2025-11-28,IWM,0.1696668707757127
2025-12-01,IWM,0.312169192113393
2025-12-02,IWM,0.3267017384841933
2025-12-03,IWM,0.24681633355998137
2025-12-04,IWM,0.2551995058030589
2025-12-05,IWM,0.3439554188937067
2025-12-08,IWM,0.2906972929341747
2025-12-09,IWM,0.2890350069351741
2025-12-10,IWM,0.25500676737934164
2025-12-11,IWM,0.2404306452644107
2025-12-12,IWM,0.36171634626512933
2025-12-15,IWM,0.33746056658679024
2025-12-16,IWM,0.3525997940628317
2025-12-17,IWM,0.4254876415620056
2025-12-18,IWM,0.37009098128933793
2025-12-19,IWM,0.3241683434713593
2025-12-22,IWM,0.28064421387355676
2025-12-23,IWM,0.37064918048747064
2025-12-24,IWM,0.33038101729795444
2025-12-26,IWM,0.41100489604474644
2025-12-29,IWM,0.45530673263809746
2025-12-30,IWM,0.5102981423410352
2025-12-31,IWM,0.5293003939342544
2026-01-02,IWM,0.44648720549198045
2026-01-05,IWM,0.37924000500021465
2026-01-06,IWM,0.3479067954685913
2026-01-07,IWM,0.3871675212864329
2026-01-08,IWM,0.29463445492511114
2026-01-09,IWM,0.3023413436466032
2026-01-12,IWM,0.3375408089794601
2026-01-13,IWM,0.4167888920274735
2026-01-14,IWM,0.355242276457516
2026-01-15,IWM,0.33804153894652406
2026-01-16,IWM,0.3516773139078529
2026-01-20,IWM,0.4362862526614538
2026-01-21,IWM,0.25828980211190655
2026-01-22,IWM,0.2980807467593337
2026-01-23,IWM,0.4794159538999471
2026-01-26,IWM,0.43360953599621904
2026-01-27,IWM,0.38669311946709534
2026-01-28,IWM,0.479311687743441
2026-01-29,IWM,0.4618541022190452
2025-10-31,JPM,0.4153087630882962
2025-11-03,JPM,0.48688617068711765
2025-11-04,JPM,0.483699464470219
2025-11-05,JPM,0.4275734229391174
2025-11-06,JPM,0.4540886284335227
2025-11-07,JPM,0.46845554606949436
2025-11-10,JPM,0.34719830934273127
2025-11-11,JPM,0.4531063288355663
2025-11-12,JPM,0.3510907318032918
2025-11-13,JPM,0.5983104095342856
2025-11-14,JPM,0.5815964571791461
2025-11-17,JPM,0.5860259695558194
2025-11-18,JPM,0.5824075985141047
2025-11-19,JPM,0.4940760726656527
2025-11-20,JPM,0.565983849939449
2025-11-21,JPM,0.499805802256132
2025-11-24,JPM,0.5149491813958095
2025-11-25,JPM,0.40908279595543173
2025-11-26,JPM,0.39223660569773855
2025-11-28,JPM,0.3039475363631479
2025-12-01,JPM,0.44601940961009295
2025-12-02,JPM,0.43331843874868314
2025-12-03,JPM,0.36781743638472914
2025-12-04,JPM,0.35717673425039764
2025-12-05,JPM,0.46513249912133536
2025-12-08,JPM,0.44616654625579716
2025-12-09,JPM,0.6653161854079109
2025-12-10,JPM,0.3850427100671142
2025-12-11,JPM,0.3775739022581222
2025-12-12,JPM,0.4310060167135341
2025-12-15,JPM,0.40240599549347666
2025-12-16,JPM,0.4062462666130358
2025-12-17,JPM,0.43112148301364
2025-12-18,JPM,0.4973312496756352
2025-12-19,JPM,0.431100705387499
2025-12-22,JPM,0.3912649531996436
2025-12-23,JPM,0.37466710444717227
2025-12-24,JPM,0.3399818718970105
2025-12-26,JPM,0.3929417539017263
2025-12-29,JPM,0.47796700984772744
2025-12-30,JPM,0.4906761071979579
2025-12-31,JPM,0.5165280263980634
2026-01-02,JPM,0.4743206820711899
2026-01-05,JPM,0.35842820026689254
2026-01-06,JPM,0.38024746985835794
2026-01-07,JPM,0.503909583814658
2026-01-08,JPM,0.3949561862163513
2026-01-09,JPM,0.4041566024799683
2026-01-12,JPM,0.5394731303491865
2026-01-13,JPM,0.7115092109787726
2026-01-14,JPM,0.6053873995902428
2026-01-15,JPM,0.577686026832054
2026-01-16,JPM,0.5143625372886539
2026-01-20,JPM,0.6514775871776508
2026-01-21,JPM,0.519253206176919
2026-01-22,JPM,0.47984395798142654
2026-01-23,JPM,0.6007474336000873
2026-01-26,JPM,0.5143810148916554
2026-01-27,JPM,0.5285221255641337
2026-01-28,JPM,0.5125878283211333
2026-01-29,JPM,0.4229242161207719
2025-10-30,EURUSD=X,1.6923609455022912
2025-10-31,EURUSD=X,1.6824724718042152
2025-11-03,EURUSD=X,1.8242518070768048
2025-11-04,EURUSD=X,1.8322546034397724
2025-11-05,EURUSD=X,1.9562271962624762
2025-11-06,EURUSD=X,1.7830312320996193
2025-11-07,EURUSD=X,1.5324359400454997
2025-11-10,EURUSD=X,1.613009549094649
2025-11-11,EURUSD=X,1.5414511120494638
2025-11-12,EURUSD=X,1.3696434120687926
2025-11-13,EURUSD=X,1.5278743706271323
2025-11-14,EURUSD=X,1.49807191646798
2025-11-17,EURUSD=X,1.684832344408225
2025-11-18,EURUSD=X,1.8069663018574174
2025-11-19,EURUSD=X,1.8073580498316695
2025-11-20,EURUSD=X,1.9346955240752892
2025-11-21,EURUSD=X,1.8765377755830202
2025-11-24,EURUSD=X,2.0457371696428392
2025-11-25,EURUSD=X,1.9167138255759983
2025-11-26,EURUSD=X,1.7690994037854209
2025-11-27,EURUSD=X,1.6350850715619387
2025-11-28,EURUSD=X,1.6972651237696275
2025-12-01,EURUSD=X,1.631134787172338
2025-12-02,EURUSD=X,1.598049290166982
2025-12-03,EURUSD=X,1.5980641951667791
2025-12-04,EURUSD=X,1.5210094086950676
2025-12-05,EURUSD=X,1.8274307091308528
2025-12-08,EURUSD=X,1.8200982638731893
2025-12-09,EURUSD=X,1.805963917722117
2025-12-10,EURUSD=X,1.9533387991291573
2025-12-11,EURUSD=X,1.64293897785217
2025-12-12,EURUSD=X,1.6229073740529287
2025-12-15,EURUSD=X,1.7870943171325615
2025-12-16,EURUSD=X,1.6865839195342318
2025-12-17,EURUSD=X,1.7626399349555968
2025-12-18,EURUSD=X,1.9012590451396605
2025-12-19,EURUSD=X,2.046371695763013
2025-12-22,EURUSD=X,2.1024702753623905
2025-12-23,EURUSD=X,1.7257135750907793
2025-12-24,EURUSD=X,1.7748932020056531
2025-12-26,EURUSD=X,2.033314320579798
2025-12-29,EURUSD=X,2.0734736817772004
2025-12-30,EURUSD=X,1.9571969842366082
2025-12-31,EURUSD=X,2.246664205451949
2026-01-02,EURUSD=X,2.2180038770177695
2026-01-05,EURUSD=X,2.5007173683600556
2026-01-06,EURUSD=X,2.354972708793887
2026-01-07,EURUSD=X,2.4992455593465075
2026-01-08,EURUSD=X,2.4095095140495775
2026-01-09,EURUSD=X,2.4886931958385357
2026-01-12,EURUSD=X,2.5363631900694954
2026-01-13,EURUSD=X,2.2477613493252404
2026-01-14,EURUSD=X,2.458664490834819
2026-01-15,EURUSD=X,2.377629017215077
2026-01-16,EURUSD=X,2.655721213253382
2026-01-19,EURUSD=X,2.37169190711395
2026-01-20,EURUSD=X,2.404455225295827
2026-01-21,EURUSD=X,1.7681609510033283
2026-01-22,EURUSD=X,2.4167077311948604
2026-01-23,EURUSD=X,1.6145963044136147
2026-01-26,EURUSD=X,1.2827137057117792
2026-01-27,EURUSD=X,1.586006300775799
2026-01-28,EURUSD=X,0.8894486739014911
2026-01-29,EURUSD=X,1.452952365354733
2025-10-31,QQQ,0.34855775796212957
2025-11-03,QQQ,0.36546922029904694
2025-11-04,QQQ,0.5657542548353163
2025-11-05,QQQ,0.4475881420325505
2025-11-06,QQQ,0.59042866710087
2025-11-07,QQQ,0.5435204852496932
2025-11-10,QQQ,0.35732184867746003
2025-11-11,QQQ,0.4381803675423568
2025-11-12,QQQ,0.44463039960443274
2025-11-13,QQQ,0.5474925655321627
2025-11-14,QQQ,0.4626320298122984
2025-11-17,QQQ,0.5717903190462734
2025-11-18,QQQ,0.6304717351290176
2025-11-19,QQQ,0.5517987302935453
2025-11-20,QQQ,0.6779079315506489
2025-11-21,QQQ,0.5420055545389248
2025-11-24,QQQ,0.3970239129781852
2025-11-25,QQQ,0.4378386721794728
2025-11-26,QQQ,0.422971256842377
2025-11-28,QQQ,0.3491272087644142
2025-12-01,QQQ,0.40240467542096675
2025-12-02,QQQ,0.40583512182739584
2025-12-03,QQQ,0.43664974531283696
2025-12-04,QQQ,0.4423406790665657
2025-12-05,QQQ,0.4399038369426039
2025-12-08,QQQ,0.43928814043149567
2025-12-09,QQQ,0.4438289823322051
2025-12-10,QQQ,0.4424651395367972
2025-12-11,QQQ,0.4896274728617259
2025-12-12,QQQ,0.6198283536352693
2025-12-15,QQQ,0.5536204233918925
2025-12-16,QQQ,0.5235492901557753
2025-12-17,QQQ,0.6610054491648676
2025-12-18,QQQ,0.45241480220482483
2025-12-19,QQQ,0.39025359410386945
2025-12-22,QQQ,0.4031320890411443
2025-12-23,QQQ,0.40438159920427375
2025-12-24,QQQ,0.3847591264265091
2025-12-26,QQQ,0.4354379155542625
2025-12-29,QQQ,0.5096639510816819
2025-12-30,QQQ,0.5268117111832639
2025-12-31,QQQ,0.6061941032998788
2026-01-02,QQQ,0.6224157141020356
2026-01-05,QQQ,0.5567706446771518
2026-01-06,QQQ,0.5159126420228471
2026-01-07,QQQ,0.5378567353195863
2026-01-08,QQQ,0.5646425099239911
2026-01-09,QQQ,0.46748390942814877
2026-01-12,QQQ,0.5171793950370788
2026-01-13,QQQ,0.5781574830449019
2026-01-14,QQQ,0.6411282550876684
2026-01-15,QQQ,0.5544288201161331
2026-01-16,QQQ,0.587193309578557
2026-01-20,QQQ,0.7419640895508484
2026-01-21,QQQ,0.5364652073308488
2026-01-22,QQQ,0.5264025832594462
2026-01-23,QQQ,0.5369563036083448
2026-01-26,QQQ,0.5240240346440557
2026-01-27,QQQ,0.4276335905921394
2026-01-28,QQQ,0.5112592076539075
2026-01-29,QQQ,0.5865102037124087
2025-10-31,GLD,0.5246218685209274
2025-11-03,GLD,0.4681883189899881
2025-11-04,GLD,0.5996733009141085
2025-11-05,GLD,0.474156800689368
2025-11-06,GLD,0.5591075291987614
2025-11-07,GLD,0.49280884613987797
2025-11-10,GLD,0.3630954053225432
2025-11-11,GLD,0.40960328713136235
2025-11-12,GLD,0.3436358372238875
2025-11-13,GLD,0.48419869228406476
2025-11-14,GLD,0.590545244970343
2025-11-17,GLD,0.642713892634377
2025-11-18,GLD,0.6164979665619121
2025-11-19,GLD,0.61307345467961
2025-11-20,GLD,0.5962556529380854
2025-11-21,GLD,0.5824340738284505
2025-11-24,GLD,0.44656735071403647
2025-11-25,GLD,0.4865654226518231
2025-11-26,GLD,0.429751351441644
2025-11-28,GLD,0.39916872984644397
2025-12-01,GLD,0.4502351677910983
2025-12-02,GLD,0.5323430324384422
2025-12-03,GLD,0.5143612024478064
2025-12-04,GLD,0.5187834733429626
2025-12-05,GLD,0.566932457737729
2025-12-08,GLD,0.5885090013108532
2025-12-09,GLD,0.5494030415236809
2025-12-10,GLD,0.5696500377453896
2025-12-11,GLD,0.5178374523362238
2025-12-12,GLD,0.535065435570715
2025-12-15,GLD,0.5239713207264183
2025-12-16,GLD,0.531408045524892
2025-12-17,GLD,0.47579920883987314
2025-12-18,GLD,0.5586309802787431
2025-12-19,GLD,0.5741210664996131
2025-12-22,GLD,0.4180580357142481
2025-12-23,GLD,0.407683246001312
2025-12-24,GLD,0.5191337232682136
2025-12-26,GLD,0.40921418374315477
2025-12-29,GLD,0.7275091750671041
2025-12-30,GLD,0.6329489412284265
2025-12-31,GLD,0.7166012904458506
2026-01-02,GLD,0.6516192559793365
2026-01-05,GLD,0.5117915774251388
2026-01-06,GLD,0.44328740440267334
2026-01-07,GLD,0.5544165664979498
2026-01-08,GLD,0.482041471519592
2026-01-09,GLD,0.4643066865866131
2026-01-12,GLD,0.4186356756316191
2026-01-13,GLD,0.5277290517416299
2026-01-14,GLD,0.45838096309086024
2026-01-15,GLD,0.5509595900400375
2026-01-16,GLD,0.5820518031877895
2026-01-20,GLD,0.34357872226352415
2026-01-21,GLD,0.4005648736032263
2026-01-22,GLD,0.3062389218315206
2026-01-23,GLD,0.283495393790139
2026-01-26,GLD,0.23648728326972698
2026-01-27,GLD,0.18710617566340979
2026-01-28,GLD,0.07032075123566571
2026-01-29,GLD,0.1450983042128593
2025-10-31,NVDA,0.13495416647869063
2025-11-03,NVDA,0.1092016736639669
2025-11-04,NVDA,0.2248941130472798
2025-11-05,NVDA,0.23470971281613115
2025-11-06,NVDA,0.27291825878303266
2025-11-07,NVDA,0.239630838126827
2025-11-10,NVDA,0.14678614194641848
2025-11-11,NVDA,0.23370574398455887
2025-11-12,NVDA,0.19483583882724306
2025-11-13,NVDA,0.23738349439549786
2025-11-14,NVDA,0.18156364245126197
2025-11-17,NVDA,0.251545666977075
2025-11-18,NVDA,0.2636871670333569
2025-11-19,NVDA,0.19884157839403038
2025-11-20,NVDA,0.25847266693172527
2025-11-21,NVDA,0.25017897443598924
2025-11-24,NVDA,0.21400508856277484
2025-11-25,NVDA,0.26302466199527197
2025-11-26,NVDA,0.2518829216467985
2025-11-28,NVDA,0.283721473576565
2025-12-01,NVDA,0.23494535442745565
2025-12-02,NVDA,0.2516163913079179
2025-12-03,NVDA,0.2662889087114054
2025-12-04,NVDA,0.21739753404050963
2025-12-05,NVDA,0.23380777875369899
2025-12-08,NVDA,0.19753780339640084
2025-12-09,NVDA,0.22877856597757176
2025-12-10,NVDA,0.24733532095862765
2025-12-11,NVDA,0.27938606163056817
2025-12-12,NVDA,0.3181948166854932
2025-12-15,NVDA,0.2741598018318015
2025-12-16,NVDA,0.270752936020234
2025-12-17,NVDA,0.3403015145753759
2025-12-18,NVDA,0.26401041168253525
2025-12-19,NVDA,0.21024761008408666
2025-12-22,NVDA,0.2211799206667149
2025-12-23,NVDA,0.18743204005617878
2025-12-24,NVDA,0.20080907836017628
2025-12-26,NVDA,0.1798874116034714
2025-12-29,NVDA,0.23751251710384677
2025-12-30,NVDA,0.23568310818680444
2025-12-31,NVDA,0.27074421737445
2026-01-02,NVDA,0.24685648506974098
2026-01-05,NVDA,0.2733640982601722
2026-01-06,NVDA,0.2731630366714473
2026-01-07,NVDA,0.24182029553211296
2026-01-08,NVDA,0.2902816813522856
2026-01-09,NVDA,0.29282149924927614
2026-01-12,NVDA,0.2834483363673222
2026-01-13,NVDA,0.28460256083952623
2026-01-14,NVDA,0.31420875859207675
2026-01-15,NVDA,0.2525607930837576
2026-01-16,NVDA,0.28035729359755146
2026-01-20,NVDA,0.3478111622624897
2026-01-21,NVDA,0.24511040135515288
2026-01-22,NVDA,0.261325916213097
2026-01-23,NVDA,0.25069122674635497
2026-01-26,NVDA,0.28680153761420246
2026-01-27,NVDA,0.24417350050670436
2026-01-28,NVDA,0.29133512656778043
2026-01-29,NVDA,0.28862822190737264
2025-10-30,GBPUSD=X,2.0651141600208685
2025-10-31,GBPUSD=X,1.9775005662299279
2025-11-03,GBPUSD=X,1.9947267207779864
2025-11-04,GBPUSD=X,2.010347272741479
2025-11-05,GBPUSD=X,2.4554488634287583
2025-11-06,GBPUSD=X,1.9708356296966938
2025-11-07,GBPUSD=X,1.584722076654077
2025-11-10,GBPUSD=X,1.7583357127798667
2025-11-11,GBPUSD=X,1.6515084760322836
2025-11-12,GBPUSD=X,1.6707806216163286
2025-11-13,GBPUSD=X,1.810347025363689
2025-11-14,GBPUSD=X,1.8383691521531023
2025-11-17,GBPUSD=X,1.8941275384212943
2025-11-18,GBPUSD=X,2.027677158205625
2025-11-19,GBPUSD=X,2.013387968247589
2025-11-20,GBPUSD=X,2.275400037464176
2025-11-21,GBPUSD=X,1.9473563753633165
2025-11-24,GBPUSD=X,1.9852123951965233
2025-11-25,GBPUSD=X,1.9886492590682323
2025-11-26,GBPUSD=X,1.7848719039248166
2025-11-27,GBPUSD=X,1.318118136935249
2025-11-28,GBPUSD=X,1.5366298857724088
2025-12-01,GBPUSD=X,1.5059886746367126
2025-12-02,GBPUSD=X,1.6567162077913817
2025-12-03,GBPUSD=X,1.6062511021396793
2025-12-04,GBPUSD=X,1.0297735809061739
2025-12-05,GBPUSD=X,1.5706445441521282
2025-12-08,GBPUSD=X,1.5858853616584703
2025-12-09,GBPUSD=X,1.5075750124602643
2025-12-10,GBPUSD=X,1.671752908119774
2025-12-11,GBPUSD=X,1.3753797019115979
2025-12-12,GBPUSD=X,1.5762889482789029
2025-12-15,GBPUSD=X,1.719156395827993
2025-12-16,GBPUSD=X,1.6129763806504034
2025-12-17,GBPUSD=X,1.4108943643963947
2025-12-18,GBPUSD=X,1.8836445133637323
2025-12-19,GBPUSD=X,1.6943238198008443
2025-12-22,GBPUSD=X,1.7497332498260807
2025-12-23,GBPUSD=X,1.2695062185681536
2025-12-24,GBPUSD=X,1.361264444629934
2025-12-26,GBPUSD=X,1.5622304834367495
2025-12-29,GBPUSD=X,1.6506030704505092
2025-12-30,GBPUSD=X,1.5118651423613283
2025-12-31,GBPUSD=X,1.9304141887146917
2026-01-02,GBPUSD=X,1.8711964344861016
2026-01-05,GBPUSD=X,2.09314076971099
2026-01-06,GBPUSD=X,1.6191580197661273
2026-01-07,GBPUSD=X,2.0216211669874387
2026-01-08,GBPUSD=X,2.0589350942267606
2026-01-09,GBPUSD=X,2.0141946133924122
2026-01-12,GBPUSD=X,2.1154090059996205
2026-01-13,GBPUSD=X,1.8569436257755763
2026-01-14,GBPUSD=X,2.1372940030857603
2026-01-15,GBPUSD=X,1.899392238782655
2026-01-16,GBPUSD=X,2.278146987285456
2026-01-19,GBPUSD=X,1.9515171843838155
2026-01-20,GBPUSD=X,1.9898922835136865
2026-01-21,GBPUSD=X,1.8347994917010781
2026-01-22,GBPUSD=X,2.026627699606156
2026-01-23,GBPUSD=X,1.4418597497750436
2026-01-26,GBPUSD=X,0.8866155729000759
2026-01-27,GBPUSD=X,1.2986521199634498
2026-01-28,GBPUSD=X,0.5527519697829776
2026-01-29,GBPUSD=X,0.8756181690243382
2025-10-31,AAPL,0.19515811256756424
2025-11-03,AAPL,0.22415437697788948
2025-11-04,AAPL,0.21840946483778
2025-11-05,AAPL,0.23472398472466716
2025-11-06,AAPL,0.26267953534231464
2025-11-07,AAPL,0.2641061512655953
2025-11-10,AAPL,0.2381738466956246
2025-11-11,AAPL,0.1773059834208859
2025-11-12,AAPL,0.24164607538122118
2025-11-13,AAPL,0.24074111230032968
2025-11-14,AAPL,0.23496331136172996
2025-11-17,AAPL,0.30773918170402187
2025-11-18,AAPL,0.3039157255112664
2025-11-19,AAPL,0.28060472446130386
2025-11-20,AAPL,0.3085891956038269
2025-11-21,AAPL,0.2067340430219694
2025-11-24,AAPL,0.1797982538100321
2025-11-25,AAPL,0.21231073370737547
2025-11-26,AAPL,0.21657490889149983
2025-11-28,AAPL,0.1903342065594301
2025-12-01,AAPL,0.16037342587129852
2025-12-02,AAPL,0.17730815283319715
2025-12-03,AAPL,0.2278258009653677
2025-12-04,AAPL,0.259368586818751
2025-12-05,AAPL,0.266611495295171
2025-12-08,AAPL,0.27363949474253085
2025-12-09,AAPL,0.2809849729279558
2025-12-10,AAPL,0.24354503642312814
2025-12-11,AAPL,0.2656876378977474
2025-12-12,AAPL,0.24071748843559732
2025-12-15,AAPL,0.3092692137655965
2025-12-16,AAPL,0.25760734486363457
2025-12-17,AAPL,0.3023201180916789
2025-12-18,AAPL,0.2833742166183008
2025-12-19,AAPL,0.2751298505269385
2025-12-22,AAPL,0.3128086309350165
2025-12-23,AAPL,0.27926010272323387
2025-12-24,AAPL,0.2615021344761188
2025-12-26,AAPL,0.28375314707487964
2025-12-29,AAPL,0.28579451433989506
2025-12-30,AAPL,0.29539252120018084
2025-12-31,AAPL,0.3422246833435389
2026-01-02,AAPL,0.37033991180462467
2026-01-05,AAPL,0.419048780128713
2026-01-06,AAPL,0.47218232854244296
2026-01-07,AAPL,0.4594298248216469
2026-01-08,AAPL,0.4590762730570098
2026-01-09,AAPL,0.43594938816686896
2026-01-12,AAPL,0.39488777386321083
2026-01-13,AAPL,0.3772757181464591
2026-01-14,AAPL,0.40410091669899184
2026-01-15,AAPL,0.415099872328306
2026-01-16,AAPL,0.444619892154179
2026-01-20,AAPL,0.5927586943560008
2026-01-21,AAPL,0.5047322279687144
2026-01-22,AAPL,0.5171653559315444
2026-01-23,AAPL,0.5123411147633588
2026-01-26,AAPL,0.35024151576502405
2026-01-27,AAPL,0.3330464748081943
2026-01-28,AAPL,0.3903938207157338
2026-01-29,AAPL,0.3236071495578513
2025-10-30,USDINR=X,1.8565938025416255
2025-10-31,USDINR=X,1.5318121916947278
2025-11-03,USDINR=X,1.7027064724958778
2025-11-04,USDINR=X,2.0325217023324087
2025-11-05,USDINR=X,1.9019328068295933
2025-11-06,USDINR=X,2.2728126732349616
2025-11-07,USDINR=X,2.1390601289128783
2025-11-10,USDINR=X,2.356439186892692
2025-11-11,USDINR=X,2.2275790297350246
2025-11-12,USDINR=X,2.666120862582858
2025-11-13,USDINR=X,2.1876317102241574
2025-11-14,USDINR=X,1.7250011521987314
2025-11-17,USDINR=X,2.230452107253197
2025-11-18,USDINR=X,2.131938651811709
2025-11-19,USDINR=X,2.111350729715385
2025-11-20,USDINR=X,2.278167459221595
2025-11-21,USDINR=X,1.921101461320454
2025-11-24,USDINR=X,0.45453990253040205
2025-11-25,USDINR=X,1.9349581666899291
2025-11-26,USDINR=X,1.5864806941074492
2025-11-27,USDINR=X,1.6313921199055392
2025-11-28,USDINR=X,1.465973959555558
2025-12-01,USDINR=X,2.141605493540624
2025-12-02,USDINR=X,1.5182659491297954
2025-12-03,USDINR=X,1.2652864296854414
2025-12-04,USDINR=X,1.131145380399654
2025-12-05,USDINR=X,1.8613268214656973
2025-12-08,USDINR=X,1.510565740157431
2025-12-09,USDINR=X,1.4482256142280339
2025-12-10,USDINR=X,2.0863748686174004
2025-12-11,USDINR=X,2.1644756536798826
2025-12-12,USDINR=X,1.2205863295692714
2025-12-15,USDINR=X,1.2201142324872123
2025-12-16,USDINR=X,1.2210846216629618
2025-12-17,USDINR=X,0.9977602762551222
2025-12-18,USDINR=X,1.7761575140490948
2025-12-19,USDINR=X,1.8226757152401247
2025-12-22,USDINR=X,2.7450632029137942
2025-12-23,USDINR=X,2.3980186994523196
2025-12-24,USDINR=X,2.5701733585455746
2025-12-26,USDINR=X,1.4115461040477775
2025-12-29,USDINR=X,2.1697529215122877
2025-12-30,USDINR=X,1.639899253518157
2025-12-31,USDINR=X,1.8774645135981571
2026-01-02,USDINR=X,1.5609922288735043
2026-01-05,USDINR=X,1.9307749721026841
2026-01-06,USDINR=X,1.5560889832741787
2026-01-07,USDINR=X,1.74109517839809
2026-01-08,USDINR=X,2.102542179344184
2026-01-09,USDINR=X,1.9773599026385087
2026-01-12,USDINR=X,1.4853297516027104
2026-01-13,USDINR=X,1.9475531398554842
2026-01-14,USDINR=X,1.8076581703464654
2026-01-15,USDINR=X,1.892171844440104
2026-01-16,USDINR=X,1.6401149798799886
2026-01-19,USDINR=X,1.4739449479784312
2026-01-20,USDINR=X,1.3232155002792025
2026-01-21,USDINR=X,1.1772214522803714
2026-01-22,USDINR=X,0.5246094612855738
2026-01-23,USDINR=X,0.9257023362978861
2026-01-26,USDINR=X,1.1869636329033184
2026-01-27,USDINR=X,1.1535007275871243
2026-01-28,USDINR=X,1.5509626969316268
2026-01-29,USDINR=X,0.8132641310289596
2025-10-31,GOOGL,0.1244567273576862
2025-11-03,GOOGL,0.11423086655047607
2025-11-04,GOOGL,0.2131664285989503
2025-11-05,GOOGL,0.08505535875648859
2025-11-06,GOOGL,0.15975413368400493
2025-11-07,GOOGL,0.21812226167912457
2025-11-10,GOOGL,0.05137590080233394
2025-11-11,GOOGL,0.0905550726159296
2025-11-12,GOOGL,0.19259904821599969
2025-11-13,GOOGL,0.2612604344941374
2025-11-14,GOOGL,0.22395626092702076
2025-11-17,GOOGL,0.15602328249371888
2025-11-18,GOOGL,0.22368312358353878
2025-11-19,GOOGL,0.1175783496610303
2025-11-20,GOOGL,0.1840713918674103
2025-11-21,GOOGL,0.042928453590408984
2025-11-24,GOOGL,-0.02847824166939636
2025-11-25,GOOGL,0.05089058887710819
2025-11-26,GOOGL,0.13868520447491908
2025-11-28,GOOGL,0.11570383477119006
2025-12-01,GOOGL,0.19512524457497568
2025-12-02,GOOGL,0.2253558858609564
2025-12-03,GOOGL,0.2179495952268467
2025-12-04,GOOGL,0.23333798403702954
2025-12-05,GOOGL,0.2127523479074912
2025-12-08,GOOGL,0.2857704527245288
2025-12-09,GOOGL,0.22225590493279634
2025-12-10,GOOGL,0.23203626407668132
2025-12-11,GOOGL,0.30896782429650194
2025-12-12,GOOGL,0.2892626351988557
2025-12-15,GOOGL,0.2371051458562525
2025-12-16,GOOGL,0.25767529405407735
2025-12-17,GOOGL,0.36122944818930625
2025-12-18,GOOGL,0.21343791675241072
2025-12-19,GOOGL,0.20001337757967844
2025-12-22,GOOGL,0.20801589817626726
2025-12-23,GOOGL,0.1917344648202497
2025-12-24,GOOGL,0.21311452487424498
2025-12-26,GOOGL,0.24539610266760273
2025-12-29,GOOGL,0.2428825339653081
2025-12-30,GOOGL,0.24858592020116302
2025-12-31,GOOGL,0.2787702010690869
2026-01-02,GOOGL,0.25987955557601816
2026-01-05,GOOGL,0.26055070032549754
2026-01-06,GOOGL,0.28815522746860706
2026-01-07,GOOGL,0.19812482924215186
2026-01-08,GOOGL,0.18180873806356226
2026-01-09,GOOGL,0.18546504448987736
2026-01-12,GOOGL,0.17871345867794478
2026-01-13,GOOGL,0.14834408598536647
2026-01-14,GOOGL,0.1975004412618907
2026-01-15,GOOGL,0.2480894873110915
2026-01-16,GOOGL,0.2571120083813728
2026-01-20,GOOGL,0.33448504110423094
2026-01-21,GOOGL,0.2433241186997863
2026-01-22,GOOGL,0.25234207875871767
2026-01-23,GOOGL,0.2918856723580893
2026-01-26,GOOGL,0.22423076280305437
2026-01-27,GOOGL,0.21591523781511757
2026-01-28,GOOGL,0.26322158183494127
2026-01-29,GOOGL,0.24646432900618312
2025-10-30,USDJPY=X,0.478912049806168
2025-10-31,USDJPY=X,0.3848607733467817
2025-11-03,USDJPY=X,0.5207079530870191
2025-11-04,USDJPY=X,0.5839763752033893
2025-11-05,USDJPY=X,0.6905909798780082
2025-11-06,USDJPY=X,0.6127966222639756
2025-11-07,USDJPY=X,0.9521266915377684
2025-11-10,USDJPY=X,0.6941076182011193
2025-11-11,USDJPY=X,0.6879799820930294
2025-11-12,USDJPY=X,0.7138999952794474
2025-11-13,USDJPY=X,0.5631061548081732
2025-11-14,USDJPY=X,0.5783874118562409
2025-11-17,USDJPY=X,0.6081498112740958
2025-11-18,USDJPY=X,0.4771051438124626
2025-11-19,USDJPY=X,0.5215451174710543
2025-11-20,USDJPY=X,0.35937490807270794
2025-11-21,USDJPY=X,0.47196480249565104
2025-11-24,USDJPY=X,0.6625681595479694
2025-11-25,USDJPY=X,0.5964029403732574
2025-11-26,USDJPY=X,0.7509282874844052
2025-11-27,USDJPY=X,0.7392253772935397
2025-11-28,USDJPY=X,0.7755424208976843
2025-12-01,USDJPY=X,0.8912569193791425
2025-12-02,USDJPY=X,0.9448032652223975
2025-12-03,USDJPY=X,0.7994308579909329
2025-12-04,USDJPY=X,0.9645859868077243
2025-12-05,USDJPY=X,0.8654455552828827
2025-12-08,USDJPY=X,0.7352237201544157
2025-12-09,USDJPY=X,0.6498743699909971
2025-12-10,USDJPY=X,0.5270105144055702
2025-12-11,USDJPY=X,0.8385119585970893
2025-12-12,USDJPY=X,0.7218684759457833
2025-12-15,USDJPY=X,0.6409398964467293
2025-12-16,USDJPY=X,0.9309462811861088
2025-12-17,USDJPY=X,0.9804606888602463
2025-12-18,USDJPY=X,0.7034639830392786
2025-12-19,USDJPY=X,0.7897879801398896
2025-12-22,USDJPY=X,0.3326540646877652
2025-12-23,USDJPY=X,0.7204827224386319
2025-12-24,USDJPY=X,0.7665743168991556
2025-12-26,USDJPY=X,0.7219657022006353
2025-12-29,USDJPY=X,0.6201842570208309
2025-12-30,USDJPY=X,0.9218601550480062
2025-12-31,USDJPY=X,0.6814906231180102
2026-01-02,USDJPY=X,0.6221409418774951
2026-01-05,USDJPY=X,0.6583212463516258
2026-01-06,USDJPY=X,0.7846446811724439
2026-01-07,USDJPY=X,0.7329170952183647
2026-01-08,USDJPY=X,0.7787699515111255
2026-01-09,USDJPY=X,0.8398942579052566
2026-01-12,USDJPY=X,0.6142120163974746
2026-01-13,USDJPY=X,0.7368639731026083
2026-01-14,USDJPY=X,0.43084772979489194
2026-01-15,USDJPY=X,0.775110053329243
2026-01-16,USDJPY=X,0.5594199989762221
2026-01-19,USDJPY=X,0.9375741381226768
2026-01-20,USDJPY=X,0.6481892648159526
2026-01-21,USDJPY=X,0.8751016231885391
2026-01-22,USDJPY=X,0.8206711146814921
2026-01-23,USDJPY=X,0.8688487388125574
2026-01-26,USDJPY=X,1.4864396068823684
2026-01-27,USDJPY=X,1.304587777555133
2026-01-28,USDJPY=X,1.5972173598889579
2026-01-29,USDJPY=X,1.2365479485819721
2025-11-06,RELIANCE.NS,0.3602156258074355
2025-11-07,RELIANCE.NS,0.5063841489774105
2025-11-10,RELIANCE.NS,0.3638037831937367
2025-11-11,RELIANCE.NS,0.4235898962210895
2025-11-12,RELIANCE.NS,0.3055759413809919
2025-11-13,RELIANCE.NS,0.3917511948593262
2025-11-14,RELIANCE.NS,0.33959931184366204
2025-11-17,RELIANCE.NS,0.3993542859357364
2025-11-18,RELIANCE.NS,0.42120258612149675
2025-11-19,RELIANCE.NS,0.4707263833660745
2025-11-20,RELIANCE.NS,0.37028129635472035
2025-11-21,RELIANCE.NS,0.46593858637240665
2025-11-24,RELIANCE.NS,0.5192687863521285
2025-11-25,RELIANCE.NS,0.4844817614147378
2025-11-26,RELIANCE.NS,0.361914530626125
2025-11-27,RELIANCE.NS,0.4956877222136198
2025-11-28,RELIANCE.NS,0.45528929804495477
2025-12-01,RELIANCE.NS,0.4314171539160531
2025-12-02,RELIANCE.NS,0.5378217781151384
2025-12-03,RELIANCE.NS,0.5858548309152145
2025-12-04,RELIANCE.NS,0.5607581093555042
2025-12-05,RELIANCE.NS,0.5432361759166585
2025-12-08,RELIANCE.NS,0.5282823152012032
2025-12-09,RELIANCE.NS,0.6053934590791527
2025-12-10,RELIANCE.NS,0.4987713657957439
2025-12-11,RELIANCE.NS,0.4984430779819667
2025-12-12,RELIANCE.NS,0.4762007739943306
2025-12-15,RELIANCE.NS,0.5346668038276875
2025-12-16,RELIANCE.NS,0.6040642950896125
2025-12-17,RELIANCE.NS,0.57452651904745
2025-12-18,RELIANCE.NS,0.5946836088999211
2025-12-19,RELIANCE.NS,0.5183660673275748
2025-12-22,RELIANCE.NS,0.5535577673629534
2025-12-23,RELIANCE.NS,0.5671390317055883
2025-12-24,RELIANCE.NS,0.6518269692832225
2025-12-26,RELIANCE.NS,0.6592272051782706
2025-12-29,RELIANCE.NS,0.7737768658068055
2025-12-30,RELIANCE.NS,0.800704551116886
2025-12-31,RELIANCE.NS,0.567118644512392
2026-01-01,RELIANCE.NS,0.6072084975006155
2026-01-02,RELIANCE.NS,0.5236271191853421
2026-01-05,RELIANCE.NS,0.6325809890932752
2026-01-06,RELIANCE.NS,0.8937982698548791
2026-01-07,RELIANCE.NS,0.7630077053011626
2026-01-08,RELIANCE.NS,0.8946036130612459
2026-01-09,RELIANCE.NS,0.8263312736129205
2026-01-12,RELIANCE.NS,0.7760527493844597
2026-01-13,RELIANCE.NS,0.8281146710238414
2026-01-14,RELIANCE.NS,0.7109256078121544
2026-01-15,RELIANCE.NS,0.6805966235163454
2026-01-16,RELIANCE.NS,0.7087088623200255
2026-01-19,RELIANCE.NS,0.9192751090731128
2026-01-20,RELIANCE.NS,0.8703837811775796
2026-01-21,RELIANCE.NS,0.7529565221267254
2026-01-22,RELIANCE.NS,0.7703070306974716
2026-01-23,RELIANCE.NS,0.8474571515450862
2026-01-27,RELIANCE.NS,0.7865950372102819
2026-01-28,RELIANCE.NS,0.6346894481324133
2026-01-29,RELIANCE.NS,0.7453968504322439
2025-11-06,HDFCBANK.NS,0.8519413459574418
2025-11-07,HDFCBANK.NS,0.8515130522362748
2025-11-10,HDFCBANK.NS,0.7451013207538132
2025-11-11,HDFCBANK.NS,0.7353527166320434
2025-11-12,HDFCBANK.NS,0.74583767873255
2025-11-13,HDFCBANK.NS,0.7673262106455889
2025-11-14,HDFCBANK.NS,0.7073530339163596
2025-11-17,HDFCBANK.NS,0.6439446693597676
2025-11-18,HDFCBANK.NS,0.817116717372161
2025-11-19,HDFCBANK.NS,0.796381762465702
2025-11-20,HDFCBANK.NS,0.6247519827915051
2025-11-21,HDFCBANK.NS,0.8867383388614857
2025-11-24,HDFCBANK.NS,0.8255028234376803
2025-11-25,HDFCBANK.NS,0.8842067604960544
2025-11-26,HDFCBANK.NS,0.628695835648516
2025-11-27,HDFCBANK.NS,0.7083907896787468
2025-11-28,HDFCBANK.NS,0.705250466295637
2025-12-01,HDFCBANK.NS,0.7596058673787558
2025-12-02,HDFCBANK.NS,0.8004361529984763
2025-12-03,HDFCBANK.NS,0.6272157382355122
2025-12-04,HDFCBANK.NS,0.7807881824859381
2025-12-05,HDFCBANK.NS,0.6670061524422032
2025-12-08,HDFCBANK.NS,0.6942121130731185
2025-12-09,HDFCBANK.NS,0.7130558273062647
2025-12-10,HDFCBANK.NS,0.8216199126979017
2025-12-11,HDFCBANK.NS,0.5923549458478891
2025-12-12,HDFCBANK.NS,0.6697348242666628
2025-12-15,HDFCBANK.NS,0.7536372860016046
2025-12-16,HDFCBANK.NS,0.7427652797138395
2025-12-17,HDFCBANK.NS,0.8386176714264391
2025-12-18,HDFCBANK.NS,0.8667714780305104
2025-12-19,HDFCBANK.NS,0.7951245362384174
2025-12-22,HDFCBANK.NS,0.7983949944559147
2025-12-23,HDFCBANK.NS,0.6812443126373916
2025-12-24,HDFCBANK.NS,0.6970386920849753
2025-12-26,HDFCBANK.NS,0.8137924312433568
2025-12-29,HDFCBANK.NS,0.8165855583020115
2025-12-30,HDFCBANK.NS,0.8410768448381185
2025-12-31,HDFCBANK.NS,0.8672184139831715
2026-01-01,HDFCBANK.NS,0.8505198444071921
2026-01-02,HDFCBANK.NS,0.6951783391336013
2026-01-05,HDFCBANK.NS,1.0977566560397836
2026-01-06,HDFCBANK.NS,1.1234134317526983
2026-01-07,HDFCBANK.NS,1.1819936767125387
2026-01-08,HDFCBANK.NS,1.1458863538925974
2026-01-09,HDFCBANK.NS,1.2993760169782833
2026-01-12,HDFCBANK.NS,1.2021854233303249
2026-01-13,HDFCBANK.NS,1.130524382503472
2026-01-14,HDFCBANK.NS,1.2569881753489789
2026-01-15,HDFCBANK.NS,1.1711954261905415
2026-01-16,HDFCBANK.NS,1.0700556584325602
2026-01-19,HDFCBANK.NS,1.147121359356606
2026-01-20,HDFCBANK.NS,1.0791110976489056
2026-01-21,HDFCBANK.NS,1.2344291383638024
2026-01-22,HDFCBANK.NS,1.210523786201823
2026-01-23,HDFCBANK.NS,1.2590191820297292
2026-01-27,HDFCBANK.NS,1.0502630984669539
2026-01-28,HDFCBANK.NS,1.038184479527535
2026-01-29,HDFCBANK.NS,1.008865486912024
2025-10-31,META,0.39058180607962684
2025-11-03,META,0.396452634929426
2025-11-04,META,0.4184232993012124
2025-11-05,META,0.37932539142543564
2025-11-06,META,0.3872592912617479
2025-11-07,META,0.33848118559927187
2025-11-10,META,0.3078444708023643
2025-11-11,META,0.33219339280239374
2025-11-12,META,0.38583553333427095
2025-11-13,META,0.3415941221500854
2025-11-14,META,0.34478695678056803
2025-11-17,META,0.38062771426423236
2025-11-18,META,0.3843825845752141
2025-11-19,META,0.3923412498784218
2025-11-20,META,0.3882597485998596
2025-11-21,META,0.3663727778457234
2025-11-24,META,0.30510098368910493
2025-11-25,META,0.26060336774110987
2025-11-26,META,0.30793855712321516
2025-11-28,META,0.25180827453024013
2025-12-01,META,0.27744569624653187
2025-12-02,META,0.2589064936372773
2025-12-03,META,0.3193713067288908
2025-12-04,META,0.21706147081578683
2025-12-05,META,0.2331594446926034
2025-12-08,META,0.2620453077033887
2025-12-09,META,0.2926442863648946
2025-12-10,META,0.290786945891885
2025-12-11,META,0.29426663370433853
2025-12-12,META,0.3283159823381577
2025-12-15,META,0.29733293416059126
2025-12-16,META,0.26122678199981275
2025-12-17,META,0.2999577593297432
2025-12-18,META,0.22824021811306397
2025-12-19,META,0.2677957143458263
2025-12-22,META,0.26070921880322867
2025-12-23,META,0.26905495595361917
2025-12-24,META,0.2762539718221341
2025-12-26,META,0.32276246481487697
2025-12-29,META,0.32349199560088815
2025-12-30,META,0.2960980667485812
2025-12-31,META,0.3312354838672971
2026-01-02,META,0.36872106897549833
2026-01-05,META,0.30908234019469527
2026-01-06,META,0.32468881918009274
2026-01-07,META,0.3885165735530103
2026-01-08,META,0.35727066054588397
2026-01-09,META,0.31433028178643646
2026-01-12,META,0.37826437273059205
2026-01-13,META,0.39989941974852344
2026-01-14,META,0.4198589827764288
2026-01-15,META,0.37093578097849084
2026-01-16,META,0.3926445189482864
2026-01-20,META,0.4446853082422935
2026-01-21,META,0.36698247053468563
2026-01-22,META,0.2137110052072372
2026-01-23,META,0.2530248370930815
2026-01-26,META,0.22068502456928968
2026-01-27,META,0.22563625926764794
2026-01-28,META,0.24786408693105946
2026-01-29,META,0.033122412025758254
2025-10-31,SPY,0.4755009674904111
2025-11-03,SPY,0.5079631005910842
2025-11-04,SPY,0.6764884731063205
2025-11-05,SPY,0.5684287630950448
2025-11-06,SPY,0.6909482525299699
2025-11-07,SPY,0.6128619079808899
2025-11-10,SPY,0.41863053775275105
2025-11-11,SPY,0.47237968107438555
2025-11-12,SPY,0.4878855605523537
2025-11-13,SPY,0.6418937047603952
2025-11-14,SPY,0.5508553518817081
2025-11-17,SPY,0.705056853765298
2025-11-18,SPY,0.7662937172282734
2025-11-19,SPY,0.6776369579742141
2025-11-20,SPY,0.8046356865490077
2025-11-21,SPY,0.605963319973037
2025-11-24,SPY,0.5038011933602042
2025-11-25,SPY,0.4701833696243604
2025-11-26,SPY,0.4695597861962207
2025-11-28,SPY,0.39331877969546464
2025-12-01,SPY,0.4885547856684403
2025-12-02,SPY,0.5066548732274936
2025-12-03,SPY,0.5134045602016751
2025-12-04,SPY,0.5249415743801997
2025-12-05,SPY,0.5434438411190815
2025-12-08,SPY,0.5556435780559219
2025-12-09,SPY,0.565948102059703
2025-12-10,SPY,0.5217291247219301
2025-12-11,SPY,0.5545382711592324
2025-12-12,SPY,0.7022038473024554
2025-12-15,SPY,0.6153929082209935
2025-12-16,SPY,0.635888182828011
2025-12-17,SPY,0.7600399132408973
2025-12-18,SPY,0.5887375254928257
2025-12-19,SPY,0.513506163246842
2025-12-22,SPY,0.5064749404767701
2025-12-23,SPY,0.49939540478530425
2025-12-24,SPY,0.4622115516012168
2025-12-26,SPY,0.536572723539998
2025-12-29,SPY,0.6239022997713823
2025-12-30,SPY,0.654031421932765
2025-12-31,SPY,0.7709638147004709
2026-01-02,SPY,0.7384026121263167
2026-01-05,SPY,0.6703270892379052
2026-01-06,SPY,0.6349732348874733
2026-01-07,SPY,0.7106054750366442
2026-01-08,SPY,0.6576261413210085
2026-01-09,SPY,0.5830778629704414
2026-01-12,SPY,0.6314676400385973
2026-01-13,SPY,0.7320567715450376
2026-01-14,SPY,0.7547151490564729
2026-01-15,SPY,0.6871084955641756
2026-01-16,SPY,0.7151075174431526
2026-01-20,SPY,0.9601681195412632
2026-01-21,SPY,0.6542197520156768
2026-01-22,SPY,0.6654342952663453
2026-01-23,SPY,0.7153154521383228
2026-01-26,SPY,0.6576871292468615
2026-01-27,SPY,0.5748815968308901
2026-01-28,SPY,0.6842011685841211
2026-01-29,SPY,0.7202415580332524
2025-10-31,DX-Y.NYB,0.7706916561229692
2025-11-03,DX-Y.NYB,0.7407852678887524
2025-11-04,DX-Y.NYB,0.5868632122245965
2025-11-05,DX-Y.NYB,0.8979031164498946
2025-11-06,DX-Y.NYB,1.148044961094873
2025-11-07,DX-Y.NYB,1.2697403840504846
2025-11-10,DX-Y.NYB,1.1270394984007852
2025-11-11,DX-Y.NYB,1.2860747711367873
2025-11-12,DX-Y.NYB,1.1948664414010044
2025-11-13,DX-Y.NYB,1.2589572713541202
2025-11-14,DX-Y.NYB,1.031900398742716
2025-11-17,DX-Y.NYB,0.8620254318858874
2025-11-18,DX-Y.NYB,0.9754879322461876
2025-11-19,DX-Y.NYB,0.6022183838470327
2025-11-20,DX-Y.NYB,0.7291009742022077
2025-11-21,DX-Y.NYB,0.717956168127565
2025-11-24,DX-Y.NYB,0.8039398599342025
2025-11-25,DX-Y.NYB,1.1153385159329259
2025-11-26,DX-Y.NYB,1.0633784745965411
2025-11-28,DX-Y.NYB,1.213203127443385
2025-12-01,DX-Y.NYB,1.2459532011127068
2025-12-02,DX-Y.NYB,1.2649408443905703
2025-12-03,DX-Y.NYB,1.4884843230671014
2025-12-04,DX-Y.NYB,1.2192355425038033
2025-12-05,DX-Y.NYB,1.2836576492671443
2025-12-08,DX-Y.NYB,1.15880774860615
2025-12-09,DX-Y.NYB,1.0844241903218919
2025-12-10,DX-Y.NYB,1.2903828337841572
2025-12-11,DX-Y.NYB,1.402846177866946
2025-12-12,DX-Y.NYB,1.2036196507547998
2025-12-15,DX-Y.NYB,1.3584908416785955
2025-12-16,DX-Y.NYB,1.3582692821175508
2025-12-17,DX-Y.NYB,1.1664413267306606
2025-12-18,DX-Y.NYB,1.0691826717988637
2025-12-19,DX-Y.NYB,1.0033909751187984
2025-12-22,DX-Y.NYB,1.2503947190202023
2025-12-23,DX-Y.NYB,1.3864868763801244
2025-12-24,DX-Y.NYB,1.2578205999323615
2025-12-26,DX-Y.NYB,1.2169643053195964
2025-12-29,DX-Y.NYB,1.225281540199996
2025-12-30,DX-Y.NYB,0.9843702307748853
2025-12-31,DX-Y.NYB,0.9327320621663758
2026-01-02,DX-Y.NYB,0.8248807068033623
2026-01-05,DX-Y.NYB,0.9924585274468042
2026-01-06,DX-Y.NYB,0.7540454461310193
2026-01-07,DX-Y.NYB,0.8571616189083407
2026-01-08,DX-Y.NYB,0.7098177001945307
2026-01-09,DX-Y.NYB,0.7379025881382849
2026-01-12,DX-Y.NYB,0.9264662123257211
2026-01-13,DX-Y.NYB,0.6335273592422782
2026-01-14,DX-Y.NYB,0.7967902806456462
2026-01-15,DX-Y.NYB,0.6839885600315612
2026-01-16,DX-Y.NYB,0.7330799550167112
2026-01-20,DX-Y.NYB,1.291328051099603
2026-01-21,DX-Y.NYB,0.9891871185655636
2026-01-22,DX-Y.NYB,1.3918397800331932
2026-01-23,DX-Y.NYB,1.8298543046852946
2026-01-26,DX-Y.NYB,1.9625339184472885
2026-01-27,DX-Y.NYB,2.208727563712795
2026-01-28,DX-Y.NYB,1.711642589938326
2026-01-29,DX-Y.NYB,1.9026488747484371
2025-10-31,GC=F,0.5490660458301495
2025-11-03,GC=F,0.4864417221810544
2025-11-04,GC=F,0.5718289354847271
2025-11-05,GC=F,0.4883833177416494
2025-11-06,GC=F,0.568009443754847
2025-11-07,GC=F,0.4797371060296602
2025-11-10,GC=F,0.3429421726986019
2025-11-11,GC=F,0.45852636647628287
2025-11-12,GC=F,0.33906956226680757
2025-11-13,GC=F,0.4473281884664049
2025-11-14,GC=F,0.5996215000111493
2025-11-17,GC=F,0.5921063489095274
2025-11-18,GC=F,0.6099116614106284
2025-11-19,GC=F,0.5712969889159171
2025-11-20,GC=F,0.6099550284625116
2025-11-21,GC=F,0.5281061888314181
2025-11-24,GC=F,0.5064432649717012
2025-11-25,GC=F,0.45463611359635125
2025-11-26,GC=F,0.45431472812277557
2025-11-28,GC=F,0.40290873138250577
2025-12-01,GC=F,0.43072117400075477
2025-12-02,GC=F,0.5422606665091867
2025-12-03,GC=F,0.5005777435719542
2025-12-04,GC=F,0.49302358107265243
2025-12-05,GC=F,0.5488887922944674
2025-12-08,GC=F,0.5953643080750974
2025-12-09,GC=F,0.5204258419140242
2025-12-10,GC=F,0.5864659114626944
2025-12-11,GC=F,0.4384131031860302
2025-12-12,GC=F,0.5295722614966742
2025-12-15,GC=F,0.5283821915899731
2025-12-16,GC=F,0.5280003144727755
2025-12-17,GC=F,0.44468289997620186
2025-12-18,GC=F,0.5455356848399122
2025-12-19,GC=F,0.5317475928085995
2025-12-22,GC=F,0.408006639694358
2025-12-23,GC=F,0.4267427727531849
2025-12-24,GC=F,0.47678013481827475
2025-12-26,GC=F,0.40929813486176486
2025-12-29,GC=F,0.7309096888658086
2025-12-30,GC=F,0.5737672926380191
2025-12-31,GC=F,0.6824278893573825
2026-01-02,GC=F,0.644997762310825
2026-01-05,GC=F,0.48492497097699333
2026-01-06,GC=F,0.44430642332357484
2026-01-07,GC=F,0.5411791717465215
2026-01-08,GC=F,0.5001600076579957
2026-01-09,GC=F,0.4361704144285333
2026-01-12,GC=F,0.3502901318393474
2026-01-13,GC=F,0.5149230217525681
2026-01-14,GC=F,0.45127955352453053
2026-01-15,GC=F,0.4867585640170754
2026-01-16,GC=F,0.5368881198567033
2026-01-20,GC=F,0.331529262325771
2026-01-21,GC=F,0.3692032769558176
2026-01-22,GC=F,0.3086404500003063
2026-01-23,GC=F,0.28390439529891776
2026-01-26,GC=F,0.19450674505702079
2026-01-27,GC=F,0.3387591620486176
2026-01-28,GC=F,0.10020693835730363
2026-01-29,GC=F,0.18926981876678892
2025-10-31,XOM,0.3811848062264742
2025-11-03,XOM,0.4189967423761051
2025-11-04,XOM,0.3785578418233739
2025-11-05,XOM,0.4448769221860887
2025-11-06,XOM,0.35009827309368535
2025-11-07,XOM,0.20720497253136144
2025-11-10,XOM,0.2043995575642099
2025-11-11,XOM,0.17187469144682743
2025-11-12,XOM,0.2947293166465047
2025-11-13,XOM,0.22631075479722856
2025-11-14,XOM,0.19643402647144456
2025-11-17,XOM,0.34829427685195846
2025-11-18,XOM,0.252840294473648
2025-11-19,XOM,0.36014939482868613
2025-11-20,XOM,0.3572331381153802
2025-11-21,XOM,0.38858507269636644
2025-11-24,XOM,0.4178402294241363
2025-11-25,XOM,0.48308269103677326
2025-11-26,XOM,0.3986443876864854
2025-11-28,XOM,0.3559279701713789
2025-12-01,XOM,0.35273099566777427
2025-12-02,XOM,0.4226203336549504
2025-12-03,XOM,0.2051866061113141
2025-12-04,XOM,0.3129789234657567
2025-12-05,XOM,0.3587671704619594
2025-12-08,XOM,0.4152984695570586
2025-12-09,XOM,0.2785929553098246
2025-12-10,XOM,0.3385520862045461
2025-12-11,XOM,0.386301223323847
2025-12-12,XOM,0.4178788225477529
2025-12-15,XOM,0.46755024624580943
2025-12-16,XOM,0.6550597685765618
2025-12-17,XOM,0.40939632011663685
2025-12-18,XOM,0.5656244141249552
2025-12-19,XOM,0.4999684519187113
2025-12-22,XOM,0.4053359986578665
2025-12-23,XOM,0.3357346700487481
2025-12-24,XOM,0.4331281643276751
2025-12-26,XOM,0.40911062992074854
2025-12-29,XOM,0.31202386220641914
2025-12-30,XOM,0.3664941137804635
2025-12-31,XOM,0.45238589306346016
2026-01-02,XOM,0.29087880905492997
2026-01-05,XOM,0.2187830019129424
2026-01-06,XOM,0.5452286426381553
2026-01-07,XOM,0.553503991684772
2026-01-08,XOM,0.24591358963136348
2026-01-09,XOM,0.3225678543021363
2026-01-12,XOM,0.43589617260022023
2026-01-13,XOM,0.2478935316175376
2026-01-14,XOM,0.08518893600472172
2026-01-15,XOM,0.268587281925159
2026-01-16,XOM,0.18359945752511475
2026-01-20,XOM,0.19540312131512633
2026-01-21,XOM,0.09529269921049115
2026-01-22,XOM,0.22611471670893055
2026-01-23,XOM,0.18549755688517042
2026-01-26,XOM,0.2409804903183233
2026-01-27,XOM,0.16675043099530784
2026-01-28,XOM,0.2200526856346671
2026-01-29,XOM,0.12614009251998293
2026-05-08,SBIN.NS,0.6634374149443563
2026-05-11,SBIN.NS,0.6709693945685853
2026-05-12,SBIN.NS,0.5995042300011134
2026-05-13,SBIN.NS,0.6676530060478546
2026-05-14,SBIN.NS,0.646536005257582
2026-05-15,SBIN.NS,0.5564291385162937
2026-05-18,SBIN.NS,0.5881849763454796
2026-05-19,SBIN.NS,0.5304263577990256
2026-05-20,SBIN.NS,0.5352492118212054
2026-05-21,SBIN.NS,0.5565321494503269
2026-05-22,SBIN.NS,0.5644956329490043
2026-05-25,SBIN.NS,0.4470954274178524
2026-05-26,SBIN.NS,0.51186626997959
2026-05-27,SBIN.NS,0.5150028946084745
2026-05-28,SBIN.NS,0.5160140596415769
2026-05-29,SBIN.NS,0.5154773506843647
2026-06-01,SBIN.NS,0.5826839038186996
2026-06-02,SBIN.NS,0.5573103451330059
2026-06-03,SBIN.NS,0.49734452890232833
2026-06-04,SBIN.NS,0.5020258889245443
2026-06-05,SBIN.NS,0.5178000743912274
2026-06-08,SBIN.NS,0.44200584951476873
2026-06-09,SBIN.NS,0.32888664735231377
2026-06-10,SBIN.NS,0.3790706350301199
2026-06-11,SBIN.NS,0.4107471951937155
2026-06-12,SBIN.NS,0.3270472459686741
2026-06-15,SBIN.NS,0.3545799138402595
2026-06-16,SBIN.NS,0.3950529115336995
2026-06-17,SBIN.NS,0.35670478594426713
2026-06-18,SBIN.NS,0.31201550031649933
2026-06-19,SBIN.NS,0.4142897173094643
2026-06-22,SBIN.NS,0.37030749026680354
2026-06-23,SBIN.NS,0.4636254336415889
2026-06-24,SBIN.NS,0.3979813629456772
2026-06-25,SBIN.NS,0.3973015770708085
2026-06-26,SBIN.NS,0.42535443805871326
2026-06-29,SBIN.NS,0.4565458555905572
2026-06-30,SBIN.NS,0.42029304878716245
2026-07-01,SBIN.NS,0.3469523011085329
2026-07-02,SBIN.NS,0.39980042665047966
2026-07-03,SBIN.NS,0.4656072097633103
2026-07-06,SBIN.NS,0.4336833988999481
2026-07-07,SBIN.NS,0.4298521437681413
2026-07-08,SBIN.NS,0.5748870797400297
2026-07-09,SBIN.NS,0.521321500977209
2026-07-10,SBIN.NS,0.44900848277789573
2026-07-13,SBIN.NS,0.4892976187141016
2026-07-14,SBIN.NS,0.5911979185544901
2026-07-15,SBIN.NS,0.4323230567573285
2026-07-16,SBIN.NS,0.4908431544266622
2026-07-17,SBIN.NS,0.4736697582722381
2026-07-20,SBIN.NS,0.4176314305890719
2026-07-21,SBIN.NS,0.4705290496565768
2026-07-22,SBIN.NS,0.5486568611040672
2026-07-23,SBIN.NS,0.5831152912185352
2026-07-24,SBIN.NS,0.573520628912226
2026-07-27,SBIN.NS,0.5857062286967475
2026-07-28,SBIN.NS,0.5940437778756466
2026-07-29,SBIN.NS,0.5302544659988205
2026-07-30,SBIN.NS,0.46733580455658014
2026-05-08,RELIANCE.NS,0.3385533119069404
2026-05-11,RELIANCE.NS,0.5625734845606152
2026-05-12,RELIANCE.NS,0.5817674713664438
2026-05-13,RELIANCE.NS,0.5059583490865702
2026-05-14,RELIANCE.NS,0.5147819810020348
2026-05-15,RELIANCE.NS,0.6002404088324413
2026-05-18,RELIANCE.NS,0.5056253168502624
2026-05-19,RELIANCE.NS,0.5132078934113494
2026-05-20,RELIANCE.NS,0.2907265793139486
2026-05-21,RELIANCE.NS,0.4225750362322069
2026-05-22,RELIANCE.NS,0.32875325457191035
2026-05-25,RELIANCE.NS,0.2859128157076624
2026-05-26,RELIANCE.NS,0.34158020900438535
2026-05-27,RELIANCE.NS,0.4372564795199756
2026-05-28,RELIANCE.NS,0.4322575305455956
2026-05-29,RELIANCE.NS,0.5630189372270689
2026-06-01,RELIANCE.NS,0.523784637358576
2026-06-02,RELIANCE.NS,0.5552627782937144
2026-06-03,RELIANCE.NS,0.537874649622844
2026-06-04,RELIANCE.NS,0.5518299000482262
2026-06-05,RELIANCE.NS,0.5119632600108439
2026-06-08,RELIANCE.NS,0.6381891758807803
2026-06-09,RELIANCE.NS,0.5180898613624616
2026-06-10,RELIANCE.NS,0.5666593271546299
2026-06-11,RELIANCE.NS,0.49969324907925217
2026-06-12,RELIANCE.NS,0.3431972411587604
2026-06-15,RELIANCE.NS,0.2757434807547371
2026-06-16,RELIANCE.NS,0.20589690855902407
2026-06-17,RELIANCE.NS,0.2101711645007761
2026-06-18,RELIANCE.NS,0.2806894593271694
2026-06-19,RELIANCE.NS,0.4165107073716803
2026-06-22,RELIANCE.NS,0.3189388019197202
2026-06-23,RELIANCE.NS,0.49862028009933396
2026-06-24,RELIANCE.NS,0.4386115104437334
2026-06-25,RELIANCE.NS,0.40591253032636426
2026-06-26,RELIANCE.NS,0.3856121929580378
2026-06-29,RELIANCE.NS,0.4593705832784848
2026-06-30,RELIANCE.NS,0.41695557208319106
2026-07-01,RELIANCE.NS,0.33855841885244375
2026-07-02,RELIANCE.NS,0.3912975542495194
2026-07-03,RELIANCE.NS,0.35144706320940866
2026-07-06,RELIANCE.NS,0.21270609454405418
2026-07-07,RELIANCE.NS,0.30407405906275364
2026-07-08,RELIANCE.NS,0.4658867408176007
2026-07-09,RELIANCE.NS,0.3714188391143939
2026-07-10,RELIANCE.NS,0.22022966860931256
2026-07-13,RELIANCE.NS,0.41985913976313666
2026-07-14,RELIANCE.NS,0.40541730706515333
2026-07-15,RELIANCE.NS,0.3419555362202913
2026-07-16,RELIANCE.NS,0.3660004639165917
2026-07-17,RELIANCE.NS,0.2619977144496392
2026-07-20,RELIANCE.NS,0.3224362664731432
2026-07-21,RELIANCE.NS,0.40836698524678555
2026-07-22,RELIANCE.NS,0.43757625087841456
2026-07-23,RELIANCE.NS,0.5127499077227038
2026-07-24,RELIANCE.NS,0.5333982801909009
2026-07-27,RELIANCE.NS,0.5531560225395957
2026-07-28,RELIANCE.NS,0.5734350860828564
2026-07-29,RELIANCE.NS,0.4724535220611917
2026-07-30,RELIANCE.NS,0.3904747321215661
2026-05-05,AAPL,0.26190932173836157
2026-05-06,AAPL,0.27366438640496094
2026-05-07,AAPL,0.32893362329487374
2026-05-08,AAPL,0.30980964377386827
2026-05-11,AAPL,0.3306550871834643
2026-05-12,AAPL,0.34120359678073015
2026-05-13,AAPL,0.28161243141378206
2026-05-14,AAPL,0.31446158417576636
2026-05-15,AAPL,0.2996649115661652
2026-05-18,AAPL,0.39759223252168274
2026-05-19,AAPL,0.38765726558043007
2026-05-20,AAPL,0.3515070456666721
2026-05-21,AAPL,0.36503782011246433
2026-05-22,AAPL,0.3545167786781593
2026-05-26,AAPL,0.38735735896831985
2026-05-27,AAPL,0.35653462947735587
2026-05-28,AAPL,0.36305911414796566
2026-05-29,AAPL,0.38465008067446677
2026-06-01,AAPL,0.5140282813648436
2026-06-02,AAPL,0.32716946322837676
2026-06-03,AAPL,0.47921176119638487
2026-06-04,AAPL,0.44960672446682115
2026-06-05,AAPL,0.5274612728915025
2026-06-08,AAPL,0.5663956137186222
2026-06-09,AAPL,0.740360840304199
2026-06-10,AAPL,0.621557622719299
2026-06-11,AAPL,0.563438621905014
2026-06-12,AAPL,0.6519628244823301
2026-06-15,AAPL,0.49385625228151764
2026-06-16,AAPL,0.4309384598138401
2026-06-17,AAPL,0.499372600368207
2026-06-18,AAPL,0.4787787816989036
2026-06-22,AAPL,0.48852027925678754
2026-06-23,AAPL,0.5688757514935777
2026-06-24,AAPL,0.5984813571904822
2026-06-25,AAPL,0.771760407861437
2026-06-26,AAPL,0.5196653342653731
2026-06-29,AAPL,0.606226528892627
2026-06-30,AAPL,0.4541955809852131
2026-07-01,AAPL,0.42115699261497946
2026-07-02,AAPL,0.14866588555472016
2026-07-06,AAPL,0.22408054089386897
2026-07-07,AAPL,0.26799410882810093
2026-07-08,AAPL,0.26160229538704705
2026-07-09,AAPL,0.2739585864911681
2026-07-10,AAPL,0.36566969619188955
2026-07-13,AAPL,0.35886020227359533
2026-07-14,AAPL,0.40368815807505404
2026-07-15,AAPL,0.22538056718188973
2026-07-16,AAPL,0.2700803684023891
2026-07-17,AAPL,0.293528169780053
2026-07-20,AAPL,0.39978327889317594
2026-07-21,AAPL,0.34251067985693334
2026-07-22,AAPL,0.4325333349322508
2026-07-23,AAPL,0.5039843767326764
2026-07-24,AAPL,0.33119581072832155
2026-07-27,AAPL,0.2666002108250837
2026-07-28,AAPL,0.26703806016960313
2026-07-29,AAPL,0.296594275523985
2026-07-30,AAPL,0.3488940097406738
2026-05-08,INFY.NS,0.40208188507156206
2026-05-11,INFY.NS,0.39552190832126194
2026-05-12,INFY.NS,0.49901568519216893
2026-05-13,INFY.NS,0.4784694796161994
2026-05-14,INFY.NS,0.5420887500921583
2026-05-15,INFY.NS,0.42662055972311885
2026-05-18,INFY.NS,0.3862693273145488
2026-05-19,INFY.NS,0.1779149147590268
2026-05-20,INFY.NS,0.23927111821989985
2026-05-21,INFY.NS,0.21952711234789477
2026-05-22,INFY.NS,0.25656114467465313
2026-05-25,INFY.NS,0.25209286041666534
2026-05-26,INFY.NS,0.3218229722692615
2026-05-27,INFY.NS,0.33278591809394
2026-05-28,INFY.NS,0.3066467358252345
2026-05-29,INFY.NS,0.2898184753192526
2026-06-01,INFY.NS,0.1501778869091272
2026-06-02,INFY.NS,0.00467420210232759
2026-06-03,INFY.NS,0.21866131895626817
2026-06-04,INFY.NS,0.21341903230999637
2026-06-05,INFY.NS,0.20283643040738641
2026-06-08,INFY.NS,0.2801227118379507
2026-06-09,INFY.NS,0.35707208503324855
2026-06-10,INFY.NS,0.312695944759334
2026-06-11,INFY.NS,0.35206926764872515
2026-06-12,INFY.NS,0.28561956889151646
2026-06-15,INFY.NS,0.22881938631114568
2026-06-16,INFY.NS,0.22268989531446445
2026-06-17,INFY.NS,0.2073433526633646
2026-06-18,INFY.NS,0.27394510254867604
2026-06-19,INFY.NS,0.4317975063289693
2026-06-22,INFY.NS,0.30606603712601727
2026-06-23,INFY.NS,0.43145146930335526
2026-06-24,INFY.NS,0.32213619725245735
2026-06-25,INFY.NS,0.37049378336313304
2026-06-26,INFY.NS,0.2775340809582428
2026-06-29,INFY.NS,0.30678668742149284
2026-06-30,INFY.NS,0.3684639908840742
2026-07-01,INFY.NS,0.4203135532717534
2026-07-02,INFY.NS,0.20775266228551914
2026-07-03,INFY.NS,0.25916827150063826
2026-07-06,INFY.NS,0.2797341835115174
2026-07-07,INFY.NS,0.14887070350227338
2026-07-08,INFY.NS,0.17030249559135163
2026-07-09,INFY.NS,0.270725064476107
2026-07-10,INFY.NS,0.19548933507467803
2026-07-13,INFY.NS,0.12438864034973143
2026-07-14,INFY.NS,0.2339908126191063
2026-07-15,INFY.NS,0.26962930628262155
2026-07-16,INFY.NS,0.22043574623040327
2026-07-17,INFY.NS,0.20197368843947547
2026-07-20,INFY.NS,0.24284093871139437
2026-07-21,INFY.NS,0.25308037995635174
2026-07-22,INFY.NS,0.2478656000565252
2026-07-23,INFY.NS,0.2574436612314444
2026-07-24,INFY.NS,0.27572055109914234
2026-07-27,INFY.NS,0.15099441922406073
2026-07-28,INFY.NS,0.11271867791329108
2026-07-29,INFY.NS,-0.024158239904267118
2026-07-30,INFY.NS,0.021932912422148593
2026-05-05,MSFT,0.2962162234067008
2026-05-06,MSFT,0.24826474643606264
2026-05-07,MSFT,0.12032697142810794
2026-05-08,MSFT,0.23525439647656146
2026-05-11,MSFT,0.23911281785731847
2026-05-12,MSFT,0.28987731020488294
2026-05-13,MSFT,0.30156437943477954
2026-05-14,MSFT,0.29967953419652865
2026-05-15,MSFT,0.1850315187474557
2026-05-18,MSFT,0.21646677576928305
2026-05-19,MSFT,0.25591373920653315
2026-05-20,MSFT,0.19056432473304033
2026-05-21,MSFT,0.2501070401210968
2026-05-22,MSFT,0.26911976807442517
2026-05-26,MSFT,0.3179072963440644
2026-05-27,MSFT,0.3340526324074259
2026-05-28,MSFT,0.1891977478530574
2026-05-29,MSFT,0.0260435261619743
2026-06-01,MSFT,0.007118371697506638
2026-06-02,MSFT,0.20688275588873825
2026-06-03,MSFT,0.2410704588661858
2026-06-04,MSFT,0.23442512847462646
2026-06-05,MSFT,0.39962238825537105
2026-06-08,MSFT,0.43265726902457957
2026-06-09,MSFT,0.4163442004890743
2026-06-10,MSFT,0.38844512897370864
2026-06-11,MSFT,0.4185793660699103
2026-06-12,MSFT,0.35001305394975324
2026-06-15,MSFT,0.2615861155190887
2026-06-16,MSFT,0.33956296998133745
2026-06-17,MSFT,0.41151243866121706
2026-06-18,MSFT,0.31951854716259753
2026-06-22,MSFT,0.42098443333454466
2026-06-23,MSFT,0.3429739641501037
2026-06-24,MSFT,0.41168318072636684
2026-06-25,MSFT,0.4292029934380894
2026-06-26,MSFT,0.1887652755854222
2026-06-29,MSFT,0.26880212314441393
2026-06-30,MSFT,0.2613850908381005
2026-07-01,MSFT,0.1757600819156419
2026-07-02,MSFT,0.10743137303307264
2026-07-06,MSFT,0.22233572954100042
2026-07-07,MSFT,0.1775805956689491
2026-07-08,MSFT,0.2335568357301232
2026-07-09,MSFT,0.23923392462086307
2026-07-10,MSFT,0.2444601298654519
2026-07-13,MSFT,0.1805077941263726
2026-07-14,MSFT,0.26059915581871906
2026-07-15,MSFT,0.13929205989547502
2026-07-16,MSFT,0.16259011858431432
2026-07-17,MSFT,0.24496304878310254
2026-07-20,MSFT,0.151494953501724
2026-07-21,MSFT,0.1962214027370529
2026-07-22,MSFT,0.2640974002574266
2026-07-23,MSFT,0.34246528135077386
2026-07-24,MSFT,0.2647383866584428
2026-07-27,MSFT,0.21224687691484614
2026-07-28,MSFT,0.21872843387107818
2026-07-29,MSFT,0.22949777415025036
2026-07-30,MSFT,-0.1320340525204138
2026-05-05,GLD,0.4512686068350693
2026-05-06,GLD,0.3478138154867524
2026-05-07,GLD,0.39918485032913825
2026-05-08,GLD,0.403574547649454
2026-05-11,GLD,0.3928322098879537
2026-05-12,GLD,0.41489599221553075
2026-05-13,GLD,0.49098640903422247
2026-05-14,GLD,0.494404086928472
2026-05-15,GLD,0.5714336705569785
2026-05-18,GLD,0.5268328795418683
2026-05-19,GLD,0.5881928968302674
2026-05-20,GLD,0.49553755203402217
2026-05-21,GLD,0.519548194336943
2026-05-22,GLD,0.5132161022189068
2026-05-26,GLD,0.5092693372875405
2026-05-27,GLD,0.5204083400720941
2026-05-28,GLD,0.4825362189207781
2026-05-29,GLD,0.46397018855485134
2026-06-01,GLD,0.5282054644639628
2026-06-02,GLD,0.48998133827867135
2026-06-03,GLD,0.4910045274562391
2026-06-04,GLD,0.4684479603009717
2026-06-05,GLD,0.6280657367835158
2026-06-08,GLD,0.5454149290306826
2026-06-09,GLD,0.6185367820165497
2026-06-10,GLD,0.6891304982186363
2026-06-11,GLD,0.5198341375175224
2026-06-12,GLD,0.5141802364913338
2026-06-15,GLD,0.4225554085873468
2026-06-16,GLD,0.41741635219320966
2026-06-17,GLD,0.43273123073206315
2026-06-18,GLD,0.4361613264079941
2026-06-22,GLD,0.4542691071647104
2026-06-23,GLD,0.5352583787221028
2026-06-24,GLD,0.5950230832371604
2026-06-25,GLD,0.49987253310407126
2026-06-26,GLD,0.45550190216520914
2026-06-29,GLD,0.5278044881496026
2026-06-30,GLD,0.49463513080637816
2026-07-01,GLD,0.4382389858186069
2026-07-02,GLD,0.3945266555585275
2026-07-06,GLD,0.39872734800660503
2026-07-07,GLD,0.4451732405309759
2026-07-08,GLD,0.4347591693526899
2026-07-09,GLD,0.4019335901450798
2026-07-10,GLD,0.457114268131561
2026-07-13,GLD,0.5316624367943893
2026-07-14,GLD,0.4337104408949544
2026-07-15,GLD,0.45193679844067697
2026-07-16,GLD,0.5502519862102517
2026-07-17,GLD,0.4786354739328384
2026-07-20,GLD,0.45941644196643744
2026-07-21,GLD,0.3989580924456116
2026-07-22,GLD,0.3702571271069874
2026-07-23,GLD,0.4219334549834755
2026-07-24,GLD,0.3808763713828559
2026-07-27,GLD,0.36068524525975565
2026-07-28,GLD,0.4655444307708062
2026-07-29,GLD,0.4283392731442453
2026-07-30,GLD,0.3313102712319122
2026-05-05,UNH,0.11895203441067118
2026-05-06,UNH,0.11778809865185394
2026-05-07,UNH,0.1090348146570232
2026-05-08,UNH,0.07063685790024295
2026-05-11,UNH,0.0743674151612278
2026-05-12,UNH,0.020727493162680622
2026-05-13,UNH,0.036355927055763626
2026-05-14,UNH,0.09352806680487231
2026-05-15,UNH,0.14222741356013605
2026-05-18,UNH,0.18135568301252702
2026-05-19,UNH,0.1965122930680358
2026-05-20,UNH,0.2378688843010749
2026-05-21,UNH,0.23214478625774082
2026-05-22,UNH,0.19982553896521327
2026-05-26,UNH,0.25843001890688827
2026-05-27,UNH,0.2025732861281271
2026-05-28,UNH,0.2280333363119821
2026-05-29,UNH,0.2393196169278353
2026-06-01,UNH,0.24961580908507608
2026-06-02,UNH,0.22823070791741562
2026-06-03,UNH,0.24812406467442763
2026-06-04,UNH,0.13645670639503826
2026-06-05,UNH,0.15978651381997183
2026-06-08,UNH,0.13860412843696418
2026-06-09,UNH,0.12058463571050916
2026-06-10,UNH,0.16782026298498307
2026-06-11,UNH,0.20899836861234064
2026-06-12,UNH,0.19966621264940543
2026-06-15,UNH,0.19159710963314167
2026-06-16,UNH,0.23239692841003456
2026-06-17,UNH,0.251799210698304
2026-06-18,UNH,0.21939496893122667
2026-06-22,UNH,0.19228985672437074
2026-06-23,UNH,0.20123600420744017
2026-06-24,UNH,0.22843071429688888
2026-06-25,UNH,0.13640172556817623
2026-06-26,UNH,0.10484357630793012
2026-06-29,UNH,0.1747520029733602
2026-06-30,UNH,0.17918147747269184
2026-07-01,UNH,0.1129706571188667
2026-07-02,UNH,0.15762483202340782
2026-07-06,UNH,0.23538590530602113
2026-07-07,UNH,0.1680892197523269
2026-07-08,UNH,0.22811857478652822
2026-07-09,UNH,0.21406202097477764
2026-07-10,UNH,0.2751256473722383
2026-07-13,UNH,0.21425416030325967
2026-07-14,UNH,0.27212411415026583
2026-07-15,UNH,0.30040045174483826
2026-07-16,UNH,0.2865165207543504
2026-07-17,UNH,0.2690501377850909
2026-07-20,UNH,0.31335986258893217
2026-07-21,UNH,0.22113032838804791
2026-07-22,UNH,0.2921496601854011
2026-07-23,UNH,0.33353028394662954
2026-07-24,UNH,0.3258376631180389
2026-07-27,UNH,0.3483425021470321
2026-07-28,UNH,0.3220505371744393
2026-07-29,UNH,0.41304163038792047
2026-07-30,UNH,0.3887827561228177
2026-05-05,JPM,0.4687259329891303
2026-05-06,JPM,0.37881304511304414
2026-05-07,JPM,0.6189119829337839
2026-05-08,JPM,0.6390942174895194
2026-05-11,JPM,0.6002203448098186
2026-05-12,JPM,0.512733655650706
2026-05-13,JPM,0.6382628786786212
2026-05-14,JPM,0.5185244978245548
2026-05-15,JPM,0.5285478181049227
2026-05-18,JPM,0.45565574228727845
2026-05-19,JPM,0.6320098131441984
2026-05-20,JPM,0.43222789748545126
2026-05-21,JPM,0.4728380087586205
2026-05-22,JPM,0.3843353330632168
2026-05-26,JPM,0.42731298857201316
2026-05-27,JPM,0.5408985093483705
2026-05-28,JPM,0.5703617854068417
2026-05-29,JPM,0.4944655641725944
2026-06-01,JPM,0.5956183958023997
2026-06-02,JPM,0.4923119946272787
2026-06-03,JPM,0.4672303972447955
2026-06-04,JPM,0.24408081490312838
2026-06-05,JPM,0.33285978847225617
2026-06-08,JPM,0.3261133911422629
2026-06-09,JPM,0.3015795568621934
2026-06-10,JPM,0.36975435469361584
2026-06-11,JPM,0.34988736184690644
2026-06-12,JPM,0.24562917171497128
2026-06-15,JPM,0.32005311861757274
2026-06-16,JPM,0.11453088206092218
2026-06-17,JPM,0.13953689934997718
2026-06-18,JPM,0.3167355358476037
2026-06-22,JPM,0.21077423734581371
2026-06-23,JPM,0.215046392954285
2026-06-24,JPM,0.3338568220918705
2026-06-25,JPM,0.31553440916534925
2026-06-26,JPM,0.3349644451760327
2026-06-29,JPM,0.29116290323896155
2026-06-30,JPM,0.360545225134731
2026-07-01,JPM,0.23607677167804442
2026-07-02,JPM,0.3097548854929833
2026-07-06,JPM,0.1870832433257333
2026-07-07,JPM,0.2254371294923209
2026-07-08,JPM,0.3722775713048178
2026-07-09,JPM,0.30343369777136114
2026-07-10,JPM,0.34240996279101477
2026-07-13,JPM,0.3937283750107723
2026-07-14,JPM,0.27100362541498785
2026-07-15,JPM,0.22749413245551292
2026-07-16,JPM,0.3544344615872347
2026-07-17,JPM,0.4117789478747482
2026-07-20,JPM,0.41963611946957385
2026-07-21,JPM,0.3389520701241466
2026-07-22,JPM,0.3871552314353283
2026-07-23,JPM,0.36623842935142104
2026-07-24,JPM,0.29606555675156215
2026-07-27,JPM,0.2606124426750415
2026-07-28,JPM,0.2944829133344504
2026-07-29,JPM,0.514688187999842
2026-07-30,JPM,0.32977937233033316
2026-05-05,TLT,1.023969217940075
2026-05-06,TLT,0.7783302994074703
2026-05-07,TLT,1.066386046906383
2026-05-08,TLT,0.880916811434497
2026-05-11,TLT,1.0478078594581153
2026-05-12,TLT,1.2796761524121656
2026-05-13,TLT,1.3878425179154197
2026-05-14,TLT,1.2788409080462257
2026-05-15,TLT,1.7517885067820897
2026-05-18,TLT,1.55749391404537
2026-05-19,TLT,1.6422051443672236
2026-05-20,TLT,1.17350695976473
2026-05-21,TLT,1.2554117935114535
2026-05-22,TLT,1.0087049471616207
2026-05-26,TLT,0.9201647513108371
2026-05-27,TLT,0.8115201641590851
2026-05-28,TLT,0.7995524834666368
2026-05-29,TLT,0.9053587575129318
2026-06-01,TLT,0.9068711376876825
2026-06-02,TLT,0.9312962471304507
2026-06-03,TLT,1.1157182378702006
2026-06-04,TLT,1.0788999211003623
2026-06-05,TLT,1.2633353330873298
2026-06-08,TLT,1.3677118120057
2026-06-09,TLT,1.1628930216723026
2026-06-10,TLT,1.2309295158039426
2026-06-11,TLT,0.7347624816958479
2026-06-12,TLT,0.900093157216556
2026-06-15,TLT,0.8206656422296208
2026-06-16,TLT,0.6847542458995253
2026-06-17,TLT,0.6805162788403789
2026-06-18,TLT,0.6647774736159621
2026-06-22,TLT,0.9452821428538103
2026-06-23,TLT,0.8215438395804263
2026-06-24,TLT,0.47594221231511574
2026-06-25,TLT,0.7468081074853633
2026-06-26,TLT,0.7849111266101306
2026-06-29,TLT,0.6419948014835095
2026-06-30,TLT,1.0990681751421016
2026-07-01,TLT,1.2782152723193851
2026-07-02,TLT,1.1925218465498328
2026-07-06,TLT,1.2474282290614613
2026-07-07,TLT,1.580533220815571
2026-07-08,TLT,1.3536686184051392
2026-07-09,TLT,1.1861886164904227
2026-07-10,TLT,1.211573708434699
2026-07-13,TLT,1.372935229398741
2026-07-14,TLT,1.2107506403972916
2026-07-15,TLT,1.1597722285333942
2026-07-16,TLT,1.229779437350805
2026-07-17,TLT,1.100570325997492
2026-07-20,TLT,1.357064491576425
2026-07-21,TLT,1.3856484863775207
2026-07-22,TLT,1.4059129342019676
2026-07-23,TLT,1.462787910193976
2026-07-24,TLT,1.5104029538977597
2026-07-27,TLT,1.2218563747051399
2026-07-28,TLT,1.0409075100686052
2026-07-29,TLT,1.6117432752450047
2026-07-30,TLT,1.2386748022386092
2026-05-05,TSLA,0.20735509097050256
2026-05-06,TSLA,0.15232230377019307
2026-05-07,TSLA,0.13416315775843524
2026-05-08,TSLA,0.11458947909794712
2026-05-11,TSLA,0.08669958259715417
2026-05-12,TSLA,0.1492824456632132
2026-05-13,TSLA,0.10219411773925124
2026-05-14,TSLA,0.15939809306973887
2026-05-15,TSLA,0.24481944121278587
2026-05-18,TSLA,0.28634910882915715
2026-05-19,TSLA,0.26611148386507977
2026-05-20,TSLA,0.22365202000010273
2026-05-21,TSLA,0.2443263268832387
2026-05-22,TSLA,0.17820296528449686
2026-05-26,TSLA,0.15045461503001506
2026-05-27,TSLA,0.1353409195468696
2026-05-28,TSLA,0.1425862185218473
2026-05-29,TSLA,0.16732875915570392
2026-06-01,TSLA,0.2442856527313362
2026-06-02,TSLA,0.20075653267151236
2026-06-03,TSLA,0.2330490635070033
2026-06-04,TSLA,0.2528499543501476
2026-06-05,TSLA,0.3283618398894933
2026-06-08,TSLA,0.21976676395991823
2026-06-09,TSLA,0.3060538099854419
2026-06-10,TSLA,0.34101418817474805
2026-06-11,TSLA,0.22809089120018639
2026-06-12,TSLA,0.1982275251310876
2026-06-15,TSLA,0.22633129787057557
2026-06-16,TSLA,0.2265577343903641
2026-06-17,TSLA,0.2107467970631905
2026-06-18,TSLA,0.20639902254957976
2026-06-22,TSLA,0.21101812206959797
2026-06-23,TSLA,0.30628630513873467
2026-06-24,TSLA,0.27754814463470096
2026-06-25,TSLA,0.26540478140472384
2026-06-26,TSLA,0.2581466577911984
2026-06-29,TSLA,0.14667296410212693
2026-06-30,TSLA,0.13265473674037784
2026-07-01,TSLA,0.12175036807847968
2026-07-02,TSLA,0.24225635257309253
2026-07-06,TSLA,0.10370876002874764
2026-07-07,TSLA,0.2311958405873976
2026-07-08,TSLA,0.23775727732310747
2026-07-09,TSLA,0.19999367943504864
2026-07-10,TSLA,0.17237072657894897
2026-07-13,TSLA,0.23371708720736833
2026-07-14,TSLA,0.1992715278961121
2026-07-15,TSLA,0.2025493264996098
2026-07-16,TSLA,0.2419682909719064
2026-07-17,TSLA,0.26421807759576
2026-07-20,TSLA,0.2699822151513087
2026-07-21,TSLA,0.21942172153336592
2026-07-22,TSLA,0.253164174552981
2026-07-23,TSLA,0.34687397084289917
2026-07-24,TSLA,0.2829257909984513
2026-07-27,TSLA,0.2831722201876454
2026-07-28,TSLA,0.2945126048613385
2026-07-29,TSLA,0.3240130228895947
2026-07-30,TSLA,0.21699540302980266
2026-05-01,USDJPY=X,1.9546324804142756
2026-05-04,USDJPY=X,1.614105317880684
2026-05-05,USDJPY=X,1.5493799782335358
2026-05-06,USDJPY=X,1.5231304106488686
2026-05-07,USDJPY=X,1.9074974370407003
2026-05-08,USDJPY=X,1.3537662596569313
2026-05-11,USDJPY=X,1.3666375660123609
2026-05-12,USDJPY=X,1.3171385902763744
2026-05-13,USDJPY=X,1.2903665083214368
2026-05-14,USDJPY=X,1.1571022675999314
2026-05-15,USDJPY=X,1.1155010785704147
2026-05-18,USDJPY=X,1.0696797128214166
2026-05-19,USDJPY=X,1.1548386945980553
2026-05-20,USDJPY=X,1.1219496617567808
2026-05-21,USDJPY=X,1.2659682918558497
2026-05-22,USDJPY=X,1.2860380687886428
2026-05-25,USDJPY=X,1.4733376798342195
2026-05-26,USDJPY=X,1.4372930819014074
2026-05-27,USDJPY=X,1.3934146453438299
2026-05-28,USDJPY=X,1.3414805775505498
2026-05-29,USDJPY=X,1.5147695047899845
2026-06-01,USDJPY=X,1.32067200746394
2026-06-02,USDJPY=X,1.2281915743263414
2026-06-03,USDJPY=X,1.260747458549154
2026-06-04,USDJPY=X,1.4416453336702129
2026-06-05,USDJPY=X,1.2879352693235553
2026-06-08,USDJPY=X,1.200296380887152
2026-06-09,USDJPY=X,1.3683642362113237
2026-06-10,USDJPY=X,1.370349885873804
2026-06-11,USDJPY=X,1.3831143420292356
2026-06-12,USDJPY=X,1.5242896347748727
2026-06-15,USDJPY=X,1.6091733185684567
2026-06-16,USDJPY=X,1.5530543869983255
2026-06-17,USDJPY=X,1.5146365622549371
2026-06-18,USDJPY=X,1.5410259681788683
2026-06-19,USDJPY=X,1.271362948594138
2026-06-22,USDJPY=X,1.3655299491299469
2026-06-23,USDJPY=X,1.42323426431185
2026-06-24,USDJPY=X,1.4743596150503688
2026-06-25,USDJPY=X,1.4603874792569969
2026-06-26,USDJPY=X,1.5894160894848541
2026-06-29,USDJPY=X,1.5233027997785493
2026-06-30,USDJPY=X,1.474230481220854
2026-07-01,USDJPY=X,1.3233132979560323
2026-07-02,USDJPY=X,1.5337879707699615
2026-07-03,USDJPY=X,1.8631407630621089
2026-07-06,USDJPY=X,1.6382578236403205
2026-07-07,USDJPY=X,1.393039783876223
2026-07-08,USDJPY=X,1.553687693388292
2026-07-09,USDJPY=X,1.5313430249782056
2026-07-10,USDJPY=X,1.4738217511852227
2026-07-13,USDJPY=X,1.625326401993036
2026-07-14,USDJPY=X,1.4634597454622826
2026-07-15,USDJPY=X,1.743931218782195
2026-07-16,USDJPY=X,1.771431960528691
2026-07-17,USDJPY=X,1.578009951780625
2026-07-20,USDJPY=X,1.5499247893601555
2026-07-21,USDJPY=X,1.7630500721621818
2026-07-22,USDJPY=X,1.443845557984525
2026-07-23,USDJPY=X,1.5848981076355604
2026-07-24,USDJPY=X,1.4272683912605764
2026-07-27,USDJPY=X,1.7233894017753664
2026-07-28,USDJPY=X,1.5764869016586642
2026-07-29,USDJPY=X,1.585887732872867
2026-07-30,USDJPY=X,1.87068798782992
2026-05-01,GBPUSD=X,0.8088520241538945
2026-05-04,GBPUSD=X,1.2284588324894072
2026-05-05,GBPUSD=X,1.3406079197357166
2026-05-06,GBPUSD=X,1.0452049588041417
2026-05-07,GBPUSD=X,1.094811578467883
2026-05-08,GBPUSD=X,1.5194440548340886
2026-05-11,GBPUSD=X,1.2354432836817826
2026-05-12,GBPUSD=X,1.1511712117021546
2026-05-13,GBPUSD=X,1.6003603286172354
2026-05-14,GBPUSD=X,1.6095532701136426
2026-05-15,GBPUSD=X,2.005322576296412
2026-05-18,GBPUSD=X,2.0810382289985268
2026-05-19,GBPUSD=X,1.3680105445674755
2026-05-20,GBPUSD=X,1.6859419400144806
2026-05-21,GBPUSD=X,1.4409197639297804
2026-05-22,GBPUSD=X,1.289679904488684
2026-05-25,GBPUSD=X,0.8777431025063209
2026-05-26,GBPUSD=X,1.1803317777217521
2026-05-27,GBPUSD=X,1.3084281440552004
2026-05-28,GBPUSD=X,1.4143960968340923
2026-05-29,GBPUSD=X,1.215804445437409
2026-06-01,GBPUSD=X,1.3809279770654395
2026-06-02,GBPUSD=X,1.3768844820030504
2026-06-03,GBPUSD=X,1.3003885532238295
2026-06-04,GBPUSD=X,1.3258527471919235
2026-06-05,GBPUSD=X,1.4216122068609456
2026-06-08,GBPUSD=X,1.8100948421756642
2026-06-09,GBPUSD=X,1.6965869806608218
2026-06-10,GBPUSD=X,1.50734170509966
2026-06-11,GBPUSD=X,1.4891100847669712
2026-06-12,GBPUSD=X,1.2591342412479891
2026-06-15,GBPUSD=X,0.9065556707179592
2026-06-16,GBPUSD=X,1.0272491335604692
2026-06-17,GBPUSD=X,1.1166777900349587
2026-06-18,GBPUSD=X,1.6067193502820716
2026-06-19,GBPUSD=X,1.9190657447428185
2026-06-22,GBPUSD=X,1.745784081922204
2026-06-23,GBPUSD=X,1.5301040133265007
2026-06-24,GBPUSD=X,1.890616643337913
2026-06-25,GBPUSD=X,1.6439586948245715
2026-06-26,GBPUSD=X,1.2445926995619543
2026-06-29,GBPUSD=X,1.3269245755598142
2026-06-30,GBPUSD=X,1.2019120865248112
2026-07-01,GBPUSD=X,1.2125636011793601
2026-07-02,GBPUSD=X,0.9871194388734975
2026-07-03,GBPUSD=X,0.8442206439144639
2026-07-06,GBPUSD=X,1.0359647130603624
2026-07-07,GBPUSD=X,0.9147535151849567
2026-07-08,GBPUSD=X,1.249200009761634
2026-07-09,GBPUSD=X,0.9736853209195337
2026-07-10,GBPUSD=X,1.163349264493968
2026-07-13,GBPUSD=X,1.4401134819251202
2026-07-14,GBPUSD=X,1.6765120230390058
2026-07-15,GBPUSD=X,1.1613480483299004
2026-07-16,GBPUSD=X,0.6522084836688828
2026-07-17,GBPUSD=X,1.266343277951989
2026-07-20,GBPUSD=X,1.1610828944600016
2026-07-21,GBPUSD=X,1.056453253973005
2026-07-22,GBPUSD=X,1.4261384204567802
2026-07-23,GBPUSD=X,1.5947923266228243
2026-07-24,GBPUSD=X,1.7222403822884844
2026-07-27,GBPUSD=X,1.3398808619660094
2026-07-28,GBPUSD=X,1.7181828023029224
2026-07-29,GBPUSD=X,1.5688594150210347
2026-07-30,GBPUSD=X,1.0946281474206543
2026-05-05,GC=F,0.44038413199151505
2026-05-06,GC=F,0.34252427221473386
2026-05-07,GC=F,0.40575963602375553
2026-05-08,GC=F,0.4222263678369231
2026-05-11,GC=F,0.3983949984166314
2026-05-12,GC=F,0.44605987359161237
2026-05-13,GC=F,0.46540833979315455
2026-05-14,GC=F,0.48987806000296485
2026-05-15,GC=F,0.563319722778414
2026-05-18,GC=F,0.5333709933880914
2026-05-19,GC=F,0.5550388855359687
2026-05-20,GC=F,0.5145711209653578
2026-05-21,GC=F,0.5214449607970378
2026-05-22,GC=F,0.5113797222850749
2026-05-26,GC=F,0.5148493557683986
2026-05-27,GC=F,0.5383865000984468
2026-05-28,GC=F,0.47884052648355113
2026-05-29,GC=F,0.4490267714254652
2026-06-01,GC=F,0.5434833603502733
2026-06-02,GC=F,0.4787836552932053
2026-06-03,GC=F,0.49856473013681385
2026-06-04,GC=F,0.46833082824998457
2026-06-05,GC=F,0.6222510534418998
2026-06-08,GC=F,0.5507031235901211
2026-06-09,GC=F,0.6230068206119099
2026-06-10,GC=F,0.6787292583162304
2026-06-11,GC=F,0.6441904727351414
2026-06-12,GC=F,0.4802627231225915
2026-06-15,GC=F,0.42428910190153885
2026-06-16,GC=F,0.4335212795687302
2026-06-17,GC=F,0.35436045998354077
2026-06-18,GC=F,0.4379687375405443
2026-06-22,GC=F,0.4688961038112213
2026-06-23,GC=F,0.5225557145028122
2026-06-24,GC=F,0.606402085471368
2026-06-25,GC=F,0.5363282282406474
2026-06-26,GC=F,0.45541030710166674
2026-06-29,GC=F,0.5282046593421498
2026-06-30,GC=F,0.49717387197227286
2026-07-01,GC=F,0.4122151382687596
2026-07-02,GC=F,0.4172732979471692
2026-07-06,GC=F,0.408440620794012
2026-07-07,GC=F,0.4212496742946791
2026-07-08,GC=F,0.46158747447602755
2026-07-09,GC=F,0.40357224431666194
2026-07-10,GC=F,0.4648051023647094
2026-07-13,GC=F,0.5356300932966521
2026-07-14,GC=F,0.42329831133836987
2026-07-15,GC=F,0.4606271348713083
2026-07-16,GC=F,0.5432295577884906
2026-07-17,GC=F,0.4838397341411753
2026-07-20,GC=F,0.47057913971630316
2026-07-21,GC=F,0.4184334511125385
2026-07-22,GC=F,0.34593757008556897
2026-07-23,GC=F,0.4344132209705433
2026-07-24,GC=F,0.36587915462644455
2026-07-27,GC=F,0.37779031982570427
2026-07-28,GC=F,0.4478964157773934
2026-07-29,GC=F,0.4532249382918539
2026-07-30,GC=F,0.34057532254472717
2026-05-05,IWM,0.3934992469250249
2026-05-06,IWM,0.32434542663068855
2026-05-07,IWM,0.5893559330583746
2026-05-08,IWM,0.5303581237917919
2026-05-11,IWM,0.5055393762278872
2026-05-12,IWM,0.6552196595957736
2026-05-13,IWM,0.6511926402507402
2026-05-14,IWM,0.5467231864840242
2026-05-15,IWM,0.7659485896281769
2026-05-18,IWM,0.7710903456032682
2026-05-19,IWM,0.8009412851337395
2026-05-20,IWM,0.5810173167790423
2026-05-21,IWM,0.6270724878607504
2026-05-22,IWM,0.5305535005394671
2026-05-26,IWM,0.4276283220118633
2026-05-27,IWM,0.4607372503032396
2026-05-28,IWM,0.4613994847409321
2026-05-29,IWM,0.5311695210184318
2026-06-01,IWM,0.6065284442267252
2026-06-02,IWM,0.57587554751468
2026-06-03,IWM,0.7071894081793503
2026-06-04,IWM,0.5609151481229565
2026-06-05,IWM,0.7975534194312753
2026-06-08,IWM,0.6062348002203372
2026-06-09,IWM,0.6390256794494089
2026-06-10,IWM,0.680310662696933
2026-06-11,IWM,0.44766284439581167
2026-06-12,IWM,0.37931151670417634
2026-06-15,IWM,0.3905878739630838
2026-06-16,IWM,0.48281107786126093
2026-06-17,IWM,0.45337134843357874
2026-06-18,IWM,0.3784886213846728
2026-06-22,IWM,0.41818803653479836
2026-06-23,IWM,0.5616222612314002
2026-06-24,IWM,0.47960041358128264
2026-06-25,IWM,0.4393653157355932
2026-06-26,IWM,0.49900763599234094
2026-06-29,IWM,0.5363907244863689
2026-06-30,IWM,0.44814574077019015
2026-07-01,IWM,0.5319613165160832
2026-07-02,IWM,0.5959923007660711
2026-07-06,IWM,0.5377381030774194
2026-07-07,IWM,0.6213003225284626
2026-07-08,IWM,0.6370877158642935
2026-07-09,IWM,0.5234837806826514
2026-07-10,IWM,0.585245834813062
2026-07-13,IWM,0.6255061394783507
2026-07-14,IWM,0.5987413645020305
2026-07-15,IWM,0.567401565114365
2026-07-16,IWM,0.6597860563348046
2026-07-17,IWM,0.667862837885589
2026-07-20,IWM,0.6637783914183573
2026-07-21,IWM,0.5734467410655679
2026-07-22,IWM,0.7244703720829356
2026-07-23,IWM,0.7165250538315421
2026-07-24,IWM,0.6947675369128552
2026-07-27,IWM,0.6503104868611291
2026-07-28,IWM,0.7170450903376242
2026-07-29,IWM,0.8025968861292837
2026-07-30,IWM,0.6167974251642748
2026-05-08,HDFCBANK.NS,0.4103293051040878
2026-05-11,HDFCBANK.NS,0.4840629066234805
2026-05-12,HDFCBANK.NS,0.5087687322769266
2026-05-13,HDFCBANK.NS,0.5242943259192566
2026-05-14,HDFCBANK.NS,0.3980989797905398
2026-05-15,HDFCBANK.NS,0.410698038433413
2026-05-18,HDFCBANK.NS,0.3599687913026066
2026-05-19,HDFCBANK.NS,0.365646035097302
2026-05-20,HDFCBANK.NS,0.3695111742073
2026-05-21,HDFCBANK.NS,0.418996349416153
2026-05-22,HDFCBANK.NS,0.3433030159773959
2026-05-25,HDFCBANK.NS,0.23278191144016286
2026-05-26,HDFCBANK.NS,0.33096325085252226
2026-05-27,HDFCBANK.NS,0.42718627266622744
2026-05-28,HDFCBANK.NS,0.3645981521160588
2026-05-29,HDFCBANK.NS,0.4703260887669681
2026-06-01,HDFCBANK.NS,0.4926469858473893
2026-06-02,HDFCBANK.NS,0.4319990395858495
2026-06-03,HDFCBANK.NS,0.34504914393301317
2026-06-04,HDFCBANK.NS,0.37971856605082593
2026-06-05,HDFCBANK.NS,0.3921218707864201
2026-06-08,HDFCBANK.NS,0.4147608582135882
2026-06-09,HDFCBANK.NS,0.37639920750232375
2026-06-10,HDFCBANK.NS,0.3014333003250226
2026-06-11,HDFCBANK.NS,0.3510198315163065
2026-06-12,HDFCBANK.NS,0.12612198953509499
2026-06-15,HDFCBANK.NS,0.1586970270693244
2026-06-16,HDFCBANK.NS,0.11175468418686928
2026-06-17,HDFCBANK.NS,0.1542287894655396
2026-06-18,HDFCBANK.NS,0.07336670167547564
2026-06-19,HDFCBANK.NS,0.23801793535348564
2026-06-22,HDFCBANK.NS,0.1688787081247183
2026-06-23,HDFCBANK.NS,0.3088338592419701
2026-06-24,HDFCBANK.NS,0.10712876824856667
2026-06-25,HDFCBANK.NS,0.1651190288951154
2026-06-26,HDFCBANK.NS,0.16970772960988612
2026-06-29,HDFCBANK.NS,0.1315554008048587
2026-06-30,HDFCBANK.NS,0.08702959538527204
2026-07-01,HDFCBANK.NS,0.16047413017512455
2026-07-02,HDFCBANK.NS,0.17595580909787717
2026-07-03,HDFCBANK.NS,0.1535888189872123
2026-07-06,HDFCBANK.NS,-0.03627736706790736
2026-07-07,HDFCBANK.NS,0.07751996137444313
2026-07-08,HDFCBANK.NS,0.1979953010811453
2026-07-09,HDFCBANK.NS,0.10812019051084246
2026-07-10,HDFCBANK.NS,0.08262173434090321
2026-07-13,HDFCBANK.NS,0.278836754671991
2026-07-14,HDFCBANK.NS,0.3119694090635747
2026-07-15,HDFCBANK.NS,0.20168966804892952
2026-07-16,HDFCBANK.NS,0.2974433508451942
2026-07-17,HDFCBANK.NS,0.24084025084573846
2026-07-20,HDFCBANK.NS,0.5015553240515392
2026-07-21,HDFCBANK.NS,0.4598980925143458
2026-07-22,HDFCBANK.NS,0.47283600969250505
2026-07-23,HDFCBANK.NS,0.49621628340746055
2026-07-24,HDFCBANK.NS,0.5312641481335794
2026-07-27,HDFCBANK.NS,0.43735505121077817
2026-07-28,HDFCBANK.NS,0.4116645295891658
2026-07-29,HDFCBANK.NS,0.28157286011718313
2026-07-30,HDFCBANK.NS,0.269551261624039
2026-05-01,EURUSD=X,1.3073833544902556
2026-05-04,EURUSD=X,1.5312968841799255
2026-05-05,EURUSD=X,1.6810094868848413
2026-05-06,EURUSD=X,1.456616452826927
2026-05-07,EURUSD=X,1.4178777634326452
2026-05-08,EURUSD=X,1.7188741256856293
2026-05-11,EURUSD=X,1.4535276035339966
2026-05-12,EURUSD=X,1.3664118302012447
2026-05-13,EURUSD=X,1.7603327988948283
2026-05-14,EURUSD=X,1.891555767041725
2026-05-15,EURUSD=X,2.0730964009568806
2026-05-18,EURUSD=X,2.2638617476624097
2026-05-19,EURUSD=X,1.8907989955094127
2026-05-20,EURUSD=X,2.256601896396991
2026-05-21,EURUSD=X,1.9221604694349539
2026-05-22,EURUSD=X,1.833235894676567
2026-05-25,EURUSD=X,1.4938656925564953
2026-05-26,EURUSD=X,1.7630096396288049
2026-05-27,EURUSD=X,1.6326681105400913
2026-05-28,EURUSD=X,1.7597703465086456
2026-05-29,EURUSD=X,1.4303128836051124
2026-06-01,EURUSD=X,1.6009529762381314
2026-06-02,EURUSD=X,1.6686812979487358
2026-06-03,EURUSD=X,1.6431188450095595
2026-06-04,EURUSD=X,1.5700949939262518
2026-06-05,EURUSD=X,1.726224688210704
2026-06-08,EURUSD=X,2.263806023584468
2026-06-09,EURUSD=X,1.9430111868747013
2026-06-10,EURUSD=X,1.8832041890212254
2026-06-11,EURUSD=X,1.7651957801170537
2026-06-12,EURUSD=X,1.5267236272600129
2026-06-15,EURUSD=X,1.1449295769261183
2026-06-16,EURUSD=X,1.2109954971945216
2026-06-17,EURUSD=X,1.1805499336026133
2026-06-18,EURUSD=X,1.835075361015357
2026-06-19,EURUSD=X,1.966612592001067
2026-06-22,EURUSD=X,1.8374989084271975
2026-06-23,EURUSD=X,2.05737683070756
2026-06-24,EURUSD=X,2.2949368546995794
2026-06-25,EURUSD=X,2.0398278144178934
2026-06-26,EURUSD=X,1.748346434916202
2026-06-29,EURUSD=X,1.7549725348842924
2026-06-30,EURUSD=X,1.5048432510421617
2026-07-01,EURUSD=X,1.5076766226613099
2026-07-02,EURUSD=X,1.6499107418433856
2026-07-03,EURUSD=X,1.253025747178361
2026-07-06,EURUSD=X,1.4832715139963675
2026-07-07,EURUSD=X,1.548654802399171
2026-07-08,EURUSD=X,1.8161961272551495
2026-07-09,EURUSD=X,1.4696407290089761
2026-07-10,EURUSD=X,1.6448830225892856
2026-07-13,EURUSD=X,1.9948519099888364
2026-07-14,EURUSD=X,2.076632145407418
2026-07-15,EURUSD=X,1.5327982824549746
2026-07-16,EURUSD=X,1.3580446244123583
2026-07-17,EURUSD=X,1.683500131594872
2026-07-20,EURUSD=X,1.6216355209415745
2026-07-21,EURUSD=X,1.552976364276876
2026-07-22,EURUSD=X,1.777005331513596
2026-07-23,EURUSD=X,1.7370397714459498
2026-07-24,EURUSD=X,1.8634497020020182
2026-07-27,EURUSD=X,1.5499411291459646
2026-07-28,EURUSD=X,1.8471189016218152
2026-07-29,EURUSD=X,1.6139257455441365
2026-07-30,EURUSD=X,1.0075109489752072
2026-05-05,NVDA,0.38536939624924826
2026-05-06,NVDA,0.22948943379602382
2026-05-07,NVDA,0.2182222888067764
2026-05-08,NVDA,0.20843330753262496
2026-05-11,NVDA,0.20272301511803997
2026-05-12,NVDA,0.2018378386102089
2026-05-13,NVDA,0.20713524152203733
2026-05-14,NVDA,0.13992977754283206
2026-05-15,NVDA,0.2700476087218723
2026-05-18,NVDA,0.28579836754181315
2026-05-19,NVDA,0.2966395706772899
2026-05-20,NVDA,0.28170729959173985
2026-05-21,NVDA,0.3762350982582399
2026-05-22,NVDA,0.3606692344036449
2026-05-26,NVDA,0.3551984267527905
2026-05-27,NVDA,0.3890625368590345
2026-05-28,NVDA,0.34917185530120476
2026-05-29,NVDA,0.3610198762156531
2026-06-01,NVDA,0.17776404684977856
2026-06-02,NVDA,0.2543762051259635
2026-06-03,NVDA,0.3071519711045357
2026-06-04,NVDA,0.2319600308155375
2026-06-05,NVDA,0.35690515394264416
2026-06-08,NVDA,0.32897946447688076
2026-06-09,NVDA,0.3507090305959315
2026-06-10,NVDA,0.38859350752463984
2026-06-11,NVDA,0.32875256892870974
2026-06-12,NVDA,0.3049741342103919
2026-06-15,NVDA,0.26662629442966823
2026-06-16,NVDA,0.33378128000434515
2026-06-17,NVDA,0.29921624049923357
2026-06-18,NVDA,0.24572795334679157
2026-06-22,NVDA,0.2910918730682527
2026-06-23,NVDA,0.37875910808416796
2026-06-24,NVDA,0.32751376333110327
2026-06-25,NVDA,0.3410236382827938
2026-06-26,NVDA,0.35725073813028857
2026-06-29,NVDA,0.31122714540925717
2026-06-30,NVDA,0.22978477569986636
2026-07-01,NVDA,0.30339817215079656
2026-07-02,NVDA,0.31238301207671526
2026-07-06,NVDA,0.2684621870850831
2026-07-07,NVDA,0.2719803765532729
2026-07-08,NVDA,0.21029292280634462
2026-07-09,NVDA,0.25603131070626284
2026-07-10,NVDA,0.15267941101140445
2026-07-13,NVDA,0.2565476655277708
2026-07-14,NVDA,0.15655799885887117
2026-07-15,NVDA,0.22613093031426684
2026-07-16,NVDA,0.2750199873500157
2026-07-17,NVDA,0.3197562226164756
2026-07-20,NVDA,0.26505056367859164
2026-07-21,NVDA,0.27168285937587117
2026-07-22,NVDA,0.24905247791803017
2026-07-23,NVDA,0.2733460276910865
2026-07-24,NVDA,0.25070229978295483
2026-07-27,NVDA,0.3335641829078654
2026-07-28,NVDA,0.30327107502615075
2026-07-29,NVDA,0.38234320132894506
2026-07-30,NVDA,0.29571518169459937
2026-05-05,META,0.3206550822986148
2026-05-06,META,0.28431212767925274
2026-05-07,META,0.2415842061073316
2026-05-08,META,0.26908806816928427
2026-05-11,META,0.30234820516198113
2026-05-12,META,0.26876308979997027
2026-05-13,META,0.2407367223868354
2026-05-14,META,0.258682209298802
2026-05-15,META,0.2681517586865382
2026-05-18,META,0.2662070191935323
2026-05-19,META,0.29224066863695497
2026-05-20,META,0.29160058714148285
2026-05-21,META,0.2991738458535193
2026-05-22,META,0.278311136629692
2026-05-26,META,0.28100053587221924
2026-05-27,META,0.19712365372618526
2026-05-28,META,0.23022754623387073
2026-05-29,META,0.23721286596655486
2026-06-01,META,0.31430581188937856
2026-06-02,META,0.27554547783160116
2026-06-03,META,0.21104979515659167
2026-06-04,META,0.23325825965797364
2026-06-05,META,0.3381079740404634
2026-06-08,META,0.2738488834832654
2026-06-09,META,0.2568797817258827
2026-06-10,META,0.331568624201401
2026-06-11,META,0.3235309618859053
2026-06-12,META,0.2841286997966779
2026-06-15,META,0.17558885441307664
2026-06-16,META,0.19659650797134515
2026-06-17,META,0.2857296488431465
2026-06-18,META,0.19348616044023692
2026-06-22,META,0.25187650549921614
2026-06-23,META,0.2792229902596983
2026-06-24,META,0.29851011149072704
2026-06-25,META,0.29919922844186136
2026-06-26,META,0.2573011123771971
2026-06-29,META,0.1953108365459759
2026-06-30,META,0.21466931520176263
2026-07-01,META,0.03417841099427669
2026-07-02,META,0.18173199318067038
2026-07-06,META,0.10897263144150345
2026-07-07,META,0.10556939690133346
2026-07-08,META,0.149462090147237
2026-07-09,META,0.11753684498350302
2026-07-10,META,0.017349793625766028
2026-07-13,META,0.11263179913998932
2026-07-14,META,0.1056872661710205
2026-07-15,META,0.048081744044618256
2026-07-16,META,0.16782306621947202
2026-07-17,META,0.24245736487824268
2026-07-20,META,0.1967709804936768
2026-07-21,META,0.20792177792137823
2026-07-22,META,0.262072917366763
2026-07-23,META,0.28153985060755193
2026-07-24,META,0.2579574803636016
2026-07-27,META,0.24351330036901128
2026-07-28,META,0.246126882581897
2026-07-29,META,0.2559862499126479
2026-07-30,META,0.34127607234071466
2026-05-01,USDINR=X,1.2344422237455848
2026-05-04,USDINR=X,1.2146528673495551
2026-05-05,USDINR=X,1.0438123030699575
2026-05-06,USDINR=X,1.2434284509488032
2026-05-07,USDINR=X,1.6134133643919601
2026-05-08,USDINR=X,1.586158921368613
2026-05-11,USDINR=X,1.4577300112125535
2026-05-12,USDINR=X,1.1987838549676557
2026-05-13,USDINR=X,1.3210311608023064
2026-05-14,USDINR=X,1.0586233950612285
2026-05-15,USDINR=X,1.0632181574001538
2026-05-18,USDINR=X,0.9305783926102669
2026-05-19,USDINR=X,1.018773425936763
2026-05-20,USDINR=X,1.046183957015429
2026-05-21,USDINR=X,1.1674917513049128
2026-05-22,USDINR=X,1.4006800709358587
2026-05-25,USDINR=X,1.651661944806282
2026-05-26,USDINR=X,1.8530275463131851
2026-05-27,USDINR=X,1.409432890380561
2026-05-28,USDINR=X,1.5417210473321252
2026-05-29,USDINR=X,1.5586630029695285
2026-06-01,USDINR=X,1.9713319739450923
2026-06-02,USDINR=X,1.3235046140610869
2026-06-03,USDINR=X,1.7965131930421334
2026-06-04,USDINR=X,1.2358398750464794
2026-06-05,USDINR=X,1.5373796155207333
2026-06-08,USDINR=X,1.6622987439460257
2026-06-09,USDINR=X,1.1948734069912206
2026-06-10,USDINR=X,1.5412328267365063
2026-06-11,USDINR=X,1.5346657994514221
2026-06-12,USDINR=X,1.4611298885580295
2026-06-15,USDINR=X,1.6494937010059276
2026-06-16,USDINR=X,1.9302433647356776
2026-06-17,USDINR=X,1.7248288694794556
2026-06-18,USDINR=X,1.9470480524264193
2026-06-19,USDINR=X,2.19855765862208
2026-06-22,USDINR=X,1.9720521863369744
2026-06-23,USDINR=X,1.6734467494214418
2026-06-24,USDINR=X,1.4902562494381508
2026-06-25,USDINR=X,2.0577744460447125
2026-06-26,USDINR=X,1.7871048296272647
2026-06-29,USDINR=X,1.741704278677496
2026-06-30,USDINR=X,1.4649734899340134
2026-07-01,USDINR=X,1.6781869614150828
2026-07-02,USDINR=X,1.2498536168593357
2026-07-03,USDINR=X,1.3851195596826076
2026-07-06,USDINR=X,1.5399906728466577
2026-07-07,USDINR=X,1.232024467769987
2026-07-08,USDINR=X,1.4550236035127746
2026-07-09,USDINR=X,1.496450462938946
2026-07-10,USDINR=X,1.8946632612866827
2026-07-13,USDINR=X,1.6545946188707144
2026-07-14,USDINR=X,1.0952840641816808
2026-07-15,USDINR=X,1.2212905370597078
2026-07-16,USDINR=X,1.2590570923114044
2026-07-17,USDINR=X,1.0987217079889413
2026-07-20,USDINR=X,1.296705845222243
2026-07-21,USDINR=X,1.3139352889660139
2026-07-22,USDINR=X,1.5011304476419913
2026-07-23,USDINR=X,1.4321766337359954
2026-07-24,USDINR=X,1.281302117235679
2026-07-27,USDINR=X,1.4552564191471093
2026-07-28,USDINR=X,1.8674650599093647
2026-07-29,USDINR=X,1.801124917785155
2026-07-30,USDINR=X,1.7749894008853317
2026-05-05,EEM,0.33440432298599665
2026-05-06,EEM,0.183430756179897
2026-05-07,EEM,0.443043541342097
2026-05-08,EEM,0.32071052309507536
2026-05-11,EEM,0.3882974313643784
2026-05-12,EEM,0.5863118425624699
2026-05-13,EEM,0.47749326378220275
2026-05-14,EEM,0.48282748965850203
2026-05-15,EEM,0.6802471123144602
2026-05-18,EEM,0.6278219321656089
2026-05-19,EEM,0.6143634392895858
2026-05-20,EEM,0.5286885553455828
2026-05-21,EEM,0.5657564567900542
2026-05-22,EEM,0.5126835839577089
2026-05-26,EEM,0.336170943026152
2026-05-27,EEM,0.405422344225002
2026-05-28,EEM,0.41684794006532033
2026-05-29,EEM,0.44311633263691114
2026-06-01,EEM,0.3330346939531123
2026-06-02,EEM,0.3957316199811958
2026-06-03,EEM,0.4838568547570565
2026-06-04,EEM,0.5218282205274261
2026-06-05,EEM,0.7161326134860719
2026-06-08,EEM,0.5521612238640174
2026-06-09,EEM,0.6151710249781663
2026-06-10,EEM,0.6624471100157392
2026-06-11,EEM,0.38522302821566146
2026-06-12,EEM,0.3430435828214409
2026-06-15,EEM,0.2644987870606296
2026-06-16,EEM,0.37992557612481936
2026-06-17,EEM,0.3121457061988281
2026-06-18,EEM,0.25322197045800876
2026-06-22,EEM,0.2977663271666644
2026-06-23,EEM,0.5534553565285381
2026-06-24,EEM,0.4268012943468803
2026-06-25,EEM,0.4087439043243849
2026-06-26,EEM,0.49683466163116236
2026-06-29,EEM,0.47403239711060063
2026-06-30,EEM,0.34145774651207184
2026-07-01,EEM,0.48819365075182464
2026-07-02,EEM,0.5048155659728257
2026-07-06,EEM,0.3554610906899502
2026-07-07,EEM,0.4869480688516173
2026-07-08,EEM,0.40738911719331555
2026-07-09,EEM,0.37884052106156235
2026-07-10,EEM,0.37269256826611563
2026-07-13,EEM,0.519564238330918
2026-07-14,EEM,0.388884681900441
2026-07-15,EEM,0.44393329072454085
2026-07-16,EEM,0.5362884077729704
2026-07-17,EEM,0.5434176514822894
2026-07-20,EEM,0.4622707544182683
2026-07-21,EEM,0.411935359428653
2026-07-22,EEM,0.47361832332829235
2026-07-23,EEM,0.4309403864161736
2026-07-24,EEM,0.45798677614224015
2026-07-27,EEM,0.43246176662359287
2026-07-28,EEM,0.5414995637731829
2026-07-29,EEM,0.5675451262175448
2026-07-30,EEM,0.3803590841720699
2026-05-05,AMZN,0.16192288798053184
2026-05-06,AMZN,0.16588569330711517
2026-05-07,AMZN,0.23908268071458083
2026-05-08,AMZN,0.22034159164706643
2026-05-11,AMZN,0.2973882447914772
2026-05-12,AMZN,0.3206364458965328
2026-05-13,AMZN,0.24548750985131804
2026-05-14,AMZN,0.2733434362279519
2026-05-15,AMZN,0.30832761624484173
2026-05-18,AMZN,0.2840959830384241
2026-05-19,AMZN,0.34423510549923675
2026-05-20,AMZN,0.2660248523694883
2026-05-21,AMZN,0.27516039013758764
2026-05-22,AMZN,0.302144490990777
2026-05-26,AMZN,0.33327420555745163
2026-05-27,AMZN,0.21322954477689815
2026-05-28,AMZN,0.23563430582038572
2026-05-29,AMZN,0.3195481823491154
2026-06-01,AMZN,0.39884324526139653
2026-06-02,AMZN,0.4041608461653007
2026-06-03,AMZN,0.5008703084365298
2026-06-04,AMZN,0.43473651588130147
2026-06-05,AMZN,0.5220357725026609
2026-06-08,AMZN,0.44340291969992085
2026-06-09,AMZN,0.4276895159404712
2026-06-10,AMZN,0.45469946212968226
2026-06-11,AMZN,0.3790553542158823
2026-06-12,AMZN,0.4095863138327351
2026-06-15,AMZN,0.287024916509512
2026-06-16,AMZN,0.33524074899151823
2026-06-17,AMZN,0.3961414735086617
2026-06-18,AMZN,0.26262984664564953
2026-06-22,AMZN,0.42848570242196077
2026-06-23,AMZN,0.39783786875466354
2026-06-24,AMZN,0.4002370038360469
2026-06-25,AMZN,0.4448729575398163
2026-06-26,AMZN,0.36515571177829204
2026-06-29,AMZN,0.23194065785676035
2026-06-30,AMZN,0.29647674332240687
2026-07-01,AMZN,0.24781249987093795
2026-07-02,AMZN,0.21020298247143038
2026-07-06,AMZN,0.21869161500801063
2026-07-07,AMZN,0.25562110562683366
2026-07-08,AMZN,0.27052278805210017
2026-07-09,AMZN,0.24135604957804363
2026-07-10,AMZN,0.3004776064566621
2026-07-13,AMZN,0.26560928040016385
2026-07-14,AMZN,0.2916969064160431
2026-07-15,AMZN,0.18709065015962673
2026-07-16,AMZN,0.32929639921111964
2026-07-17,AMZN,0.33451992675742803
2026-07-20,AMZN,0.2770132218895095
2026-07-21,AMZN,0.33564292064979995
2026-07-22,AMZN,0.37415369686138933
2026-07-23,AMZN,0.47096275620131806
2026-07-24,AMZN,0.41354905589727553
2026-07-27,AMZN,0.4167025164021454
2026-07-28,AMZN,0.4209635131145251
2026-07-29,AMZN,0.469141382368163
2026-07-30,AMZN,0.2631459481796941
2026-05-05,XOM,0.5198182958567066
2026-05-06,XOM,0.7457872018812662
2026-05-07,XOM,0.6813547268289293
2026-05-08,XOM,0.6965287412020271
2026-05-11,XOM,0.51752350340492
2026-05-12,XOM,0.5682243284594618
2026-05-13,XOM,0.47713776453213835
2026-05-14,XOM,0.41744173022653286
2026-05-15,XOM,0.25113526103288125
2026-05-18,XOM,0.28820766310400114
2026-05-19,XOM,0.296192772758819
2026-05-20,XOM,0.48588781362755834
2026-05-21,XOM,0.4552384295615553
2026-05-22,XOM,0.5416140382432819
2026-05-26,XOM,0.6596750954002825
2026-05-27,XOM,0.6628828311568123
2026-05-28,XOM,0.6189399571795303
2026-05-29,XOM,0.6747604044079989
2026-06-01,XOM,0.5443830759436578
2026-06-02,XOM,0.5320931399460357
2026-06-03,XOM,0.4350805096416098
2026-06-04,XOM,0.4816194166139525
2026-06-05,XOM,0.48902858324915205
2026-06-08,XOM,0.45823200362071875
2026-06-09,XOM,0.5282352688888698
2026-06-10,XOM,0.5128738525423008
2026-06-11,XOM,0.6153372878266523
2026-06-12,XOM,0.5395386411470136
2026-06-15,XOM,0.6903708464906517
2026-06-16,XOM,0.5918733967820269
2026-06-17,XOM,0.657722762893583
2026-06-18,XOM,0.6823397194430608
2026-06-22,XOM,0.6209018160803037
2026-06-23,XOM,0.534036982944865
2026-06-24,XOM,0.6466855701749721
2026-06-25,XOM,0.5748245722292497
2026-06-26,XOM,0.5763301338893732
2026-06-29,XOM,0.5887531985056265
2026-06-30,XOM,0.5795355597512982
2026-07-01,XOM,0.5882031792862926
2026-07-02,XOM,0.549631876628358
2026-07-06,XOM,0.57675229853715
2026-07-07,XOM,0.396562100132804
2026-07-08,XOM,0.48622798371202325
2026-07-09,XOM,0.5549002119301347
2026-07-10,XOM,0.4736651173196846
2026-07-13,XOM,0.31276502895527264
2026-07-14,XOM,0.41347956670725833
2026-07-15,XOM,0.4317890585180691
2026-07-16,XOM,0.31885043960857207
2026-07-17,XOM,0.3261726394877019
2026-07-20,XOM,0.37116871061642254
2026-07-21,XOM,0.3044814748950533
2026-07-22,XOM,0.27105238392080605
2026-07-23,XOM,0.26133806332053267
2026-07-24,XOM,0.29025505895841575
2026-07-27,XOM,0.35257242101640834
2026-07-28,XOM,0.40493836002809064
2026-07-29,XOM,0.31269472514258784
2026-07-30,XOM,0.3876465866404856
2026-05-05,SPY,0.5584551362806423
2026-05-06,SPY,0.40884487795955904
2026-05-07,SPY,0.6724268098521788
2026-05-08,SPY,0.5826684542584017
2026-05-11,SPY,0.5887649097610272
2026-05-12,SPY,0.7012171375625024
2026-05-13,SPY,0.666431874016809
2026-05-14,SPY,0.553536245845567
2026-05-15,SPY,0.8401925739038465
2026-05-18,SPY,0.8219030734010689
2026-05-19,SPY,0.9022600203320666
2026-05-20,SPY,0.7222588611501569
2026-05-21,SPY,0.8649801462846572
2026-05-22,SPY,0.7461208351177002
2026-05-26,SPY,0.7122622990435513
2026-05-27,SPY,0.7450598023137844
2026-05-28,SPY,0.6630221161239399
2026-05-29,SPY,0.6751164956166377
2026-06-01,SPY,0.6954316625114102
2026-06-02,SPY,0.7330965151191575
2026-06-03,SPY,0.8540058545058372
2026-06-04,SPY,0.7814910870909266
2026-06-05,SPY,1.1725397906903252
2026-06-08,SPY,0.9968730430450902
2026-06-09,SPY,1.0715712020430566
2026-06-10,SPY,1.2199681661427169
2026-06-11,SPY,0.8430555369733982
2026-06-12,SPY,0.7347775104839465
2026-06-15,SPY,0.5489888934196938
2026-06-16,SPY,0.735605369559793
2026-06-17,SPY,0.7400838239942747
2026-06-18,SPY,0.6052537598368416
2026-06-22,SPY,0.7614672281883622
2026-06-23,SPY,1.0464752187554287
2026-06-24,SPY,0.917622020194524
2026-06-25,SPY,0.8330935948483477
2026-06-26,SPY,0.973665975597769
2026-06-29,SPY,0.6419498310541493
2026-06-30,SPY,0.5512519779407015
2026-07-01,SPY,0.6675208777667928
2026-07-02,SPY,0.7048652683269688
2026-07-06,SPY,0.5120295860511375
2026-07-07,SPY,0.7437231516563106
2026-07-08,SPY,0.7538116286336635
2026-07-09,SPY,0.6419936168177357
2026-07-10,SPY,0.6272907957442846
2026-07-13,SPY,0.7814430765451646
2026-07-14,SPY,0.7045616020288739
2026-07-15,SPY,0.6813409094801651
2026-07-16,SPY,0.9058205695985188
2026-07-17,SPY,1.0260266141873833
2026-07-20,SPY,0.9182087847151745
2026-07-21,SPY,0.827091616953025
2026-07-22,SPY,0.9291975066227485
2026-07-23,SPY,1.0364859717756616
2026-07-24,SPY,0.8554307316253922
2026-07-27,SPY,0.8689679756574483
2026-07-28,SPY,0.8669669463520285
2026-07-29,SPY,1.122641497260136
2026-07-30,SPY,0.692537487458859
2026-05-08,TCS.NS,0.4771770180943364
2026-05-11,TCS.NS,0.4268578889773843
2026-05-12,TCS.NS,0.574397276098482
2026-05-13,TCS.NS,0.5354409661746559
2026-05-14,TCS.NS,0.5622644431470972
2026-05-15,TCS.NS,0.4933177611511121
2026-05-18,TCS.NS,0.46846868128787517
2026-05-19,TCS.NS,0.2961212835836502
2026-05-20,TCS.NS,0.3136366451756295
2026-05-21,TCS.NS,0.2760806931785693
2026-05-22,TCS.NS,0.3162042120940732
2026-05-25,TCS.NS,0.23432557318097572
2026-05-26,TCS.NS,0.37856415312524994
2026-05-27,TCS.NS,0.3339117747881541
2026-05-28,TCS.NS,0.34898920098433445
2026-05-29,TCS.NS,0.38176058019236647
2026-06-01,TCS.NS,0.2955431100699093
2026-06-02,TCS.NS,-0.0033028643652416576
2026-06-03,TCS.NS,0.4362054175526128
2026-06-04,TCS.NS,0.3092451484829112
2026-06-05,TCS.NS,0.34937311301946017
2026-06-08,TCS.NS,0.4130428602360511
2026-06-09,TCS.NS,0.4570653349533502
2026-06-10,TCS.NS,0.31916402993709503
2026-06-11,TCS.NS,0.34374559535408306
2026-06-12,TCS.NS,0.2482712374709684
2026-06-15,TCS.NS,0.23643062678062676
2026-06-16,TCS.NS,0.17341311973091927
2026-06-17,TCS.NS,0.17434557898628825
2026-06-18,TCS.NS,0.2100601974263484
2026-06-19,TCS.NS,0.3454453246051894
2026-06-22,TCS.NS,0.269921318820885
2026-06-23,TCS.NS,0.41610511502743486
2026-06-24,TCS.NS,0.2878382772576166
2026-06-25,TCS.NS,0.3413838898342135
2026-06-26,TCS.NS,0.2815753494276399
2026-06-29,TCS.NS,0.274887816537289
2026-06-30,TCS.NS,0.34559154170071565
2026-07-01,TCS.NS,0.4442639227105346
2026-07-02,TCS.NS,0.20944141044102302
2026-07-03,TCS.NS,0.23767784811791287
2026-07-06,TCS.NS,0.31605290462673413
2026-07-07,TCS.NS,0.1728865932145233
2026-07-08,TCS.NS,0.2367477329458419
2026-07-09,TCS.NS,0.27327572365016317
2026-07-10,TCS.NS,0.24138318110148146
2026-07-13,TCS.NS,0.06896766038625053
2026-07-14,TCS.NS,0.14781871554574297
2026-07-15,TCS.NS,0.142411106676141
2026-07-16,TCS.NS,0.12937213228565697
2026-07-17,TCS.NS,0.05203117695844205
2026-07-20,TCS.NS,0.17007084562540806
2026-07-21,TCS.NS,0.21227851641246812
2026-07-22,TCS.NS,0.184153231570773
2026-07-23,TCS.NS,0.15132404578678485
2026-07-24,TCS.NS,0.19616463926848912
2026-07-27,TCS.NS,0.1334776820961371
2026-07-28,TCS.NS,-0.004155845862827608
2026-07-29,TCS.NS,-0.03213478805979921
2026-07-30,TCS.NS,0.018268772928142912
2026-05-05,DX-Y.NYB,1.5647588546601943
2026-05-06,DX-Y.NYB,2.0438592514559333
2026-05-07,DX-Y.NYB,1.3270781750481409
2026-05-08,DX-Y.NYB,1.683072923014205
2026-05-11,DX-Y.NYB,1.4884035979083534
2026-05-12,DX-Y.NYB,1.12068233448878
2026-05-13,DX-Y.NYB,0.9605989735462283
2026-05-14,DX-Y.NYB,0.7805662297446747
2026-05-15,DX-Y.NYB,0.49223778832926945
2026-05-18,DX-Y.NYB,0.9378070986971941
2026-05-19,DX-Y.NYB,0.7378516052323569
2026-05-20,DX-Y.NYB,1.1698745676542155
2026-05-21,DX-Y.NYB,1.2209119915587092
2026-05-22,DX-Y.NYB,1.2521284268989201
2026-05-26,DX-Y.NYB,1.3679083472027584
2026-05-27,DX-Y.NYB,1.3887745077665195
2026-05-28,DX-Y.NYB,1.4997831738571055
2026-05-29,DX-Y.NYB,1.5763354104051381
2026-06-01,DX-Y.NYB,1.3105975860441874
2026-06-02,DX-Y.NYB,1.4427589665785163
2026-06-03,DX-Y.NYB,1.2426292513279136
2026-06-04,DX-Y.NYB,1.4306614211001796
2026-06-05,DX-Y.NYB,0.685708760246027
2026-06-08,DX-Y.NYB,1.1373276193505393
2026-06-09,DX-Y.NYB,1.1459447957463733
2026-06-10,DX-Y.NYB,1.2324852269380047
2026-06-11,DX-Y.NYB,1.3745445943409282
2026-06-12,DX-Y.NYB,1.827434305368114
2026-06-15,DX-Y.NYB,1.967470041380886
2026-06-16,DX-Y.NYB,1.9820270752599294
2026-06-17,DX-Y.NYB,1.4435384260961586
2026-06-18,DX-Y.NYB,0.8411662589099109
2026-06-22,DX-Y.NYB,0.9609009523025276
2026-06-23,DX-Y.NYB,0.5883354083440767
2026-06-24,DX-Y.NYB,0.6068098135394916
2026-06-25,DX-Y.NYB,1.1190425143760354
2026-06-26,DX-Y.NYB,1.4633781653394335
2026-06-29,DX-Y.NYB,1.7672900615354432
2026-06-30,DX-Y.NYB,1.7356987857715498
2026-07-01,DX-Y.NYB,1.6993064302270713
2026-07-02,DX-Y.NYB,2.1716362862802105
2026-07-06,DX-Y.NYB,2.017239731763509
2026-07-07,DX-Y.NYB,1.5838433959035187
2026-07-08,DX-Y.NYB,1.8916410432017243
2026-07-09,DX-Y.NYB,1.9806968812015748
2026-07-10,DX-Y.NYB,1.648435457971371
2026-07-13,DX-Y.NYB,1.3164955771473315
2026-07-14,DX-Y.NYB,1.848300206249955
2026-07-15,DX-Y.NYB,2.034372518357621
2026-07-16,DX-Y.NYB,1.4882531558317569
2026-07-17,DX-Y.NYB,1.6155204417986504
2026-07-20,DX-Y.NYB,1.5528780251942456
2026-07-21,DX-Y.NYB,1.469431339243604
2026-07-22,DX-Y.NYB,1.5713143430723273
2026-07-23,DX-Y.NYB,1.4653632561016774
2026-07-24,DX-Y.NYB,1.66704952326579
2026-07-27,DX-Y.NYB,1.7202986592042206
2026-07-28,DX-Y.NYB,1.957627465450868
2026-07-29,DX-Y.NYB,2.3812119916957366
2026-07-30,DX-Y.NYB,2.939566444477154
2026-05-05,QQQ,0.3114842032189673
2026-05-06,QQQ,0.19220031574809815
2026-05-07,QQQ,0.3687549490828309
2026-05-08,QQQ,0.2184671308119192
2026-05-11,QQQ,0.2864526797275687
2026-05-12,QQQ,0.43188949430977913
2026-05-13,QQQ,0.36507809628025734
2026-05-14,QQQ,0.33087416149600773
2026-05-15,QQQ,0.5737200335200057
2026-05-18,QQQ,0.5882518679373265
2026-05-19,QQQ,0.5944902049966104
2026-05-20,QQQ,0.45727887592439737
2026-05-21,QQQ,0.5759843389053314
2026-05-22,QQQ,0.4863539660526511
2026-05-26,QQQ,0.3783192544981628
2026-05-27,QQQ,0.4598650882423791
2026-05-28,QQQ,0.3822933847705923
2026-05-29,QQQ,0.40050317102961847
2026-06-01,QQQ,0.3885312810567488
2026-06-02,QQQ,0.4422240222056778
2026-06-03,QQQ,0.49045479528078795
2026-06-04,QQQ,0.5635854173135239
2026-06-05,QQQ,0.8753907751281975
2026-06-08,QQQ,0.6228140772236932
2026-06-09,QQQ,0.7938972875104363
2026-06-10,QQQ,0.8792939340601441
2026-06-11,QQQ,0.5097533432086658
2026-06-12,QQQ,0.4494511108335913
2026-06-15,QQQ,0.3053276062738894
2026-06-16,QQQ,0.49981522287213975
2026-06-17,QQQ,0.4291424135884777
2026-06-18,QQQ,0.3188486465614916
2026-06-22,QQQ,0.43935859766275037
2026-06-23,QQQ,0.7049051786589208
2026-06-24,QQQ,0.5819548208705398
2026-06-25,QQQ,0.5075620612216474
2026-06-26,QQQ,0.65505970286791
2026-06-29,QQQ,0.43892435738932567
2026-06-30,QQQ,0.3166279067729887
2026-07-01,QQQ,0.4746172480727377
2026-07-02,QQQ,0.5713783613541988
2026-07-06,QQQ,0.39964037099826605
2026-07-07,QQQ,0.601335733952743
2026-07-08,QQQ,0.5349383286133595
2026-07-09,QQQ,0.4375209869986663
2026-07-10,QQQ,0.41364546578691624
2026-07-13,QQQ,0.5529153477217392
2026-07-14,QQQ,0.424221743273907
2026-07-15,QQQ,0.4965678331001139
2026-07-16,QQQ,0.6613046346504571
2026-07-17,QQQ,0.6966556351625575
2026-07-20,QQQ,0.6004197306598918
2026-07-21,QQQ,0.5394602798234703
2026-07-22,QQQ,0.6175083016222563
2026-07-23,QQQ,0.6489362693435262
2026-07-24,QQQ,0.6137972611042052
2026-07-27,QQQ,0.6232950667805717
2026-07-28,QQQ,0.7040359730962511
2026-07-29,QQQ,0.7867535393705174
2026-07-30,QQQ,0.49620217183943743
2026-05-05,GOOGL,0.31374670131615356
2026-05-06,GOOGL,0.2645021049335825
2026-05-07,GOOGL,0.4489651488720237
2026-05-08,GOOGL,0.4678356654343166
2026-05-11,GOOGL,0.5325101611801863
2026-05-12,GOOGL,0.5306195179698927
2026-05-13,GOOGL,0.4276811647454073
2026-05-14,GOOGL,0.4929897573433422
2026-05-15,GOOGL,0.5046963804207869
2026-05-18,GOOGL,0.4706398509263542
2026-05-19,GOOGL,0.5167934683607669
2026-05-20,GOOGL,0.5111994482727913
2026-05-21,GOOGL,0.5561615629464076
2026-05-22,GOOGL,0.5504456707801846
2026-05-26,GOOGL,0.4978331993673745
2026-05-27,GOOGL,0.5076424759727823
2026-05-28,GOOGL,0.4755846718438811
2026-05-29,GOOGL,0.5474250882181735
2026-06-01,GOOGL,0.571211819925507
2026-06-02,GOOGL,0.6578305603370691
2026-06-03,GOOGL,0.6370895573063925
2026-06-04,GOOGL,0.5378923308441725
2026-06-05,GOOGL,0.5871182137611086
2026-06-08,GOOGL,0.6080827953252438
2026-06-09,GOOGL,0.5288828251587692
2026-06-10,GOOGL,0.5648538910349278
2026-06-11,GOOGL,0.5573205895408821
2026-06-12,GOOGL,0.5576773629136275
2026-06-15,GOOGL,0.48330935049956913
2026-06-16,GOOGL,0.5037602756168004
2026-06-17,GOOGL,0.548959002247197
2026-06-18,GOOGL,0.4822271412593839
2026-06-22,GOOGL,0.6176990782578073
2026-06-23,GOOGL,0.6249653651340309
2026-06-24,GOOGL,0.6194275318304501
2026-06-25,GOOGL,0.6058885134103118
2026-06-26,GOOGL,0.6363367188971045
2026-06-29,GOOGL,0.40175016312657047
2026-06-30,GOOGL,0.4042881848357274
2026-07-01,GOOGL,0.4067351031981493
2026-07-02,GOOGL,0.4229038046567734
2026-07-06,GOOGL,0.3338641160635331
2026-07-07,GOOGL,0.43252458292203605
2026-07-08,GOOGL,0.4941896420628138
2026-07-09,GOOGL,0.526653729238168
2026-07-10,GOOGL,0.5206523029527288
2026-07-13,GOOGL,0.5577944000598132
2026-07-14,GOOGL,0.4860915340919637
2026-07-15,GOOGL,0.4134950601134196
2026-07-16,GOOGL,0.5607265467063206
2026-07-17,GOOGL,0.553417267574458
2026-07-20,GOOGL,0.46850563153909885
2026-07-21,GOOGL,0.5467602584010669
2026-07-22,GOOGL,0.5691659666298533
2026-07-23,GOOGL,0.6189526366323028
2026-07-24,GOOGL,0.5067048165351374
2026-07-27,GOOGL,0.4800979115092608
2026-07-28,GOOGL,0.43514134100998125
2026-07-29,GOOGL,0.44630800557020955
2026-07-30,GOOGL,0.4009473472629894
