time,symbol,weight
2025-11-06,SBIN.NS,0.00017079423325848053
2025-11-07,SBIN.NS,0.00017793102356361584
2025-11-10,SBIN.NS,0.00020617470801382082
2025-11-11,SBIN.NS,0.00023907938383519866
2025-11-12,SBIN.NS,0.00023775560836236445
2025-11-13,SBIN.NS,0.0002643030951588241
2025-11-14,SBIN.NS,0.0001909152151182233
2025-11-17,SBIN.NS,0.00016029880130212385
2025-11-18,SBIN.NS,0.0001743989682063693
2025-11-19,SBIN.NS,0.000169668057086992
2025-11-20,SBIN.NS,0.00016206562424070917
2025-11-21,SBIN.NS,0.00026173819159230996
2025-11-24,SBIN.NS,0.0002801551037217716
2025-11-25,SBIN.NS,0.00023770199465820578
2025-11-26,SBIN.NS,0.00029348089357974334
2025-11-27,SBIN.NS,0.00029431707220729466
2025-11-28,SBIN.NS,0.00019997908923475853
2025-12-01,SBIN.NS,0.00021695067570435105
2025-12-02,SBIN.NS,0.00029606709272713517
2025-12-03,SBIN.NS,0.00033424432165520175
2025-12-04,SBIN.NS,0.00028439189091754416
2025-12-05,SBIN.NS,0.00021295066543586825
2025-12-08,SBIN.NS,0.0002377095518871756
2025-12-09,SBIN.NS,0.0001918202945275263
2025-12-10,SBIN.NS,0.00011336601086403198
2025-12-11,SBIN.NS,8.435253001159209e-05
2025-12-12,SBIN.NS,0.00020145550721882045
2025-12-15,SBIN.NS,0.00010378492159617837
2025-12-16,SBIN.NS,0.0001389660661372248
2025-12-17,SBIN.NS,8.332283016694559e-05
2025-12-18,SBIN.NS,9.10704464434498e-05
2025-12-19,SBIN.NS,8.288924899794651e-05
2025-12-22,SBIN.NS,0.00013443643597409703
2025-12-23,SBIN.NS,0.00011945074202366363
2025-12-24,SBIN.NS,0.00019299519170309654
2025-12-26,SBIN.NS,0.00021975884313488628
2025-12-29,SBIN.NS,0.00023761829864948826
2025-12-30,SBIN.NS,0.0001688387835678184
2025-12-31,SBIN.NS,0.0001241858527773282
2026-01-01,SBIN.NS,0.00011537590301447732
2026-01-02,SBIN.NS,6.450878516965717e-05
2026-01-05,SBIN.NS,3.5784935780261e-05
2026-01-06,SBIN.NS,8.534296388183063e-06
2026-01-07,SBIN.NS,0.00010781777916765745
2026-01-08,SBIN.NS,0.0001404452131439014
2026-01-09,SBIN.NS,0.00020104748587386828
2026-01-12,SBIN.NS,0.00017042800620311168
2026-01-13,SBIN.NS,0.00019509934985243178
2026-01-14,SBIN.NS,0.0001456297734178391
2026-01-15,SBIN.NS,0.00011365075350498625
2026-01-16,SBIN.NS,6.346305144296306e-05
2026-01-19,SBIN.NS,0.0001393512032473981
2026-01-20,SBIN.NS,0.00020877285038864787
2026-01-21,SBIN.NS,0.00022752335009469063
2026-01-22,SBIN.NS,0.00015390617366918105
2026-01-23,SBIN.NS,0.00027106779058704965
2026-01-27,SBIN.NS,0.00017800606193668856
2026-01-28,SBIN.NS,0.0001630508857642665
2026-01-29,SBIN.NS,0.00013645200983791947
2025-11-06,TCS.NS,0.000261933659809721
2025-11-07,TCS.NS,0.00026756629860559886
2025-11-10,TCS.NS,0.0002470356127124991
2025-11-11,TCS.NS,0.00017177345187915655
2025-11-12,TCS.NS,7.118576155913752e-05
2025-11-13,TCS.NS,0.00011729181947252272
2025-11-14,TCS.NS,9.549269810716474e-05
2025-11-17,TCS.NS,0.00013131411286571788
2025-11-18,TCS.NS,0.0001662004824779802
2025-11-19,TCS.NS,0.0001983624576489137
2025-11-20,TCS.NS,0.00016987996947394687
2025-11-21,TCS.NS,0.00016704685638904376
2025-11-24,TCS.NS,0.00016431612167966812
2025-11-25,TCS.NS,0.00016380830354955142
2025-11-26,TCS.NS,0.00018171857098811745
2025-11-27,TCS.NS,0.0002022981770958872
2025-11-28,TCS.NS,0.0001981091732235633
2025-12-01,TCS.NS,0.00019401529290480256
2025-12-02,TCS.NS,0.00016367716587844042
2025-12-03,TCS.NS,0.00018256130490853175
2025-12-04,TCS.NS,0.00010968048071647293
2025-12-05,TCS.NS,9.930284021524098e-05
2025-12-08,TCS.NS,9.316867860362838e-05
2025-12-09,TCS.NS,0.00010806334691835907
2025-12-10,TCS.NS,0.00016041441927964478
2025-12-11,TCS.NS,0.0001957341869502431
2025-12-12,TCS.NS,0.00018313750133111098
2025-12-15,TCS.NS,0.0001743550146469577
2025-12-16,TCS.NS,0.00016433606105877396
2025-12-17,TCS.NS,0.0001252164303747103
2025-12-18,TCS.NS,5.5777004617798804e-05
2025-12-19,TCS.NS,9.924556082917794e-05
2025-12-22,TCS.NS,6.850857968786123e-05
2025-12-23,TCS.NS,5.6134233150036686e-05
2025-12-24,TCS.NS,6.641985402836164e-05
2025-12-26,TCS.NS,0.0001742446375875287
2025-12-29,TCS.NS,0.00020273831928754415
2025-12-30,TCS.NS,0.0002513395762061478
2025-12-31,TCS.NS,0.00027490175340191613
2026-01-01,TCS.NS,0.0002625417909635915
2026-01-02,TCS.NS,0.00019114546524739612
2026-01-05,TCS.NS,0.00019390065446300424
2026-01-06,TCS.NS,0.00014048730625733035
2026-01-07,TCS.NS,5.02416148867693e-05
2026-01-08,TCS.NS,0.00018499343694492704
2026-01-09,TCS.NS,0.0002027846031447722
2026-01-12,TCS.NS,0.0001362749581893495
2026-01-13,TCS.NS,0.00015437590248466507
2026-01-14,TCS.NS,0.0002775568464256048
2026-01-15,TCS.NS,0.00015806647488295907
2026-01-16,TCS.NS,8.995619355307678e-05
2026-01-19,TCS.NS,0.0001719052429986785
2026-01-20,TCS.NS,0.0002554630238009868
2026-01-21,TCS.NS,0.00014931216332903944
2026-01-22,TCS.NS,0.00013019396724043983
2026-01-23,TCS.NS,0.0002030175564524332
2026-01-27,TCS.NS,0.00017382403755570528
2026-01-28,TCS.NS,5.800935117939052e-05
2026-01-29,TCS.NS,0.00014847077942608663
2025-10-31,UNH,9.504841731777783e-05
2025-11-03,UNH,0.00011147936806965803
2025-11-04,UNH,0.00012010424367761464
2025-11-05,UNH,0.00010545428364521155
2025-11-06,UNH,9.928169416733279e-05
2025-11-07,UNH,9.105262252740217e-05
2025-11-10,UNH,8.682988523565299e-05
2025-11-11,UNH,7.812003749247778e-05
2025-11-12,UNH,5.475824887003545e-05
2025-11-13,UNH,6.247847534516241e-05
2025-11-14,UNH,8.584624183289612e-05
2025-11-17,UNH,7.939112171874772e-05
2025-11-18,UNH,0.00010305452269177325
2025-11-19,UNH,0.00013505347075021978
2025-11-20,UNH,0.00012113308753635587
2025-11-21,UNH,8.722825432865697e-05
2025-11-24,UNH,8.821794464166903e-05
2025-11-25,UNH,5.937343827052961e-05
2025-11-26,UNH,4.556539032762291e-05
2025-11-28,UNH,5.5719651645436714e-05
2025-12-01,UNH,9.235320112698144e-05
2025-12-02,UNH,8.945059559738248e-05
2025-12-03,UNH,8.084824753886134e-05
2025-12-04,UNH,0.0001071072953055789
2025-12-05,UNH,0.00011240240385754282
2025-12-08,UNH,0.00010992794817277495
2025-12-09,UNH,0.00011305592430303229
2025-12-10,UNH,0.00013972695397064977
2025-12-11,UNH,0.00010782009640474739
2025-12-12,UNH,9.063194140216672e-05
2025-12-15,UNH,8.632049205390276e-05
2025-12-16,UNH,0.00010501290092454433
2025-12-17,UNH,0.00012004611089848223
2025-12-18,UNH,0.0001510651524485293
2025-12-19,UNH,0.00016689453859038725
2025-12-22,UNH,0.00016730046814349245
2025-12-23,UNH,0.0001512988347594928
2025-12-24,UNH,0.00013906111429536888
2025-12-26,UNH,0.00011833018872732239
2025-12-29,UNH,0.00012241995173182242
2025-12-30,UNH,0.00010659774841109928
2025-12-31,UNH,0.00011687647308664336
2026-01-02,UNH,0.0001097609610977067
2026-01-05,UNH,0.00010616660846033779
2026-01-06,UNH,8.668281462037312e-05
2026-01-07,UNH,0.00011478950555978813
2026-01-08,UNH,0.00010046289344270564
2026-01-09,UNH,0.00012558021001092415
2026-01-12,UNH,0.0001443760681588181
2026-01-13,UNH,0.00017442088590924188
2026-01-14,UNH,0.00015045645598609004
2026-01-15,UNH,0.00015775575154133005
2026-01-16,UNH,0.00017397733239058296
2026-01-20,UNH,0.00015199321281994234
2026-01-21,UNH,0.00011828840656732094
2026-01-22,UNH,0.00010664008495761665
2026-01-23,UNH,0.00011989111972460894
2026-01-26,UNH,0.00010710458557944912
2026-01-27,UNH,0.00018482697971154672
2026-01-28,UNH,0.00017091311812470036
2026-01-29,UNH,0.00018553759390244507
2025-10-31,TLT,0.0004312783596504553
2025-11-03,TLT,0.0004851482894603865
2025-11-04,TLT,0.0005010091749289866
2025-11-05,TLT,0.0004910399944750637
2025-11-06,TLT,0.00034705327317998005
2025-11-07,TLT,0.0003436740708259825
2025-11-10,TLT,0.0003284878817632875
2025-11-11,TLT,0.0003072768455299949
2025-11-12,TLT,0.00017849284109555983
2025-11-13,TLT,0.0003350197188515153
2025-11-14,TLT,0.00035487572589716545
2025-11-17,TLT,0.00034395946350781917
2025-11-18,TLT,0.0003912716680922952
2025-11-19,TLT,0.0004336006812543144
2025-11-20,TLT,0.0003154343643684191
2025-11-21,TLT,0.00024191141983775376
2025-11-24,TLT,0.00021539540094505177
2025-11-25,TLT,0.00019239570594356924
2025-11-26,TLT,0.00012276122439654492
2025-11-28,TLT,0.00019628108339157457
2025-12-01,TLT,0.0003422848032640647
2025-12-02,TLT,0.0003855554481663392
2025-12-03,TLT,0.0003765045457038803
2025-12-04,TLT,0.0004717615495729957
2025-12-05,TLT,0.000499188624538609
2025-12-08,TLT,0.0003751042244989971
2025-12-09,TLT,0.0003746376437392666
2025-12-10,TLT,0.0003754352431532394
2025-12-11,TLT,0.00033425895553651096
2025-12-12,TLT,0.00038215118546482265
2025-12-15,TLT,0.00036672149416887284
2025-12-16,TLT,0.0003480240982612886
2025-12-17,TLT,0.000415570089489565
2025-12-18,TLT,0.00035720569564754595
2025-12-19,TLT,0.0002922762802797535
2025-12-22,TLT,0.0003241732487610889
2025-12-23,TLT,0.0003837111967289485
2025-12-24,TLT,0.0002995551348763231
2025-12-26,TLT,0.00040731510115475054
2025-12-29,TLT,0.000307481078725349
2025-12-30,TLT,0.00031941823070021416
2025-12-31,TLT,0.0004509679305921928
2026-01-02,TLT,0.0005269016976168527
2026-01-05,TLT,0.00044822115736579905
2026-01-06,TLT,0.0005312328311464481
2026-01-07,TLT,0.00044967841787204595
2026-01-08,TLT,0.0004248967296221041
2026-01-09,TLT,0.0003537056304246195
2026-01-12,TLT,0.00045118041901808496
2026-01-13,TLT,0.000422576763302125
2026-01-14,TLT,0.0004558868288249229
2026-01-15,TLT,0.00040518108652145445
2026-01-16,TLT,0.0005176425163737787
2026-01-20,TLT,0.0005882018429893954
2026-01-21,TLT,0.0005035208062126927
2026-01-22,TLT,0.0005466154105591555
2026-01-23,TLT,0.0005405502348756972
2026-01-26,TLT,0.0004278077744749037
2026-01-27,TLT,0.0003253876921313997
2026-01-28,TLT,0.00042280939488397536
2026-01-29,TLT,0.00047997036412093417
2025-10-31,AMZN,-6.592413787218337e-05
2025-11-03,AMZN,-6.339475966234079e-05
2025-11-04,AMZN,-2.2646075268020257e-05
2025-11-05,AMZN,-2.8436412494965838e-05
2025-11-06,AMZN,-3.989307338784859e-05
2025-11-07,AMZN,4.5338516827755084e-05
2025-11-10,AMZN,7.44490657263935e-05
2025-11-11,AMZN,5.260632179296131e-05
2025-11-12,AMZN,7.820792908487482e-05
2025-11-13,AMZN,7.10547346935856e-05
2025-11-14,AMZN,8.365220075019876e-05
2025-11-17,AMZN,0.00010361717365238538
2025-11-18,AMZN,0.00013493539062047632
2025-11-19,AMZN,0.00011488422453006561
2025-11-20,AMZN,0.00011361192498596072
2025-11-21,AMZN,8.589014996333321e-05
2025-11-24,AMZN,5.830460064442479e-05
2025-11-25,AMZN,4.001211966695261e-06
2025-11-26,AMZN,7.613071635761251e-06
2025-11-28,AMZN,-3.9034077237714745e-05
2025-12-01,AMZN,-2.0674929058054622e-05
2025-12-02,AMZN,-8.338020554733133e-06
2025-12-03,AMZN,8.921352495562138e-06
2025-12-04,AMZN,1.9371218990280467e-05
2025-12-05,AMZN,3.17501761269979e-05
2025-12-08,AMZN,4.684729522712169e-05
2025-12-09,AMZN,4.1899533127656116e-05
2025-12-10,AMZN,1.3306245889605243e-05
2025-12-11,AMZN,5.75164888690918e-06
2025-12-12,AMZN,2.8774866727364442e-05
2025-12-15,AMZN,3.0881147363311066e-05
2025-12-16,AMZN,3.7938361087328076e-05
2025-12-17,AMZN,6.651446579600071e-05
2025-12-18,AMZN,4.208576525417683e-05
2025-12-19,AMZN,2.3542585130006845e-05
2025-12-22,AMZN,7.743966105003118e-06
2025-12-23,AMZN,-1.2594379740321971e-05
2025-12-24,AMZN,-2.7225866453314496e-05
2025-12-26,AMZN,-2.361082905193675e-06
2025-12-29,AMZN,2.3823681297495e-06
2025-12-30,AMZN,2.438225364122058e-06
2025-12-31,AMZN,3.1920301235776936e-05
2026-01-02,AMZN,5.1807583428854e-05
2026-01-05,AMZN,2.2013134279205167e-05
2026-01-06,AMZN,-7.490375631147917e-06
2026-01-07,AMZN,-7.143371987351108e-06
2026-01-08,AMZN,-3.599479635538719e-05
2026-01-09,AMZN,-6.211766871068183e-05
2026-01-12,AMZN,-2.5179253209158587e-05
2026-01-13,AMZN,3.724436943682042e-05
2026-01-14,AMZN,6.626470114062759e-05
2026-01-15,AMZN,8.253909928289164e-05
2026-01-16,AMZN,7.93584936551304e-05
2026-01-20,AMZN,0.00010606699648370112
2026-01-21,AMZN,7.326445984557623e-05
2026-01-22,AMZN,2.6132467853968084e-05
2026-01-23,AMZN,7.713669317534585e-06
2026-01-26,AMZN,1.4617303966924769e-05
2026-01-27,AMZN,-6.052982486318415e-05
2026-01-28,AMZN,-4.763294146091681e-05
2026-01-29,AMZN,-2.6154258603972357e-05
2025-11-06,INFY.NS,0.00020106071405440854
2025-11-07,INFY.NS,0.00017282123613545522
2025-11-10,INFY.NS,9.980111622429428e-05
2025-11-11,INFY.NS,7.563600751517379e-05
2025-11-12,INFY.NS,2.5041053040177772e-05
2025-11-13,INFY.NS,3.3408176835416586e-05
2025-11-14,INFY.NS,9.857526394324706e-05
2025-11-17,INFY.NS,0.00014382903400228224
2025-11-18,INFY.NS,0.00019568920563183776
2025-11-19,INFY.NS,0.00015682944544249456
2025-11-20,INFY.NS,0.0001520199686488015
2025-11-21,INFY.NS,8.525078910871592e-05
2025-11-24,INFY.NS,7.915333365011224e-05
2025-11-25,INFY.NS,6.632069275869216e-05
2025-11-26,INFY.NS,0.00010911229920716014
2025-11-27,INFY.NS,8.956367700415122e-05
2025-11-28,INFY.NS,0.00010653016330392495
2025-12-01,INFY.NS,0.00010411747744073402
2025-12-02,INFY.NS,8.582112479583061e-05
2025-12-03,INFY.NS,0.0001093621774001907
2025-12-04,INFY.NS,0.00010339170631197653
2025-12-05,INFY.NS,6.979245093836628e-05
2025-12-08,INFY.NS,7.856883918016016e-05
2025-12-09,INFY.NS,7.631701571530773e-05
2025-12-10,INFY.NS,0.00010965837241500751
2025-12-11,INFY.NS,0.00011217338787028295
2025-12-12,INFY.NS,0.00014478567339663818
2025-12-15,INFY.NS,0.0001341387017839179
2025-12-16,INFY.NS,0.00012905895858389578
2025-12-17,INFY.NS,9.572257778555916e-05
2025-12-18,INFY.NS,6.970193088665387e-05
2025-12-19,INFY.NS,6.250244116052247e-05
2025-12-22,INFY.NS,1.0529195182898756e-05
2025-12-23,INFY.NS,2.356583736884355e-05
2025-12-24,INFY.NS,4.707334181006754e-05
2025-12-26,INFY.NS,8.534383384782454e-05
2025-12-29,INFY.NS,0.00011315112012743212
2025-12-30,INFY.NS,0.0002155413529742928
2025-12-31,INFY.NS,0.00018921608751768537
2026-01-01,INFY.NS,0.00016235140571179714
2026-01-02,INFY.NS,0.00013690022252225192
2026-01-05,INFY.NS,0.00016050438104172422
2026-01-06,INFY.NS,0.00010682093082356643
2026-01-07,INFY.NS,5.583608564685896e-05
2026-01-08,INFY.NS,0.00012065608039840551
2026-01-09,INFY.NS,0.00013594878380644943
2026-01-12,INFY.NS,0.00010672353050657796
2026-01-13,INFY.NS,0.00010948576922519736
2026-01-14,INFY.NS,0.00015292202332849901
2026-01-15,INFY.NS,0.0001089946451505475
2026-01-16,INFY.NS,-7.448851077273863e-06
2026-01-19,INFY.NS,-1.4721626953260099e-05
2026-01-20,INFY.NS,1.013576653321825e-05
2026-01-21,INFY.NS,3.0025271587517397e-06
2026-01-22,INFY.NS,8.455766088340134e-06
2026-01-23,INFY.NS,0.00012976183268770833
2026-01-27,INFY.NS,0.00010959946269989567
2026-01-28,INFY.NS,9.728845046858257e-05
2026-01-29,INFY.NS,0.000100401216918337
2025-10-31,EEM,9.031440293331692e-05
2025-11-03,EEM,0.00011747003047913896
2025-11-04,EEM,0.00017800854277755454
2025-11-05,EEM,0.0001720090574323737
2025-11-06,EEM,0.0001471923304783316
2025-11-07,EEM,0.00013994440438287435
2025-11-10,EEM,0.0001302928913658952
2025-11-11,EEM,2.294476622228856e-05
2025-11-12,EEM,8.022121720570952e-05
2025-11-13,EEM,7.850216233925112e-05
2025-11-14,EEM,6.343091979511368e-05
2025-11-17,EEM,0.00018262621877202623
2025-11-18,EEM,0.00018984536772184468
2025-11-19,EEM,0.00020522911416843954
2025-11-20,EEM,0.00019281890768706959
2025-11-21,EEM,0.00018141782780996577
2025-11-24,EEM,8.190011866559669e-05
2025-11-25,EEM,3.9203570091939073e-05
2025-11-26,EEM,-1.0989427477299079e-05
2025-11-28,EEM,-9.205380033980816e-05
2025-12-01,EEM,-9.682269434512608e-05
2025-12-02,EEM,-6.260219407928675e-05
2025-12-03,EEM,-7.9801276491945e-05
2025-12-04,EEM,-4.9698213979306805e-05
2025-12-05,EEM,-9.464089857798718e-05
2025-12-08,EEM,-9.548841993496524e-05
2025-12-09,EEM,-9.977609532450319e-05
2025-12-10,EEM,-0.00015184379600259216
2025-12-11,EEM,-0.00013980062542071105
2025-12-12,EEM,-3.585302848069084e-05
2025-12-15,EEM,-2.8664107763346354e-05
2025-12-16,EEM,6.6355482079759856e-06
2025-12-17,EEM,0.00011046571474969267
2025-12-18,EEM,5.08341170618565e-05
2025-12-19,EEM,-3.4375188199849444e-05
2025-12-22,EEM,-4.1796072626464797e-05
2025-12-23,EEM,-9.397154737741762e-05
2025-12-24,EEM,-0.00015312309014313015
2025-12-26,EEM,-0.0001249881306761448
2025-12-29,EEM,-5.848112218085159e-05
2025-12-30,EEM,-3.8019295700551396e-05
2025-12-31,EEM,2.257909098046887e-05
2026-01-02,EEM,-5.940820868082898e-05
2026-01-05,EEM,-1.4846374893378483e-05
2026-01-06,EEM,-2.5893953695577996e-05
2026-01-07,EEM,3.466501851814256e-05
2026-01-08,EEM,2.468262811141146e-05
2026-01-09,EEM,0.0001738755659507407
2026-01-12,EEM,0.00017133016911925354
2026-01-13,EEM,0.00027483130030111125
2026-01-14,EEM,0.00023430805813350416
2026-01-15,EEM,0.00021946823138097718
2026-01-16,EEM,0.0002719582739325002
2026-01-20,EEM,0.0003932659992522739
2026-01-21,EEM,0.0002663828214289491
2026-01-22,EEM,0.0002557300523491505
2026-01-23,EEM,0.00027146521116348056
2026-01-26,EEM,0.00025147853955071055
2026-01-27,EEM,0.00011391555810945538
2026-01-28,EEM,0.00020594394847432736
2026-01-29,EEM,0.0002803125120685176
2025-10-31,TSLA,1.7883805382748026e-05
2025-11-03,TSLA,2.9471371535999763e-05
2025-11-04,TSLA,4.895825817471844e-05
2025-11-05,TSLA,3.951150580709023e-05
2025-11-06,TSLA,3.25353295967306e-05
2025-11-07,TSLA,5.0190889354358216e-05
2025-11-10,TSLA,4.1668899833788626e-05
2025-11-11,TSLA,2.2016928484744256e-05
2025-11-12,TSLA,3.6320012473186334e-05
2025-11-13,TSLA,3.594986080306619e-05
2025-11-14,TSLA,2.22980280386054e-05
2025-11-17,TSLA,2.991508584292705e-05
2025-11-18,TSLA,3.1745724780422936e-05
2025-11-19,TSLA,2.0567120029743375e-05
2025-11-20,TSLA,4.116543005847043e-07
2025-11-21,TSLA,2.923490638800189e-06
2025-11-24,TSLA,-1.3529552113981556e-05
2025-11-25,TSLA,-2.2085705935183335e-05
2025-11-26,TSLA,-2.9460341716001835e-05
2025-11-28,TSLA,-4.1574281254117115e-05
2025-12-01,TSLA,-4.735375572024576e-05
2025-12-02,TSLA,-2.59920565330773e-05
2025-12-03,TSLA,-4.50578343607275e-05
2025-12-04,TSLA,-4.032662581391825e-05
2025-12-05,TSLA,-4.598776437012856e-05
2025-12-08,TSLA,-4.3187953680115996e-05
2025-12-09,TSLA,-6.19942268131084e-05
2025-12-10,TSLA,-6.086229382167922e-05
2025-12-11,TSLA,-4.804229561941658e-05
2025-12-12,TSLA,-5.347297090428782e-05
2025-12-15,TSLA,-7.005599279056951e-05
2025-12-16,TSLA,-6.364337771557843e-05
2025-12-17,TSLA,-4.023588274007592e-05
2025-12-18,TSLA,-5.4272410807672756e-05
2025-12-19,TSLA,-3.9899066180060264e-05
2025-12-22,TSLA,-2.0477020456894016e-05
2025-12-23,TSLA,1.4398842704036138e-06
2025-12-24,TSLA,-2.007972039707006e-05
2025-12-26,TSLA,2.918648809299797e-06
2025-12-29,TSLA,8.64355921867426e-06
2025-12-30,TSLA,2.0562202860378612e-05
2025-12-31,TSLA,2.2712552408912337e-05
2026-01-02,TSLA,3.31716586167491e-05
2026-01-05,TSLA,1.5701768214789966e-05
2026-01-06,TSLA,2.0195375693034258e-05
2026-01-07,TSLA,1.2776153541858043e-05
2026-01-08,TSLA,7.051312977356416e-06
2026-01-09,TSLA,-9.882243297432344e-06
2026-01-12,TSLA,-4.690618745292751e-08
2026-01-13,TSLA,-1.5015857420665176e-05
2026-01-14,TSLA,-1.3382088452628685e-05
2026-01-15,TSLA,-9.219399067567062e-06
2026-01-16,TSLA,-4.513182902109805e-06
2026-01-20,TSLA,2.197805338345259e-05
2026-01-21,TSLA,5.070878441779433e-06
2026-01-22,TSLA,-1.6391289624557894e-05
2026-01-23,TSLA,-1.1268929274823896e-05
2026-01-26,TSLA,3.1747252811319013e-07
2026-01-27,TSLA,-1.7455605959297125e-05
2026-01-28,TSLA,-3.608047870404236e-07
2026-01-29,TSLA,3.588390259543691e-05
2025-10-31,MSFT,9.011618379854872e-05
2025-11-03,MSFT,0.0001283599881988128
2025-11-04,MSFT,0.00020785540072226498
2025-11-05,MSFT,0.0002358327819930026
2025-11-06,MSFT,0.00019725181808065767
2025-11-07,MSFT,0.0001589730544726872
2025-11-10,MSFT,0.00011176894010133
2025-11-11,MSFT,8.664230578500835e-05
2025-11-12,MSFT,3.9706141139711134e-05
2025-11-13,MSFT,2.5002362455734753e-05
2025-11-14,MSFT,-1.5452521566307074e-05
2025-11-17,MSFT,5.120869837524681e-05
2025-11-18,MSFT,0.00012510288922976478
2025-11-19,MSFT,0.00017804071181892726
2025-11-20,MSFT,0.0001762551927640801
2025-11-21,MSFT,0.00024807157102735533
2025-11-24,MSFT,0.00022936359866608747
2025-11-25,MSFT,0.00014943196961526137
2025-11-26,MSFT,6.589375983164769e-05
2025-11-28,MSFT,-5.072113653837376e-06
2025-12-01,MSFT,-6.329439893103161e-06
2025-12-02,MSFT,-3.176458483477955e-06
2025-12-03,MSFT,8.04631322452397e-05
2025-12-04,MSFT,0.00010433527362333228
2025-12-05,MSFT,0.00014022210261546166
2025-12-08,MSFT,7.899842687320104e-05
2025-12-09,MSFT,9.727702300668482e-05
2025-12-10,MSFT,8.317485181620938e-05
2025-12-11,MSFT,6.662412963386415e-05
2025-12-12,MSFT,0.00011020963939782073
2025-12-15,MSFT,0.00017230563843791415
2025-12-16,MSFT,0.00016640743936306506
2025-12-17,MSFT,9.840580393413354e-05
2025-12-18,MSFT,9.960216841352737e-05
2025-12-19,MSFT,6.850294068004929e-05
2025-12-22,MSFT,6.987995950387501e-05
2025-12-23,MSFT,7.591212020969308e-05
2025-12-24,MSFT,6.711610640565588e-05
2025-12-26,MSFT,0.00011841263420672044
2025-12-29,MSFT,0.00012317267559551573
2025-12-30,MSFT,0.00011229324969839293
2025-12-31,MSFT,0.00015645434975723458
2026-01-02,MSFT,0.00021193066025318254
2026-01-05,MSFT,0.00022070587490279864
2026-01-06,MSFT,0.0001890712578809994
2026-01-07,MSFT,0.00016220491389375472
2026-01-08,MSFT,0.00015953764044490497
2026-01-09,MSFT,8.437746983383903e-05
2026-01-12,MSFT,0.00010756932834917048
2026-01-13,MSFT,0.00017787945629209892
2026-01-14,MSFT,0.00026623551217287256
2026-01-15,MSFT,0.00024720697394384065
2026-01-16,MSFT,0.00022975490074473966
2026-01-20,MSFT,0.00025207849134229994
2026-01-21,MSFT,0.0002535668883987452
2026-01-22,MSFT,0.0001372653346426543
2026-01-23,MSFT,3.3505957772367254e-05
2026-01-26,MSFT,3.881564627988231e-05
2026-01-27,MSFT,-4.344996909276741e-05
2026-01-28,MSFT,-0.00010717503176592651
2026-01-29,MSFT,0.00013195711613914963
2025-10-31,IWM,9.931207689730737e-05
2025-11-03,IWM,0.00011315680525748748
2025-11-04,IWM,0.00013419177193564787
2025-11-05,IWM,6.947734198982605e-05
2025-11-06,IWM,7.347215989212141e-05
2025-11-07,IWM,6.01994775245037e-05
2025-11-10,IWM,1.9318463983166436e-05
2025-11-11,IWM,-4.042485316984835e-05
2025-11-12,IWM,-5.411046756185121e-06
2025-11-13,IWM,-4.577460444472304e-06
2025-11-14,IWM,2.408263337795508e-06
2025-11-17,IWM,7.491057703172087e-05
2025-11-18,IWM,5.491924764631078e-05
2025-11-19,IWM,5.489241684745615e-05
2025-11-20,IWM,3.911543562350854e-05
2025-11-21,IWM,-2.7292351216131196e-05
2025-11-24,IWM,-0.00012152411373555491
2025-11-25,IWM,-0.00015859534500596857
2025-11-26,IWM,-0.0001768348911742873
2025-11-28,IWM,-0.00024227192058400653
2025-12-01,IWM,-0.00013203537160330191
2025-12-02,IWM,-9.254245094891654e-05
2025-12-03,IWM,-7.215960405946274e-05
2025-12-04,IWM,-5.127703254917726e-05
2025-12-05,IWM,-2.8008236650061845e-05
2025-12-08,IWM,-5.875262571466889e-05
2025-12-09,IWM,-6.830585079884582e-05
2025-12-10,IWM,-4.515641213663534e-05
2025-12-11,IWM,-3.440983274401816e-05
2025-12-12,IWM,1.2487832474330936e-06
2025-12-15,IWM,2.52748969628615e-05
2025-12-16,IWM,4.502028242826452e-05
2025-12-17,IWM,0.00011790283150625553
2025-12-18,IWM,0.0001338058929567605
2025-12-19,IWM,7.937115840126432e-05
2025-12-22,IWM,5.959065339991322e-05
2025-12-23,IWM,5.5584715672210915e-05
2025-12-24,IWM,3.02204722658196e-06
2025-12-26,IWM,2.6615386639200113e-05
2025-12-29,IWM,5.890737135159287e-05
2025-12-30,IWM,0.00010112302930175887
2025-12-31,IWM,0.00010936706807507167
2026-01-02,IWM,9.288851445730196e-05
2026-01-05,IWM,3.929394030346712e-05
2026-01-06,IWM,-8.388112406886997e-06
2026-01-07,IWM,-2.374953111115617e-05
2026-01-08,IWM,-7.345521919372699e-05
2026-01-09,IWM,-4.700122312674653e-05
2026-01-12,IWM,-1.195912685270578e-05
2026-01-13,IWM,4.557615723612602e-05
2026-01-14,IWM,3.020013265574627e-05
2026-01-15,IWM,4.846710036167515e-05
2026-01-16,IWM,7.487338007839153e-05
2026-01-20,IWM,0.0001302086606928983
2026-01-21,IWM,7.053853022903671e-05
2026-01-22,IWM,7.15795987820662e-05
2026-01-23,IWM,0.00014930800893504697
2026-01-26,IWM,0.000158001418621387
2026-01-27,IWM,0.00011454766225395012
2026-01-28,IWM,0.00020348893119958924
2026-01-29,IWM,0.00023203430586943844
2025-10-31,JPM,-5.193830050817081e-05
2025-11-03,JPM,-1.1546377327161013e-05
2025-11-04,JPM,3.555364885061694e-06
2025-11-05,JPM,-1.5162825744356106e-05
2025-11-06,JPM,1.6762776424632727e-05
2025-11-07,JPM,2.329867961464055e-05
2025-11-10,JPM,-4.2670303920252974e-05
2025-11-11,JPM,-2.9468943122946977e-05
2025-11-12,JPM,-2.9834083898656698e-05
2025-11-13,JPM,4.5065689127145305e-05
2025-11-14,JPM,8.361820642488809e-05
2025-11-17,JPM,0.00011712658683782122
2025-11-18,JPM,0.00010281368124923047
2025-11-19,JPM,0.00011496476178313608
2025-11-20,JPM,7.139034077633496e-05
2025-11-21,JPM,2.46325546603748e-05
2025-11-24,JPM,-5.6807166770453145e-06
2025-11-25,JPM,-5.669311809454043e-05
2025-11-26,JPM,-5.493596577278551e-05
2025-11-28,JPM,-0.00013095775246507244
2025-12-01,JPM,-0.0001046268416848902
2025-12-02,JPM,-0.00010483893379271099
2025-12-03,JPM,-8.316323364839862e-05
2025-12-04,JPM,-6.291246980980195e-05
2025-12-05,JPM,-1.4508558822768601e-05
2025-12-08,JPM,-5.353712766907203e-05
2025-12-09,JPM,2.8762422660433352e-05
2025-12-10,JPM,-1.4159741967369827e-05
2025-12-11,JPM,-7.978467529701718e-06
2025-12-12,JPM,-1.145619239365552e-05
2025-12-15,JPM,-1.9960284849073743e-06
2025-12-16,JPM,-7.492279128088901e-05
2025-12-17,JPM,6.6513568521241455e-06
2025-12-18,JPM,7.556962325606481e-05
2025-12-19,JPM,5.6462642085720614e-05
2025-12-22,JPM,5.950837003373543e-05
2025-12-23,JPM,1.8750459137316855e-05
2025-12-24,JPM,-9.948328072786828e-07
2025-12-26,JPM,-6.354166671461092e-06
2025-12-29,JPM,4.208558978428777e-05
2025-12-30,JPM,8.166844922876995e-05
2025-12-31,JPM,0.0001203935022222588
2026-01-02,JPM,0.00012974368670603628
2026-01-05,JPM,7.462896307288029e-05
2026-01-06,JPM,4.525793573339451e-05
2026-01-07,JPM,8.740381116115333e-05
2026-01-08,JPM,5.7461991897220234e-05
2026-01-09,JPM,0.0001091446877798132
2026-01-12,JPM,0.00018509845317873393
2026-01-13,JPM,0.000248359112735467
2026-01-14,JPM,0.00020061497333022713
2026-01-15,JPM,0.00020490064457410548
2026-01-16,JPM,0.00018278666881970065
2026-01-20,JPM,0.00019900685852359198
2026-01-21,JPM,0.0001058220333529081
2026-01-22,JPM,6.39198158043834e-05
2026-01-23,JPM,0.00010340313385575092
2026-01-26,JPM,9.426728275292704e-05
2026-01-27,JPM,3.2546689830215834e-05
2026-01-28,JPM,2.7201359548210137e-05
2026-01-29,JPM,6.977279032116869e-06
2025-10-30,EURUSD=X,0.00020718032973081031
2025-10-31,EURUSD=X,0.0002644909696925936
2025-11-03,EURUSD=X,0.00040069162288737146
2025-11-04,EURUSD=X,0.00048759845243654087
2025-11-05,EURUSD=X,0.0006076977396504439
2025-11-06,EURUSD=X,0.0005179059776373752
2025-11-07,EURUSD=X,0.00039657235302381974
2025-11-10,EURUSD=X,0.00036120631977540465
2025-11-11,EURUSD=X,0.0003056420727734674
2025-11-12,EURUSD=X,0.000194266389741125
2025-11-13,EURUSD=X,0.00022002888879374833
2025-11-14,EURUSD=X,0.00026364430608635564
2025-11-17,EURUSD=X,0.00027985321617017854
2025-11-18,EURUSD=X,0.00036502083659698393
2025-11-19,EURUSD=X,0.000437012539845608
2025-11-20,EURUSD=X,0.0005311338867430163
2025-11-21,EURUSD=X,0.000637190133890899
2025-11-24,EURUSD=X,0.0006462471952694731
2025-11-25,EURUSD=X,0.0005851409908888507
2025-11-26,EURUSD=X,0.0004693838928848402
2025-11-27,EURUSD=X,0.0003288884041031787
2025-11-28,EURUSD=X,0.00032797102767411775
2025-12-01,EURUSD=X,0.0002742871803616142
2025-12-02,EURUSD=X,0.0003202701238883333
2025-12-03,EURUSD=X,0.00039765704034069795
2025-12-04,EURUSD=X,0.00043610646160653
2025-12-05,EURUSD=X,0.00048353141566012
2025-12-08,EURUSD=X,0.00044502700602859567
2025-12-09,EURUSD=X,0.00046525105370082387
2025-12-10,EURUSD=X,0.000546268906560665
2025-12-11,EURUSD=X,0.0005225220003224492
2025-12-12,EURUSD=X,0.000402004671517135
2025-12-15,EURUSD=X,0.000359677162859437
2025-12-16,EURUSD=X,0.00033325370016120195
2025-12-17,EURUSD=X,0.00030642036465256824
2025-12-18,EURUSD=X,0.0005080856029336132
2025-12-19,EURUSD=X,0.0006338951337428951
2025-12-22,EURUSD=X,0.0006517132092373234
2025-12-23,EURUSD=X,0.0005775896399592499
2025-12-24,EURUSD=X,0.0005332504762912774
2025-12-26,EURUSD=X,0.0005624438122657936
2025-12-29,EURUSD=X,0.0005236121646253162
2025-12-30,EURUSD=X,0.00045810739867338204
2025-12-31,EURUSD=X,0.000684205999810942
2026-01-02,EURUSD=X,0.0007707073788858392
2026-01-05,EURUSD=X,0.0008426342450015841
2026-01-06,EURUSD=X,0.0007798005628868059
2026-01-07,EURUSD=X,0.0008551198321352629
2026-01-08,EURUSD=X,0.0008005676520386277
2026-01-09,EURUSD=X,0.0008581820462787744
2026-01-12,EURUSD=X,0.0008215320078318436
2026-01-13,EURUSD=X,0.0007094705923018009
2026-01-14,EURUSD=X,0.0006495941734326596
2026-01-15,EURUSD=X,0.0006125437459350914
2026-01-16,EURUSD=X,0.0006347121853483378
2026-01-19,EURUSD=X,0.0004813667659834562
2026-01-20,EURUSD=X,0.0005656486680722148
2026-01-21,EURUSD=X,0.0002900798125013929
2026-01-22,EURUSD=X,0.00047130069240423813
2026-01-23,EURUSD=X,0.00015413677547847183
2026-01-26,EURUSD=X,5.9324162027667455e-06
2026-01-27,EURUSD=X,0.00011958787035469121
2026-01-28,EURUSD=X,6.756795095372208e-05
2026-01-29,EURUSD=X,2.044652800497281e-05
2025-10-31,QQQ,8.585424573615935e-05
2025-11-03,QQQ,0.00014081852744600781
2025-11-04,QQQ,0.00022183367108421942
2025-11-05,QQQ,0.00021436939904139905
2025-11-06,QQQ,0.00020474460166065915
2025-11-07,QQQ,0.0002178111538194594
2025-11-10,QQQ,0.0001761074055632833
2025-11-11,QQQ,0.0001103842311024408
2025-11-12,QQQ,0.00013542196166173962
2025-11-13,QQQ,0.00012092035056052167
2025-11-14,QQQ,0.00010428323750856568
2025-11-17,QQQ,0.00018818804032742515
2025-11-18,QQQ,0.00020069958830199025
2025-11-19,QQQ,0.0001883745439719557
2025-11-20,QQQ,0.00018229016103046418
2025-11-21,QQQ,0.0001533384460530363
2025-11-24,QQQ,5.4089781773322913e-05
2025-11-25,QQQ,-5.884318910603915e-07
2025-11-26,QQQ,-8.47706741442612e-06
2025-11-28,QQQ,-0.00011023528610014986
2025-12-01,QQQ,-7.921504371940525e-05
2025-12-02,QQQ,-2.6109152538619838e-05
2025-12-03,QQQ,-1.973376003381102e-05
2025-12-04,QQQ,1.5088445170060257e-05
2025-12-05,QQQ,2.1082054889145928e-05
2025-12-08,QQQ,1.800805822297772e-05
2025-12-09,QQQ,3.7453474910452546e-05
2025-12-10,QQQ,1.946946720996216e-05
2025-12-11,QQQ,2.8843155408911917e-05
2025-12-12,QQQ,9.346883559094998e-05
2025-12-15,QQQ,9.296540092132269e-05
2025-12-16,QQQ,9.178984706114654e-05
2025-12-17,QQQ,0.0001550760464926308
2025-12-18,QQQ,0.00010313125768098183
2025-12-19,QQQ,8.996254054118597e-06
2025-12-22,QQQ,7.348589493810237e-06
2025-12-23,QQQ,-7.609877016451217e-08
2025-12-24,QQQ,-9.305332887520613e-05
2025-12-26,QQQ,-4.946294031971126e-05
2025-12-29,QQQ,-1.3886497767997984e-06
2025-12-30,QQQ,1.823323893281016e-05
2025-12-31,QQQ,6.401714364920083e-05
2026-01-02,QQQ,7.810449953688526e-05
2026-01-05,QQQ,5.909857902221619e-05
2026-01-06,QQQ,2.371202980426365e-05
2026-01-07,QQQ,6.879148592453472e-06
2026-01-08,QQQ,-6.86191992884246e-06
2026-01-09,QQQ,-3.653997008615458e-05
2026-01-12,QQQ,-1.715465638408326e-05
2026-01-13,QQQ,3.152652744077698e-05
2026-01-14,QQQ,7.57838259747353e-05
2026-01-15,QQQ,4.020784185631557e-05
2026-01-16,QQQ,6.940456060048573e-05
2026-01-20,QQQ,0.0001468991124534634
2026-01-21,QQQ,8.07020684990067e-05
2026-01-22,QQQ,1.5702771817642458e-05
2026-01-23,QQQ,1.3730323871694094e-05
2026-01-26,QQQ,-3.272402334466981e-06
2026-01-27,QQQ,-0.00011042873965527128
2026-01-28,QQQ,-4.527791088940217e-05
2026-01-29,QQQ,1.2492218795609388e-06
2025-10-31,GLD,0.0003198283742943222
2025-11-03,GLD,0.0002311389224930658
2025-11-04,GLD,0.00024008625792537253
2025-11-05,GLD,0.00020331553382657585
2025-11-06,GLD,0.0002599242640164363
2025-11-07,GLD,0.00023829118789642752
2025-11-10,GLD,0.00019474889230237894
2025-11-11,GLD,0.00012934919139754347
2025-11-12,GLD,0.00013047867831232285
2025-11-13,GLD,0.00014893930061702322
2025-11-14,GLD,0.000196402483614393
2025-11-17,GLD,0.0002946806771509467
2025-11-18,GLD,0.00027216751554904174
2025-11-19,GLD,0.00034083484951124036
2025-11-20,GLD,0.00031627571898051426
2025-11-21,GLD,0.00026082772101903125
2025-11-24,GLD,0.00019401800615732035
2025-11-25,GLD,0.00022968381734519928
2025-11-26,GLD,0.00021324266459380454
2025-11-28,GLD,0.00020192047100280825
2025-12-01,GLD,0.0001768916844080722
2025-12-02,GLD,0.00024359701437289807
2025-12-03,GLD,0.00023679540490910642
2025-12-04,GLD,0.0002738427503823519
2025-12-05,GLD,0.0003133266021071685
2025-12-08,GLD,0.00033236211855254446
2025-12-09,GLD,0.00030173240312113774
2025-12-10,GLD,0.00027670644574002545
2025-12-11,GLD,0.00024481626073418204
2025-12-12,GLD,0.00021356240846512453
2025-12-15,GLD,0.00020772497966429858
2025-12-16,GLD,0.00023966808893481243
2025-12-17,GLD,0.00024392892597047922
2025-12-18,GLD,0.00028253510418969565
2025-12-19,GLD,0.0003001608037131314
2025-12-22,GLD,0.00025439726234558553
2025-12-23,GLD,0.00022949899656619433
2025-12-24,GLD,0.000261274625946145
2025-12-26,GLD,0.00023251742425550742
2025-12-29,GLD,0.0003021927507688131
2025-12-30,GLD,0.0003434649377725938
2025-12-31,GLD,0.0003949479116897556
2026-01-02,GLD,0.00037772647620224533
2026-01-05,GLD,0.0003452067421031493
2026-01-06,GLD,0.00020040020327703284
2026-01-07,GLD,0.0002325656808545396
2026-01-08,GLD,0.00020327834608120234
2026-01-09,GLD,0.0001983433342783355
2026-01-12,GLD,0.00023609689540813987
2026-01-13,GLD,0.00027612858402452194
2026-01-14,GLD,0.00022913552473045496
2026-01-15,GLD,0.00026647648742168366
2026-01-16,GLD,0.00029875879105218414
2026-01-20,GLD,0.00024493983312513014
2026-01-21,GLD,0.0002291100226690529
2026-01-22,GLD,0.00021903064619141222
2026-01-23,GLD,0.00016847589911901943
2026-01-26,GLD,0.00012559721383092963
2026-01-27,GLD,0.00019260316317244367
2026-01-28,GLD,0.00015438165442183268
2026-01-29,GLD,0.00023969783241720974
2025-10-31,NVDA,-1.5470830088181453e-06
2025-11-03,NVDA,1.5024416679531957e-05
2025-11-04,NVDA,8.297473103455159e-05
2025-11-05,NVDA,0.00010719648095198021
2025-11-06,NVDA,0.00010669042578916975
2025-11-07,NVDA,9.974413270616519e-05
2025-11-10,NVDA,8.298052372934953e-05
2025-11-11,NVDA,6.780353216651333e-05
2025-11-12,NVDA,5.673127872361475e-05
2025-11-13,NVDA,5.207610671764211e-05
2025-11-14,NVDA,3.782190580166081e-05
2025-11-17,NVDA,8.72936481511296e-05
2025-11-18,NVDA,8.101697036909469e-05
2025-11-19,NVDA,7.115801948146082e-05
2025-11-20,NVDA,6.698769035374727e-05
2025-11-21,NVDA,7.821348464721105e-05
2025-11-24,NVDA,5.170350054480478e-05
2025-11-25,NVDA,4.588981269518373e-05
2025-11-26,NVDA,5.271585733114569e-05
2025-11-28,NVDA,4.433248231112271e-05
2025-12-01,NVDA,2.667935776587456e-05
2025-12-02,NVDA,3.712135549913002e-05
2025-12-03,NVDA,2.0390947976103706e-05
2025-12-04,NVDA,1.942885258998828e-05
2025-12-05,NVDA,9.277242622972045e-06
2025-12-08,NVDA,1.0245258108797974e-05
2025-12-09,NVDA,2.0041764886589193e-05
2025-12-10,NVDA,1.1449957360298616e-05
2025-12-11,NVDA,4.184302363942416e-05
2025-12-12,NVDA,6.0267591006137195e-05
2025-12-15,NVDA,6.67700162351088e-05
2025-12-16,NVDA,5.922030580911108e-05
2025-12-17,NVDA,8.290892143435633e-05
2025-12-18,NVDA,6.446923707699479e-05
2025-12-19,NVDA,1.58194969846253e-05
2025-12-22,NVDA,1.877849111792544e-05
2025-12-23,NVDA,4.698230515727402e-06
2025-12-24,NVDA,-2.9540095656541866e-05
2025-12-26,NVDA,-2.3000237704394708e-05
2025-12-29,NVDA,1.59721794828641e-05
2025-12-30,NVDA,3.384357478431033e-05
2025-12-31,NVDA,5.994872070914923e-05
2026-01-02,NVDA,4.739370666701017e-05
2026-01-05,NVDA,6.376409915672361e-05
2026-01-06,NVDA,5.0260216890512416e-05
2026-01-07,NVDA,3.561937668057896e-05
2026-01-08,NVDA,4.0490600179292035e-05
2026-01-09,NVDA,5.619167524799126e-05
2026-01-12,NVDA,5.330893588370043e-05
2026-01-13,NVDA,5.014057302322761e-05
2026-01-14,NVDA,7.465342904450963e-05
2026-01-15,NVDA,3.930991666259507e-05
2026-01-16,NVDA,3.8864977533165084e-05
2026-01-20,NVDA,7.613138702709902e-05
2026-01-21,NVDA,5.1648528490174445e-05
2026-01-22,NVDA,2.752023194797414e-05
2026-01-23,NVDA,2.8073951439033672e-05
2026-01-26,NVDA,2.6088139511317522e-05
2026-01-27,NVDA,-2.0607494849520713e-05
2026-01-28,NVDA,1.767782077082327e-05
2026-01-29,NVDA,1.0909869484432443e-05
2025-10-30,GBPUSD=X,0.0004018693504751825
2025-10-31,GBPUSD=X,0.0004033990516320695
2025-11-03,GBPUSD=X,0.00048672833980353315
2025-11-04,GBPUSD=X,0.0005570169399756608
2025-11-05,GBPUSD=X,0.0006711612813227431
2025-11-06,GBPUSD=X,0.0004722104335051606
2025-11-07,GBPUSD=X,0.0002899462654349048
2025-11-10,GBPUSD=X,0.0003074981292091982
2025-11-11,GBPUSD=X,0.0002470412939105367
2025-11-12,GBPUSD=X,5.586038565108873e-05
2025-11-13,GBPUSD=X,0.000172782367229792
2025-11-14,GBPUSD=X,0.0003002437914004887
2025-11-17,GBPUSD=X,0.00028800643873230314
2025-11-18,GBPUSD=X,0.0003734665330523603
2025-11-19,GBPUSD=X,0.0003462022410581517
2025-11-20,GBPUSD=X,0.00044521555182998833
2025-11-21,GBPUSD=X,0.0004518069257166768
2025-11-24,GBPUSD=X,0.0004629182681061352
2025-11-25,GBPUSD=X,0.0004625359335282915
2025-11-26,GBPUSD=X,0.00033545368569491967
2025-11-27,GBPUSD=X,2.4742312254635314e-05
2025-11-28,GBPUSD=X,0.00011380321100165484
2025-12-01,GBPUSD=X,0.00014581119268589803
2025-12-02,GBPUSD=X,0.00023752556026693388
2025-12-03,GBPUSD=X,0.0003202492547719041
2025-12-04,GBPUSD=X,0.00031681366528440823
2025-12-05,GBPUSD=X,0.0003881488896545249
2025-12-08,GBPUSD=X,0.0003462112030218815
2025-12-09,GBPUSD=X,0.0002682866269252568
2025-12-10,GBPUSD=X,0.00031475537574424014
2025-12-11,GBPUSD=X,0.0004818332269454522
2025-12-12,GBPUSD=X,0.00046382190678599113
2025-12-15,GBPUSD=X,0.00047334398004053254
2025-12-16,GBPUSD=X,0.00045127125107218127
2025-12-17,GBPUSD=X,0.00030064594256918546
2025-12-18,GBPUSD=X,0.0005768415178574743
2025-12-19,GBPUSD=X,0.0005737976932684891
2025-12-22,GBPUSD=X,0.0005145355030970522
2025-12-23,GBPUSD=X,0.0003610327214062431
2025-12-24,GBPUSD=X,0.00040204623112366755
2025-12-26,GBPUSD=X,0.0003241152412185857
2025-12-29,GBPUSD=X,0.00033776266916779157
2025-12-30,GBPUSD=X,0.00026732026518171923
2025-12-31,GBPUSD=X,0.0005753999877321963
2026-01-02,GBPUSD=X,0.0006978616731135945
2026-01-05,GBPUSD=X,0.0007734544811751015
2026-01-06,GBPUSD=X,0.0005204435986666329
2026-01-07,GBPUSD=X,0.0006418807778539803
2026-01-08,GBPUSD=X,0.0006250579424471193
2026-01-09,GBPUSD=X,0.0006700845772335862
2026-01-12,GBPUSD=X,0.0006827394792665586
2026-01-13,GBPUSD=X,0.0007364414671236256
2026-01-14,GBPUSD=X,0.0007092927757852558
2026-01-15,GBPUSD=X,0.0005896788870053799
2026-01-16,GBPUSD=X,0.0006516665547618443
2026-01-19,GBPUSD=X,0.00045980552940054145
2026-01-20,GBPUSD=X,0.0005942181883765837
2026-01-21,GBPUSD=X,0.000466832496666664
2026-01-22,GBPUSD=X,0.000573992860918219
2026-01-23,GBPUSD=X,0.00022336863207139833
2026-01-26,GBPUSD=X,-9.165609484004374e-06
2026-01-27,GBPUSD=X,8.356345835597253e-05
2026-01-28,GBPUSD=X,-0.00013405474958297806
2026-01-29,GBPUSD=X,-0.00017565544637715414
2025-10-31,AAPL,6.971241611791163e-05
2025-11-03,AAPL,0.00011116051017686354
2025-11-04,AAPL,0.00011218978372672855
2025-11-05,AAPL,0.00012075659422018901
2025-11-06,AAPL,0.00013223012194797334
2025-11-07,AAPL,0.00013398203295649598
2025-11-10,AAPL,0.00012350591499259747
2025-11-11,AAPL,9.593394998049904e-05
2025-11-12,AAPL,0.00010859263561800088
2025-11-13,AAPL,0.00010818507267716441
2025-11-14,AAPL,0.00010410006249026675
2025-11-17,AAPL,0.0001276960449568053
2025-11-18,AAPL,0.00014526927630374888
2025-11-19,AAPL,0.00013278920871914612
2025-11-20,AAPL,0.00014232203301274928
2025-11-21,AAPL,0.0001115527180595989
2025-11-24,AAPL,5.384743069527941e-05
2025-11-25,AAPL,4.351464136101282e-05
2025-11-26,AAPL,4.534511181974207e-05
2025-11-28,AAPL,1.70376425063325e-05
2025-12-01,AAPL,2.3349696734736792e-05
2025-12-02,AAPL,3.969131101614353e-05
2025-12-03,AAPL,5.690231760520198e-05
2025-12-04,AAPL,7.262255446891354e-05
2025-12-05,AAPL,8.075130448516232e-05
2025-12-08,AAPL,0.00010864224329959803
2025-12-09,AAPL,0.0001244388086974814
2025-12-10,AAPL,9.979382042558344e-05
2025-12-11,AAPL,6.88056813796927e-05
2025-12-12,AAPL,5.293858668367217e-05
2025-12-15,AAPL,6.412812547499779e-05
2025-12-16,AAPL,4.9749124449730226e-05
2025-12-17,AAPL,7.30878509086929e-05
2025-12-18,AAPL,5.6040570345272637e-05
2025-12-19,AAPL,4.7660751445756844e-05
2025-12-22,AAPL,4.174081764326589e-05
2025-12-23,AAPL,2.515186129190373e-05
2025-12-24,AAPL,-1.0226998075509999e-05
2025-12-26,AAPL,-6.776209049813836e-06
2025-12-29,AAPL,-5.403066149072116e-06
2025-12-30,AAPL,-2.651223622683444e-05
2025-12-31,AAPL,-1.4772119018570141e-05
2026-01-02,AAPL,-6.894171740864905e-07
2026-01-05,AAPL,2.5625093951692373e-05
2026-01-06,AAPL,6.542119788982441e-05
2026-01-07,AAPL,7.297421268968784e-05
2026-01-08,AAPL,7.295627350451993e-05
2026-01-09,AAPL,6.859372748805273e-05
2026-01-12,AAPL,2.6967477363895904e-05
2026-01-13,AAPL,-1.622306704250236e-05
2026-01-14,AAPL,-2.9148457073418054e-05
2026-01-15,AAPL,-2.608825872570259e-05
2026-01-16,AAPL,-1.596208950045673e-05
2026-01-20,AAPL,7.158820494807328e-05
2026-01-21,AAPL,7.740716000337737e-05
2026-01-22,AAPL,8.412859346497958e-05
2026-01-23,AAPL,8.484313482162031e-05
2026-01-26,AAPL,1.1417822356671127e-05
2026-01-27,AAPL,-7.686357898950133e-05
2026-01-28,AAPL,-5.281051349616915e-05
2026-01-29,AAPL,-6.618576892588456e-05
2025-10-30,USDINR=X,-0.0006820188721856806
2025-10-31,USDINR=X,-0.0008212025154406896
2025-11-03,USDINR=X,-0.0009351623993709405
2025-11-04,USDINR=X,-0.0006048663587256801
2025-11-05,USDINR=X,-0.0006304692302797987
2025-11-06,USDINR=X,-0.00047437332040123223
2025-11-07,USDINR=X,-0.0003863800770223812
2025-11-10,USDINR=X,-0.00028932833158808397
2025-11-11,USDINR=X,-0.0003704594677722652
2025-11-12,USDINR=X,-0.00020403438440062694
2025-11-13,USDINR=X,-0.0004817869380520932
2025-11-14,USDINR=X,-0.0004567656082418408
2025-11-17,USDINR=X,-0.00047176104373216157
2025-11-18,USDINR=X,-0.0004717334313936681
2025-11-19,USDINR=X,-0.000646121771124061
2025-11-20,USDINR=X,-0.000593189778704277
2025-11-21,USDINR=X,-0.0005328583928102962
2025-11-24,USDINR=X,-0.0010562548660007168
2025-11-25,USDINR=X,-0.0007353831205313373
2025-11-26,USDINR=X,-0.0008536273654184685
2025-11-27,USDINR=X,-0.0008631574661101255
2025-11-28,USDINR=X,-0.0007980832243433198
2025-12-01,USDINR=X,-0.00011070141552679668
2025-12-02,USDINR=X,-0.0005463444052809011
2025-12-03,USDINR=X,-0.0005968301940912861
2025-12-04,USDINR=X,-0.0006089049917030467
2025-12-05,USDINR=X,-0.0001984169640336129
2025-12-08,USDINR=X,-0.00026147993193424864
2025-12-09,USDINR=X,-0.0001669822634267669
2025-12-10,USDINR=X,0.00021144278486237743
2025-12-11,USDINR=X,0.00046151021989495873
2025-12-12,USDINR=X,-4.3077722412055626e-05
2025-12-15,USDINR=X,-8.470849158616356e-05
2025-12-16,USDINR=X,2.216056532888808e-06
2025-12-17,USDINR=X,-0.00016525017498816554
2025-12-18,USDINR=X,7.293907300851909e-05
2025-12-19,USDINR=X,0.00045105282953636057
2025-12-22,USDINR=X,0.0009382557525696288
2025-12-23,USDINR=X,0.0009038859160727489
2025-12-24,USDINR=X,0.0011135856231312882
2025-12-26,USDINR=X,0.0004587069003073863
2025-12-29,USDINR=X,0.0005464607929790127
2025-12-30,USDINR=X,9.068674858458847e-05
2025-12-31,USDINR=X,0.00017429343786250047
2026-01-02,USDINR=X,-3.0058286970244584e-05
2026-01-05,USDINR=X,0.00031764588396494776
2026-01-06,USDINR=X,-1.3380584463429372e-06
2026-01-07,USDINR=X,0.00010349476179204258
2026-01-08,USDINR=X,0.00017061370490791038
2026-01-09,USDINR=X,0.0002404212687172569
2026-01-12,USDINR=X,0.00011084127820758339
2026-01-13,USDINR=X,0.00035571802982557006
2026-01-14,USDINR=X,0.00021231509947072617
2026-01-15,USDINR=X,9.087473271107703e-07
2026-01-16,USDINR=X,-0.00010522032494792957
2026-01-19,USDINR=X,-8.478510244820085e-05
2026-01-20,USDINR=X,-0.00017917186289512078
2026-01-21,USDINR=X,-0.0001920189429105921
2026-01-22,USDINR=X,-0.00040484687446718296
2026-01-23,USDINR=X,-0.0002919176929884302
2026-01-26,USDINR=X,-4.157182002570135e-05
2026-01-27,USDINR=X,-9.632884542657681e-05
2026-01-28,USDINR=X,0.00017113911231381575
2026-01-29,USDINR=X,0.0001575053790705305
2025-10-31,GOOGL,3.171780470568536e-05
2025-11-03,GOOGL,6.716278799119258e-05
2025-11-04,GOOGL,7.894971248311553e-05
2025-11-05,GOOGL,9.984314431254902e-05
2025-11-06,GOOGL,0.0001393018873549976
2025-11-07,GOOGL,0.0001586800971422933
2025-11-10,GOOGL,0.00011496288071145606
2025-11-11,GOOGL,7.141850511395934e-05
2025-11-12,GOOGL,0.00011687052493534058
2025-11-13,GOOGL,0.00013250281260559536
2025-11-14,GOOGL,0.0001024700067121628
2025-11-17,GOOGL,0.00012023207709784434
2025-11-18,GOOGL,0.0001327701307288428
2025-11-19,GOOGL,8.349382611591914e-05
2025-11-20,GOOGL,5.172576409517284e-05
2025-11-21,GOOGL,-1.9533875946247303e-06
2025-11-24,GOOGL,-2.3395174670521847e-05
2025-11-25,GOOGL,-2.929244176810325e-05
2025-11-26,GOOGL,3.011902794965202e-05
2025-11-28,GOOGL,3.5069401051226863e-06
2025-12-01,GOOGL,5.829056186486746e-05
2025-12-02,GOOGL,0.00013837755760323476
2025-12-03,GOOGL,0.00014800346701069616
2025-12-04,GOOGL,0.00014608149133427554
2025-12-05,GOOGL,0.00012973992492603534
2025-12-08,GOOGL,0.00012458958335982004
2025-12-09,GOOGL,0.0001228225512638666
2025-12-10,GOOGL,0.00012300601701850812
2025-12-11,GOOGL,0.000135637443520016
2025-12-12,GOOGL,0.00015055067614188605
2025-12-15,GOOGL,0.00011923279816410984
2025-12-16,GOOGL,0.00014437400556804956
2025-12-17,GOOGL,0.00017717072997884266
2025-12-18,GOOGL,0.0001260094371244463
2025-12-19,GOOGL,9.922465888479846e-05
2025-12-22,GOOGL,9.887887882148552e-05
2025-12-23,GOOGL,6.860313083077364e-05
2025-12-24,GOOGL,8.799003212354953e-06
2025-12-26,GOOGL,2.736928261862425e-05
2025-12-29,GOOGL,5.008556085169925e-05
2025-12-30,GOOGL,6.115193286932818e-05
2025-12-31,GOOGL,8.887417594142305e-05
2026-01-02,GOOGL,8.07017829574963e-05
2026-01-05,GOOGL,7.591407826826159e-05
2026-01-06,GOOGL,8.765224628671371e-05
2026-01-07,GOOGL,5.267023413639414e-05
2026-01-08,GOOGL,3.8036838068318275e-05
2026-01-09,GOOGL,3.41073668264073e-05
2026-01-12,GOOGL,2.5464032121107866e-05
2026-01-13,GOOGL,8.945441047894976e-06
2026-01-14,GOOGL,5.048090688228758e-05
2026-01-15,GOOGL,7.841961476155062e-05
2026-01-16,GOOGL,9.1431445156306e-05
2026-01-20,GOOGL,0.0001330976907323433
2026-01-21,GOOGL,0.00011515555698699386
2026-01-22,GOOGL,0.00010149167554037202
2026-01-23,GOOGL,8.88898825645803e-05
2026-01-26,GOOGL,4.7981647763803046e-05
2026-01-27,GOOGL,3.4619298634279226e-06
2026-01-28,GOOGL,4.1015932456110656e-05
2026-01-29,GOOGL,3.87307380671302e-05
2025-10-30,USDJPY=X,0.00018120460968870165
2025-10-31,USDJPY=X,0.000179134161730468
2025-11-03,USDJPY=X,0.00020205362199895828
2025-11-04,USDJPY=X,0.00013259104268642267
2025-11-05,USDJPY=X,5.9538124781791153e-05
2025-11-06,USDJPY=X,7.840560042876246e-05
2025-11-07,USDJPY=X,0.00025805634205638105
2025-11-10,USDJPY=X,0.00022456807413844912
2025-11-11,USDJPY=X,0.00022406421650706336
2025-11-12,USDJPY=X,0.00017166531276992738
2025-11-13,USDJPY=X,0.00017761402254234794
2025-11-14,USDJPY=X,0.00011102017420499989
2025-11-17,USDJPY=X,0.00020740877406253774
2025-11-18,USDJPY=X,0.0001756817404632937
2025-11-19,USDJPY=X,0.00017284080564146734
2025-11-20,USDJPY=X,0.00011100528527190901
2025-11-21,USDJPY=X,8.255374263942474e-05
2025-11-24,USDJPY=X,0.0001460196554301891
2025-11-25,USDJPY=X,0.00018097911313414363
2025-11-26,USDJPY=X,0.00027451239372658365
2025-11-27,USDJPY=X,0.0004020936916989499
2025-11-28,USDJPY=X,0.00043095879987854735
2025-12-01,USDJPY=X,0.00037765013593050583
2025-12-02,USDJPY=X,0.00040312350740037055
2025-12-03,USDJPY=X,0.0003088926351105049
2025-12-04,USDJPY=X,0.00037366936653298195
2025-12-05,USDJPY=X,0.000358980721958156
2025-12-08,USDJPY=X,0.0003231166029051668
2025-12-09,USDJPY=X,0.00021692441493306652
2025-12-10,USDJPY=X,0.00015548582312924068
2025-12-11,USDJPY=X,0.0001663549520546748
2025-12-12,USDJPY=X,0.00013686126611542112
2025-12-15,USDJPY=X,0.00012878019600007795
2025-12-16,USDJPY=X,0.00024256842174960207
2025-12-17,USDJPY=X,0.00034610615733169644
2025-12-18,USDJPY=X,0.000168563793379761
2025-12-19,USDJPY=X,0.00010899298806499749
2025-12-22,USDJPY=X,-5.120757010614866e-05
2025-12-23,USDJPY=X,-3.454434444143019e-05
2025-12-24,USDJPY=X,-1.7543433748551366e-05
2025-12-26,USDJPY=X,6.560347308222157e-05
2025-12-29,USDJPY=X,2.864958859649782e-05
2025-12-30,USDJPY=X,0.00026246560048282273
2025-12-31,USDJPY=X,0.00011806763885948045
2026-01-02,USDJPY=X,-1.1553291974468345e-05
2026-01-05,USDJPY=X,-5.937112298085517e-05
2026-01-06,USDJPY=X,2.4207525424299823e-05
2026-01-07,USDJPY=X,-3.0516239655509912e-05
2026-01-08,USDJPY=X,-6.79780157456759e-06
2026-01-09,USDJPY=X,2.31404536568526e-05
2026-01-12,USDJPY=X,-7.99567479447139e-05
2026-01-13,USDJPY=X,-7.735866968806191e-05
2026-01-14,USDJPY=X,-0.00017219461224766074
2026-01-15,USDJPY=X,-0.0001027289086972275
2026-01-16,USDJPY=X,-0.000119494245568274
2026-01-19,USDJPY=X,0.00011754312627337619
2026-01-20,USDJPY=X,3.905602400527897e-06
2026-01-21,USDJPY=X,0.00014273549815989184
2026-01-22,USDJPY=X,-2.9018145208411988e-05
2026-01-23,USDJPY=X,4.328571686126808e-06
2026-01-26,USDJPY=X,0.00018110843858649294
2026-01-27,USDJPY=X,0.00025791143106068215
2026-01-28,USDJPY=X,0.0003747094023187478
2026-01-29,USDJPY=X,0.0003809917691141489
2025-11-06,RELIANCE.NS,0.00017387143043839573
2025-11-07,RELIANCE.NS,0.00017635947231397413
2025-11-10,RELIANCE.NS,0.00015702047343447284
2025-11-11,RELIANCE.NS,0.00014782336189078383
2025-11-12,RELIANCE.NS,8.556415737653002e-05
2025-11-13,RELIANCE.NS,0.00014688850041276143
2025-11-14,RELIANCE.NS,8.878538231011018e-05
2025-11-17,RELIANCE.NS,0.00012976266902492257
2025-11-18,RELIANCE.NS,0.00013434882858016502
2025-11-19,RELIANCE.NS,0.00017747372542965803
2025-11-20,RELIANCE.NS,0.00010300465626572397
2025-11-21,RELIANCE.NS,0.00013664082469552066
2025-11-24,RELIANCE.NS,0.00016442466936858545
2025-11-25,RELIANCE.NS,0.00016231059224161012
2025-11-26,RELIANCE.NS,9.710191279930125e-05
2025-11-27,RELIANCE.NS,0.00017905192798386497
2025-11-28,RELIANCE.NS,0.00014976838501381967
2025-12-01,RELIANCE.NS,0.0001290642880132018
2025-12-02,RELIANCE.NS,0.00017959778835097102
2025-12-03,RELIANCE.NS,0.0002747713700863515
2025-12-04,RELIANCE.NS,0.0002603086642244675
2025-12-05,RELIANCE.NS,0.0002420872409509742
2025-12-08,RELIANCE.NS,0.00024078918111055373
2025-12-09,RELIANCE.NS,0.00021887661112959168
2025-12-10,RELIANCE.NS,0.0001760170960165099
2025-12-11,RELIANCE.NS,0.0001473337788463252
2025-12-12,RELIANCE.NS,0.0001463695200094852
2025-12-15,RELIANCE.NS,0.0001613241694007664
2025-12-16,RELIANCE.NS,0.0001557412351206236
2025-12-17,RELIANCE.NS,0.00017560121421354155
2025-12-18,RELIANCE.NS,0.00019739168806320206
2025-12-19,RELIANCE.NS,0.00017089226709719166
2025-12-22,RELIANCE.NS,0.00015886965520223482
2025-12-23,RELIANCE.NS,0.0001356180099311914
2025-12-24,RELIANCE.NS,0.00017665710549314255
2025-12-26,RELIANCE.NS,0.0001652636895903835
2025-12-29,RELIANCE.NS,0.00024390709596942706
2025-12-30,RELIANCE.NS,0.00027675839501518245
2025-12-31,RELIANCE.NS,0.00019113780993622542
2026-01-01,RELIANCE.NS,0.0001543248905113839
2026-01-02,RELIANCE.NS,0.00012786280599733362
2026-01-05,RELIANCE.NS,0.0001211787699331314
2026-01-06,RELIANCE.NS,0.0002163919372067121
2026-01-07,RELIANCE.NS,0.00026527544721086414
2026-01-08,RELIANCE.NS,0.0003289405872584945
2026-01-09,RELIANCE.NS,0.00035835934909951984
2026-01-12,RELIANCE.NS,0.0003037357610372385
2026-01-13,RELIANCE.NS,0.00018881684377061616
2026-01-14,RELIANCE.NS,0.0001630681640209131
2026-01-15,RELIANCE.NS,8.805478158390382e-05
2026-01-16,RELIANCE.NS,0.0001000775359541771
2026-01-19,RELIANCE.NS,0.00020561881813611362
2026-01-20,RELIANCE.NS,0.00016720247119249675
2026-01-21,RELIANCE.NS,0.0001632067830424366
2026-01-22,RELIANCE.NS,0.00017243685073973236
2026-01-23,RELIANCE.NS,0.00021333421061948127
2026-01-27,RELIANCE.NS,0.00013786714442074545
2026-01-28,RELIANCE.NS,6.393850441565165e-05
2026-01-29,RELIANCE.NS,0.0001213427615837063
2025-11-06,HDFCBANK.NS,0.00018863962238693774
2025-11-07,HDFCBANK.NS,0.00013987595692164018
2025-11-10,HDFCBANK.NS,7.463092615902586e-05
2025-11-11,HDFCBANK.NS,7.226592908045202e-05
2025-11-12,HDFCBANK.NS,2.9707146497683923e-05
2025-11-13,HDFCBANK.NS,4.674312953208784e-05
2025-11-14,HDFCBANK.NS,1.4785459519038473e-05
2025-11-17,HDFCBANK.NS,-6.770661512268153e-06
2025-11-18,HDFCBANK.NS,4.583130540816191e-05
2025-11-19,HDFCBANK.NS,3.278558945260423e-05
2025-11-20,HDFCBANK.NS,-4.3081506235235693e-05
2025-11-21,HDFCBANK.NS,3.500520562309865e-05
2025-11-24,HDFCBANK.NS,5.9551590798493447e-05
2025-11-25,HDFCBANK.NS,8.059776731122542e-05
2025-11-26,HDFCBANK.NS,1.3038564357336916e-05
2025-11-27,HDFCBANK.NS,8.68024934634355e-05
2025-11-28,HDFCBANK.NS,1.2532300145120165e-05
2025-12-01,HDFCBANK.NS,5.08933557567224e-05
2025-12-02,HDFCBANK.NS,4.991800690406681e-05
2025-12-03,HDFCBANK.NS,7.089867611941105e-05
2025-12-04,HDFCBANK.NS,0.0001328786247075361
2025-12-05,HDFCBANK.NS,8.487944648240188e-05
2025-12-08,HDFCBANK.NS,4.603317634402608e-05
2025-12-09,HDFCBANK.NS,-1.6421125424156904e-05
2025-12-10,HDFCBANK.NS,8.045654982139466e-05
2025-12-11,HDFCBANK.NS,5.86139443303856e-06
2025-12-12,HDFCBANK.NS,4.717651586674401e-05
2025-12-15,HDFCBANK.NS,7.808561686893104e-05
2025-12-16,HDFCBANK.NS,3.5472667835100055e-05
2025-12-17,HDFCBANK.NS,4.792263599287539e-05
2025-12-18,HDFCBANK.NS,0.00012647069447043407
2025-12-19,HDFCBANK.NS,9.047788756354193e-05
2025-12-22,HDFCBANK.NS,6.254490473375168e-05
2025-12-23,HDFCBANK.NS,9.405174887312178e-06
2025-12-24,HDFCBANK.NS,-5.229143521047301e-05
2025-12-26,HDFCBANK.NS,-7.649464603778822e-05
2025-12-29,HDFCBANK.NS,-7.998596865754498e-05
2025-12-30,HDFCBANK.NS,-8.858325280884973e-05
2025-12-31,HDFCBANK.NS,-4.396838936373142e-05
2026-01-01,HDFCBANK.NS,-6.810016231661446e-05
2026-01-02,HDFCBANK.NS,-0.00017908560391296233
2026-01-05,HDFCBANK.NS,-3.818821036817697e-05
2026-01-06,HDFCBANK.NS,4.2587224713867655e-05
2026-01-07,HDFCBANK.NS,0.00015519019196214695
2026-01-08,HDFCBANK.NS,0.00022072380351895643
2026-01-09,HDFCBANK.NS,0.0003830043238491909
2026-01-12,HDFCBANK.NS,0.00026341142892715195
2026-01-13,HDFCBANK.NS,0.0001945925938227242
2026-01-14,HDFCBANK.NS,0.00021308908170148715
2026-01-15,HDFCBANK.NS,0.0002129563186947619
2026-01-16,HDFCBANK.NS,0.0001633076444195571
2026-01-19,HDFCBANK.NS,0.00018435535592074153
2026-01-20,HDFCBANK.NS,0.00017548702521281761
2026-01-21,HDFCBANK.NS,0.0001534532037951325
2026-01-22,HDFCBANK.NS,0.00016097724436982939
2026-01-23,HDFCBANK.NS,0.00021474559700398096
2026-01-27,HDFCBANK.NS,0.00014182730818067127
2026-01-28,HDFCBANK.NS,0.00013083221249288117
2026-01-29,HDFCBANK.NS,4.1893251411767016e-05
2025-10-31,META,0.00010411289456811257
2025-11-03,META,0.00013884922742767454
2025-11-04,META,0.00016196526813753184
2025-11-05,META,0.00015948474679970922
2025-11-06,META,9.021742315455378e-05
2025-11-07,META,6.287973822429293e-05
2025-11-10,META,4.174550740787172e-05
2025-11-11,META,3.114815515390364e-05
2025-11-12,META,6.885753322429734e-05
2025-11-13,META,4.4606942936916644e-05
2025-11-14,META,5.291003157975051e-05
2025-11-17,META,7.925772827657295e-05
2025-11-18,META,7.793664214795527e-05
2025-11-19,META,6.65830871410524e-05
2025-11-20,META,7.075094748518588e-05
2025-11-21,META,6.449963188098549e-05
2025-11-24,META,2.6417016539012003e-05
2025-11-25,META,-9.245796894402062e-06
2025-11-26,META,-1.3579416209769715e-05
2025-11-28,META,-3.694234024416656e-05
2025-12-01,META,-3.3051228667078333e-06
2025-12-02,META,2.4341215721988632e-05
2025-12-03,META,7.277690740726795e-05
2025-12-04,META,3.913759489912067e-05
2025-12-05,META,4.397381202292642e-05
2025-12-08,META,4.765107410608592e-05
2025-12-09,META,6.779782674273974e-05
2025-12-10,META,5.902400598261613e-05
2025-12-11,META,9.148205016653305e-05
2025-12-12,META,0.00012486228548282233
2025-12-15,META,0.0001060229986257829
2025-12-16,META,8.012949320897486e-05
2025-12-17,META,8.473530749426632e-05
2025-12-18,META,6.88083828389324e-05
2025-12-19,META,6.621970534071007e-05
2025-12-22,META,7.07295468566823e-05
2025-12-23,META,8.13396993196736e-05
2025-12-24,META,6.015246284183189e-05
2025-12-26,META,8.095702159537056e-05
2025-12-29,META,7.566672407428747e-05
2025-12-30,META,6.709011563456034e-05
2025-12-31,META,8.496460793305087e-05
2026-01-02,META,0.00010117890068000074
2026-01-05,META,8.342676438088939e-05
2026-01-06,META,6.570981046848211e-05
2026-01-07,META,9.032437219239757e-05
2026-01-08,META,7.950151932954567e-05
2026-01-09,META,5.6858694648064815e-05
2026-01-12,META,9.201357758720066e-05
2026-01-13,META,0.00010857186180231021
2026-01-14,META,0.00011326159884097819
2026-01-15,META,0.00010003138011466025
2026-01-16,META,0.00010801554991396663
2026-01-20,META,0.00011585137287896005
2026-01-21,META,7.547014134797256e-05
2026-01-22,META,-7.756424358045058e-06
2026-01-23,META,-1.157338659277761e-05
2026-01-26,META,-3.6553279019642976e-05
2026-01-27,META,-7.437862455224473e-05
2026-01-28,META,-5.435034670753893e-05
2026-01-29,META,-7.063443055422498e-05
2025-10-31,SPY,0.00012431046797497781
2025-11-03,SPY,0.00017804927598217285
2025-11-04,SPY,0.00024438737929997494
2025-11-05,SPY,0.0002258519180568002
2025-11-06,SPY,0.00020797965552468825
2025-11-07,SPY,0.00020893029276805605
2025-11-10,SPY,0.0001555405574627458
2025-11-11,SPY,8.187362712878467e-05
2025-11-12,SPY,9.821777362300318e-05
2025-11-13,SPY,0.00010220460758201562
2025-11-14,SPY,0.0001024408955753423
2025-11-17,SPY,0.00020455707911720008
2025-11-18,SPY,0.00023479186388405298
2025-11-19,SPY,0.00022444817679797055
2025-11-20,SPY,0.00020451572366447633
2025-11-21,SPY,0.00014887703019885818
2025-11-24,SPY,3.5211675985237986e-05
2025-11-25,SPY,-4.8073537616501825e-05
2025-11-26,SPY,-5.800703583216696e-05
2025-11-28,SPY,-0.0001609631105617433
2025-12-01,SPY,-9.439721343045527e-05
2025-12-02,SPY,-3.9698413971957325e-05
2025-12-03,SPY,-1.1840170597869827e-05
2025-12-04,SPY,2.7697485580258368e-05
2025-12-05,SPY,3.918046330430503e-05
2025-12-08,SPY,3.035451197888216e-05
2025-12-09,SPY,3.723677564202609e-05
2025-12-10,SPY,1.6963445311283006e-05
2025-12-11,SPY,1.7377873123867392e-05
2025-12-12,SPY,8.124231474487051e-05
2025-12-15,SPY,7.139716466080259e-05
2025-12-16,SPY,8.223079464972519e-05
2025-12-17,SPY,0.00017093284334288337
2025-12-18,SPY,0.00015172204686113603
2025-12-19,SPY,5.7712663340242394e-05
2025-12-22,SPY,5.859596138956269e-05
2025-12-23,SPY,2.1139529256758582e-05
2025-12-24,SPY,-7.765577711770519e-05
2025-12-26,SPY,-4.1008542700493476e-05
2025-12-29,SPY,1.662717359996265e-05
2025-12-30,SPY,5.536393886912023e-05
2025-12-31,SPY,0.0001275085559396159
2026-01-02,SPY,0.0001413060263433353
2026-01-05,SPY,0.00011673518681188725
2026-01-06,SPY,7.956294108688155e-05
2026-01-07,SPY,8.360158016674716e-05
2026-01-08,SPY,3.959789251366338e-05
2026-01-09,SPY,3.2864064779275804e-05
2026-01-12,SPY,5.513317005492681e-05
2026-01-13,SPY,0.0001171364586390345
2026-01-14,SPY,0.00012710452691032243
2026-01-15,SPY,0.00010905269095801713
2026-01-16,SPY,0.00014466646228007612
2026-01-20,SPY,0.0002530918811252222
2026-01-21,SPY,0.00015720742662030825
2026-01-22,SPY,9.388255104278721e-05
2026-01-23,SPY,0.00010213265328414505
2026-01-26,SPY,6.520929721637488e-05
2026-01-27,SPY,-7.926459255087568e-05
2026-01-28,SPY,1.603129771256603e-05
2026-01-29,SPY,6.310271604938421e-05
2025-10-31,DX-Y.NYB,0.0004948353260281322
2025-11-03,DX-Y.NYB,0.0004336048531881114
2025-11-04,DX-Y.NYB,0.0002998531363770198
2025-11-05,DX-Y.NYB,0.0004124945999857751
2025-11-06,DX-Y.NYB,0.0005386192481641228
2025-11-07,DX-Y.NYB,0.0005847103899586125
2025-11-10,DX-Y.NYB,0.000611370351391866
2025-11-11,DX-Y.NYB,0.0007120998821353887
2025-11-12,DX-Y.NYB,0.0006994115750728558
2025-11-13,DX-Y.NYB,0.0006384311698851196
2025-11-14,DX-Y.NYB,0.0005974345654781123
2025-11-17,DX-Y.NYB,0.0005315035323913029
2025-11-18,DX-Y.NYB,0.0005149318053191829
2025-11-19,DX-Y.NYB,0.0003344438909584314
2025-11-20,DX-Y.NYB,0.00028076811589936045
2025-11-21,DX-Y.NYB,0.0002890158106695596
2025-11-24,DX-Y.NYB,0.0003613733974967974
2025-11-25,DX-Y.NYB,0.0004761661447445581
2025-11-26,DX-Y.NYB,0.0006743223510661717
2025-11-28,DX-Y.NYB,0.0006865341124061921
2025-12-01,DX-Y.NYB,0.0007099834455396899
2025-12-02,DX-Y.NYB,0.000673820879438318
2025-12-03,DX-Y.NYB,0.000664026682087938
2025-12-04,DX-Y.NYB,0.0005833796581500821
2025-12-05,DX-Y.NYB,0.0005604803508147325
2025-12-08,DX-Y.NYB,0.0005451290091948159
2025-12-09,DX-Y.NYB,0.0005034695536206663
2025-12-10,DX-Y.NYB,0.0004647319266334737
2025-12-11,DX-Y.NYB,0.0006216978942587817
2025-12-12,DX-Y.NYB,0.0005904467416527906
2025-12-15,DX-Y.NYB,0.000716197929423515
2025-12-16,DX-Y.NYB,0.0007510538126573389
2025-12-17,DX-Y.NYB,0.0005517815456544294
2025-12-18,DX-Y.NYB,0.0003904656875749911
2025-12-19,DX-Y.NYB,0.00033362396585562835
2025-12-22,DX-Y.NYB,0.00038856548822297
2025-12-23,DX-Y.NYB,0.00047310882756532646
2025-12-24,DX-Y.NYB,0.0005317511194448784
2025-12-26,DX-Y.NYB,0.0005663567180704956
2025-12-29,DX-Y.NYB,0.0006403869914120159
2025-12-30,DX-Y.NYB,0.0004900784240995128
2025-12-31,DX-Y.NYB,0.0003662613496471668
2026-01-02,DX-Y.NYB,0.0003180783922743096
2026-01-05,DX-Y.NYB,0.0004221173348570212
2026-01-06,DX-Y.NYB,0.000347349582287188
2026-01-07,DX-Y.NYB,0.00039693159294049726
2026-01-08,DX-Y.NYB,0.0003155203126737358
2026-01-09,DX-Y.NYB,0.0003044994738491022
2026-01-12,DX-Y.NYB,0.00034171105257885145
2026-01-13,DX-Y.NYB,0.00036660997402961467
2026-01-14,DX-Y.NYB,0.0004322091713015568
2026-01-15,DX-Y.NYB,0.00047472478592651873
2026-01-16,DX-Y.NYB,0.0005419528663662365
2026-01-20,DX-Y.NYB,0.0006621300022717372
2026-01-21,DX-Y.NYB,0.0007397389092628511
2026-01-22,DX-Y.NYB,0.0008591373524337463
2026-01-23,DX-Y.NYB,0.001128903371396605
2026-01-26,DX-Y.NYB,0.0012953823618078834
2026-01-27,DX-Y.NYB,0.001187689829569344
2026-01-28,DX-Y.NYB,0.0011035126195984956
2026-01-29,DX-Y.NYB,0.0010034258624658427
2025-10-31,GC=F,0.0003291458725768799
2025-11-03,GC=F,0.00023795993785325514
2025-11-04,GC=F,0.0002368219896346918
2025-11-05,GC=F,0.00023008724790838796
2025-11-06,GC=F,0.00024825839242565583
2025-11-07,GC=F,0.0002372876103862745
2025-11-10,GC=F,0.00018448244301730532
2025-11-11,GC=F,0.00016107515242106999
2025-11-12,GC=F,0.00012704665321208638
2025-11-13,GC=F,0.00014420418372017475
2025-11-14,GC=F,0.00019112736584917377
2025-11-17,GC=F,0.00027104718008797243
2025-11-18,GC=F,0.0002500509602256804
2025-11-19,GC=F,0.00032433007609675466
2025-11-20,GC=F,0.00032380296128191576
2025-11-21,GC=F,0.00024123888013756947
2025-11-24,GC=F,0.00021775878286557133
2025-11-25,GC=F,0.00021314137673631003
2025-11-26,GC=F,0.00021939367115091438
2025-11-28,GC=F,0.00016834579626211977
2025-12-01,GC=F,0.0001734876110452122
2025-12-02,GC=F,0.00021678691408408315
2025-12-03,GC=F,0.000236752048706511
2025-12-04,GC=F,0.0002572406063991363
2025-12-05,GC=F,0.0002961420090625595
2025-12-08,GC=F,0.0003229878330393474
2025-12-09,GC=F,0.00026836964332741794
2025-12-10,GC=F,0.00026249853192452093
2025-12-11,GC=F,0.00020974743525313733
2025-12-12,GC=F,0.00020935807561451108
2025-12-15,GC=F,0.0001964039880983606
2025-12-16,GC=F,0.00022443528781647493
2025-12-17,GC=F,0.00019532388034568298
2025-12-18,GC=F,0.00027068754045706515
2025-12-19,GC=F,0.0002810446773607274
2025-12-22,GC=F,0.00023669643970087884
2025-12-23,GC=F,0.00022183058012119347
2025-12-24,GC=F,0.0002606768425501334
2025-12-26,GC=F,0.00021933077315179563
2025-12-29,GC=F,0.0003039670777753304
2025-12-30,GC=F,0.000316725539083408
2025-12-31,GC=F,0.0003580985676222071
2026-01-02,GC=F,0.00035970550793149817
2026-01-05,GC=F,0.00032196662384188226
2026-01-06,GC=F,0.00018796727990336268
2026-01-07,GC=F,0.00023481126790485046
2026-01-08,GC=F,0.00020879727148801272
2026-01-09,GC=F,0.00017456256624097442
2026-01-12,GC=F,0.00020084835352376313
2026-01-13,GC=F,0.00024889968816771256
2026-01-14,GC=F,0.0002115753975241192
2026-01-15,GC=F,0.00021863119801178644
2026-01-16,GC=F,0.00025648144840131263
2026-01-20,GC=F,0.00023038643339580979
2026-01-21,GC=F,0.00020495734844842574
2026-01-22,GC=F,0.00019931552583166376
2026-01-23,GC=F,0.00016660962861995624
2026-01-26,GC=F,0.00010934434205601493
2026-01-27,GC=F,0.00023582724938828425
2026-01-28,GC=F,0.00016946326344867505
2026-01-29,GC=F,0.0002456012075309186
2025-10-31,XOM,6.917669779163672e-05
2025-11-03,XOM,8.77895635627715e-05
2025-11-04,XOM,4.5658201812642534e-05
2025-11-05,XOM,8.700528654638108e-05
2025-11-06,XOM,1.0299327495107814e-05
2025-11-07,XOM,-5.940371664363608e-05
2025-11-10,XOM,-9.608802719313627e-05
2025-11-11,XOM,-0.0001263676180225423
2025-11-12,XOM,-0.00010723764251554481
2025-11-13,XOM,-0.00011085704788437562
2025-11-14,XOM,-7.196974139555386e-05
2025-11-17,XOM,-2.4892025964348366e-05
2025-11-18,XOM,-1.954624282094201e-05
2025-11-19,XOM,-2.10374319714813e-05
2025-11-20,XOM,-1.1173734571392003e-05
2025-11-21,XOM,2.3075028603401764e-05
2025-11-24,XOM,3.4121212679966694e-06
2025-11-25,XOM,5.973746305515137e-05
2025-11-26,XOM,1.4715427182746312e-05
2025-11-28,XOM,-1.571027360152487e-05
2025-12-01,XOM,-1.365994275350493e-05
2025-12-02,XOM,-1.4871409887000437e-05
2025-12-03,XOM,-0.00010184531648324579
2025-12-04,XOM,-8.272291087510371e-05
2025-12-05,XOM,-4.9374055344812214e-05
2025-12-08,XOM,-2.052707730814161e-05
2025-12-09,XOM,-0.00011682269888745405
2025-12-10,XOM,-7.641522931966564e-05
2025-12-11,XOM,-9.381953579985166e-05
2025-12-12,XOM,-9.098448906249358e-05
2025-12-15,XOM,-8.37522479280762e-05
2025-12-16,XOM,3.096517979798938e-05
2025-12-17,XOM,7.064614585030547e-06
2025-12-18,XOM,3.155820423112807e-05
2025-12-19,XOM,2.008968644395741e-05
2025-12-22,XOM,-2.0805189303357764e-05
2025-12-23,XOM,-0.00011634570688549743
2025-12-24,XOM,-3.223961864785844e-05
2025-12-26,XOM,-4.371208394823934e-05
2025-12-29,XOM,-6.607164049749406e-05
2025-12-30,XOM,-3.8815796508121334e-05
2025-12-31,XOM,3.3077136808332998e-06
2026-01-02,XOM,-4.514179772469499e-05
2026-01-05,XOM,-0.00010083392662708703
2026-01-06,XOM,2.7297946383256182e-05
2026-01-07,XOM,7.499654328425183e-05
2026-01-08,XOM,-2.3263987562171766e-05
2026-01-09,XOM,-6.794198764162298e-07
2026-01-12,XOM,6.968946057162567e-05
2026-01-13,XOM,-5.872299538485525e-05
2026-01-14,XOM,-0.00016548507591622864
2026-01-15,XOM,-3.6639612038281797e-05
2026-01-16,XOM,-1.6484255420806378e-06
2026-01-20,XOM,-2.795382944761016e-05
2026-01-21,XOM,-1.7665658584120576e-05
2026-01-22,XOM,6.695121408061167e-05
2026-01-23,XOM,2.9472437668947347e-05
2026-01-26,XOM,4.890228063982359e-05
2026-01-27,XOM,3.668060756700003e-05
2026-01-28,XOM,9.192212683873829e-05
2026-01-29,XOM,5.5023649724587606e-05
2026-05-08,SBIN.NS,0.00018049426616506355
2026-05-11,SBIN.NS,0.00021730592588745158
2026-05-12,SBIN.NS,0.00019609218608894515
2026-05-13,SBIN.NS,0.0002505490772146877
2026-05-14,SBIN.NS,0.00023592928712613484
2026-05-15,SBIN.NS,0.00014743426937021618
2026-05-18,SBIN.NS,0.0001186451994646587
2026-05-19,SBIN.NS,9.978067685118427e-05
2026-05-20,SBIN.NS,9.229635304805418e-05
2026-05-21,SBIN.NS,0.00010944416800281666
2026-05-22,SBIN.NS,0.00011483336835529385
2026-05-25,SBIN.NS,4.772995316657453e-05
2026-05-26,SBIN.NS,6.876217715599107e-05
2026-05-27,SBIN.NS,7.602592976234768e-05
2026-05-28,SBIN.NS,7.4687762296835e-05
2026-05-29,SBIN.NS,7.64709954773863e-05
2026-06-01,SBIN.NS,0.0001228742522564305
2026-06-02,SBIN.NS,0.00011377435059211895
2026-06-03,SBIN.NS,9.036535919449723e-05
2026-06-04,SBIN.NS,7.121639687086404e-05
2026-06-05,SBIN.NS,6.91084077478758e-05
2026-06-08,SBIN.NS,5.3059826168152467e-05
2026-06-09,SBIN.NS,2.9655544242813532e-05
2026-06-10,SBIN.NS,5.510734632322664e-05
2026-06-11,SBIN.NS,7.353141438735066e-05
2026-06-12,SBIN.NS,3.8413852367992804e-05
2026-06-15,SBIN.NS,4.4439421995347967e-05
2026-06-16,SBIN.NS,9.254419171803194e-05
2026-06-17,SBIN.NS,7.502516462463525e-05
2026-06-18,SBIN.NS,5.068011503084995e-05
2026-06-19,SBIN.NS,9.604314043563217e-05
2026-06-22,SBIN.NS,8.950562275187907e-05
2026-06-23,SBIN.NS,0.00010449612326851822
2026-06-24,SBIN.NS,0.00010262816127045834
2026-06-25,SBIN.NS,0.00011370766896548164
2026-06-26,SBIN.NS,0.00010811712030952723
2026-06-29,SBIN.NS,0.0001306194108155652
2026-06-30,SBIN.NS,0.00011285221782900497
2026-07-01,SBIN.NS,9.575696922229426e-05
2026-07-02,SBIN.NS,0.00010954339883856719
2026-07-03,SBIN.NS,0.00012426344663275026
2026-07-06,SBIN.NS,0.00010908373384333923
2026-07-07,SBIN.NS,9.351375208055176e-05
2026-07-08,SBIN.NS,0.0001610578292426843
2026-07-09,SBIN.NS,0.0001520657392526735
2026-07-10,SBIN.NS,0.00011330248944607576
2026-07-13,SBIN.NS,0.00010967398091814667
2026-07-14,SBIN.NS,0.00014609423099741885
2026-07-15,SBIN.NS,7.60955556356157e-05
2026-07-16,SBIN.NS,8.579709266400694e-05
2026-07-17,SBIN.NS,8.402370845985082e-05
2026-07-20,SBIN.NS,5.9959066503892826e-05
2026-07-21,SBIN.NS,4.381651800911331e-05
2026-07-22,SBIN.NS,0.00010124394820617611
2026-07-23,SBIN.NS,0.00011596486341626199
2026-07-24,SBIN.NS,0.0001278456414436456
2026-07-27,SBIN.NS,0.00014702041083487674
2026-07-28,SBIN.NS,0.0001357616183863442
2026-07-29,SBIN.NS,9.831850587985805e-05
2026-07-30,SBIN.NS,5.134229056860736e-05
2026-05-08,RELIANCE.NS,0.00011570361573473048
2026-05-11,RELIANCE.NS,0.00022809750915013017
2026-05-12,RELIANCE.NS,0.0002475053517735472
2026-05-13,RELIANCE.NS,0.00022329492446946918
2026-05-14,RELIANCE.NS,0.0002181332700332179
2026-05-15,RELIANCE.NS,0.00024765632029417146
2026-05-18,RELIANCE.NS,0.00017878495979146023
2026-05-19,RELIANCE.NS,0.000166259091527648
2026-05-20,RELIANCE.NS,9.270223793196663e-05
2026-05-21,RELIANCE.NS,0.0001251636021218313
2026-05-22,RELIANCE.NS,8.146019909460502e-05
2026-05-25,RELIANCE.NS,6.816872934106346e-05
2026-05-26,RELIANCE.NS,6.022842132105752e-05
2026-05-27,RELIANCE.NS,0.00012748762239224424
2026-05-28,RELIANCE.NS,0.00010527012118492398
2026-05-29,RELIANCE.NS,0.00016042763181682291
2026-06-01,RELIANCE.NS,0.00017607671532455396
2026-06-02,RELIANCE.NS,0.00017042206990577053
2026-06-03,RELIANCE.NS,0.00016471679997429902
2026-06-04,RELIANCE.NS,0.00018591257599118885
2026-06-05,RELIANCE.NS,0.00015252580470754095
2026-06-08,RELIANCE.NS,0.00020254388946946674
2026-06-09,RELIANCE.NS,0.00018284156394613726
2026-06-10,RELIANCE.NS,0.00020647834530733046
2026-06-11,RELIANCE.NS,0.00018343128111463663
2026-06-12,RELIANCE.NS,0.00011895466580984702
2026-06-15,RELIANCE.NS,6.080769987738663e-05
2026-06-16,RELIANCE.NS,3.531020559764117e-05
2026-06-17,RELIANCE.NS,1.8222605848786086e-05
2026-06-18,RELIANCE.NS,3.14461944901404e-05
2026-06-19,RELIANCE.NS,0.00012017190694602754
2026-06-22,RELIANCE.NS,0.00010779689821646665
2026-06-23,RELIANCE.NS,0.0001813156263901618
2026-06-24,RELIANCE.NS,0.00017626233924214861
2026-06-25,RELIANCE.NS,0.00015872668394336653
2026-06-26,RELIANCE.NS,0.0001299048015909076
2026-06-29,RELIANCE.NS,0.00019536681225971244
2026-06-30,RELIANCE.NS,0.0001713679510370533
2026-07-01,RELIANCE.NS,0.000149341363931611
2026-07-02,RELIANCE.NS,0.00016907937047730501
2026-07-03,RELIANCE.NS,0.00016779323108981963
2026-07-06,RELIANCE.NS,9.977561063313173e-05
2026-07-07,RELIANCE.NS,0.00012464939786220437
2026-07-08,RELIANCE.NS,0.00020586217976965965
2026-07-09,RELIANCE.NS,0.0001857146911357684
2026-07-10,RELIANCE.NS,0.00013057268366135333
2026-07-13,RELIANCE.NS,0.00019143246918427615
2026-07-14,RELIANCE.NS,0.00017256333478232516
2026-07-15,RELIANCE.NS,0.000102818617098806
2026-07-16,RELIANCE.NS,0.00011383182712443115
2026-07-17,RELIANCE.NS,0.0001096570267518031
2026-07-20,RELIANCE.NS,0.0001105852012115254
2026-07-21,RELIANCE.NS,0.00013475737881392456
2026-07-22,RELIANCE.NS,0.0001680656795385806
2026-07-23,RELIANCE.NS,0.0001992591225481173
2026-07-24,RELIANCE.NS,0.0002468172483221715
2026-07-27,RELIANCE.NS,0.0002452022575973222
2026-07-28,RELIANCE.NS,0.00023904690099224089
2026-07-29,RELIANCE.NS,0.00019752735435928255
2026-07-30,RELIANCE.NS,0.0001372367079879953
2026-05-05,AAPL,2.368726654944482e-05
2026-05-06,AAPL,2.309630755188007e-05
2026-05-07,AAPL,3.3562467902589295e-05
2026-05-08,AAPL,6.220117353483392e-05
2026-05-11,AAPL,4.961819882795688e-05
2026-05-12,AAPL,8.897623864062966e-05
2026-05-13,AAPL,7.620183755756735e-05
2026-05-14,AAPL,7.531953564685478e-05
2026-05-15,AAPL,0.00010611270337962142
2026-05-18,AAPL,0.00012083305197026758
2026-05-19,AAPL,0.0001259130683239645
2026-05-20,AAPL,0.00014521127837447727
2026-05-21,AAPL,0.00012925210769701076
2026-05-22,AAPL,0.00013173582115052132
2026-05-26,AAPL,0.00013052727457308502
2026-05-27,AAPL,0.0001350955315246128
2026-05-28,AAPL,0.00014106633435404065
2026-05-29,AAPL,0.000164826090542327
2026-06-01,AAPL,0.0002233481336080159
2026-06-02,AAPL,0.00014779021863041452
2026-06-03,AAPL,0.00020316953291270567
2026-06-04,AAPL,0.00019500352848314732
2026-06-05,AAPL,0.00021482491098974435
2026-06-08,AAPL,0.00021123320543351112
2026-06-09,AAPL,0.00029854536101532017
2026-06-10,AAPL,0.00025846973450274204
2026-06-11,AAPL,0.00023892994340290558
2026-06-12,AAPL,0.0002476802339556866
2026-06-15,AAPL,0.0001761886503160642
2026-06-16,AAPL,9.900847722103039e-05
2026-06-17,AAPL,0.0001273960113354265
2026-06-18,AAPL,0.00013969281681402683
2026-06-22,AAPL,0.00011524939101205102
2026-06-23,AAPL,0.00015772005966534206
2026-06-24,AAPL,0.00017644186175807113
2026-06-25,AAPL,0.00023088734939117044
2026-06-26,AAPL,0.00016697146340999622
2026-06-29,AAPL,0.00018070656971439097
2026-06-30,AAPL,0.00011892461679673962
2026-07-01,AAPL,9.130355221627765e-05
2026-07-02,AAPL,-8.721986202275975e-05
2026-07-06,AAPL,-4.824091002374384e-05
2026-07-07,AAPL,-5.0251854493491885e-05
2026-07-08,AAPL,-2.0521030579509423e-05
2026-07-09,AAPL,-1.769919029799508e-06
2026-07-10,AAPL,8.370084459916476e-05
2026-07-13,AAPL,9.034104369889423e-05
2026-07-14,AAPL,8.938288980909294e-05
2026-07-15,AAPL,4.195303678636964e-05
2026-07-16,AAPL,3.9787133027201935e-05
2026-07-17,AAPL,3.4231541278258236e-05
2026-07-20,AAPL,7.74048351955418e-05
2026-07-21,AAPL,5.225904614296537e-05
2026-07-22,AAPL,0.00012124206325939305
2026-07-23,AAPL,0.00016224187517498907
2026-07-24,AAPL,0.00010812888880163685
2026-07-27,AAPL,7.909352685117792e-05
2026-07-28,AAPL,6.524156667870085e-05
2026-07-29,AAPL,6.636370265290925e-05
2026-07-30,AAPL,6.0705738954962395e-05
2026-05-08,INFY.NS,0.00018521084864137806
2026-05-11,INFY.NS,0.00018091481678923896
2026-05-12,INFY.NS,0.00024254985116318244
2026-05-13,INFY.NS,0.0002476497144814869
2026-05-14,INFY.NS,0.0002718963157995206
2026-05-15,INFY.NS,0.0002479155102437085
2026-05-18,INFY.NS,0.00022861770500483963
2026-05-19,INFY.NS,0.00012168518058879211
2026-05-20,INFY.NS,0.00011536541663983174
2026-05-21,INFY.NS,9.8498255361607e-05
2026-05-22,INFY.NS,0.00013990176998397876
2026-05-25,INFY.NS,0.00018056817727187354
2026-05-26,INFY.NS,0.00024095169797913872
2026-05-27,INFY.NS,0.0002495589242241806
2026-05-28,INFY.NS,0.00023014442512255066
2026-05-29,INFY.NS,0.00021627784424503425
2026-06-01,INFY.NS,0.0001556453536650101
2026-06-02,INFY.NS,8.54022252452435e-05
2026-06-03,INFY.NS,0.00013663967611767148
2026-06-04,INFY.NS,0.00014901683406617845
2026-06-05,INFY.NS,0.00015093224083013673
2026-06-08,INFY.NS,0.00020127332090611513
2026-06-09,INFY.NS,0.0002704208328814835
2026-06-10,INFY.NS,0.00023911426647714898
2026-06-11,INFY.NS,0.00024758393711620056
2026-06-12,INFY.NS,0.00023788893158471143
2026-06-15,INFY.NS,0.00020367724484912918
2026-06-16,INFY.NS,0.00018505756127797242
2026-06-17,INFY.NS,0.00015557528506522872
2026-06-18,INFY.NS,0.0001567511773329009
2026-06-19,INFY.NS,0.00022251082773912421
2026-06-22,INFY.NS,0.00020782860593805076
2026-06-23,INFY.NS,0.00025074067554324385
2026-06-24,INFY.NS,0.0002261107868644247
2026-06-25,INFY.NS,0.00022050554529979546
2026-06-26,INFY.NS,0.0001473122012825514
2026-06-29,INFY.NS,0.00016598453708709508
2026-06-30,INFY.NS,0.00016013872924477054
2026-07-01,INFY.NS,0.000191505376991777
2026-07-02,INFY.NS,0.00011420092475529705
2026-07-03,INFY.NS,0.00012160919203502194
2026-07-06,INFY.NS,0.00012572010691253282
2026-07-07,INFY.NS,5.920020434005562e-05
2026-07-08,INFY.NS,5.3125714900310056e-05
2026-07-09,INFY.NS,0.0001307397618181913
2026-07-10,INFY.NS,0.00011881701804577715
2026-07-13,INFY.NS,8.411032358936791e-05
2026-07-14,INFY.NS,0.00013177675342678668
2026-07-15,INFY.NS,0.00014834059375483765
2026-07-16,INFY.NS,0.00012501002546466388
2026-07-17,INFY.NS,0.0001381029622714002
2026-07-20,INFY.NS,0.00019206160819789446
2026-07-21,INFY.NS,0.00019201042494490763
2026-07-22,INFY.NS,0.0001959461436028565
2026-07-23,INFY.NS,0.00019963833411164674
2026-07-24,INFY.NS,0.00021894793627742627
2026-07-27,INFY.NS,0.00016650191190892418
2026-07-28,INFY.NS,0.00013321865228495088
2026-07-29,INFY.NS,6.91280956640688e-05
2026-07-30,INFY.NS,7.428060396849612e-05
2026-05-05,MSFT,0.00017697373810212995
2026-05-06,MSFT,0.0001531490654406104
2026-05-07,MSFT,7.426189899760983e-05
2026-05-08,MSFT,0.000122676379997114
2026-05-11,MSFT,0.00012634422835948388
2026-05-12,MSFT,0.00012912589870234882
2026-05-13,MSFT,0.00013654103884487502
2026-05-14,MSFT,0.00013714933325365805
2026-05-15,MSFT,7.186758485571787e-05
2026-05-18,MSFT,6.51239634454167e-05
2026-05-19,MSFT,7.068944773140517e-05
2026-05-20,MSFT,4.0818677283350166e-05
2026-05-21,MSFT,6.125957144590067e-05
2026-05-22,MSFT,0.0001136574574128938
2026-05-26,MSFT,0.00012626203797506464
2026-05-27,MSFT,0.00011865559566525113
2026-05-28,MSFT,7.166133986555148e-05
2026-05-29,MSFT,2.687535766294835e-06
2026-06-01,MSFT,-1.3278755363089366e-05
2026-06-02,MSFT,4.152634235721365e-05
2026-06-03,MSFT,6.278010546721247e-05
2026-06-04,MSFT,9.654401523590781e-05
2026-06-05,MSFT,0.0001913583567505524
2026-06-08,MSFT,0.00022197614780251624
2026-06-09,MSFT,0.00019500246628116407
2026-06-10,MSFT,0.00017117217486619263
2026-06-11,MSFT,0.00019231650133169466
2026-06-12,MSFT,0.00015829988720622996
2026-06-15,MSFT,0.00011346114205380426
2026-06-16,MSFT,0.00011144836410416943
2026-06-17,MSFT,0.00013379031798060116
2026-06-18,MSFT,0.00010462441849116953
2026-06-22,MSFT,0.0001425468414787459
2026-06-23,MSFT,0.00014063490672961597
2026-06-24,MSFT,0.00015267886951929349
2026-06-25,MSFT,0.00014350642040321076
2026-06-26,MSFT,7.038796882671214e-05
2026-06-29,MSFT,5.7162963073318766e-05
2026-06-30,MSFT,5.6933483110584224e-05
2026-07-01,MSFT,-8.418143724139768e-07
2026-07-02,MSFT,-5.0326101135436525e-05
2026-07-06,MSFT,3.2172423771971036e-05
2026-07-07,MSFT,9.186626915460648e-06
2026-07-08,MSFT,4.356792974442722e-05
2026-07-09,MSFT,7.212192938281846e-05
2026-07-10,MSFT,8.912756472352791e-05
2026-07-13,MSFT,6.324234732955359e-05
2026-07-14,MSFT,9.363681468002687e-05
2026-07-15,MSFT,4.2117097492571325e-05
2026-07-16,MSFT,3.366186013148782e-05
2026-07-17,MSFT,6.38472068875214e-05
2026-07-20,MSFT,5.545990911657169e-05
2026-07-21,MSFT,5.486488996804391e-05
2026-07-22,MSFT,0.00011033609015493454
2026-07-23,MSFT,0.00014720119483638592
2026-07-24,MSFT,0.0001232548389026034
2026-07-27,MSFT,0.00012758258452076323
2026-07-28,MSFT,0.00010006450655900489
2026-07-29,MSFT,9.055285948622946e-05
2026-07-30,MSFT,-5.4798171585492145e-05
2026-05-05,GLD,0.0001329878458127451
2026-05-06,GLD,8.123235005446934e-05
2026-05-07,GLD,0.00010038734982977535
2026-05-08,GLD,9.641588720646281e-05
2026-05-11,GLD,7.452746361698645e-05
2026-05-12,GLD,8.968212189849462e-05
2026-05-13,GLD,0.00013495333480399228
2026-05-14,GLD,0.00014502167189768948
2026-05-15,GLD,0.00017925529517071178
2026-05-18,GLD,0.00017044488870633523
2026-05-19,GLD,0.0001911714447934462
2026-05-20,GLD,0.0001665046871487062
2026-05-21,GLD,0.00015873261836269744
2026-05-22,GLD,0.00013898621254856568
2026-05-26,GLD,0.00014167400649754667
2026-05-27,GLD,0.00013435166965011306
2026-05-28,GLD,0.00014123863557404637
2026-05-29,GLD,0.00013104876026205043
2026-06-01,GLD,0.0001371658495686376
2026-06-02,GLD,0.00013186538355198273
2026-06-03,GLD,0.00012472855562919183
2026-06-04,GLD,0.00012629226262937733
2026-06-05,GLD,0.0001807586248487465
2026-06-08,GLD,0.00015127799920240792
2026-06-09,GLD,0.00017632053283297915
2026-06-10,GLD,0.00020317350094455118
2026-06-11,GLD,0.00016344062141776023
2026-06-12,GLD,0.0001264615101633983
2026-06-15,GLD,9.555231221659066e-05
2026-06-16,GLD,7.743262108310781e-05
2026-06-17,GLD,5.3898756732737173e-05
2026-06-18,GLD,9.597949634034493e-05
2026-06-22,GLD,0.00010458880513596533
2026-06-23,GLD,0.0001604708503392263
2026-06-24,GLD,0.00019589895366549349
2026-06-25,GLD,0.0001550660615945794
2026-06-26,GLD,0.000140797560458572
2026-06-29,GLD,0.00015493617705413963
2026-06-30,GLD,0.0001320935265198533
2026-07-01,GLD,8.86650682741381e-05
2026-07-02,GLD,7.600040280430744e-05
2026-07-06,GLD,8.340886636447061e-05
2026-07-07,GLD,8.464656035691116e-05
2026-07-08,GLD,9.561441009400843e-05
2026-07-09,GLD,9.026845873961887e-05
2026-07-10,GLD,0.0001279231850369858
2026-07-13,GLD,0.0001794989063866933
2026-07-14,GLD,0.00013374603164874817
2026-07-15,GLD,0.00012701279019413798
2026-07-16,GLD,0.00016485021670021075
2026-07-17,GLD,0.000142172964917551
2026-07-20,GLD,0.0001156494252230237
2026-07-21,GLD,0.00010696813693064508
2026-07-22,GLD,9.296064913259363e-05
2026-07-23,GLD,9.605362068813133e-05
2026-07-24,GLD,0.00010792191133125021
2026-07-27,GLD,9.423155349186027e-05
2026-07-28,GLD,0.00014387376773321206
2026-07-29,GLD,0.00015201599069835717
2026-07-30,GLD,9.820576089068673e-05
2026-05-05,UNH,0.00012013640818340731
2026-05-06,UNH,0.00011150512068374182
2026-05-07,UNH,0.00010915661757658835
2026-05-08,UNH,9.000957496294094e-05
2026-05-11,UNH,9.037471353691513e-05
2026-05-12,UNH,5.6375529093445056e-05
2026-05-13,UNH,5.7879750481146045e-05
2026-05-14,UNH,8.07613311348711e-05
2026-05-15,UNH,0.00010602356734862224
2026-05-18,UNH,0.00012485528705386134
2026-05-19,UNH,0.00014243362059888163
2026-05-20,UNH,0.00014758102376600277
2026-05-21,UNH,0.00014204471870357552
2026-05-22,UNH,0.00012841194193185458
2026-05-26,UNH,0.00014464139286825365
2026-05-27,UNH,0.00012626915798401295
2026-05-28,UNH,0.00011972744918241067
2026-05-29,UNH,0.00012008447173981949
2026-06-01,UNH,0.00013100685696673425
2026-06-02,UNH,0.00011259313993319091
2026-06-03,UNH,0.00012697762311331232
2026-06-04,UNH,8.921937665996372e-05
2026-06-05,UNH,8.472311113766252e-05
2026-06-08,UNH,7.392127891000387e-05
2026-06-09,UNH,5.6490355580848867e-05
2026-06-10,UNH,6.630535650732283e-05
2026-06-11,UNH,0.00010252472989654911
2026-06-12,UNH,9.942268673111543e-05
2026-06-15,UNH,0.00010244035594374296
2026-06-16,UNH,0.00012386831190677294
2026-06-17,UNH,0.00012815313540563881
2026-06-18,UNH,0.00012024981097896543
2026-06-22,UNH,0.00011789433698780175
2026-06-23,UNH,0.00012673737904971092
2026-06-24,UNH,0.00012770788424055034
2026-06-25,UNH,9.335542142775913e-05
2026-06-26,UNH,7.634487561117212e-05
2026-06-29,UNH,0.00010519037147245547
2026-06-30,UNH,0.00011298919016959478
2026-07-01,UNH,8.486569087836365e-05
2026-07-02,UNH,0.00010595734943492982
2026-07-06,UNH,0.0001485768678141599
2026-07-07,UNH,0.0001079115749587014
2026-07-08,UNH,0.00011144083900079625
2026-07-09,UNH,0.00011689782788499307
2026-07-10,UNH,0.00013095109904839687
2026-07-13,UNH,0.00010754890658979658
2026-07-14,UNH,0.00013619957411636075
2026-07-15,UNH,0.00014331217901186697
2026-07-16,UNH,0.00014747903839400578
2026-07-17,UNH,0.00013156725642001296
2026-07-20,UNH,0.00015384358072515714
2026-07-21,UNH,0.00011821422564235611
2026-07-22,UNH,0.00011950916010744261
2026-07-23,UNH,0.00013930982728174387
2026-07-24,UNH,0.00014432672062630154
2026-07-27,UNH,0.00014493800166969008
2026-07-28,UNH,0.0001484751075010234
2026-07-29,UNH,0.0001706126216730332
2026-07-30,UNH,0.0001609809204146492
2026-05-05,JPM,0.00013743001128659337
2026-05-06,JPM,8.78783966290983e-05
2026-05-07,JPM,0.00016799751096773652
2026-05-08,JPM,0.00017622946173546022
2026-05-11,JPM,0.00014858475633067544
2026-05-12,JPM,0.00012155018750049011
2026-05-13,JPM,0.00018456670994397096
2026-05-14,JPM,0.0001271597195052518
2026-05-15,JPM,0.0001083873550946248
2026-05-18,JPM,7.366756916355397e-05
2026-05-19,JPM,0.00014271616709644278
2026-05-20,JPM,6.718733638917126e-05
2026-05-21,JPM,6.662335010481039e-05
2026-05-22,JPM,3.223132759968005e-05
2026-05-26,JPM,5.929978762851288e-05
2026-05-27,JPM,7.354183107454385e-05
2026-05-28,JPM,0.00012164767340886396
2026-05-29,JPM,0.00010922010850794863
2026-06-01,JPM,0.00015039068172557248
2026-06-02,JPM,0.00011947936570619875
2026-06-03,JPM,7.895452642337599e-05
2026-06-04,JPM,-1.1514034756066262e-05
2026-06-05,JPM,6.247390363519844e-06
2026-06-08,JPM,2.151297425138851e-06
2026-06-09,JPM,1.9492638552247454e-05
2026-06-10,JPM,4.354241720960528e-05
2026-06-11,JPM,7.573028810983685e-05
2026-06-12,JPM,4.291576298349623e-05
2026-06-15,JPM,4.9530970673545314e-05
2026-06-16,JPM,-9.35534213350975e-06
2026-06-17,JPM,-3.957663064298497e-05
2026-06-18,JPM,4.7480110470282525e-05
2026-06-22,JPM,3.8741334167718386e-05
2026-06-23,JPM,2.2900572138566478e-05
2026-06-24,JPM,9.862819385454444e-05
2026-06-25,JPM,0.00010056231931712799
2026-06-26,JPM,8.767322462278683e-05
2026-06-29,JPM,0.0001100649069376252
2026-06-30,JPM,0.0001360766904118387
2026-07-01,JPM,9.197090635152075e-05
2026-07-02,JPM,0.00010589816710560531
2026-07-06,JPM,4.015757483270076e-05
2026-07-07,JPM,2.8694320241181345e-05
2026-07-08,JPM,6.877011166051568e-05
2026-07-09,JPM,8.252683818833118e-05
2026-07-10,JPM,8.813345928765132e-05
2026-07-13,JPM,0.00012862618666500733
2026-07-14,JPM,8.664450233964324e-05
2026-07-15,JPM,1.711350906476064e-05
2026-07-16,JPM,8.144823005228881e-05
2026-07-17,JPM,9.2202381928645e-05
2026-07-20,JPM,8.711174810025399e-05
2026-07-21,JPM,0.00010335139343395853
2026-07-22,JPM,0.00011913415029846584
2026-07-23,JPM,9.043358557931745e-05
2026-07-24,JPM,5.6797300167134846e-05
2026-07-27,JPM,3.0418909019613287e-05
2026-07-28,JPM,7.209879859116798e-05
2026-07-29,JPM,0.00016037576729544147
2026-07-30,JPM,0.00012383293251906768
2026-05-05,TLT,0.00046237065116649657
2026-05-06,TLT,0.0003073863655270728
2026-05-07,TLT,0.0003668691032730684
2026-05-08,TLT,0.0003431222445560452
2026-05-11,TLT,0.00034839107221134317
2026-05-12,TLT,0.00047478881577105587
2026-05-13,TLT,0.0005808857301354784
2026-05-14,TLT,0.0005194845162295483
2026-05-15,TLT,0.0007404228794322298
2026-05-18,TLT,0.0006508069936409983
2026-05-19,TLT,0.0006490285407858498
2026-05-20,TLT,0.0004977586068339396
2026-05-21,TLT,0.0005073770713934006
2026-05-22,TLT,0.0003179453489618529
2026-05-26,TLT,0.0002555150576045908
2026-05-27,TLT,0.0001706370409276677
2026-05-28,TLT,0.00022425844590219466
2026-05-29,TLT,0.00029575603006406543
2026-06-01,TLT,0.0003438120420314938
2026-06-02,TLT,0.00037989541447481324
2026-06-03,TLT,0.0004887821224508911
2026-06-04,TLT,0.0005154980070958392
2026-06-05,TLT,0.0005589120723027672
2026-06-08,TLT,0.0006358014471732244
2026-06-09,TLT,0.0005947342485887236
2026-06-10,TLT,0.0006023021205782676
2026-06-11,TLT,0.00045612461907341354
2026-06-12,TLT,0.0004479036242760797
2026-06-15,TLT,0.00037502566134047405
2026-06-16,TLT,0.000409124489347216
2026-06-17,TLT,0.0003761512671676935
2026-06-18,TLT,0.0004619644400542691
2026-06-22,TLT,0.0005096121178157458
2026-06-23,TLT,0.000465661535310758
2026-06-24,TLT,0.0003439274383502952
2026-06-25,TLT,0.0003784508790790241
2026-06-26,TLT,0.0004185135154723671
2026-06-29,TLT,0.0002916798198173179
2026-06-30,TLT,0.0004516790734238134
2026-07-01,TLT,0.0006417167994573807
2026-07-02,TLT,0.0006247471096825706
2026-07-06,TLT,0.000656698174695049
2026-07-07,TLT,0.0007844797328960987
2026-07-08,TLT,0.000676345277040605
2026-07-09,TLT,0.0005936374407808663
2026-07-10,TLT,0.0005850907847636584
2026-07-13,TLT,0.0006549980470784929
2026-07-14,TLT,0.0005107744586390896
2026-07-15,TLT,0.0004804510297845076
2026-07-16,TLT,0.0005234368373471494
2026-07-17,TLT,0.0004674976221611579
2026-07-20,TLT,0.0005006455548301407
2026-07-21,TLT,0.0005371401798808286
2026-07-22,TLT,0.000597552673590307
2026-07-23,TLT,0.0006241388957578839
2026-07-24,TLT,0.0006497847673178587
2026-07-27,TLT,0.0004886857681006411
2026-07-28,TLT,0.00038543448286300174
2026-07-29,TLT,0.0005697597692685493
2026-07-30,TLT,0.0004994865135883894
2026-05-05,TSLA,4.362993357057032e-05
2026-05-06,TSLA,2.5528368022512693e-05
2026-05-07,TSLA,2.596580525051052e-05
2026-05-08,TSLA,1.972275758027638e-05
2026-05-11,TSLA,2.3185837863679875e-06
2026-05-12,TSLA,1.2182010539471002e-05
2026-05-13,TSLA,-1.5451872543634216e-07
2026-05-14,TSLA,1.6465390749195295e-05
2026-05-15,TSLA,6.146348770451033e-05
2026-05-18,TSLA,9.093665019845811e-05
2026-05-19,TSLA,8.145798228461213e-05
2026-05-20,TSLA,7.922853805642325e-05
2026-05-21,TSLA,8.007144620209644e-05
2026-05-22,TSLA,4.7473303752251065e-05
2026-05-26,TSLA,2.2182762878451056e-05
2026-05-27,TSLA,6.943626364068216e-06
2026-05-28,TSLA,1.964174261638099e-05
2026-05-29,TSLA,3.069797992588017e-05
2026-06-01,TSLA,6.327684932255189e-05
2026-06-02,TSLA,5.864914107587776e-05
2026-06-03,TSLA,7.094417572939904e-05
2026-06-04,TSLA,8.037616333634317e-05
2026-06-05,TSLA,0.00010209985239503212
2026-06-08,TSLA,5.698474913752836e-05
2026-06-09,TSLA,8.235000282242325e-05
2026-06-10,TSLA,9.400969639960228e-05
2026-06-11,TSLA,5.834212263236878e-05
2026-06-12,TSLA,1.6964030018740778e-05
2026-06-15,TSLA,3.922538616989194e-05
2026-06-16,TSLA,3.3105957890820776e-05
2026-06-17,TSLA,2.1236081337347673e-05
2026-06-18,TSLA,4.0919444965442936e-05
2026-06-22,TSLA,4.355315245973265e-05
2026-06-23,TSLA,7.987479856589782e-05
2026-06-24,TSLA,6.984759592128156e-05
2026-06-25,TSLA,6.027987354976212e-05
2026-06-26,TSLA,6.149458774064348e-05
2026-06-29,TSLA,2.4008175308512686e-05
2026-06-30,TSLA,-1.0221492893366824e-05
2026-07-01,TSLA,-1.9655544146287546e-05
2026-07-02,TSLA,2.553876808620292e-05
2026-07-06,TSLA,-1.1194018704641246e-05
2026-07-07,TSLA,5.2003677672082075e-05
2026-07-08,TSLA,7.224077516198221e-05
2026-07-09,TSLA,5.8055744901875336e-05
2026-07-10,TSLA,2.399222086120279e-05
2026-07-13,TSLA,6.492041677021442e-05
2026-07-14,TSLA,3.7850523459392225e-05
2026-07-15,TSLA,2.7818241708947376e-05
2026-07-16,TSLA,4.8203967129336406e-05
2026-07-17,TSLA,6.051523919512933e-05
2026-07-20,TSLA,6.058816857582533e-05
2026-07-21,TSLA,4.7168555387381666e-05
2026-07-22,TSLA,5.55540825985357e-05
2026-07-23,TSLA,0.00010325969254750339
2026-07-24,TSLA,9.602687444829583e-05
2026-07-27,TSLA,9.722722263776687e-05
2026-07-28,TSLA,0.00010960389231503141
2026-07-29,TSLA,0.00011529249232676949
2026-07-30,TSLA,4.710514064563551e-05
2026-05-01,USDJPY=X,0.0005441481156888863
2026-05-04,USDJPY=X,0.00046133999273382327
2026-05-05,USDJPY=X,0.00042031022716002036
2026-05-06,USDJPY=X,0.00041939243048574095
2026-05-07,USDJPY=X,0.0006079542198039968
2026-05-08,USDJPY=X,0.00026829957984994004
2026-05-11,USDJPY=X,0.000255317989899605
2026-05-12,USDJPY=X,0.0002442325730030967
2026-05-13,USDJPY=X,0.0002533861875069224
2026-05-14,USDJPY=X,0.0001150655649256485
2026-05-15,USDJPY=X,9.288399214974681e-05
2026-05-18,USDJPY=X,3.0300377024949273e-05
2026-05-19,USDJPY=X,3.879059743688808e-05
2026-05-20,USDJPY=X,3.6509371068705364e-05
2026-05-21,USDJPY=X,6.373479734492458e-05
2026-05-22,USDJPY=X,6.889137338163614e-05
2026-05-25,USDJPY=X,0.0001330801978213437
2026-05-26,USDJPY=X,0.00010455292785779995
2026-05-27,USDJPY=X,8.614299179657234e-05
2026-05-28,USDJPY=X,2.3995063070810794e-05
2026-05-29,USDJPY=X,5.7269828221582994e-05
2026-06-01,USDJPY=X,7.210610777907266e-05
2026-06-02,USDJPY=X,3.6540600499070485e-05
2026-06-03,USDJPY=X,4.891501819453662e-05
2026-06-04,USDJPY=X,0.00011769107281942265
2026-06-05,USDJPY=X,7.952429213415817e-05
2026-06-08,USDJPY=X,4.616253397787058e-05
2026-06-09,USDJPY=X,0.00011443441388641616
2026-06-10,USDJPY=X,0.00014204851669763287
2026-06-11,USDJPY=X,0.00012988676186593922
2026-06-12,USDJPY=X,0.00018174837561350248
2026-06-15,USDJPY=X,0.0002415570844759107
2026-06-16,USDJPY=X,0.0002017088561139802
2026-06-17,USDJPY=X,0.0002119859791372589
2026-06-18,USDJPY=X,0.00021812907685906987
2026-06-19,USDJPY=X,0.00010826489259656896
2026-06-22,USDJPY=X,0.00011446592650054532
2026-06-23,USDJPY=X,0.00016099846619373827
2026-06-24,USDJPY=X,0.00019555358681142668
2026-06-25,USDJPY=X,0.0001927810978650463
2026-06-26,USDJPY=X,0.00029114652702509397
2026-06-29,USDJPY=X,0.0002998042079962532
2026-06-30,USDJPY=X,0.0002933523596202536
2026-07-01,USDJPY=X,0.00023450898391852575
2026-07-02,USDJPY=X,0.00029397350802104076
2026-07-03,USDJPY=X,0.0004236185553771927
2026-07-06,USDJPY=X,0.0003856767673033988
2026-07-07,USDJPY=X,0.00029723533918016363
2026-07-08,USDJPY=X,0.0003999697262493923
2026-07-09,USDJPY=X,0.0003663873912831812
2026-07-10,USDJPY=X,0.00025089579106028184
2026-07-13,USDJPY=X,0.00033667012371751455
2026-07-14,USDJPY=X,0.0003614596977685588
2026-07-15,USDJPY=X,0.00045767237166458106
2026-07-16,USDJPY=X,0.00048481568024626257
2026-07-17,USDJPY=X,0.0003985740166606045
2026-07-20,USDJPY=X,0.00030286971541310657
2026-07-21,USDJPY=X,0.0004199342217390768
2026-07-22,USDJPY=X,0.00027571721515703995
2026-07-23,USDJPY=X,0.0002852281384941199
2026-07-24,USDJPY=X,0.0002762549421834265
2026-07-27,USDJPY=X,0.00036880083660347223
2026-07-28,USDJPY=X,0.000315264991952356
2026-07-29,USDJPY=X,0.00040497380495487434
2026-07-30,USDJPY=X,0.00046491749803050775
2026-05-01,GBPUSD=X,4.514836061335888e-05
2026-05-04,GBPUSD=X,0.0002140745810270414
2026-05-05,GBPUSD=X,0.0002945273357809457
2026-05-06,GBPUSD=X,0.0001873994018985874
2026-05-07,GBPUSD=X,7.223043889441753e-05
2026-05-08,GBPUSD=X,0.00030953074134841514
2026-05-11,GBPUSD=X,0.00018175948500589393
2026-05-12,GBPUSD=X,9.203679212738542e-05
2026-05-13,GBPUSD=X,0.00023437164232533274
2026-05-14,GBPUSD=X,0.00025235926006776665
2026-05-15,GBPUSD=X,0.0003721837534822833
2026-05-18,GBPUSD=X,0.0005234912741334078
2026-05-19,GBPUSD=X,0.00033214687030359104
2026-05-20,GBPUSD=X,0.00033233194584906465
2026-05-21,GBPUSD=X,0.0002447747539565164
2026-05-22,GBPUSD=X,5.821298036833454e-05
2026-05-25,GBPUSD=X,-0.0001620405473169386
2026-05-26,GBPUSD=X,1.4782567925750732e-05
2026-05-27,GBPUSD=X,1.8339801147833314e-05
2026-05-28,GBPUSD=X,0.00012523378553188592
2026-05-29,GBPUSD=X,8.233221781115787e-05
2026-06-01,GBPUSD=X,0.00013809285501925047
2026-06-02,GBPUSD=X,0.00015464894735680538
2026-06-03,GBPUSD=X,9.934285374967168e-05
2026-06-04,GBPUSD=X,5.874865872651002e-05
2026-06-05,GBPUSD=X,0.00011329324293358734
2026-06-08,GBPUSD=X,0.00029041168524842427
2026-06-09,GBPUSD=X,0.0002985491974785606
2026-06-10,GBPUSD=X,0.0002274761713930632
2026-06-11,GBPUSD=X,0.0002093315137554085
2026-06-12,GBPUSD=X,0.00012655920714634898
2026-06-15,GBPUSD=X,-7.75500985494029e-05
2026-06-16,GBPUSD=X,-1.5513704917566798e-05
2026-06-17,GBPUSD=X,-2.176450398955193e-06
2026-06-18,GBPUSD=X,0.0002063760347548327
2026-06-19,GBPUSD=X,0.00043098552364330753
2026-06-22,GBPUSD=X,0.0004677735981185003
2026-06-23,GBPUSD=X,0.0003518595261203335
2026-06-24,GBPUSD=X,0.0004944335237152595
2026-06-25,GBPUSD=X,0.0003407762485677156
2026-06-26,GBPUSD=X,0.00013878684117051338
2026-06-29,GBPUSD=X,0.00015519746982714356
2026-06-30,GBPUSD=X,0.00014534998145447693
2026-07-01,GBPUSD=X,7.918754741176644e-05
2026-07-02,GBPUSD=X,-3.2323514288236816e-05
2026-07-03,GBPUSD=X,-6.860263186091379e-05
2026-07-06,GBPUSD=X,-3.738262736506169e-05
2026-07-07,GBPUSD=X,1.2626273590409157e-05
2026-07-08,GBPUSD=X,0.00010610181492800777
2026-07-09,GBPUSD=X,4.414246547939837e-05
2026-07-10,GBPUSD=X,0.00014067905556184056
2026-07-13,GBPUSD=X,0.00020898322033114419
2026-07-14,GBPUSD=X,0.0003396971011267264
2026-07-15,GBPUSD=X,0.00013002734443382622
2026-07-16,GBPUSD=X,-2.210843364115372e-05
2026-07-17,GBPUSD=X,0.0002000570808068868
2026-07-20,GBPUSD=X,0.00020389204874211758
2026-07-21,GBPUSD=X,0.00013343651054789258
2026-07-22,GBPUSD=X,0.00031903498529275786
2026-07-23,GBPUSD=X,0.0005759514893876136
2026-07-24,GBPUSD=X,0.000568740005086445
2026-07-27,GBPUSD=X,0.00041665905896086743
2026-07-28,GBPUSD=X,0.0005258222087343127
2026-07-29,GBPUSD=X,0.0004025435175433504
2026-07-30,GBPUSD=X,0.00022172853147465758
2026-05-05,GC=F,0.00012448054438002142
2026-05-06,GC=F,7.786116424832159e-05
2026-05-07,GC=F,9.894090308447924e-05
2026-05-08,GC=F,0.00010300261065873262
2026-05-11,GC=F,7.415989438729774e-05
2026-05-12,GC=F,0.00010116560500956354
2026-05-13,GC=F,0.00012463301687999108
2026-05-14,GC=F,0.0001397003575569992
2026-05-15,GC=F,0.00017078970748764675
2026-05-18,GC=F,0.00016702136263125147
2026-05-19,GC=F,0.0001701762344426493
2026-05-20,GC=F,0.00016834421082702125
2026-05-21,GC=F,0.00016232605268273577
2026-05-22,GC=F,0.00013713374906511322
2026-05-26,GC=F,0.00013759977563810216
2026-05-27,GC=F,0.00014277009663359806
2026-05-28,GC=F,0.00013469134801335632
2026-05-29,GC=F,0.00012184772545720234
2026-06-01,GC=F,0.00014172791840428697
2026-06-02,GC=F,0.0001206264458259488
2026-06-03,GC=F,0.00012441114485042004
2026-06-04,GC=F,0.00012409587522352024
2026-06-05,GC=F,0.00017937015465237469
2026-06-08,GC=F,0.00014891007230176758
2026-06-09,GC=F,0.0001737007909292115
2026-06-10,GC=F,0.00019520282537251348
2026-06-11,GC=F,0.0002054717160484329
2026-06-12,GC=F,0.0001226983405139312
2026-06-15,GC=F,9.240409464426574e-05
2026-06-16,GC=F,7.948854117428816e-05
2026-06-17,GC=F,2.159245049313842e-05
2026-06-18,GC=F,5.9907885858308936e-05
2026-06-22,GC=F,0.00010656599599267938
2026-06-23,GC=F,0.00015433760577396685
2026-06-24,GC=F,0.0001954382636205033
2026-06-25,GC=F,0.00018671505274906358
2026-06-26,GC=F,0.0001388173210724344
2026-06-29,GC=F,0.00015143106414448483
2026-06-30,GC=F,0.00013212410339874316
2026-07-01,GC=F,7.718898950071404e-05
2026-07-02,GC=F,7.971027050766758e-05
2026-07-06,GC=F,8.799310748517691e-05
2026-07-07,GC=F,7.48859458547302e-05
2026-07-08,GC=F,0.00010194035601518285
2026-07-09,GC=F,9.496351715330291e-05
2026-07-10,GC=F,0.00012600536994990884
2026-07-13,GC=F,0.00017573541429408948
2026-07-14,GC=F,0.00014375611491317146
2026-07-15,GC=F,0.00012624171771955284
2026-07-16,GC=F,0.0001629071713083
2026-07-17,GC=F,0.00014083342683181911
2026-07-20,GC=F,0.00010803804995175637
2026-07-21,GC=F,0.00011263081554817008
2026-07-22,GC=F,8.087417638049972e-05
2026-07-23,GC=F,9.824851005809229e-05
2026-07-24,GC=F,0.00010003911225094345
2026-07-27,GC=F,9.79854658482239e-05
2026-07-28,GC=F,0.00013315040954318998
2026-07-29,GC=F,0.00016118905826123034
2026-07-30,GC=F,9.9680288255556e-05
2026-05-05,IWM,0.00012833386498769332
2026-05-06,IWM,8.332322647905803e-05
2026-05-07,IWM,0.00018786824289036458
2026-05-08,IWM,0.00017516885818705222
2026-05-11,IWM,0.00015273445548752958
2026-05-12,IWM,0.0002223959992660174
2026-05-13,IWM,0.000240841772688245
2026-05-14,IWM,0.00017936575790739246
2026-05-15,IWM,0.0002606172346588104
2026-05-18,IWM,0.00027095635541714915
2026-05-19,IWM,0.0002652469372643124
2026-05-20,IWM,0.00019978152819525062
2026-05-21,IWM,0.00020507836302039817
2026-05-22,IWM,0.00013252159163875128
2026-05-26,IWM,7.474791756138448e-05
2026-05-27,IWM,5.347450747138176e-05
2026-05-28,IWM,0.00010028412327606296
2026-05-29,IWM,0.0001462527296309977
2026-06-01,IWM,0.00017610966485536703
2026-06-02,IWM,0.00020089313082988884
2026-06-03,IWM,0.00024142413079088565
2026-06-04,IWM,0.00019875158640879568
2026-06-05,IWM,0.000257294740597839
2026-06-08,IWM,0.00021051732217763195
2026-06-09,IWM,0.0002247880258690563
2026-06-10,IWM,0.00021272698138647265
2026-06-11,IWM,0.00016546879589360509
2026-06-12,IWM,6.604094197509105e-05
2026-06-15,IWM,7.059348583334101e-05
2026-06-16,IWM,0.0001173710761817341
2026-06-17,IWM,9.901280553103525e-05
2026-06-18,IWM,0.00012696796985652183
2026-06-22,IWM,0.00012662178311379077
2026-06-23,IWM,0.00017142679384785211
2026-06-24,IWM,0.0001234614541131095
2026-06-25,IWM,7.540481094285077e-05
2026-06-26,IWM,0.0001237912310077011
2026-06-29,IWM,0.0001410384800431759
2026-06-30,IWM,9.303413070840313e-05
2026-07-01,IWM,0.00011556670793293523
2026-07-02,IWM,0.00013664625507319402
2026-07-06,IWM,0.00012290342936960294
2026-07-07,IWM,0.00012291081224745116
2026-07-08,IWM,0.00015606201280695894
2026-07-09,IWM,9.556653087187628e-05
2026-07-10,IWM,8.605577536733253e-05
2026-07-13,IWM,0.00010752177550120851
2026-07-14,IWM,5.8137032068699424e-05
2026-07-15,IWM,1.2040267085165321e-05
2026-07-16,IWM,5.3101533788477746e-05
2026-07-17,IWM,4.6130430119220263e-05
2026-07-20,IWM,2.940119331617188e-05
2026-07-21,IWM,-8.24963440665824e-06
2026-07-22,IWM,3.484337355371017e-05
2026-07-23,IWM,3.832235079739371e-05
2026-07-24,IWM,1.6118979199159688e-05
2026-07-27,IWM,-1.786009458797298e-05
2026-07-28,IWM,2.0146644894120578e-05
2026-07-29,IWM,3.2252808258076525e-05
2026-07-30,IWM,-4.539648270796549e-05
2026-05-08,HDFCBANK.NS,8.658152412102644e-05
2026-05-11,HDFCBANK.NS,0.00014647801116251125
2026-05-12,HDFCBANK.NS,0.00015119638441738682
2026-05-13,HDFCBANK.NS,0.00020950689948258098
2026-05-14,HDFCBANK.NS,0.0001563834673555394
2026-05-15,HDFCBANK.NS,0.0001340491088552811
2026-05-18,HDFCBANK.NS,9.046948902393303e-05
2026-05-19,HDFCBANK.NS,7.54830584141206e-05
2026-05-20,HDFCBANK.NS,7.220904546508337e-05
2026-05-21,HDFCBANK.NS,0.00012712224178498154
2026-05-22,HDFCBANK.NS,0.00010564623221764962
2026-05-25,HDFCBANK.NS,6.253389204625855e-05
2026-05-26,HDFCBANK.NS,7.417237711805405e-05
2026-05-27,HDFCBANK.NS,0.0001181972387339862
2026-05-28,HDFCBANK.NS,0.00010925372012367833
2026-05-29,HDFCBANK.NS,0.00016702154877178198
2026-06-01,HDFCBANK.NS,0.00021550106290583356
2026-06-02,HDFCBANK.NS,0.00018161579077498647
2026-06-03,HDFCBANK.NS,0.00012243251220039468
2026-06-04,HDFCBANK.NS,0.00011894350443975952
2026-06-05,HDFCBANK.NS,0.00010412283767648963
2026-06-08,HDFCBANK.NS,0.00012466265838896487
2026-06-09,HDFCBANK.NS,0.0001396835456668646
2026-06-10,HDFCBANK.NS,0.00013251788030909506
2026-06-11,HDFCBANK.NS,0.0001454207350511431
2026-06-12,HDFCBANK.NS,4.3506073113985264e-05
2026-06-15,HDFCBANK.NS,2.386863265525496e-05
2026-06-16,HDFCBANK.NS,3.873123587896508e-06
2026-06-17,HDFCBANK.NS,2.9482009164296383e-05
2026-06-18,HDFCBANK.NS,-3.0020343225354557e-06
2026-06-19,HDFCBANK.NS,9.72693795454009e-05
2026-06-22,HDFCBANK.NS,8.495268665462004e-05
2026-06-23,HDFCBANK.NS,0.000132755724994237
2026-06-24,HDFCBANK.NS,8.065725347922694e-05
2026-06-25,HDFCBANK.NS,0.00011433594400258528
2026-06-26,HDFCBANK.NS,9.988421905772104e-05
2026-06-29,HDFCBANK.NS,0.00010982561323273109
2026-06-30,HDFCBANK.NS,7.870129604631533e-05
2026-07-01,HDFCBANK.NS,0.00012848538638115056
2026-07-02,HDFCBANK.NS,0.00013393193808929743
2026-07-03,HDFCBANK.NS,0.0001210037486982403
2026-07-06,HDFCBANK.NS,5.246982197062767e-05
2026-07-07,HDFCBANK.NS,6.995879649831757e-05
2026-07-08,HDFCBANK.NS,0.0001125230487205202
2026-07-09,HDFCBANK.NS,8.241509555582564e-05
2026-07-10,HDFCBANK.NS,7.961111880776486e-05
2026-07-13,HDFCBANK.NS,0.00016559959701687257
2026-07-14,HDFCBANK.NS,0.00017953987741157963
2026-07-15,HDFCBANK.NS,0.00011061454929875081
2026-07-16,HDFCBANK.NS,0.00015165975364386434
2026-07-17,HDFCBANK.NS,0.0001358893012262721
2026-07-20,HDFCBANK.NS,0.00021483214109045337
2026-07-21,HDFCBANK.NS,0.00021186842602452565
2026-07-22,HDFCBANK.NS,0.00024134058109072834
2026-07-23,HDFCBANK.NS,0.0002365487865289336
2026-07-24,HDFCBANK.NS,0.0002671035320438092
2026-07-27,HDFCBANK.NS,0.00018146825852575091
2026-07-28,HDFCBANK.NS,0.0001512700171288477
2026-07-29,HDFCBANK.NS,9.50852744765842e-05
2026-07-30,HDFCBANK.NS,7.23144268297584e-05
2026-05-01,EURUSD=X,0.0003061051140911073
2026-05-04,EURUSD=X,0.00041698175619581026
2026-05-05,EURUSD=X,0.0005044175128765262
2026-05-06,EURUSD=X,0.0004196593918433242
2026-05-07,EURUSD=X,0.0002647882522834329
2026-05-08,EURUSD=X,0.0004073548160665727
2026-05-11,EURUSD=X,0.00029015541246098085
2026-05-12,EURUSD=X,0.00019042933011895787
2026-05-13,EURUSD=X,0.0003016911007064369
2026-05-14,EURUSD=X,0.0003937013558673853
2026-05-15,EURUSD=X,0.0004383366640101763
2026-05-18,EURUSD=X,0.000594866205753388
2026-05-19,EURUSD=X,0.0005293961782063688
2026-05-20,EURUSD=X,0.0005699561674678774
2026-05-21,EURUSD=X,0.0004460828801322356
2026-05-22,EURUSD=X,0.00035480231393719393
2026-05-25,EURUSD=X,0.00017307194109646845
2026-05-26,EURUSD=X,0.00029131425100635745
2026-05-27,EURUSD=X,0.00016221224829366732
2026-05-28,EURUSD=X,0.00023776560853412662
2026-05-29,EURUSD=X,0.00015162430388823895
2026-06-01,EURUSD=X,0.0002069284129896214
2026-06-02,EURUSD=X,0.0002229302106713585
2026-06-03,EURUSD=X,0.00024016839300822578
2026-06-04,EURUSD=X,0.0001847910166302998
2026-06-05,EURUSD=X,0.00026926868011588714
2026-06-08,EURUSD=X,0.00048555827818993634
2026-06-09,EURUSD=X,0.0004043840958439028
2026-06-10,EURUSD=X,0.00035875355762791033
2026-06-11,EURUSD=X,0.0003229701128807192
2026-06-12,EURUSD=X,0.00023789963336955127
2026-06-15,EURUSD=X,-4.840702852112944e-05
2026-06-16,EURUSD=X,-5.706805114868894e-06
2026-06-17,EURUSD=X,-5.2933943530031445e-05
2026-06-18,EURUSD=X,0.00023286464092026722
2026-06-19,EURUSD=X,0.00040600180105800966
2026-06-22,EURUSD=X,0.00044359621427600816
2026-06-23,EURUSD=X,0.0005227545955846513
2026-06-24,EURUSD=X,0.0006872162330111622
2026-06-25,EURUSD=X,0.0005046977243708157
2026-06-26,EURUSD=X,0.00037286158695512187
2026-06-29,EURUSD=X,0.00035362296350529106
2026-06-30,EURUSD=X,0.00020120988245109987
2026-07-01,EURUSD=X,0.0001259702888844943
2026-07-02,EURUSD=X,0.00017023460839434227
2026-07-03,EURUSD=X,7.296412201200021e-05
2026-07-06,EURUSD=X,0.00014069785885752645
2026-07-07,EURUSD=X,0.0002800755284227351
2026-07-08,EURUSD=X,0.0003573462688400259
2026-07-09,EURUSD=X,0.00020351795961700902
2026-07-10,EURUSD=X,0.00031087352620932723
2026-07-13,EURUSD=X,0.00042271909602409303
2026-07-14,EURUSD=X,0.0004610723013193431
2026-07-15,EURUSD=X,0.0002233869061631245
2026-07-16,EURUSD=X,0.00015902996204702165
2026-07-17,EURUSD=X,0.0003221237213174499
2026-07-20,EURUSD=X,0.00032060862239228913
2026-07-21,EURUSD=X,0.0002820930480698839
2026-07-22,EURUSD=X,0.0004803032500125176
2026-07-23,EURUSD=X,0.0005877475968401772
2026-07-24,EURUSD=X,0.0005903907784930668
2026-07-27,EURUSD=X,0.0004715971548275419
2026-07-28,EURUSD=X,0.0005421243801653461
2026-07-29,EURUSD=X,0.0004120288440993052
2026-07-30,EURUSD=X,0.00019935907832203224
2026-05-05,NVDA,0.00017202589713225856
2026-05-06,NVDA,0.00011189005482845712
2026-05-07,NVDA,7.153020584952948e-05
2026-05-08,NVDA,5.51823816837882e-05
2026-05-11,NVDA,4.39424612482493e-05
2026-05-12,NVDA,3.5247864836336364e-05
2026-05-13,NVDA,5.5727772812836705e-05
2026-05-14,NVDA,3.4425805635128775e-05
2026-05-15,NVDA,8.220899580929884e-05
2026-05-18,NVDA,0.0001017448711808247
2026-05-19,NVDA,0.00010991630180360448
2026-05-20,NVDA,0.00011950395367015504
2026-05-21,NVDA,0.00016683437140746987
2026-05-22,NVDA,0.00014740369234431336
2026-05-26,NVDA,0.00013491695245693112
2026-05-27,NVDA,0.00013660238843675123
2026-05-28,NVDA,0.00013580671660097697
2026-05-29,NVDA,0.00013630178544278478
2026-06-01,NVDA,7.106169730545036e-05
2026-06-02,NVDA,8.850038777577127e-05
2026-06-03,NVDA,0.00010183821879163575
2026-06-04,NVDA,8.665421242929915e-05
2026-06-05,NVDA,0.00011212431129735812
2026-06-08,NVDA,0.0001340091002069876
2026-06-09,NVDA,0.0001324817904927251
2026-06-10,NVDA,0.0001278040868649109
2026-06-11,NVDA,0.00012034360661469032
2026-06-12,NVDA,7.884924150178017e-05
2026-06-15,NVDA,6.383537885059722e-05
2026-06-16,NVDA,8.881534029976532e-05
2026-06-17,NVDA,6.6191596275961e-05
2026-06-18,NVDA,5.999616993329142e-05
2026-06-22,NVDA,7.050461528080832e-05
2026-06-23,NVDA,0.00012046499461785318
2026-06-24,NVDA,0.00010212906217409982
2026-06-25,NVDA,0.00010088464625845813
2026-06-26,NVDA,0.00012342141528884506
2026-06-29,NVDA,0.00010483159676817844
2026-06-30,NVDA,5.626060045760077e-05
2026-07-01,NVDA,6.180759893369139e-05
2026-07-02,NVDA,6.042648913516965e-05
2026-07-06,NVDA,4.27920594522308e-05
2026-07-07,NVDA,4.3507828272199256e-05
2026-07-08,NVDA,3.988554280005285e-05
2026-07-09,NVDA,3.709875124285569e-05
2026-07-10,NVDA,-8.500905359174925e-06
2026-07-13,NVDA,2.8238234124434974e-05
2026-07-14,NVDA,-4.146090104171981e-06
2026-07-15,NVDA,2.6117683614959576e-05
2026-07-16,NVDA,3.254559096311723e-05
2026-07-17,NVDA,7.38420403714134e-05
2026-07-20,NVDA,4.3827502069849704e-05
2026-07-21,NVDA,5.743801515865826e-05
2026-07-22,NVDA,4.856364046719547e-05
2026-07-23,NVDA,4.915691635709372e-05
2026-07-24,NVDA,3.420470472620402e-05
2026-07-27,NVDA,6.985896196200404e-05
2026-07-28,NVDA,7.796344066955508e-05
2026-07-29,NVDA,0.00011500364842110922
2026-07-30,NVDA,8.227739222419538e-05
2026-05-05,META,0.00014047377835029585
2026-05-06,META,0.00012939811225879826
2026-05-07,META,6.406782793844816e-05
2026-05-08,META,6.68348553110622e-05
2026-05-11,META,8.14283194987449e-05
2026-05-12,META,6.810560801420784e-05
2026-05-13,META,5.3563766121905386e-05
2026-05-14,META,5.6975304211852536e-05
2026-05-15,META,5.4024500797906863e-05
2026-05-18,META,4.415751871939368e-05
2026-05-19,META,6.25114585837613e-05
2026-05-20,META,7.57638484824788e-05
2026-05-21,META,7.67671999430315e-05
2026-05-22,META,7.061231263440993e-05
2026-05-26,META,6.370856982712179e-05
2026-05-27,META,2.3047271742683316e-05
2026-05-28,META,2.977282273004607e-05
2026-05-29,META,3.5071752330163537e-05
2026-06-01,META,8.524933771434608e-05
2026-06-02,META,8.408565208455303e-05
2026-06-03,META,7.623021569546882e-05
2026-06-04,META,7.799117941056753e-05
2026-06-05,META,0.00011153570466125637
2026-06-08,META,7.612137749891521e-05
2026-06-09,META,7.203408827164804e-05
2026-06-10,META,0.00012115911968630311
2026-06-11,META,0.00012660344772877743
2026-06-12,META,8.804882475087333e-05
2026-06-15,META,4.203751242362763e-05
2026-06-16,META,4.120729351534287e-05
2026-06-17,META,6.546934953383725e-05
2026-06-18,META,4.332301535515494e-05
2026-06-22,META,6.178072055571615e-05
2026-06-23,META,9.531823279711569e-05
2026-06-24,META,0.0001080249660976635
2026-06-25,META,8.666048485983733e-05
2026-06-26,META,8.233152913913105e-05
2026-06-29,META,4.861262337521224e-05
2026-06-30,META,4.9388351527120945e-05
2026-07-01,META,-1.3934565273054558e-05
2026-07-02,META,1.6873651252105364e-05
2026-07-06,META,-2.5250527332588106e-06
2026-07-07,META,-1.977450929366817e-06
2026-07-08,META,1.9084253540940893e-05
2026-07-09,META,4.305319907558423e-05
2026-07-10,META,-2.2917798688964196e-05
2026-07-13,META,1.760413522355968e-05
2026-07-14,META,2.774797042692657e-05
2026-07-15,META,-4.805279617966501e-06
2026-07-16,META,4.335137075288159e-05
2026-07-17,META,9.304553355555598e-05
2026-07-20,META,8.211410211472246e-05
2026-07-21,META,8.638924699579162e-05
2026-07-22,META,0.00012004676847443628
2026-07-23,META,0.00012174484232437878
2026-07-24,META,0.00011078163306518592
2026-07-27,META,0.0001120524564799365
2026-07-28,META,0.00011012379398777378
2026-07-29,META,0.00010126866478326752
2026-07-30,META,0.00012271005897395538
2026-05-01,USDINR=X,0.00023424577891506716
2026-05-04,USDINR=X,0.00023218988563375182
2026-05-05,USDINR=X,0.00016310675370583588
2026-05-06,USDINR=X,0.00026222569677650064
2026-05-07,USDINR=X,0.0004226290777561269
2026-05-08,USDINR=X,0.0004446634879054951
2026-05-11,USDINR=X,0.00042274539878509764
2026-05-12,USDINR=X,0.00025339833894395277
2026-05-13,USDINR=X,0.0002142094999379437
2026-05-14,USDINR=X,0.00011577920555591347
2026-05-15,USDINR=X,5.452671657165269e-05
2026-05-18,USDINR=X,4.0494421180218735e-05
2026-05-19,USDINR=X,0.00019528556612788539
2026-05-20,USDINR=X,0.00018672092982702346
2026-05-21,USDINR=X,0.00019582157273659274
2026-05-22,USDINR=X,0.0002630164263646047
2026-05-25,USDINR=X,0.0003829172992502773
2026-05-26,USDINR=X,0.0004961656838915791
2026-05-27,USDINR=X,0.0003831245919488709
2026-05-28,USDINR=X,0.00036008184960636855
2026-05-29,USDINR=X,0.00028558525101551505
2026-06-01,USDINR=X,0.000379008541527632
2026-06-02,USDINR=X,0.00012784423251244043
2026-06-03,USDINR=X,0.0003281885102204902
2026-06-04,USDINR=X,0.00015218289007129206
2026-06-05,USDINR=X,0.00023196444276478187
2026-06-08,USDINR=X,0.00017465571965661743
2026-06-09,USDINR=X,9.174932433406148e-05
2026-06-10,USDINR=X,9.224831601986409e-05
2026-06-11,USDINR=X,0.00018682213221327262
2026-06-12,USDINR=X,9.168467232902252e-05
2026-06-15,USDINR=X,4.95063871267442e-05
2026-06-16,USDINR=X,0.00024409338473689346
2026-06-17,USDINR=X,0.00013071242480868715
2026-06-18,USDINR=X,0.0002135791937056851
2026-06-19,USDINR=X,0.00033159847563602493
2026-06-22,USDINR=X,0.00020207876961815757
2026-06-23,USDINR=X,6.694835764206597e-05
2026-06-24,USDINR=X,2.527163040316343e-05
2026-06-25,USDINR=X,0.0001805546957487025
2026-06-26,USDINR=X,5.593583953658926e-05
2026-06-29,USDINR=X,4.458490043070955e-05
2026-06-30,USDINR=X,3.602718186165622e-05
2026-07-01,USDINR=X,0.00010457538268418979
2026-07-02,USDINR=X,-0.0001480331171009901
2026-07-03,USDINR=X,-0.00019308973040577118
2026-07-06,USDINR=X,-0.00015093689469052553
2026-07-07,USDINR=X,-0.00018298056553714228
2026-07-08,USDINR=X,-0.00018767719125198698
2026-07-09,USDINR=X,-0.00012183548793702951
2026-07-10,USDINR=X,7.760604506453987e-06
2026-07-13,USDINR=X,-9.950007445149517e-05
2026-07-14,USDINR=X,-0.00022361968887753982
2026-07-15,USDINR=X,-0.00023366668285672458
2026-07-16,USDINR=X,-0.00024485099547596963
2026-07-17,USDINR=X,-0.0004006340872049228
2026-07-20,USDINR=X,-0.0003411938048540789
2026-07-21,USDINR=X,-0.00020236692713619808
2026-07-22,USDINR=X,-0.0001574839930212196
2026-07-23,USDINR=X,-0.00018290105060189332
2026-07-24,USDINR=X,-0.00017346151591923623
2026-07-27,USDINR=X,-0.00016901444183762515
2026-07-28,USDINR=X,4.038376026689067e-05
2026-07-29,USDINR=X,2.4343535927052527e-05
2026-07-30,USDINR=X,5.068496377911339e-05
2026-05-05,EEM,0.00010772746628935906
2026-05-06,EEM,3.857761733306915e-05
2026-05-07,EEM,0.00011471966993094654
2026-05-08,EEM,8.115010291306064e-05
2026-05-11,EEM,9.249389670659336e-05
2026-05-12,EEM,0.00018430781638073258
2026-05-13,EEM,0.00018524837830895388
2026-05-14,EEM,0.00016424031284070073
2026-05-15,EEM,0.0002512718808954428
2026-05-18,EEM,0.00024038960347419293
2026-05-19,EEM,0.00020506659793587202
2026-05-20,EEM,0.00021023898523789774
2026-05-21,EEM,0.0002075258628606955
2026-05-22,EEM,0.0001543070251086976
2026-05-26,EEM,7.886724862341706e-05
2026-05-27,EEM,7.256355235450356e-05
2026-05-28,EEM,0.00010502993802085548
2026-05-29,EEM,0.00012662416191567402
2026-06-01,EEM,7.758943912887978e-05
2026-06-02,EEM,0.0001422330618314898
2026-06-03,EEM,0.00016711758464930658
2026-06-04,EEM,0.0001839492613887791
2026-06-05,EEM,0.00024115814006396753
2026-06-08,EEM,0.00022919242468216592
2026-06-09,EEM,0.00024654817545801907
2026-06-10,EEM,0.00025073464379228946
2026-06-11,EEM,0.00016008546258849046
2026-06-12,EEM,5.894287096396987e-05
2026-06-15,EEM,4.089105221646667e-05
2026-06-16,EEM,8.398473829340109e-05
2026-06-17,EEM,5.0275018976948934e-05
2026-06-18,EEM,7.381053532133195e-05
2026-06-22,EEM,7.899350088669652e-05
2026-06-23,EEM,0.0001869948510106836
2026-06-24,EEM,0.0001482974369255407
2026-06-25,EEM,0.00012479468184894282
2026-06-26,EEM,0.0001787532905846085
2026-06-29,EEM,0.00017543786016511383
2026-06-30,EEM,7.703569414950008e-05
2026-07-01,EEM,0.0001123531131356876
2026-07-02,EEM,0.00012869725499707377
2026-07-06,EEM,6.969869827323164e-05
2026-07-07,EEM,0.00010772814072066
2026-07-08,EEM,0.00011349540517669722
2026-07-09,EEM,6.376309649962466e-05
2026-07-10,EEM,4.4632323418181636e-05
2026-07-13,EEM,0.0001213134846419475
2026-07-14,EEM,4.7644512047738086e-05
2026-07-15,EEM,6.119475179753587e-05
2026-07-16,EEM,9.061538974266072e-05
2026-07-17,EEM,0.00010516223026250615
2026-07-20,EEM,5.124016080858567e-05
2026-07-21,EEM,3.582467946991655e-05
2026-07-22,EEM,4.362658954527242e-05
2026-07-23,EEM,2.722945014324414e-05
2026-07-24,EEM,2.842676067175828e-05
2026-07-27,EEM,2.436368528684099e-05
2026-07-28,EEM,9.120679857937259e-05
2026-07-29,EEM,0.00010849258818879895
2026-07-30,EEM,4.030493369932299e-05
2026-05-05,AMZN,9.259649207245474e-05
2026-05-06,AMZN,0.00010386715468664976
2026-05-07,AMZN,0.00012611828734737779
2026-05-08,AMZN,0.00011961947010009162
2026-05-11,AMZN,0.00014852660376949944
2026-05-12,AMZN,0.00016294607460282093
2026-05-13,AMZN,0.00013105019017129984
2026-05-14,AMZN,0.00012820465985056157
2026-05-15,AMZN,0.00014657883427770903
2026-05-18,AMZN,0.00013086242857163606
2026-05-19,AMZN,0.0001428708858663075
2026-05-20,AMZN,0.00013119681036988947
2026-05-21,AMZN,0.00011171458503805735
2026-05-22,AMZN,0.00011186965344957583
2026-05-26,AMZN,0.00011519041555044216
2026-05-27,AMZN,5.9787053439765907e-05
2026-05-28,AMZN,7.848843375004123e-05
2026-05-29,AMZN,0.00011094900596389469
2026-06-01,AMZN,0.00013487409858152255
2026-06-02,AMZN,0.00014103239550298561
2026-06-03,AMZN,0.00019019825029604562
2026-06-04,AMZN,0.0001779321585319379
2026-06-05,AMZN,0.00019633183153651036
2026-06-08,AMZN,0.0001574002894259673
2026-06-09,AMZN,0.00013771022043158722
2026-06-10,AMZN,0.000135282783911114
2026-06-11,AMZN,0.00013034842321515432
2026-06-12,AMZN,0.00011265807639421638
2026-06-15,AMZN,7.053917658889113e-05
2026-06-16,AMZN,7.665161664652614e-05
2026-06-17,AMZN,8.338049857896389e-05
2026-06-18,AMZN,6.118488447205946e-05
2026-06-22,AMZN,0.0001036816036353917
2026-06-23,AMZN,0.00012095265418371335
2026-06-24,AMZN,0.00012306631955444174
2026-06-25,AMZN,0.00011643583117015064
2026-06-26,AMZN,0.00011008915188496912
2026-06-29,AMZN,2.2770415936409667e-05
2026-06-30,AMZN,4.0538096032159225e-05
2026-07-01,AMZN,2.9071183163044336e-05
2026-07-02,AMZN,-9.163742432284933e-06
2026-07-06,AMZN,1.4113912797587397e-05
2026-07-07,AMZN,3.9107045369338674e-05
2026-07-08,AMZN,4.238511747787488e-05
2026-07-09,AMZN,4.0562965796069206e-05
2026-07-10,AMZN,5.594225277967972e-05
2026-07-13,AMZN,5.4635616019254414e-05
2026-07-14,AMZN,6.115356776944892e-05
2026-07-15,AMZN,1.6248994295608264e-05
2026-07-16,AMZN,5.9940124830173994e-05
2026-07-17,AMZN,6.311461869742839e-05
2026-07-20,AMZN,6.058571210972871e-05
2026-07-21,AMZN,7.09510429475458e-05
2026-07-22,AMZN,0.00012231712431123181
2026-07-23,AMZN,0.00014531180483746785
2026-07-24,AMZN,0.00013275459923269524
2026-07-27,AMZN,0.00015070561127869628
2026-07-28,AMZN,0.00014268051669711593
2026-07-29,AMZN,0.0001474518296581432
2026-07-30,AMZN,4.940764072817769e-05
2026-05-05,XOM,-3.0809718436286783e-06
2026-05-06,XOM,0.0001094759017257271
2026-05-07,XOM,0.00011941928824031985
2026-05-08,XOM,0.0001272889062756088
2026-05-11,XOM,8.087065890457198e-05
2026-05-12,XOM,9.271117310798904e-05
2026-05-13,XOM,2.521814162372324e-05
2026-05-14,XOM,-9.290681607836366e-06
2026-05-15,XOM,-8.905477653724598e-05
2026-05-18,XOM,-4.3879015591723345e-05
2026-05-19,XOM,-4.703563420894441e-05
2026-05-20,XOM,2.707490721047033e-05
2026-05-21,XOM,3.6641545078835695e-05
2026-05-22,XOM,0.00010116086107414504
2026-05-26,XOM,0.00016423176011072488
2026-05-27,XOM,0.00019047814732809653
2026-05-28,XOM,0.00014452009673356284
2026-05-29,XOM,0.00015514899881679463
2026-06-01,XOM,0.00011183327263900318
2026-06-02,XOM,7.45777731537016e-05
2026-06-03,XOM,2.6055806586197766e-05
2026-06-04,XOM,2.5587294300788035e-05
2026-06-05,XOM,3.461703094171161e-05
2026-06-08,XOM,5.8963514196483574e-05
2026-06-09,XOM,8.636554312933936e-05
2026-06-10,XOM,9.031557511572813e-05
2026-06-11,XOM,0.0001189529131966187
2026-06-12,XOM,8.622289381466763e-05
2026-06-15,XOM,0.00015464814738021555
2026-06-16,XOM,0.00010800706016291036
2026-06-17,XOM,0.0001384346943734359
2026-06-18,XOM,0.00013054176769396644
2026-06-22,XOM,0.00013209247743650713
2026-06-23,XOM,6.60284383809349e-05
2026-06-24,XOM,0.0001130094770685349
2026-06-25,XOM,0.00010172339651283522
2026-06-26,XOM,8.693519929411361e-05
2026-06-29,XOM,9.542698878403606e-05
2026-06-30,XOM,0.00010172854850896152
2026-07-01,XOM,7.459980407060245e-05
2026-07-02,XOM,6.986040718986035e-05
2026-07-06,XOM,6.450444883103278e-05
2026-07-07,XOM,-3.885442316261508e-06
2026-07-08,XOM,1.9261937166278934e-05
2026-07-09,XOM,4.7111991259789045e-05
2026-07-10,XOM,3.935591861578938e-05
2026-07-13,XOM,-2.836048221981093e-05
2026-07-14,XOM,3.3005971561909056e-05
2026-07-15,XOM,3.554231671141611e-05
2026-07-16,XOM,-1.4035016726120873e-05
2026-07-17,XOM,-1.196691757561997e-05
2026-07-20,XOM,4.183709116630676e-05
2026-07-21,XOM,2.665081962163824e-05
2026-07-22,XOM,-1.2972677298869536e-06
2026-07-23,XOM,-7.970110257547587e-06
2026-07-24,XOM,1.1017603857484932e-05
2026-07-27,XOM,3.759524294155038e-05
2026-07-28,XOM,8.477509599017257e-05
2026-07-29,XOM,7.160661294065318e-05
2026-07-30,XOM,9.718319955899474e-05
2026-05-05,SPY,0.0002641589378393902
2026-05-06,SPY,0.000202458433324113
2026-05-07,SPY,0.0002839290800953363
2026-05-08,SPY,0.00025123512487599544
2026-05-11,SPY,0.0002296622690842542
2026-05-12,SPY,0.0002833329493769609
2026-05-13,SPY,0.0002988521122110063
2026-05-14,SPY,0.00023569814349415997
2026-05-15,SPY,0.00035110242969892455
2026-05-18,SPY,0.00035284116778060197
2026-05-19,SPY,0.0003780705746249767
2026-05-20,SPY,0.00035243813224931166
2026-05-21,SPY,0.00040151606181516256
2026-05-22,SPY,0.00032916160089376336
2026-05-26,SPY,0.00029614460289689417
2026-05-27,SPY,0.00027111553922227707
2026-05-28,SPY,0.0002850822698943582
2026-05-29,SPY,0.0002932937735899697
2026-06-01,SPY,0.00029686646393404365
2026-06-02,SPY,0.0003321384421273246
2026-06-03,SPY,0.0003746087062076279
2026-06-04,SPY,0.0003706857353189732
2026-06-05,SPY,0.0004898588635473031
2026-06-08,SPY,0.00047497885492601126
2026-06-09,SPY,0.0004922103231770125
2026-06-10,SPY,0.0005206647569266817
2026-06-11,SPY,0.0004223677568619386
2026-06-12,SPY,0.0002718409377637973
2026-06-15,SPY,0.0001886532786289397
2026-06-16,SPY,0.0002386875331222476
2026-06-17,SPY,0.00020224133543650244
2026-06-18,SPY,0.00023391454251925605
2026-06-22,SPY,0.00028533908783678023
2026-06-23,SPY,0.0004382301839999655
2026-06-24,SPY,0.0003870118335624044
2026-06-25,SPY,0.0003051072583383294
2026-06-26,SPY,0.0003913309197684035
2026-06-29,SPY,0.00026502110582111716
2026-06-30,SPY,0.00015650345261206887
2026-07-01,SPY,0.00016624736514319157
2026-07-02,SPY,0.00017658632138778965
2026-07-06,SPY,8.642296634809472e-05
2026-07-07,SPY,0.00019684918351242737
2026-07-08,SPY,0.000258319764679706
2026-07-09,SPY,0.000198742630454845
2026-07-10,SPY,0.00017132322043258893
2026-07-13,SPY,0.00026211530931144597
2026-07-14,SPY,0.00019545333557655033
2026-07-15,SPY,0.00015228886556707333
2026-07-16,SPY,0.0002241996460735599
2026-07-17,SPY,0.00028964394180647625
2026-07-20,SPY,0.0002452834629903368
2026-07-21,SPY,0.00020763416014605237
2026-07-22,SPY,0.00024287196142312723
2026-07-23,SPY,0.000273900701610895
2026-07-24,SPY,0.00018293223750668664
2026-07-27,SPY,0.00016688150292477717
2026-07-28,SPY,0.00019414775742653003
2026-07-29,SPY,0.0002487898312787347
2026-07-30,SPY,4.8202177414281607e-05
2026-05-08,TCS.NS,0.0002514366615836181
2026-05-11,TCS.NS,0.00022538817193623874
2026-05-12,TCS.NS,0.00029714752071782703
2026-05-13,TCS.NS,0.00032017779663710876
2026-05-14,TCS.NS,0.0003173082442850649
2026-05-15,TCS.NS,0.0003006467720386328
2026-05-18,TCS.NS,0.0002997988964750622
2026-05-19,TCS.NS,0.00019912467184500144
2026-05-20,TCS.NS,0.00018203826192146418
2026-05-21,TCS.NS,0.00016769807446670096
2026-05-22,TCS.NS,0.00019711979498691099
2026-05-25,TCS.NS,0.00020309431126382013
2026-05-26,TCS.NS,0.00026633613832022826
2026-05-27,TCS.NS,0.00026054130704212364
2026-05-28,TCS.NS,0.00026223450638563804
2026-05-29,TCS.NS,0.0002722476275070017
2026-06-01,TCS.NS,0.00025499853446816703
2026-06-02,TCS.NS,0.00012048508423421915
2026-06-03,TCS.NS,0.00026033033643559517
2026-06-04,TCS.NS,0.00024165333622729623
2026-06-05,TCS.NS,0.0002515419985221123
2026-06-08,TCS.NS,0.00029102012639188216
2026-06-09,TCS.NS,0.0003553684721023627
2026-06-10,TCS.NS,0.0002530639452971907
2026-06-11,TCS.NS,0.0002618768953536348
2026-06-12,TCS.NS,0.0002172365352286821
2026-06-15,TCS.NS,0.00018709602118024735
2026-06-16,TCS.NS,0.0001592589165120571
2026-06-17,TCS.NS,0.0001468705028151368
2026-06-18,TCS.NS,0.00014809978372082894
2026-06-19,TCS.NS,0.00020666745323918225
2026-06-22,TCS.NS,0.00019294216452552974
2026-06-23,TCS.NS,0.00025134835108417544
2026-06-24,TCS.NS,0.00022429472804413083
2026-06-25,TCS.NS,0.00022608315546938704
2026-06-26,TCS.NS,0.0001787057578697076
2026-06-29,TCS.NS,0.0001784685564094676
2026-06-30,TCS.NS,0.00017337305453832332
2026-07-01,TCS.NS,0.00021814272992910015
2026-07-02,TCS.NS,0.00015350075675464058
2026-07-03,TCS.NS,0.00014829382549385
2026-07-06,TCS.NS,0.000178397757313597
2026-07-07,TCS.NS,0.00011381851670909572
2026-07-08,TCS.NS,0.00011437265605219406
2026-07-09,TCS.NS,0.0001669105769629723
2026-07-10,TCS.NS,0.0001692651915590411
2026-07-13,TCS.NS,8.34324548625702e-05
2026-07-14,TCS.NS,0.00011031186188310748
2026-07-15,TCS.NS,8.982846300315328e-05
2026-07-16,TCS.NS,8.235865468413657e-05
2026-07-17,TCS.NS,6.4099949478836e-05
2026-07-20,TCS.NS,0.00015235038691547255
2026-07-21,TCS.NS,0.00017995968231728906
2026-07-22,TCS.NS,0.00018837538519593438
2026-07-23,TCS.NS,0.00017446464935618066
2026-07-24,TCS.NS,0.00021172383529572127
2026-07-27,TCS.NS,0.00018210096586385744
2026-07-28,TCS.NS,0.0001109714504962249
2026-07-29,TCS.NS,8.971161358924255e-05
2026-07-30,TCS.NS,0.00011994807496048469
2026-05-05,DX-Y.NYB,0.0007260522453409643
2026-05-06,DX-Y.NYB,0.0009837650645451342
2026-05-07,DX-Y.NYB,0.0006410017185483204
2026-05-08,DX-Y.NYB,0.0008005325841662214
2026-05-11,DX-Y.NYB,0.0008524553890840969
2026-05-12,DX-Y.NYB,0.0007336108831360242
2026-05-13,DX-Y.NYB,0.0005977425289610419
2026-05-14,DX-Y.NYB,0.0005700736655022362
2026-05-15,DX-Y.NYB,0.0003542735575169649
2026-05-18,DX-Y.NYB,0.0005142276251473943
2026-05-19,DX-Y.NYB,0.0005290571773584322
2026-05-20,DX-Y.NYB,0.0006672146918516348
2026-05-21,DX-Y.NYB,0.0007734566692069526
2026-05-22,DX-Y.NYB,0.0008393695414928272
2026-05-26,DX-Y.NYB,0.0008431673292323119
2026-05-27,DX-Y.NYB,0.0009424922304968887
2026-05-28,DX-Y.NYB,0.0009336028675226048
2026-05-29,DX-Y.NYB,0.000984753640776441
2026-06-01,DX-Y.NYB,0.0009788807983761225
2026-06-02,DX-Y.NYB,0.0009458914352962791
2026-06-03,DX-Y.NYB,0.0008638065692284811
2026-06-04,DX-Y.NYB,0.0008458880467742754
2026-06-05,DX-Y.NYB,0.0005919075888822809
2026-06-08,DX-Y.NYB,0.0007215778709977196
2026-06-09,DX-Y.NYB,0.0007601464291584149
2026-06-10,DX-Y.NYB,0.0008436335718325831
2026-06-11,DX-Y.NYB,0.0008202157693536647
2026-06-12,DX-Y.NYB,0.0011060978579428696
2026-06-15,DX-Y.NYB,0.0011500125303968883
2026-06-16,DX-Y.NYB,0.0011047422693930217
2026-06-17,DX-Y.NYB,0.000928860056474225
2026-06-18,DX-Y.NYB,0.0005922630953564275
2026-06-22,DX-Y.NYB,0.0005274698908512383
2026-06-23,DX-Y.NYB,0.00033467278693259417
2026-06-24,DX-Y.NYB,0.00024117810485328473
2026-06-25,DX-Y.NYB,0.0005180976618845014
2026-06-26,DX-Y.NYB,0.0007935935005425371
2026-06-29,DX-Y.NYB,0.0009508220315166835
2026-06-30,DX-Y.NYB,0.0010348439079626373
2026-07-01,DX-Y.NYB,0.0010399019739999772
2026-07-02,DX-Y.NYB,0.001149799342683796
2026-07-06,DX-Y.NYB,0.0010895379351626667
2026-07-07,DX-Y.NYB,0.0008820777338163318
2026-07-08,DX-Y.NYB,0.000927882023386702
2026-07-09,DX-Y.NYB,0.0010227307198711316
2026-07-10,DX-Y.NYB,0.0008160268922484151
2026-07-13,DX-Y.NYB,0.000683822331445616
2026-07-14,DX-Y.NYB,0.0009207303242689003
2026-07-15,DX-Y.NYB,0.001012755068885028
2026-07-16,DX-Y.NYB,0.000839683456558045
2026-07-17,DX-Y.NYB,0.0008778032008506569
2026-07-20,DX-Y.NYB,0.0008708160663158045
2026-07-21,DX-Y.NYB,0.0006743197863659577
2026-07-22,DX-Y.NYB,0.000570963732864435
2026-07-23,DX-Y.NYB,0.0005483618025924267
2026-07-24,DX-Y.NYB,0.0005700490371248614
2026-07-27,DX-Y.NYB,0.0006595490919964309
2026-07-28,DX-Y.NYB,0.0007883020035664728
2026-07-29,DX-Y.NYB,0.00095452747383051
2026-07-30,DX-Y.NYB,0.0012604983316352903
2026-05-05,QQQ,0.00016620358793482866
2026-05-06,QQQ,0.00013142914230325798
2026-05-07,QQQ,0.0001775436243733229
2026-05-08,QQQ,0.0001334866267443949
2026-05-11,QQQ,0.00013368839186416294
2026-05-12,QQQ,0.00020228906942774058
2026-05-13,QQQ,0.00020707268403436196
2026-05-14,QQQ,0.00017766515904465714
2026-05-15,QQQ,0.0002969828528922195
2026-05-18,QQQ,0.00031037777033137516
2026-05-19,QQQ,0.0003008390251447669
2026-05-20,QQQ,0.0002817152710763443
2026-05-21,QQQ,0.0003110041427490969
2026-05-22,QQQ,0.0002590433002445762
2026-05-26,QQQ,0.0001900115288594873
2026-05-27,QQQ,0.00019026752169901497
2026-05-28,QQQ,0.0002070959208111171
2026-05-29,QQQ,0.00020807746109513886
2026-06-01,QQQ,0.00020223443729842385
2026-06-02,QQQ,0.00024928036702534203
2026-06-03,QQQ,0.00025789707240377226
2026-06-04,QQQ,0.0002930260918363235
2026-06-05,QQQ,0.00038161271457113087
2026-06-08,QQQ,0.0003344293661499041
2026-06-09,QQQ,0.0003747841967171772
2026-06-10,QQQ,0.0004040143580246141
2026-06-11,QQQ,0.0002806152518531893
2026-06-12,QQQ,0.0001548611643655181
2026-06-15,QQQ,0.00011572520135543101
2026-06-16,QQQ,0.00015701337531247577
2026-06-17,QQQ,0.00011659663596026768
2026-06-18,QQQ,0.00013825282468280585
2026-06-22,QQQ,0.0001682957536766952
2026-06-23,QQQ,0.0003016789537324284
2026-06-24,QQQ,0.0002485902114187143
2026-06-25,QQQ,0.00019826456249451998
2026-06-26,QQQ,0.00028366272836958314
2026-06-29,QQQ,0.00020694686257664643
2026-06-30,QQQ,9.952486500664454e-05
2026-07-01,QQQ,0.0001286974494985727
2026-07-02,QQQ,0.00017774609181208336
2026-07-06,QQQ,0.00010487488518572914
2026-07-07,QQQ,0.00020052233824861398
2026-07-08,QQQ,0.0002323412296938823
2026-07-09,QQQ,0.00015939029213021187
2026-07-10,QQQ,0.00011888750707406683
2026-07-13,QQQ,0.00019315350515675944
2026-07-14,QQQ,0.00010904989075516366
2026-07-15,QQQ,0.00012207384559002256
2026-07-16,QQQ,0.00018385515591737173
2026-07-17,QQQ,0.00021570545461262265
2026-07-20,QQQ,0.00016389732468445386
2026-07-21,QQQ,0.00013972198763541024
2026-07-22,QQQ,0.00014959167109202917
2026-07-23,QQQ,0.0001538341381865411
2026-07-24,QQQ,0.00013068445364364085
2026-07-27,QQQ,0.0001326510250685338
2026-07-28,QQQ,0.00019423523638191972
2026-07-29,QQQ,0.00021294636892030751
2026-07-30,QQQ,8.384929834603951e-05
2026-05-05,GOOGL,0.00010913793760493812
2026-05-06,GOOGL,8.709463111469797e-05
2026-05-07,GOOGL,0.000204413281420481
2026-05-08,GOOGL,0.0002225301370483771
2026-05-11,GOOGL,0.0002363068488136327
2026-05-12,GOOGL,0.00025225423313091164
2026-05-13,GOOGL,0.00022289891196496266
2026-05-14,GOOGL,0.00023350955697991173
2026-05-15,GOOGL,0.0002429188246543681
2026-05-18,GOOGL,0.00021139978886668525
2026-05-19,GOOGL,0.00022630507155416875
2026-05-20,GOOGL,0.0002613312768181275
2026-05-21,GOOGL,0.00026653843955771355
2026-05-22,GOOGL,0.00025749273733414183
2026-05-26,GOOGL,0.00023862885697766196
2026-05-27,GOOGL,0.0002182674193454992
2026-05-28,GOOGL,0.00021023496048160298
2026-05-29,GOOGL,0.00022979602282180986
2026-06-01,GOOGL,0.00021294212543864082
2026-06-02,GOOGL,0.0002549039702124209
2026-06-03,GOOGL,0.0002604463012604819
2026-06-04,GOOGL,0.00022746844246500163
2026-06-05,GOOGL,0.00021324709728783056
2026-06-08,GOOGL,0.00021431724351379518
2026-06-09,GOOGL,0.00015977163229294658
2026-06-10,GOOGL,0.00017295292071980263
2026-06-11,GOOGL,0.0002009482259281227
2026-06-12,GOOGL,0.00018500956525735487
2026-06-15,GOOGL,0.00014755732632517127
2026-06-16,GOOGL,0.0001501424827586079
2026-06-17,GOOGL,0.00014877935059418837
2026-06-18,GOOGL,0.00013991290081519814
2026-06-22,GOOGL,0.00019180919461397558
2026-06-23,GOOGL,0.0002260653164347411
2026-06-24,GOOGL,0.00023887042888416955
2026-06-25,GOOGL,0.0002140369852850001
2026-06-26,GOOGL,0.0002331664478934153
2026-06-29,GOOGL,0.00011947767563580523
2026-06-30,GOOGL,0.00010209261751540011
2026-07-01,GOOGL,9.405372660542214e-05
2026-07-02,GOOGL,9.793154089717213e-05
2026-07-06,GOOGL,5.1837479540453094e-05
2026-07-07,GOOGL,9.990586846915134e-05
2026-07-08,GOOGL,0.00012693871927314912
2026-07-09,GOOGL,0.00014804110283160075
2026-07-10,GOOGL,0.0001413507957066269
2026-07-13,GOOGL,0.00017041131371950172
2026-07-14,GOOGL,0.00014374276460664875
2026-07-15,GOOGL,9.621145799139212e-05
2026-07-16,GOOGL,0.00012763556899444487
2026-07-17,GOOGL,0.00013088513687791505
2026-07-20,GOOGL,0.00010176628772528873
2026-07-21,GOOGL,0.00013556325527621266
2026-07-22,GOOGL,0.000177306227963139
2026-07-23,GOOGL,0.00017735838749866295
2026-07-24,GOOGL,0.0001467838131279276
2026-07-27,GOOGL,0.0001463233622841832
2026-07-28,GOOGL,0.00012258120283495057
2026-07-29,GOOGL,0.00010443799969975736
2026-07-30,GOOGL,4.0833740556470835e-05
