time,symbol,weight
2025-11-06,SBIN.NS,-8.85338275074284e-05
2025-11-07,SBIN.NS,7.748003759659188e-05
2025-11-10,SBIN.NS,-9.822063588360962e-05
2025-11-11,SBIN.NS,-2.1937017293903797e-05
2025-11-12,SBIN.NS,-0.0002900788857262167
2025-11-13,SBIN.NS,5.6326300860562926e-05
2025-11-14,SBIN.NS,-3.411051596510241e-05
2025-11-17,SBIN.NS,-0.00011853753510996344
2025-11-18,SBIN.NS,-0.00034701468537984314
2025-11-19,SBIN.NS,-0.00020780229553951377
2025-11-20,SBIN.NS,-0.00014399550401215618
2025-11-21,SBIN.NS,-0.00017249374784412093
2025-11-24,SBIN.NS,-0.0001338431029139304
2025-11-25,SBIN.NS,-0.00015930633793836
2025-11-26,SBIN.NS,-7.237942534151896e-05
2025-11-27,SBIN.NS,-7.09888454067991e-05
2025-11-28,SBIN.NS,-2.962311191272242e-05
2025-12-01,SBIN.NS,-0.0001271799923295363
2025-12-02,SBIN.NS,2.5307556335801697e-05
2025-12-03,SBIN.NS,-1.1286567955856311e-05
2025-12-04,SBIN.NS,-7.190801682358556e-05
2025-12-05,SBIN.NS,7.5812684472199e-06
2025-12-08,SBIN.NS,-0.00014151050599893567
2025-12-09,SBIN.NS,-9.927603062968027e-05
2025-12-10,SBIN.NS,3.146428470715729e-05
2025-12-11,SBIN.NS,7.351305869751112e-05
2025-12-12,SBIN.NS,-0.00021292846869679652
2025-12-15,SBIN.NS,-0.00016287590385250433
2025-12-16,SBIN.NS,7.102181067376264e-05
2025-12-17,SBIN.NS,-7.786306790005023e-05
2025-12-18,SBIN.NS,-0.00016926308273627119
2025-12-19,SBIN.NS,-2.3127555470378594e-05
2025-12-22,SBIN.NS,0.00021128764826590428
2025-12-23,SBIN.NS,7.629170602085524e-06
2025-12-24,SBIN.NS,-0.00010363322725109267
2025-12-26,SBIN.NS,-9.571058045811325e-05
2025-12-29,SBIN.NS,-5.1022490603147714e-05
2025-12-30,SBIN.NS,-5.450828626435765e-05
2025-12-31,SBIN.NS,-1.0700932604734979e-05
2026-01-01,SBIN.NS,-9.988860299624375e-05
2026-01-02,SBIN.NS,-9.841984056675825e-05
2026-01-05,SBIN.NS,-0.00020818461857430846
2026-01-06,SBIN.NS,-0.0003996216582752764
2026-01-07,SBIN.NS,-0.0002231232326511139
2026-01-08,SBIN.NS,-0.00021622172889648088
2026-01-09,SBIN.NS,3.0450505327161607e-05
2026-01-12,SBIN.NS,-5.3909989595505227e-05
2026-01-13,SBIN.NS,8.615456678889891e-05
2026-01-14,SBIN.NS,-0.00035060358719487443
2026-01-15,SBIN.NS,0.0005753682062425241
2026-01-16,SBIN.NS,0.0001722389256079746
2026-01-19,SBIN.NS,-0.00014390536638856407
2026-01-20,SBIN.NS,0.00013677830606157024
2026-01-21,SBIN.NS,6.092808632699998e-05
2026-01-22,SBIN.NS,0.00010835044674981536
2026-01-23,SBIN.NS,-0.0002190545483923695
2026-01-27,SBIN.NS,4.857273014195959e-05
2026-01-28,SBIN.NS,-0.0001527661034437214
2026-01-29,SBIN.NS,0.00024118761848490974
2025-11-06,TCS.NS,0.00048816920047434925
2025-11-07,TCS.NS,0.0006205260261114984
2025-11-10,TCS.NS,0.0005444380348343124
2025-11-11,TCS.NS,0.0006625759495427006
2025-11-12,TCS.NS,-0.00030975104648786313
2025-11-13,TCS.NS,0.0008301375274484404
2025-11-14,TCS.NS,0.0007540350097398161
2025-11-17,TCS.NS,0.0003282050122434207
2025-11-18,TCS.NS,0.0005583190034150735
2025-11-19,TCS.NS,0.0007053358912244995
2025-11-20,TCS.NS,-0.00010756552123529983
2025-11-21,TCS.NS,0.0009256638479972593
2025-11-24,TCS.NS,0.0009716253766484892
2025-11-25,TCS.NS,1.702737739285387e-05
2025-11-26,TCS.NS,0.000883008944978439
2025-11-27,TCS.NS,0.00090947269402673
2025-11-28,TCS.NS,0.0014159937823625174
2025-12-01,TCS.NS,0.0010482182177606804
2025-12-02,TCS.NS,0.00015564142714087197
2025-12-03,TCS.NS,0.0003859077517298136
2025-12-04,TCS.NS,0.00030126468837824393
2025-12-05,TCS.NS,0.0008447371375120285
2025-12-08,TCS.NS,0.0004909338383986662
2025-12-09,TCS.NS,0.0004700389909731367
2025-12-10,TCS.NS,-0.00045285280942147104
2025-12-11,TCS.NS,0.0006291499980600298
2025-12-12,TCS.NS,3.287014415047621e-05
2025-12-15,TCS.NS,-0.00016615052567685234
2025-12-16,TCS.NS,-0.0007980128691520674
2025-12-17,TCS.NS,0.0008829936211167629
2025-12-18,TCS.NS,0.0006680497763285177
2025-12-19,TCS.NS,0.0009223615730822457
2025-12-22,TCS.NS,0.0009739141002252089
2025-12-23,TCS.NS,0.0012146705924215879
2025-12-24,TCS.NS,0.002236943177828792
2025-12-26,TCS.NS,0.0012146602189245178
2025-12-29,TCS.NS,0.00040404162280411227
2025-12-30,TCS.NS,-9.000298567346486e-05
2025-12-31,TCS.NS,0.0001921549097600242
2026-01-01,TCS.NS,0.0006976921208791482
2026-01-02,TCS.NS,-0.0003994753324501256
2026-01-05,TCS.NS,-0.00048058335146842953
2026-01-06,TCS.NS,0.00012790077050125605
2026-01-07,TCS.NS,-0.0005717645507721265
2026-01-08,TCS.NS,0.0006574099850967173
2026-01-09,TCS.NS,-0.0003319071678395863
2026-01-12,TCS.NS,0.0005832847104392325
2026-01-13,TCS.NS,-0.00024349981723741573
2026-01-14,TCS.NS,-0.00013677567716934868
2026-01-15,TCS.NS,-9.478050167320649e-05
2026-01-16,TCS.NS,-2.3851596653254356e-05
2026-01-19,TCS.NS,0.0003067145412463865
2026-01-20,TCS.NS,0.0011837804734147698
2026-01-21,TCS.NS,6.165223036642778e-05
2026-01-22,TCS.NS,0.0003974328967267374
2026-01-23,TCS.NS,0.0002619699169593969
2026-01-27,TCS.NS,-0.00010030027375598118
2026-01-28,TCS.NS,0.0002341530500029174
2026-01-29,TCS.NS,0.0006070359115049113
2025-10-31,UNH,0.0005762993393633009
2025-11-03,UNH,0.00035719373949979485
2025-11-04,UNH,0.00024382057640958224
2025-11-05,UNH,6.129646955165852e-05
2025-11-06,UNH,-0.00019017073088163942
2025-11-07,UNH,-0.0003218092922618714
2025-11-10,UNH,-0.000308288644724385
2025-11-11,UNH,-0.00021820780015627887
2025-11-12,UNH,-0.0005309048820053994
2025-11-13,UNH,-0.00043684220441748967
2025-11-14,UNH,-0.0004898271443791659
2025-11-17,UNH,-0.00014578054321724048
2025-11-18,UNH,-4.025338731750664e-05
2025-11-19,UNH,0.00011214147489406668
2025-11-20,UNH,0.00017637118674840142
2025-11-21,UNH,0.00014295138895704048
2025-11-24,UNH,8.895680828392159e-05
2025-11-25,UNH,9.751019927962604e-05
2025-11-26,UNH,-0.00012945491312854374
2025-11-28,UNH,0.00011659709783424951
2025-12-01,UNH,-7.504594727271717e-06
2025-12-02,UNH,0.00010982205035211638
2025-12-03,UNH,8.920366285412121e-05
2025-12-04,UNH,-6.099627092744992e-05
2025-12-05,UNH,0.00011365771172804014
2025-12-08,UNH,-0.00015735522451829596
2025-12-09,UNH,-0.0002102654544760814
2025-12-10,UNH,0.00024214795018458966
2025-12-11,UNH,-0.000118892945422855
2025-12-12,UNH,0.0002813438455345375
2025-12-15,UNH,6.0261888960059594e-05
2025-12-16,UNH,0.00011602651421838738
2025-12-17,UNH,5.620799495534123e-05
2025-12-18,UNH,0.00021748754549260214
2025-12-19,UNH,0.0004796455305528436
2025-12-22,UNH,0.00032699475086618926
2025-12-23,UNH,0.0004479446154651637
2025-12-24,UNH,9.979719922137879e-06
2025-12-26,UNH,0.00026549876719085547
2025-12-29,UNH,0.0004869062974295052
2025-12-30,UNH,0.0007635739050560299
2025-12-31,UNH,0.0005524692467991644
2026-01-02,UNH,0.0003134731452354103
2026-01-05,UNH,5.0410225335858513e-05
2026-01-06,UNH,0.00012326624684148678
2026-01-07,UNH,-7.58745764745346e-05
2026-01-08,UNH,0.00011329628580272973
2026-01-09,UNH,-0.00013381502420405623
2026-01-12,UNH,-0.00011499273109661624
2026-01-13,UNH,1.853147949309718e-05
2026-01-14,UNH,-3.502434824918762e-05
2026-01-15,UNH,-0.0001662097444621653
2026-01-16,UNH,-0.00012118591527082052
2026-01-20,UNH,-0.00010758555493314323
2026-01-21,UNH,-0.00011531763913084209
2026-01-22,UNH,-0.0001395951061600263
2026-01-23,UNH,-3.5261619443944394e-05
2026-01-26,UNH,-0.0002402181215024027
2026-01-27,UNH,-0.00010861263323567139
2026-01-28,UNH,-0.00016229652168193396
2026-01-29,UNH,0.0006876594274996738
2025-10-31,TLT,-5.141390386112275e-05
2025-11-03,TLT,0.000345905348073605
2025-11-04,TLT,0.00019143997858151555
2025-11-05,TLT,8.517634996344752e-05
2025-11-06,TLT,-0.00013736424890280083
2025-11-07,TLT,0.00017062423322849058
2025-11-10,TLT,-3.754444853131985e-05
2025-11-11,TLT,0.0003263707889060402
2025-11-12,TLT,8.197191027639554e-05
2025-11-13,TLT,-2.771841621250351e-05
2025-11-14,TLT,0.0002143175285084101
2025-11-17,TLT,0.000271870809495639
2025-11-18,TLT,0.0003776041431715646
2025-11-19,TLT,6.652077579658853e-05
2025-11-20,TLT,0.00017583811713191405
2025-11-21,TLT,0.00011950377688940955
2025-11-24,TLT,0.0002850242250114645
2025-11-25,TLT,0.00013635276146965015
2025-11-26,TLT,-2.7416156273826795e-05
2025-11-28,TLT,0.00034291233051185965
2025-12-01,TLT,0.00013044843441237946
2025-12-02,TLT,0.0001719038137857301
2025-12-03,TLT,0.00019653740145008953
2025-12-04,TLT,0.00042941053701390673
2025-12-05,TLT,9.713881267469474e-05
2025-12-08,TLT,6.148848604159191e-05
2025-12-09,TLT,0.00022638676687144037
2025-12-10,TLT,-1.9931935141134856e-05
2025-12-11,TLT,-0.00024227920790309752
2025-12-12,TLT,0.00037161416348627257
2025-12-15,TLT,0.00017769150442977007
2025-12-16,TLT,5.6414641573892305e-05
2025-12-17,TLT,0.00016487986967159357
2025-12-18,TLT,0.00022209366471863178
2025-12-19,TLT,0.0003599852326865445
2025-12-22,TLT,0.0004629675232911991
2025-12-23,TLT,0.00018900326725852229
2025-12-24,TLT,0.00048779164368138673
2025-12-26,TLT,0.00034572895406563374
2025-12-29,TLT,1.4595012909764734e-05
2025-12-30,TLT,0.0002457222551349024
2025-12-31,TLT,0.0003882948618668788
2026-01-02,TLT,0.0002910509354414019
2026-01-05,TLT,0.0001387647934933766
2026-01-06,TLT,0.0003725497392787756
2026-01-07,TLT,0.00019533417377503226
2026-01-08,TLT,0.00021826941233898828
2026-01-09,TLT,-3.741204057661245e-05
2026-01-12,TLT,-4.5149694090213165e-05
2026-01-13,TLT,-0.0002208576025960775
2026-01-14,TLT,0.00013156117110141695
2026-01-15,TLT,0.00020981833712432972
2026-01-16,TLT,2.6311728208862755e-06
2026-01-20,TLT,-0.00031440084602466043
2026-01-21,TLT,0.00021962832708812327
2026-01-22,TLT,0.0003008154047473996
2026-01-23,TLT,0.00015583911970437424
2026-01-26,TLT,-0.000145017832412904
2026-01-27,TLT,0.00014106945154224542
2026-01-28,TLT,-2.5902359157071647e-05
2026-01-29,TLT,-7.572012891461827e-05
2025-10-31,AMZN,3.5946047576541204e-06
2025-11-03,AMZN,2.254002566181644e-05
2025-11-04,AMZN,3.164209394838091e-05
2025-11-05,AMZN,7.813479406112853e-05
2025-11-06,AMZN,-2.2884863450160648e-05
2025-11-07,AMZN,-7.628577095551051e-05
2025-11-10,AMZN,-3.9579424885051006e-05
2025-11-11,AMZN,0.0007533687533111577
2025-11-12,AMZN,0.0010575916405213834
2025-11-13,AMZN,7.0409503488929895e-06
2025-11-14,AMZN,-2.5865080400051024e-05
2025-11-17,AMZN,0.0002963411241292443
2025-11-18,AMZN,3.527432866759083e-05
2025-11-19,AMZN,1.2553540791129071e-05
2025-11-20,AMZN,8.489484439796503e-05
2025-11-21,AMZN,-2.4172168976390458e-05
2025-11-24,AMZN,2.3519264212638956e-06
2025-11-25,AMZN,8.085860417323147e-05
2025-11-26,AMZN,0.0001328963787708766
2025-11-28,AMZN,-1.7814881441498115e-05
2025-12-01,AMZN,9.778968367589898e-05
2025-12-02,AMZN,0.00034443709065312217
2025-12-03,AMZN,0.000131313742239327
2025-12-04,AMZN,-2.648509090884791e-05
2025-12-05,AMZN,2.1184433040020493e-06
2025-12-08,AMZN,0.00010896654224541257
2025-12-09,AMZN,1.002242525390757e-05
2025-12-10,AMZN,-2.0995193198570025e-05
2025-12-11,AMZN,0.0002400614295667231
2025-12-12,AMZN,4.713850501185111e-05
2025-12-15,AMZN,5.02580137150118e-05
2025-12-16,AMZN,-4.9714315148262953e-05
2025-12-17,AMZN,4.5733285289383274e-05
2025-12-18,AMZN,-5.375492110610008e-06
2025-12-19,AMZN,3.373368136687408e-06
2025-12-22,AMZN,2.5046886031318587e-05
2025-12-23,AMZN,1.7138236195212768e-06
2025-12-24,AMZN,-1.1235353446271637e-05
2025-12-26,AMZN,0.00012529466068646338
2025-12-29,AMZN,-1.0442217479894622e-05
2025-12-30,AMZN,0.00011218443508449999
2025-12-31,AMZN,4.882524933368496e-05
2026-01-02,AMZN,4.312751705780564e-05
2026-01-05,AMZN,8.798317817834071e-05
2026-01-06,AMZN,9.471297836031613e-05
2026-01-07,AMZN,0.00014562942845098675
2026-01-08,AMZN,0.00010693802887491897
2026-01-09,AMZN,0.00023996851579691325
2026-01-12,AMZN,-8.493152155465536e-06
2026-01-13,AMZN,2.0684242863997858e-05
2026-01-14,AMZN,0.00011309069669325851
2026-01-15,AMZN,6.673448074375648e-05
2026-01-16,AMZN,-7.186795718990702e-07
2026-01-20,AMZN,2.4801161194110504e-05
2026-01-21,AMZN,0.00020867992401854885
2026-01-22,AMZN,-5.860208450532749e-05
2026-01-23,AMZN,1.9716643140305307e-05
2026-01-26,AMZN,3.607462708371077e-05
2026-01-27,AMZN,1.8044063895114923e-05
2026-01-28,AMZN,3.229735018969117e-07
2026-01-29,AMZN,-5.245553209420637e-05
2025-11-06,INFY.NS,0.0002899835605179316
2025-11-07,INFY.NS,2.9131012040994825e-05
2025-11-10,INFY.NS,0.001018861590958462
2025-11-11,INFY.NS,0.00031426843334779984
2025-11-12,INFY.NS,-8.167502592523476e-05
2025-11-13,INFY.NS,0.0004473079437505794
2025-11-14,INFY.NS,0.00015218083705954928
2025-11-17,INFY.NS,-8.837875187877221e-05
2025-11-18,INFY.NS,0.00047007131723664724
2025-11-19,INFY.NS,0.00019452396388734778
2025-11-20,INFY.NS,0.0005140485511582903
2025-11-21,INFY.NS,-0.0002442601454774555
2025-11-24,INFY.NS,0.0008080372916521293
2025-11-25,INFY.NS,0.00039784019219894155
2025-11-26,INFY.NS,0.00029652768583509985
2025-11-27,INFY.NS,0.0006987303297649787
2025-11-28,INFY.NS,0.0007330775071606103
2025-12-01,INFY.NS,0.00019616549897667965
2025-12-02,INFY.NS,6.394393053766352e-05
2025-12-03,INFY.NS,-0.00011854408709519273
2025-12-04,INFY.NS,0.00042069330818049813
2025-12-05,INFY.NS,0.0007443039337096724
2025-12-08,INFY.NS,9.401301118818775e-06
2025-12-09,INFY.NS,0.00047559465650625537
2025-12-10,INFY.NS,-2.3098315221363722e-05
2025-12-11,INFY.NS,0.0003540088281017306
2025-12-12,INFY.NS,0.0004356877089085827
2025-12-15,INFY.NS,0.00014972974283993732
2025-12-16,INFY.NS,0.00020897264069888552
2025-12-17,INFY.NS,0.00035234426433620254
2025-12-18,INFY.NS,0.00034426986127089566
2025-12-19,INFY.NS,0.0003985792337305923
2025-12-22,INFY.NS,0.0006346642205698438
2025-12-23,INFY.NS,0.00048819033584947676
2025-12-24,INFY.NS,0.0006013341357338202
2025-12-26,INFY.NS,0.00019219752431617944
2025-12-29,INFY.NS,0.00028887110778209695
2025-12-30,INFY.NS,0.00016103058144178274
2025-12-31,INFY.NS,0.0002395096492086714
2026-01-01,INFY.NS,0.00027865344669957736
2026-01-02,INFY.NS,0.0002900043428452164
2026-01-05,INFY.NS,0.00015679332160897552
2026-01-06,INFY.NS,5.814090561934662e-05
2026-01-07,INFY.NS,-6.050474128840268e-05
2026-01-08,INFY.NS,0.001251956009595676
2026-01-09,INFY.NS,0.00018049258902287237
2026-01-12,INFY.NS,0.00012231560522629533
2026-01-13,INFY.NS,0.00025123106408608137
2026-01-14,INFY.NS,0.0002881194573131372
2026-01-15,INFY.NS,8.97974656294231e-05
2026-01-16,INFY.NS,0.0003926403216657396
2026-01-19,INFY.NS,0.0002454698435318796
2026-01-20,INFY.NS,-4.129182762609318e-05
2026-01-21,INFY.NS,0.0003373685458980207
2026-01-22,INFY.NS,-0.0011513601815547568
2026-01-23,INFY.NS,5.4022539403620225e-05
2026-01-27,INFY.NS,-9.212251772351819e-05
2026-01-28,INFY.NS,-1.944959082503214e-05
2026-01-29,INFY.NS,0.0022106970813559478
2025-10-31,EEM,0.0003938885916277014
2025-11-03,EEM,-0.00036151667667214734
2025-11-04,EEM,-0.0005054206733119252
2025-11-05,EEM,-0.00014225523645345966
2025-11-06,EEM,-0.00041012453575139295
2025-11-07,EEM,6.783984208173594e-05
2025-11-10,EEM,0.0008798798835178197
2025-11-11,EEM,0.0001607127602660254
2025-11-12,EEM,0.0003517877607923718
2025-11-13,EEM,0.0021807188042435068
2025-11-14,EEM,4.326445279731735e-05
2025-11-17,EEM,0.0016621304008039202
2025-11-18,EEM,0.001621971838989381
2025-11-19,EEM,0.00100485848097239
2025-11-20,EEM,-0.00017843239751616808
2025-11-21,EEM,-0.0007535763368575351
2025-11-24,EEM,-0.0001684419168604923
2025-11-25,EEM,-0.0009058493079404626
2025-11-26,EEM,0.0005005060171795889
2025-11-28,EEM,0.00045981841223459853
2025-12-01,EEM,-6.803562245675478e-05
2025-12-02,EEM,-0.00047292184840647453
2025-12-03,EEM,0.0002990633904457166
2025-12-04,EEM,0.00037298141307284523
2025-12-05,EEM,0.00026907357925486596
2025-12-08,EEM,0.00017250075618070225
2025-12-09,EEM,0.0002128727422478708
2025-12-10,EEM,0.00020944758905608855
2025-12-11,EEM,2.335928573324622e-05
2025-12-12,EEM,3.2355674170095954e-05
2025-12-15,EEM,-0.00017750439207066005
2025-12-16,EEM,-0.00022037651060342404
2025-12-17,EEM,-0.00021267435436161104
2025-12-18,EEM,-0.00012931482655308428
2025-12-19,EEM,-0.00010586553830611033
2025-12-22,EEM,0.0008100800223105969
2025-12-23,EEM,-0.00027568827413509083
2025-12-24,EEM,1.6838390078543255e-05
2025-12-26,EEM,-0.000347594038751286
2025-12-29,EEM,0.00014909250878687434
2025-12-30,EEM,0.00014776940395912173
2025-12-31,EEM,-0.00012013336414546236
2026-01-02,EEM,0.00013968256257725387
2026-01-05,EEM,0.001230020007245958
2026-01-06,EEM,0.00047007075834349873
2026-01-07,EEM,0.0005559731893929975
2026-01-08,EEM,0.0002164898367681053
2026-01-09,EEM,0.0001391506742141033
2026-01-12,EEM,8.229794774485192e-05
2026-01-13,EEM,0.0001289355052403386
2026-01-14,EEM,-0.00018204914186378422
2026-01-15,EEM,-0.0002202011360766715
2026-01-16,EEM,-0.000381884933845349
2026-01-20,EEM,2.898956345732506e-07
2026-01-21,EEM,0.00020757153760718832
2026-01-22,EEM,0.00019855821165403376
2026-01-23,EEM,-8.472819899329591e-05
2026-01-26,EEM,-6.159731077701243e-05
2026-01-27,EEM,-0.00027098327153062153
2026-01-28,EEM,-0.00026940420895969715
2026-01-29,EEM,-0.0007947483486172386
2025-10-31,TSLA,4.1319897619068594e-05
2025-11-03,TSLA,-0.00010887737318899248
2025-11-04,TSLA,7.795958207401761e-06
2025-11-05,TSLA,6.1227396980248245e-06
2025-11-06,TSLA,-4.894048043804661e-05
2025-11-07,TSLA,-5.2194118491981604e-06
2025-11-10,TSLA,-1.2379411160241477e-05
2025-11-11,TSLA,-3.669495295563796e-05
2025-11-12,TSLA,6.533198395303658e-06
2025-11-13,TSLA,-9.624196440040903e-06
2025-11-14,TSLA,-1.3007935341622327e-05
2025-11-17,TSLA,1.3459092899092517e-05
2025-11-18,TSLA,7.956680417507373e-06
2025-11-19,TSLA,-5.076838623950511e-05
2025-11-20,TSLA,-3.8298806995116495e-05
2025-11-21,TSLA,6.050929139336109e-06
2025-11-24,TSLA,2.146350154159548e-05
2025-11-25,TSLA,2.333611864523843e-05
2025-11-26,TSLA,3.850360274340875e-05
2025-11-28,TSLA,-1.6320275834264678e-06
2025-12-01,TSLA,2.759993430503216e-05
2025-12-02,TSLA,-4.7427076281912195e-05
2025-12-03,TSLA,3.616843762614594e-05
2025-12-04,TSLA,1.1074161968416763e-05
2025-12-05,TSLA,2.0087098212602092e-05
2025-12-08,TSLA,3.887957397872625e-05
2025-12-09,TSLA,-2.8678654137618935e-05
2025-12-10,TSLA,4.454686231726007e-06
2025-12-11,TSLA,-3.378203685224331e-05
2025-12-12,TSLA,-2.7321980378468577e-05
2025-12-15,TSLA,2.4557062647123288e-06
2025-12-16,TSLA,-6.189098721585326e-05
2025-12-17,TSLA,-4.0452422763156925e-05
2025-12-18,TSLA,-5.0301049521321355e-05
2025-12-19,TSLA,1.5811135574396722e-05
2025-12-22,TSLA,6.58171025649713e-05
2025-12-23,TSLA,-2.7708758456884134e-05
2025-12-24,TSLA,-3.947747416139266e-05
2025-12-26,TSLA,-1.832503379682578e-05
2025-12-29,TSLA,8.214673697441949e-06
2025-12-30,TSLA,4.0807048291434413e-05
2025-12-31,TSLA,-1.3427220553335679e-06
2026-01-02,TSLA,4.834992310229855e-05
2026-01-05,TSLA,-3.528780129074978e-05
2026-01-06,TSLA,3.39047586670771e-06
2026-01-07,TSLA,2.278202853309416e-05
2026-01-08,TSLA,5.229068552198995e-05
2026-01-09,TSLA,3.3056851337989854e-05
2026-01-12,TSLA,-2.1275906019557104e-05
2026-01-13,TSLA,3.075929400301016e-05
2026-01-14,TSLA,2.49595804969824e-05
2026-01-15,TSLA,-1.6227014357459624e-05
2026-01-16,TSLA,3.516306927896081e-05
2026-01-20,TSLA,5.834356509898331e-05
2026-01-21,TSLA,1.3552341220938898e-05
2026-01-22,TSLA,6.321232811466741e-05
2026-01-23,TSLA,-7.1282428643421965e-06
2026-01-26,TSLA,-1.9846550515103406e-05
2026-01-27,TSLA,-2.6574757205331958e-05
2026-01-28,TSLA,5.037868523606286e-06
2026-01-29,TSLA,4.574287249401105e-05
2025-10-31,MSFT,0.0004097865052694502
2025-11-03,MSFT,-9.782180767502431e-05
2025-11-04,MSFT,-9.494115989040935e-05
2025-11-05,MSFT,2.6610058139564494e-05
2025-11-06,MSFT,0.00011975890500246414
2025-11-07,MSFT,-2.1037970521454843e-05
2025-11-10,MSFT,-5.336939247777366e-05
2025-11-11,MSFT,-3.7950544978034455e-05
2025-11-12,MSFT,0.00037882396226825
2025-11-13,MSFT,4.177987891814513e-05
2025-11-14,MSFT,-0.00014906671725461334
2025-11-17,MSFT,0.0012779002534730433
2025-11-18,MSFT,1.7122809968388458e-05
2025-11-19,MSFT,0.0003944042259128705
2025-11-20,MSFT,0.0002831888614056604
2025-11-21,MSFT,-0.00014028026941153302
2025-11-24,MSFT,0.00011791776354102842
2025-11-25,MSFT,0.00018381838738104598
2025-11-26,MSFT,5.2775605826434296e-06
2025-11-28,MSFT,3.243987356956206e-05
2025-12-01,MSFT,-3.0432852299520134e-05
2025-12-02,MSFT,-8.8238206841934e-05
2025-12-03,MSFT,0.00012374220985533708
2025-12-04,MSFT,3.2546941304674225e-05
2025-12-05,MSFT,-0.0001048600313799852
2025-12-08,MSFT,1.3129686760959232e-05
2025-12-09,MSFT,-0.00012437271132745447
2025-12-10,MSFT,-0.00015406988046566322
2025-12-11,MSFT,-0.0003102453065556232
2025-12-12,MSFT,-1.3417289119720907e-05
2025-12-15,MSFT,-1.4039516259476216e-05
2025-12-16,MSFT,-0.0005946111065654604
2025-12-17,MSFT,-1.3820618724304108e-05
2025-12-18,MSFT,-0.0005140495354135392
2025-12-19,MSFT,-1.804858457102962e-05
2025-12-22,MSFT,-0.00018342463242964266
2025-12-23,MSFT,0.0006181756297357336
2025-12-24,MSFT,-7.034942395178244e-05
2025-12-26,MSFT,7.04729767962529e-05
2025-12-29,MSFT,6.858134444936127e-05
2025-12-30,MSFT,0.0002568535905727867
2025-12-31,MSFT,-0.00010284145605087804
2026-01-02,MSFT,0.0005215035162080512
2026-01-05,MSFT,0.00048808931919982573
2026-01-06,MSFT,0.00047580756423288575
2026-01-07,MSFT,0.00043027215297846203
2026-01-08,MSFT,-3.954779137224599e-06
2026-01-09,MSFT,7.252337014149284e-05
2026-01-12,MSFT,-0.0001689908575089609
2026-01-13,MSFT,1.4657864923081463e-05
2026-01-14,MSFT,2.1908533698228343e-05
2026-01-15,MSFT,0.0007944230715442179
2026-01-16,MSFT,-0.00013028260809039833
2026-01-20,MSFT,0.0006845659528627468
2026-01-21,MSFT,0.00016628252452807483
2026-01-22,MSFT,0.00010444136456384578
2026-01-23,MSFT,0.00017620779410210355
2026-01-26,MSFT,2.335791990770535e-05
2026-01-27,MSFT,-0.00017009530934711188
2026-01-28,MSFT,0.00019159354922399644
2026-01-29,MSFT,7.448184978160616e-05
2025-10-31,IWM,0.00017634415065549458
2025-11-03,IWM,-0.0001717704480204613
2025-11-04,IWM,-1.2540033001472542e-05
2025-11-05,IWM,8.718556116399758e-06
2025-11-06,IWM,-0.0002627801522391954
2025-11-07,IWM,-2.9732732725543457e-05
2025-11-10,IWM,4.965848029693443e-05
2025-11-11,IWM,3.5836965018618015e-05
2025-11-12,IWM,-5.785411412229133e-05
2025-11-13,IWM,8.097519466499327e-06
2025-11-14,IWM,-4.460793496984691e-06
2025-11-17,IWM,8.280767897078294e-05
2025-11-18,IWM,-0.00012839085316376046
2025-11-19,IWM,0.00014965044315913228
2025-11-20,IWM,2.1875222562925483e-05
2025-11-21,IWM,5.269151775995147e-06
2025-11-24,IWM,2.799631594608108e-05
2025-11-25,IWM,-1.576833859491253e-05
2025-11-26,IWM,0.00020820630931189826
2025-11-28,IWM,5.174943886475056e-05
2025-12-01,IWM,-0.0004955815368618776
2025-12-02,IWM,-0.00012208673757076185
2025-12-03,IWM,0.00018075119843933548
2025-12-04,IWM,3.696235250622049e-05
2025-12-05,IWM,9.403528728165386e-05
2025-12-08,IWM,6.323460571981236e-05
2025-12-09,IWM,0.00012219649285040841
2025-12-10,IWM,0.0002526165644850924
2025-12-11,IWM,-0.00014748735192269402
2025-12-12,IWM,-9.866453843529447e-05
2025-12-15,IWM,-0.00019994829707375048
2025-12-16,IWM,-0.0008755100518465816
2025-12-17,IWM,-0.00016490062082156118
2025-12-18,IWM,-6.255036245621468e-05
2025-12-19,IWM,9.152564837277314e-05
2025-12-22,IWM,3.50234580107324e-05
2025-12-23,IWM,6.515476028216702e-05
2025-12-24,IWM,-9.707328799994885e-05
2025-12-26,IWM,-0.00019551910867189484
2025-12-29,IWM,0.00012976641764017374
2025-12-30,IWM,0.00018014992588893112
2025-12-31,IWM,-4.0201837866316316e-05
2026-01-02,IWM,3.073962532036399e-05
2026-01-05,IWM,-4.4904029204127976e-05
2026-01-06,IWM,9.369374641258876e-05
2026-01-07,IWM,7.651946064621195e-05
2026-01-08,IWM,0.00023814745936968592
2026-01-09,IWM,9.845675728003715e-05
2026-01-12,IWM,-1.5266685411402476e-05
2026-01-13,IWM,-3.905944474845785e-05
2026-01-14,IWM,5.4982935262243434e-05
2026-01-15,IWM,-5.064826768083394e-05
2026-01-16,IWM,6.210025852840148e-05
2026-01-20,IWM,0.00023121492880567954
2026-01-21,IWM,0.00010787597299217393
2026-01-22,IWM,8.466849940033006e-05
2026-01-23,IWM,-2.0535729441879213e-05
2026-01-26,IWM,-6.356818567532621e-05
2026-01-27,IWM,-6.905067902738388e-05
2026-01-28,IWM,-6.799920205608494e-05
2026-01-29,IWM,-0.00010557182202828496
2025-10-31,JPM,7.667448597668403e-05
2025-11-03,JPM,-8.803503475445321e-05
2025-11-04,JPM,6.824843908587816e-05
2025-11-05,JPM,0.00012108026755609311
2025-11-06,JPM,-2.2690487622930537e-05
2025-11-07,JPM,-7.924695694070959e-06
2025-11-10,JPM,-7.044150295821255e-05
2025-11-11,JPM,-1.657076733714596e-05
2025-11-12,JPM,-0.00018652714335062277
2025-11-13,JPM,-0.00017800660646227794
2025-11-14,JPM,0.00030726515710760176
2025-11-17,JPM,0.0002118866591830541
2025-11-18,JPM,-0.00023270574460833199
2025-11-19,JPM,-5.405422230443723e-05
2025-11-20,JPM,-0.0002108924318300839
2025-11-21,JPM,-6.427397806360848e-05
2025-11-24,JPM,0.00023169467043760686
2025-11-25,JPM,-7.2335141613983955e-06
2025-11-26,JPM,0.0003979717278133994
2025-11-28,JPM,-0.00014253997550140186
2025-12-01,JPM,-0.0002657891316526429
2025-12-02,JPM,0.0002596901079600301
2025-12-03,JPM,5.588252767182845e-05
2025-12-04,JPM,0.00024184377871119635
2025-12-05,JPM,8.529408533985369e-05
2025-12-08,JPM,0.0003284084553195088
2025-12-09,JPM,2.3644007834882116e-05
2025-12-10,JPM,0.00019635608870872015
2025-12-11,JPM,7.838422592640268e-05
2025-12-12,JPM,3.812830732843185e-05
2025-12-15,JPM,-0.00012038526011678227
2025-12-16,JPM,2.9119834292064585e-05
2025-12-17,JPM,-5.0613320011748666e-05
2025-12-18,JPM,-4.928638533428491e-05
2025-12-19,JPM,0.00013928632023261223
2025-12-22,JPM,0.0003520654663272353
2025-12-23,JPM,-0.00022535762260121812
2025-12-24,JPM,-0.00018601661086577764
2025-12-26,JPM,1.2388837733455943e-05
2025-12-29,JPM,2.4226900695672364e-05
2025-12-30,JPM,6.779756522588888e-05
2025-12-31,JPM,5.0116260240730644e-05
2026-01-02,JPM,1.849759369787604e-05
2026-01-05,JPM,0.00021332121714745674
2026-01-06,JPM,2.394688681144066e-05
2026-01-07,JPM,-4.2345601610014636e-06
2026-01-08,JPM,-4.8047744941507165e-05
2026-01-09,JPM,0.0001905818584507732
2026-01-12,JPM,4.336649637512482e-05
2026-01-13,JPM,0.00018334504012082855
2026-01-14,JPM,-0.00017983872168199553
2026-01-15,JPM,0.0008108792778633722
2026-01-16,JPM,0.0002427877029781232
2026-01-20,JPM,0.00011593863247847797
2026-01-21,JPM,1.4610465111273286e-05
2026-01-22,JPM,0.0003149787781741642
2026-01-23,JPM,7.649187950070242e-05
2026-01-26,JPM,0.00011738838806108192
2026-01-27,JPM,9.03137813312788e-05
2026-01-28,JPM,1.2586311614761277e-05
2026-01-29,JPM,7.95380982088394e-05
2025-10-30,EURUSD=X,0.00014281747225674383
2025-10-31,EURUSD=X,0.00011512766795819816
2025-11-03,EURUSD=X,-2.42233381041756e-05
2025-11-04,EURUSD=X,-0.0002054350302773943
2025-11-05,EURUSD=X,0.0003424598550567245
2025-11-06,EURUSD=X,-0.0004727831392320647
2025-11-07,EURUSD=X,-0.00020840745769082626
2025-11-10,EURUSD=X,-0.00023186028136013036
2025-11-11,EURUSD=X,-4.163541885077436e-05
2025-11-12,EURUSD=X,0.00033032554191473023
2025-11-13,EURUSD=X,0.00036790600783655403
2025-11-14,EURUSD=X,-0.00016052091629073994
2025-11-17,EURUSD=X,-0.0001126611023382262
2025-11-18,EURUSD=X,-6.139376033487775e-05
2025-11-19,EURUSD=X,0.00042928224855492194
2025-11-20,EURUSD=X,5.8461982669802e-05
2025-11-21,EURUSD=X,0.0002914482745247052
2025-11-24,EURUSD=X,0.0006551206706302048
2025-11-25,EURUSD=X,0.0004295974945153904
2025-11-26,EURUSD=X,0.0001617924606068223
2025-11-27,EURUSD=X,0.00031596823935581324
2025-11-28,EURUSD=X,-0.00012350560211137692
2025-12-01,EURUSD=X,3.760934558552017e-05
2025-12-02,EURUSD=X,-9.832361036055249e-05
2025-12-03,EURUSD=X,-0.00014094286260095135
2025-12-04,EURUSD=X,0.00020693364297665214
2025-12-05,EURUSD=X,0.0002979995116973106
2025-12-08,EURUSD=X,0.0002284825494219417
2025-12-09,EURUSD=X,0.0003553442660324106
2025-12-10,EURUSD=X,4.086921038365117e-05
2025-12-11,EURUSD=X,0.00016183162564375607
2025-12-12,EURUSD=X,0.00036726659199103957
2025-12-15,EURUSD=X,0.00018678911141769032
2025-12-16,EURUSD=X,-0.00012108885054498265
2025-12-17,EURUSD=X,-0.0005548661849868887
2025-12-18,EURUSD=X,-0.00012354580006071668
2025-12-19,EURUSD=X,0.000653195887940377
2025-12-22,EURUSD=X,0.0004788885735530197
2025-12-23,EURUSD=X,0.00014794307862303155
2025-12-24,EURUSD=X,0.00018180386163263516
2025-12-26,EURUSD=X,-0.00010058843847432943
2025-12-29,EURUSD=X,5.3912430050569505e-05
2025-12-30,EURUSD=X,8.73843093162631e-06
2025-12-31,EURUSD=X,-0.00026555153148899587
2026-01-02,EURUSD=X,0.00016833378023623462
2026-01-05,EURUSD=X,5.989501185700306e-05
2026-01-06,EURUSD=X,0.0002887827329911694
2026-01-07,EURUSD=X,0.00022027495924383685
2026-01-08,EURUSD=X,0.00029994662654041714
2026-01-09,EURUSD=X,0.0004646637335680247
2026-01-12,EURUSD=X,0.0008125052974219059
2026-01-13,EURUSD=X,0.00036821565693918233
2026-01-14,EURUSD=X,0.0004683032613609262
2026-01-15,EURUSD=X,0.0004462507988436534
2026-01-16,EURUSD=X,0.0003272377642630064
2026-01-19,EURUSD=X,0.000466874557657321
2026-01-20,EURUSD=X,-3.118216569074218e-05
2026-01-21,EURUSD=X,0.0003895316704527729
2026-01-22,EURUSD=X,0.0006717255395117405
2026-01-23,EURUSD=X,0.0005492335854628355
2026-01-26,EURUSD=X,0.0006434150476215696
2026-01-27,EURUSD=X,0.00010134936398616152
2026-01-28,EURUSD=X,0.00018031277804844652
2026-01-29,EURUSD=X,8.701273308331267e-05
2025-10-31,QQQ,0.0003797035202697652
2025-11-03,QQQ,-0.00010847310772469433
2025-11-04,QQQ,-4.968697390900782e-06
2025-11-05,QQQ,1.755061279210195e-06
2025-11-06,QQQ,-0.00013374522435827014
2025-11-07,QQQ,-0.0001084965264402141
2025-11-10,QQQ,4.033838799300929e-05
2025-11-11,QQQ,-1.3598578323102522e-05
2025-11-12,QQQ,0.00047621484711437656
2025-11-13,QQQ,-0.000408653133741488
2025-11-14,QQQ,-5.038221698274312e-05
2025-11-17,QQQ,0.0014020716051781484
2025-11-18,QQQ,0.00012377394169094498
2025-11-19,QQQ,0.0003990822757961584
2025-11-20,QQQ,-4.167660160611462e-05
2025-11-21,QQQ,-0.0003630464815950168
2025-11-24,QQQ,-0.00017443506001876605
2025-11-25,QQQ,7.711094770568929e-05
2025-11-26,QQQ,0.0003705530543107755
2025-11-28,QQQ,1.8181095778090595e-06
2025-12-01,QQQ,8.350643719084376e-05
2025-12-02,QQQ,-0.00015333373530779506
2025-12-03,QQQ,-5.612290205177874e-05
2025-12-04,QQQ,0.0006225263895250965
2025-12-05,QQQ,-6.018284314729389e-05
2025-12-08,QQQ,0.0001444099541941021
2025-12-09,QQQ,-6.69499224591988e-05
2025-12-10,QQQ,9.930870877316417e-05
2025-12-11,QQQ,0.00013298742105206097
2025-12-12,QQQ,-0.00014358551690053377
2025-12-15,QQQ,-0.0001265775635180464
2025-12-16,QQQ,-0.0011807447932106621
2025-12-17,QQQ,4.3003084662920935e-06
2025-12-18,QQQ,-5.661941694076268e-05
2025-12-19,QQQ,2.2981394529348802e-05
2025-12-22,QQQ,-1.3603955636540546e-05
2025-12-23,QQQ,2.3357792271283613e-05
2025-12-24,QQQ,-5.213788336435404e-05
2025-12-26,QQQ,0.00013948160606110132
2025-12-29,QQQ,7.324406893337799e-05
2025-12-30,QQQ,0.0003222354894745014
2025-12-31,QQQ,-0.00013763005014490507
2026-01-02,QQQ,0.00019882171832862796
2026-01-05,QQQ,0.0003330911887362822
2026-01-06,QQQ,0.00010154484879811296
2026-01-07,QQQ,0.0005791648824223718
2026-01-08,QQQ,0.0004713132077686051
2026-01-09,QQQ,0.00012760600584055308
2026-01-12,QQQ,5.5588884736001045e-05
2026-01-13,QQQ,7.897106525263438e-05
2026-01-14,QQQ,3.496045835468922e-05
2026-01-15,QQQ,3.674928592141109e-05
2026-01-16,QQQ,-8.532174757654021e-05
2026-01-20,QQQ,0.0003798171606268866
2026-01-21,QQQ,0.00010451432080232406
2026-01-22,QQQ,0.0002719122163349292
2026-01-23,QQQ,-1.3330425840197244e-05
2026-01-26,QQQ,-0.00010873428176420872
2026-01-27,QQQ,-0.00014380341061611502
2026-01-28,QQQ,-6.446699568342518e-05
2026-01-29,QQQ,-3.973105390920643e-06
2025-10-31,GLD,0.0018819442464920993
2025-11-03,GLD,0.0014010988793090992
2025-11-04,GLD,0.0006104512285703506
2025-11-05,GLD,0.0008335440207132496
2025-11-06,GLD,0.00044599134374614593
2025-11-07,GLD,0.0018453175106687115
2025-11-10,GLD,0.0006890815093832951
2025-11-11,GLD,5.2650297419058897e-05
2025-11-12,GLD,-0.0005180365441988919
2025-11-13,GLD,-0.0017183464545371858
2025-11-14,GLD,-0.00024532797735170997
2025-11-17,GLD,-0.0002945383367931051
2025-11-18,GLD,0.0009334285270267928
2025-11-19,GLD,-0.00017541329102055588
2025-11-20,GLD,-0.00073169281444882
2025-11-21,GLD,-0.0008840870391283215
2025-11-24,GLD,0.00011739522550720897
2025-11-25,GLD,0.0006386031718870725
2025-11-26,GLD,0.0005616653788722331
2025-11-28,GLD,0.0006412037307549399
2025-12-01,GLD,-0.0011454590169171438
2025-12-02,GLD,-0.0010133737586160284
2025-12-03,GLD,-0.000991207304974876
2025-12-04,GLD,-0.0004393407191040236
2025-12-05,GLD,-0.0004138880530084883
2025-12-08,GLD,0.0028525241135714976
2025-12-09,GLD,0.0029228452723956996
2025-12-10,GLD,0.00023534255905941805
2025-12-11,GLD,0.004508083911730373
2025-12-12,GLD,-8.314586363104735e-05
2025-12-15,GLD,-0.0002048896280527237
2025-12-16,GLD,0.0003093177058819292
2025-12-17,GLD,-0.00014220070331590404
2025-12-18,GLD,-0.00022438580456638155
2025-12-19,GLD,-0.00041510679161108706
2025-12-22,GLD,-0.00038382247700321755
2025-12-23,GLD,-0.002480012000328318
2025-12-24,GLD,-0.0002882483120472614
2025-12-26,GLD,-0.0006003057133184328
2025-12-29,GLD,-0.0018630959074176672
2025-12-30,GLD,-0.0026527194244170623
2025-12-31,GLD,-0.0034709647923273058
2026-01-02,GLD,-0.002649481117153117
2026-01-05,GLD,-0.0014613842834189418
2026-01-06,GLD,0.0028815043428039376
2026-01-07,GLD,0.0025947719230950813
2026-01-08,GLD,0.0020142405005692397
2026-01-09,GLD,0.001357155015843153
2026-01-12,GLD,0.002008381890709431
2026-01-13,GLD,-0.0005570884416101927
2026-01-14,GLD,-0.0004354288475845858
2026-01-15,GLD,0.0006477637567944239
2026-01-16,GLD,0.0006839942069538456
2026-01-20,GLD,-0.00021374593949960636
2026-01-21,GLD,0.0007636082884812145
2026-01-22,GLD,-8.635943479612021e-05
2026-01-23,GLD,-0.0007296946888020146
2026-01-26,GLD,-0.0007814822651470433
2026-01-27,GLD,-0.0011598498274935584
2026-01-28,GLD,-0.0010716167827127347
2026-01-29,GLD,-0.0010249826071919944
2025-10-31,NVDA,4.4889551756383275e-05
2025-11-03,NVDA,5.9233741970609844e-05
2025-11-04,NVDA,0.0001000244930246514
2025-11-05,NVDA,9.897200543536106e-06
2025-11-06,NVDA,-4.874213675694797e-05
2025-11-07,NVDA,1.2550053477200912e-05
2025-11-10,NVDA,0.0003834068185378495
2025-11-11,NVDA,9.29884657059204e-05
2025-11-12,NVDA,-3.0474349945021795e-06
2025-11-13,NVDA,-4.5746130638966576e-05
2025-11-14,NVDA,-7.509865074311105e-05
2025-11-17,NVDA,0.0006230528313100691
2025-11-18,NVDA,2.7537683308883032e-06
2025-11-19,NVDA,0.000122043216957119
2025-11-20,NVDA,1.0983002737569748e-05
2025-11-21,NVDA,-0.00013494141304144558
2025-11-24,NVDA,4.129852770125885e-05
2025-11-25,NVDA,4.4157178043020517e-05
2025-11-26,NVDA,0.00025127881119868734
2025-11-28,NVDA,-0.00024149827426404294
2025-12-01,NVDA,0.0003248982696608493
2025-12-02,NVDA,-0.00011097656330439083
2025-12-03,NVDA,1.4947772716616552e-06
2025-12-04,NVDA,-5.9937935875927406e-05
2025-12-05,NVDA,8.993210615714645e-05
2025-12-08,NVDA,4.84224693115457e-05
2025-12-09,NVDA,-3.527956504551653e-05
2025-12-10,NVDA,7.784473732872505e-05
2025-12-11,NVDA,-3.777384620271295e-05
2025-12-12,NVDA,-2.6378617033941556e-07
2025-12-15,NVDA,-0.0001889882707272125
2025-12-16,NVDA,-0.0003687113663483069
2025-12-17,NVDA,-9.637574867659904e-05
2025-12-18,NVDA,-6.462713169965422e-05
2025-12-19,NVDA,-0.000462955608156997
2025-12-22,NVDA,-8.421685656911179e-05
2025-12-23,NVDA,-0.00011989761685087574
2025-12-24,NVDA,-0.0001147379783773057
2025-12-26,NVDA,-0.00030730921870932774
2025-12-29,NVDA,-6.93538015199515e-05
2025-12-30,NVDA,7.452951969797445e-05
2025-12-31,NVDA,-3.125996111022879e-05
2026-01-02,NVDA,3.859676498091015e-06
2026-01-05,NVDA,8.174390288476922e-05
2026-01-06,NVDA,2.0680179577882412e-05
2026-01-07,NVDA,0.0001698298242542345
2026-01-08,NVDA,3.318490116377077e-05
2026-01-09,NVDA,-0.0001679837968574451
2026-01-12,NVDA,-3.50158153825416e-05
2026-01-13,NVDA,0.00010681198439311795
2026-01-14,NVDA,6.296261635932679e-05
2026-01-15,NVDA,8.333609718452921e-05
2026-01-16,NVDA,0.00023633945965284033
2026-01-20,NVDA,0.0005315938793277853
2026-01-21,NVDA,1.4292458119331791e-05
2026-01-22,NVDA,0.0001361011822493855
2026-01-23,NVDA,0.00016516060941955017
2026-01-26,NVDA,-4.887789571309887e-05
2026-01-27,NVDA,5.5075685327157075e-06
2026-01-28,NVDA,-8.967722145861581e-05
2026-01-29,NVDA,0.00036568522930770047
2025-10-30,GBPUSD=X,-1.5733608652820896e-05
2025-10-31,GBPUSD=X,0.0001767441504388126
2025-11-03,GBPUSD=X,0.0010773612909499828
2025-11-04,GBPUSD=X,1.2459506484542929e-05
2025-11-05,GBPUSD=X,0.0005498805711696269
2025-11-06,GBPUSD=X,-0.0005737688517534241
2025-11-07,GBPUSD=X,4.7373094332777804e-05
2025-11-10,GBPUSD=X,0.00018705619190960022
2025-11-11,GBPUSD=X,-9.947161071547894e-06
2025-11-12,GBPUSD=X,0.0004694793859112721
2025-11-13,GBPUSD=X,0.0003522028956488219
2025-11-14,GBPUSD=X,0.0005124161661300094
2025-11-17,GBPUSD=X,4.3700134726640846e-05
2025-11-18,GBPUSD=X,0.0007231665008493025
2025-11-19,GBPUSD=X,0.0002466975409505169
2025-11-20,GBPUSD=X,4.728656171465358e-05
2025-11-21,GBPUSD=X,-7.020210364533414e-05
2025-11-24,GBPUSD=X,0.000571837941607283
2025-11-25,GBPUSD=X,0.00019063976701988846
2025-11-26,GBPUSD=X,0.0003726720912863207
2025-11-27,GBPUSD=X,0.0004227232945564429
2025-11-28,GBPUSD=X,-2.2743212117299795e-05
2025-12-01,GBPUSD=X,0.00042576861675755674
2025-12-02,GBPUSD=X,-0.00035111600263110346
2025-12-03,GBPUSD=X,-0.0005166515647154643
2025-12-04,GBPUSD=X,0.0002009529764461306
2025-12-05,GBPUSD=X,0.0011924377925200116
2025-12-08,GBPUSD=X,0.0004767564835564244
2025-12-09,GBPUSD=X,0.00040338357985536966
2025-12-10,GBPUSD=X,0.0002538476592640955
2025-12-11,GBPUSD=X,0.0005902316587337187
2025-12-12,GBPUSD=X,0.0005029127710805114
2025-12-15,GBPUSD=X,0.00038727542092498673
2025-12-16,GBPUSD=X,0.0007203532625055897
2025-12-17,GBPUSD=X,-0.0005066638127137511
2025-12-18,GBPUSD=X,8.161701612227404e-06
2025-12-19,GBPUSD=X,0.0007141274516836034
2025-12-22,GBPUSD=X,0.0005878395980895155
2025-12-23,GBPUSD=X,-5.46971082606532e-05
2025-12-24,GBPUSD=X,0.0006538492458261607
2025-12-26,GBPUSD=X,1.6484437676294723e-05
2025-12-29,GBPUSD=X,9.19548434651315e-05
2025-12-30,GBPUSD=X,0.0005232122735558105
2025-12-31,GBPUSD=X,0.00018716224909110416
2026-01-02,GBPUSD=X,-2.9520047678023854e-05
2026-01-05,GBPUSD=X,-0.0002360710363817378
2026-01-06,GBPUSD=X,6.68274245138283e-05
2026-01-07,GBPUSD=X,-0.0001965317327945757
2026-01-08,GBPUSD=X,-0.0008443392193874901
2026-01-09,GBPUSD=X,8.123534301810585e-05
2026-01-12,GBPUSD=X,0.00019448940381872482
2026-01-13,GBPUSD=X,-0.0002723635936141026
2026-01-14,GBPUSD=X,-0.00012837899237446245
2026-01-15,GBPUSD=X,9.794118706187782e-05
2026-01-16,GBPUSD=X,-0.00029762456503933837
2026-01-19,GBPUSD=X,0.00011932616979641356
2026-01-20,GBPUSD=X,-0.0002356048636251037
2026-01-21,GBPUSD=X,-0.0001765649041039837
2026-01-22,GBPUSD=X,0.00036330607255990273
2026-01-23,GBPUSD=X,-0.00015694337744536494
2026-01-26,GBPUSD=X,0.0003411773411905367
2026-01-27,GBPUSD=X,-0.0001299456190518594
2026-01-28,GBPUSD=X,-0.00019817489688220177
2026-01-29,GBPUSD=X,-0.0007062402280439508
2025-10-31,AAPL,3.8540901470300284e-05
2025-11-03,AAPL,-5.5627113145311725e-05
2025-11-04,AAPL,3.443236554235182e-05
2025-11-05,AAPL,1.6621248021933553e-05
2025-11-06,AAPL,-5.2696949311035886e-05
2025-11-07,AAPL,2.4738681167353272e-05
2025-11-10,AAPL,2.8441826433910314e-05
2025-11-11,AAPL,-9.713383796294403e-06
2025-11-12,AAPL,-6.423302250700916e-05
2025-11-13,AAPL,-3.7593627195124305e-05
2025-11-14,AAPL,3.919347390645197e-05
2025-11-17,AAPL,5.9371658457351596e-05
2025-11-18,AAPL,-0.00012817122601832827
2025-11-19,AAPL,1.7976464795361005e-05
2025-11-20,AAPL,-7.96208897015077e-06
2025-11-21,AAPL,-5.102194841322547e-05
2025-11-24,AAPL,-5.70206329399387e-05
2025-11-25,AAPL,-5.544297961728931e-05
2025-11-26,AAPL,5.502839514239868e-05
2025-11-28,AAPL,4.9497169238762765e-05
2025-12-01,AAPL,3.410601856770107e-05
2025-12-02,AAPL,7.571911618375817e-05
2025-12-03,AAPL,-1.6090784957328516e-06
2025-12-04,AAPL,6.666118482881488e-05
2025-12-05,AAPL,0.00011143569533522442
2025-12-08,AAPL,6.168492701360275e-06
2025-12-09,AAPL,7.116870045675547e-05
2025-12-10,AAPL,0.00011255817504030831
2025-12-11,AAPL,3.1081532925523714e-05
2025-12-12,AAPL,6.6475815209825815e-06
2025-12-15,AAPL,-5.0611900476643955e-05
2025-12-16,AAPL,-2.172156303529323e-05
2025-12-17,AAPL,4.474374565152564e-05
2025-12-18,AAPL,-4.056885456521676e-05
2025-12-19,AAPL,8.685541321229013e-07
2025-12-22,AAPL,-1.816649473867614e-05
2025-12-23,AAPL,-5.243442886021748e-05
2025-12-24,AAPL,2.9236985213278035e-05
2025-12-26,AAPL,1.2944993615212272e-05
2025-12-29,AAPL,-2.8288581459852144e-05
2025-12-30,AAPL,5.9727942683715985e-05
2025-12-31,AAPL,-6.2921358209307e-05
2026-01-02,AAPL,3.856089856431522e-05
2026-01-05,AAPL,-3.30063292577342e-05
2026-01-06,AAPL,5.51664694820588e-05
2026-01-07,AAPL,0.00012235929056777576
2026-01-08,AAPL,7.105948054323388e-05
2026-01-09,AAPL,2.0119569772173824e-05
2026-01-12,AAPL,5.1851774322122245e-05
2026-01-13,AAPL,-5.708900045797757e-05
2026-01-14,AAPL,7.162518494766378e-05
2026-01-15,AAPL,-3.7565571998833116e-05
2026-01-16,AAPL,-1.3600217997746016e-05
2026-01-20,AAPL,0.00014420785274828394
2026-01-21,AAPL,0.00011686138017990507
2026-01-22,AAPL,9.044714095037428e-05
2026-01-23,AAPL,4.504180006909146e-05
2026-01-26,AAPL,0.00042541898487438967
2026-01-27,AAPL,-5.2827791682923e-07
2026-01-28,AAPL,-3.4916292021395125e-05
2026-01-29,AAPL,0.00011324499687911291
2025-10-30,USDINR=X,-0.00016969919511537217
2025-10-31,USDINR=X,0.0003500665697768342
2025-11-03,USDINR=X,-0.00034505670820943353
2025-11-04,USDINR=X,0.000508489278058929
2025-11-05,USDINR=X,0.0002670906435172632
2025-11-06,USDINR=X,0.0009954214603342501
2025-11-07,USDINR=X,-0.00015061044147711972
2025-11-10,USDINR=X,-6.707169359789557e-05
2025-11-11,USDINR=X,6.1655514833264806e-06
2025-11-12,USDINR=X,-1.2200087174229815e-05
2025-11-13,USDINR=X,0.00019144388237125426
2025-11-14,USDINR=X,-8.219267367521268e-06
2025-11-17,USDINR=X,-0.0005517617274838963
2025-11-18,USDINR=X,-0.0002922770761260079
2025-11-19,USDINR=X,0.00019736454743803807
2025-11-20,USDINR=X,0.0002485025968864139
2025-11-21,USDINR=X,0.0006250666048636535
2025-11-24,USDINR=X,-0.004850171971189856
2025-11-25,USDINR=X,0.00013691670093151986
2025-11-26,USDINR=X,0.004141746889451106
2025-11-27,USDINR=X,0.0003782828038028708
2025-11-28,USDINR=X,-0.0003769576140837584
2025-12-01,USDINR=X,0.0008711835169384794
2025-12-02,USDINR=X,0.0003214034007959675
2025-12-03,USDINR=X,-0.0003649361491245337
2025-12-04,USDINR=X,0.014514261431145948
2025-12-05,USDINR=X,-0.0002842015216619083
2025-12-08,USDINR=X,0.0001870138935255127
2025-12-09,USDINR=X,0.000866940574102088
2025-12-10,USDINR=X,0.006069774237771318
2025-12-11,USDINR=X,0.00011650917599244759
2025-12-12,USDINR=X,-2.7236545524148632e-05
2025-12-15,USDINR=X,0.00033501435911567764
2025-12-16,USDINR=X,0.00011374815042430596
2025-12-17,USDINR=X,-0.00010660021994935506
2025-12-18,USDINR=X,0.002518925391406355
2025-12-19,USDINR=X,0.00026083404852134654
2025-12-22,USDINR=X,0.0010288522184627882
2025-12-23,USDINR=X,0.0019402842731181614
2025-12-24,USDINR=X,0.0011110985288703627
2025-12-26,USDINR=X,0.0001766669425943204
2025-12-29,USDINR=X,-0.000373393592007127
2025-12-30,USDINR=X,-0.00023049890484801982
2025-12-31,USDINR=X,-0.0006237681022885776
2026-01-02,USDINR=X,0.0009436245770978906
2026-01-05,USDINR=X,-0.0027038935168838133
2026-01-06,USDINR=X,0.0007425861447470219
2026-01-07,USDINR=X,0.0004697141983501119
2026-01-08,USDINR=X,0.002247431728879195
2026-01-09,USDINR=X,-0.0002062399897299089
2026-01-12,USDINR=X,-0.0003726643275663111
2026-01-13,USDINR=X,0.0008003805796839594
2026-01-14,USDINR=X,0.00012071061725858114
2026-01-15,USDINR=X,-0.0003279296554784404
2026-01-16,USDINR=X,1.7732728603946093e-05
2026-01-19,USDINR=X,0.0005595812401184327
2026-01-20,USDINR=X,-0.0012413514831320822
2026-01-21,USDINR=X,0.0001811264030953522
2026-01-22,USDINR=X,-0.00020769118206897803
2026-01-23,USDINR=X,2.7907182533397935e-05
2026-01-26,USDINR=X,-0.00021236693953262948
2026-01-27,USDINR=X,0.0009544975563735393
2026-01-28,USDINR=X,-0.00032503855375933975
2026-01-29,USDINR=X,-0.00010985342421540622
2025-10-31,GOOGL,3.143769025619e-05
2025-11-03,GOOGL,-0.0010602163420974963
2025-11-04,GOOGL,-0.0006555499160920661
2025-11-05,GOOGL,-0.0008388902900419805
2025-11-06,GOOGL,-0.0007824297132927832
2025-11-07,GOOGL,0.00026686276211279955
2025-11-10,GOOGL,-0.0004642041626493594
2025-11-11,GOOGL,0.0009263571621317977
2025-11-12,GOOGL,0.0019114702609021568
2025-11-13,GOOGL,0.0011975209902289898
2025-11-14,GOOGL,-0.00017248421537677713
2025-11-17,GOOGL,5.2519722946665684e-05
2025-11-18,GOOGL,5.563915542753488e-05
2025-11-19,GOOGL,-0.000294521134281869
2025-11-20,GOOGL,-0.00018089515077900943
2025-11-21,GOOGL,-0.0005870789180411757
2025-11-24,GOOGL,0.00031753695457554414
2025-11-25,GOOGL,-0.0010635378475146455
2025-11-26,GOOGL,0.00023874675549622753
2025-11-28,GOOGL,0.0001442823614786889
2025-12-01,GOOGL,0.0004267959846057102
2025-12-02,GOOGL,6.782737963807614e-05
2025-12-03,GOOGL,-0.0007782248326898655
2025-12-04,GOOGL,0.0014579525065237726
2025-12-05,GOOGL,-0.001403506004219631
2025-12-08,GOOGL,0.0009040536529229696
2025-12-09,GOOGL,-0.0008704392122858772
2025-12-10,GOOGL,0.0007967612734740304
2025-12-11,GOOGL,-0.00036371607280456645
2025-12-12,GOOGL,0.00131557606465005
2025-12-15,GOOGL,0.000997485560125223
2025-12-16,GOOGL,0.0004291493940088003
2025-12-17,GOOGL,-8.729985515079105e-05
2025-12-18,GOOGL,0.0007787622992581096
2025-12-19,GOOGL,-0.00025198089772318286
2025-12-22,GOOGL,0.0009576442868115051
2025-12-23,GOOGL,0.0007724205742989762
2025-12-24,GOOGL,8.00616529400069e-05
2025-12-26,GOOGL,0.0007534531609425639
2025-12-29,GOOGL,0.0008221493092063606
2025-12-30,GOOGL,0.00046864461300959507
2025-12-31,GOOGL,-0.0009189059316595368
2026-01-02,GOOGL,-0.00016753755838379273
2026-01-05,GOOGL,0.0010571080333404473
2026-01-06,GOOGL,-0.0003226179086560734
2026-01-07,GOOGL,0.00045387436663017267
2026-01-08,GOOGL,0.0009780238426574815
2026-01-09,GOOGL,0.0010608590525904612
2026-01-12,GOOGL,0.0007901596323115838
2026-01-13,GOOGL,0.00011154927014157296
2026-01-14,GOOGL,-0.0007962755939688349
2026-01-15,GOOGL,-0.0014336826978700833
2026-01-16,GOOGL,0.0009061447012588967
2026-01-20,GOOGL,0.0006980634011897477
2026-01-21,GOOGL,0.00041118057923929794
2026-01-22,GOOGL,0.0022783968366144347
2026-01-23,GOOGL,0.001992213190549736
2026-01-26,GOOGL,0.0019569038520886256
2026-01-27,GOOGL,-0.00015174865101978517
2026-01-28,GOOGL,0.0010021058956426172
2026-01-29,GOOGL,0.0015709564796909917
2025-10-30,USDJPY=X,5.247027420127942e-05
2025-10-31,USDJPY=X,0.0005090030370976375
2025-11-03,USDJPY=X,3.716481849980056e-05
2025-11-04,USDJPY=X,0.0001272835548925745
2025-11-05,USDJPY=X,2.320541618745391e-06
2025-11-06,USDJPY=X,0.0002738315963871202
2025-11-07,USDJPY=X,2.1382804355674148e-05
2025-11-10,USDJPY=X,-0.00011745855730379969
2025-11-11,USDJPY=X,-0.00031058090512230943
2025-11-12,USDJPY=X,-0.000107958708994419
2025-11-13,USDJPY=X,-0.0004570383209602775
2025-11-14,USDJPY=X,3.4363283119588466e-05
2025-11-17,USDJPY=X,0.00016564282450982928
2025-11-18,USDJPY=X,4.767580651067024e-05
2025-11-19,USDJPY=X,0.0002934604949157511
2025-11-20,USDJPY=X,0.0002375468022909596
2025-11-21,USDJPY=X,0.00010094318560334228
2025-11-24,USDJPY=X,-0.00031492088813411974
2025-11-25,USDJPY=X,-0.0003211616564231604
2025-11-26,USDJPY=X,0.00025708974969264765
2025-11-27,USDJPY=X,4.67699273098703e-05
2025-11-28,USDJPY=X,-2.3129896289155394e-05
2025-12-01,USDJPY=X,0.00027160904077505485
2025-12-02,USDJPY=X,-0.0002918355755633448
2025-12-03,USDJPY=X,0.0002353847165411731
2025-12-04,USDJPY=X,-0.00015636235444718585
2025-12-05,USDJPY=X,4.21765934664877e-05
2025-12-08,USDJPY=X,0.000215287562276061
2025-12-09,USDJPY=X,-0.00019718587864475984
2025-12-10,USDJPY=X,0.00018117811205545207
2025-12-11,USDJPY=X,-0.00019736487940513959
2025-12-12,USDJPY=X,0.00010149405451835301
2025-12-15,USDJPY=X,0.00020228325072736009
2025-12-16,USDJPY=X,0.00017747666640161803
2025-12-17,USDJPY=X,0.0001247417610603875
2025-12-18,USDJPY=X,0.00036211077484322275
2025-12-19,USDJPY=X,-0.00027730507488444954
2025-12-22,USDJPY=X,4.074790983702381e-05
2025-12-23,USDJPY=X,-0.00039687408859528386
2025-12-24,USDJPY=X,3.975815827032334e-05
2025-12-26,USDJPY=X,0.00045005473648557866
2025-12-29,USDJPY=X,0.00039239077340799374
2025-12-30,USDJPY=X,-0.00010823647080584555
2025-12-31,USDJPY=X,8.819087579433073e-05
2026-01-02,USDJPY=X,-0.00024574133395494557
2026-01-05,USDJPY=X,-6.2192816253747855e-06
2026-01-06,USDJPY=X,0.0001709603221230043
2026-01-07,USDJPY=X,-3.356768398091446e-05
2026-01-08,USDJPY=X,0.00030190067458715417
2026-01-09,USDJPY=X,2.9906564366822634e-06
2026-01-12,USDJPY=X,1.4423051900003347e-06
2026-01-13,USDJPY=X,0.00028183296780339974
2026-01-14,USDJPY=X,-0.00029867765416821397
2026-01-15,USDJPY=X,8.854952625639074e-05
2026-01-16,USDJPY=X,8.59839000860118e-05
2026-01-19,USDJPY=X,0.00040175213518380183
2026-01-20,USDJPY=X,0.00017886736250557935
2026-01-21,USDJPY=X,-7.60758640795169e-05
2026-01-22,USDJPY=X,-0.00030098004698269444
2026-01-23,USDJPY=X,0.00033849492347946884
2026-01-26,USDJPY=X,0.00020189520405994391
2026-01-27,USDJPY=X,-0.00012492473086758455
2026-01-28,USDJPY=X,0.0004232982618707777
2026-01-29,USDJPY=X,0.0001879872084541613
2025-11-06,RELIANCE.NS,-2.4694033777007576e-05
2025-11-07,RELIANCE.NS,0.00017801395444785463
2025-11-10,RELIANCE.NS,-2.6106415237307985e-05
2025-11-11,RELIANCE.NS,-7.016393665289129e-05
2025-11-12,RELIANCE.NS,0.0002669122884731692
2025-11-13,RELIANCE.NS,0.0002442228746844647
2025-11-14,RELIANCE.NS,9.108909615719608e-05
2025-11-17,RELIANCE.NS,0.00027114313525970903
2025-11-18,RELIANCE.NS,0.00018383641240975226
2025-11-19,RELIANCE.NS,0.000256829916674714
2025-11-20,RELIANCE.NS,0.0001403927620717758
2025-11-21,RELIANCE.NS,0.0001836730253780378
2025-11-24,RELIANCE.NS,0.0002750332449368146
2025-11-25,RELIANCE.NS,5.6569746096754975e-05
2025-11-26,RELIANCE.NS,7.153641355500517e-05
2025-11-27,RELIANCE.NS,7.945640327233773e-05
2025-11-28,RELIANCE.NS,0.00023586040728695642
2025-12-01,RELIANCE.NS,0.00015787837942462035
2025-12-02,RELIANCE.NS,0.00024213024202800014
2025-12-03,RELIANCE.NS,0.00022380741340252268
2025-12-04,RELIANCE.NS,8.643185470250532e-05
2025-12-05,RELIANCE.NS,0.00017938558087738905
2025-12-08,RELIANCE.NS,0.00022482571477673143
2025-12-09,RELIANCE.NS,0.00012169961402962742
2025-12-10,RELIANCE.NS,0.0001371661173099582
2025-12-11,RELIANCE.NS,0.0002008930295737849
2025-12-12,RELIANCE.NS,0.0002410572953837321
2025-12-15,RELIANCE.NS,5.9089050409573735e-05
2025-12-16,RELIANCE.NS,-4.304534049165133e-05
2025-12-17,RELIANCE.NS,8.655464702756392e-05
2025-12-18,RELIANCE.NS,0.0003750627643278529
2025-12-19,RELIANCE.NS,6.912548383554141e-05
2025-12-22,RELIANCE.NS,0.00018607683379397557
2025-12-23,RELIANCE.NS,0.00019708381606353998
2025-12-24,RELIANCE.NS,7.393385729954307e-05
2025-12-26,RELIANCE.NS,6.275320184602607e-05
2025-12-29,RELIANCE.NS,0.00016967202467081243
2025-12-30,RELIANCE.NS,-3.560763211712663e-05
2025-12-31,RELIANCE.NS,0.00012638401553985177
2026-01-01,RELIANCE.NS,-0.00016858758190165137
2026-01-02,RELIANCE.NS,2.0238357124863287e-05
2026-01-05,RELIANCE.NS,2.2207122921729466e-05
2026-01-06,RELIANCE.NS,-5.7874115720489576e-05
2026-01-07,RELIANCE.NS,5.8329213668021105e-05
2026-01-08,RELIANCE.NS,0.0012503471888907136
2026-01-09,RELIANCE.NS,0.000751654916287754
2026-01-12,RELIANCE.NS,0.00044598214697943154
2026-01-13,RELIANCE.NS,-0.00017077700983137177
2026-01-14,RELIANCE.NS,-0.000220589527232641
2026-01-15,RELIANCE.NS,-0.0002586776254107947
2026-01-16,RELIANCE.NS,-0.00015415464785149905
2026-01-19,RELIANCE.NS,0.00045426603470168813
2026-01-20,RELIANCE.NS,0.00021415287488005735
2026-01-21,RELIANCE.NS,9.774436439846085e-05
2026-01-22,RELIANCE.NS,-0.00045662484250605904
2026-01-23,RELIANCE.NS,3.5570951998133415e-05
2026-01-27,RELIANCE.NS,9.13809353387675e-05
2026-01-28,RELIANCE.NS,0.00018267783554308563
2026-01-29,RELIANCE.NS,-8.114952412007259e-06
2025-11-06,HDFCBANK.NS,-0.0002904828113851295
2025-11-07,HDFCBANK.NS,-0.0001242237828680907
2025-11-10,HDFCBANK.NS,-0.00021190874970080607
2025-11-11,HDFCBANK.NS,-6.58352506485455e-06
2025-11-12,HDFCBANK.NS,7.008656961300969e-06
2025-11-13,HDFCBANK.NS,0.00019062541651419573
2025-11-14,HDFCBANK.NS,0.00011054149030767193
2025-11-17,HDFCBANK.NS,0.0002073009684395778
2025-11-18,HDFCBANK.NS,-0.00010575941676587958
2025-11-19,HDFCBANK.NS,0.000187306540683494
2025-11-20,HDFCBANK.NS,0.00016784549454639002
2025-11-21,HDFCBANK.NS,-3.7017661088442684e-05
2025-11-24,HDFCBANK.NS,1.3590893727453448e-05
2025-11-25,HDFCBANK.NS,3.282751310475175e-05
2025-11-26,HDFCBANK.NS,6.76942649594229e-05
2025-11-27,HDFCBANK.NS,0.00014655183590285857
2025-11-28,HDFCBANK.NS,1.57644641211404e-05
2025-12-01,HDFCBANK.NS,0.00010013373026664961
2025-12-02,HDFCBANK.NS,0.00017262083303429997
2025-12-03,HDFCBANK.NS,0.00030723210782479445
2025-12-04,HDFCBANK.NS,0.00012436758070037517
2025-12-05,HDFCBANK.NS,0.00011027233816841665
2025-12-08,HDFCBANK.NS,0.00017705911601805438
2025-12-09,HDFCBANK.NS,-5.636857497614323e-05
2025-12-10,HDFCBANK.NS,-4.654957491066057e-05
2025-12-11,HDFCBANK.NS,-5.980588859545909e-05
2025-12-12,HDFCBANK.NS,6.225908247634054e-05
2025-12-15,HDFCBANK.NS,7.164809005349861e-05
2025-12-16,HDFCBANK.NS,-1.5293624829633997e-05
2025-12-17,HDFCBANK.NS,0.0001076500879828778
2025-12-18,HDFCBANK.NS,-0.00015719086052756447
2025-12-19,HDFCBANK.NS,0.00014341940525654844
2025-12-22,HDFCBANK.NS,-0.00021002717339554556
2025-12-23,HDFCBANK.NS,7.066817922003404e-05
2025-12-24,HDFCBANK.NS,8.078642591068757e-05
2025-12-26,HDFCBANK.NS,-5.962251768597176e-05
2025-12-29,HDFCBANK.NS,0.00012332920998050375
2025-12-30,HDFCBANK.NS,1.245232539590702e-05
2025-12-31,HDFCBANK.NS,0.0001866697123835839
2026-01-01,HDFCBANK.NS,0.00013136273066682418
2026-01-02,HDFCBANK.NS,6.228882756808432e-05
2026-01-05,HDFCBANK.NS,3.3148154335153444e-05
2026-01-06,HDFCBANK.NS,6.878584387869727e-05
2026-01-07,HDFCBANK.NS,0.0002466447330552097
2026-01-08,HDFCBANK.NS,0.00018078054769774817
2026-01-09,HDFCBANK.NS,0.00019884926716903155
2026-01-12,HDFCBANK.NS,0.00011380400349079844
2026-01-13,HDFCBANK.NS,-3.723473293270582e-05
2026-01-14,HDFCBANK.NS,-0.00021320862492161578
2026-01-15,HDFCBANK.NS,0.00010263111703174786
2026-01-16,HDFCBANK.NS,0.0001732960063023601
2026-01-19,HDFCBANK.NS,0.00033965240324905754
2026-01-20,HDFCBANK.NS,0.00023918854066501343
2026-01-21,HDFCBANK.NS,6.853074205250238e-05
2026-01-22,HDFCBANK.NS,-3.150755988936726e-06
2026-01-23,HDFCBANK.NS,0.0001839474275283174
2026-01-27,HDFCBANK.NS,0.0013797801053770245
2026-01-28,HDFCBANK.NS,0.0010304738105020401
2026-01-29,HDFCBANK.NS,-0.00014565891150753786
2025-10-31,META,6.367697507488667e-05
2025-11-03,META,3.8779672795016275e-05
2025-11-04,META,6.82294016265817e-05
2025-11-05,META,1.2753945558384726e-06
2025-11-06,META,-4.172937520681965e-05
2025-11-07,META,-9.343594341692886e-05
2025-11-10,META,-6.27996688301854e-05
2025-11-11,META,1.5829617000276754e-05
2025-11-12,META,0.00010000781740896066
2025-11-13,META,1.8759558792381786e-05
2025-11-14,META,4.933581820906592e-05
2025-11-17,META,3.800083190237662e-05
2025-11-18,META,4.9436453939015025e-05
2025-11-19,META,-4.3496647313520404e-05
2025-11-20,META,0.00032229503672784364
2025-11-21,META,4.573908281252621e-05
2025-11-24,META,2.881278719136455e-05
2025-11-25,META,-5.33091988076592e-05
2025-11-26,META,7.080242678945803e-05
2025-11-28,META,-9.854865731361671e-05
2025-12-01,META,-0.00010670399639292658
2025-12-02,META,0.0004209739923500027
2025-12-03,META,0.00026039491003359807
2025-12-04,META,3.7781373303119905e-05
2025-12-05,META,3.611071233667569e-06
2025-12-08,META,-0.00023297349231675242
2025-12-09,META,-0.00038312515067638733
2025-12-10,META,-6.555085597005517e-05
2025-12-11,META,-7.055139020606626e-07
2025-12-12,META,-1.595542786180075e-05
2025-12-15,META,-9.384769516518033e-05
2025-12-16,META,-0.000617195937483622
2025-12-17,META,-0.00015068441231780452
2025-12-18,META,-0.00014234016436756334
2025-12-19,META,-0.00031197493955035805
2025-12-22,META,-3.17063902603096e-05
2025-12-23,META,4.324039302569006e-05
2025-12-24,META,-9.341359527496008e-05
2025-12-26,META,0.000155745080915369
2025-12-29,META,4.814318827293253e-05
2025-12-30,META,0.00046752131273242116
2025-12-31,META,-3.0768890381916675e-05
2026-01-02,META,0.00014832912558741918
2026-01-05,META,7.22395293675626e-05
2026-01-06,META,0.00021228664488697968
2026-01-07,META,0.0002456892936475977
2026-01-08,META,0.0003366103493346706
2026-01-09,META,0.000340201857083222
2026-01-12,META,4.450830848468549e-05
2026-01-13,META,0.00010554089463831105
2026-01-14,META,0.00011262575331993439
2026-01-15,META,4.566420194624631e-06
2026-01-16,META,0.00018416268768857276
2026-01-20,META,7.243136852375546e-05
2026-01-21,META,-0.0003564532665899052
2026-01-22,META,9.108918342351656e-05
2026-01-23,META,-2.6914307040807913e-05
2026-01-26,META,-3.982225510661858e-05
2026-01-27,META,-8.194724639299653e-05
2026-01-28,META,2.9001339424033238e-05
2026-01-29,META,-4.5846322458296224e-05
2025-10-31,SPY,0.00013573872364771444
2025-11-03,SPY,-4.3234370005619805e-05
2025-11-04,SPY,2.5690159814628365e-05
2025-11-05,SPY,9.106075052718352e-05
2025-11-06,SPY,-0.00017847904862947525
2025-11-07,SPY,-0.00010762074294766739
2025-11-10,SPY,-6.388418808561585e-05
2025-11-11,SPY,-1.1417932042916993e-05
2025-11-12,SPY,-2.840852206849294e-05
2025-11-13,SPY,3.777720045888505e-05
2025-11-14,SPY,8.500550901004995e-05
2025-11-17,SPY,0.0013411279826111425
2025-11-18,SPY,5.669153098359401e-05
2025-11-19,SPY,0.00026371194841609845
2025-11-20,SPY,9.32612493706222e-05
2025-11-21,SPY,-0.000448459728990412
2025-11-24,SPY,0.00012033069489556964
2025-11-25,SPY,7.895012344968562e-06
2025-11-26,SPY,3.149962142844794e-05
2025-11-28,SPY,-0.0003058353239124027
2025-12-01,SPY,-5.722144218402687e-05
2025-12-02,SPY,-0.000214586336733404
2025-12-03,SPY,0.00013773988564530737
2025-12-04,SPY,7.717101301870297e-05
2025-12-05,SPY,8.184613809631555e-05
2025-12-08,SPY,0.00018269805460142128
2025-12-09,SPY,2.1877860517060234e-05
2025-12-10,SPY,0.0001886241074187143
2025-12-11,SPY,5.919841453914288e-05
2025-12-12,SPY,-7.715152603529065e-05
2025-12-15,SPY,-0.0001314421393752821
2025-12-16,SPY,-0.0015327863866339195
2025-12-17,SPY,-6.905388419173931e-05
2025-12-18,SPY,-0.000153046476910981
2025-12-19,SPY,4.837581995018709e-05
2025-12-22,SPY,5.630973103287139e-05
2025-12-23,SPY,0.0001368447476675715
2025-12-24,SPY,-1.0800487284631034e-06
2025-12-26,SPY,3.9834705986053606e-05
2025-12-29,SPY,-2.19435818345093e-05
2025-12-30,SPY,0.0002446182512328212
2025-12-31,SPY,-4.238108710796988e-05
2026-01-02,SPY,0.00018727867182864947
2026-01-05,SPY,0.00038928119500438656
2026-01-06,SPY,-5.0456589416728566e-05
2026-01-07,SPY,0.0005672301299519443
2026-01-08,SPY,0.0002109819165747448
2026-01-09,SPY,0.00020935983032131536
2026-01-12,SPY,-2.258615494954922e-05
2026-01-13,SPY,0.00018954905002874052
2026-01-14,SPY,0.00011722146580705808
2026-01-15,SPY,-0.00012132304636295943
2026-01-16,SPY,-3.702309218408326e-05
2026-01-20,SPY,0.00017087637993341669
2026-01-21,SPY,0.00016517195130276427
2026-01-22,SPY,0.00039360283958102276
2026-01-23,SPY,-1.2904008909602543e-05
2026-01-26,SPY,-8.825048963022301e-05
2026-01-27,SPY,-0.00010151654445484729
2026-01-28,SPY,-4.418774828264343e-05
2026-01-29,SPY,-5.9730178400624994e-05
2025-10-31,DX-Y.NYB,-0.0004303277650860087
2025-11-03,DX-Y.NYB,-0.00028867318863611333
2025-11-04,DX-Y.NYB,0.0001873500952588527
2025-11-05,DX-Y.NYB,0.001022601490470698
2025-11-06,DX-Y.NYB,0.0001733765337117086
2025-11-07,DX-Y.NYB,0.00016854408951993898
2025-11-10,DX-Y.NYB,-8.43120342305064e-05
2025-11-11,DX-Y.NYB,-0.0005861928704912153
2025-11-12,DX-Y.NYB,-0.0009156169264085637
2025-11-13,DX-Y.NYB,-0.00235827791356603
2025-11-14,DX-Y.NYB,-0.00033237854512992946
2025-11-17,DX-Y.NYB,0.0004932026260979608
2025-11-18,DX-Y.NYB,0.0004329617285184819
2025-11-19,DX-Y.NYB,-0.00013301126079333695
2025-11-20,DX-Y.NYB,0.0002082886722521576
2025-11-21,DX-Y.NYB,-0.00011437075610394129
2025-11-24,DX-Y.NYB,-0.0007543298265252341
2025-11-25,DX-Y.NYB,-7.084404141294634e-05
2025-11-26,DX-Y.NYB,0.0005252745173736374
2025-11-28,DX-Y.NYB,0.0015704199640987422
2025-12-01,DX-Y.NYB,0.00025611660848082055
2025-12-02,DX-Y.NYB,0.0005392129790534729
2025-12-03,DX-Y.NYB,0.001175132842982801
2025-12-04,DX-Y.NYB,0.0011916035956973815
2025-12-05,DX-Y.NYB,0.002771097739790016
2025-12-08,DX-Y.NYB,0.0013846666119618624
2025-12-09,DX-Y.NYB,0.0005746772314529877
2025-12-10,DX-Y.NYB,0.0005349884973907962
2025-12-11,DX-Y.NYB,-0.00402415268581018
2025-12-12,DX-Y.NYB,0.000655628965618587
2025-12-15,DX-Y.NYB,0.0010028443514890288
2025-12-16,DX-Y.NYB,0.0017726293969600757
2025-12-17,DX-Y.NYB,0.0002863002059907725
2025-12-18,DX-Y.NYB,-0.0014720236532780936
2025-12-19,DX-Y.NYB,-0.0012635647432304577
2025-12-22,DX-Y.NYB,0.0012638060428641136
2025-12-23,DX-Y.NYB,0.00048024942997902805
2025-12-24,DX-Y.NYB,0.0019909881945469974
2025-12-26,DX-Y.NYB,0.0011823063878311087
2025-12-29,DX-Y.NYB,0.0008391531854712711
2025-12-30,DX-Y.NYB,0.00026737124918075705
2025-12-31,DX-Y.NYB,-0.00013581911799067544
2026-01-02,DX-Y.NYB,-0.00014896396611048076
2026-01-05,DX-Y.NYB,-0.00046548532582093866
2026-01-06,DX-Y.NYB,-0.002103913989160165
2026-01-07,DX-Y.NYB,0.0017965209598088576
2026-01-08,DX-Y.NYB,0.0008543601890744479
2026-01-09,DX-Y.NYB,-0.00042733509782894464
2026-01-12,DX-Y.NYB,-0.0012082062784033996
2026-01-13,DX-Y.NYB,-0.0020082643946298796
2026-01-14,DX-Y.NYB,-0.0009703546922492955
2026-01-15,DX-Y.NYB,0.0006529721174330847
2026-01-16,DX-Y.NYB,0.0007523077786471745
2026-01-20,DX-Y.NYB,0.0012174658811073742
2026-01-21,DX-Y.NYB,4.7516384824345896e-05
2026-01-22,DX-Y.NYB,-0.0002307649342369288
2026-01-23,DX-Y.NYB,-5.3353099005130295e-05
2026-01-26,DX-Y.NYB,0.0004861391663277883
2026-01-27,DX-Y.NYB,0.0031029834421186
2026-01-28,DX-Y.NYB,0.0007451526233832916
2026-01-29,DX-Y.NYB,-0.0007376470284458798
2025-10-31,GC=F,0.00039309877234622694
2025-11-03,GC=F,0.001138999390319745
2025-11-04,GC=F,0.00012408985608626898
2025-11-05,GC=F,0.00048342098131467175
2025-11-06,GC=F,0.0004222218770316793
2025-11-07,GC=F,0.0007496968329598666
2025-11-10,GC=F,0.0010820290777275798
2025-11-11,GC=F,9.909949710261326e-05
2025-11-12,GC=F,-1.9805812846086436e-06
2025-11-13,GC=F,-0.0013145716220427017
2025-11-14,GC=F,-0.00019367630517612346
2025-11-17,GC=F,-0.00027730953792272253
2025-11-18,GC=F,0.0005795033104331743
2025-11-19,GC=F,0.00012589782234291466
2025-11-20,GC=F,-0.0005140759002472437
2025-11-21,GC=F,-0.0006331047678444648
2025-11-24,GC=F,0.0003118552903271064
2025-11-25,GC=F,0.0005541435307529009
2025-11-26,GC=F,-0.0006078787810389367
2025-11-28,GC=F,0.0011653289617498692
2025-12-01,GC=F,4.5111886554919506e-05
2025-12-02,GC=F,-0.0007781757234350799
2025-12-03,GC=F,-0.00046770566549637747
2025-12-04,GC=F,-0.001084877933614024
2025-12-05,GC=F,-0.00015931534344686444
2025-12-08,GC=F,5.122207085458856e-05
2025-12-09,GC=F,0.003134299497467931
2025-12-10,GC=F,0.0003376537663977509
2025-12-11,GC=F,0.0004913582361472188
2025-12-12,GC=F,-0.00014659992229903524
2025-12-15,GC=F,-0.0004928515141453585
2025-12-16,GC=F,0.00030025935104513175
2025-12-17,GC=F,0.00018691984611448915
2025-12-18,GC=F,-0.00029238916909353827
2025-12-19,GC=F,-0.0005815756297904829
2025-12-22,GC=F,-0.0003803074366678457
2025-12-23,GC=F,-0.00010250119093714367
2025-12-24,GC=F,-0.00029448851929862654
2025-12-26,GC=F,-0.000500935229148974
2025-12-29,GC=F,0.0004269200052863369
2025-12-30,GC=F,-3.2092999843749424e-05
2025-12-31,GC=F,-0.0010485419118904092
2026-01-02,GC=F,-0.0007938581472029497
2026-01-05,GC=F,-0.0012595952856032935
2026-01-06,GC=F,0.00016141462920816397
2026-01-07,GC=F,0.0031412446393314585
2026-01-08,GC=F,0.001870677135089101
2026-01-09,GC=F,-0.0012902121314397753
2026-01-12,GC=F,0.00045827804553719457
2026-01-13,GC=F,-0.0004187789217932618
2026-01-14,GC=F,-0.0002409242945093756
2026-01-15,GC=F,0.0004601990191701299
2026-01-16,GC=F,0.000736301929353227
2026-01-20,GC=F,-0.00032765031411813273
2026-01-21,GC=F,-0.00022278013434212602
2026-01-22,GC=F,-0.00015226405202122488
2026-01-23,GC=F,-0.0002328498051154939
2026-01-26,GC=F,-0.0009162541322861644
2026-01-27,GC=F,-0.0007863609152964861
2026-01-28,GC=F,-0.0004927580611704277
2026-01-29,GC=F,-0.0010516752485492992
2025-10-31,XOM,0.00012391299161850357
2025-11-03,XOM,0.00012145110094841579
2025-11-04,XOM,0.00038248255723203906
2025-11-05,XOM,0.00011608507003873318
2025-11-06,XOM,-1.2074074824714008e-05
2025-11-07,XOM,9.56906461314967e-05
2025-11-10,XOM,-3.248257741412176e-07
2025-11-11,XOM,0.0001480395196910011
2025-11-12,XOM,4.3884905199527905e-06
2025-11-13,XOM,0.00013869152749900824
2025-11-14,XOM,0.0002154649642763773
2025-11-17,XOM,0.00010792507887388515
2025-11-18,XOM,-2.2567773617646637e-05
2025-11-19,XOM,0.00012896548751890126
2025-11-20,XOM,2.714983591588632e-05
2025-11-21,XOM,-5.9143472814224485e-06
2025-11-24,XOM,-0.00017439843300547689
2025-11-25,XOM,-1.6374042125366122e-05
2025-11-26,XOM,-0.00018515616781085073
2025-11-28,XOM,5.4711167545174774e-05
2025-12-01,XOM,0.00018970091572314152
2025-12-02,XOM,0.00011623663389413962
2025-12-03,XOM,0.00011582090482376982
2025-12-04,XOM,7.221162472737084e-05
2025-12-05,XOM,8.086625551538201e-05
2025-12-08,XOM,4.2822418196235654e-05
2025-12-09,XOM,6.390811897850265e-05
2025-12-10,XOM,-3.063053316320664e-05
2025-12-11,XOM,1.4832896726870433e-06
2025-12-12,XOM,1.4093088128281828e-05
2025-12-15,XOM,-9.667668672469735e-05
2025-12-16,XOM,0.00013770423414675542
2025-12-17,XOM,-9.376050137100565e-05
2025-12-18,XOM,0.00012518780649592155
2025-12-19,XOM,-1.8195054651059222e-05
2025-12-22,XOM,-0.00019766821867226887
2025-12-23,XOM,-2.29760794719534e-05
2025-12-24,XOM,1.1657202038995965e-05
2025-12-26,XOM,7.690972011140177e-06
2025-12-29,XOM,0.00017277577968128293
2025-12-30,XOM,0.00017373192355340028
2025-12-31,XOM,3.5758699806559915e-05
2026-01-02,XOM,-6.389843089143799e-05
2026-01-05,XOM,0.00012908662885227526
2026-01-06,XOM,3.502561909285163e-05
2026-01-07,XOM,0.00016514144789154072
2026-01-08,XOM,0.0004516787095980033
2026-01-09,XOM,0.00010589344582717772
2026-01-12,XOM,-1.6863341255801277e-05
2026-01-13,XOM,5.454833229293484e-05
2026-01-14,XOM,-0.00044844599934881156
2026-01-15,XOM,0.00011652296813239812
2026-01-16,XOM,0.00014707528770808623
2026-01-20,XOM,0.00012233538287499904
2026-01-21,XOM,8.863019570102157e-05
2026-01-22,XOM,-2.656709576133834e-06
2026-01-23,XOM,-0.00018620095270562834
2026-01-26,XOM,3.426754365603255e-05
2026-01-27,XOM,-0.00012547875220103176
2026-01-28,XOM,-0.00012039557977571088
2026-01-29,XOM,-0.00024476994231244437
2026-05-08,SBIN.NS,0.0016619131672437166
2026-05-11,SBIN.NS,0.00011760965315187554
2026-05-12,SBIN.NS,0.0007541736654195912
2026-05-13,SBIN.NS,2.0997513303158603e-06
2026-05-14,SBIN.NS,0.0005031064676720284
2026-05-15,SBIN.NS,0.0003072373064315519
2026-05-18,SBIN.NS,-0.00018839818047289397
2026-05-19,SBIN.NS,0.0007419495568796579
2026-05-20,SBIN.NS,0.0006237415588631812
2026-05-21,SBIN.NS,0.0018074721619426482
2026-05-22,SBIN.NS,0.001415965572834673
2026-05-25,SBIN.NS,-0.00041615530373850394
2026-05-26,SBIN.NS,0.0010354646254338244
2026-05-27,SBIN.NS,-0.00014289179306875186
2026-05-28,SBIN.NS,-0.00024293470609046554
2026-05-29,SBIN.NS,-0.00021380321961940376
2026-06-01,SBIN.NS,-0.000371898580148819
2026-06-02,SBIN.NS,-0.00014567519087896701
2026-06-03,SBIN.NS,-1.8514281868391836e-05
2026-06-04,SBIN.NS,4.809697561806655e-05
2026-06-05,SBIN.NS,0.00044865984346157626
2026-06-08,SBIN.NS,-0.00032116610116830996
2026-06-09,SBIN.NS,-6.797060219386953e-05
2026-06-10,SBIN.NS,-9.914406025062422e-05
2026-06-11,SBIN.NS,3.033412647124091e-05
2026-06-12,SBIN.NS,-0.0010464250695383535
2026-06-15,SBIN.NS,-0.0006984959255435349
2026-06-16,SBIN.NS,-0.0002791802558786
2026-06-17,SBIN.NS,0.00021083393630200075
2026-06-18,SBIN.NS,-4.2986711065460146e-05
2026-06-19,SBIN.NS,0.0004221675296135662
2026-06-22,SBIN.NS,6.447660719703495e-05
2026-06-23,SBIN.NS,0.00011608108181525236
2026-06-24,SBIN.NS,0.00016710343174898394
2026-06-25,SBIN.NS,0.0005430885308902333
2026-06-26,SBIN.NS,-9.797048347577113e-07
2026-06-29,SBIN.NS,0.00010123993452946298
2026-06-30,SBIN.NS,0.0002967559919024681
2026-07-01,SBIN.NS,0.0001984442305526341
2026-07-02,SBIN.NS,0.00025484471829357376
2026-07-03,SBIN.NS,0.00016295102067238068
2026-07-06,SBIN.NS,0.00010454953391213661
2026-07-07,SBIN.NS,9.506327451891844e-05
2026-07-08,SBIN.NS,0.0004008180481614016
2026-07-09,SBIN.NS,0.0001948844325526668
2026-07-10,SBIN.NS,0.00031128898507695203
2026-07-13,SBIN.NS,-8.502082619538116e-05
2026-07-14,SBIN.NS,3.2445742592611004e-05
2026-07-15,SBIN.NS,0.00035011466711423213
2026-07-16,SBIN.NS,0.00019870599484492376
2026-07-17,SBIN.NS,5.743339430982502e-05
2026-07-20,SBIN.NS,-4.38812431130804e-05
2026-07-21,SBIN.NS,-0.00010734017552243992
2026-07-22,SBIN.NS,8.683055302263826e-05
2026-07-23,SBIN.NS,9.311997572227164e-05
2026-07-24,SBIN.NS,-0.0006595569114161064
2026-07-27,SBIN.NS,-2.4627237984658727e-05
2026-07-28,SBIN.NS,0.0001289178711167151
2026-07-29,SBIN.NS,0.00014836045966734626
2026-07-30,SBIN.NS,-0.0002165116839945213
2026-05-08,RELIANCE.NS,0.000278835480405653
2026-05-11,RELIANCE.NS,-0.00014350137793306308
2026-05-12,RELIANCE.NS,0.0002130867451325699
2026-05-13,RELIANCE.NS,0.0007894366311626894
2026-05-14,RELIANCE.NS,0.0002683663730742007
2026-05-15,RELIANCE.NS,0.0004890914010299386
2026-05-18,RELIANCE.NS,0.00012008838535758465
2026-05-19,RELIANCE.NS,1.48296404127863e-05
2026-05-20,RELIANCE.NS,0.00016523337558552626
2026-05-21,RELIANCE.NS,-1.2212173309253073e-05
2026-05-22,RELIANCE.NS,-3.496425867157957e-05
2026-05-25,RELIANCE.NS,6.418112105372797e-05
2026-05-26,RELIANCE.NS,7.27925196352964e-05
2026-05-27,RELIANCE.NS,0.0003166302958015428
2026-05-28,RELIANCE.NS,-0.00011558122519163013
2026-05-29,RELIANCE.NS,0.00031432771525289157
2026-06-01,RELIANCE.NS,0.00012763887504995306
2026-06-02,RELIANCE.NS,0.00016969633329945303
2026-06-03,RELIANCE.NS,0.00033790422787630586
2026-06-04,RELIANCE.NS,0.0002510616670206665
2026-06-05,RELIANCE.NS,0.0002622993385902017
2026-06-08,RELIANCE.NS,0.0003756606790295708
2026-06-09,RELIANCE.NS,0.0002531055847691702
2026-06-10,RELIANCE.NS,-0.00022007281177094742
2026-06-11,RELIANCE.NS,0.0002391877051669631
2026-06-12,RELIANCE.NS,0.0002103111960269636
2026-06-15,RELIANCE.NS,-0.00014686833692666536
2026-06-16,RELIANCE.NS,-3.2943644443746e-06
2026-06-17,RELIANCE.NS,-0.0004552554652775956
2026-06-18,RELIANCE.NS,-2.8692697783477435e-05
2026-06-19,RELIANCE.NS,8.245823324247117e-05
2026-06-22,RELIANCE.NS,-3.3330343304944756e-05
2026-06-23,RELIANCE.NS,0.00015488720638603224
2026-06-24,RELIANCE.NS,0.00016392387806526902
2026-06-25,RELIANCE.NS,0.00017618574528623296
2026-06-26,RELIANCE.NS,-0.00011525187520654226
2026-06-29,RELIANCE.NS,0.00020063648622267
2026-06-30,RELIANCE.NS,4.799422006374528e-06
2026-07-01,RELIANCE.NS,-9.571932444386767e-05
2026-07-02,RELIANCE.NS,-0.00024316875707758423
2026-07-03,RELIANCE.NS,-0.000210145597001086
2026-07-06,RELIANCE.NS,-3.6348721718601886e-05
2026-07-07,RELIANCE.NS,5.6303604698165814e-05
2026-07-08,RELIANCE.NS,-6.911670676103008e-05
2026-07-09,RELIANCE.NS,0.00011890625829198829
2026-07-10,RELIANCE.NS,-0.00017164174753060428
2026-07-13,RELIANCE.NS,4.1069511985632834e-05
2026-07-14,RELIANCE.NS,0.0002145919241205559
2026-07-15,RELIANCE.NS,-0.00021085926796283357
2026-07-16,RELIANCE.NS,-8.149705858939954e-05
2026-07-17,RELIANCE.NS,-0.0001429662490296325
2026-07-20,RELIANCE.NS,0.0001067447873948452
2026-07-21,RELIANCE.NS,0.0001435984281918024
2026-07-22,RELIANCE.NS,-0.0003011180707694613
2026-07-23,RELIANCE.NS,-0.0005702177077761446
2026-07-24,RELIANCE.NS,-0.00026269713478861256
2026-07-27,RELIANCE.NS,-0.00020808335238631093
2026-07-28,RELIANCE.NS,3.422850428484434e-05
2026-07-29,RELIANCE.NS,-0.0001827492247943142
2026-07-30,RELIANCE.NS,-0.00021894956474726829
2026-05-05,AAPL,8.886938301683673e-05
2026-05-06,AAPL,3.6642010907510395e-05
2026-05-07,AAPL,-4.1645119547175204e-05
2026-05-08,AAPL,-4.001534354255628e-05
2026-05-11,AAPL,-6.721846887622938e-05
2026-05-12,AAPL,8.58275352171451e-05
2026-05-13,AAPL,-5.302229216167545e-05
2026-05-14,AAPL,-3.945908434093946e-05
2026-05-15,AAPL,0.00023749575083782372
2026-05-18,AAPL,8.675557806546503e-05
2026-05-19,AAPL,9.9694233498461e-05
2026-05-20,AAPL,-4.202470933667831e-06
2026-05-21,AAPL,-0.00010963487489678366
2026-05-22,AAPL,-0.00015937084009381557
2026-05-26,AAPL,-3.299793543273953e-05
2026-05-27,AAPL,-8.758583786814366e-05
2026-05-28,AAPL,5.7851341339457756e-05
2026-05-29,AAPL,-3.1679931359399935e-05
2026-06-01,AAPL,0.0001150416107693519
2026-06-02,AAPL,2.9727236285258525e-05
2026-06-03,AAPL,0.00010254199394707358
2026-06-04,AAPL,-4.28366511635827e-06
2026-06-05,AAPL,-7.212755472905584e-05
2026-06-08,AAPL,8.145896916166179e-05
2026-06-09,AAPL,0.00010626193212254253
2026-06-10,AAPL,-1.6152065787261815e-05
2026-06-11,AAPL,0.000899735028103951
2026-06-12,AAPL,0.0002667933760108396
2026-06-15,AAPL,-9.467943782484012e-05
2026-06-16,AAPL,4.0182473357031404e-05
2026-06-17,AAPL,1.3138005545037499e-06
2026-06-18,AAPL,5.66882008953846e-05
2026-06-22,AAPL,-2.425856095419437e-05
2026-06-23,AAPL,0.0002884351054616807
2026-06-24,AAPL,0.00017994458135295335
2026-06-25,AAPL,0.00014245423459874817
2026-06-26,AAPL,0.00013835448882958479
2026-06-29,AAPL,3.0550222638140526e-05
2026-06-30,AAPL,0.0006553650045085136
2026-07-01,AAPL,-5.9035059146078416e-05
2026-07-02,AAPL,0.00010729181920469984
2026-07-06,AAPL,-1.0658259515693484e-05
2026-07-07,AAPL,-0.0003149268923532699
2026-07-08,AAPL,5.326419566668808e-05
2026-07-09,AAPL,0.00039412211849015124
2026-07-10,AAPL,0.00018620399096348916
2026-07-13,AAPL,-0.0001558080507349482
2026-07-14,AAPL,6.878290888442171e-05
2026-07-15,AAPL,0.0002919543236400533
2026-07-16,AAPL,1.810550053756083e-05
2026-07-17,AAPL,0.0002453168058016753
2026-07-20,AAPL,0.00031416232022404064
2026-07-21,AAPL,5.068968725746866e-05
2026-07-22,AAPL,2.6666990987448164e-05
2026-07-23,AAPL,-0.00024335192078309592
2026-07-24,AAPL,0.0001967371473452488
2026-07-27,AAPL,-0.00017111502883874335
2026-07-28,AAPL,3.4015867359797956e-05
2026-07-29,AAPL,1.4914141368031264e-05
2026-07-30,AAPL,-0.00019302518786641268
2026-05-08,INFY.NS,0.00042410521197289207
2026-05-11,INFY.NS,0.0005355776408701592
2026-05-12,INFY.NS,0.00038603467579472736
2026-05-13,INFY.NS,-0.0006742937043086118
2026-05-14,INFY.NS,-0.0022918492195172797
2026-05-15,INFY.NS,0.001005009930808559
2026-05-18,INFY.NS,-0.00026086822093968954
2026-05-19,INFY.NS,0.00015434940740679184
2026-05-20,INFY.NS,0.0005758567585873328
2026-05-21,INFY.NS,0.0012206656941748989
2026-05-22,INFY.NS,0.0012061093690435994
2026-05-25,INFY.NS,0.002434160500818027
2026-05-26,INFY.NS,0.002206090265165992
2026-05-27,INFY.NS,0.0009198468866317806
2026-05-28,INFY.NS,0.0016987111474633457
2026-05-29,INFY.NS,0.0007686011396672964
2026-06-01,INFY.NS,0.002665703868069998
2026-06-02,INFY.NS,0.003409707838539529
2026-06-03,INFY.NS,0.003594206350973417
2026-06-04,INFY.NS,0.0032304563587666852
2026-06-05,INFY.NS,0.0027502268856450032
2026-06-08,INFY.NS,0.0029869132855394
2026-06-09,INFY.NS,0.0034474176468925963
2026-06-10,INFY.NS,0.001572602890591994
2026-06-11,INFY.NS,0.0016382608089639658
2026-06-12,INFY.NS,0.0015463548518863004
2026-06-15,INFY.NS,0.0010940354416572203
2026-06-16,INFY.NS,0.0012093246121485043
2026-06-17,INFY.NS,0.0012452141281199252
2026-06-18,INFY.NS,0.0006189295579543597
2026-06-19,INFY.NS,3.972344068507584e-05
2026-06-22,INFY.NS,0.0003198984660965397
2026-06-23,INFY.NS,0.002598119186888902
2026-06-24,INFY.NS,0.0015734842971546282
2026-06-25,INFY.NS,0.0001792459340258689
2026-06-26,INFY.NS,0.0005293069552835143
2026-06-29,INFY.NS,-3.030738296795565e-06
2026-06-30,INFY.NS,0.0006702700318625543
2026-07-01,INFY.NS,-0.0005446339444532561
2026-07-02,INFY.NS,-0.0002529340172589363
2026-07-03,INFY.NS,0.00031050232868167323
2026-07-06,INFY.NS,0.00015353975410200646
2026-07-07,INFY.NS,7.143525047511086e-05
2026-07-08,INFY.NS,0.001031543698109485
2026-07-09,INFY.NS,0.00047988376811540154
2026-07-10,INFY.NS,-3.6135118555995654e-05
2026-07-13,INFY.NS,-9.935918970743014e-05
2026-07-14,INFY.NS,0.0010679776355692545
2026-07-15,INFY.NS,0.0005180538391425931
2026-07-16,INFY.NS,0.0005074144937759496
2026-07-17,INFY.NS,0.0007463919167087095
2026-07-20,INFY.NS,0.002777364850032418
2026-07-21,INFY.NS,0.0018390465039271465
2026-07-22,INFY.NS,0.0020634440496797167
2026-07-23,INFY.NS,0.0008215485876728493
2026-07-24,INFY.NS,0.0008485266282841836
2026-07-27,INFY.NS,-9.814520266832969e-05
2026-07-28,INFY.NS,0.00029509218465999346
2026-07-29,INFY.NS,0.0014904202754751
2026-07-30,INFY.NS,0.0013183405740943134
2026-05-05,MSFT,0.0003475964173341938
2026-05-06,MSFT,0.0006187484770284828
2026-05-07,MSFT,-0.00036172385777538625
2026-05-08,MSFT,-9.850163654760053e-05
2026-05-11,MSFT,-7.478303074732867e-05
2026-05-12,MSFT,0.0005162197540308114
2026-05-13,MSFT,0.0005027118056036681
2026-05-14,MSFT,-0.0005476773447366004
2026-05-15,MSFT,-0.0008725561296861282
2026-05-18,MSFT,0.00012202152067316493
2026-05-19,MSFT,0.00010277312763200953
2026-05-20,MSFT,0.000319917111373844
2026-05-21,MSFT,-6.0693953620693374e-05
2026-05-22,MSFT,4.943172316289098e-06
2026-05-26,MSFT,0.00027374227639478027
2026-05-27,MSFT,-9.340891865098902e-05
2026-05-28,MSFT,0.00014849543279743708
2026-05-29,MSFT,0.00021267839776692492
2026-06-01,MSFT,-0.00028542249121966495
2026-06-02,MSFT,-0.0001424447790520931
2026-06-03,MSFT,-1.1356825809653849e-05
2026-06-04,MSFT,-0.00011798603209970956
2026-06-05,MSFT,-0.00039524915462495886
2026-06-08,MSFT,-0.00020431364229403317
2026-06-09,MSFT,-0.00012434422825925896
2026-06-10,MSFT,-0.00017970299253873898
2026-06-11,MSFT,-0.000252970603237401
2026-06-12,MSFT,-0.0004194748790944451
2026-06-15,MSFT,1.7202866707279238e-05
2026-06-16,MSFT,-5.430691054583354e-05
2026-06-17,MSFT,0.00021360974121658875
2026-06-18,MSFT,0.00047974402481198536
2026-06-22,MSFT,-0.00014505858709497452
2026-06-23,MSFT,7.7234767094063e-05
2026-06-24,MSFT,-0.00046746091383312587
2026-06-25,MSFT,0.0001419990206319923
2026-06-26,MSFT,-0.000250584826715411
2026-06-29,MSFT,-7.644561345820339e-05
2026-06-30,MSFT,-0.0001370687140689835
2026-07-01,MSFT,-0.0001522601622388342
2026-07-02,MSFT,1.4034369741479278e-05
2026-07-06,MSFT,-0.0001111820438361099
2026-07-07,MSFT,-0.00032644868487739814
2026-07-08,MSFT,-2.710868256694443e-05
2026-07-09,MSFT,9.759032643413006e-05
2026-07-10,MSFT,-0.00020767582886765707
2026-07-13,MSFT,-0.0001596251298062778
2026-07-14,MSFT,-0.00014637982767921128
2026-07-15,MSFT,0.0002566306969100462
2026-07-16,MSFT,-0.0008126387363924258
2026-07-17,MSFT,-0.00042939514616584863
2026-07-20,MSFT,-0.0006559097557833457
2026-07-21,MSFT,2.5735587411708264e-05
2026-07-22,MSFT,-0.00035482784549593184
2026-07-23,MSFT,0.0006701632770868107
2026-07-24,MSFT,8.484123513782708e-05
2026-07-27,MSFT,-4.2665642427289635e-05
2026-07-28,MSFT,0.00016043494305234175
2026-07-29,MSFT,0.00024289781073969288
2026-07-30,MSFT,-0.00012450497141078674
2026-05-05,GLD,-0.0001378401512049258
2026-05-06,GLD,6.967853513319749e-05
2026-05-07,GLD,0.00010773130123709773
2026-05-08,GLD,-2.3060310336738078e-05
2026-05-11,GLD,1.2048136632453085e-05
2026-05-12,GLD,-2.138961713161301e-05
2026-05-13,GLD,0.00019751896620991588
2026-05-14,GLD,0.000145717373070141
2026-05-15,GLD,3.660164844400815e-05
2026-05-18,GLD,3.475507745429952e-05
2026-05-19,GLD,8.406457822582326e-05
2026-05-20,GLD,8.94302801278578e-05
2026-05-21,GLD,0.00019112824740514362
2026-05-22,GLD,1.5310385641811193e-05
2026-05-26,GLD,-6.537644090240495e-05
2026-05-27,GLD,-3.6151433269608536e-06
2026-05-28,GLD,-6.321101405272264e-05
2026-05-29,GLD,6.595737386947449e-05
2026-06-01,GLD,6.426734541561878e-05
2026-06-02,GLD,-0.0003393294058714284
2026-06-03,GLD,-0.00017849658779477162
2026-06-04,GLD,-8.982738797871912e-05
2026-06-05,GLD,-9.812299189886169e-05
2026-06-08,GLD,2.3761560511401685e-05
2026-06-09,GLD,0.0003142726608075483
2026-06-10,GLD,0.000508869445372973
2026-06-11,GLD,-0.000758792454939561
2026-06-12,GLD,0.0008890651207235611
2026-06-15,GLD,9.284019411343534e-05
2026-06-16,GLD,-8.300598978559942e-05
2026-06-17,GLD,-0.00047845005658234764
2026-06-18,GLD,0.00016054449926331652
2026-06-22,GLD,6.945724403227774e-05
2026-06-23,GLD,0.0003698180896801284
2026-06-24,GLD,0.00046422725713599923
2026-06-25,GLD,0.00019523011461071462
2026-06-26,GLD,0.00011333279752071099
2026-06-29,GLD,-0.00013055532349824937
2026-06-30,GLD,0.0001550307950317697
2026-07-01,GLD,0.0003565876274553329
2026-07-02,GLD,0.00021354115109184014
2026-07-06,GLD,6.43297454952285e-05
2026-07-07,GLD,0.00012075542285337585
2026-07-08,GLD,-4.661176467569894e-05
2026-07-09,GLD,-7.285013648514335e-05
2026-07-10,GLD,-0.00011703190828965639
2026-07-13,GLD,-4.37770009661623e-05
2026-07-14,GLD,0.0001683871477345615
2026-07-15,GLD,6.35170107995657e-05
2026-07-16,GLD,-0.0003058539137397369
2026-07-17,GLD,0.0002674074968632916
2026-07-20,GLD,2.050312300390507e-05
2026-07-21,GLD,-0.0002608825005385025
2026-07-22,GLD,-0.00017645642513108015
2026-07-23,GLD,-3.487208948815635e-05
2026-07-24,GLD,-7.786229819173788e-05
2026-07-27,GLD,-3.763551392427025e-05
2026-07-28,GLD,-8.115722092651415e-05
2026-07-29,GLD,-0.00036565041569854907
2026-07-30,GLD,0.00014909572435796924
2026-05-05,UNH,-0.0008303799083740905
2026-05-06,UNH,-0.0004584870331606704
2026-05-07,UNH,-0.0005619233514750844
2026-05-08,UNH,-0.000543776109232156
2026-05-11,UNH,-0.0004512008109271812
2026-05-12,UNH,-0.0005533121735387049
2026-05-13,UNH,-0.00021038310281230082
2026-05-14,UNH,-0.0004947512113698268
2026-05-15,UNH,4.741203337059494e-05
2026-05-18,UNH,0.0001354623947487401
2026-05-19,UNH,0.000651014133702228
2026-05-20,UNH,7.305473229731375e-05
2026-05-21,UNH,0.00020235805984047887
2026-05-22,UNH,0.0002998314504631499
2026-05-26,UNH,0.00018759998149213306
2026-05-27,UNH,-0.00042739766880950733
2026-05-28,UNH,-0.00032224631783421505
2026-05-29,UNH,-0.0002167835044294914
2026-06-01,UNH,-0.00014264332023420948
2026-06-02,UNH,-0.00010298326322230585
2026-06-03,UNH,2.15335319022822e-06
2026-06-04,UNH,-1.0949286103114295e-05
2026-06-05,UNH,0.0002979970727120655
2026-06-08,UNH,0.0014774357613387946
2026-06-09,UNH,0.0017961508697932694
2026-06-10,UNH,0.0010239450288101212
2026-06-11,UNH,0.00029286579283102567
2026-06-12,UNH,0.0005834181345740782
2026-06-15,UNH,0.0002565771786131098
2026-06-16,UNH,9.772152351051281e-05
2026-06-17,UNH,0.00029446586439365056
2026-06-18,UNH,0.000404065881580744
2026-06-22,UNH,0.00045533501572440373
2026-06-23,UNH,0.00027965959526412535
2026-06-24,UNH,0.0002194871445036139
2026-06-25,UNH,0.0002838485104319962
2026-06-26,UNH,-0.00041517541876202825
2026-06-29,UNH,-0.0004581229917031907
2026-06-30,UNH,-0.0004361784402785049
2026-07-01,UNH,-0.0005708540928832591
2026-07-02,UNH,-0.0001545068534655296
2026-07-06,UNH,-0.00014402632503567712
2026-07-07,UNH,-7.939161871333501e-05
2026-07-08,UNH,2.2933704876415366e-05
2026-07-09,UNH,-0.0004621479542720576
2026-07-10,UNH,-0.00016662883009085195
2026-07-13,UNH,-0.00011277126605858625
2026-07-14,UNH,-0.00021612122435772218
2026-07-15,UNH,-0.0006662950494505265
2026-07-16,UNH,-0.000722382490107815
2026-07-17,UNH,-0.00034125149745569143
2026-07-20,UNH,-0.00031698415124736356
2026-07-21,UNH,-0.0003137930934772776
2026-07-22,UNH,-6.0189020000092466e-05
2026-07-23,UNH,-4.945534034438108e-05
2026-07-24,UNH,0.00028152699168988325
2026-07-27,UNH,4.6835450927338886e-05
2026-07-28,UNH,8.737674959699313e-05
2026-07-29,UNH,4.6077858426028245e-05
2026-07-30,UNH,3.655329900581662e-05
2026-05-05,JPM,0.0001901961662726127
2026-05-06,JPM,5.590632869041222e-05
2026-05-07,JPM,-9.992358467660727e-06
2026-05-08,JPM,0.00012448321877654372
2026-05-11,JPM,-5.5883624409689644e-05
2026-05-12,JPM,4.351405944884909e-05
2026-05-13,JPM,0.0002286130919821835
2026-05-14,JPM,-0.00013336609514519947
2026-05-15,JPM,-4.29471011217071e-05
2026-05-18,JPM,4.176853470003792e-06
2026-05-19,JPM,8.06527850089022e-05
2026-05-20,JPM,0.00013808313041369764
2026-05-21,JPM,-1.8722566552708673e-05
2026-05-22,JPM,5.5184275872193096e-05
2026-05-26,JPM,7.819013637900471e-05
2026-05-27,JPM,0.00013138736056891675
2026-05-28,JPM,0.0002223875549786756
2026-05-29,JPM,0.0005884772366073002
2026-06-01,JPM,0.00010568278439969833
2026-06-02,JPM,0.0001291628325115079
2026-06-03,JPM,0.0001058365474189581
2026-06-04,JPM,-0.00021967215934018324
2026-06-05,JPM,-1.0855784455619037e-05
2026-06-08,JPM,5.13453290777046e-05
2026-06-09,JPM,0.0002911217607548981
2026-06-10,JPM,4.17187102173556e-05
2026-06-11,JPM,8.20920679052497e-05
2026-06-12,JPM,-8.325285952219674e-05
2026-06-15,JPM,0.00012068480050728235
2026-06-16,JPM,-1.0291166171206402e-05
2026-06-17,JPM,2.5511219373751414e-05
2026-06-18,JPM,2.0863077314388795e-05
2026-06-22,JPM,2.593062765039809e-05
2026-06-23,JPM,9.021307477935287e-05
2026-06-24,JPM,8.216084694060844e-05
2026-06-25,JPM,2.9890177967765545e-05
2026-06-26,JPM,8.017007110614849e-05
2026-06-29,JPM,-9.179215616541844e-06
2026-06-30,JPM,0.00016815279778459893
2026-07-01,JPM,5.885150581991535e-06
2026-07-02,JPM,7.530429865206485e-05
2026-07-06,JPM,0.00018662241619159015
2026-07-07,JPM,-6.858951550900414e-05
2026-07-08,JPM,-8.169217960151703e-06
2026-07-09,JPM,-8.390848146083025e-05
2026-07-10,JPM,-4.5484636644739036e-05
2026-07-13,JPM,0.0002022694202750778
2026-07-14,JPM,-3.702032003868607e-05
2026-07-15,JPM,5.963821410458083e-06
2026-07-16,JPM,-1.2557355989538863e-05
2026-07-17,JPM,-9.234657870293524e-05
2026-07-20,JPM,2.6848366222741255e-06
2026-07-21,JPM,0.0001896622031839719
2026-07-22,JPM,0.0001310876439531963
2026-07-23,JPM,-0.00011346207096976435
2026-07-24,JPM,-0.0002471239057322533
2026-07-27,JPM,8.261753084254921e-05
2026-07-28,JPM,-2.1056539763589256e-05
2026-07-29,JPM,-8.665045951244875e-06
2026-07-30,JPM,-0.0001328463887826189
2026-05-05,TLT,0.00024073049904131018
2026-05-06,TLT,-0.00011062859035976206
2026-05-07,TLT,-0.00014874682483329772
2026-05-08,TLT,0.00023807738917251006
2026-05-11,TLT,0.00017175561097139348
2026-05-12,TLT,0.0002533375412356089
2026-05-13,TLT,-0.0001111401341772706
2026-05-14,TLT,0.0004019444623167474
2026-05-15,TLT,0.00019513543774068233
2026-05-18,TLT,9.902744615324639e-05
2026-05-19,TLT,0.0002753631924275738
2026-05-20,TLT,7.288849215543037e-05
2026-05-21,TLT,0.0007215360380224482
2026-05-22,TLT,-0.00029284508235859923
2026-05-26,TLT,0.00024998643155290355
2026-05-27,TLT,-0.00020084808507709763
2026-05-28,TLT,-5.901163732513302e-05
2026-05-29,TLT,0.00014720921918538534
2026-06-01,TLT,-0.00016814342852655638
2026-06-02,TLT,6.7608841152345765e-06
2026-06-03,TLT,-0.0004116909300558856
2026-06-04,TLT,-0.0011307640321260501
2026-06-05,TLT,0.00011420872547585489
2026-06-08,TLT,0.00019164914173332593
2026-06-09,TLT,0.0003105862321557906
2026-06-10,TLT,0.00016211162761287033
2026-06-11,TLT,-0.0009744521451342672
2026-06-12,TLT,-0.0005634696971965627
2026-06-15,TLT,-3.293502358662671e-05
2026-06-16,TLT,-0.0006348095333890182
2026-06-17,TLT,8.798411050042821e-05
2026-06-18,TLT,0.00023967680685984757
2026-06-22,TLT,0.00011558450493633466
2026-06-23,TLT,0.0001411728562483719
2026-06-24,TLT,0.0007022602911472944
2026-06-25,TLT,0.00025275254091447393
2026-06-26,TLT,0.0004145627569167299
2026-06-29,TLT,0.0001467554587823884
2026-06-30,TLT,0.00027015546591540533
2026-07-01,TLT,-0.0001252418681633196
2026-07-02,TLT,0.00039556706047232256
2026-07-06,TLT,0.0004439195435693877
2026-07-07,TLT,-5.210976991815164e-05
2026-07-08,TLT,0.0003180373091764277
2026-07-09,TLT,-9.01444873809133e-06
2026-07-10,TLT,0.0001321254540141286
2026-07-13,TLT,-0.0003672998010262105
2026-07-14,TLT,0.00041627760805306574
2026-07-15,TLT,0.00023097376817079535
2026-07-16,TLT,0.00013695813894859903
2026-07-17,TLT,-3.546217750653701e-05
2026-07-20,TLT,0.0003364869886380843
2026-07-21,TLT,0.0001233805848797082
2026-07-22,TLT,0.0005097605953601919
2026-07-23,TLT,0.0006747704351874569
2026-07-24,TLT,0.00019024339449776875
2026-07-27,TLT,0.0005073071554581072
2026-07-28,TLT,0.00023940668499395121
2026-07-29,TLT,9.345976292227172e-06
2026-07-30,TLT,-0.00038849241061290175
2026-05-05,TSLA,3.152309055480755e-05
2026-05-06,TSLA,-2.2466014160412837e-05
2026-05-07,TSLA,5.635379166771923e-05
2026-05-08,TSLA,7.57055546008886e-06
2026-05-11,TSLA,3.818451017913492e-05
2026-05-12,TSLA,6.88694864373764e-05
2026-05-13,TSLA,6.069857174575089e-05
2026-05-14,TSLA,7.499123893033073e-05
2026-05-15,TSLA,-2.7208297063398177e-05
2026-05-18,TSLA,6.294219221799912e-05
2026-05-19,TSLA,0.0001745375377635088
2026-05-20,TSLA,5.999056410818011e-06
2026-05-21,TSLA,1.8877930109682076e-05
2026-05-22,TSLA,2.653019838891529e-05
2026-05-26,TSLA,-4.187882880492881e-05
2026-05-27,TSLA,5.61456108392176e-05
2026-05-28,TSLA,2.9964266328832194e-05
2026-05-29,TSLA,2.7909179011088816e-05
2026-06-01,TSLA,6.698447070516877e-05
2026-06-02,TSLA,-1.9182889953017696e-05
2026-06-03,TSLA,-1.7867202908781892e-06
2026-06-04,TSLA,-6.861678853048324e-06
2026-06-05,TSLA,-2.5555266078051206e-05
2026-06-08,TSLA,8.22760730000852e-05
2026-06-09,TSLA,0.00016381935960970624
2026-06-10,TSLA,9.506729848499443e-05
2026-06-11,TSLA,2.50709802871548e-05
2026-06-12,TSLA,-6.162825247883974e-07
2026-06-15,TSLA,8.47757591988919e-05
2026-06-16,TSLA,-1.0387487811958574e-05
2026-06-17,TSLA,0.00012578181118596103
2026-06-18,TSLA,0.0001249994689120532
2026-06-22,TSLA,6.165082332285493e-05
2026-06-23,TSLA,0.00010008243395720776
2026-06-24,TSLA,9.419360033243796e-05
2026-06-25,TSLA,0.00017528324598878388
2026-06-26,TSLA,-5.523475684459152e-05
2026-06-29,TSLA,-7.463939926644334e-06
2026-06-30,TSLA,3.971998816254512e-05
2026-07-01,TSLA,2.112670790610844e-05
2026-07-02,TSLA,-0.00014241035942671535
2026-07-06,TSLA,3.000614207703061e-05
2026-07-07,TSLA,0.00021352675127343727
2026-07-08,TSLA,0.00013557645204307584
2026-07-09,TSLA,4.476592236414689e-05
2026-07-10,TSLA,-7.321159926143027e-05
2026-07-13,TSLA,-8.70219401539046e-05
2026-07-14,TSLA,8.693347086234251e-05
2026-07-15,TSLA,2.754461297698014e-05
2026-07-16,TSLA,5.16388442983613e-05
2026-07-17,TSLA,2.9199911123357682e-05
2026-07-20,TSLA,-3.31913288401207e-06
2026-07-21,TSLA,-7.322949763602424e-05
2026-07-22,TSLA,7.863830113018692e-05
2026-07-23,TSLA,4.368946230412576e-05
2026-07-24,TSLA,1.9691010516166742e-05
2026-07-27,TSLA,8.463173842478124e-05
2026-07-28,TSLA,0.0001215220825912999
2026-07-29,TSLA,-7.77520071509549e-05
2026-07-30,TSLA,3.409033833374377e-05
2026-05-01,USDJPY=X,0.00043045071439284493
2026-05-04,USDJPY=X,9.783339388313047e-05
2026-05-05,USDJPY=X,0.0005359373124012301
2026-05-06,USDJPY=X,0.0007221196430543634
2026-05-07,USDJPY=X,0.0005032109114856461
2026-05-08,USDJPY=X,3.321088291679253e-05
2026-05-11,USDJPY=X,0.00033890282078267097
2026-05-12,USDJPY=X,-9.409695336179937e-07
2026-05-13,USDJPY=X,0.0003059983196635499
2026-05-14,USDJPY=X,0.00041698215396656756
2026-05-15,USDJPY=X,0.00031022156555141186
2026-05-18,USDJPY=X,0.00011282957756902617
2026-05-19,USDJPY=X,0.00030745020494541645
2026-05-20,USDJPY=X,0.0003330746643233154
2026-05-21,USDJPY=X,0.00030972739602507025
2026-05-22,USDJPY=X,0.0006279309560958832
2026-05-25,USDJPY=X,0.00032000143402668226
2026-05-26,USDJPY=X,0.0004197817416865227
2026-05-27,USDJPY=X,0.00011781826122871508
2026-05-28,USDJPY=X,9.788345501512403e-05
2026-05-29,USDJPY=X,0.00018596645159944358
2026-06-01,USDJPY=X,0.00014356835085046568
2026-06-02,USDJPY=X,0.0002189372189737788
2026-06-03,USDJPY=X,3.4056579355943246e-05
2026-06-04,USDJPY=X,0.0001908961446462158
2026-06-05,USDJPY=X,0.0001846052506253872
2026-06-08,USDJPY=X,0.00013275778843130698
2026-06-09,USDJPY=X,-1.171354495678453e-05
2026-06-10,USDJPY=X,0.00034488024038187444
2026-06-11,USDJPY=X,0.00032306413558477206
2026-06-12,USDJPY=X,0.0002707451321913443
2026-06-15,USDJPY=X,-0.00018130364056984772
2026-06-16,USDJPY=X,0.0004787508848305078
2026-06-17,USDJPY=X,0.00028805948287618176
2026-06-18,USDJPY=X,0.0003858168901767315
2026-06-19,USDJPY=X,0.00024528084355981847
2026-06-22,USDJPY=X,0.00017426843315500025
2026-06-23,USDJPY=X,0.00014097353152931993
2026-06-24,USDJPY=X,0.0005058901052156278
2026-06-25,USDJPY=X,8.547890295965527e-05
2026-06-26,USDJPY=X,0.0003650779344599898
2026-06-29,USDJPY=X,-0.00019089065091330563
2026-06-30,USDJPY=X,4.458632688495805e-05
2026-07-01,USDJPY=X,0.00029236550252060856
2026-07-02,USDJPY=X,0.00040803580763877287
2026-07-03,USDJPY=X,0.000437283136432579
2026-07-06,USDJPY=X,0.0002917369846919632
2026-07-07,USDJPY=X,0.00012304190753480946
2026-07-08,USDJPY=X,8.86359626718305e-05
2026-07-09,USDJPY=X,-0.0001243838244822832
2026-07-10,USDJPY=X,-0.00019605296815284774
2026-07-13,USDJPY=X,-6.886523545115819e-05
2026-07-14,USDJPY=X,0.00012386046508189427
2026-07-15,USDJPY=X,0.00025323072836676714
2026-07-16,USDJPY=X,0.0003374101901429116
2026-07-17,USDJPY=X,-0.00010331784648819257
2026-07-20,USDJPY=X,0.00014531940656542484
2026-07-21,USDJPY=X,0.00023078729765732423
2026-07-22,USDJPY=X,0.00098245773903974
2026-07-23,USDJPY=X,0.00015799284511442438
2026-07-24,USDJPY=X,0.000246790055188692
2026-07-27,USDJPY=X,0.0004073567218356006
2026-07-28,USDJPY=X,0.00020902992556833382
2026-07-29,USDJPY=X,4.3380531791576386e-05
2026-07-30,USDJPY=X,0.00028964527380404893
2026-05-01,GBPUSD=X,6.790559308984635e-05
2026-05-04,GBPUSD=X,0.00018459095405081163
2026-05-05,GBPUSD=X,5.768588291772902e-05
2026-05-06,GBPUSD=X,-0.0002314632422681401
2026-05-07,GBPUSD=X,-0.00041942819185616345
2026-05-08,GBPUSD=X,-3.562525659734387e-05
2026-05-11,GBPUSD=X,-0.00018814032732478644
2026-05-12,GBPUSD=X,-0.0011341053905913894
2026-05-13,GBPUSD=X,0.00014415843978751944
2026-05-14,GBPUSD=X,-4.40134831347791e-05
2026-05-15,GBPUSD=X,-0.00018016883867850745
2026-05-18,GBPUSD=X,0.0003209317404858313
2026-05-19,GBPUSD=X,0.0005236125009006534
2026-05-20,GBPUSD=X,9.493137144020673e-05
2026-05-21,GBPUSD=X,0.000404103846662089
2026-05-22,GBPUSD=X,0.00013058530736558747
2026-05-25,GBPUSD=X,-0.00045828080600244554
2026-05-26,GBPUSD=X,0.0007752875945811851
2026-05-27,GBPUSD=X,0.0005131997540080553
2026-05-28,GBPUSD=X,0.0011340052385132855
2026-05-29,GBPUSD=X,0.0009315345127238431
2026-06-01,GBPUSD=X,0.0012628547769638467
2026-06-02,GBPUSD=X,-0.00028554415143649755
2026-06-03,GBPUSD=X,0.0001775935209456636
2026-06-04,GBPUSD=X,0.0005603138436889158
2026-06-05,GBPUSD=X,-7.065919327037212e-05
2026-06-08,GBPUSD=X,0.0005055339024054764
2026-06-09,GBPUSD=X,0.0011319283824164114
2026-06-10,GBPUSD=X,0.00041782886006454223
2026-06-11,GBPUSD=X,0.00034822400850134433
2026-06-12,GBPUSD=X,-0.0002501706704909276
2026-06-15,GBPUSD=X,0.00030437261731798576
2026-06-16,GBPUSD=X,-8.319092084852912e-05
2026-06-17,GBPUSD=X,-0.00019183491298913183
2026-06-18,GBPUSD=X,0.0005621744956819692
2026-06-19,GBPUSD=X,0.00046702823336196026
2026-06-22,GBPUSD=X,0.0007177016071842551
2026-06-23,GBPUSD=X,0.0001168965835437467
2026-06-24,GBPUSD=X,8.275008658175227e-05
2026-06-25,GBPUSD=X,0.0004733073609846359
2026-06-26,GBPUSD=X,0.0005401955341315278
2026-06-29,GBPUSD=X,0.0005164461966228264
2026-06-30,GBPUSD=X,0.00041093206188646153
2026-07-01,GBPUSD=X,0.0002745941478526061
2026-07-02,GBPUSD=X,0.0005893061211910512
2026-07-03,GBPUSD=X,-0.0002442607538737511
2026-07-06,GBPUSD=X,-0.0001461936910163261
2026-07-07,GBPUSD=X,0.00014660851775000338
2026-07-08,GBPUSD=X,0.00042915236262953916
2026-07-09,GBPUSD=X,0.0002127152442351301
2026-07-10,GBPUSD=X,-8.382921123354049e-05
2026-07-13,GBPUSD=X,0.00028789343987894035
2026-07-14,GBPUSD=X,0.0007170230979277759
2026-07-15,GBPUSD=X,-4.602529002631555e-05
2026-07-16,GBPUSD=X,-0.000281422020733205
2026-07-17,GBPUSD=X,0.00033153258770290327
2026-07-20,GBPUSD=X,0.00013205426122616588
2026-07-21,GBPUSD=X,-0.00027848204872241996
2026-07-22,GBPUSD=X,-0.0006260545808639295
2026-07-23,GBPUSD=X,-0.00015103685248921446
2026-07-24,GBPUSD=X,-0.00017942613393151564
2026-07-27,GBPUSD=X,0.0014411078902402162
2026-07-28,GBPUSD=X,0.0003725171176925226
2026-07-29,GBPUSD=X,0.001110818537762689
2026-07-30,GBPUSD=X,-9.181731563890464e-06
2026-05-05,GC=F,-8.096970539834492e-05
2026-05-06,GC=F,1.0217970045480442e-05
2026-05-07,GC=F,9.729361338451455e-05
2026-05-08,GC=F,2.9787358812047248e-05
2026-05-11,GC=F,2.261288220861939e-05
2026-05-12,GC=F,8.117344140408169e-06
2026-05-13,GC=F,0.0001556113951559031
2026-05-14,GC=F,6.240005678697964e-05
2026-05-15,GC=F,5.184641457695274e-05
2026-05-18,GC=F,3.189910108060396e-05
2026-05-19,GC=F,9.421816658267526e-05
2026-05-20,GC=F,0.00022258278741434087
2026-05-21,GC=F,0.00015976251663244866
2026-05-22,GC=F,5.8730168593765374e-05
2026-05-26,GC=F,-6.637575067582829e-05
2026-05-27,GC=F,7.768120885710886e-06
2026-05-28,GC=F,-8.997778654604905e-05
2026-05-29,GC=F,-2.3604292594812785e-05
2026-06-01,GC=F,-0.00034651140247542503
2026-06-02,GC=F,-0.0004104683828475294
2026-06-03,GC=F,0.00014811854950006297
2026-06-04,GC=F,2.2037260165210894e-05
2026-06-05,GC=F,6.845420031442964e-05
2026-06-08,GC=F,7.313232404062386e-05
2026-06-09,GC=F,-3.6155323672694456e-05
2026-06-10,GC=F,0.0006121153335859796
2026-06-11,GC=F,-0.0005639730109235297
2026-06-12,GC=F,0.0009896564164958996
2026-06-15,GC=F,0.00018983471411316243
2026-06-16,GC=F,-3.0925314338178802e-06
2026-06-17,GC=F,-7.989095292353773e-06
2026-06-18,GC=F,0.00014814901938304197
2026-06-22,GC=F,1.1118924282791884e-05
2026-06-23,GC=F,0.00023796445215729022
2026-06-24,GC=F,0.0002808741268598874
2026-06-25,GC=F,0.00043126409400995514
2026-06-26,GC=F,9.575403571343945e-05
2026-06-29,GC=F,-4.4177307703223694e-05
2026-06-30,GC=F,7.767420369804178e-05
2026-07-01,GC=F,0.00011247101209927835
2026-07-02,GC=F,0.00027622213104376786
2026-07-06,GC=F,8.995123442206675e-05
2026-07-07,GC=F,9.794510453073868e-05
2026-07-08,GC=F,0.0009414631241737159
2026-07-09,GC=F,-6.083704525162984e-05
2026-07-10,GC=F,-0.00013520919929832802
2026-07-13,GC=F,-4.248283181814966e-05
2026-07-14,GC=F,0.0004353122940021861
2026-07-15,GC=F,1.1685267789333672e-05
2026-07-16,GC=F,9.667705295081456e-05
2026-07-17,GC=F,0.00018541677694905602
2026-07-20,GC=F,-0.0001732369404677099
2026-07-21,GC=F,-0.00033070768695086573
2026-07-22,GC=F,-0.0005399481465637199
2026-07-23,GC=F,-8.178812585421099e-06
2026-07-24,GC=F,-7.193480421819949e-05
2026-07-27,GC=F,-2.7992908771175044e-05
2026-07-28,GC=F,-0.00012555854991197268
2026-07-29,GC=F,9.37951339323624e-05
2026-07-30,GC=F,0.00015259265551820878
2026-05-05,IWM,3.295115876724237e-05
2026-05-06,IWM,0.00028426646337162414
2026-05-07,IWM,-0.00029332527362802723
2026-05-08,IWM,3.544639601954166e-05
2026-05-11,IWM,-1.2944605921595696e-05
2026-05-12,IWM,6.803391579260442e-05
2026-05-13,IWM,2.05153224026751e-05
2026-05-14,IWM,-6.032130670243824e-05
2026-05-15,IWM,-1.964337927202394e-05
2026-05-18,IWM,-3.431985656571383e-05
2026-05-19,IWM,4.784754438627837e-05
2026-05-20,IWM,9.786076239142189e-05
2026-05-21,IWM,-2.3110859747451378e-06
2026-05-22,IWM,-8.809715960975995e-05
2026-05-26,IWM,0.00031623410152469304
2026-05-27,IWM,-0.0001510453134721009
2026-05-28,IWM,-0.00016800721131828976
2026-05-29,IWM,0.00013079643392372578
2026-06-01,IWM,2.856742139869128e-05
2026-06-02,IWM,0.00015839971787208864
2026-06-03,IWM,0.00015581633459323216
2026-06-04,IWM,-0.00040593861821190886
2026-06-05,IWM,5.6205143404260744e-05
2026-06-08,IWM,0.0003771948032625178
2026-06-09,IWM,0.00013566663391271488
2026-06-10,IWM,-8.445743934435546e-05
2026-06-11,IWM,-0.0004777142244336231
2026-06-12,IWM,-0.00012207570010065976
2026-06-15,IWM,3.458517822271639e-05
2026-06-16,IWM,1.2290434970240118e-05
2026-06-17,IWM,0.00033368080610803936
2026-06-18,IWM,0.0003776135369532661
2026-06-22,IWM,0.000105136965693282
2026-06-23,IWM,4.633797710126831e-06
2026-06-24,IWM,7.259525336691438e-05
2026-06-25,IWM,0.00018719270234734888
2026-06-26,IWM,2.9738467903957403e-05
2026-06-29,IWM,0.00015867053275164545
2026-06-30,IWM,0.0002547863267505343
2026-07-01,IWM,-0.0001172982660496142
2026-07-02,IWM,-2.0755325813622444e-05
2026-07-06,IWM,2.0562668236255532e-05
2026-07-07,IWM,-2.7297044758311362e-05
2026-07-08,IWM,1.265125275059862e-05
2026-07-09,IWM,-1.745281616821174e-05
2026-07-10,IWM,6.259583749630057e-05
2026-07-13,IWM,5.784790703359094e-05
2026-07-14,IWM,-6.203753197066233e-05
2026-07-15,IWM,9.111974980463408e-05
2026-07-16,IWM,-0.00017623594299493378
2026-07-17,IWM,0.00012541834409917366
2026-07-20,IWM,1.1018462275909989e-05
2026-07-21,IWM,-1.7010049851548797e-05
2026-07-22,IWM,0.00017955497945233888
2026-07-23,IWM,-1.8147798405089943e-05
2026-07-24,IWM,6.809709624885614e-05
2026-07-27,IWM,0.00018577091733653513
2026-07-28,IWM,0.0009455116856978637
2026-07-29,IWM,-1.1665326621947222e-06
2026-07-30,IWM,7.882613316580975e-05
2026-05-08,HDFCBANK.NS,0.001524150636397853
2026-05-11,HDFCBANK.NS,-0.000890971999020122
2026-05-12,HDFCBANK.NS,-0.0005987492232548242
2026-05-13,HDFCBANK.NS,-0.0007716350532732955
2026-05-14,HDFCBANK.NS,-0.0004023024434738137
2026-05-15,HDFCBANK.NS,-0.0022642770847778096
2026-05-18,HDFCBANK.NS,-0.0005519582284829438
2026-05-19,HDFCBANK.NS,-0.0026336972334738687
2026-05-20,HDFCBANK.NS,-0.0005726629563326799
2026-05-21,HDFCBANK.NS,-0.00012294041463306433
2026-05-22,HDFCBANK.NS,-0.00029895077322316884
2026-05-25,HDFCBANK.NS,9.267658049758901e-05
2026-05-26,HDFCBANK.NS,-0.000364757892465125
2026-05-27,HDFCBANK.NS,-0.0014342310753485683
2026-05-28,HDFCBANK.NS,-0.0004614120732704678
2026-05-29,HDFCBANK.NS,-0.0004198202423813798
2026-06-01,HDFCBANK.NS,-0.0001188428054837356
2026-06-02,HDFCBANK.NS,-0.0014726379091797015
2026-06-03,HDFCBANK.NS,-0.001224648450436075
2026-06-04,HDFCBANK.NS,-0.0023417912967607334
2026-06-05,HDFCBANK.NS,-0.0014549815250829387
2026-06-08,HDFCBANK.NS,-0.001202188239232309
2026-06-09,HDFCBANK.NS,0.0023680867372625073
2026-06-10,HDFCBANK.NS,-0.001582150619795568
2026-06-11,HDFCBANK.NS,0.0007455234759678995
2026-06-12,HDFCBANK.NS,-0.0017605554668145057
2026-06-15,HDFCBANK.NS,-0.0011023967537464744
2026-06-16,HDFCBANK.NS,-0.0012543548568791747
2026-06-17,HDFCBANK.NS,-0.00061853648436563
2026-06-18,HDFCBANK.NS,-0.0002326298824952245
2026-06-19,HDFCBANK.NS,0.00034105753071112405
2026-06-22,HDFCBANK.NS,2.6162607225865142e-05
2026-06-23,HDFCBANK.NS,0.0023334810812693273
2026-06-24,HDFCBANK.NS,0.002704505994290271
2026-06-25,HDFCBANK.NS,0.0007174053637564568
2026-06-26,HDFCBANK.NS,0.0019285757256100545
2026-06-29,HDFCBANK.NS,0.00033078515201455025
2026-06-30,HDFCBANK.NS,0.0003132128405419957
2026-07-01,HDFCBANK.NS,2.223696414489039e-05
2026-07-02,HDFCBANK.NS,-6.703296241925996e-05
2026-07-03,HDFCBANK.NS,-7.689238079563574e-05
2026-07-06,HDFCBANK.NS,0.0003215391016017981
2026-07-07,HDFCBANK.NS,-0.0002886204613833972
2026-07-08,HDFCBANK.NS,0.00010345543470043009
2026-07-09,HDFCBANK.NS,-0.00022547958690151635
2026-07-10,HDFCBANK.NS,0.00017401076514670237
2026-07-13,HDFCBANK.NS,4.019690454155375e-05
2026-07-14,HDFCBANK.NS,7.012781858628975e-05
2026-07-15,HDFCBANK.NS,0.000316938081063568
2026-07-16,HDFCBANK.NS,-9.395899555837257e-05
2026-07-17,HDFCBANK.NS,-0.0003438029506576341
2026-07-20,HDFCBANK.NS,-0.00035784507127429205
2026-07-21,HDFCBANK.NS,0.0001490911020586138
2026-07-22,HDFCBANK.NS,0.0002295628083264109
2026-07-23,HDFCBANK.NS,-0.00022835443653160682
2026-07-24,HDFCBANK.NS,-0.0006024183673369936
2026-07-27,HDFCBANK.NS,-0.00042361140283195546
2026-07-28,HDFCBANK.NS,0.0001809262416061152
2026-07-29,HDFCBANK.NS,-0.0007025465784189869
2026-07-30,HDFCBANK.NS,0.0002630082374384072
2026-05-01,EURUSD=X,0.00015330524716248558
2026-05-04,EURUSD=X,0.0004961867491173225
2026-05-05,EURUSD=X,0.00024915313783909236
2026-05-06,EURUSD=X,-0.0001692074617810407
2026-05-07,EURUSD=X,3.7509924152921116e-05
2026-05-08,EURUSD=X,8.16752635857165e-05
2026-05-11,EURUSD=X,-0.00034772378255368275
2026-05-12,EURUSD=X,-0.0004884866753690489
2026-05-13,EURUSD=X,-0.001268095825057969
2026-05-14,EURUSD=X,2.5961979365271062e-05
2026-05-15,EURUSD=X,0.00019453559884880019
2026-05-18,EURUSD=X,0.0013546254242668774
2026-05-19,EURUSD=X,1.3993787244060556e-05
2026-05-20,EURUSD=X,0.00017641358786136296
2026-05-21,EURUSD=X,-0.00044147656647700213
2026-05-22,EURUSD=X,-0.00032756058552870377
2026-05-25,EURUSD=X,-0.0007481291910278155
2026-05-26,EURUSD=X,2.1876929072429425e-05
2026-05-27,EURUSD=X,0.000985686388136927
2026-05-28,EURUSD=X,0.0007995111994806938
2026-05-29,EURUSD=X,7.701449735772341e-05
2026-06-01,EURUSD=X,0.0006069431565541397
2026-06-02,EURUSD=X,-0.00028120580578955295
2026-06-03,EURUSD=X,0.0011381087498603761
2026-06-04,EURUSD=X,6.666069797942883e-05
2026-06-05,EURUSD=X,0.00043920870500250355
2026-06-08,EURUSD=X,0.001003777457824392
2026-06-09,EURUSD=X,0.0006944990216784109
2026-06-10,EURUSD=X,0.0009410030322313474
2026-06-11,EURUSD=X,0.0012479172205062579
2026-06-12,EURUSD=X,0.00017375045353512983
2026-06-15,EURUSD=X,0.0010840324079660253
2026-06-16,EURUSD=X,-0.00040127079487185433
2026-06-17,EURUSD=X,-0.0004969292837431229
2026-06-18,EURUSD=X,0.00027541388956427095
2026-06-19,EURUSD=X,0.0009292737847192104
2026-06-22,EURUSD=X,0.0016193615819190177
2026-06-23,EURUSD=X,0.0008084802377300998
2026-06-24,EURUSD=X,0.00019224893289262896
2026-06-25,EURUSD=X,0.0007841921802300331
2026-06-26,EURUSD=X,0.0005316248270970583
2026-06-29,EURUSD=X,0.0008739896303390432
2026-06-30,EURUSD=X,0.0008677518900862274
2026-07-01,EURUSD=X,0.00035103673141899475
2026-07-02,EURUSD=X,-0.00023508863562839605
2026-07-03,EURUSD=X,0.00011508949750300614
2026-07-06,EURUSD=X,0.00012895971093082479
2026-07-07,EURUSD=X,0.0006580839239957321
2026-07-08,EURUSD=X,0.0006306546083396502
2026-07-09,EURUSD=X,0.00018546885875650774
2026-07-10,EURUSD=X,0.00035433810424666354
2026-07-13,EURUSD=X,0.0006547738199118595
2026-07-14,EURUSD=X,0.0007388656904220251
2026-07-15,EURUSD=X,6.61793690460685e-05
2026-07-16,EURUSD=X,0.0005358115069587571
2026-07-17,EURUSD=X,0.0013763947625212724
2026-07-20,EURUSD=X,-0.0006208709157339924
2026-07-21,EURUSD=X,-0.0007536753664432142
2026-07-22,EURUSD=X,-0.0008321148388247373
2026-07-23,EURUSD=X,-2.322890226322752e-05
2026-07-24,EURUSD=X,-0.0006037657357885232
2026-07-27,EURUSD=X,-0.00015397995610037888
2026-07-28,EURUSD=X,-2.8781890237505906e-05
2026-07-29,EURUSD=X,-0.0007095732838644461
2026-07-30,EURUSD=X,-0.00016878144210577268
2026-05-05,NVDA,2.3696456780877267e-05
2026-05-06,NVDA,-4.2912796362474376e-05
2026-05-07,NVDA,2.3704425277118522e-05
2026-05-08,NVDA,-0.00010543915256928589
2026-05-11,NVDA,-0.00034419727489254425
2026-05-12,NVDA,0.00035833751228777277
2026-05-13,NVDA,0.00010747116698836223
2026-05-14,NVDA,0.00011959867507781287
2026-05-15,NVDA,3.749256819905144e-05
2026-05-18,NVDA,-7.882290593456243e-06
2026-05-19,NVDA,9.831000371847621e-05
2026-05-20,NVDA,9.69077734956428e-05
2026-05-21,NVDA,0.0002617297156985718
2026-05-22,NVDA,0.00025561173388074203
2026-05-26,NVDA,-4.785039179832658e-05
2026-05-27,NVDA,-0.0002826415803727853
2026-05-28,NVDA,-7.467874382699454e-05
2026-05-29,NVDA,-0.00013783155715834893
2026-06-01,NVDA,9.982496641084366e-06
2026-06-02,NVDA,-1.1799956609182637e-05
2026-06-03,NVDA,-5.4646464793757185e-05
2026-06-04,NVDA,9.344952125388425e-06
2026-06-05,NVDA,-6.106909591127421e-05
2026-06-08,NVDA,0.00020004538753605396
2026-06-09,NVDA,4.1889854291047176e-05
2026-06-10,NVDA,5.5344674452855866e-05
2026-06-11,NVDA,2.7041432063376265e-05
2026-06-12,NVDA,-0.00017365526390341444
2026-06-15,NVDA,5.6353178577346616e-05
2026-06-16,NVDA,8.779287923596972e-05
2026-06-17,NVDA,0.00023818874362709013
2026-06-18,NVDA,2.2184020232094838e-05
2026-06-22,NVDA,0.0001308350855074301
2026-06-23,NVDA,8.229056684664177e-05
2026-06-24,NVDA,3.18884525259805e-05
2026-06-25,NVDA,0.0001065771832342658
2026-06-26,NVDA,4.823084720143228e-05
2026-06-29,NVDA,8.714777537854449e-05
2026-06-30,NVDA,-8.074777307290546e-06
2026-07-01,NVDA,7.455443985555341e-06
2026-07-02,NVDA,0.00028879584033106315
2026-07-06,NVDA,-0.00010647747103411794
2026-07-07,NVDA,0.00010728554617364302
2026-07-08,NVDA,-1.6703681981715393e-05
2026-07-09,NVDA,-5.082905160049778e-05
2026-07-10,NVDA,-0.00016674022640041615
2026-07-13,NVDA,2.4987645148776798e-05
2026-07-14,NVDA,-3.985266788563228e-05
2026-07-15,NVDA,-4.968760825419391e-05
2026-07-16,NVDA,-0.0006315379289311274
2026-07-17,NVDA,8.489475791951563e-05
2026-07-20,NVDA,-0.00013080034050375796
2026-07-21,NVDA,1.9085984195384578e-05
2026-07-22,NVDA,4.744295794909041e-05
2026-07-23,NVDA,-2.942369218201718e-05
2026-07-24,NVDA,-0.00012745936241701785
2026-07-27,NVDA,1.398381451497441e-05
2026-07-28,NVDA,9.431661413273564e-05
2026-07-29,NVDA,-6.517102278086375e-05
2026-07-30,NVDA,2.430306318248372e-05
2026-05-05,META,0.00016927703972315476
2026-05-06,META,-2.443127578803143e-05
2026-05-07,META,-1.4558365477666574e-05
2026-05-08,META,-6.719749472353514e-05
2026-05-11,META,-0.0003984860688808173
2026-05-12,META,-5.947136117760581e-07
2026-05-13,META,0.0002919936425764386
2026-05-14,META,7.093531445641452e-05
2026-05-15,META,-0.00010710911457059579
2026-05-18,META,1.3808942916452467e-05
2026-05-19,META,4.2844790622604486e-05
2026-05-20,META,2.0589146934377814e-05
2026-05-21,META,5.6529595788945957e-05
2026-05-22,META,-0.00014457370912354705
2026-05-26,META,-0.00024824584961436987
2026-05-27,META,-0.0004675681403959182
2026-05-28,META,-0.0006769958104914013
2026-05-29,META,-0.00020591701792901164
2026-06-01,META,0.000394010461067748
2026-06-02,META,-0.0002073373435934782
2026-06-03,META,-3.7086397141921275e-05
2026-06-04,META,-4.704651595924486e-05
2026-06-05,META,-0.0004430315462598945
2026-06-08,META,-0.00012761793974816653
2026-06-09,META,0.00018638174527333697
2026-06-10,META,0.00010266637359035776
2026-06-11,META,7.118968171969362e-05
2026-06-12,META,0.00033893519824518243
2026-06-15,META,0.000166782138546585
2026-06-16,META,0.00020034782834926497
2026-06-17,META,0.00029422421106342585
2026-06-18,META,9.807286032340948e-05
2026-06-22,META,0.00040971816335481876
2026-06-23,META,0.0002409956431906186
2026-06-24,META,0.000368569312637944
2026-06-25,META,1.901461125507334e-05
2026-06-26,META,0.00036182204333868657
2026-06-29,META,4.537296116561969e-05
2026-06-30,META,0.00010730529287970835
2026-07-01,META,-6.0614688061884086e-05
2026-07-02,META,0.0005457758484790052
2026-07-06,META,0.00013933534610198985
2026-07-07,META,-6.491348778998888e-05
2026-07-08,META,-0.0007748275286978498
2026-07-09,META,-6.432163236155068e-05
2026-07-10,META,-0.0001106420968242995
2026-07-13,META,0.00038970343995871034
2026-07-14,META,0.0008394609493294337
2026-07-15,META,7.206406843761947e-05
2026-07-16,META,-0.00032054165146215037
2026-07-17,META,0.00010560874936331903
2026-07-20,META,0.00037454466261109575
2026-07-21,META,-0.0003269311893675477
2026-07-22,META,1.0373856862343338e-06
2026-07-23,META,0.00046275379145857575
2026-07-24,META,-6.49125390660385e-05
2026-07-27,META,0.00011878573101517244
2026-07-28,META,0.0003968680805793826
2026-07-29,META,2.5805595148302962e-05
2026-07-30,META,-4.869587148642968e-05
2026-05-01,USDINR=X,-1.9405908277675105e-05
2026-05-04,USDINR=X,0.0014878930509075257
2026-05-05,USDINR=X,-0.00028950828645238623
2026-05-06,USDINR=X,0.00019640396176648044
2026-05-07,USDINR=X,0.0018468234183352823
2026-05-08,USDINR=X,0.0006074066175088048
2026-05-11,USDINR=X,0.0003036888894294177
2026-05-12,USDINR=X,0.0018782148183479823
2026-05-13,USDINR=X,0.0004326509220319102
2026-05-14,USDINR=X,-0.0007671804820636374
2026-05-15,USDINR=X,0.0003208460092162478
2026-05-18,USDINR=X,6.441739359565751e-05
2026-05-19,USDINR=X,7.074340681209968e-05
2026-05-20,USDINR=X,-0.00010202625872003193
2026-05-21,USDINR=X,-0.003199943222868333
2026-05-22,USDINR=X,-0.000561928050116369
2026-05-25,USDINR=X,0.0004639942122191862
2026-05-26,USDINR=X,0.0005376996259386095
2026-05-27,USDINR=X,0.00025758045670375704
2026-05-28,USDINR=X,-3.4931950105334375e-05
2026-05-29,USDINR=X,8.924167286611006e-05
2026-06-01,USDINR=X,0.00013962504068879423
2026-06-02,USDINR=X,0.001124093680273419
2026-06-03,USDINR=X,0.00021564686393709626
2026-06-04,USDINR=X,-0.00027109479142624365
2026-06-05,USDINR=X,0.00022185081147297922
2026-06-08,USDINR=X,-0.0002647456381921197
2026-06-09,USDINR=X,0.0025656862112657724
2026-06-10,USDINR=X,-0.00015107843730148554
2026-06-11,USDINR=X,6.941728191663597e-05
2026-06-12,USDINR=X,0.00018380792892941939
2026-06-15,USDINR=X,0.00035783158768599386
2026-06-16,USDINR=X,9.046971689855592e-05
2026-06-17,USDINR=X,-0.0002508962799756385
2026-06-18,USDINR=X,-0.0003012707455858012
2026-06-19,USDINR=X,0.00023319028011235812
2026-06-22,USDINR=X,-0.0005989494471576902
2026-06-23,USDINR=X,-0.00012000884517253495
2026-06-24,USDINR=X,0.00026613394382474736
2026-06-25,USDINR=X,0.0003172140205354089
2026-06-26,USDINR=X,0.0015179794807231109
2026-06-29,USDINR=X,0.00034384709725037305
2026-06-30,USDINR=X,4.192112605263216e-05
2026-07-01,USDINR=X,-0.00016388289954702835
2026-07-02,USDINR=X,0.00022194142668088753
2026-07-03,USDINR=X,-0.00028713596330672984
2026-07-06,USDINR=X,3.83826750562407e-05
2026-07-07,USDINR=X,-0.00030588000581189786
2026-07-08,USDINR=X,0.0005262411852392917
2026-07-09,USDINR=X,0.0011880452740462221
2026-07-10,USDINR=X,0.00013092299391911713
2026-07-13,USDINR=X,0.0001342834194827737
2026-07-14,USDINR=X,0.0007653968103398883
2026-07-15,USDINR=X,0.0001974360400910248
2026-07-16,USDINR=X,-0.00011632648038233361
2026-07-17,USDINR=X,6.812748709539365e-05
2026-07-20,USDINR=X,0.00019143553924002316
2026-07-21,USDINR=X,0.00030978776399092435
2026-07-22,USDINR=X,-0.00010327972877845968
2026-07-23,USDINR=X,0.00022291094762312758
2026-07-24,USDINR=X,0.00039742537660031633
2026-07-27,USDINR=X,0.00019764817907221894
2026-07-28,USDINR=X,-0.00046184732763967617
2026-07-29,USDINR=X,0.0005651264376150836
2026-07-30,USDINR=X,0.00018495620899405555
2026-05-05,EEM,0.0004178987454960067
2026-05-06,EEM,0.00010348219531220364
2026-05-07,EEM,-0.00016509808512078853
2026-05-08,EEM,-8.297664924251683e-05
2026-05-11,EEM,-0.0003356956138719805
2026-05-12,EEM,-0.0003612379463719043
2026-05-13,EEM,-3.087016906979356e-05
2026-05-14,EEM,-0.0001646730694900898
2026-05-15,EEM,1.3703889996604718e-05
2026-05-18,EEM,-0.000513458249942461
2026-05-19,EEM,-0.0006187659559197513
2026-05-20,EEM,-0.0006136481879523255
2026-05-21,EEM,0.0005681804213893192
2026-05-22,EEM,-0.00011065000875258047
2026-05-26,EEM,-0.000696619255797314
2026-05-27,EEM,0.0002268776976254373
2026-05-28,EEM,-0.0005622025407540266
2026-05-29,EEM,0.00029790544549429846
2026-06-01,EEM,0.00017976666503766097
2026-06-02,EEM,-8.867741460481792e-05
2026-06-03,EEM,0.0002270475325893267
2026-06-04,EEM,0.0006223445116177144
2026-06-05,EEM,0.00039057507637284023
2026-06-08,EEM,0.0004287680680519887
2026-06-09,EEM,0.00011637618815620451
2026-06-10,EEM,9.946248096728662e-05
2026-06-11,EEM,0.00031473029671567936
2026-06-12,EEM,0.000671885414930637
2026-06-15,EEM,0.0003788462272237966
2026-06-16,EEM,0.0006601833934918854
2026-06-17,EEM,0.0001775610909312827
2026-06-18,EEM,0.0008032503653088841
2026-06-22,EEM,7.498794567882608e-05
2026-06-23,EEM,-0.0001276381347605225
2026-06-24,EEM,4.783023377194908e-05
2026-06-25,EEM,0.0003533782155842062
2026-06-26,EEM,0.00015622684495845588
2026-06-29,EEM,0.00021497693192576477
2026-06-30,EEM,0.0004010341000268461
2026-07-01,EEM,3.522369719872998e-05
2026-07-02,EEM,-5.626952802589379e-05
2026-07-06,EEM,0.00015088937235121795
2026-07-07,EEM,0.0001279201656252144
2026-07-08,EEM,2.226057187514582e-05
2026-07-09,EEM,-8.080722940414842e-05
2026-07-10,EEM,0.0001790305531336494
2026-07-13,EEM,0.00032002936846846017
2026-07-14,EEM,-3.5468497371007525e-05
2026-07-15,EEM,0.00020020612971247855
2026-07-16,EEM,3.9247995790531676e-05
2026-07-17,EEM,0.0001148450841083728
2026-07-20,EEM,9.536842142598806e-05
2026-07-21,EEM,-0.00011126732031815167
2026-07-22,EEM,0.00016530366040100184
2026-07-23,EEM,-1.3737907214644243e-05
2026-07-24,EEM,-0.0008873416703701718
2026-07-27,EEM,0.00014898344362567024
2026-07-28,EEM,0.00012120569463666075
2026-07-29,EEM,9.43093029881503e-06
2026-07-30,EEM,0.00013808030683713446
2026-05-05,AMZN,1.6959783640572993e-05
2026-05-06,AMZN,-7.96759894076325e-05
2026-05-07,AMZN,-0.0005757147169948476
2026-05-08,AMZN,-0.00016529331811111642
2026-05-11,AMZN,-0.00048766762499523016
2026-05-12,AMZN,0.000538863218751371
2026-05-13,AMZN,4.7641697872026484e-05
2026-05-14,AMZN,0.0004895366337695946
2026-05-15,AMZN,0.0006991405064887841
2026-05-18,AMZN,0.00012708846221633118
2026-05-19,AMZN,0.00039223951263067
2026-05-20,AMZN,0.00019196366075808515
2026-05-21,AMZN,0.00019053965453250959
2026-05-22,AMZN,0.000371455830096803
2026-05-26,AMZN,-0.00010891609203435724
2026-05-27,AMZN,-3.422164418017199e-05
2026-05-28,AMZN,0.0001507642010412206
2026-05-29,AMZN,0.0005367277753866236
2026-06-01,AMZN,0.0004391923255596937
2026-06-02,AMZN,0.0008137074365574438
2026-06-03,AMZN,0.000633772849366109
2026-06-04,AMZN,2.7035882191105938e-05
2026-06-05,AMZN,0.0004200155619095228
2026-06-08,AMZN,0.0014502581815473657
2026-06-09,AMZN,3.841654885113662e-05
2026-06-10,AMZN,0.0005243235396804758
2026-06-11,AMZN,0.0006334527834798194
2026-06-12,AMZN,0.0003926381983828612
2026-06-15,AMZN,2.7447884345041817e-05
2026-06-16,AMZN,0.0001403641178255095
2026-06-17,AMZN,-0.0004425090477235619
2026-06-18,AMZN,-0.0006073526383902472
2026-06-22,AMZN,1.864576485380547e-05
2026-06-23,AMZN,8.460394603681977e-05
2026-06-24,AMZN,0.00010158378538817612
2026-06-25,AMZN,0.00029162383136904503
2026-06-26,AMZN,0.0003584740997812382
2026-06-29,AMZN,-0.0007187967317739163
2026-06-30,AMZN,-0.00042499387546551516
2026-07-01,AMZN,-0.00043789745589679154
2026-07-02,AMZN,-0.00012907550324634779
2026-07-06,AMZN,2.494900693779001e-05
2026-07-07,AMZN,-0.00022395675491763918
2026-07-08,AMZN,-0.00024890714741177835
2026-07-09,AMZN,-0.0006854386958656887
2026-07-10,AMZN,-0.00017783895828027462
2026-07-13,AMZN,6.189569082936794e-05
2026-07-14,AMZN,0.00013350259768217765
2026-07-15,AMZN,-0.001133483836181017
2026-07-16,AMZN,0.0002659051585973128
2026-07-17,AMZN,-0.00024249078877509991
2026-07-20,AMZN,-0.0021143295317507236
2026-07-21,AMZN,-0.0005606310604912846
2026-07-22,AMZN,-0.0011802363957625185
2026-07-23,AMZN,-0.0014058266986413269
2026-07-24,AMZN,-0.0004320805705389129
2026-07-27,AMZN,4.75956638580659e-05
2026-07-28,AMZN,-0.0006986972712476355
2026-07-29,AMZN,-0.0001363334611818123
2026-07-30,AMZN,0.0001743717116172504
2026-05-05,XOM,-0.0007482794630734456
2026-05-06,XOM,-0.0008821573396061167
2026-05-07,XOM,-0.0006498065919864285
2026-05-08,XOM,0.0001724176211642272
2026-05-11,XOM,-0.0005580390763024961
2026-05-12,XOM,0.0005298568751281952
2026-05-13,XOM,-0.00015745675666160842
2026-05-14,XOM,-0.0011570074469076247
2026-05-15,XOM,0.0015357436080931793
2026-05-18,XOM,-0.0001434465272009565
2026-05-19,XOM,0.001711056295227392
2026-05-20,XOM,0.0015275993044115606
2026-05-21,XOM,0.0008772478765342162
2026-05-22,XOM,0.0008671577844803417
2026-05-26,XOM,-0.0004820048023940705
2026-05-27,XOM,-0.000941033207883162
2026-05-28,XOM,-0.0008369928665898517
2026-05-29,XOM,-3.7992703130143354e-05
2026-06-01,XOM,0.0010023996344106876
2026-06-02,XOM,0.0001138921262993786
2026-06-03,XOM,-0.001367859904052634
2026-06-04,XOM,-0.00023003115091274837
2026-06-05,XOM,-0.000473364318553273
2026-06-08,XOM,0.001188559104986273
2026-06-09,XOM,0.0013690600739035355
2026-06-10,XOM,0.0017221688879941834
2026-06-11,XOM,-0.00048455751134723435
2026-06-12,XOM,0.002043072695540176
2026-06-15,XOM,0.0009304162222577592
2026-06-16,XOM,0.001224496864119776
2026-06-17,XOM,0.0014662787813907333
2026-06-18,XOM,0.0008308270808475042
2026-06-22,XOM,0.0019136438248989677
2026-06-23,XOM,0.001507645730069388
2026-06-24,XOM,0.00018307733378207386
2026-06-25,XOM,-0.00047579267224687243
2026-06-26,XOM,0.000978487745304762
2026-06-29,XOM,0.001974837144080023
2026-06-30,XOM,0.0015806073314757864
2026-07-01,XOM,0.001258329770205886
2026-07-02,XOM,0.0009765084934827772
2026-07-06,XOM,0.0010829522126793096
2026-07-07,XOM,1.5034958522681327e-05
2026-07-08,XOM,0.0012226895338822313
2026-07-09,XOM,0.0005898571313515598
2026-07-10,XOM,0.0005446364887066579
2026-07-13,XOM,0.00023446087384125337
2026-07-14,XOM,8.20144450474801e-05
2026-07-15,XOM,5.920275867850277e-05
2026-07-16,XOM,0.00017672462660876662
2026-07-17,XOM,-0.0006111858253557195
2026-07-20,XOM,-0.00019512600694206896
2026-07-21,XOM,-0.0003168720146483935
2026-07-22,XOM,-1.570447851840551e-05
2026-07-23,XOM,9.210967897466429e-05
2026-07-24,XOM,-0.0001063607409928704
2026-07-27,XOM,0.00017687038253967496
2026-07-28,XOM,1.8212325583932984e-05
2026-07-29,XOM,0.00015262890289671562
2026-07-30,XOM,0.00026150846583717263
2026-05-05,SPY,9.72098083546652e-05
2026-05-06,SPY,9.525155772483391e-05
2026-05-07,SPY,-0.00014610305481280907
2026-05-08,SPY,-0.000845722457423007
2026-05-11,SPY,-0.0015480518339724162
2026-05-12,SPY,-0.00033341078134219127
2026-05-13,SPY,0.0003982528916398054
2026-05-14,SPY,0.0006125606078604488
2026-05-15,SPY,0.0009960086215339216
2026-05-18,SPY,-0.00010163727169117089
2026-05-19,SPY,-0.00034825441998679056
2026-05-20,SPY,0.0010269615395913255
2026-05-21,SPY,0.00030503197990274487
2026-05-22,SPY,-0.00030849497543597334
2026-05-26,SPY,-0.0017066266637734816
2026-05-27,SPY,-0.0005667907676944913
2026-05-28,SPY,-7.747658484139419e-05
2026-05-29,SPY,0.00011126361577173437
2026-06-01,SPY,6.510380591893797e-05
2026-06-02,SPY,3.6987692182353566e-05
2026-06-03,SPY,-0.0001328856914600161
2026-06-04,SPY,-0.0004973928986751045
2026-06-05,SPY,0.0004893795683857796
2026-06-08,SPY,0.00036202649599565817
2026-06-09,SPY,0.002719215916306292
2026-06-10,SPY,0.00035354438029794614
2026-06-11,SPY,-0.0003039846625749912
2026-06-12,SPY,0.0007367104361963707
2026-06-15,SPY,0.0003578455601124212
2026-06-16,SPY,0.000794374131328759
2026-06-17,SPY,0.0008305953190577978
2026-06-18,SPY,0.0005515667395732497
2026-06-22,SPY,0.0002993124326963488
2026-06-23,SPY,-6.810027920692737e-06
2026-06-24,SPY,0.00042701627963328794
2026-06-25,SPY,0.0005596221734588552
2026-06-26,SPY,-0.000857037660849842
2026-06-29,SPY,-0.0008101455993884377
2026-06-30,SPY,0.00044430445948411576
2026-07-01,SPY,-0.00024611495915533054
2026-07-02,SPY,-0.000125054366899613
2026-07-06,SPY,-0.0003939379958188138
2026-07-07,SPY,-0.00025875616674580283
2026-07-08,SPY,-0.00018214704844598745
2026-07-09,SPY,-0.000160049487624729
2026-07-10,SPY,-0.0001774328100591497
2026-07-13,SPY,-0.00013430930601102692
2026-07-14,SPY,-0.000666572819549147
2026-07-15,SPY,-0.001486132673289588
2026-07-16,SPY,-0.002031222876979724
2026-07-17,SPY,0.00012830913854250758
2026-07-20,SPY,-0.0007604304184761989
2026-07-21,SPY,-0.000126937660660902
2026-07-22,SPY,0.00040154557108967263
2026-07-23,SPY,9.527339101540242e-05
2026-07-24,SPY,-0.002192677582200557
2026-07-27,SPY,0.0001369970071373908
2026-07-28,SPY,0.0013005220303752706
2026-07-29,SPY,-3.224291234656814e-05
2026-07-30,SPY,0.00024068779233055388
2026-05-08,TCS.NS,0.0002672385061548525
2026-05-11,TCS.NS,-0.001215630638943114
2026-05-12,TCS.NS,-0.0007713216175172365
2026-05-13,TCS.NS,0.0013377536476189135
2026-05-14,TCS.NS,-8.805657483131507e-05
2026-05-15,TCS.NS,0.0016284932301432373
2026-05-18,TCS.NS,0.002054063190130547
2026-05-19,TCS.NS,0.0018124128424779873
2026-05-20,TCS.NS,0.0015512106725658332
2026-05-21,TCS.NS,0.00309395273304642
2026-05-22,TCS.NS,0.001910412707606765
2026-05-25,TCS.NS,0.0022584256920413375
2026-05-26,TCS.NS,0.0024445503021764347
2026-05-27,TCS.NS,0.002431157701008438
2026-05-28,TCS.NS,0.0010852391307839546
2026-05-29,TCS.NS,0.001471347022247789
2026-06-01,TCS.NS,0.0023724829712597913
2026-06-02,TCS.NS,0.0008777463122440146
2026-06-03,TCS.NS,0.0037980840111233247
2026-06-04,TCS.NS,0.0032576926831525852
2026-06-05,TCS.NS,0.002205559065801471
2026-06-08,TCS.NS,0.0009402450135868699
2026-06-09,TCS.NS,0.0016165488665961043
2026-06-10,TCS.NS,0.0024585113817823918
2026-06-11,TCS.NS,0.002994489695745485
2026-06-12,TCS.NS,0.0046666450264387024
2026-06-15,TCS.NS,0.0007396335932427146
2026-06-16,TCS.NS,0.001293144690756664
2026-06-17,TCS.NS,0.001508264752826884
2026-06-18,TCS.NS,0.0010600256445402814
2026-06-19,TCS.NS,0.0005677325928943253
2026-06-22,TCS.NS,0.0011439032914248172
2026-06-23,TCS.NS,0.0015949136943216285
2026-06-24,TCS.NS,0.0016313358620177502
2026-06-25,TCS.NS,0.0016489184481281824
2026-06-26,TCS.NS,0.0016639526634200511
2026-06-29,TCS.NS,0.0004189421346006538
2026-06-30,TCS.NS,0.00043563710089057113
2026-07-01,TCS.NS,0.002727823774835168
2026-07-02,TCS.NS,0.0001349012932071027
2026-07-03,TCS.NS,0.000223511720436693
2026-07-06,TCS.NS,0.00034653654857835
2026-07-07,TCS.NS,0.000301741054162319
2026-07-08,TCS.NS,0.00015694742335762635
2026-07-09,TCS.NS,3.539523488986781e-05
2026-07-10,TCS.NS,9.915575431408481e-05
2026-07-13,TCS.NS,-0.0010499193331354813
2026-07-14,TCS.NS,0.00046974928814967994
2026-07-15,TCS.NS,-0.00019001515959304692
2026-07-16,TCS.NS,0.0006987421684690142
2026-07-17,TCS.NS,0.0014719533142603552
2026-07-20,TCS.NS,0.00021687947299371265
2026-07-21,TCS.NS,0.0002793290143267406
2026-07-22,TCS.NS,0.00037233724039883217
2026-07-23,TCS.NS,0.00043639498916889235
2026-07-24,TCS.NS,0.0005278689095626834
2026-07-27,TCS.NS,0.00014314953839102723
2026-07-28,TCS.NS,0.0005175480061431003
2026-07-29,TCS.NS,0.0002632738363904088
2026-07-30,TCS.NS,0.0012661765525969393
2026-05-05,DX-Y.NYB,0.0005499264922309966
2026-05-06,DX-Y.NYB,0.000886153547761256
2026-05-07,DX-Y.NYB,0.0005468139591766399
2026-05-08,DX-Y.NYB,0.0016415985815068366
2026-05-11,DX-Y.NYB,1.0233430944175622e-05
2026-05-12,DX-Y.NYB,0.0032078265051970712
2026-05-13,DX-Y.NYB,0.0017583630613241328
2026-05-14,DX-Y.NYB,0.0002076240720051338
2026-05-15,DX-Y.NYB,-0.00032085353719058283
2026-05-18,DX-Y.NYB,-0.0008668979199824006
2026-05-19,DX-Y.NYB,-0.0003553022271485197
2026-05-20,DX-Y.NYB,0.0007447252281978756
2026-05-21,DX-Y.NYB,0.0003819724252619142
2026-05-22,DX-Y.NYB,0.000454928546437104
2026-05-26,DX-Y.NYB,0.001188114557427482
2026-05-27,DX-Y.NYB,0.0008292963871370982
2026-05-28,DX-Y.NYB,0.0006049643779161681
2026-05-29,DX-Y.NYB,0.0009838563007082027
2026-06-01,DX-Y.NYB,0.00012778479085190692
2026-06-02,DX-Y.NYB,0.0006908699344015139
2026-06-03,DX-Y.NYB,0.00015392804622977064
2026-06-04,DX-Y.NYB,0.0021987991426708274
2026-06-05,DX-Y.NYB,0.0006790616589618988
2026-06-08,DX-Y.NYB,0.00044782023727383055
2026-06-09,DX-Y.NYB,-0.00014582623586186557
2026-06-10,DX-Y.NYB,0.000694843989493515
2026-06-11,DX-Y.NYB,0.0007345458759519972
2026-06-12,DX-Y.NYB,0.0007249536097662004
2026-06-15,DX-Y.NYB,0.00038416439127703615
2026-06-16,DX-Y.NYB,0.00040925798453834175
2026-06-17,DX-Y.NYB,0.0004164535124184662
2026-06-18,DX-Y.NYB,0.0006018663442869764
2026-06-22,DX-Y.NYB,0.0001924633392652534
2026-06-23,DX-Y.NYB,-0.00011214995356917414
2026-06-24,DX-Y.NYB,0.0007596130724963854
2026-06-25,DX-Y.NYB,-0.0024827376151418195
2026-06-26,DX-Y.NYB,0.00030192595521185165
2026-06-29,DX-Y.NYB,0.0010178322570291902
2026-06-30,DX-Y.NYB,0.0005626962818581835
2026-07-01,DX-Y.NYB,0.0003604028816872341
2026-07-02,DX-Y.NYB,0.0008129826698093825
2026-07-06,DX-Y.NYB,0.0013321563430595817
2026-07-07,DX-Y.NYB,0.0018883083125091301
2026-07-08,DX-Y.NYB,0.00035017378496614727
2026-07-09,DX-Y.NYB,0.0004077165512580751
2026-07-10,DX-Y.NYB,0.0002657636892213825
2026-07-13,DX-Y.NYB,0.00041548167051869394
2026-07-14,DX-Y.NYB,0.000795755028771548
2026-07-15,DX-Y.NYB,0.0007374351956456775
2026-07-16,DX-Y.NYB,0.0002955153027916231
2026-07-17,DX-Y.NYB,0.0008831101873738732
2026-07-20,DX-Y.NYB,0.0001358640643226633
2026-07-21,DX-Y.NYB,0.0005302991927048168
2026-07-22,DX-Y.NYB,0.0009086467180325907
2026-07-23,DX-Y.NYB,0.0006773824776711552
2026-07-24,DX-Y.NYB,0.0009623934570102189
2026-07-27,DX-Y.NYB,-0.00033880015451663326
2026-07-28,DX-Y.NYB,0.0011172235199789515
2026-07-29,DX-Y.NYB,0.0012041284404814881
2026-07-30,DX-Y.NYB,0.00019990891581604103
2026-05-05,QQQ,-0.0011897916175160285
2026-05-06,QQQ,-0.00032302606737056417
2026-05-07,QQQ,-0.0009954386057289117
2026-05-08,QQQ,-0.0011627673275278942
2026-05-11,QQQ,-0.001427195270951539
2026-05-12,QQQ,-0.000692114013433308
2026-05-13,QQQ,0.0003105911794043242
2026-05-14,QQQ,-0.00019689609655526252
2026-05-15,QQQ,0.002512363201205581
2026-05-18,QQQ,0.00015801190079230533
2026-05-19,QQQ,0.0010169316733562733
2026-05-20,QQQ,0.0012405096748555374
2026-05-21,QQQ,-2.1987138003213466e-05
2026-05-22,QQQ,0.0006955549944189974
2026-05-26,QQQ,-0.00229483870156991
2026-05-27,QQQ,6.97606985622538e-05
2026-05-28,QQQ,-0.00031520461567058897
2026-05-29,QQQ,1.3165558899365606e-05
2026-06-01,QQQ,-0.0005984550539211722
2026-06-02,QQQ,-0.0010114380846659669
2026-06-03,QQQ,-0.0006756171472505403
2026-06-04,QQQ,-0.0002108134935595819
2026-06-05,QQQ,-2.37051616081711e-06
2026-06-08,QQQ,0.00048562320660958076
2026-06-09,QQQ,0.0016857160931150975
2026-06-10,QQQ,0.0015044915838899648
2026-06-11,QQQ,-7.197133925297422e-05
2026-06-12,QQQ,-0.0007207791808908432
2026-06-15,QQQ,0.00013192293013641033
2026-06-16,QQQ,0.0017449149295955466
2026-06-17,QQQ,-0.0003817078880488821
2026-06-18,QQQ,0.0013645743596969624
2026-06-22,QQQ,0.00034695255486117207
2026-06-23,QQQ,0.0008633484643779666
2026-06-24,QQQ,-2.77484487137613e-05
2026-06-25,QQQ,-0.0002873628892175515
2026-06-26,QQQ,-0.0002954732116269302
2026-06-29,QQQ,-0.0007963342779860276
2026-06-30,QQQ,-0.0007667243831192261
2026-07-01,QQQ,-0.00017062035892964194
2026-07-02,QQQ,-0.0005606854498042685
2026-07-06,QQQ,-0.0008578375982192663
2026-07-07,QQQ,-0.0005509276253821074
2026-07-08,QQQ,-0.0002520162091062625
2026-07-09,QQQ,-0.0005458309486413199
2026-07-10,QQQ,-0.0006980026795064327
2026-07-13,QQQ,-0.0009876438016067253
2026-07-14,QQQ,-0.00022215605442488828
2026-07-15,QQQ,-0.0018483444048778208
2026-07-16,QQQ,-0.0015299850356555555
2026-07-17,QQQ,0.00040614509295052505
2026-07-20,QQQ,-0.001259832288710991
2026-07-21,QQQ,-0.00037147401475015065
2026-07-22,QQQ,-0.0020516434652051558
2026-07-23,QQQ,-0.0020194644317322037
2026-07-24,QQQ,-0.0013489065033942178
2026-07-27,QQQ,0.0006876101702604585
2026-07-28,QQQ,-0.0008434322384506908
2026-07-29,QQQ,-0.0014154237719416123
2026-07-30,QQQ,0.0006105563447472605
2026-05-05,GOOGL,-0.0012317922716571028
2026-05-06,GOOGL,-0.0007535420939345058
2026-05-07,GOOGL,9.293995461622805e-05
2026-05-08,GOOGL,-0.0013088496152802592
2026-05-11,GOOGL,0.00020768563705930826
2026-05-12,GOOGL,0.0011027369280371996
2026-05-13,GOOGL,9.339473996951538e-05
2026-05-14,GOOGL,0.00018178376651495015
2026-05-15,GOOGL,0.00016839904190918596
2026-05-18,GOOGL,0.0008551301354474356
2026-05-19,GOOGL,0.0006608927758087566
2026-05-20,GOOGL,0.000771512185389834
2026-05-21,GOOGL,0.00026555577781098397
2026-05-22,GOOGL,0.001594832076886761
2026-05-26,GOOGL,-0.00011308436672382922
2026-05-27,GOOGL,0.0009319112638019592
2026-05-28,GOOGL,-0.0006972081807763501
2026-05-29,GOOGL,-4.3559776720066365e-05
2026-06-01,GOOGL,0.00014321448051957285
2026-06-02,GOOGL,8.495875554388675e-05
2026-06-03,GOOGL,-7.83659714149138e-05
2026-06-04,GOOGL,-0.001252170881612773
2026-06-05,GOOGL,-0.0002039092541103168
2026-06-08,GOOGL,0.0013087426570701846
2026-06-09,GOOGL,0.0007218025292485941
2026-06-10,GOOGL,0.0012307186551769786
2026-06-11,GOOGL,0.0011570686913454802
2026-06-12,GOOGL,0.00019280641859981327
2026-06-15,GOOGL,0.0007758518172601702
2026-06-16,GOOGL,0.001411840840868031
2026-06-17,GOOGL,0.00046259008428229395
2026-06-18,GOOGL,-0.001408153377665213
2026-06-22,GOOGL,0.00023722187006333285
2026-06-23,GOOGL,0.000312714641134884
2026-06-24,GOOGL,0.00044199418808715715
2026-06-25,GOOGL,-8.389865616461275e-05
2026-06-26,GOOGL,0.0009407739570330015
2026-06-29,GOOGL,0.00016204995493482915
2026-06-30,GOOGL,-0.00020228342813689566
2026-07-01,GOOGL,-0.0012244290770285068
2026-07-02,GOOGL,0.0010722514949682211
2026-07-06,GOOGL,0.0007150665154477292
2026-07-07,GOOGL,0.00018283345475219744
2026-07-08,GOOGL,0.0011051053462018004
2026-07-09,GOOGL,0.0007338266351135753
2026-07-10,GOOGL,0.0009811741416086597
2026-07-13,GOOGL,0.0016548824236761075
2026-07-14,GOOGL,0.000833635172717844
2026-07-15,GOOGL,-0.0007220697921178253
2026-07-16,GOOGL,0.00028549521641629594
2026-07-17,GOOGL,0.0012496439910830727
2026-07-20,GOOGL,-0.0009366382760656017
2026-07-21,GOOGL,2.8816934531971438e-05
2026-07-22,GOOGL,-0.0009918546668103833
2026-07-23,GOOGL,0.002765996326939218
2026-07-24,GOOGL,0.0010909969830971281
2026-07-27,GOOGL,0.001048131174305153
2026-07-28,GOOGL,-0.0015899168849039737
2026-07-29,GOOGL,-0.0007622427937179969
2026-07-30,GOOGL,-0.001764225478079083
