time,symbol,weight
2025-11-06,SBIN.NS,3.840440051341055e-07
2025-11-07,SBIN.NS,6.752351742734583e-05
2025-11-10,SBIN.NS,-8.515045757846326e-06
2025-11-11,SBIN.NS,1.0915179065180936e-05
2025-11-12,SBIN.NS,-5.396451360783505e-05
2025-11-13,SBIN.NS,2.6935356742196793e-05
2025-11-14,SBIN.NS,5.868359044744058e-05
2025-11-17,SBIN.NS,-7.299408225109103e-05
2025-11-18,SBIN.NS,-4.224632552908282e-05
2025-11-19,SBIN.NS,8.222893380176338e-06
2025-11-20,SBIN.NS,1.9702804187375046e-05
2025-11-21,SBIN.NS,-9.777246818774588e-05
2025-11-24,SBIN.NS,5.531988696571361e-05
2025-11-25,SBIN.NS,-1.5046623264639219e-05
2025-11-26,SBIN.NS,-1.039613466613402e-05
2025-11-27,SBIN.NS,8.146460230052756e-06
2025-11-28,SBIN.NS,-9.1393284227776e-06
2025-12-01,SBIN.NS,-3.443378980833733e-05
2025-12-02,SBIN.NS,2.252733447490664e-05
2025-12-03,SBIN.NS,6.434366704748848e-07
2025-12-04,SBIN.NS,-8.244185676407183e-05
2025-12-05,SBIN.NS,-3.0437806770917257e-05
2025-12-08,SBIN.NS,-4.26119938001993e-06
2025-12-09,SBIN.NS,-2.6072351251324258e-05
2025-12-10,SBIN.NS,3.733987764337851e-05
2025-12-11,SBIN.NS,0.00010405854758085678
2025-12-12,SBIN.NS,-1.2265433769528736e-05
2025-12-15,SBIN.NS,4.512677379150893e-05
2025-12-16,SBIN.NS,0.00016979542437172907
2025-12-17,SBIN.NS,9.314900400334549e-05
2025-12-18,SBIN.NS,-0.00012111229525174446
2025-12-19,SBIN.NS,5.2678634283820636e-05
2025-12-22,SBIN.NS,9.24906516608984e-05
2025-12-23,SBIN.NS,8.78726760190671e-05
2025-12-24,SBIN.NS,-6.668390667577629e-05
2025-12-26,SBIN.NS,-3.7671370519787925e-05
2025-12-29,SBIN.NS,1.3378863532132508e-05
2025-12-30,SBIN.NS,5.6745500111556286e-05
2025-12-31,SBIN.NS,1.2948090878794026e-05
2026-01-01,SBIN.NS,-2.8404429627955005e-05
2026-01-02,SBIN.NS,-1.128961876490676e-05
2026-01-05,SBIN.NS,2.0526974248945183e-06
2026-01-06,SBIN.NS,-9.09588149350652e-05
2026-01-07,SBIN.NS,-6.0082327613842764e-05
2026-01-08,SBIN.NS,1.549872190254778e-05
2026-01-09,SBIN.NS,2.7999203961554552e-05
2026-01-12,SBIN.NS,5.066670275608861e-05
2026-01-13,SBIN.NS,3.272690576978114e-05
2026-01-14,SBIN.NS,0.00012867974837554023
2026-01-15,SBIN.NS,7.298054104249245e-05
2026-01-16,SBIN.NS,8.736699038054681e-05
2026-01-19,SBIN.NS,-3.376269601825075e-05
2026-01-20,SBIN.NS,9.041442404433962e-05
2026-01-21,SBIN.NS,2.6090237179686433e-05
2026-01-22,SBIN.NS,-3.831107833846558e-05
2026-01-23,SBIN.NS,-6.21087739521245e-05
2026-01-27,SBIN.NS,-4.1677309123721684e-05
2026-01-28,SBIN.NS,8.442328458793159e-05
2026-01-29,SBIN.NS,0.00010705478576787414
2025-11-06,TCS.NS,0.0005158404441186796
2025-11-07,TCS.NS,0.0005635156444583722
2025-11-10,TCS.NS,0.00045202747327446847
2025-11-11,TCS.NS,0.00046081141682351254
2025-11-12,TCS.NS,0.00038737637244562874
2025-11-13,TCS.NS,0.0003545074417356909
2025-11-14,TCS.NS,0.000393237415389541
2025-11-17,TCS.NS,0.00032417661328448756
2025-11-18,TCS.NS,0.0003380380797131223
2025-11-19,TCS.NS,0.0004915646604365089
2025-11-20,TCS.NS,0.0004947074208981767
2025-11-21,TCS.NS,0.0003453322535822679
2025-11-24,TCS.NS,0.0004047295147695303
2025-11-25,TCS.NS,0.00046917648850940206
2025-11-26,TCS.NS,0.0004819524198683446
2025-11-27,TCS.NS,0.00045193298511056034
2025-11-28,TCS.NS,0.0004365343157874755
2025-12-01,TCS.NS,0.00023562231574806488
2025-12-02,TCS.NS,0.00026592918754897606
2025-12-03,TCS.NS,0.000242811632369914
2025-12-04,TCS.NS,0.0004170106129872619
2025-12-05,TCS.NS,0.0004264102084966556
2025-12-08,TCS.NS,0.00025014101662747593
2025-12-09,TCS.NS,0.000475233075130635
2025-12-10,TCS.NS,0.0003682656063240598
2025-12-11,TCS.NS,0.00039679145509385444
2025-12-12,TCS.NS,0.00043206178606907466
2025-12-15,TCS.NS,0.00043354417703758236
2025-12-16,TCS.NS,0.000299376171203457
2025-12-17,TCS.NS,0.0004242300361228926
2025-12-18,TCS.NS,0.0004060162844769096
2025-12-19,TCS.NS,0.0004155304672992961
2025-12-22,TCS.NS,0.0005099398567361947
2025-12-23,TCS.NS,0.0004059505501564063
2025-12-24,TCS.NS,0.0015178455102689793
2025-12-26,TCS.NS,0.0013553624292437449
2025-12-29,TCS.NS,0.0018030849300876691
2025-12-30,TCS.NS,0.001835870200229056
2025-12-31,TCS.NS,0.00117737962003511
2026-01-01,TCS.NS,0.0012072285879231239
2026-01-02,TCS.NS,0.0004884378914091752
2026-01-05,TCS.NS,0.0004326151569715165
2026-01-06,TCS.NS,0.00028028504162386935
2026-01-07,TCS.NS,0.00026403733657770907
2026-01-08,TCS.NS,0.0003464512820847498
2026-01-09,TCS.NS,0.0005197452667147706
2026-01-12,TCS.NS,0.0004313148880671217
2026-01-13,TCS.NS,0.00028093164165422926
2026-01-14,TCS.NS,0.0005644165049583065
2026-01-15,TCS.NS,0.00016131602135714768
2026-01-16,TCS.NS,0.0005792245406044675
2026-01-19,TCS.NS,0.0006333671324363732
2026-01-20,TCS.NS,0.0005880631667890765
2026-01-21,TCS.NS,0.0004365874067538174
2026-01-22,TCS.NS,0.0004477969406501193
2026-01-23,TCS.NS,0.0004391197978008462
2026-01-27,TCS.NS,0.00047664930751904164
2026-01-28,TCS.NS,0.0004826310093818228
2026-01-29,TCS.NS,0.00048179557844775034
2025-10-31,UNH,0.00023136842934553064
2025-11-03,UNH,0.00034606672575974306
2025-11-04,UNH,8.706809168571046e-05
2025-11-05,UNH,0.00010902894134571482
2025-11-06,UNH,2.046871621756691e-05
2025-11-07,UNH,4.764101935854741e-05
2025-11-10,UNH,-0.00015604877224886717
2025-11-11,UNH,-0.00014244764593500652
2025-11-12,UNH,-0.00012742810512420967
2025-11-13,UNH,-0.00017383163713047083
2025-11-14,UNH,-7.681429153944313e-05
2025-11-17,UNH,6.0137288179594686e-05
2025-11-18,UNH,1.4868019358660017e-05
2025-11-19,UNH,4.295227869058438e-05
2025-11-20,UNH,1.4661946499812963e-05
2025-11-21,UNH,0.0001115159153420555
2025-11-24,UNH,2.9592460025745393e-05
2025-11-25,UNH,3.855271530445592e-06
2025-11-26,UNH,-3.586820398645609e-06
2025-11-28,UNH,7.408453349628505e-05
2025-12-01,UNH,7.01538347589869e-05
2025-12-02,UNH,8.706612059774145e-05
2025-12-03,UNH,0.00012340594379911594
2025-12-04,UNH,0.00014041376335316723
2025-12-05,UNH,0.0001571540844849178
2025-12-08,UNH,0.00010469615431722756
2025-12-09,UNH,0.00011848232937637803
2025-12-10,UNH,0.00020197957935742458
2025-12-11,UNH,0.0001490313213379334
2025-12-12,UNH,0.00016152500503143258
2025-12-15,UNH,0.00023596631284644224
2025-12-16,UNH,0.00018378228280890133
2025-12-17,UNH,0.0002023069636674227
2025-12-18,UNH,0.00020082127770237418
2025-12-19,UNH,0.0002516452101406984
2025-12-22,UNH,0.00020487908897084934
2025-12-23,UNH,0.00021395405361545252
2025-12-24,UNH,0.00020723434248911724
2025-12-26,UNH,0.0004124086091809131
2025-12-29,UNH,0.0003778445992190716
2025-12-30,UNH,0.00028954057598679143
2025-12-31,UNH,0.00029002822088877635
2026-01-02,UNH,0.00012634851788871407
2026-01-05,UNH,0.00013349314199392716
2026-01-06,UNH,9.1504113563981e-05
2026-01-07,UNH,0.00017568843872099396
2026-01-08,UNH,0.00012221782918132607
2026-01-09,UNH,0.00012885972577353794
2026-01-12,UNH,0.00010483209300946898
2026-01-13,UNH,0.00012328718146809137
2026-01-14,UNH,9.67920370112398e-05
2026-01-15,UNH,0.00012228702236861976
2026-01-16,UNH,0.00014574362580672902
2026-01-20,UNH,0.00013652653269384906
2026-01-21,UNH,0.00014989143656363296
2026-01-22,UNH,0.00013219929070931984
2026-01-23,UNH,9.173680896090318e-05
2026-01-26,UNH,0.00010352006941787851
2026-01-27,UNH,0.00012321308370907055
2026-01-28,UNH,-6.467260568997564e-05
2026-01-29,UNH,0.0001585981327125688
2025-10-31,TLT,0.0001299922809423177
2025-11-03,TLT,0.0005405620124766644
2025-11-04,TLT,0.000376652225244072
2025-11-05,TLT,0.00033896957479000666
2025-11-06,TLT,0.00024064122221678926
2025-11-07,TLT,0.00029079783835927905
2025-11-10,TLT,0.00033156281650310827
2025-11-11,TLT,0.0003624678651530317
2025-11-12,TLT,0.0003217503425368257
2025-11-13,TLT,0.00024368325704186733
2025-11-14,TLT,0.00033850017656289136
2025-11-17,TLT,0.0002883862173056324
2025-11-18,TLT,0.0004380688066758081
2025-11-19,TLT,0.0002057655701910986
2025-11-20,TLT,0.0002415964618786842
2025-11-21,TLT,0.0003494394700961015
2025-11-24,TLT,0.0005355824079876791
2025-11-25,TLT,0.0003553503873894986
2025-11-26,TLT,0.00016519276204175052
2025-11-28,TLT,0.00035291976550608017
2025-12-01,TLT,0.00034523343602438513
2025-12-02,TLT,0.0001425784355810684
2025-12-03,TLT,0.0002321675454969424
2025-12-04,TLT,0.00036706497892820044
2025-12-05,TLT,0.00048417796124996306
2025-12-08,TLT,0.00022647876939943984
2025-12-09,TLT,0.00023511649949004528
2025-12-10,TLT,0.0001642629514386392
2025-12-11,TLT,0.00011203612132206533
2025-12-12,TLT,0.0005104226660133584
2025-12-15,TLT,0.00018003752713570916
2025-12-16,TLT,0.0002270760624891829
2025-12-17,TLT,0.00032742119679188866
2025-12-18,TLT,0.000268959444631084
2025-12-19,TLT,0.0003077595942383874
2025-12-22,TLT,0.00040889252390205266
2025-12-23,TLT,0.000229793845437629
2025-12-24,TLT,0.00030782165313905896
2025-12-26,TLT,0.0003062554518812815
2025-12-29,TLT,0.00020882293695711002
2025-12-30,TLT,0.00022488043433829683
2025-12-31,TLT,0.00040407881450787016
2026-01-02,TLT,2.2485106765708336e-07
2026-01-05,TLT,0.00014876823889976607
2026-01-06,TLT,0.0003164472309302248
2026-01-07,TLT,0.0002134982026574884
2026-01-08,TLT,0.00031622316240277935
2026-01-09,TLT,-5.65816566870814e-06
2026-01-12,TLT,6.804939520302199e-05
2026-01-13,TLT,0.00018605153132991207
2026-01-14,TLT,0.0002808927035596868
2026-01-15,TLT,0.00029615641626107634
2026-01-16,TLT,0.00018420376639624152
2026-01-20,TLT,0.0001526745340062086
2026-01-21,TLT,0.00017091807745361
2026-01-22,TLT,0.00019793255053253325
2026-01-23,TLT,0.00020470574055131717
2026-01-26,TLT,0.00015619295991772423
2026-01-27,TLT,0.00027822988708834994
2026-01-28,TLT,0.00018450526047326092
2026-01-29,TLT,3.801575514841728e-05
2025-10-31,AMZN,-5.1301936781095176e-05
2025-11-03,AMZN,2.120695264024924e-05
2025-11-04,AMZN,7.730290098175145e-05
2025-11-05,AMZN,5.467438522468308e-05
2025-11-06,AMZN,-0.000136976759158927
2025-11-07,AMZN,-4.5080709204718046e-05
2025-11-10,AMZN,-1.3679399898171506e-05
2025-11-11,AMZN,0.000321525279327776
2025-11-12,AMZN,0.0005966244214675506
2025-11-13,AMZN,6.458121760974774e-05
2025-11-14,AMZN,-2.327225280995138e-05
2025-11-17,AMZN,-3.015898047338106e-06
2025-11-18,AMZN,0.0002874492841811147
2025-11-19,AMZN,-2.7866010748022004e-05
2025-11-20,AMZN,5.215132030537141e-05
2025-11-21,AMZN,-3.727039702281967e-05
2025-11-24,AMZN,-5.4020902315981875e-06
2025-11-25,AMZN,1.7307801240888184e-05
2025-11-26,AMZN,0.00010318659663256674
2025-11-28,AMZN,4.7046900991396145e-06
2025-12-01,AMZN,5.0229328384188355e-06
2025-12-02,AMZN,0.0001794905096509374
2025-12-03,AMZN,2.8607623265607238e-05
2025-12-04,AMZN,2.7153773909169987e-05
2025-12-05,AMZN,2.162355457435992e-05
2025-12-08,AMZN,9.157002026800049e-06
2025-12-09,AMZN,-7.941871847051604e-06
2025-12-10,AMZN,-1.3020528631707358e-05
2025-12-11,AMZN,-0.00024621337203101337
2025-12-12,AMZN,-2.35545564245479e-05
2025-12-15,AMZN,2.8058227719983935e-06
2025-12-16,AMZN,-1.99971441956896e-05
2025-12-17,AMZN,5.4682055862798954e-05
2025-12-18,AMZN,-9.132014300991249e-06
2025-12-19,AMZN,3.519469715495719e-05
2025-12-22,AMZN,2.53599141727077e-05
2025-12-23,AMZN,3.645666367464487e-05
2025-12-24,AMZN,4.8905701457437695e-05
2025-12-26,AMZN,0.00013980646564780522
2025-12-29,AMZN,4.862069152500999e-05
2025-12-30,AMZN,0.00011334731696873454
2025-12-31,AMZN,0.000161107178927071
2026-01-02,AMZN,7.047095758102087e-05
2026-01-05,AMZN,7.643822009399433e-05
2026-01-06,AMZN,5.0384671177225455e-05
2026-01-07,AMZN,0.00011408075943389284
2026-01-08,AMZN,9.407029996629293e-05
2026-01-09,AMZN,0.00019784016067689287
2026-01-12,AMZN,1.2402967426381845e-05
2026-01-13,AMZN,2.643725308343702e-05
2026-01-14,AMZN,5.394378159748357e-05
2026-01-15,AMZN,3.5934585781007514e-05
2026-01-16,AMZN,4.344672553149622e-05
2026-01-20,AMZN,9.284893095858411e-05
2026-01-21,AMZN,3.95228142640868e-05
2026-01-22,AMZN,9.330050971249678e-05
2026-01-23,AMZN,0.00010088495871349164
2026-01-26,AMZN,1.9597362154800823e-05
2026-01-27,AMZN,3.0418116376232184e-05
2026-01-28,AMZN,8.20731850326765e-05
2026-01-29,AMZN,2.3949001616291062e-05
2025-11-06,INFY.NS,0.00027671359566656695
2025-11-07,INFY.NS,0.0002863265094941117
2025-11-10,INFY.NS,0.00025073052113721786
2025-11-11,INFY.NS,0.0009561605996715106
2025-11-12,INFY.NS,0.00026832795600836997
2025-11-13,INFY.NS,0.00023372167797410038
2025-11-14,INFY.NS,0.00021383947391510755
2025-11-17,INFY.NS,0.0002268985463231602
2025-11-18,INFY.NS,0.00027815465369653144
2025-11-19,INFY.NS,0.000240132839514972
2025-11-20,INFY.NS,0.00028227743558809716
2025-11-21,INFY.NS,0.0001417515920150596
2025-11-24,INFY.NS,0.00023048786451435662
2025-11-25,INFY.NS,0.0002302409536139336
2025-11-26,INFY.NS,0.0003196163337765817
2025-11-27,INFY.NS,0.00021690744365699402
2025-11-28,INFY.NS,0.0002574215263190789
2025-12-01,INFY.NS,0.00019311655470359405
2025-12-02,INFY.NS,0.00013422642872896096
2025-12-03,INFY.NS,0.0002086469418404236
2025-12-04,INFY.NS,0.00024961781953282815
2025-12-05,INFY.NS,0.0003082108869127483
2025-12-08,INFY.NS,0.0001995479043836416
2025-12-09,INFY.NS,0.0002731985894513742
2025-12-10,INFY.NS,4.920236818655093e-05
2025-12-11,INFY.NS,0.00016866960125703546
2025-12-12,INFY.NS,0.00029850268625436797
2025-12-15,INFY.NS,0.00016260601591636467
2025-12-16,INFY.NS,0.0001596474597086703
2025-12-17,INFY.NS,0.00016925890934213947
2025-12-18,INFY.NS,0.00026099361837934117
2025-12-19,INFY.NS,0.00022625384817996403
2025-12-22,INFY.NS,0.00020292348625643047
2025-12-23,INFY.NS,0.00021872857218589218
2025-12-24,INFY.NS,0.00029918929277473853
2025-12-26,INFY.NS,0.00014882863712910774
2025-12-29,INFY.NS,0.00027050758650778425
2025-12-30,INFY.NS,0.00021324117365963648
2025-12-31,INFY.NS,0.0002259643631583483
2026-01-01,INFY.NS,0.0002060438506467848
2026-01-02,INFY.NS,0.00021251179456566478
2026-01-05,INFY.NS,0.00018323668802454262
2026-01-06,INFY.NS,0.0001299465755161135
2026-01-07,INFY.NS,0.00015595014127231505
2026-01-08,INFY.NS,0.0002537029815044377
2026-01-09,INFY.NS,0.00013697928307693339
2026-01-12,INFY.NS,0.00010782517468266942
2026-01-13,INFY.NS,4.4172782512994014e-05
2026-01-14,INFY.NS,0.00020296480778046982
2026-01-15,INFY.NS,0.0001822188524273144
2026-01-16,INFY.NS,0.00034253434735811907
2026-01-19,INFY.NS,0.00018656985043386776
2026-01-20,INFY.NS,0.00021757141463393201
2026-01-21,INFY.NS,0.00014645397733982463
2026-01-22,INFY.NS,-0.0009672102290291156
2026-01-23,INFY.NS,0.0001594505176949882
2026-01-27,INFY.NS,6.229988256928775e-05
2026-01-28,INFY.NS,0.0003602661249278976
2026-01-29,INFY.NS,0.0008775446426430783
2025-10-31,EEM,1.3482292947335454e-05
2025-11-03,EEM,-0.00014766372103173204
2025-11-04,EEM,-6.38266838014358e-05
2025-11-05,EEM,-0.00020481143307372434
2025-11-06,EEM,-0.00023891023365673657
2025-11-07,EEM,0.00018799436278898497
2025-11-10,EEM,-0.00024071986245743817
2025-11-11,EEM,-5.268905767523956e-05
2025-11-12,EEM,-2.851453768737731e-05
2025-11-13,EEM,-9.843413717869744e-05
2025-11-14,EEM,-4.711144396103909e-05
2025-11-17,EEM,0.0005908067640786151
2025-11-18,EEM,-4.3916985679050626e-05
2025-11-19,EEM,-6.874226774641167e-06
2025-11-20,EEM,8.122716968630033e-05
2025-11-21,EEM,2.845096172547536e-05
2025-11-24,EEM,-6.802922133482622e-05
2025-11-25,EEM,-5.311682882180458e-05
2025-11-26,EEM,0.00016591198515873872
2025-11-28,EEM,-0.00014441929540876048
2025-12-01,EEM,-8.910868493485037e-05
2025-12-02,EEM,-0.0005216000867127404
2025-12-03,EEM,0.000318794465371306
2025-12-04,EEM,-7.935258117031381e-05
2025-12-05,EEM,-6.601019998719648e-05
2025-12-08,EEM,4.694079047754802e-05
2025-12-09,EEM,-5.9993530317478394e-05
2025-12-10,EEM,-8.857630651806602e-05
2025-12-11,EEM,-8.900342565022675e-05
2025-12-12,EEM,4.6854790331700437e-05
2025-12-15,EEM,-0.0001188268916610297
2025-12-16,EEM,-0.00017497428814983437
2025-12-17,EEM,-0.00010319615486497117
2025-12-18,EEM,-0.00011056479689053843
2025-12-19,EEM,-0.00012354573731144668
2025-12-22,EEM,5.131224544846634e-06
2025-12-23,EEM,-3.5059935108111215e-05
2025-12-24,EEM,3.1932078031075496e-05
2025-12-26,EEM,1.7162527808765785e-05
2025-12-29,EEM,0.0002011216878905945
2025-12-30,EEM,0.00014376326822302963
2025-12-31,EEM,-3.4264671362993914e-05
2026-01-02,EEM,8.62111975652292e-05
2026-01-05,EEM,2.132419190214492e-05
2026-01-06,EEM,9.40456748869707e-05
2026-01-07,EEM,0.00010781205175628246
2026-01-08,EEM,-0.000261987208308487
2026-01-09,EEM,9.423400116996069e-05
2026-01-12,EEM,0.00014313715791402346
2026-01-13,EEM,-5.506041800637196e-05
2026-01-14,EEM,-5.141049920423594e-05
2026-01-15,EEM,-0.0001302001972892906
2026-01-16,EEM,0.00010008057035905423
2026-01-20,EEM,3.8387951146700176e-05
2026-01-21,EEM,6.451739605729408e-05
2026-01-22,EEM,2.153946293917164e-05
2026-01-23,EEM,-5.190123880095672e-05
2026-01-26,EEM,-6.858144181029133e-05
2026-01-27,EEM,-7.923200676178052e-05
2026-01-28,EEM,-2.5135157401599423e-05
2026-01-29,EEM,-1.956128071428762e-05
2025-10-31,TSLA,-7.814235648976501e-06
2025-11-03,TSLA,-3.249149210283712e-05
2025-11-04,TSLA,5.336992011977166e-06
2025-11-05,TSLA,-1.951365854008421e-05
2025-11-06,TSLA,-2.8721107680539017e-05
2025-11-07,TSLA,7.4162526522622535e-06
2025-11-10,TSLA,-2.6949599532035652e-06
2025-11-11,TSLA,-1.922553004565458e-05
2025-11-12,TSLA,2.1761230901619325e-05
2025-11-13,TSLA,8.423928362836618e-06
2025-11-14,TSLA,-9.825164410256282e-06
2025-11-17,TSLA,1.3746016598961963e-05
2025-11-18,TSLA,1.1713309630494487e-05
2025-11-19,TSLA,-5.576486010912099e-06
2025-11-20,TSLA,-1.5079949428352536e-05
2025-11-21,TSLA,1.3892861349304828e-05
2025-11-24,TSLA,3.2250265053044337e-06
2025-11-25,TSLA,3.7839905403045195e-05
2025-11-26,TSLA,5.726055250555108e-05
2025-11-28,TSLA,1.2710049384933453e-06
2025-12-01,TSLA,1.273753595208424e-06
2025-12-02,TSLA,-3.144575394917208e-06
2025-12-03,TSLA,1.8493650886332266e-05
2025-12-04,TSLA,-6.025197988741861e-06
2025-12-05,TSLA,-6.933069662025583e-06
2025-12-08,TSLA,2.46489262390262e-06
2025-12-09,TSLA,-1.252873418851598e-06
2025-12-10,TSLA,-5.7578065516396605e-06
2025-12-11,TSLA,-6.490377493176924e-06
2025-12-12,TSLA,-2.2282336655869988e-05
2025-12-15,TSLA,2.974701072746981e-05
2025-12-16,TSLA,1.8754612259092855e-05
2025-12-17,TSLA,1.827956460739795e-06
2025-12-18,TSLA,-3.587578104326521e-05
2025-12-19,TSLA,5.925472184127581e-05
2025-12-22,TSLA,-4.083173346262702e-06
2025-12-23,TSLA,3.148801538800267e-05
2025-12-24,TSLA,1.7145467789901415e-05
2025-12-26,TSLA,1.6015940702737066e-05
2025-12-29,TSLA,1.9118074022174186e-05
2025-12-30,TSLA,4.991307676311414e-05
2025-12-31,TSLA,2.960211838315236e-05
2026-01-02,TSLA,5.621372238597102e-05
2026-01-05,TSLA,5.955566772871255e-06
2026-01-06,TSLA,3.983117595299864e-05
2026-01-07,TSLA,2.351367870493164e-05
2026-01-08,TSLA,2.6850033806779447e-05
2026-01-09,TSLA,4.5271244910460475e-06
2026-01-12,TSLA,5.8596662319813275e-06
2026-01-13,TSLA,2.0187620746372583e-05
2026-01-14,TSLA,1.5156781374971689e-05
2026-01-15,TSLA,-4.4505157449913595e-07
2026-01-16,TSLA,1.9010362338768455e-05
2026-01-20,TSLA,2.7351342977840593e-05
2026-01-21,TSLA,-1.2653277943883538e-05
2026-01-22,TSLA,4.596996550011587e-05
2026-01-23,TSLA,4.426000729956368e-05
2026-01-26,TSLA,1.7229646544422526e-06
2026-01-27,TSLA,1.9772423975047485e-06
2026-01-28,TSLA,4.38392083250864e-05
2026-01-29,TSLA,2.20299747591939e-05
2025-10-31,MSFT,-9.029176922860729e-05
2025-11-03,MSFT,-1.5797188099528993e-05
2025-11-04,MSFT,4.107898376834713e-05
2025-11-05,MSFT,9.93260983278615e-05
2025-11-06,MSFT,9.680042788518259e-05
2025-11-07,MSFT,3.233580509967738e-05
2025-11-10,MSFT,-4.607014148914417e-05
2025-11-11,MSFT,1.999056488748315e-05
2025-11-12,MSFT,0.00021874035178284004
2025-11-13,MSFT,5.344410931936978e-05
2025-11-14,MSFT,-7.021902038564105e-06
2025-11-17,MSFT,3.2887679439939503e-05
2025-11-18,MSFT,5.609912386293578e-05
2025-11-19,MSFT,2.1345972567879574e-05
2025-11-20,MSFT,0.00011459785339879984
2025-11-21,MSFT,3.267793241423738e-05
2025-11-24,MSFT,0.00012816578791407152
2025-11-25,MSFT,3.600393405660464e-05
2025-11-26,MSFT,5.731552955257562e-06
2025-11-28,MSFT,-4.739607624993988e-05
2025-12-01,MSFT,-2.265051151014281e-06
2025-12-02,MSFT,0.00012599168146259167
2025-12-03,MSFT,6.173124615680061e-05
2025-12-04,MSFT,-0.00019179125448034383
2025-12-05,MSFT,6.17156220510639e-06
2025-12-08,MSFT,-1.3460923745552137e-05
2025-12-09,MSFT,-7.137685932561688e-06
2025-12-10,MSFT,1.9667402501590075e-05
2025-12-11,MSFT,-0.00034657043745592287
2025-12-12,MSFT,0.00011597196089511294
2025-12-15,MSFT,-0.0002626876726683941
2025-12-16,MSFT,2.0124443201965243e-05
2025-12-17,MSFT,0.00047808737409291537
2025-12-18,MSFT,-0.0005641492359172068
2025-12-19,MSFT,0.0003408816910117404
2025-12-22,MSFT,-0.0005306087438238391
2025-12-23,MSFT,-0.0005983150078478836
2025-12-24,MSFT,-6.709513496874411e-05
2025-12-26,MSFT,7.194431379667297e-05
2025-12-29,MSFT,-0.0005794953324714012
2025-12-30,MSFT,0.00025402397031961543
2025-12-31,MSFT,-5.9961007938174156e-05
2026-01-02,MSFT,-0.0005200318707976011
2026-01-05,MSFT,-0.0011820648974117014
2026-01-06,MSFT,0.00015877303523012735
2026-01-07,MSFT,0.00021658511724420725
2026-01-08,MSFT,5.812036047311987e-05
2026-01-09,MSFT,-0.00033534219177558654
2026-01-12,MSFT,-0.00046778938851819096
2026-01-13,MSFT,-0.0004537154280512521
2026-01-14,MSFT,0.0006253793434950971
2026-01-15,MSFT,0.00021520129522739823
2026-01-16,MSFT,0.00010756099461202907
2026-01-20,MSFT,7.312002494100846e-05
2026-01-21,MSFT,0.0004896853687514266
2026-01-22,MSFT,1.7650936737633058e-05
2026-01-23,MSFT,0.00017913435411165516
2026-01-26,MSFT,-1.0616145237466445e-05
2026-01-27,MSFT,1.763461203185326e-05
2026-01-28,MSFT,0.00023641574183626052
2026-01-29,MSFT,-3.692227661249419e-05
2025-10-31,IWM,8.930721343496219e-05
2025-11-03,IWM,-4.8413628957530574e-05
2025-11-04,IWM,4.3832696513042015e-05
2025-11-05,IWM,-5.7495720898502776e-05
2025-11-06,IWM,-0.00011781497491854884
2025-11-07,IWM,-1.8895801932343015e-05
2025-11-10,IWM,7.09289375069565e-05
2025-11-11,IWM,6.97453767678711e-05
2025-11-12,IWM,9.669615812568433e-06
2025-11-13,IWM,-8.91935383084843e-06
2025-11-14,IWM,-6.135280543778936e-05
2025-11-17,IWM,1.2344670216047964e-05
2025-11-18,IWM,-6.081819948366956e-05
2025-11-19,IWM,0.00010974044132119209
2025-11-20,IWM,-1.5107385995392656e-06
2025-11-21,IWM,-7.674183437560084e-05
2025-11-24,IWM,1.6926544771194566e-05
2025-11-25,IWM,-3.6494061065254375e-05
2025-11-26,IWM,0.0002028301126714562
2025-11-28,IWM,4.263371941833179e-05
2025-12-01,IWM,-5.353025871746521e-06
2025-12-02,IWM,-1.2269945514099712e-05
2025-12-03,IWM,1.6535059033275636e-06
2025-12-04,IWM,2.098563123760923e-05
2025-12-05,IWM,5.325864406732377e-05
2025-12-08,IWM,3.986185408871833e-05
2025-12-09,IWM,8.796127492021404e-05
2025-12-10,IWM,0.00010975519041487573
2025-12-11,IWM,-1.160045576360987e-05
2025-12-12,IWM,5.0166351848926995e-05
2025-12-15,IWM,3.9731938966804655e-05
2025-12-16,IWM,6.664373396238473e-05
2025-12-17,IWM,-5.6257598638040527e-05
2025-12-18,IWM,-7.54454223936497e-05
2025-12-19,IWM,0.0001500494661010383
2025-12-22,IWM,1.841454664348934e-05
2025-12-23,IWM,4.0325229288489336e-05
2025-12-24,IWM,4.871142179482239e-05
2025-12-26,IWM,1.5903210929814546e-05
2025-12-29,IWM,4.298554849469822e-05
2025-12-30,IWM,8.569320712172877e-05
2025-12-31,IWM,4.58850356680438e-05
2026-01-02,IWM,0.00014229921520276926
2026-01-05,IWM,1.659702375386324e-05
2026-01-06,IWM,1.6768553091276293e-05
2026-01-07,IWM,0.00011414585015522492
2026-01-08,IWM,0.00010477615656907503
2026-01-09,IWM,7.51828216348025e-05
2026-01-12,IWM,-1.4620993256854497e-05
2026-01-13,IWM,1.4393681878843641e-05
2026-01-14,IWM,3.581236811934759e-05
2026-01-15,IWM,-3.987239271265086e-05
2026-01-16,IWM,4.748253358519382e-05
2026-01-20,IWM,9.524371464052161e-05
2026-01-21,IWM,9.036377785891837e-05
2026-01-22,IWM,8.964053594985043e-05
2026-01-23,IWM,3.752047786181113e-05
2026-01-26,IWM,-7.613021625845174e-05
2026-01-27,IWM,1.2023507360533645e-05
2026-01-28,IWM,-2.214043708868377e-05
2026-01-29,IWM,-3.1162916500785086e-05
2025-10-31,JPM,2.804907562727634e-05
2025-11-03,JPM,-3.806967865729444e-05
2025-11-04,JPM,-2.1756496064849903e-05
2025-11-05,JPM,4.616865423649373e-05
2025-11-06,JPM,-4.85051552382452e-05
2025-11-07,JPM,-3.6115826996602705e-05
2025-11-10,JPM,2.433462882631409e-05
2025-11-11,JPM,1.5813273505634233e-05
2025-11-12,JPM,-3.4842863397098665e-05
2025-11-13,JPM,-9.668962820120771e-05
2025-11-14,JPM,-0.00010435127936970157
2025-11-17,JPM,-6.068038207745299e-05
2025-11-18,JPM,-6.69348660657505e-05
2025-11-19,JPM,0.00017082245582661213
2025-11-20,JPM,-1.915617885198838e-05
2025-11-21,JPM,-9.297416380211824e-05
2025-11-24,JPM,-6.884121576203789e-05
2025-11-25,JPM,-6.7600299287948225e-06
2025-11-26,JPM,4.9537929761875844e-05
2025-11-28,JPM,-6.859926933738453e-06
2025-12-01,JPM,-1.5045458654787136e-05
2025-12-02,JPM,6.100574543338537e-05
2025-12-03,JPM,-2.05940486745989e-06
2025-12-04,JPM,2.929016381974686e-05
2025-12-05,JPM,3.261759969079863e-05
2025-12-08,JPM,0.00011196008784759634
2025-12-09,JPM,2.4208804569666532e-05
2025-12-10,JPM,-5.5848210937475215e-05
2025-12-11,JPM,0.0004520149042640123
2025-12-12,JPM,-7.004654057293072e-06
2025-12-15,JPM,-6.36607432668517e-05
2025-12-16,JPM,-4.925811519870638e-05
2025-12-17,JPM,8.859224940492676e-06
2025-12-18,JPM,-8.433497665582218e-05
2025-12-19,JPM,5.718789663621766e-05
2025-12-22,JPM,0.00016235272367074092
2025-12-23,JPM,-3.571239746521663e-05
2025-12-24,JPM,-5.4953683488385844e-05
2025-12-26,JPM,-5.313215517169875e-05
2025-12-29,JPM,-4.288758209815275e-06
2025-12-30,JPM,3.706328107787329e-05
2025-12-31,JPM,-3.776152456052422e-05
2026-01-02,JPM,-3.763719735347855e-05
2026-01-05,JPM,-8.207621031929059e-07
2026-01-06,JPM,-3.956752417170789e-06
2026-01-07,JPM,-1.5447902927400423e-05
2026-01-08,JPM,-6.695755818417505e-05
2026-01-09,JPM,-2.4712902870701884e-05
2026-01-12,JPM,5.50751066781817e-05
2026-01-13,JPM,0.0001616405278516567
2026-01-14,JPM,-1.7825892926226302e-05
2026-01-15,JPM,0.00019048080098869104
2026-01-16,JPM,0.00012728670055137548
2026-01-20,JPM,0.00010101370507000485
2026-01-21,JPM,1.6732923736962103e-05
2026-01-22,JPM,7.653672004847057e-05
2026-01-23,JPM,4.3509819884132374e-05
2026-01-26,JPM,3.3798311692108576e-05
2026-01-27,JPM,0.00010397018376164183
2026-01-28,JPM,3.3287784846951706e-05
2026-01-29,JPM,-1.8294429514684827e-05
2025-10-30,EURUSD=X,8.22892581616741e-05
2025-10-31,EURUSD=X,0.00019505818134949696
2025-11-03,EURUSD=X,0.00014627835660466172
2025-11-04,EURUSD=X,9.951244393852783e-05
2025-11-05,EURUSD=X,0.0001111414216378262
2025-11-06,EURUSD=X,-0.00015183693887384185
2025-11-07,EURUSD=X,0.00020162570118431475
2025-11-10,EURUSD=X,6.656445056910357e-05
2025-11-11,EURUSD=X,6.135662671573925e-05
2025-11-12,EURUSD=X,0.00019189732665781368
2025-11-13,EURUSD=X,0.00020411520613952526
2025-11-14,EURUSD=X,-8.800116481703945e-05
2025-11-17,EURUSD=X,9.430654065719095e-05
2025-11-18,EURUSD=X,2.272784950512216e-05
2025-11-19,EURUSD=X,0.0002889922871581823
2025-11-20,EURUSD=X,0.0001774282643172024
2025-11-21,EURUSD=X,0.0003414558512364634
2025-11-24,EURUSD=X,0.00026155536732631987
2025-11-25,EURUSD=X,0.00034068153631100864
2025-11-26,EURUSD=X,0.00032268458346816083
2025-11-27,EURUSD=X,0.00018183242637528793
2025-11-28,EURUSD=X,7.51579403797404e-05
2025-12-01,EURUSD=X,0.00013005959275264167
2025-12-02,EURUSD=X,0.00012369789069334105
2025-12-03,EURUSD=X,0.00016109233326338872
2025-12-04,EURUSD=X,0.00020478799494320956
2025-12-05,EURUSD=X,0.0001775727966566664
2025-12-08,EURUSD=X,0.00011195247981317045
2025-12-09,EURUSD=X,0.0003159489139592106
2025-12-10,EURUSD=X,0.0001507056790536902
2025-12-11,EURUSD=X,0.0002027404103082163
2025-12-12,EURUSD=X,0.0002555504920665575
2025-12-15,EURUSD=X,0.0003298873645102971
2025-12-16,EURUSD=X,1.4961184488810513e-05
2025-12-17,EURUSD=X,-0.00025953121650234526
2025-12-18,EURUSD=X,0.0002617913675975648
2025-12-19,EURUSD=X,0.0004358288534940272
2025-12-22,EURUSD=X,0.00036473959304868096
2025-12-23,EURUSD=X,0.00022365032343168529
2025-12-24,EURUSD=X,0.0001942062115938436
2025-12-26,EURUSD=X,4.283990283563753e-05
2025-12-29,EURUSD=X,4.750956832695235e-05
2025-12-30,EURUSD=X,0.00025793057398812577
2025-12-31,EURUSD=X,0.00016832304213745925
2026-01-02,EURUSD=X,0.00028443851247820704
2026-01-05,EURUSD=X,0.00013826685101180782
2026-01-06,EURUSD=X,0.00046759910729819525
2026-01-07,EURUSD=X,0.00017652623517890596
2026-01-08,EURUSD=X,0.0002776077925325944
2026-01-09,EURUSD=X,0.00040533825814187115
2026-01-12,EURUSD=X,0.0005874242574366164
2026-01-13,EURUSD=X,0.00028274286214635225
2026-01-14,EURUSD=X,0.0002709572314233107
2026-01-15,EURUSD=X,0.00020583583672360717
2026-01-16,EURUSD=X,0.00030728716279989986
2026-01-19,EURUSD=X,0.00027291180547361324
2026-01-20,EURUSD=X,-9.570307024441926e-06
2026-01-21,EURUSD=X,0.00021882380810126455
2026-01-22,EURUSD=X,2.6427509879680923e-05
2026-01-23,EURUSD=X,1.2987469322765195e-05
2026-01-26,EURUSD=X,0.00015340707073327594
2026-01-27,EURUSD=X,0.0002087886570299471
2026-01-28,EURUSD=X,0.0003157168330722097
2026-01-29,EURUSD=X,0.0002382012686782809
2025-10-31,QQQ,6.908844158836e-05
2025-11-03,QQQ,1.2423796916384824e-05
2025-11-04,QQQ,6.297273702374692e-06
2025-11-05,QQQ,-3.552622531865232e-05
2025-11-06,QQQ,-8.441154464014921e-05
2025-11-07,QQQ,-7.87799679331745e-05
2025-11-10,QQQ,-9.353852718232416e-05
2025-11-11,QQQ,2.1457944448682487e-05
2025-11-12,QQQ,6.36217923712046e-05
2025-11-13,QQQ,-4.239131932234297e-05
2025-11-14,QQQ,-0.00010333303359286325
2025-11-17,QQQ,5.4360543926204534e-05
2025-11-18,QQQ,-2.287361890040743e-05
2025-11-19,QQQ,1.750346329551705e-05
2025-11-20,QQQ,4.078528822625503e-05
2025-11-21,QQQ,-5.88515842484679e-05
2025-11-24,QQQ,-3.4898065245287137e-06
2025-11-25,QQQ,1.1441918060504116e-05
2025-11-26,QQQ,1.762584641958637e-06
2025-11-28,QQQ,-2.646009799939709e-05
2025-12-01,QQQ,-4.550499613460139e-05
2025-12-02,QQQ,2.5747965830303863e-05
2025-12-03,QQQ,-2.3566288722197423e-05
2025-12-04,QQQ,0.00010749153684960597
2025-12-05,QQQ,1.9596995791788495e-05
2025-12-08,QQQ,4.357269449580708e-05
2025-12-09,QQQ,5.8024159849189866e-05
2025-12-10,QQQ,-1.2761559557845314e-05
2025-12-11,QQQ,-6.745161854523947e-05
2025-12-12,QQQ,5.289890276844419e-06
2025-12-15,QQQ,-0.00040511132733325354
2025-12-16,QQQ,-0.00016779266539971864
2025-12-17,QQQ,-3.927619498521279e-05
2025-12-18,QQQ,-0.0002122920335130393
2025-12-19,QQQ,9.655110700842585e-05
2025-12-22,QQQ,1.3137855699875567e-05
2025-12-23,QQQ,3.103887048153546e-05
2025-12-24,QQQ,6.479815048586219e-05
2025-12-26,QQQ,0.00017115917525208047
2025-12-29,QQQ,-4.86370903285795e-06
2025-12-30,QQQ,0.00013153597290521918
2025-12-31,QQQ,7.704583010922531e-06
2026-01-02,QQQ,0.0002441560055284642
2026-01-05,QQQ,5.678726277455992e-05
2026-01-06,QQQ,5.906328455208139e-05
2026-01-07,QQQ,0.0001342165003256107
2026-01-08,QQQ,0.00011860551713867342
2026-01-09,QQQ,3.041231166803805e-05
2026-01-12,QQQ,-7.401714639300532e-05
2026-01-13,QQQ,2.7827347985665514e-05
2026-01-14,QQQ,8.144294411395464e-06
2026-01-15,QQQ,-4.081736627397017e-06
2026-01-16,QQQ,6.366108210893616e-06
2026-01-20,QQQ,0.00012753710505939575
2026-01-21,QQQ,-5.1931347432408873e-05
2026-01-22,QQQ,0.00010291966667373309
2026-01-23,QQQ,5.533538732887338e-05
2026-01-26,QQQ,-1.2616208178567435e-05
2026-01-27,QQQ,-1.8214824413589623e-05
2026-01-28,QQQ,3.979767840407148e-05
2026-01-29,QQQ,-3.052163632035101e-05
2025-10-31,GLD,0.002127273973076487
2025-11-03,GLD,0.0008872111610173889
2025-11-04,GLD,0.0003646924437597157
2025-11-05,GLD,-9.45647158562583e-05
2025-11-06,GLD,-0.00039583579080392677
2025-11-07,GLD,0.0002459294280481997
2025-11-10,GLD,9.093508818859202e-05
2025-11-11,GLD,4.179853870350041e-05
2025-11-12,GLD,6.73177766321959e-05
2025-11-13,GLD,-0.0003365734542843675
2025-11-14,GLD,3.2236005404615944e-05
2025-11-17,GLD,-1.676590959270871e-07
2025-11-18,GLD,-5.3998357369354934e-05
2025-11-19,GLD,0.00044063208857799085
2025-11-20,GLD,3.071336445739612e-05
2025-11-21,GLD,-2.4986092600924078e-05
2025-11-24,GLD,6.46788640771532e-05
2025-11-25,GLD,3.6001264886708064e-05
2025-11-26,GLD,1.4045798175305989e-05
2025-11-28,GLD,0.00013876914506915646
2025-12-01,GLD,1.5079618586812875e-05
2025-12-02,GLD,-3.8762934572115076e-05
2025-12-03,GLD,-0.00018079611786683993
2025-12-04,GLD,-0.0005063113367987992
2025-12-05,GLD,-0.0004676330947125462
2025-12-08,GLD,0.0012405222625383584
2025-12-09,GLD,0.0009406113859824832
2025-12-10,GLD,-0.00042050060267435576
2025-12-11,GLD,0.0009188618520288372
2025-12-12,GLD,-0.00015469283061725163
2025-12-15,GLD,4.765669497685676e-05
2025-12-16,GLD,4.972208458618331e-05
2025-12-17,GLD,1.1680547173032918e-05
2025-12-18,GLD,0.0001494480052811299
2025-12-19,GLD,0.00010126049245783442
2025-12-22,GLD,-1.2769575576552324e-05
2025-12-23,GLD,0.00016268302960999043
2025-12-24,GLD,0.0002883297436253052
2025-12-26,GLD,-5.1501984691122193e-05
2025-12-29,GLD,-7.99443196801218e-05
2025-12-30,GLD,-0.00014542019713530876
2025-12-31,GLD,-8.375031272313442e-05
2026-01-02,GLD,-0.0008471156439468173
2026-01-05,GLD,6.275596670669971e-05
2026-01-06,GLD,0.0009333979065957394
2026-01-07,GLD,0.0008296841183939035
2026-01-08,GLD,0.0013552094709843624
2026-01-09,GLD,0.001499261410258235
2026-01-12,GLD,0.0007683596223814684
2026-01-13,GLD,7.841600310666623e-05
2026-01-14,GLD,0.00010722229092756463
2026-01-15,GLD,0.00015821330530565252
2026-01-16,GLD,8.025389388249591e-05
2026-01-20,GLD,0.00012249452050192055
2026-01-21,GLD,0.00011747808044488837
2026-01-22,GLD,6.990402025699828e-05
2026-01-23,GLD,3.0163232469750633e-06
2026-01-26,GLD,0.0001544132944354289
2026-01-27,GLD,8.431609801319267e-05
2026-01-28,GLD,0.00021402477171995546
2026-01-29,GLD,9.021748517212193e-05
2025-10-31,NVDA,3.501681800341252e-05
2025-11-03,NVDA,3.8407877024710545e-05
2025-11-04,NVDA,6.91534701918954e-05
2025-11-05,NVDA,4.5307127425924855e-06
2025-11-06,NVDA,1.4490027385004498e-05
2025-11-07,NVDA,1.3360170323780715e-05
2025-11-10,NVDA,7.022491581949932e-05
2025-11-11,NVDA,0.0001069985710585902
2025-11-12,NVDA,5.789597944699991e-05
2025-11-13,NVDA,2.9121816402629488e-05
2025-11-14,NVDA,1.751845096143329e-05
2025-11-17,NVDA,4.485133736080129e-05
2025-11-18,NVDA,3.838297253031375e-05
2025-11-19,NVDA,1.4429762306708992e-05
2025-11-20,NVDA,1.4737476479065177e-05
2025-11-21,NVDA,7.891343826037687e-06
2025-11-24,NVDA,4.708670232779576e-05
2025-11-25,NVDA,3.0021436439279952e-05
2025-11-26,NVDA,1.4408700054254491e-05
2025-11-28,NVDA,-1.4206094698856212e-06
2025-12-01,NVDA,1.4375314648205849e-05
2025-12-02,NVDA,1.8527116852552917e-05
2025-12-03,NVDA,1.4697817599707975e-05
2025-12-04,NVDA,-4.289016315776095e-05
2025-12-05,NVDA,-1.207810423754219e-06
2025-12-08,NVDA,3.842276730578067e-05
2025-12-09,NVDA,-3.167197249148514e-05
2025-12-10,NVDA,1.883359896683477e-05
2025-12-11,NVDA,8.02628401804599e-06
2025-12-12,NVDA,-3.805871264826165e-05
2025-12-15,NVDA,-0.00019952949863725054
2025-12-16,NVDA,-9.357811914341884e-05
2025-12-17,NVDA,8.496296907796376e-06
2025-12-18,NVDA,-3.854471962613339e-05
2025-12-19,NVDA,4.2572009942125355e-06
2025-12-22,NVDA,-4.363016908450621e-06
2025-12-23,NVDA,-0.0001756118091283357
2025-12-24,NVDA,1.5398630984266736e-05
2025-12-26,NVDA,1.306815626992581e-05
2025-12-29,NVDA,-1.682579611038044e-05
2025-12-30,NVDA,1.7858275693386225e-05
2025-12-31,NVDA,-1.2579220235600825e-05
2026-01-02,NVDA,-4.961025342451406e-05
2026-01-05,NVDA,-5.5490024745970104e-05
2026-01-06,NVDA,-8.9203035417195e-05
2026-01-07,NVDA,0.00012441324784294916
2026-01-08,NVDA,-7.086609522277987e-05
2026-01-09,NVDA,9.740704658646329e-06
2026-01-12,NVDA,0.00022209357056021453
2026-01-13,NVDA,0.0003013150067501704
2026-01-14,NVDA,-0.00030067438669199875
2026-01-15,NVDA,-2.135172580810287e-05
2026-01-16,NVDA,-0.0002786050423844427
2026-01-20,NVDA,4.398380531805932e-05
2026-01-21,NVDA,5.963279417733255e-06
2026-01-22,NVDA,5.028721926032771e-05
2026-01-23,NVDA,2.0338500735912804e-05
2026-01-26,NVDA,3.846942326959314e-06
2026-01-27,NVDA,-1.6484521819598623e-05
2026-01-28,NVDA,9.809760092352007e-06
2026-01-29,NVDA,2.646634283499149e-05
2025-10-30,GBPUSD=X,0.0005220016699795417
2025-10-31,GBPUSD=X,0.0003332454659383553
2025-11-03,GBPUSD=X,0.0005252333373006896
2025-11-04,GBPUSD=X,0.00019646602083894977
2025-11-05,GBPUSD=X,0.0005156470936143524
2025-11-06,GBPUSD=X,-4.150336092975429e-05
2025-11-07,GBPUSD=X,0.0008226215649441296
2025-11-10,GBPUSD=X,0.00018867696214398312
2025-11-11,GBPUSD=X,0.00021826700415111474
2025-11-12,GBPUSD=X,0.0005066090159267171
2025-11-13,GBPUSD=X,-1.724959308658933e-05
2025-11-14,GBPUSD=X,0.0003075250304932348
2025-11-17,GBPUSD=X,0.00032566902263264907
2025-11-18,GBPUSD=X,0.0006185951191114384
2025-11-19,GBPUSD=X,0.00047433462310961905
2025-11-20,GBPUSD=X,0.0001635448528123095
2025-11-21,GBPUSD=X,-0.00041911483600478363
2025-11-24,GBPUSD=X,0.0002644671094345894
2025-11-25,GBPUSD=X,0.000100190280643466
2025-11-26,GBPUSD=X,0.00036327978661707827
2025-11-27,GBPUSD=X,0.000197473551443056
2025-11-28,GBPUSD=X,8.010906099350078e-05
2025-12-01,GBPUSD=X,0.00013592081112254553
2025-12-02,GBPUSD=X,-4.500546558092722e-05
2025-12-03,GBPUSD=X,0.0005074225223165064
2025-12-04,GBPUSD=X,0.0003411953288771411
2025-12-05,GBPUSD=X,0.00020697535015202692
2025-12-08,GBPUSD=X,0.0006894198887661034
2025-12-09,GBPUSD=X,0.0004122821964005072
2025-12-10,GBPUSD=X,0.0003538730525482211
2025-12-11,GBPUSD=X,0.0003218883076273458
2025-12-12,GBPUSD=X,0.0004776442189479857
2025-12-15,GBPUSD=X,0.0006456745677447326
2025-12-16,GBPUSD=X,0.00018824805732214808
2025-12-17,GBPUSD=X,-2.2229772263352605e-05
2025-12-18,GBPUSD=X,0.0004112317703054181
2025-12-19,GBPUSD=X,0.000601966054638652
2025-12-22,GBPUSD=X,0.0005848786448636937
2025-12-23,GBPUSD=X,0.0004089552484404929
2025-12-24,GBPUSD=X,0.0003472232420107127
2025-12-26,GBPUSD=X,0.00011898853836055146
2025-12-29,GBPUSD=X,0.0001283882906115466
2025-12-30,GBPUSD=X,0.00033099893894324736
2025-12-31,GBPUSD=X,0.0003323129030810226
2026-01-02,GBPUSD=X,0.00024157739776141173
2026-01-05,GBPUSD=X,-8.296657744558122e-06
2026-01-06,GBPUSD=X,0.0002138140359450064
2026-01-07,GBPUSD=X,0.00010202333760386905
2026-01-08,GBPUSD=X,0.0002424495602456698
2026-01-09,GBPUSD=X,0.00036013627474261705
2026-01-12,GBPUSD=X,0.0002909926852819451
2026-01-13,GBPUSD=X,0.000186221611773136
2026-01-14,GBPUSD=X,0.00016764521419344964
2026-01-15,GBPUSD=X,9.579513279301008e-05
2026-01-16,GBPUSD=X,-0.00018146796831903524
2026-01-19,GBPUSD=X,5.1424458638932904e-05
2026-01-20,GBPUSD=X,9.145865378196431e-05
2026-01-21,GBPUSD=X,0.00026899568522859333
2026-01-22,GBPUSD=X,0.00037472484170472745
2026-01-23,GBPUSD=X,0.00023905756533418584
2026-01-26,GBPUSD=X,0.0003536664067530202
2026-01-27,GBPUSD=X,0.00018225342386558543
2026-01-28,GBPUSD=X,-5.049870552760995e-05
2026-01-29,GBPUSD=X,0.0004230649586531373
2025-10-31,AAPL,5.8299763689607665e-05
2025-11-03,AAPL,4.4454514842859566e-05
2025-11-04,AAPL,4.677037871523836e-05
2025-11-05,AAPL,6.442899872153973e-05
2025-11-06,AAPL,-1.216505844636441e-05
2025-11-07,AAPL,2.6334845942569204e-05
2025-11-10,AAPL,2.8262702061758983e-05
2025-11-11,AAPL,3.103317760621273e-05
2025-11-12,AAPL,3.2934691522631685e-05
2025-11-13,AAPL,3.373975495866508e-05
2025-11-14,AAPL,3.848213332287193e-05
2025-11-17,AAPL,2.727560769325233e-05
2025-11-18,AAPL,-1.9998126930170195e-05
2025-11-19,AAPL,5.265751596147844e-05
2025-11-20,AAPL,6.235405093127318e-05
2025-11-21,AAPL,8.401243882945216e-06
2025-11-24,AAPL,1.9731744369367375e-05
2025-11-25,AAPL,5.822237365713248e-05
2025-11-26,AAPL,5.982301886252e-05
2025-11-28,AAPL,7.242282208153474e-05
2025-12-01,AAPL,5.28894635692856e-05
2025-12-02,AAPL,6.030423746199992e-05
2025-12-03,AAPL,3.796881131091645e-05
2025-12-04,AAPL,6.759097265572688e-05
2025-12-05,AAPL,8.551571646077788e-05
2025-12-08,AAPL,7.927272903470216e-05
2025-12-09,AAPL,6.421844674093878e-05
2025-12-10,AAPL,8.311608095694276e-05
2025-12-11,AAPL,8.658902439664465e-05
2025-12-12,AAPL,1.9652534747327867e-05
2025-12-15,AAPL,2.1710030250733956e-05
2025-12-16,AAPL,1.9977793185332375e-05
2025-12-17,AAPL,0.00015049096398819589
2025-12-18,AAPL,5.597311327829402e-06
2025-12-19,AAPL,3.270243640288347e-05
2025-12-22,AAPL,1.1311383824647359e-05
2025-12-23,AAPL,1.667608268071425e-05
2025-12-24,AAPL,5.274768355164566e-05
2025-12-26,AAPL,9.60229139507112e-06
2025-12-29,AAPL,4.700147068064116e-05
2025-12-30,AAPL,6.210363289886431e-05
2025-12-31,AAPL,7.620575855434821e-07
2026-01-02,AAPL,3.027335324019162e-05
2026-01-05,AAPL,-1.3102551738257142e-05
2026-01-06,AAPL,8.523710353297746e-05
2026-01-07,AAPL,8.902859947472114e-05
2026-01-08,AAPL,0.0001370705162141872
2026-01-09,AAPL,7.389617473315205e-05
2026-01-12,AAPL,4.6369246826187875e-05
2026-01-13,AAPL,-1.0818484025612756e-05
2026-01-14,AAPL,1.159023236984804e-06
2026-01-15,AAPL,-4.5230303819262455e-06
2026-01-16,AAPL,5.29167916934088e-05
2026-01-20,AAPL,7.702961398822799e-05
2026-01-21,AAPL,-7.682116211254581e-05
2026-01-22,AAPL,-1.3874592550914815e-05
2026-01-23,AAPL,4.8050687869335984e-05
2026-01-26,AAPL,2.410059112477109e-05
2026-01-27,AAPL,5.383782221891938e-05
2026-01-28,AAPL,3.988948839304636e-05
2026-01-29,AAPL,1.866451370672984e-05
2025-10-30,USDINR=X,8.883077716257206e-05
2025-10-31,USDINR=X,-2.3974165505941093e-05
2025-11-03,USDINR=X,6.302898477668403e-05
2025-11-04,USDINR=X,0.00015721644080835312
2025-11-05,USDINR=X,0.00022652346854012574
2025-11-06,USDINR=X,0.00016753082201873012
2025-11-07,USDINR=X,-0.00045294214618711836
2025-11-10,USDINR=X,-5.836686974267952e-05
2025-11-11,USDINR=X,0.0005502281532537679
2025-11-12,USDINR=X,9.095128345054885e-06
2025-11-13,USDINR=X,0.00037043133758400074
2025-11-14,USDINR=X,-0.00015154141271594686
2025-11-17,USDINR=X,4.2765827194806983e-05
2025-11-18,USDINR=X,8.673865504360053e-05
2025-11-19,USDINR=X,-1.4630973567357866e-06
2025-11-20,USDINR=X,-5.587934951670529e-05
2025-11-21,USDINR=X,0.0001752853715849775
2025-11-24,USDINR=X,-0.003060589083515773
2025-11-25,USDINR=X,1.1734262409809915e-05
2025-11-26,USDINR=X,0.001461262655709141
2025-11-27,USDINR=X,-4.94741861249215e-05
2025-11-28,USDINR=X,-0.0036556386149113346
2025-12-01,USDINR=X,4.4930307308709064e-05
2025-12-02,USDINR=X,-0.0011283731001787204
2025-12-03,USDINR=X,0.0018629606009538068
2025-12-04,USDINR=X,0.00492624828593738
2025-12-05,USDINR=X,-0.000100010271578086
2025-12-08,USDINR=X,6.770427242809012e-05
2025-12-09,USDINR=X,0.00021544430787755222
2025-12-10,USDINR=X,0.0018351957429185602
2025-12-11,USDINR=X,-5.447360443133706e-05
2025-12-12,USDINR=X,-0.00018006661946597216
2025-12-15,USDINR=X,0.00019848339087267627
2025-12-16,USDINR=X,0.00017726516561027646
2025-12-17,USDINR=X,-0.00020985006798709938
2025-12-18,USDINR=X,0.0008323000063797015
2025-12-19,USDINR=X,-0.0004116338838551134
2025-12-22,USDINR=X,-3.5726961631648425e-05
2025-12-23,USDINR=X,0.0007576876041493785
2025-12-24,USDINR=X,0.0018044919953272562
2025-12-26,USDINR=X,0.00013763885106557873
2025-12-29,USDINR=X,-0.00013503503352450024
2025-12-30,USDINR=X,-8.936922164092903e-05
2025-12-31,USDINR=X,-0.00010300466553962193
2026-01-02,USDINR=X,0.0007208872588984036
2026-01-05,USDINR=X,-0.001898831824638021
2026-01-06,USDINR=X,0.00042133087506787535
2026-01-07,USDINR=X,-0.00012872376427017145
2026-01-08,USDINR=X,-0.0005084461373996802
2026-01-09,USDINR=X,-0.00041816597414763687
2026-01-12,USDINR=X,0.0004142206229969765
2026-01-13,USDINR=X,0.00016626146154924296
2026-01-14,USDINR=X,0.0001568361105357576
2026-01-15,USDINR=X,-0.00019705088786434028
2026-01-16,USDINR=X,-0.00016565867272949595
2026-01-19,USDINR=X,0.00031810681455981084
2026-01-20,USDINR=X,-0.00026635150250798326
2026-01-21,USDINR=X,1.754961124571081e-06
2026-01-22,USDINR=X,0.00012559206123140276
2026-01-23,USDINR=X,-0.00011201152846397566
2026-01-26,USDINR=X,-0.00028144121080618935
2026-01-27,USDINR=X,0.00012366803743871292
2026-01-28,USDINR=X,-2.3014950666448978e-05
2026-01-29,USDINR=X,-0.00024812974191652635
2025-10-31,GOOGL,1.4552278063697694e-05
2025-11-03,GOOGL,-0.00011344099488537487
2025-11-04,GOOGL,-5.7181943019558736e-05
2025-11-05,GOOGL,-0.00022551225841492572
2025-11-06,GOOGL,-0.0001038154551903462
2025-11-07,GOOGL,-3.873289653374733e-05
2025-11-10,GOOGL,-3.6324508782692524e-05
2025-11-11,GOOGL,0.0004885086922710919
2025-11-12,GOOGL,0.0005737600077875346
2025-11-13,GOOGL,0.00027792230984195916
2025-11-14,GOOGL,-8.903955613947513e-05
2025-11-17,GOOGL,-0.0002105533982595727
2025-11-18,GOOGL,9.653972731943224e-05
2025-11-19,GOOGL,0.00010686089702293867
2025-11-20,GOOGL,0.0001308239996326966
2025-11-21,GOOGL,6.382990584473519e-05
2025-11-24,GOOGL,-0.0001341319968112855
2025-11-25,GOOGL,9.112046774289382e-05
2025-11-26,GOOGL,0.0004875721324818102
2025-11-28,GOOGL,-9.529151208924379e-05
2025-12-01,GOOGL,-0.0006894116455426649
2025-12-02,GOOGL,-9.954714733012086e-05
2025-12-03,GOOGL,-0.0002617784287790756
2025-12-04,GOOGL,0.0002692677903998367
2025-12-05,GOOGL,-0.00020663070195644514
2025-12-08,GOOGL,0.0002559054852268755
2025-12-09,GOOGL,0.0004722595190002154
2025-12-10,GOOGL,-0.00015498639418817545
2025-12-11,GOOGL,0.00029741634238251513
2025-12-12,GOOGL,-4.409706208344222e-05
2025-12-15,GOOGL,0.00032895267414382933
2025-12-16,GOOGL,-0.0003305478665042308
2025-12-17,GOOGL,0.00038914306103948233
2025-12-18,GOOGL,0.00011874039712431865
2025-12-19,GOOGL,3.0993542289083206e-05
2025-12-22,GOOGL,0.00046218877671453366
2025-12-23,GOOGL,0.0012037736508937866
2025-12-24,GOOGL,0.000308770106890723
2025-12-26,GOOGL,0.0012152553664114172
2025-12-29,GOOGL,-9.683758221630955e-05
2025-12-30,GOOGL,0.00024157641515196865
2025-12-31,GOOGL,-4.573211250310721e-05
2026-01-02,GOOGL,0.0001845096393826289
2026-01-05,GOOGL,0.0005031009295667703
2026-01-06,GOOGL,-0.0001445730069420279
2026-01-07,GOOGL,0.00043150171584433464
2026-01-08,GOOGL,0.00031775741573263815
2026-01-09,GOOGL,-0.00025276851453448566
2026-01-12,GOOGL,-0.0002746040947290949
2026-01-13,GOOGL,-3.935063353784876e-05
2026-01-14,GOOGL,0.0005682958181926568
2026-01-15,GOOGL,-0.0004217144793733964
2026-01-16,GOOGL,-0.00014425330599696296
2026-01-20,GOOGL,0.001257709618538535
2026-01-21,GOOGL,0.000353477245836104
2026-01-22,GOOGL,0.0013537864276543588
2026-01-23,GOOGL,0.0010721400682953883
2026-01-26,GOOGL,0.0008771111964618075
2026-01-27,GOOGL,0.0002825250121718635
2026-01-28,GOOGL,-4.913039216962281e-05
2026-01-29,GOOGL,0.0006265211004133854
2025-10-30,USDJPY=X,0.00023895855273013794
2025-10-31,USDJPY=X,0.00032975754098937154
2025-11-03,USDJPY=X,0.00020017407414429228
2025-11-04,USDJPY=X,0.00021867178193079126
2025-11-05,USDJPY=X,0.00024113949490299873
2025-11-06,USDJPY=X,0.0003505346728596931
2025-11-07,USDJPY=X,0.00016135408334146006
2025-11-10,USDJPY=X,5.471103850246834e-05
2025-11-11,USDJPY=X,-5.628221720788888e-05
2025-11-12,USDJPY=X,9.792509177286187e-05
2025-11-13,USDJPY=X,-4.390531493508714e-05
2025-11-14,USDJPY=X,0.00011458199457146539
2025-11-17,USDJPY=X,0.00031901871682078384
2025-11-18,USDJPY=X,0.0003133389351521114
2025-11-19,USDJPY=X,0.0003050182781232632
2025-11-20,USDJPY=X,0.00016827407092449463
2025-11-21,USDJPY=X,0.0002147828581630444
2025-11-24,USDJPY=X,-2.6284549320079946e-06
2025-11-25,USDJPY=X,-7.04901199583951e-05
2025-11-26,USDJPY=X,0.0002532008372748041
2025-11-27,USDJPY=X,0.0002716958775534476
2025-11-28,USDJPY=X,8.650007591617564e-05
2025-12-01,USDJPY=X,0.0002068623490800969
2025-12-02,USDJPY=X,7.674939418360602e-05
2025-12-03,USDJPY=X,0.00019785486891606052
2025-12-04,USDJPY=X,8.041775783754084e-05
2025-12-05,USDJPY=X,0.00017164334545592737
2025-12-08,USDJPY=X,0.00023638563125653943
2025-12-09,USDJPY=X,5.8044404488762704e-05
2025-12-10,USDJPY=X,0.0003069917825392884
2025-12-11,USDJPY=X,0.0002273792944006906
2025-12-12,USDJPY=X,4.0636616060483005e-05
2025-12-15,USDJPY=X,0.00018123607183530104
2025-12-16,USDJPY=X,0.00014137338127343297
2025-12-17,USDJPY=X,0.00018756071240497892
2025-12-18,USDJPY=X,0.00027708809383769037
2025-12-19,USDJPY=X,-8.358852118601565e-05
2025-12-22,USDJPY=X,0.00030692771757914213
2025-12-23,USDJPY=X,0.00012007120178795707
2025-12-24,USDJPY=X,0.00045167929003577515
2025-12-26,USDJPY=X,0.00048166791493649047
2025-12-29,USDJPY=X,0.00023943998125133147
2025-12-30,USDJPY=X,0.00010192157627990874
2025-12-31,USDJPY=X,0.00026823020899184146
2026-01-02,USDJPY=X,8.913427703077801e-05
2026-01-05,USDJPY=X,3.6181621834559476e-05
2026-01-06,USDJPY=X,0.00012269988937646994
2026-01-07,USDJPY=X,0.00026819066970537733
2026-01-08,USDJPY=X,0.00027061852682860665
2026-01-09,USDJPY=X,6.749859109626431e-05
2026-01-12,USDJPY=X,1.0782307493972033e-05
2026-01-13,USDJPY=X,0.00030892211445096845
2026-01-14,USDJPY=X,-5.0801764755547426e-05
2026-01-15,USDJPY=X,0.000143596263884612
2026-01-16,USDJPY=X,8.660613907525646e-05
2026-01-19,USDJPY=X,0.0001593045762238791
2026-01-20,USDJPY=X,0.00015025105926795145
2026-01-21,USDJPY=X,-8.520657115675401e-05
2026-01-22,USDJPY=X,-2.6637185529199553e-05
2026-01-23,USDJPY=X,0.0002854993938918327
2026-01-26,USDJPY=X,6.105863868378488e-05
2026-01-27,USDJPY=X,0.00022614399393453076
2026-01-28,USDJPY=X,0.0003768754505273522
2026-01-29,USDJPY=X,0.0001326675578671116
2025-11-06,RELIANCE.NS,0.00013494573175537263
2025-11-07,RELIANCE.NS,0.0002756979050146207
2025-11-10,RELIANCE.NS,0.00010498322695268411
2025-11-11,RELIANCE.NS,0.0001427068612911908
2025-11-12,RELIANCE.NS,0.00016769109130854542
2025-11-13,RELIANCE.NS,0.00021393606417813808
2025-11-14,RELIANCE.NS,0.00015385757228755637
2025-11-17,RELIANCE.NS,0.00012679356286970274
2025-11-18,RELIANCE.NS,2.8847792139773894e-05
2025-11-19,RELIANCE.NS,0.0001726976711180979
2025-11-20,RELIANCE.NS,0.00013670931663445883
2025-11-21,RELIANCE.NS,0.00010017224529831416
2025-11-24,RELIANCE.NS,0.0002012108147485077
2025-11-25,RELIANCE.NS,2.5143556599378742e-05
2025-11-26,RELIANCE.NS,0.00013874534985739396
2025-11-27,RELIANCE.NS,8.83254081629678e-05
2025-11-28,RELIANCE.NS,0.00015926192330487684
2025-12-01,RELIANCE.NS,9.353759976665923e-05
2025-12-02,RELIANCE.NS,6.935762748369892e-05
2025-12-03,RELIANCE.NS,0.00015239327804095917
2025-12-04,RELIANCE.NS,2.87903970319893e-05
2025-12-05,RELIANCE.NS,9.970914202250518e-05
2025-12-08,RELIANCE.NS,0.0001672298858040013
2025-12-09,RELIANCE.NS,0.00010015439463885393
2025-12-10,RELIANCE.NS,6.89641368813599e-05
2025-12-11,RELIANCE.NS,0.00017214184041949098
2025-12-12,RELIANCE.NS,0.0001172845034200417
2025-12-15,RELIANCE.NS,5.963747797950189e-05
2025-12-16,RELIANCE.NS,-2.5494099327701226e-05
2025-12-17,RELIANCE.NS,5.246079428890865e-05
2025-12-18,RELIANCE.NS,0.00020568023843026535
2025-12-19,RELIANCE.NS,5.773092905998613e-05
2025-12-22,RELIANCE.NS,0.00012738363606859285
2025-12-23,RELIANCE.NS,0.00017479331625826965
2025-12-24,RELIANCE.NS,9.2269422309916e-05
2025-12-26,RELIANCE.NS,8.626496847073983e-05
2025-12-29,RELIANCE.NS,0.00015075406776660007
2025-12-30,RELIANCE.NS,6.432959167059983e-05
2025-12-31,RELIANCE.NS,6.848851424277083e-05
2026-01-01,RELIANCE.NS,7.009086467519737e-05
2026-01-02,RELIANCE.NS,0.00010210394194143842
2026-01-05,RELIANCE.NS,0.000156230750766653
2026-01-06,RELIANCE.NS,-1.7918893250574836e-05
2026-01-07,RELIANCE.NS,0.000275943388196017
2026-01-08,RELIANCE.NS,0.0002916308208027463
2026-01-09,RELIANCE.NS,8.413172748534858e-05
2026-01-12,RELIANCE.NS,0.00017797998492596122
2026-01-13,RELIANCE.NS,8.654419260852075e-06
2026-01-14,RELIANCE.NS,-3.8219493344615805e-05
2026-01-15,RELIANCE.NS,-2.787179705107374e-05
2026-01-16,RELIANCE.NS,7.28543916946243e-05
2026-01-19,RELIANCE.NS,0.00027184766901425207
2026-01-20,RELIANCE.NS,-4.9216476343533944e-05
2026-01-21,RELIANCE.NS,0.00025668812758621127
2026-01-22,RELIANCE.NS,0.00016297618336905017
2026-01-23,RELIANCE.NS,6.913826141850258e-05
2026-01-27,RELIANCE.NS,0.0003055150479965436
2026-01-28,RELIANCE.NS,0.00011359306685733955
2026-01-29,RELIANCE.NS,-9.911312748953782e-05
2025-11-06,HDFCBANK.NS,1.9581565855928064e-05
2025-11-07,HDFCBANK.NS,0.00016265914176017803
2025-11-10,HDFCBANK.NS,2.597062590053221e-06
2025-11-11,HDFCBANK.NS,2.9159351828132864e-05
2025-11-12,HDFCBANK.NS,-1.0005698460379459e-05
2025-11-13,HDFCBANK.NS,0.0001149214965313873
2025-11-14,HDFCBANK.NS,0.00013353974161060865
2025-11-17,HDFCBANK.NS,0.00013476774088697804
2025-11-18,HDFCBANK.NS,6.904058395324889e-05
2025-11-19,HDFCBANK.NS,6.569747060970644e-05
2025-11-20,HDFCBANK.NS,6.0731580081502545e-05
2025-11-21,HDFCBANK.NS,-1.5955778049695522e-05
2025-11-24,HDFCBANK.NS,4.914968626734688e-06
2025-11-25,HDFCBANK.NS,7.321497780264656e-05
2025-11-26,HDFCBANK.NS,7.491891848718781e-05
2025-11-27,HDFCBANK.NS,5.340569131000749e-05
2025-11-28,HDFCBANK.NS,5.3153515291638166e-05
2025-12-01,HDFCBANK.NS,0.00021922150686845662
2025-12-02,HDFCBANK.NS,0.00012522228786192115
2025-12-03,HDFCBANK.NS,-9.335585923632176e-05
2025-12-04,HDFCBANK.NS,0.00010451637500632734
2025-12-05,HDFCBANK.NS,0.00013550686028380798
2025-12-08,HDFCBANK.NS,0.00019230855222157115
2025-12-09,HDFCBANK.NS,2.2871836328903505e-05
2025-12-10,HDFCBANK.NS,2.7269688013622656e-05
2025-12-11,HDFCBANK.NS,9.254872307384452e-05
2025-12-12,HDFCBANK.NS,0.00017087188509982645
2025-12-15,HDFCBANK.NS,7.87581198670574e-05
2025-12-16,HDFCBANK.NS,8.007815382941478e-05
2025-12-17,HDFCBANK.NS,6.42875155001973e-05
2025-12-18,HDFCBANK.NS,-4.947028707420445e-05
2025-12-19,HDFCBANK.NS,0.00014763555677843138
2025-12-22,HDFCBANK.NS,8.43314890782768e-05
2025-12-23,HDFCBANK.NS,0.00015136606179392517
2025-12-24,HDFCBANK.NS,9.197117451034003e-05
2025-12-26,HDFCBANK.NS,-3.542585720897604e-05
2025-12-29,HDFCBANK.NS,-1.2790212864980004e-06
2025-12-30,HDFCBANK.NS,-9.776220928093536e-07
2025-12-31,HDFCBANK.NS,6.562394138690391e-05
2026-01-01,HDFCBANK.NS,5.4315172221907766e-05
2026-01-02,HDFCBANK.NS,-1.0700693768320086e-05
2026-01-05,HDFCBANK.NS,-5.948201192712301e-05
2026-01-06,HDFCBANK.NS,-6.507490430441607e-05
2026-01-07,HDFCBANK.NS,-1.288696249679459e-06
2026-01-08,HDFCBANK.NS,0.00011657649684559031
2026-01-09,HDFCBANK.NS,0.00024764982118676406
2026-01-12,HDFCBANK.NS,0.0001788583118852123
2026-01-13,HDFCBANK.NS,9.775110688265777e-05
2026-01-14,HDFCBANK.NS,-1.3408539794686698e-05
2026-01-15,HDFCBANK.NS,-5.4796333726165214e-05
2026-01-16,HDFCBANK.NS,0.0002739096131407326
2026-01-19,HDFCBANK.NS,0.0002919657066036875
2026-01-20,HDFCBANK.NS,0.0002176888841938494
2026-01-21,HDFCBANK.NS,-5.659117155962035e-05
2026-01-22,HDFCBANK.NS,-0.00012852070865900395
2026-01-23,HDFCBANK.NS,0.00012802703871141714
2026-01-27,HDFCBANK.NS,0.0001114424843113421
2026-01-28,HDFCBANK.NS,0.00012058477454518878
2026-01-29,HDFCBANK.NS,-3.4307033628635624e-05
2025-10-31,META,6.248190704143023e-05
2025-11-03,META,6.758627118118523e-05
2025-11-04,META,8.12395624876915e-05
2025-11-05,META,7.49568531639007e-05
2025-11-06,META,8.912119792536026e-06
2025-11-07,META,1.3516473924518179e-05
2025-11-10,META,-1.077293357159747e-05
2025-11-11,META,4.7415267762368395e-05
2025-11-12,META,6.900274033838836e-05
2025-11-13,META,-2.3365061630424533e-05
2025-11-14,META,-1.6988713858988022e-05
2025-11-17,META,-2.1898434924330023e-05
2025-11-18,META,-2.222243997940723e-05
2025-11-19,META,1.6039643891863998e-05
2025-11-20,META,7.59797066418229e-05
2025-11-21,META,-3.115799373059294e-05
2025-11-24,META,4.783038980210713e-05
2025-11-25,META,3.130751569819389e-05
2025-11-26,META,1.6708115859083685e-06
2025-11-28,META,1.5983025658184567e-05
2025-12-01,META,-9.37784751649769e-05
2025-12-02,META,1.4791297447851854e-05
2025-12-03,META,6.861291530263821e-05
2025-12-04,META,8.215183901050228e-05
2025-12-05,META,5.030133693554945e-06
2025-12-08,META,3.306372378079598e-05
2025-12-09,META,-1.5138279575478902e-05
2025-12-10,META,3.149782122703187e-05
2025-12-11,META,6.859525980977263e-05
2025-12-12,META,1.8513257706884106e-05
2025-12-15,META,-1.036601553048055e-05
2025-12-16,META,1.3225931348498218e-05
2025-12-17,META,0.0004959914333625847
2025-12-18,META,-4.918411004794017e-05
2025-12-19,META,6.747128208135092e-05
2025-12-22,META,0.000114405493465041
2025-12-23,META,0.00019840992657424754
2025-12-24,META,0.00019311498091511046
2025-12-26,META,0.00021164128393533316
2025-12-29,META,8.23709480305317e-05
2025-12-30,META,0.00018369229894141492
2025-12-31,META,0.00011321836689178433
2026-01-02,META,0.00013076484762595872
2026-01-05,META,0.00011386707488210762
2026-01-06,META,0.00011757464717324163
2026-01-07,META,0.00011130405290762444
2026-01-08,META,9.408641451977401e-05
2026-01-09,META,0.00013162084525615065
2026-01-12,META,6.914500832791671e-05
2026-01-13,META,9.033016035525864e-05
2026-01-14,META,9.783612914414731e-05
2026-01-15,META,5.940565113089581e-05
2026-01-16,META,0.00012411318256050057
2026-01-20,META,7.26723053948272e-05
2026-01-21,META,4.963764815583852e-05
2026-01-22,META,0.00011730258024886696
2026-01-23,META,2.2007245082573794e-05
2026-01-26,META,5.0118333408796065e-05
2026-01-27,META,8.441525119543588e-05
2026-01-28,META,0.00020164729472386982
2026-01-29,META,-7.49414724899224e-05
2025-10-31,SPY,0.00015197818086785272
2025-11-03,SPY,-1.0061523799807504e-05
2025-11-04,SPY,4.334961296158285e-05
2025-11-05,SPY,4.668737532755354e-05
2025-11-06,SPY,-7.07730721105293e-05
2025-11-07,SPY,-4.3346721561141425e-05
2025-11-10,SPY,-3.838791036361947e-05
2025-11-11,SPY,-2.8248075315225447e-06
2025-11-12,SPY,-5.441336256707627e-06
2025-11-13,SPY,-3.386942925089903e-05
2025-11-14,SPY,-8.248423418658079e-05
2025-11-17,SPY,6.091423547859676e-06
2025-11-18,SPY,-1.357508310838139e-05
2025-11-19,SPY,1.5330018701884704e-05
2025-11-20,SPY,9.540922093634457e-05
2025-11-21,SPY,-1.71892308299714e-05
2025-11-24,SPY,-2.6740453623692203e-05
2025-11-25,SPY,8.483833181800521e-06
2025-11-26,SPY,7.062196608449041e-05
2025-11-28,SPY,-9.838146082443815e-06
2025-12-01,SPY,-1.8204437423507162e-05
2025-12-02,SPY,1.5864003941045436e-05
2025-12-03,SPY,4.7119718719814567e-05
2025-12-04,SPY,7.19743257635208e-05
2025-12-05,SPY,4.846711750345486e-05
2025-12-08,SPY,6.074975651902184e-05
2025-12-09,SPY,7.998151709482954e-05
2025-12-10,SPY,0.00014914456895420415
2025-12-11,SPY,-1.1910364372511114e-05
2025-12-12,SPY,0.00012810873960163914
2025-12-15,SPY,7.551051639837479e-05
2025-12-16,SPY,-9.318617167352096e-05
2025-12-17,SPY,-8.507271731909639e-05
2025-12-18,SPY,-0.00012485389933219014
2025-12-19,SPY,0.00011265982367837535
2025-12-22,SPY,2.8904247767264133e-05
2025-12-23,SPY,5.4910087414397235e-05
2025-12-24,SPY,6.510161703286058e-05
2025-12-26,SPY,1.4252923958695906e-05
2025-12-29,SPY,4.23310489162978e-05
2025-12-30,SPY,7.122016412101646e-05
2025-12-31,SPY,-6.334670465607491e-06
2026-01-02,SPY,0.00014965262594999253
2026-01-05,SPY,6.496384723909993e-05
2026-01-06,SPY,4.8399549064858855e-05
2026-01-07,SPY,0.0001285173732216196
2026-01-08,SPY,0.0001335223347380283
2026-01-09,SPY,8.321162309882475e-05
2026-01-12,SPY,-8.623077216967067e-06
2026-01-13,SPY,5.3062651074646115e-05
2026-01-14,SPY,2.3659661719757787e-05
2026-01-15,SPY,-2.338847544057284e-05
2026-01-16,SPY,-4.051207744955077e-06
2026-01-20,SPY,5.129281804689634e-05
2026-01-21,SPY,-4.8795924592231285e-05
2026-01-22,SPY,0.00011406082551915536
2026-01-23,SPY,3.3734702371669336e-05
2026-01-26,SPY,-4.8823943665722424e-05
2026-01-27,SPY,-2.4514797638818056e-05
2026-01-28,SPY,2.3274102002567865e-05
2026-01-29,SPY,-0.00010047804007759716
2025-10-31,DX-Y.NYB,-5.43514868711853e-05
2025-11-03,DX-Y.NYB,-8.972048041861768e-05
2025-11-04,DX-Y.NYB,2.347293449074805e-05
2025-11-05,DX-Y.NYB,0.0001759131130454978
2025-11-06,DX-Y.NYB,-7.595616644339986e-05
2025-11-07,DX-Y.NYB,-0.0001054919335417489
2025-11-10,DX-Y.NYB,-0.00017031074690508453
2025-11-11,DX-Y.NYB,-0.0001622311516888722
2025-11-12,DX-Y.NYB,-0.0003665639579914153
2025-11-13,DX-Y.NYB,-1.4683392851839504e-06
2025-11-14,DX-Y.NYB,0.00028092932442366563
2025-11-17,DX-Y.NYB,0.0003325133569099683
2025-11-18,DX-Y.NYB,-0.00014318425611985032
2025-11-19,DX-Y.NYB,0.00017107065104243234
2025-11-20,DX-Y.NYB,0.00033701051024759017
2025-11-21,DX-Y.NYB,0.00020561780551259584
2025-11-24,DX-Y.NYB,0.0003060954432238365
2025-11-25,DX-Y.NYB,0.00043922674827754423
2025-11-26,DX-Y.NYB,0.0007253892983593288
2025-11-28,DX-Y.NYB,0.000705204893848221
2025-12-01,DX-Y.NYB,0.000615078934471342
2025-12-02,DX-Y.NYB,0.0005635154445381783
2025-12-03,DX-Y.NYB,0.0005677667261432636
2025-12-04,DX-Y.NYB,2.9175545027180567e-05
2025-12-05,DX-Y.NYB,0.0009023846550569698
2025-12-08,DX-Y.NYB,0.0009377978166824625
2025-12-09,DX-Y.NYB,0.0008756042639431827
2025-12-10,DX-Y.NYB,0.001075488921143672
2025-12-11,DX-Y.NYB,0.0009075901978004429
2025-12-12,DX-Y.NYB,0.001078739125406606
2025-12-15,DX-Y.NYB,0.0013083837308611368
2025-12-16,DX-Y.NYB,0.0009026937035890688
2025-12-17,DX-Y.NYB,0.0013303403769362116
2025-12-18,DX-Y.NYB,0.0009750457619578567
2025-12-19,DX-Y.NYB,0.0005350499055822681
2025-12-22,DX-Y.NYB,0.0011368680649271078
2025-12-23,DX-Y.NYB,0.001128789372356207
2025-12-24,DX-Y.NYB,0.0015371479167016883
2025-12-26,DX-Y.NYB,0.0014564735676791548
2025-12-29,DX-Y.NYB,0.0011552306716818333
2025-12-30,DX-Y.NYB,0.0014150914399022984
2025-12-31,DX-Y.NYB,0.0013637331254667568
2026-01-02,DX-Y.NYB,0.0016069147335459704
2026-01-05,DX-Y.NYB,0.0018246182019362911
2026-01-06,DX-Y.NYB,0.0014241892046545528
2026-01-07,DX-Y.NYB,0.0016469546649184146
2026-01-08,DX-Y.NYB,0.0011437438540534788
2026-01-09,DX-Y.NYB,0.000789499182356821
2026-01-12,DX-Y.NYB,0.001121467310283826
2026-01-13,DX-Y.NYB,0.0010987886650458015
2026-01-14,DX-Y.NYB,0.0014780437397211145
2026-01-15,DX-Y.NYB,0.0015409202486626414
2026-01-16,DX-Y.NYB,0.0018139095284390174
2026-01-20,DX-Y.NYB,0.0018450221629677107
2026-01-21,DX-Y.NYB,0.0015638767236831237
2026-01-22,DX-Y.NYB,0.00145779797739464
2026-01-23,DX-Y.NYB,0.0015951446607269937
2026-01-26,DX-Y.NYB,-7.83215630265198e-05
2026-01-27,DX-Y.NYB,0.001729425382089807
2026-01-28,DX-Y.NYB,6.96787524981026e-06
2026-01-29,DX-Y.NYB,0.0018772395130929455
2025-10-31,GC=F,0.000957728464006969
2025-11-03,GC=F,0.0010910197073010508
2025-11-04,GC=F,7.745003505667143e-05
2025-11-05,GC=F,0.00010339155142669315
2025-11-06,GC=F,-0.0003823298433132603
2025-11-07,GC=F,0.00023839378897840525
2025-11-10,GC=F,0.00011579869360459504
2025-11-11,GC=F,2.7742928094230774e-05
2025-11-12,GC=F,4.6054394234610916e-05
2025-11-13,GC=F,-0.00037884818644271043
2025-11-14,GC=F,0.0001103809181659434
2025-11-17,GC=F,5.510553223681013e-06
2025-11-18,GC=F,2.4391155308419087e-05
2025-11-19,GC=F,0.0004013025298253358
2025-11-20,GC=F,6.419767946663963e-05
2025-11-21,GC=F,-3.876381805723028e-05
2025-11-24,GC=F,0.00014055204274818374
2025-11-25,GC=F,4.188371573026056e-05
2025-11-26,GC=F,2.813002236411995e-05
2025-11-28,GC=F,0.0012687374026552473
2025-12-01,GC=F,6.31977061941802e-05
2025-12-02,GC=F,8.207089210175828e-06
2025-12-03,GC=F,4.501100500883644e-05
2025-12-04,GC=F,-0.0003224298113550282
2025-12-05,GC=F,-0.0003539241071507459
2025-12-08,GC=F,-0.00013811141216851742
2025-12-09,GC=F,0.0008150877717618315
2025-12-10,GC=F,-2.0674046458156107e-06
2025-12-11,GC=F,-0.0002616445086556315
2025-12-12,GC=F,2.5125085971218193e-05
2025-12-15,GC=F,0.00013087028469002744
2025-12-16,GC=F,-0.00015631641010448695
2025-12-17,GC=F,-7.795345242786209e-05
2025-12-18,GC=F,3.3158730904042985e-06
2025-12-19,GC=F,5.7752315985650343e-05
2025-12-22,GC=F,6.775072367046267e-05
2025-12-23,GC=F,7.641578947662788e-05
2025-12-24,GC=F,3.2077946683963065e-05
2025-12-26,GC=F,1.645050852809538e-05
2025-12-29,GC=F,-7.523210254793229e-05
2025-12-30,GC=F,-0.00012785336062592827
2025-12-31,GC=F,-0.0001720916324554672
2026-01-02,GC=F,-0.0004768393889793732
2026-01-05,GC=F,-0.00025023963922624624
2026-01-06,GC=F,-0.00021749781051770065
2026-01-07,GC=F,0.000506770909744338
2026-01-08,GC=F,0.000743707446326291
2026-01-09,GC=F,0.00020792069229183765
2026-01-12,GC=F,0.0002829068197067702
2026-01-13,GC=F,2.693002553330411e-05
2026-01-14,GC=F,4.268032816948941e-05
2026-01-15,GC=F,6.896218017987222e-05
2026-01-16,GC=F,0.0001115001505840559
2026-01-20,GC=F,0.00012747096703986103
2026-01-21,GC=F,-4.681191656799813e-05
2026-01-22,GC=F,5.0458854508653205e-05
2026-01-23,GC=F,1.2734150725178127e-05
2026-01-26,GC=F,0.00015675077753494435
2026-01-27,GC=F,0.00011373729094339733
2026-01-28,GC=F,0.0002808795158686562
2026-01-29,GC=F,-4.985342682327876e-05
2025-10-31,XOM,0.0001550958984014347
2025-11-03,XOM,9.57622306610319e-05
2025-11-04,XOM,0.00017582813881903293
2025-11-05,XOM,7.307016305937529e-05
2025-11-06,XOM,8.348033669099767e-05
2025-11-07,XOM,0.0001219750980443823
2025-11-10,XOM,8.607400068224678e-05
2025-11-11,XOM,0.0001470458966966936
2025-11-12,XOM,4.192538988280953e-05
2025-11-13,XOM,6.37664808916126e-05
2025-11-14,XOM,0.0001025706363919231
2025-11-17,XOM,9.622647787818994e-05
2025-11-18,XOM,4.724367969114509e-05
2025-11-19,XOM,0.00013341938595360422
2025-11-20,XOM,7.446346804256579e-05
2025-11-21,XOM,0.00010854510044127235
2025-11-24,XOM,-3.159987503917469e-06
2025-11-25,XOM,0.00011788456986494455
2025-11-26,XOM,5.5444114819068444e-05
2025-11-28,XOM,4.7057971952111867e-05
2025-12-01,XOM,0.00010321347487661022
2025-12-02,XOM,5.871493861314274e-05
2025-12-03,XOM,9.681856181444834e-05
2025-12-04,XOM,4.563201072905727e-05
2025-12-05,XOM,5.45665203581874e-05
2025-12-08,XOM,7.144030083830229e-05
2025-12-09,XOM,3.073192929373262e-05
2025-12-10,XOM,-9.328107496565905e-06
2025-12-11,XOM,3.097818824350301e-05
2025-12-12,XOM,8.23603791116441e-05
2025-12-15,XOM,-8.316917845699382e-06
2025-12-16,XOM,0.00011124939015683706
2025-12-17,XOM,-3.7984758252015186e-05
2025-12-18,XOM,7.482153371089623e-05
2025-12-19,XOM,6.926296445565617e-05
2025-12-22,XOM,-2.780619267158088e-05
2025-12-23,XOM,7.300107762696566e-05
2025-12-24,XOM,0.00010723556784218876
2025-12-26,XOM,7.101158179060655e-05
2025-12-29,XOM,7.818655629568157e-05
2025-12-30,XOM,0.00013262468908619213
2025-12-31,XOM,1.965501054489223e-05
2026-01-02,XOM,-1.3075547161019085e-05
2026-01-05,XOM,-1.4720128555993504e-05
2026-01-06,XOM,-8.735143016986266e-06
2026-01-07,XOM,5.2881924679621654e-05
2026-01-08,XOM,7.322401932914297e-05
2026-01-09,XOM,7.032666952775406e-05
2026-01-12,XOM,5.702046963112767e-05
2026-01-13,XOM,2.938435129025293e-05
2026-01-14,XOM,3.737097122514636e-05
2026-01-15,XOM,9.497926280987973e-05
2026-01-16,XOM,3.2304611350327134e-05
2026-01-20,XOM,0.0002842859019450812
2026-01-21,XOM,9.405332408071908e-05
2026-01-22,XOM,7.867184024454868e-05
2026-01-23,XOM,-3.6424013255458365e-05
2026-01-26,XOM,5.371062826876823e-05
2026-01-27,XOM,2.4887212535920592e-05
2026-01-28,XOM,6.110896337492757e-05
2026-01-29,XOM,-8.65780226846431e-05
2026-05-08,SBIN.NS,4.3922363126574224e-05
2026-05-11,SBIN.NS,-0.00019819698742969434
2026-05-12,SBIN.NS,0.0001786268154309712
2026-05-13,SBIN.NS,0.00031704987097939946
2026-05-14,SBIN.NS,3.920783301037654e-06
2026-05-15,SBIN.NS,0.00028722726785878694
2026-05-18,SBIN.NS,-1.2598378962029372e-05
2026-05-19,SBIN.NS,-0.00028738553628436216
2026-05-20,SBIN.NS,0.00020810217652630507
2026-05-21,SBIN.NS,0.0002732603415442475
2026-05-22,SBIN.NS,0.0004371549713924858
2026-05-25,SBIN.NS,0.0004999548719592724
2026-05-26,SBIN.NS,0.0007621350843368865
2026-05-27,SBIN.NS,7.045892877224433e-05
2026-05-28,SBIN.NS,0.0002566685607520486
2026-05-29,SBIN.NS,0.0006042416260977757
2026-06-01,SBIN.NS,0.00018480825167023008
2026-06-02,SBIN.NS,-0.00021383590954637713
2026-06-03,SBIN.NS,0.0003398585869013313
2026-06-04,SBIN.NS,0.00010380594104657163
2026-06-05,SBIN.NS,0.0001536131158332301
2026-06-08,SBIN.NS,0.0005173924378972194
2026-06-09,SBIN.NS,0.0010014526339381716
2026-06-10,SBIN.NS,0.0010684565246441998
2026-06-11,SBIN.NS,0.00019654577676424918
2026-06-12,SBIN.NS,7.05789860034297e-05
2026-06-15,SBIN.NS,0.00054434981177027
2026-06-16,SBIN.NS,0.0005441144095460773
2026-06-17,SBIN.NS,0.0011909064722535787
2026-06-18,SBIN.NS,0.0011340507193300239
2026-06-19,SBIN.NS,0.0006214149119671934
2026-06-22,SBIN.NS,0.00021302879959074846
2026-06-23,SBIN.NS,0.00015951407032151297
2026-06-24,SBIN.NS,7.317782353170483e-05
2026-06-25,SBIN.NS,0.00012942486321255954
2026-06-26,SBIN.NS,3.094270620383551e-05
2026-06-29,SBIN.NS,0.0001608262416204024
2026-06-30,SBIN.NS,0.00017303952187612114
2026-07-01,SBIN.NS,8.145111431195864e-05
2026-07-02,SBIN.NS,0.00010502855056771056
2026-07-03,SBIN.NS,0.00015181621162499003
2026-07-06,SBIN.NS,0.000135455526622823
2026-07-07,SBIN.NS,0.0001459833865977532
2026-07-08,SBIN.NS,7.270918148729683e-05
2026-07-09,SBIN.NS,7.081594967896347e-05
2026-07-10,SBIN.NS,8.476275263417323e-05
2026-07-13,SBIN.NS,7.441890212825661e-05
2026-07-14,SBIN.NS,8.123155731942619e-05
2026-07-15,SBIN.NS,2.638838090347054e-05
2026-07-16,SBIN.NS,-4.752560259345384e-06
2026-07-17,SBIN.NS,8.98038495043364e-05
2026-07-20,SBIN.NS,-1.1311034126879e-05
2026-07-21,SBIN.NS,1.2409088796926659e-05
2026-07-22,SBIN.NS,8.349504599197967e-05
2026-07-23,SBIN.NS,0.00011959195520390556
2026-07-24,SBIN.NS,-4.732776028285912e-05
2026-07-27,SBIN.NS,4.909712709213459e-05
2026-07-28,SBIN.NS,0.000157663391288971
2026-07-29,SBIN.NS,1.9023442802947894e-05
2026-07-30,SBIN.NS,-8.53113420633334e-05
2026-05-08,RELIANCE.NS,7.615145496160606e-06
2026-05-11,RELIANCE.NS,9.619205694632316e-05
2026-05-12,RELIANCE.NS,0.00031987689505260427
2026-05-13,RELIANCE.NS,0.00022712660081489
2026-05-14,RELIANCE.NS,0.00023511840396302396
2026-05-15,RELIANCE.NS,0.0002811088408631942
2026-05-18,RELIANCE.NS,-2.874939270324526e-05
2026-05-19,RELIANCE.NS,9.287729518668298e-05
2026-05-20,RELIANCE.NS,1.042450038676912e-05
2026-05-21,RELIANCE.NS,0.00010659897059820435
2026-05-22,RELIANCE.NS,0.00021955998783712872
2026-05-25,RELIANCE.NS,0.00010718009353079174
2026-05-26,RELIANCE.NS,0.00010393797418713666
2026-05-27,RELIANCE.NS,0.00018246454560117139
2026-05-28,RELIANCE.NS,-0.00029904206428585253
2026-05-29,RELIANCE.NS,0.00021622719305741902
2026-06-01,RELIANCE.NS,0.0001848831392684818
2026-06-02,RELIANCE.NS,0.00011068082622632502
2026-06-03,RELIANCE.NS,0.0001820030016645916
2026-06-04,RELIANCE.NS,0.00019070351203011142
2026-06-05,RELIANCE.NS,2.1721815225383765e-05
2026-06-08,RELIANCE.NS,0.00011282249399948204
2026-06-09,RELIANCE.NS,0.00015668344135032387
2026-06-10,RELIANCE.NS,0.00014368565222110374
2026-06-11,RELIANCE.NS,4.7426243357460895e-05
2026-06-12,RELIANCE.NS,5.196557717339482e-05
2026-06-15,RELIANCE.NS,-4.139088988995084e-06
2026-06-16,RELIANCE.NS,9.038365943476828e-05
2026-06-17,RELIANCE.NS,1.9937283252411895e-05
2026-06-18,RELIANCE.NS,7.896807878488428e-05
2026-06-19,RELIANCE.NS,0.00023720331438459733
2026-06-22,RELIANCE.NS,1.5821698663834472e-05
2026-06-23,RELIANCE.NS,0.000103937158500531
2026-06-24,RELIANCE.NS,0.0002835636414009226
2026-06-25,RELIANCE.NS,0.00016107528195676113
2026-06-26,RELIANCE.NS,5.9335480912987164e-06
2026-06-29,RELIANCE.NS,0.00022820026576682363
2026-06-30,RELIANCE.NS,0.00015699725994076485
2026-07-01,RELIANCE.NS,7.246249161153623e-05
2026-07-02,RELIANCE.NS,4.734179899481948e-05
2026-07-03,RELIANCE.NS,1.6774566580508983e-05
2026-07-06,RELIANCE.NS,2.8183278707367682e-05
2026-07-07,RELIANCE.NS,-4.9217964325325504e-05
2026-07-08,RELIANCE.NS,-3.996146242772198e-06
2026-07-09,RELIANCE.NS,0.00017122954099499472
2026-07-10,RELIANCE.NS,6.277569730467783e-05
2026-07-13,RELIANCE.NS,-1.799017007508548e-05
2026-07-14,RELIANCE.NS,5.5050962212159095e-05
2026-07-15,RELIANCE.NS,-9.837574209115939e-05
2026-07-16,RELIANCE.NS,-0.00011170611271840224
2026-07-17,RELIANCE.NS,1.5413358165606897e-05
2026-07-20,RELIANCE.NS,-3.5501314912802884e-05
2026-07-21,RELIANCE.NS,0.00016565172871758712
2026-07-22,RELIANCE.NS,5.539667721725451e-06
2026-07-23,RELIANCE.NS,-0.0001228255941794914
2026-07-24,RELIANCE.NS,-6.2478901159179e-05
2026-07-27,RELIANCE.NS,-0.00013094386743787818
2026-07-28,RELIANCE.NS,-1.1269544980682217e-05
2026-07-29,RELIANCE.NS,-2.775714904750403e-05
2026-07-30,RELIANCE.NS,-0.00019018845655066006
2026-05-05,AAPL,7.875507710567276e-05
2026-05-06,AAPL,3.140915159224692e-05
2026-05-07,AAPL,4.325340168010944e-05
2026-05-08,AAPL,2.4669022436144743e-05
2026-05-11,AAPL,8.789706985830776e-06
2026-05-12,AAPL,7.794206714755947e-05
2026-05-13,AAPL,1.7365105076073426e-05
2026-05-14,AAPL,3.0255974853385676e-05
2026-05-15,AAPL,0.00017341199569207935
2026-05-18,AAPL,7.973241622046613e-05
2026-05-19,AAPL,0.00014282706893182256
2026-05-20,AAPL,0.00011142979903177986
2026-05-21,AAPL,-2.727904902097694e-05
2026-05-22,AAPL,-3.857436037054948e-05
2026-05-26,AAPL,0.00012823462087833601
2026-05-27,AAPL,7.458066684857356e-05
2026-05-28,AAPL,4.14728926300151e-05
2026-05-29,AAPL,7.713794286531432e-05
2026-06-01,AAPL,5.126518899826702e-06
2026-06-02,AAPL,0.00015441603075616058
2026-06-03,AAPL,0.0001430531380636329
2026-06-04,AAPL,7.162981663426217e-05
2026-06-05,AAPL,5.8174401783158924e-05
2026-06-08,AAPL,0.00012098806573802668
2026-06-09,AAPL,0.00013890001089057698
2026-06-10,AAPL,4.7707311146796305e-05
2026-06-11,AAPL,0.0001422558337687767
2026-06-12,AAPL,0.00018247587096369903
2026-06-15,AAPL,0.00010886599266619686
2026-06-16,AAPL,8.760604305966141e-05
2026-06-17,AAPL,8.775089737119077e-05
2026-06-18,AAPL,8.484198854412901e-05
2026-06-22,AAPL,1.7259006155874688e-05
2026-06-23,AAPL,0.00026977773134053925
2026-06-24,AAPL,0.00010559956021865956
2026-06-25,AAPL,0.00014238625287917394
2026-06-26,AAPL,0.0001090738289594466
2026-06-29,AAPL,9.311812412009449e-05
2026-06-30,AAPL,-1.7925939646433056e-05
2026-07-01,AAPL,-2.0006018990175688e-05
2026-07-02,AAPL,9.25643545081931e-05
2026-07-06,AAPL,6.180160377889828e-06
2026-07-07,AAPL,-3.862773889597359e-05
2026-07-08,AAPL,4.311257314934892e-05
2026-07-09,AAPL,0.00012921860732948147
2026-07-10,AAPL,9.263615046701423e-05
2026-07-13,AAPL,-6.834891968265106e-05
2026-07-14,AAPL,2.9875149309013274e-05
2026-07-15,AAPL,8.390473817063956e-05
2026-07-16,AAPL,-2.4558645912674567e-05
2026-07-17,AAPL,7.595828068801247e-05
2026-07-20,AAPL,2.354868514402011e-05
2026-07-21,AAPL,-4.757074818865599e-05
2026-07-22,AAPL,9.015723689798358e-05
2026-07-23,AAPL,-0.00012767960995072172
2026-07-24,AAPL,4.394418230911752e-05
2026-07-27,AAPL,-0.00010976545702912435
2026-07-28,AAPL,7.938306805452749e-05
2026-07-29,AAPL,3.924440908723397e-05
2026-07-30,AAPL,4.203312694310996e-05
2026-05-08,INFY.NS,2.9787474544360358e-05
2026-05-11,INFY.NS,-7.822919905392761e-06
2026-05-12,INFY.NS,-0.00015315743910028875
2026-05-13,INFY.NS,0.00016203971150182713
2026-05-14,INFY.NS,-0.0007606484448694756
2026-05-15,INFY.NS,0.0004112958437747001
2026-05-18,INFY.NS,0.00041408882233495887
2026-05-19,INFY.NS,0.00023245169114614786
2026-05-20,INFY.NS,0.0013462624200266502
2026-05-21,INFY.NS,0.0015837670181654056
2026-05-22,INFY.NS,0.001981199827273583
2026-05-25,INFY.NS,0.0023461563327858113
2026-05-26,INFY.NS,0.00235806013450145
2026-05-27,INFY.NS,0.0023635634677174455
2026-05-28,INFY.NS,0.0023818861677305883
2026-05-29,INFY.NS,0.0026723306683061284
2026-06-01,INFY.NS,0.0027841424805426502
2026-06-02,INFY.NS,0.0032482674850776937
2026-06-03,INFY.NS,0.0031098178427630295
2026-06-04,INFY.NS,0.003873289380236058
2026-06-05,INFY.NS,0.001472211714302313
2026-06-08,INFY.NS,0.0013247878595050108
2026-06-09,INFY.NS,0.0011979303679645094
2026-06-10,INFY.NS,0.002267254650964528
2026-06-11,INFY.NS,0.0006216456274180394
2026-06-12,INFY.NS,0.00041562278157647014
2026-06-15,INFY.NS,0.00045128991723767894
2026-06-16,INFY.NS,0.0005306147819608991
2026-06-17,INFY.NS,0.0009640702543886937
2026-06-18,INFY.NS,0.0002926556441689749
2026-06-19,INFY.NS,0.0002480000353812366
2026-06-22,INFY.NS,0.00019547509117332127
2026-06-23,INFY.NS,0.0011399500822357968
2026-06-24,INFY.NS,0.0009604566611050364
2026-06-25,INFY.NS,0.00026852947910352057
2026-06-26,INFY.NS,0.00027893029586925074
2026-06-29,INFY.NS,0.0003249061088063596
2026-06-30,INFY.NS,0.00019458835941197437
2026-07-01,INFY.NS,0.0004321864771716093
2026-07-02,INFY.NS,-0.00029465278914566045
2026-07-03,INFY.NS,0.00028651115076823246
2026-07-06,INFY.NS,0.00034036198735157795
2026-07-07,INFY.NS,0.0008715690436613159
2026-07-08,INFY.NS,0.00022785996637941124
2026-07-09,INFY.NS,0.00036112310729398075
2026-07-10,INFY.NS,0.000574511987133002
2026-07-13,INFY.NS,2.533270294093414e-05
2026-07-14,INFY.NS,0.0002969502413618117
2026-07-15,INFY.NS,0.0003831310415777206
2026-07-16,INFY.NS,0.00020244112007332743
2026-07-17,INFY.NS,0.00047217850565385827
2026-07-20,INFY.NS,0.000664888934680523
2026-07-21,INFY.NS,0.0005307665325671082
2026-07-22,INFY.NS,0.00031660131920609744
2026-07-23,INFY.NS,0.00096525404745887
2026-07-24,INFY.NS,0.0003663917722913268
2026-07-27,INFY.NS,0.00034207973193580126
2026-07-28,INFY.NS,0.0012529056433802299
2026-07-29,INFY.NS,0.00042027012780334076
2026-07-30,INFY.NS,0.0005121358494621256
2026-05-05,MSFT,9.649274127405816e-05
2026-05-06,MSFT,-0.00012821379609887257
2026-05-07,MSFT,-0.00010718486819572741
2026-05-08,MSFT,5.2250445893004014e-05
2026-05-11,MSFT,6.149863733789512e-05
2026-05-12,MSFT,0.0002558319601807447
2026-05-13,MSFT,0.0003076961978167649
2026-05-14,MSFT,-0.00019476100303099787
2026-05-15,MSFT,-0.00038374305653027637
2026-05-18,MSFT,-3.581664739349146e-05
2026-05-19,MSFT,8.275935861148176e-05
2026-05-20,MSFT,2.362507148821079e-05
2026-05-21,MSFT,-1.8888772364218317e-05
2026-05-22,MSFT,3.806525536617313e-07
2026-05-26,MSFT,8.553940358781632e-05
2026-05-27,MSFT,1.6333646569092894e-05
2026-05-28,MSFT,-3.0353982323447566e-05
2026-05-29,MSFT,2.4731876248432782e-05
2026-06-01,MSFT,-4.389536712558225e-05
2026-06-02,MSFT,-2.2513278122082123e-05
2026-06-03,MSFT,-4.298505687838498e-05
2026-06-04,MSFT,-3.8357509126646304e-05
2026-06-05,MSFT,-0.00021281682626060958
2026-06-08,MSFT,-7.913762734541456e-05
2026-06-09,MSFT,-0.00011531363198291726
2026-06-10,MSFT,-9.13225381124812e-05
2026-06-11,MSFT,3.344190193826484e-05
2026-06-12,MSFT,-8.480931218605391e-05
2026-06-15,MSFT,0.00022807725349718917
2026-06-16,MSFT,0.00013986835104412077
2026-06-17,MSFT,5.157979210604822e-05
2026-06-18,MSFT,-9.137254517889809e-06
2026-06-22,MSFT,2.217078771810366e-05
2026-06-23,MSFT,0.00046272524131089015
2026-06-24,MSFT,8.89630882473962e-05
2026-06-25,MSFT,0.00012195426546718395
2026-06-26,MSFT,5.288244585020287e-05
2026-06-29,MSFT,0.00011525881469220015
2026-06-30,MSFT,1.79114733079202e-05
2026-07-01,MSFT,-2.94953599801203e-05
2026-07-02,MSFT,7.283120672611128e-05
2026-07-06,MSFT,-3.7016190271397256e-05
2026-07-07,MSFT,-0.00015905287127666003
2026-07-08,MSFT,-8.628528877896585e-05
2026-07-09,MSFT,6.21733395912797e-05
2026-07-10,MSFT,-2.1942615051595653e-05
2026-07-13,MSFT,3.9994321851743957e-05
2026-07-14,MSFT,5.5480411941760145e-06
2026-07-15,MSFT,3.527275980864226e-05
2026-07-16,MSFT,-0.0002538727137170953
2026-07-17,MSFT,5.8902418280000886e-05
2026-07-20,MSFT,-0.00012006275310588064
2026-07-21,MSFT,-4.2492347626494924e-05
2026-07-22,MSFT,-0.00012237591992574033
2026-07-23,MSFT,-4.48396262551127e-05
2026-07-24,MSFT,-0.00011355242300746503
2026-07-27,MSFT,-0.0001302322508961401
2026-07-28,MSFT,-6.848666253109981e-05
2026-07-29,MSFT,-2.377169883772834e-05
2026-07-30,MSFT,-8.073018203492158e-05
2026-05-05,GLD,-4.826412380244018e-05
2026-05-06,GLD,5.071929335667122e-06
2026-05-07,GLD,5.2530768067411186e-05
2026-05-08,GLD,-9.613579271271347e-06
2026-05-11,GLD,5.315689309710342e-05
2026-05-12,GLD,-1.7164046239590153e-05
2026-05-13,GLD,0.0001464042471764935
2026-05-14,GLD,9.658604776167726e-05
2026-05-15,GLD,2.1532022367560793e-05
2026-05-18,GLD,4.600540153593454e-05
2026-05-19,GLD,0.00010286510008580391
2026-05-20,GLD,3.0690345534138803e-05
2026-05-21,GLD,9.381405908141103e-05
2026-05-22,GLD,3.736014496985122e-05
2026-05-26,GLD,-3.181677949492097e-05
2026-05-27,GLD,-7.609819663303072e-06
2026-05-28,GLD,7.319871361342054e-05
2026-05-29,GLD,3.471613501403214e-05
2026-06-01,GLD,1.1114379253585077e-05
2026-06-02,GLD,3.2906290123639316e-06
2026-06-03,GLD,3.6586873872970614e-05
2026-06-04,GLD,1.3572313918891205e-05
2026-06-05,GLD,6.117913724094607e-05
2026-06-08,GLD,0.00011348787820078101
2026-06-09,GLD,0.0001409842676746734
2026-06-10,GLD,0.00035743245021519545
2026-06-11,GLD,3.774286002201821e-07
2026-06-12,GLD,2.324954503506841e-05
2026-06-15,GLD,-6.77295162842068e-05
2026-06-16,GLD,3.5756461468353474e-05
2026-06-17,GLD,0.00044027675998864306
2026-06-18,GLD,0.00023552556060732106
2026-06-22,GLD,5.458948539647112e-05
2026-06-23,GLD,0.00017689640493930716
2026-06-24,GLD,0.00016448486325444566
2026-06-25,GLD,0.0001697358944429929
2026-06-26,GLD,6.266012090215554e-05
2026-06-29,GLD,4.743756394133842e-06
2026-06-30,GLD,0.0001220636966071835
2026-07-01,GLD,7.679332698351677e-05
2026-07-02,GLD,0.00017067736952784516
2026-07-06,GLD,5.4932914847319084e-05
2026-07-07,GLD,6.384509732276878e-05
2026-07-08,GLD,9.677249192395288e-05
2026-07-09,GLD,3.110943975477389e-05
2026-07-10,GLD,8.295628642271253e-05
2026-07-13,GLD,7.246821747289315e-05
2026-07-14,GLD,0.00012463057078289686
2026-07-15,GLD,6.07650485098945e-05
2026-07-16,GLD,1.96934252464652e-05
2026-07-17,GLD,0.00012327411576467363
2026-07-20,GLD,6.9684865122898086e-06
2026-07-21,GLD,3.3562851871675077e-05
2026-07-22,GLD,-1.998756615371435e-05
2026-07-23,GLD,6.838763133407534e-05
2026-07-24,GLD,0.00010343810527268954
2026-07-27,GLD,0.00010138146421049047
2026-07-28,GLD,7.853334022531728e-05
2026-07-29,GLD,4.8910662168286245e-05
2026-07-30,GLD,0.0001348820808807222
2026-05-05,UNH,6.681570005415755e-05
2026-05-06,UNH,0.0003515832702648164
2026-05-07,UNH,0.00011805110807456068
2026-05-08,UNH,2.4373422725345988e-05
2026-05-11,UNH,-0.00025015691083734535
2026-05-12,UNH,0.000196999898342827
2026-05-13,UNH,0.0001197740991474571
2026-05-14,UNH,0.00016695186434121563
2026-05-15,UNH,0.00018328866373363385
2026-05-18,UNH,0.00031088116490349824
2026-05-19,UNH,0.0003640848299341103
2026-05-20,UNH,7.759265508204618e-05
2026-05-21,UNH,0.00011208287995936426
2026-05-22,UNH,9.02749759201721e-05
2026-05-26,UNH,0.00011289549832573015
2026-05-27,UNH,3.31062986561466e-05
2026-05-28,UNH,1.901452703818329e-06
2026-05-29,UNH,4.125474513977987e-05
2026-06-01,UNH,6.474319784422191e-05
2026-06-02,UNH,2.78280540655061e-06
2026-06-03,UNH,5.236033557369229e-05
2026-06-04,UNH,0.00011562227676221604
2026-06-05,UNH,0.00012051325369131019
2026-06-08,UNH,4.764002382708175e-05
2026-06-09,UNH,0.00018223121770791947
2026-06-10,UNH,0.0002003633697979796
2026-06-11,UNH,4.2198910600354524e-05
2026-06-12,UNH,0.00027599768142890147
2026-06-15,UNH,8.814385273038069e-05
2026-06-16,UNH,7.146986864647349e-05
2026-06-17,UNH,7.69201827915346e-05
2026-06-18,UNH,6.470016703709073e-05
2026-06-22,UNH,8.998468762452649e-05
2026-06-23,UNH,6.798430136104326e-05
2026-06-24,UNH,0.00013776329630585542
2026-06-25,UNH,7.150847227301902e-06
2026-06-26,UNH,3.3821921355967615e-05
2026-06-29,UNH,-9.814452817168189e-05
2026-06-30,UNH,-0.00011710987907557222
2026-07-01,UNH,-0.00010647326501837768
2026-07-02,UNH,-0.00011059156224546388
2026-07-06,UNH,-1.0129589095317424e-05
2026-07-07,UNH,-1.3429011042689554e-05
2026-07-08,UNH,-0.00010091840822876173
2026-07-09,UNH,9.198405276001097e-06
2026-07-10,UNH,-1.2726963030657391e-05
2026-07-13,UNH,5.7974613909214845e-06
2026-07-14,UNH,6.151736815721382e-05
2026-07-15,UNH,-8.678623648406399e-05
2026-07-16,UNH,-3.702141284625559e-05
2026-07-17,UNH,6.17062386187457e-05
2026-07-20,UNH,0.00017651003970735663
2026-07-21,UNH,-3.080157882577274e-05
2026-07-22,UNH,-0.00012167513296738996
2026-07-23,UNH,7.393612701969982e-05
2026-07-24,UNH,0.00012182589706231914
2026-07-27,UNH,6.781744120362663e-06
2026-07-28,UNH,-3.0406793219564942e-05
2026-07-29,UNH,7.475140879863966e-05
2026-07-30,UNH,-1.0861454293019734e-06
2026-05-05,JPM,0.00013651418924630568
2026-05-06,JPM,8.554985974729959e-05
2026-05-07,JPM,8.777877170363437e-05
2026-05-08,JPM,-6.76328193428566e-05
2026-05-11,JPM,-2.113439169546309e-05
2026-05-12,JPM,-8.963598557728601e-06
2026-05-13,JPM,0.00021959664412470373
2026-05-14,JPM,3.865781492838451e-05
2026-05-15,JPM,1.1963058530161771e-05
2026-05-18,JPM,-9.128806302671045e-06
2026-05-19,JPM,0.00010016427469343985
2026-05-20,JPM,0.0002262988678717761
2026-05-21,JPM,6.246504911124223e-05
2026-05-22,JPM,7.062084509596724e-05
2026-05-26,JPM,9.707270317250568e-05
2026-05-27,JPM,6.982871630042423e-05
2026-05-28,JPM,7.311355219262652e-05
2026-05-29,JPM,0.0001774121871342145
2026-06-01,JPM,0.00012105443498221909
2026-06-02,JPM,0.00019543770060989895
2026-06-03,JPM,0.00010056122404393648
2026-06-04,JPM,2.809786245768226e-07
2026-06-05,JPM,1.935434251323662e-05
2026-06-08,JPM,9.192614198980041e-05
2026-06-09,JPM,0.0002010906322143581
2026-06-10,JPM,8.233335559349416e-05
2026-06-11,JPM,0.0001626065771121798
2026-06-12,JPM,-4.64302758135857e-06
2026-06-15,JPM,0.00011543370272144658
2026-06-16,JPM,3.500671442389286e-05
2026-06-17,JPM,5.961615507685055e-05
2026-06-18,JPM,0.00016119664484365705
2026-06-22,JPM,5.973368964617878e-05
2026-06-23,JPM,0.00014384844957557075
2026-06-24,JPM,7.630870610279672e-05
2026-06-25,JPM,-1.3945518173088098e-05
2026-06-26,JPM,8.943723859006554e-05
2026-06-29,JPM,-6.450199531346146e-05
2026-06-30,JPM,0.0001446321000682859
2026-07-01,JPM,5.1164763952655226e-05
2026-07-02,JPM,0.00013865235265849492
2026-07-06,JPM,0.00016044119831760777
2026-07-07,JPM,-3.738470442646737e-06
2026-07-08,JPM,9.363915542920812e-05
2026-07-09,JPM,-0.0001015943180895412
2026-07-10,JPM,3.180181410684992e-05
2026-07-13,JPM,0.0001355207580675301
2026-07-14,JPM,-3.184005321184845e-05
2026-07-15,JPM,5.666091710823717e-05
2026-07-16,JPM,0.00011262070190596465
2026-07-17,JPM,-1.0046644765099358e-06
2026-07-20,JPM,0.00012506644320418056
2026-07-21,JPM,0.00014849358608298494
2026-07-22,JPM,0.00013048130331795346
2026-07-23,JPM,3.3605244891994786e-05
2026-07-24,JPM,-8.09581114067459e-05
2026-07-27,JPM,0.00013870761791711053
2026-07-28,JPM,-1.611672304247622e-05
2026-07-29,JPM,5.170250589390989e-05
2026-07-30,JPM,0.00019951227412832334
2026-05-05,TLT,7.856877838930876e-05
2026-05-06,TLT,-5.4964944833455985e-05
2026-05-07,TLT,0.00012537609521435847
2026-05-08,TLT,0.0002220538644076867
2026-05-11,TLT,0.0003001994848705568
2026-05-12,TLT,0.00019312037885181214
2026-05-13,TLT,-1.9667480905874232e-05
2026-05-14,TLT,0.00022033288108336228
2026-05-15,TLT,0.00020461686151688406
2026-05-18,TLT,0.00015559170125998032
2026-05-19,TLT,0.0004675211332090247
2026-05-20,TLT,-6.87898837587332e-06
2026-05-21,TLT,0.0003794512804376193
2026-05-22,TLT,-0.00013985510939257362
2026-05-26,TLT,-1.9618103278875975e-05
2026-05-27,TLT,-0.00011912861090610392
2026-05-28,TLT,-7.154909108018287e-05
2026-05-29,TLT,0.00024609205907710443
2026-06-01,TLT,5.7406367587811534e-05
2026-06-02,TLT,0.00023907231497007192
2026-06-03,TLT,4.683156903885783e-06
2026-06-04,TLT,0.0002126675062425699
2026-06-05,TLT,0.00023211945961367896
2026-06-08,TLT,0.000247935594117383
2026-06-09,TLT,0.0002684223565465454
2026-06-10,TLT,0.0002880722801840397
2026-06-11,TLT,0.00013033514343306174
2026-06-12,TLT,-6.7320926115967e-05
2026-06-15,TLT,0.0002586004904753144
2026-06-16,TLT,0.0001282599116270215
2026-06-17,TLT,0.00030963745524916484
2026-06-18,TLT,0.00038241600586642736
2026-06-22,TLT,9.18667891461151e-05
2026-06-23,TLT,0.0002854027428827562
2026-06-24,TLT,0.0003303335789556532
2026-06-25,TLT,0.0002586717829763952
2026-06-26,TLT,0.0003117161943380024
2026-06-29,TLT,0.00033227034994240704
2026-06-30,TLT,0.00040319501028274294
2026-07-01,TLT,-0.00014175465872306528
2026-07-02,TLT,0.0004967035801905492
2026-07-06,TLT,0.0003258535498487245
2026-07-07,TLT,0.00016550846993942397
2026-07-08,TLT,0.0002871558902208082
2026-07-09,TLT,7.239109633260988e-05
2026-07-10,TLT,0.00011737877338371135
2026-07-13,TLT,0.00010279176770559666
2026-07-14,TLT,0.00032525540905852906
2026-07-15,TLT,2.176708922382174e-05
2026-07-16,TLT,0.0001764874447615266
2026-07-17,TLT,0.000162424028359565
2026-07-20,TLT,7.788278104780275e-05
2026-07-21,TLT,0.0002984643999418002
2026-07-22,TLT,0.0002525886313148534
2026-07-23,TLT,0.00031266827877981997
2026-07-24,TLT,0.00017041212060346135
2026-07-27,TLT,0.000535356725748275
2026-07-28,TLT,0.0002447528376713852
2026-07-29,TLT,6.676954217278995e-05
2026-07-30,TLT,0.0003130086524153845
2026-05-05,TSLA,5.014817445708589e-05
2026-05-06,TSLA,5.056029793710739e-05
2026-05-07,TSLA,5.349796727310912e-05
2026-05-08,TSLA,5.182285206098421e-05
2026-05-11,TSLA,7.166027851375972e-05
2026-05-12,TSLA,6.950031376676208e-05
2026-05-13,TSLA,8.098841659040153e-05
2026-05-14,TSLA,6.906283107770733e-05
2026-05-15,TSLA,-3.7296631962803475e-05
2026-05-18,TSLA,4.2310315407553414e-05
2026-05-19,TSLA,0.00012637811237922627
2026-05-20,TSLA,-1.9979625997669546e-06
2026-05-21,TSLA,2.3428801018612066e-05
2026-05-22,TSLA,3.444305898604487e-05
2026-05-26,TSLA,5.910164505321312e-05
2026-05-27,TSLA,5.778906766755365e-05
2026-05-28,TSLA,7.925845068127802e-05
2026-05-29,TSLA,4.71367729780882e-05
2026-06-01,TSLA,6.720179050886131e-05
2026-06-02,TSLA,3.925034409323542e-05
2026-06-03,TSLA,4.7584393577188e-05
2026-06-04,TSLA,5.585989583281476e-05
2026-06-05,TSLA,9.488344178673555e-05
2026-06-08,TSLA,6.475429054658145e-05
2026-06-09,TSLA,4.804552718675923e-05
2026-06-10,TSLA,7.140344190642918e-05
2026-06-11,TSLA,1.4869081140547314e-05
2026-06-12,TSLA,1.98193604813809e-05
2026-06-15,TSLA,2.785231348041977e-05
2026-06-16,TSLA,6.069262321711487e-06
2026-06-17,TSLA,4.705293946820714e-05
2026-06-18,TSLA,0.0001376216519610789
2026-06-22,TSLA,4.0192657283797855e-05
2026-06-23,TSLA,8.652184848840036e-05
2026-06-24,TSLA,8.447179467226905e-05
2026-06-25,TSLA,9.974447172293877e-05
2026-06-26,TSLA,2.099580205849198e-05
2026-06-29,TSLA,2.0966240987979935e-06
2026-06-30,TSLA,5.1757085514162875e-05
2026-07-01,TSLA,3.562331942159622e-05
2026-07-02,TSLA,3.893398187107712e-05
2026-07-06,TSLA,-3.5641808941513348e-06
2026-07-07,TSLA,0.00011706342952141888
2026-07-08,TSLA,1.9656625360697538e-05
2026-07-09,TSLA,4.785065692174327e-05
2026-07-10,TSLA,5.511683856632216e-05
2026-07-13,TSLA,4.958658994643418e-05
2026-07-14,TSLA,0.00010019953234380346
2026-07-15,TSLA,1.935704884076795e-05
2026-07-16,TSLA,5.519836978380867e-07
2026-07-17,TSLA,6.291615876486695e-05
2026-07-20,TSLA,3.639550960439959e-05
2026-07-21,TSLA,-3.595450483609487e-05
2026-07-22,TSLA,5.70639662768767e-05
2026-07-23,TSLA,3.15599231514398e-05
2026-07-24,TSLA,2.7160603154793655e-05
2026-07-27,TSLA,0.0001008834935761806
2026-07-28,TSLA,-1.2238019938565864e-05
2026-07-29,TSLA,9.861003412628038e-05
2026-07-30,TSLA,1.788792122859899e-05
2026-05-01,USDJPY=X,0.0002863180817458939
2026-05-04,USDJPY=X,0.0002553215318374853
2026-05-05,USDJPY=X,0.0011865983882923003
2026-05-06,USDJPY=X,0.0018986234124010477
2026-05-07,USDJPY=X,0.0002890582892201146
2026-05-08,USDJPY=X,8.36444245333614e-05
2026-05-11,USDJPY=X,0.00017591912027458125
2026-05-12,USDJPY=X,7.388847181864079e-05
2026-05-13,USDJPY=X,0.0004359691267545125
2026-05-14,USDJPY=X,0.0006246017266665892
2026-05-15,USDJPY=X,0.00014177370967741236
2026-05-18,USDJPY=X,0.00013336562139628085
2026-05-19,USDJPY=X,0.0001930575225377718
2026-05-20,USDJPY=X,0.0003453238111296836
2026-05-21,USDJPY=X,0.0002387044437245077
2026-05-22,USDJPY=X,0.00030117309750955475
2026-05-25,USDJPY=X,0.0001663062737098857
2026-05-26,USDJPY=X,0.00025755920701665857
2026-05-27,USDJPY=X,0.00024207008077908366
2026-05-28,USDJPY=X,0.00014581581531423137
2026-05-29,USDJPY=X,0.00024394336760648152
2026-06-01,USDJPY=X,-0.0001248600412404363
2026-06-02,USDJPY=X,0.00026168702749621156
2026-06-03,USDJPY=X,-1.402628788285163e-05
2026-06-04,USDJPY=X,0.00022579209047762035
2026-06-05,USDJPY=X,0.0002890157213874965
2026-06-08,USDJPY=X,3.446342743862839e-05
2026-06-09,USDJPY=X,5.99763234980516e-06
2026-06-10,USDJPY=X,0.00022489102709922208
2026-06-11,USDJPY=X,0.0002481948373265185
2026-06-12,USDJPY=X,0.00035007610293187895
2026-06-15,USDJPY=X,4.584416462433785e-05
2026-06-16,USDJPY=X,0.00042885701200172057
2026-06-17,USDJPY=X,0.00034435389125225113
2026-06-18,USDJPY=X,0.0002836866131254651
2026-06-19,USDJPY=X,0.00017613944790656567
2026-06-22,USDJPY=X,0.00010335606143367708
2026-06-23,USDJPY=X,0.00012653820660625268
2026-06-24,USDJPY=X,0.0003480785725208072
2026-06-25,USDJPY=X,0.00013165619968242602
2026-06-26,USDJPY=X,0.00033806767734773145
2026-06-29,USDJPY=X,8.001357758040879e-05
2026-06-30,USDJPY=X,9.976071884372888e-05
2026-07-01,USDJPY=X,0.00023949288899805204
2026-07-02,USDJPY=X,0.0002903088873852732
2026-07-03,USDJPY=X,0.0003345925901629838
2026-07-06,USDJPY=X,6.112487972646062e-05
2026-07-07,USDJPY=X,0.00015366428210927797
2026-07-08,USDJPY=X,0.00012315382173185338
2026-07-09,USDJPY=X,2.980939035943008e-05
2026-07-10,USDJPY=X,3.715842209240485e-05
2026-07-13,USDJPY=X,5.0151678213651114e-05
2026-07-14,USDJPY=X,0.0002588695659842625
2026-07-15,USDJPY=X,0.0002500326829641029
2026-07-16,USDJPY=X,0.0004114649680631954
2026-07-17,USDJPY=X,0.0002230525188004082
2026-07-20,USDJPY=X,0.00016420139625887198
2026-07-21,USDJPY=X,0.00028528112361639286
2026-07-22,USDJPY=X,0.00029474863841596875
2026-07-23,USDJPY=X,0.00020912216202955268
2026-07-24,USDJPY=X,0.00043205168865259613
2026-07-27,USDJPY=X,0.00038558130643877384
2026-07-28,USDJPY=X,0.0002408952921317122
2026-07-29,USDJPY=X,0.0001364239545878719
2026-07-30,USDJPY=X,0.00016137146065802537
2026-05-01,GBPUSD=X,0.0002095562849879157
2026-05-04,GBPUSD=X,0.0002564215730054211
2026-05-05,GBPUSD=X,4.07194238712946e-05
2026-05-06,GBPUSD=X,0.0002966339017246812
2026-05-07,GBPUSD=X,8.279372926087626e-05
2026-05-08,GBPUSD=X,0.00021274446142446828
2026-05-11,GBPUSD=X,-5.640505431539372e-05
2026-05-12,GBPUSD=X,-0.0003245414735039616
2026-05-13,GBPUSD=X,0.00038599614896447297
2026-05-14,GBPUSD=X,5.308666275876118e-05
2026-05-15,GBPUSD=X,0.00042082519214572256
2026-05-18,GBPUSD=X,0.00023047793033623514
2026-05-19,GBPUSD=X,0.0003432629103556838
2026-05-20,GBPUSD=X,-4.520529639785818e-05
2026-05-21,GBPUSD=X,-0.0002243499945301805
2026-05-22,GBPUSD=X,0.00041566218692610396
2026-05-25,GBPUSD=X,0.00017730613043107193
2026-05-26,GBPUSD=X,0.0003449178204389098
2026-05-27,GBPUSD=X,0.0001897347588718859
2026-05-28,GBPUSD=X,0.0005806372106985707
2026-05-29,GBPUSD=X,0.0003380906778088138
2026-06-01,GBPUSD=X,0.0002886386805657385
2026-06-02,GBPUSD=X,0.00025143379384575575
2026-06-03,GBPUSD=X,0.00044393298549247627
2026-06-04,GBPUSD=X,9.92430449167834e-05
2026-06-05,GBPUSD=X,0.00025582523441095196
2026-06-08,GBPUSD=X,0.0008269553438520116
2026-06-09,GBPUSD=X,0.0002009345636391326
2026-06-10,GBPUSD=X,0.0004187012732473089
2026-06-11,GBPUSD=X,0.00022816470447962318
2026-06-12,GBPUSD=X,-7.703841642310633e-05
2026-06-15,GBPUSD=X,0.00038457671286038967
2026-06-16,GBPUSD=X,-0.00016289767006430242
2026-06-17,GBPUSD=X,-0.00018109227391960973
2026-06-18,GBPUSD=X,0.0004481423318383355
2026-06-19,GBPUSD=X,0.0005142561578606769
2026-06-22,GBPUSD=X,0.0006655652473628573
2026-06-23,GBPUSD=X,0.0005692927924989862
2026-06-24,GBPUSD=X,0.00047897342613009627
2026-06-25,GBPUSD=X,0.0004160898799393684
2026-06-26,GBPUSD=X,0.0006195787775454802
2026-06-29,GBPUSD=X,0.000540912235787076
2026-06-30,GBPUSD=X,0.0006605950554994191
2026-07-01,GBPUSD=X,0.000494813256050599
2026-07-02,GBPUSD=X,0.0008057300032002512
2026-07-03,GBPUSD=X,-2.341604903006274e-05
2026-07-06,GBPUSD=X,-0.00021765353908402026
2026-07-07,GBPUSD=X,0.00025516095514370603
2026-07-08,GBPUSD=X,0.00019987551577788337
2026-07-09,GBPUSD=X,0.0003315775581137997
2026-07-10,GBPUSD=X,0.00036854255124566193
2026-07-13,GBPUSD=X,0.00017815949177680824
2026-07-14,GBPUSD=X,0.00032111885973316656
2026-07-15,GBPUSD=X,-3.925562331767633e-05
2026-07-16,GBPUSD=X,-0.0002938215442453879
2026-07-17,GBPUSD=X,0.0002578505040809105
2026-07-20,GBPUSD=X,0.00019436049173436617
2026-07-21,GBPUSD=X,-0.00015719492801769276
2026-07-22,GBPUSD=X,-8.994932128259057e-05
2026-07-23,GBPUSD=X,0.0003171599487659068
2026-07-24,GBPUSD=X,-4.034627328459483e-05
2026-07-27,GBPUSD=X,0.0001428984271345616
2026-07-28,GBPUSD=X,0.0003539171942208761
2026-07-29,GBPUSD=X,0.0001245450672851232
2026-07-30,GBPUSD=X,0.00015215507263088325
2026-05-05,GC=F,-6.723907213616011e-05
2026-05-06,GC=F,-2.1862520126431157e-05
2026-05-07,GC=F,6.295738062970825e-05
2026-05-08,GC=F,-6.106556062790368e-06
2026-05-11,GC=F,3.217861485720467e-05
2026-05-12,GC=F,2.7473317353927946e-05
2026-05-13,GC=F,0.00011829862609205676
2026-05-14,GC=F,8.974673382500868e-05
2026-05-15,GC=F,2.855323015372185e-05
2026-05-18,GC=F,4.2478504160056336e-05
2026-05-19,GC=F,7.831474444228261e-05
2026-05-20,GC=F,0.00011710838619482883
2026-05-21,GC=F,5.0765320842503044e-05
2026-05-22,GC=F,2.9830030007519487e-05
2026-05-26,GC=F,-2.547528446493255e-05
2026-05-27,GC=F,1.8977324639465532e-05
2026-05-28,GC=F,8.84499428917542e-05
2026-05-29,GC=F,-3.101976354164376e-06
2026-06-01,GC=F,4.361169048056624e-05
2026-06-02,GC=F,4.529310695784618e-05
2026-06-03,GC=F,5.4333867087026857e-05
2026-06-04,GC=F,4.7010161874248224e-05
2026-06-05,GC=F,6.292842970477852e-05
2026-06-08,GC=F,7.545417993984041e-05
2026-06-09,GC=F,7.710907890072318e-05
2026-06-10,GC=F,0.00034087628248032813
2026-06-11,GC=F,4.2344572074228666e-05
2026-06-12,GC=F,5.57493995861804e-05
2026-06-15,GC=F,-3.0449060725467934e-05
2026-06-16,GC=F,2.775250572877538e-05
2026-06-17,GC=F,0.00042639870085182225
2026-06-18,GC=F,0.00020322617159877594
2026-06-22,GC=F,5.339838354392374e-05
2026-06-23,GC=F,0.00016401087895869115
2026-06-24,GC=F,0.00022168120851123643
2026-06-25,GC=F,0.0001832571515894469
2026-06-26,GC=F,4.7269460672899666e-05
2026-06-29,GC=F,-1.2063335742700813e-05
2026-06-30,GC=F,8.072440257728186e-05
2026-07-01,GC=F,3.566142659612673e-05
2026-07-02,GC=F,0.0002432029176485214
2026-07-06,GC=F,7.87321745495186e-05
2026-07-07,GC=F,8.256742856766996e-05
2026-07-08,GC=F,9.983961961278594e-05
2026-07-09,GC=F,6.440851178816951e-05
2026-07-10,GC=F,1.7212724775307144e-05
2026-07-13,GC=F,5.7319342636661554e-05
2026-07-14,GC=F,0.00012065810241916176
2026-07-15,GC=F,2.7255383239048642e-05
2026-07-16,GC=F,9.939651045363335e-05
2026-07-17,GC=F,0.00010450617349509014
2026-07-20,GC=F,-3.73701035008085e-05
2026-07-21,GC=F,-5.647181372734672e-06
2026-07-22,GC=F,-6.144288208041236e-05
2026-07-23,GC=F,2.262055944579787e-05
2026-07-24,GC=F,7.974625036887218e-05
2026-07-27,GC=F,8.337954744457761e-05
2026-07-28,GC=F,8.084865454469474e-05
2026-07-29,GC=F,5.26656233067739e-05
2026-07-30,GC=F,0.00013677888352059422
2026-05-05,IWM,0.00011394084191369113
2026-05-06,IWM,1.259748657537736e-05
2026-05-07,IWM,-1.8094386945879845e-05
2026-05-08,IWM,-0.0001657843215424625
2026-05-11,IWM,0.00010913730057682796
2026-05-12,IWM,7.128127459945491e-05
2026-05-13,IWM,0.0001830245089188304
2026-05-14,IWM,9.901557165505835e-05
2026-05-15,IWM,1.1713695822165111e-05
2026-05-18,IWM,5.669384160877409e-05
2026-05-19,IWM,0.0001476812003097274
2026-05-20,IWM,0.0001359568651624763
2026-05-21,IWM,7.830723870144904e-05
2026-05-22,IWM,5.3858353980450087e-05
2026-05-26,IWM,-2.2162704673403016e-05
2026-05-27,IWM,-6.946290197749066e-06
2026-05-28,IWM,0.00013024028916837596
2026-05-29,IWM,0.00015963253258279155
2026-06-01,IWM,0.00011486943810932298
2026-06-02,IWM,0.00020020551175131427
2026-06-03,IWM,8.142515649104319e-05
2026-06-04,IWM,-2.6838205682042334e-05
2026-06-05,IWM,0.0001280878659431095
2026-06-08,IWM,0.00020555368145789128
2026-06-09,IWM,5.9338740238005875e-05
2026-06-10,IWM,-4.774502084790827e-05
2026-06-11,IWM,9.991965869935192e-05
2026-06-12,IWM,7.507202237596343e-05
2026-06-15,IWM,-3.5303004036922925e-07
2026-06-16,IWM,1.6016668436575314e-05
2026-06-17,IWM,8.921673126011552e-05
2026-06-18,IWM,0.00023327931584351432
2026-06-22,IWM,-2.941438906963549e-05
2026-06-23,IWM,0.0001120268677898301
2026-06-24,IWM,9.292055380758372e-05
2026-06-25,IWM,0.00016460464449780224
2026-06-26,IWM,-1.1851635694461265e-06
2026-06-29,IWM,5.5085722251232886e-05
2026-06-30,IWM,6.839124056840709e-05
2026-07-01,IWM,-0.00011832017322197369
2026-07-02,IWM,0.00014788926990386353
2026-07-06,IWM,6.485327638086109e-05
2026-07-07,IWM,5.928901823329362e-05
2026-07-08,IWM,0.00012248205435831165
2026-07-09,IWM,-6.597866490514487e-05
2026-07-10,IWM,0.0001005349736996658
2026-07-13,IWM,0.00012218344242921947
2026-07-14,IWM,5.9666871950274626e-05
2026-07-15,IWM,-4.3684922449260074e-05
2026-07-16,IWM,-9.515728460905718e-05
2026-07-17,IWM,0.00012643589348212085
2026-07-20,IWM,3.805729913627347e-07
2026-07-21,IWM,-1.0939020250119842e-05
2026-07-22,IWM,0.00012938696035699293
2026-07-23,IWM,1.9523632407857092e-05
2026-07-24,IWM,8.945035027501802e-05
2026-07-27,IWM,0.00018740427788822625
2026-07-28,IWM,8.680971425880586e-05
2026-07-29,IWM,2.1431142485868558e-05
2026-07-30,IWM,-1.7449468679787534e-05
2026-05-08,HDFCBANK.NS,0.0019573877806370746
2026-05-11,HDFCBANK.NS,-4.969837625350139e-05
2026-05-12,HDFCBANK.NS,0.00010178609838259404
2026-05-13,HDFCBANK.NS,-0.0003737531188991528
2026-05-14,HDFCBANK.NS,-2.030851734337991e-05
2026-05-15,HDFCBANK.NS,-6.0023349938269925e-06
2026-05-18,HDFCBANK.NS,-8.972480403428006e-05
2026-05-19,HDFCBANK.NS,-0.0008498438408609227
2026-05-20,HDFCBANK.NS,-9.298392672507849e-05
2026-05-21,HDFCBANK.NS,-0.00029005862282385585
2026-05-22,HDFCBANK.NS,9.269704614099604e-05
2026-05-25,HDFCBANK.NS,-5.511940391429902e-05
2026-05-26,HDFCBANK.NS,-0.00010081101078377349
2026-05-27,HDFCBANK.NS,-0.00024307330047619366
2026-05-28,HDFCBANK.NS,-0.0001374177367788869
2026-05-29,HDFCBANK.NS,0.00017117603562816387
2026-06-01,HDFCBANK.NS,0.000571444092924083
2026-06-02,HDFCBANK.NS,-0.00011798265456723028
2026-06-03,HDFCBANK.NS,-0.0002445385613706771
2026-06-04,HDFCBANK.NS,-9.223225918661617e-05
2026-06-05,HDFCBANK.NS,-0.000355539147097861
2026-06-08,HDFCBANK.NS,0.0003721315698807866
2026-06-09,HDFCBANK.NS,-8.34395445500204e-05
2026-06-10,HDFCBANK.NS,0.00020715707270114604
2026-06-11,HDFCBANK.NS,0.0007087293063327063
2026-06-12,HDFCBANK.NS,0.00017161581670433186
2026-06-15,HDFCBANK.NS,9.298714755121096e-05
2026-06-16,HDFCBANK.NS,2.4426633634589316e-05
2026-06-17,HDFCBANK.NS,0.0002559745898865981
2026-06-18,HDFCBANK.NS,0.00036602495508284653
2026-06-19,HDFCBANK.NS,0.000429057288589634
2026-06-22,HDFCBANK.NS,0.0003457200037816352
2026-06-23,HDFCBANK.NS,0.0002969880588492341
2026-06-24,HDFCBANK.NS,0.00019596670340935068
2026-06-25,HDFCBANK.NS,0.0034794122950502046
2026-06-26,HDFCBANK.NS,0.0008040453223492461
2026-06-29,HDFCBANK.NS,0.00036770113448658084
2026-06-30,HDFCBANK.NS,0.00043013881021381053
2026-07-01,HDFCBANK.NS,0.00012666540776970007
2026-07-02,HDFCBANK.NS,6.707777863800433e-05
2026-07-03,HDFCBANK.NS,3.797909619180166e-05
2026-07-06,HDFCBANK.NS,6.593629463443416e-05
2026-07-07,HDFCBANK.NS,-0.0001805144685009777
2026-07-08,HDFCBANK.NS,3.939585770988071e-06
2026-07-09,HDFCBANK.NS,0.00010140079812287303
2026-07-10,HDFCBANK.NS,7.447489733154339e-05
2026-07-13,HDFCBANK.NS,-1.8456629912733188e-05
2026-07-14,HDFCBANK.NS,-0.00012282105173211055
2026-07-15,HDFCBANK.NS,-3.924224800319058e-06
2026-07-16,HDFCBANK.NS,-8.002449435276401e-05
2026-07-17,HDFCBANK.NS,3.850211565185166e-05
2026-07-20,HDFCBANK.NS,-0.00011300888330509405
2026-07-21,HDFCBANK.NS,-2.713212362121407e-06
2026-07-22,HDFCBANK.NS,-6.034814828427749e-05
2026-07-23,HDFCBANK.NS,-0.00012205818387170988
2026-07-24,HDFCBANK.NS,7.876706315393855e-05
2026-07-27,HDFCBANK.NS,4.391128368314781e-05
2026-07-28,HDFCBANK.NS,0.00012719949422147254
2026-07-29,HDFCBANK.NS,-1.8211975383207385e-05
2026-07-30,HDFCBANK.NS,3.9802065555644136e-07
2026-05-01,EURUSD=X,7.545293907854295e-05
2026-05-04,EURUSD=X,0.00025270078416887254
2026-05-05,EURUSD=X,0.0001363467182861373
2026-05-06,EURUSD=X,-6.645780464101384e-05
2026-05-07,EURUSD=X,0.00028187933771245096
2026-05-08,EURUSD=X,0.00025019312712993967
2026-05-11,EURUSD=X,0.00010242681128546613
2026-05-12,EURUSD=X,-0.00015851932776515546
2026-05-13,EURUSD=X,0.0002972542439933027
2026-05-14,EURUSD=X,0.0001519479057443922
2026-05-15,EURUSD=X,-1.3481315988722935e-06
2026-05-18,EURUSD=X,0.0002427442139997979
2026-05-19,EURUSD=X,0.00048531470565744473
2026-05-20,EURUSD=X,0.0004443657102104314
2026-05-21,EURUSD=X,-0.00029293183480872515
2026-05-22,EURUSD=X,0.00023056411093396898
2026-05-25,EURUSD=X,0.00036437055387965865
2026-05-26,EURUSD=X,0.0005676643272466398
2026-05-27,EURUSD=X,0.0005717359530616106
2026-05-28,EURUSD=X,0.0006079466164132539
2026-05-29,EURUSD=X,0.0005337134139430866
2026-06-01,EURUSD=X,0.0004215863181243228
2026-06-02,EURUSD=X,0.00022814686145212814
2026-06-03,EURUSD=X,0.0006345924047906615
2026-06-04,EURUSD=X,0.0007971615545899061
2026-06-05,EURUSD=X,0.0002553609963037587
2026-06-08,EURUSD=X,0.0009707487355219309
2026-06-09,EURUSD=X,0.00036498101939526025
2026-06-10,EURUSD=X,0.0003372819697706311
2026-06-11,EURUSD=X,0.0005007879428644754
2026-06-12,EURUSD=X,0.0001917286897473151
2026-06-15,EURUSD=X,0.0004294408201244362
2026-06-16,EURUSD=X,0.00017190434678429343
2026-06-17,EURUSD=X,5.1053402128012815e-05
2026-06-18,EURUSD=X,0.0004315184497758233
2026-06-19,EURUSD=X,0.0008307735960903131
2026-06-22,EURUSD=X,0.0007243299891910567
2026-06-23,EURUSD=X,0.0008479476241412535
2026-06-24,EURUSD=X,0.000381642723980341
2026-06-25,EURUSD=X,0.0007773507036125753
2026-06-26,EURUSD=X,0.0004577256721717684
2026-06-29,EURUSD=X,0.0003382083096434352
2026-06-30,EURUSD=X,0.00045626529423826035
2026-07-01,EURUSD=X,0.0007287929841414546
2026-07-02,EURUSD=X,0.0006339688461820057
2026-07-03,EURUSD=X,1.7223782330974784e-05
2026-07-06,EURUSD=X,-0.0004755748487604255
2026-07-07,EURUSD=X,0.0004417150939457224
2026-07-08,EURUSD=X,0.00033983016741828345
2026-07-09,EURUSD=X,0.000300950626647785
2026-07-10,EURUSD=X,0.0002999324064838872
2026-07-13,EURUSD=X,0.000607608751478538
2026-07-14,EURUSD=X,0.00046005690284013943
2026-07-15,EURUSD=X,3.0083877094611404e-05
2026-07-16,EURUSD=X,0.00026819883110878074
2026-07-17,EURUSD=X,0.00035374396245882293
2026-07-20,EURUSD=X,-0.00016442406030352615
2026-07-21,EURUSD=X,-0.00019533883544410247
2026-07-22,EURUSD=X,-0.00012373666032456605
2026-07-23,EURUSD=X,0.00034617917407260584
2026-07-24,EURUSD=X,1.963448180868676e-05
2026-07-27,EURUSD=X,0.00021752965009715853
2026-07-28,EURUSD=X,0.0004558240450870511
2026-07-29,EURUSD=X,0.00015814313732895568
2026-07-30,EURUSD=X,0.0002475793920145248
2026-05-05,NVDA,0.00012356065112613
2026-05-06,NVDA,-0.0001459616917405444
2026-05-07,NVDA,9.196520209122328e-05
2026-05-08,NVDA,-8.266446249208184e-05
2026-05-11,NVDA,3.12257805997516e-05
2026-05-12,NVDA,0.00016672953003644988
2026-05-13,NVDA,0.00018061598348854445
2026-05-14,NVDA,2.6923771189805618e-05
2026-05-15,NVDA,5.709498544781325e-05
2026-05-18,NVDA,7.922635165512938e-06
2026-05-19,NVDA,8.768454774973047e-05
2026-05-20,NVDA,-1.5206754592069024e-05
2026-05-21,NVDA,6.110265609305132e-05
2026-05-22,NVDA,9.409539909061638e-05
2026-05-26,NVDA,4.569265989223669e-05
2026-05-27,NVDA,5.962570869015225e-05
2026-05-28,NVDA,-5.636919662958868e-06
2026-05-29,NVDA,6.126560337788325e-05
2026-06-01,NVDA,-6.053608760309513e-06
2026-06-02,NVDA,1.8346337086097767e-05
2026-06-03,NVDA,7.229371120973097e-05
2026-06-04,NVDA,6.06292840019832e-05
2026-06-05,NVDA,7.166808362390785e-05
2026-06-08,NVDA,0.00010459387673718885
2026-06-09,NVDA,0.00010307328639238346
2026-06-10,NVDA,9.06955953531719e-05
2026-06-11,NVDA,3.344814151582781e-05
2026-06-12,NVDA,-4.615345310222742e-05
2026-06-15,NVDA,7.971355740333166e-06
2026-06-16,NVDA,8.331462810704092e-05
2026-06-17,NVDA,5.888088225513814e-05
2026-06-18,NVDA,8.747824216103715e-05
2026-06-22,NVDA,8.763763440733231e-06
2026-06-23,NVDA,9.083007845545815e-05
2026-06-24,NVDA,3.668961750841883e-05
2026-06-25,NVDA,0.0001184664585968902
2026-06-26,NVDA,5.574038111195352e-05
2026-06-29,NVDA,7.562106240887879e-05
2026-06-30,NVDA,8.651721933627295e-05
2026-07-01,NVDA,1.938100390971603e-05
2026-07-02,NVDA,0.00014328491009641043
2026-07-06,NVDA,1.784181732627299e-05
2026-07-07,NVDA,8.46574239784029e-05
2026-07-08,NVDA,6.501272873944485e-05
2026-07-09,NVDA,-5.765319225111212e-06
2026-07-10,NVDA,5.7986112145454236e-05
2026-07-13,NVDA,3.9273493102892206e-05
2026-07-14,NVDA,2.6444491978900394e-05
2026-07-15,NVDA,8.417331523074893e-06
2026-07-16,NVDA,-8.973543827743589e-05
2026-07-17,NVDA,9.420376043118321e-05
2026-07-20,NVDA,2.9747594650259235e-05
2026-07-21,NVDA,7.596966364538786e-06
2026-07-22,NVDA,7.748694364637638e-05
2026-07-23,NVDA,1.1033883935755219e-06
2026-07-24,NVDA,-3.0550365131708516e-05
2026-07-27,NVDA,-1.1181862659328477e-05
2026-07-28,NVDA,1.862508329692693e-05
2026-07-29,NVDA,-1.3069119206493417e-05
2026-07-30,NVDA,1.5786594669428904e-05
2026-05-05,META,-3.408346105051985e-05
2026-05-06,META,3.425120713546263e-05
2026-05-07,META,2.6544286305113032e-05
2026-05-08,META,1.984954147882112e-05
2026-05-11,META,2.0833476204915045e-05
2026-05-12,META,8.59001360642576e-05
2026-05-13,META,0.00015140808167603425
2026-05-14,META,6.725605720545079e-05
2026-05-15,META,-4.3866723461792775e-05
2026-05-18,META,-1.809468155766902e-06
2026-05-19,META,5.0651215175759934e-05
2026-05-20,META,5.4547284883813417e-05
2026-05-21,META,5.424632026497937e-05
2026-05-22,META,3.4862488705883784e-05
2026-05-26,META,4.726841541090679e-05
2026-05-27,META,9.818001702889874e-05
2026-05-28,META,-3.737074816905652e-05
2026-05-29,META,-0.00023648913288075218
2026-06-01,META,-1.2331340164651553e-05
2026-06-02,META,-1.5533169305311895e-05
2026-06-03,META,4.5767314430045244e-05
2026-06-04,META,2.5834368675317753e-05
2026-06-05,META,-5.329345214793149e-05
2026-06-08,META,-8.03807356647289e-06
2026-06-09,META,5.0298731702915175e-05
2026-06-10,META,0.00013310868794974836
2026-06-11,META,0.00012039669158757612
2026-06-12,META,0.00013612701768369635
2026-06-15,META,7.923830336273711e-05
2026-06-16,META,0.00012461961906855696
2026-06-17,META,5.0179941031840025e-05
2026-06-18,META,0.0003886082584818513
2026-06-22,META,8.501663760072957e-05
2026-06-23,META,0.00024110886846716848
2026-06-24,META,0.00013316455580606438
2026-06-25,META,-5.952629889485891e-05
2026-06-26,META,0.00012889151431212317
2026-06-29,META,4.7613584549851245e-05
2026-06-30,META,7.695484150488964e-05
2026-07-01,META,5.980144642363731e-05
2026-07-02,META,0.00012708710536445366
2026-07-06,META,8.701384583720498e-07
2026-07-07,META,-5.859728903710431e-06
2026-07-08,META,-0.0003017612653766187
2026-07-09,META,-5.6782188039251e-05
2026-07-10,META,3.885500927652841e-05
2026-07-13,META,0.0001944366463416065
2026-07-14,META,0.0003731015123344723
2026-07-15,META,6.752032808753887e-05
2026-07-16,META,-1.5145282906472134e-05
2026-07-17,META,0.00010858337442059857
2026-07-20,META,8.376068878315125e-05
2026-07-21,META,-3.304069665863295e-05
2026-07-22,META,0.00012123580778177016
2026-07-23,META,0.00011190841114117509
2026-07-24,META,-7.252280150550642e-06
2026-07-27,META,0.00010291170964411325
2026-07-28,META,0.0001265420559083728
2026-07-29,META,0.00011290807133147115
2026-07-30,META,3.0982699127785025e-05
2026-05-01,USDINR=X,0.0002756216040742297
2026-05-04,USDINR=X,0.0005043405968388878
2026-05-05,USDINR=X,0.00019719952099498482
2026-05-06,USDINR=X,0.0002852144234954771
2026-05-07,USDINR=X,0.0006471945453393604
2026-05-08,USDINR=X,-2.9991533940563778e-05
2026-05-11,USDINR=X,0.0002506602748185827
2026-05-12,USDINR=X,0.0009337194080098559
2026-05-13,USDINR=X,0.0001284150638773001
2026-05-14,USDINR=X,-0.00022908150734686071
2026-05-15,USDINR=X,-0.00013595679668356838
2026-05-18,USDINR=X,9.749146587173873e-05
2026-05-19,USDINR=X,3.4144443219775176e-05
2026-05-20,USDINR=X,0.00011713303783512601
2026-05-21,USDINR=X,-0.0021216401211238034
2026-05-22,USDINR=X,0.00029134890842671707
2026-05-25,USDINR=X,0.0003253104827716129
2026-05-26,USDINR=X,0.0003269455970345537
2026-05-27,USDINR=X,5.0937781359892366e-05
2026-05-28,USDINR=X,5.5242468588850445e-05
2026-05-29,USDINR=X,0.00015852279418277792
2026-06-01,USDINR=X,-2.5070721237697568e-05
2026-06-02,USDINR=X,0.00023530421566212673
2026-06-03,USDINR=X,1.3358969012433141e-05
2026-06-04,USDINR=X,1.4743145101173604e-05
2026-06-05,USDINR=X,-3.069128567502741e-05
2026-06-08,USDINR=X,-0.0004976145378187282
2026-06-09,USDINR=X,0.0002517777149467333
2026-06-10,USDINR=X,0.0001224754699067691
2026-06-11,USDINR=X,0.00010321841620236366
2026-06-12,USDINR=X,4.702968334496891e-05
2026-06-15,USDINR=X,0.00012538458365332245
2026-06-16,USDINR=X,-1.6245706865201136e-05
2026-06-17,USDINR=X,0.0002627031377932728
2026-06-18,USDINR=X,-0.0004745354875806443
2026-06-19,USDINR=X,0.0002352717872455189
2026-06-22,USDINR=X,-0.0008096296976478786
2026-06-23,USDINR=X,9.346917870016466e-05
2026-06-24,USDINR=X,0.00020215296614112957
2026-06-25,USDINR=X,0.0003824446177149118
2026-06-26,USDINR=X,-0.0001667904181214397
2026-06-29,USDINR=X,7.298030880896112e-05
2026-06-30,USDINR=X,4.881048636468901e-05
2026-07-01,USDINR=X,3.8849047845625465e-05
2026-07-02,USDINR=X,7.799756417180237e-05
2026-07-03,USDINR=X,0.00012656358515170614
2026-07-06,USDINR=X,0.0001322751446428742
2026-07-07,USDINR=X,-0.00013573727041648557
2026-07-08,USDINR=X,0.0005042065502977176
2026-07-09,USDINR=X,-0.0005360089770435468
2026-07-10,USDINR=X,9.413945327925593e-05
2026-07-13,USDINR=X,-1.712190456417949e-05
2026-07-14,USDINR=X,0.00038715029500597804
2026-07-15,USDINR=X,0.00022157865142655316
2026-07-16,USDINR=X,0.00034828786547069454
2026-07-17,USDINR=X,0.0003424120826140307
2026-07-20,USDINR=X,0.0001477257732403196
2026-07-21,USDINR=X,0.0002878292172286999
2026-07-22,USDINR=X,-0.00016289176258727582
2026-07-23,USDINR=X,9.589398256493772e-05
2026-07-24,USDINR=X,0.00016184390119742878
2026-07-27,USDINR=X,0.00014622733347345533
2026-07-28,USDINR=X,-0.00032689096444951605
2026-07-29,USDINR=X,0.00018716536793124872
2026-07-30,USDINR=X,0.00024250264734096958
2026-05-05,EEM,0.00015073618311175598
2026-05-06,EEM,5.703005617430572e-05
2026-05-07,EEM,5.136348531924653e-05
2026-05-08,EEM,-3.692537594430453e-05
2026-05-11,EEM,7.270440691545476e-05
2026-05-12,EEM,4.296062159725857e-05
2026-05-13,EEM,8.748256056698049e-05
2026-05-14,EEM,5.520614082595168e-05
2026-05-15,EEM,-2.6133866070034437e-05
2026-05-18,EEM,-0.00014180047217494257
2026-05-19,EEM,0.00011706828934884627
2026-05-20,EEM,0.00012070102859049969
2026-05-21,EEM,0.00010011579701528263
2026-05-22,EEM,3.656717591928004e-05
2026-05-26,EEM,-2.9237792057384003e-05
2026-05-27,EEM,6.538042881459779e-05
2026-05-28,EEM,7.41550098168251e-05
2026-05-29,EEM,0.0001510549360364527
2026-06-01,EEM,0.00017340426332870614
2026-06-02,EEM,9.250017766173996e-05
2026-06-03,EEM,5.6358095894386634e-05
2026-06-04,EEM,5.782717161475722e-05
2026-06-05,EEM,0.00010471433287500173
2026-06-08,EEM,0.0004666644229876072
2026-06-09,EEM,1.3570670074985347e-05
2026-06-10,EEM,6.978280594870071e-05
2026-06-11,EEM,0.00012294765741868068
2026-06-12,EEM,-3.984667292098557e-05
2026-06-15,EEM,0.00035581625400478233
2026-06-16,EEM,6.292047981882997e-05
2026-06-17,EEM,0.00042747271196420247
2026-06-18,EEM,0.00029535644128037263
2026-06-22,EEM,1.9622679605557983e-05
2026-06-23,EEM,4.8801780907693655e-05
2026-06-24,EEM,2.5608560600808216e-05
2026-06-25,EEM,0.00016219455565250317
2026-06-26,EEM,0.0002170597694805163
2026-06-29,EEM,4.560293786906363e-05
2026-06-30,EEM,0.00012496098336683801
2026-07-01,EEM,-4.767774004934406e-05
2026-07-02,EEM,-0.00010256267439069377
2026-07-06,EEM,-5.92486883794357e-05
2026-07-07,EEM,0.00016111133239497547
2026-07-08,EEM,3.094180253346925e-05
2026-07-09,EEM,-5.686309747087769e-05
2026-07-10,EEM,2.252019781316359e-05
2026-07-13,EEM,0.0001092760826674717
2026-07-14,EEM,9.038211397718963e-05
2026-07-15,EEM,1.6739551388566465e-05
2026-07-16,EEM,1.9401515334058822e-05
2026-07-17,EEM,0.00012112857647294941
2026-07-20,EEM,6.545381424022669e-05
2026-07-21,EEM,-4.215518599348915e-05
2026-07-22,EEM,6.758808995978602e-05
2026-07-23,EEM,3.8046285954216077e-06
2026-07-24,EEM,-9.823909090195826e-07
2026-07-27,EEM,0.00011620620183888369
2026-07-28,EEM,0.00011101594979946784
2026-07-29,EEM,-4.578554141091308e-06
2026-07-30,EEM,-1.2142555810415035e-05
2026-05-05,AMZN,0.000213037358970861
2026-05-06,AMZN,8.199208110162659e-05
2026-05-07,AMZN,0.00023052613372757152
2026-05-08,AMZN,-0.00039053722858781555
2026-05-11,AMZN,0.0003288499022764427
2026-05-12,AMZN,-0.0008031840572535979
2026-05-13,AMZN,-9.116376904392443e-05
2026-05-14,AMZN,-0.00030652896155582073
2026-05-15,AMZN,7.608049273350393e-05
2026-05-18,AMZN,0.0006274520974770053
2026-05-19,AMZN,0.0005867289174897851
2026-05-20,AMZN,0.0004563648514549349
2026-05-21,AMZN,0.0004097702816742757
2026-05-22,AMZN,0.0005469240604583335
2026-05-26,AMZN,0.0005850956617645645
2026-05-27,AMZN,0.00014816115608311543
2026-05-28,AMZN,9.660881631070766e-05
2026-05-29,AMZN,8.56757166004119e-05
2026-06-01,AMZN,0.0002166541460864045
2026-06-02,AMZN,5.20102182111218e-05
2026-06-03,AMZN,-6.096345800820059e-05
2026-06-04,AMZN,5.457996178466303e-06
2026-06-05,AMZN,0.0005204345972514538
2026-06-08,AMZN,2.73401857995725e-05
2026-06-09,AMZN,1.9566872648172373e-05
2026-06-10,AMZN,-6.361365562959227e-05
2026-06-11,AMZN,7.017591747057692e-06
2026-06-12,AMZN,0.0006821613654427182
2026-06-15,AMZN,7.297628521581258e-05
2026-06-16,AMZN,0.0002876264966158402
2026-06-17,AMZN,-8.757700416294135e-05
2026-06-18,AMZN,4.569366234774068e-05
2026-06-22,AMZN,-4.710399284404558e-05
2026-06-23,AMZN,4.815289178774733e-05
2026-06-24,AMZN,8.259243027521052e-05
2026-06-25,AMZN,0.00013385694635143164
2026-06-26,AMZN,6.113396421866532e-05
2026-06-29,AMZN,-8.435437514786592e-05
2026-06-30,AMZN,-5.4104063983357094e-05
2026-07-01,AMZN,0.00018490238347863575
2026-07-02,AMZN,0.0002841578669829957
2026-07-06,AMZN,0.0002399811385429105
2026-07-07,AMZN,-3.8132071250105334e-06
2026-07-08,AMZN,2.316148938168236e-05
2026-07-09,AMZN,-3.782287964676591e-05
2026-07-10,AMZN,-0.0001330651596344483
2026-07-13,AMZN,5.4488293415952326e-05
2026-07-14,AMZN,9.815035802231744e-05
2026-07-15,AMZN,4.85615612220589e-05
2026-07-16,AMZN,4.7429774782184606e-05
2026-07-17,AMZN,-0.00031099406064560647
2026-07-20,AMZN,-0.0005266886491358216
2026-07-21,AMZN,-0.00034354955725762347
2026-07-22,AMZN,-0.00016489074042992226
2026-07-23,AMZN,-0.0003198498727609602
2026-07-24,AMZN,4.0279257462536274e-05
2026-07-27,AMZN,0.00019240723353840722
2026-07-28,AMZN,-5.2003148426813744e-05
2026-07-29,AMZN,0.00010199549027465169
2026-07-30,AMZN,0.00010366931661377673
2026-05-05,XOM,8.772891211166324e-06
2026-05-06,XOM,-0.0003083297524364303
2026-05-07,XOM,5.1662301486233535e-05
2026-05-08,XOM,0.00017083609158461273
2026-05-11,XOM,7.172492700860129e-05
2026-05-12,XOM,0.00032011418053109277
2026-05-13,XOM,0.0005405710421331157
2026-05-14,XOM,0.00027551854305828133
2026-05-15,XOM,0.00012575747474601173
2026-05-18,XOM,0.00047631533329467
2026-05-19,XOM,0.0012661798170782894
2026-05-20,XOM,0.00024109317303855
2026-05-21,XOM,0.00019023861584757489
2026-05-22,XOM,0.0005470737438210647
2026-05-26,XOM,0.000329542033379821
2026-05-27,XOM,-4.9861929821320385e-05
2026-05-28,XOM,-0.00014000379528860145
2026-05-29,XOM,-0.00012239684654133544
2026-06-01,XOM,0.00011030558303389769
2026-06-02,XOM,1.2375574584005818e-05
2026-06-03,XOM,8.287073498523149e-05
2026-06-04,XOM,0.00012503423325849943
2026-06-05,XOM,-0.00027349304255748486
2026-06-08,XOM,0.00017623145896561345
2026-06-09,XOM,-0.0001911023453878363
2026-06-10,XOM,-2.7040380343421565e-05
2026-06-11,XOM,0.0006888610720166399
2026-06-12,XOM,0.00041047806541374835
2026-06-15,XOM,0.0003062274261291581
2026-06-16,XOM,0.0010017743608040433
2026-06-17,XOM,0.00027686191855461973
2026-06-18,XOM,0.002119219919793905
2026-06-22,XOM,0.003049491556511684
2026-06-23,XOM,0.0019766756092366483
2026-06-24,XOM,0.0017343725783932223
2026-06-25,XOM,0.0015842892493648179
2026-06-26,XOM,0.001691076684714265
2026-06-29,XOM,0.0016995807890346202
2026-06-30,XOM,0.001623757144794424
2026-07-01,XOM,0.0009250745597518331
2026-07-02,XOM,6.950703386082728e-05
2026-07-06,XOM,2.9740419090396853e-05
2026-07-07,XOM,2.7282691504182868e-05
2026-07-08,XOM,6.102309173591947e-05
2026-07-09,XOM,0.00011360890319925142
2026-07-10,XOM,1.7268240320315204e-05
2026-07-13,XOM,6.264217368628851e-05
2026-07-14,XOM,4.3003922026631055e-06
2026-07-15,XOM,8.991853665575522e-05
2026-07-16,XOM,3.3806178253158735e-05
2026-07-17,XOM,0.0008887667724992268
2026-07-20,XOM,0.0014202577105889406
2026-07-21,XOM,0.0014129541790967636
2026-07-22,XOM,-1.4825121699960803e-05
2026-07-23,XOM,0.0003099532285297793
2026-07-24,XOM,-7.906118826404185e-06
2026-07-27,XOM,7.136400202650325e-05
2026-07-28,XOM,4.520720622246608e-05
2026-07-29,XOM,9.578155670896678e-05
2026-07-30,XOM,7.90599567180041e-05
2026-05-05,SPY,0.0003152088068868848
2026-05-06,SPY,-6.105965576285636e-05
2026-05-07,SPY,8.78708427650971e-06
2026-05-08,SPY,0.00011888161675064478
2026-05-11,SPY,-0.00016664848454738147
2026-05-12,SPY,0.0008366038081288708
2026-05-13,SPY,0.0007084784925725838
2026-05-14,SPY,0.0003086610895248729
2026-05-15,SPY,0.00024892208460746204
2026-05-18,SPY,0.0008214574682286542
2026-05-19,SPY,0.00023741418100796773
2026-05-20,SPY,9.124915727354191e-05
2026-05-21,SPY,0.00025751494495625
2026-05-22,SPY,0.0002019963827910818
2026-05-26,SPY,-4.620212536274185e-05
2026-05-27,SPY,9.14268409377708e-05
2026-05-28,SPY,0.00015969090056805842
2026-05-29,SPY,6.842930855500172e-05
2026-06-01,SPY,-0.00011771209597708326
2026-06-02,SPY,0.00015839570129669596
2026-06-03,SPY,0.00016007348871128197
2026-06-04,SPY,5.089513684850794e-05
2026-06-05,SPY,6.0085108492139526e-05
2026-06-08,SPY,0.000800872167117897
2026-06-09,SPY,0.0008131479661382184
2026-06-10,SPY,6.851401536228912e-05
2026-06-11,SPY,0.00010845918721690906
2026-06-12,SPY,5.415606720702337e-05
2026-06-15,SPY,0.00011976375666228805
2026-06-16,SPY,0.00018208458803647872
2026-06-17,SPY,0.0015689775023638287
2026-06-18,SPY,0.00015435968697027295
2026-06-22,SPY,-9.050127169558068e-06
2026-06-23,SPY,0.00021358523843065816
2026-06-24,SPY,0.0002175900328419773
2026-06-25,SPY,0.00028088537067642904
2026-06-26,SPY,0.0001412504659966827
2026-06-29,SPY,0.00015259265802033644
2026-06-30,SPY,-0.00015940762045172838
2026-07-01,SPY,-0.0007135385717217896
2026-07-02,SPY,0.00023502248951273424
2026-07-06,SPY,-9.876741605529105e-05
2026-07-07,SPY,7.124517477541904e-05
2026-07-08,SPY,3.18643087241901e-05
2026-07-09,SPY,-9.896843523457759e-05
2026-07-10,SPY,0.00012565119025415513
2026-07-13,SPY,0.00019069844304787735
2026-07-14,SPY,-0.00020798036803592134
2026-07-15,SPY,-0.00014172652013957204
2026-07-16,SPY,-0.0002674119313213469
2026-07-17,SPY,0.0003190462922005922
2026-07-20,SPY,-0.000417431497378203
2026-07-21,SPY,-0.00010224556211298735
2026-07-22,SPY,0.0002509883552001758
2026-07-23,SPY,0.0001000106745144229
2026-07-24,SPY,-0.000322619607190364
2026-07-27,SPY,0.00034504622280659317
2026-07-28,SPY,0.00014658459617776853
2026-07-29,SPY,9.364278529577677e-05
2026-07-30,SPY,5.2546672637149946e-05
2026-05-08,TCS.NS,0.00011065110432931462
2026-05-11,TCS.NS,-0.00026775193871780227
2026-05-12,TCS.NS,0.00015024299587231506
2026-05-13,TCS.NS,0.000743236239286515
2026-05-14,TCS.NS,-0.0005089411725965191
2026-05-15,TCS.NS,0.0014829750473919902
2026-05-18,TCS.NS,0.0009377651480549202
2026-05-19,TCS.NS,0.00047254027763868816
2026-05-20,TCS.NS,0.0012623678841896548
2026-05-21,TCS.NS,0.0023835419239621554
2026-05-22,TCS.NS,0.001191712565465621
2026-05-25,TCS.NS,0.0012602721224023064
2026-05-26,TCS.NS,0.0012510525093657027
2026-05-27,TCS.NS,0.0011858453828303564
2026-05-28,TCS.NS,0.0015504276604883052
2026-05-29,TCS.NS,0.0016236428867568654
2026-06-01,TCS.NS,0.0007962691008521829
2026-06-02,TCS.NS,0.0005657120086953117
2026-06-03,TCS.NS,0.0025959852857003495
2026-06-04,TCS.NS,0.002104767061934911
2026-06-05,TCS.NS,0.0010823139049962172
2026-06-08,TCS.NS,0.001412482163447588
2026-06-09,TCS.NS,0.00038810159420247587
2026-06-10,TCS.NS,0.0024790420714854333
2026-06-11,TCS.NS,0.002440853783989712
2026-06-12,TCS.NS,0.0006114507331020453
2026-06-15,TCS.NS,0.0012415206945620909
2026-06-16,TCS.NS,0.0009112796271623323
2026-06-17,TCS.NS,0.0006277175189914935
2026-06-18,TCS.NS,0.0006597128047279797
2026-06-19,TCS.NS,0.002008772596213058
2026-06-22,TCS.NS,0.0013134767802756224
2026-06-23,TCS.NS,0.0021137460966707882
2026-06-24,TCS.NS,0.0015265297985451289
2026-06-25,TCS.NS,0.0013912373697544903
2026-06-26,TCS.NS,0.00046679199377195566
2026-06-29,TCS.NS,0.0004176269443056459
2026-06-30,TCS.NS,0.00038034315024436285
2026-07-01,TCS.NS,0.0025095950992419635
2026-07-02,TCS.NS,0.00024086944896647782
2026-07-03,TCS.NS,0.00020391151785406202
2026-07-06,TCS.NS,0.0003932132840703569
2026-07-07,TCS.NS,9.580235817068022e-05
2026-07-08,TCS.NS,0.0002382159995778014
2026-07-09,TCS.NS,0.0005728077698631682
2026-07-10,TCS.NS,8.970081373620019e-05
2026-07-13,TCS.NS,0.0002995959593848116
2026-07-14,TCS.NS,0.00033877542605012745
2026-07-15,TCS.NS,-5.410919756879883e-05
2026-07-16,TCS.NS,0.0003604033841987322
2026-07-17,TCS.NS,0.00048255366232413763
2026-07-20,TCS.NS,0.0002618491616159226
2026-07-21,TCS.NS,0.0006857860781037698
2026-07-22,TCS.NS,0.00016748275079391336
2026-07-23,TCS.NS,0.000622390661768258
2026-07-24,TCS.NS,0.000205185343080267
2026-07-27,TCS.NS,0.00018770814322671578
2026-07-28,TCS.NS,0.0014115878294685658
2026-07-29,TCS.NS,0.0006063522792921086
2026-07-30,TCS.NS,0.00026483905100276565
2026-05-05,DX-Y.NYB,0.0001989039828790092
2026-05-06,DX-Y.NYB,0.0006738734565172276
2026-05-07,DX-Y.NYB,0.00045996212640175366
2026-05-08,DX-Y.NYB,0.0007033362029822913
2026-05-11,DX-Y.NYB,0.00023341162739206865
2026-05-12,DX-Y.NYB,0.0005770000709842015
2026-05-13,DX-Y.NYB,0.0010376366764314744
2026-05-14,DX-Y.NYB,0.0007024684015045037
2026-05-15,DX-Y.NYB,0.00033706377076111706
2026-05-18,DX-Y.NYB,0.00028449150361018567
2026-05-19,DX-Y.NYB,0.00044347421739413244
2026-05-20,DX-Y.NYB,0.0005191417821229031
2026-05-21,DX-Y.NYB,0.0003677737702330794
2026-05-22,DX-Y.NYB,0.0004330446034882391
2026-05-26,DX-Y.NYB,0.0005964119650250936
2026-05-27,DX-Y.NYB,0.0007666126549429106
2026-05-28,DX-Y.NYB,0.0004139023406428847
2026-05-29,DX-Y.NYB,0.0006602482685695801
2026-06-01,DX-Y.NYB,0.00044360329742180603
2026-06-02,DX-Y.NYB,0.0007227695684743449
2026-06-03,DX-Y.NYB,0.00016539163083971565
2026-06-04,DX-Y.NYB,0.0005507562206210236
2026-06-05,DX-Y.NYB,0.00025414861373145167
2026-06-08,DX-Y.NYB,0.0003063541340193995
2026-06-09,DX-Y.NYB,0.0003966240094498256
2026-06-10,DX-Y.NYB,0.000462347940643871
2026-06-11,DX-Y.NYB,0.0007718135451123207
2026-06-12,DX-Y.NYB,0.00047821907547783774
2026-06-15,DX-Y.NYB,5.013974637814937e-05
2026-06-16,DX-Y.NYB,0.0004994956936730862
2026-06-17,DX-Y.NYB,0.0004462676604378083
2026-06-18,DX-Y.NYB,0.0006636458285338044
2026-06-22,DX-Y.NYB,0.0005354280575267155
2026-06-23,DX-Y.NYB,0.00018552414989148403
2026-06-24,DX-Y.NYB,0.0006882488632290589
2026-06-25,DX-Y.NYB,0.0001371745277795718
2026-06-26,DX-Y.NYB,0.0003747747152501619
2026-06-29,DX-Y.NYB,0.0008997483318039147
2026-06-30,DX-Y.NYB,0.0003961135175013764
2026-07-01,DX-Y.NYB,0.0005598847721802638
2026-07-02,DX-Y.NYB,0.000647074675588177
2026-07-06,DX-Y.NYB,0.0009308704929078394
2026-07-07,DX-Y.NYB,0.0010831970090900375
2026-07-08,DX-Y.NYB,0.00039177849130528553
2026-07-09,DX-Y.NYB,0.000445968361744238
2026-07-10,DX-Y.NYB,0.0006624432263736093
2026-07-13,DX-Y.NYB,0.000607669518971415
2026-07-14,DX-Y.NYB,0.0005739440362962745
2026-07-15,DX-Y.NYB,0.0008153656553197314
2026-07-16,DX-Y.NYB,0.0005389866036826031
2026-07-17,DX-Y.NYB,0.000764296884507683
2026-07-20,DX-Y.NYB,0.0006639852224173398
2026-07-21,DX-Y.NYB,0.0008523392521376679
2026-07-22,DX-Y.NYB,0.0006375631941072787
2026-07-23,DX-Y.NYB,0.0005336783188373269
2026-07-24,DX-Y.NYB,0.0005329885629183439
2026-07-27,DX-Y.NYB,-0.0001079416861987283
2026-07-28,DX-Y.NYB,0.0010050854901292314
2026-07-29,DX-Y.NYB,0.0008479514810660055
2026-07-30,DX-Y.NYB,0.00014066698880945729
2026-05-05,QQQ,0.000183420931766945
2026-05-06,QQQ,-5.338443122379785e-06
2026-05-07,QQQ,0.00026684535578779336
2026-05-08,QQQ,-0.00025328478363763167
2026-05-11,QQQ,0.00021867221930515332
2026-05-12,QQQ,0.00012206229412300121
2026-05-13,QQQ,0.00150983523717943
2026-05-14,QQQ,0.0003247066792546283
2026-05-15,QQQ,0.00025678985162826313
2026-05-18,QQQ,0.0010193007728077513
2026-05-19,QQQ,0.0004989568463578081
2026-05-20,QQQ,0.001509186479316519
2026-05-21,QQQ,0.00044387511430451376
2026-05-22,QQQ,0.0013869363055901078
2026-05-26,QQQ,7.217112920530344e-05
2026-05-27,QQQ,0.001164008773436865
2026-05-28,QQQ,0.0009250565208621967
2026-05-29,QQQ,5.906715944618254e-05
2026-06-01,QQQ,5.882272748936218e-05
2026-06-02,QQQ,0.00017413115077267763
2026-06-03,QQQ,6.281760220672747e-05
2026-06-04,QQQ,2.6579016512195607e-05
2026-06-05,QQQ,-6.791038464391851e-05
2026-06-08,QQQ,0.0002414621402658335
2026-06-09,QQQ,0.0011096108975954724
2026-06-10,QQQ,0.0012201827739836643
2026-06-11,QQQ,7.418078294577643e-05
2026-06-12,QQQ,-0.00014867221182661772
2026-06-15,QQQ,9.654370838964191e-05
2026-06-16,QQQ,0.0006655774963962187
2026-06-17,QQQ,-2.539402553139405e-05
2026-06-18,QQQ,0.0010744540552318476
2026-06-22,QQQ,-0.00010455120431970513
2026-06-23,QQQ,0.00013419519993260212
2026-06-24,QQQ,0.0005706748347815488
2026-06-25,QQQ,0.0002195967544087684
2026-06-26,QQQ,3.14851986883265e-05
2026-06-29,QQQ,4.279846207687588e-05
2026-06-30,QQQ,-3.4365143755098856e-05
2026-07-01,QQQ,-0.00047416800701161944
2026-07-02,QQQ,-0.00014526401440482232
2026-07-06,QQQ,-0.0001851132993414259
2026-07-07,QQQ,0.00011381478997233202
2026-07-08,QQQ,0.00019367363216578836
2026-07-09,QQQ,-7.872222109468037e-05
2026-07-10,QQQ,3.541267818793595e-05
2026-07-13,QQQ,-0.00017550579355680502
2026-07-14,QQQ,0.0001534616548470805
2026-07-15,QQQ,-0.00011770351600777475
2026-07-16,QQQ,-0.0004718562850349506
2026-07-17,QQQ,0.000252574255403704
2026-07-20,QQQ,-0.0003174058807430792
2026-07-21,QQQ,-0.00026896631038563905
2026-07-22,QQQ,-0.0006998991773783879
2026-07-23,QQQ,-0.00010718410238114867
2026-07-24,QQQ,-0.00022942935675125158
2026-07-27,QQQ,0.00024170419448313755
2026-07-28,QQQ,0.0001650052054674861
2026-07-29,QQQ,-9.431925058316686e-05
2026-07-30,QQQ,0.0003802473966859189
2026-05-05,GOOGL,-2.7667777584264157e-05
2026-05-06,GOOGL,-0.000890931318283155
2026-05-07,GOOGL,5.0198661123361544e-05
2026-05-08,GOOGL,4.345236677644727e-05
2026-05-11,GOOGL,0.0002780103371298441
2026-05-12,GOOGL,0.0007752437814399997
2026-05-13,GOOGL,0.00012062877010456849
2026-05-14,GOOGL,-0.0001855513654676597
2026-05-15,GOOGL,0.0002950410740538316
2026-05-18,GOOGL,-0.0002871161581324072
2026-05-19,GOOGL,-1.3812917623020296e-05
2026-05-20,GOOGL,0.0003094552361590525
2026-05-21,GOOGL,0.000318523816545416
2026-05-22,GOOGL,0.00023824655446070208
2026-05-26,GOOGL,5.107380628869774e-05
2026-05-27,GOOGL,0.0007615239161927533
2026-05-28,GOOGL,4.465679568213948e-05
2026-05-29,GOOGL,-1.4352855388999555e-05
2026-06-01,GOOGL,3.323940608384356e-05
2026-06-02,GOOGL,0.00039935224508413724
2026-06-03,GOOGL,0.00034856230909326185
2026-06-04,GOOGL,0.00011424016816755936
2026-06-05,GOOGL,0.0002499871351684726
2026-06-08,GOOGL,9.857692761133806e-05
2026-06-09,GOOGL,8.679622474947889e-05
2026-06-10,GOOGL,-0.0006325135116820013
2026-06-11,GOOGL,8.912102756462607e-05
2026-06-12,GOOGL,0.00010224439333612951
2026-06-15,GOOGL,0.0011786580919041084
2026-06-16,GOOGL,-0.00014872906901018253
2026-06-17,GOOGL,-4.702861611937794e-05
2026-06-18,GOOGL,-6.268340794745817e-05
2026-06-22,GOOGL,-0.00011804764283804235
2026-06-23,GOOGL,0.0003247119351303602
2026-06-24,GOOGL,0.001056882693095857
2026-06-25,GOOGL,0.0014172161003986837
2026-06-26,GOOGL,0.0015694762622608229
2026-06-29,GOOGL,0.0007633396226055592
2026-06-30,GOOGL,8.806658604645203e-05
2026-07-01,GOOGL,3.536987182092211e-05
2026-07-02,GOOGL,0.0005444105069113511
2026-07-06,GOOGL,0.0006858773900890418
2026-07-07,GOOGL,0.000851308071623452
2026-07-08,GOOGL,0.0007792695032769792
2026-07-09,GOOGL,0.0008668513976677909
2026-07-10,GOOGL,0.0015318516238572554
2026-07-13,GOOGL,0.0010148030450879604
2026-07-14,GOOGL,0.001286542834010828
2026-07-15,GOOGL,0.0007642582301092293
2026-07-16,GOOGL,0.0007986667159509636
2026-07-17,GOOGL,0.0006348965607959915
2026-07-20,GOOGL,0.0013341235553476507
2026-07-21,GOOGL,0.0004327076576222228
2026-07-22,GOOGL,0.0004135212427950407
2026-07-23,GOOGL,0.0015463236853284382
2026-07-24,GOOGL,0.001092264707746848
2026-07-27,GOOGL,3.350569640506979e-05
2026-07-28,GOOGL,-3.011067029161662e-05
2026-07-29,GOOGL,0.0015401408075980552
2026-07-30,GOOGL,-0.0006113103421414579
